Handle,Title,Body (HTML),Vendor,Product Category,Type,Tags,Published,Option1 Name,Option1 Value,Option2 Name,Option2 Value,Option3 Name,Option3 Value,Variant SKU,Variant Grams,Variant Inventory Tracker,Variant Inventory Qty,Variant Inventory Policy,Variant Fulfillment Service,Variant Price,Variant Compare At Price,Variant Requires Shipping,Variant Taxable,Variant Barcode,Image Src,Image Position,Image Alt Text,Gift Card,SEO Title,SEO Description,Variant Image,Variant Weight Unit,Variant Tax Code,Cost per item,Price / International,Compare At Price / International,Status
crochet-tote-bag-25-in-multicolored-woven-raffia,CROCHET TOTE BAG 25 IN MULTICOLORED WOVEN RAFFIA,"<p>• Color: Multicolor</p>
<p>• Material: Woven Raffia</p>
<p>• Size: Bottom length 19cm, opening width 25.5cm, height 14cm, bottom width 10cm</p>
<p>• The products are 1:1 copies of the original version and they are the same from every detail.</p>
<p>• Support return and exchange in 1 month if the product is defective or the customer is not satisfied with the product.</p>",miumiu bag,,bag,"top handle, tote bag",TRUE,Title,Default Title,,,,,,0,,0,deny,manual,336.00,,TRUE,FALSE,,https://cdn.shopify.com/s/files/1/0912/9351/6071/files/Image_20250411235757_daa5de3f-893e-4e76-a6ae-0bff24e58272.jpg?v=1777025553,1,,,,,,g,,,,,active
crochet-tote-bag-25-in-multicolored-woven-raffia,,,,,,,,,,,,,,,,,,,,,,,,,https://cdn.shopify.com/s/files/1/0912/9351/6071/files/Image_20250411235803_ec4e0c53-31ce-46d7-a01d-975bcd2afe57.jpg?v=1777025553,2,,,,,,,,,,,
crochet-tote-bag-25-in-multicolored-woven-raffia,,,,,,,,,,,,,,,,,,,,,,,,,https://cdn.shopify.com/s/files/1/0912/9351/6071/files/Image_20250411235807_f79c985e-8d98-459b-b1a0-9476565a3bb1.jpg?v=1777025553,3,,,,,,,,,,,
crochet-tote-bag-25-in-multicolored-woven-raffia,,,,,,,,,,,,,,,,,,,,,,,,,https://cdn.shopify.com/s/files/1/0912/9351/6071/files/Image_20250411235811_6025ea3d-2793-450d-81cc-3ef8f4a6c895.jpg?v=1777025553,4,,,,,,,,,,,
crochet-tote-bag-25-in-multicolored-woven-raffia,,,,,,,,,,,,,,,,,,,,,,,,,https://cdn.shopify.com/s/files/1/0912/9351/6071/files/Image_20250411235815_26d7938d-bfd5-40cd-bbc0-8077ae142f84.jpg?v=1777025553,5,,,,,,,,,,,
crochet-tote-bag-25-in-multicolored-woven-raffia,,,,,,,,,,,,,,,,,,,,,,,,,https://cdn.shopify.com/s/files/1/0912/9351/6071/files/Image_20250411235818_026edc16-ce98-40ef-9687-410e5bcec35d.jpg?v=1777025553,6,,,,,,,,,,,
crochet-tote-bag-25-in-multicolored-woven-raffia,,,,,,,,,,,,,,,,,,,,,,,,,https://cdn.shopify.com/s/files/1/0912/9351/6071/files/Image_20250411235822_ee2031b8-727a-43cf-abb8-175d8cdec70a.jpg?v=1777025553,7,,,,,,,,,,,
crochet-tote-bag-25-in-multicolored-woven-raffia,,,,,,,,,,,,,,,,,,,,,,,,,https://cdn.shopify.com/s/files/1/0912/9351/6071/files/Image_20250411235825_4468e976-c20e-4af8-91ea-676e0e1b978d.jpg?v=1777025553,8,,,,,,,,,,,
crochet-tote-bag-25-in-multicolored-woven-raffia,,,,,,,,,,,,,,,,,,,,,,,,,https://cdn.shopify.com/s/files/1/0912/9351/6071/files/Image_20250411235829_adf7b978-7d7e-47d7-8c63-38099b6c9ceb.jpg?v=1777025553,9,,,,,,,,,,,
arcadie-matelasse-bag-27-in-congo-brown-calfskin-gold-hardware,ARCADIE MATELASSÉ BAG 27 IN CONGO BROWN CALFSKIN GOLD HARDWARE,"<p>• Color: Congo Brown</p>
<p>• Material: Calfskin</p>
<p>• Size: 27 x 12 x 9 cm</p>
<p>• The products are 1:1 copies of the original version and they are the same from every detail.</p>
<p>• Support return and exchange in 1 month if the product is defective or the customer is not satisfied with the product.</p>",miumiu bag,,bag,top handle,TRUE,Title,Default Title,,,,,,0,,0,deny,manual,336.00,,TRUE,FALSE,,https://cdn.shopify.com/s/files/1/0912/9351/6071/files/img_89648692_20241222_i1734863811_119_1_jpg.jpg?v=1759124702,1,,,,,,g,,,,,active
arcadie-matelasse-bag-27-in-congo-brown-calfskin-gold-hardware,,,,,,,,,,,,,,,,,,,,,,,,,https://cdn.shopify.com/s/files/1/0912/9351/6071/files/img_89648692_20241222_i1734863811_4567_0_jpg.jpg?v=1759124702,2,,,,,,,,,,,
arcadie-matelasse-bag-27-in-congo-brown-calfskin-gold-hardware,,,,,,,,,,,,,,,,,,,,,,,,,https://cdn.shopify.com/s/files/1/0912/9351/6071/files/img_89648692_20241222_i1734863811_542_3_jpg.jpg?v=1759124702,3,,,,,,,,,,,
arcadie-matelasse-bag-27-in-congo-brown-calfskin-gold-hardware,,,,,,,,,,,,,,,,,,,,,,,,,https://cdn.shopify.com/s/files/1/0912/9351/6071/files/img_89648692_20241222_i1734863811_1339_6_jpg.jpg?v=1759124702,4,,,,,,,,,,,
arcadie-matelasse-bag-27-in-congo-brown-calfskin-gold-hardware,,,,,,,,,,,,,,,,,,,,,,,,,https://cdn.shopify.com/s/files/1/0912/9351/6071/files/img_89648692_20241222_i1734863811_3747_8_jpg.jpg?v=1759124702,5,,,,,,,,,,,
arcadie-matelasse-bag-27-in-congo-brown-calfskin-gold-hardware,,,,,,,,,,,,,,,,,,,,,,,,,https://cdn.shopify.com/s/files/1/0912/9351/6071/files/img_89648692_20241222_i1734863811_5536_7_jpg.jpg?v=1759124702,6,,,,,,,,,,,
arcadie-matelasse-bag-27-in-congo-brown-calfskin-gold-hardware,,,,,,,,,,,,,,,,,,,,,,,,,https://cdn.shopify.com/s/files/1/0912/9351/6071/files/img_89648692_20241222_i1734863811_5761_2_jpg.jpg?v=1759124702,7,,,,,,,,,,,
arcadie-matelasse-bag-27-in-congo-brown-calfskin-gold-hardware,,,,,,,,,,,,,,,,,,,,,,,,,https://cdn.shopify.com/s/files/1/0912/9351/6071/files/img_89648692_20241222_i1734863811_6743_4_jpg.jpg?v=1759124702,8,,,,,,,,,,,
arcadie-matelasse-bag-27-in-congo-brown-calfskin-gold-hardware,,,,,,,,,,,,,,,,,,,,,,,,,https://cdn.shopify.com/s/files/1/0912/9351/6071/files/img_89648692_20241222_i1734863811_8759_5_jpg.jpg?v=1759124702,9,,,,,,,,,,,
miu-hobo-bag-31cm-beige-woven-fabric,miu hobo bag 31cm beige woven fabric,"<ul>
<li><span data-mce-fragment=""1"">Color: beige<br></span></li>
<li>
<span data-mce-fragment=""1""><span>Size: 44 X 31.5 X 8 cm</span></span><br>
</li>
<li>Stylized logo on the front<br>
</li>
<li>
<span data-mce-fragment=""1""><span>Material : woven fabric</span></span><span data-mce-fragment=""1""><span><br></span></span>
</li>
<li> The products are 1:1 copies of the original version and they are the same from every detail.<br>
</li>
<li>Support return and exchange in 1 month if the product is defective or the customer is not satisfied with the product.
<div id=""chat-box-input-container-id"" class=""chat-box-input-container"">
<div id=""chatInput"" class=""chat-box-input--audit-2023 chat-box-input--to-focus win32"">
<div id=""chat-input-container-id"" class=""chat-input-container--audit-2023"">
<div class=""chat-input-container--audit-2023__left-layout"">
<div id=""chat-input-scroller-id"" class=""chat-input-scrollable"">
<div class=""chat-input-wrapper"">
<div id=""chat-input-content-id"" class=""chat-input-content""></div>
</div>
</div>
</div>
</div>
</div>
</div>
</li>
</ul>
<p> </p>
<ul></ul>",miumiu bag,,bag,"hobo bag, shoulder bags, top handle",TRUE,Title,Default Title,,,,,,0,,0,deny,manual,294.00,,TRUE,FALSE,,https://cdn.shopify.com/s/files/1/0912/9351/6071/files/20240516_i1715803317_3246_0_jpg.jpg?v=1759120680,1,,,,,,g,,,,,active
miu-hobo-bag-31cm-beige-woven-fabric,,,,,,,,,,,,,,,,,,,,,,,,,https://cdn.shopify.com/s/files/1/0912/9351/6071/files/20240516_i1715803317_1110_8_jpg.jpg?v=1759120681,2,,,,,,,,,,,
miu-hobo-bag-31cm-beige-woven-fabric,,,,,,,,,,,,,,,,,,,,,,,,,https://cdn.shopify.com/s/files/1/0912/9351/6071/files/20240516_i1715803317_1256_7_jpg.jpg?v=1759120681,3,,,,,,,,,,,
miu-hobo-bag-31cm-beige-woven-fabric,,,,,,,,,,,,,,,,,,,,,,,,,https://cdn.shopify.com/s/files/1/0912/9351/6071/files/20240516_i1715803317_2703_3_jpg.jpg?v=1759120681,4,,,,,,,,,,,
miu-hobo-bag-31cm-beige-woven-fabric,,,,,,,,,,,,,,,,,,,,,,,,,https://cdn.shopify.com/s/files/1/0912/9351/6071/files/20240516_i1715803317_3332_6_jpg.jpg?v=1759120681,5,,,,,,,,,,,
miu-hobo-bag-31cm-beige-woven-fabric,,,,,,,,,,,,,,,,,,,,,,,,,https://cdn.shopify.com/s/files/1/0912/9351/6071/files/20240516_i1715803317_3885_2_jpg.jpg?v=1759120681,6,,,,,,,,,,,
miu-hobo-bag-31cm-beige-woven-fabric,,,,,,,,,,,,,,,,,,,,,,,,,https://cdn.shopify.com/s/files/1/0912/9351/6071/files/20240516_i1715803317_8130_5_jpg.jpg?v=1759120681,7,,,,,,,,,,,
miu-hobo-bag-31cm-beige-woven-fabric,,,,,,,,,,,,,,,,,,,,,,,,,https://cdn.shopify.com/s/files/1/0912/9351/6071/files/20240516_i1715803317_8765_4_jpg.jpg?v=1759120681,8,,,,,,,,,,,
miu-hobo-bag-31cm-beige-woven-fabric,,,,,,,,,,,,,,,,,,,,,,,,,https://cdn.shopify.com/s/files/1/0912/9351/6071/files/20240516_i1715803317_9655_1_jpg.jpg?v=1759120681,9,,,,,,,,,,,
crochet-tote-bag-38-in-multicolored-woven-raffia,CROCHET TOTE BAG 38 IN MULTICOLORED WOVEN RAFFIA,"<p>• Color: Multicolor</p>
<p>• Material: Woven Raffia</p>
<p>• Size: 30 x 38 cm</p>
<p>• The products are 1:1 copies of the original version and they are the same from every detail.</p>
<p>• Support return and exchange in 1 month if the product is defective or the customer is not satisfied with the product.</p>",miumiu bag,,bag,"top handle, tote bag",TRUE,Title,Default Title,,,,,,0,,0,deny,manual,315.00,,TRUE,FALSE,,https://cdn.shopify.com/s/files/1/0912/9351/6071/files/20240717_i1721181109_1972_0_jpg_5dc0df20-9142-47c5-b066-02bd82ede474.jpg?v=1783650469,1,,,,,,g,,,,,active
crochet-tote-bag-38-in-multicolored-woven-raffia,,,,,,,,,,,,,,,,,,,,,,,,,https://cdn.shopify.com/s/files/1/0912/9351/6071/files/20240717_i1721181109_18_4_jpg_a175588e-fcc6-4cfa-8656-21f7e842d3d3.jpg?v=1783650469,2,,,,,,,,,,,
crochet-tote-bag-38-in-multicolored-woven-raffia,,,,,,,,,,,,,,,,,,,,,,,,,https://cdn.shopify.com/s/files/1/0912/9351/6071/files/20240717_i1721181109_2272_5_jpg_3291f4f2-0204-49be-843c-58a32d804ca8.jpg?v=1783650469,3,,,,,,,,,,,
crochet-tote-bag-38-in-multicolored-woven-raffia,,,,,,,,,,,,,,,,,,,,,,,,,https://cdn.shopify.com/s/files/1/0912/9351/6071/files/20240717_i1721181109_2933_6_jpg_20462522-012a-46a9-b5ea-c60c85b42ff1.jpg?v=1783650469,4,,,,,,,,,,,
crochet-tote-bag-38-in-multicolored-woven-raffia,,,,,,,,,,,,,,,,,,,,,,,,,https://cdn.shopify.com/s/files/1/0912/9351/6071/files/20240717_i1721181109_3457_2_jpg_bcdca2ba-1a54-4091-8c15-94537d9b9a59.jpg?v=1783650469,5,,,,,,,,,,,
crochet-tote-bag-38-in-multicolored-woven-raffia,,,,,,,,,,,,,,,,,,,,,,,,,https://cdn.shopify.com/s/files/1/0912/9351/6071/files/20240717_i1721181109_7774_7_jpg_7a412ba8-f50e-4a76-9a0f-a78847de7d2d.jpg?v=1783650469,6,,,,,,,,,,,
crochet-tote-bag-38-in-multicolored-woven-raffia,,,,,,,,,,,,,,,,,,,,,,,,,https://cdn.shopify.com/s/files/1/0912/9351/6071/files/20240717_i1721181109_8883_3_jpg_62ace593-3b40-4464-a138-b53e135db949.jpg?v=1783650469,7,,,,,,,,,,,
crochet-tote-bag-38-in-multicolored-woven-raffia,,,,,,,,,,,,,,,,,,,,,,,,,https://cdn.shopify.com/s/files/1/0912/9351/6071/files/20240717_i1721181109_9943_8_jpg_975a2db9-cbc0-4730-acb8-80b2d19a2aff.jpg?v=1783650469,8,,,,,,,,,,,
crochet-tote-bag-38-in-multicolored-woven-raffia,,,,,,,,,,,,,,,,,,,,,,,,,https://cdn.shopify.com/s/files/1/0912/9351/6071/files/20240717_i1721181109_9999_1_jpg_22e85568-b6e9-438a-bb04-f66c4a8491d5.jpg?v=1783650469,9,,,,,,,,,,,
tote-bag-40-in-striped-pattern-of-black-red-and-cream-white-woven-raffia,TOTE BAG 40 IN STRIPED PATTERN OF BLACK RED AND CREAM WHITE WOVEN RAFFIA,"<p>• Color: Black, Red and Cream White </p>
<p>• Material: Woven raffia</p>
<p>• Size: 40 x 34 x 16 cm</p>
<p>• The products are 1:1 copies of the original version and they are the same from every detail.</p>
<p>• Support return and exchange in 1 month if the product is defective or the customer is not satisfied with the product.</p>",miumiu bag,,bag,"top handle, tote bag",TRUE,Title,Default Title,,,,,,0,,0,deny,manual,273.00,,TRUE,FALSE,,https://cdn.shopify.com/s/files/1/0912/9351/6071/files/20220726_a1658805289560_6743_jpg.jpg?v=1759124937,1,,,,,,g,,,,,active
tote-bag-40-in-striped-pattern-of-black-red-and-cream-white-woven-raffia,,,,,,,,,,,,,,,,,,,,,,,,,https://cdn.shopify.com/s/files/1/0912/9351/6071/files/20220726_a1658805289653_4250_jpg.jpg?v=1759124937,2,,,,,,,,,,,
tote-bag-40-in-striped-pattern-of-black-red-and-cream-white-woven-raffia,,,,,,,,,,,,,,,,,,,,,,,,,https://cdn.shopify.com/s/files/1/0912/9351/6071/files/20220726_a1658805289745_2401_jpg.jpg?v=1759124937,3,,,,,,,,,,,
tote-bag-40-in-striped-pattern-of-black-red-and-cream-white-woven-raffia,,,,,,,,,,,,,,,,,,,,,,,,,https://cdn.shopify.com/s/files/1/0912/9351/6071/files/20220726_a1658805289845_0660_jpg.jpg?v=1759124937,4,,,,,,,,,,,
tote-bag-40-in-striped-pattern-of-black-red-and-cream-white-woven-raffia,,,,,,,,,,,,,,,,,,,,,,,,,https://cdn.shopify.com/s/files/1/0912/9351/6071/files/20220726_a1658805289949_1104_jpg.jpg?v=1759124937,5,,,,,,,,,,,
tote-bag-40-in-striped-pattern-of-black-red-and-cream-white-woven-raffia,,,,,,,,,,,,,,,,,,,,,,,,,https://cdn.shopify.com/s/files/1/0912/9351/6071/files/20220726_a1658805290194_7446_jpg.jpg?v=1759124937,6,,,,,,,,,,,
tote-bag-40-in-striped-pattern-of-black-red-and-cream-white-woven-raffia,,,,,,,,,,,,,,,,,,,,,,,,,https://cdn.shopify.com/s/files/1/0912/9351/6071/files/20220726_a1658805290195_2847_jpg.jpg?v=1759124937,7,,,,,,,,,,,
tote-bag-40-in-striped-pattern-of-black-red-and-cream-white-woven-raffia,,,,,,,,,,,,,,,,,,,,,,,,,https://cdn.shopify.com/s/files/1/0912/9351/6071/files/20220726_a1658805290269_7226_jpg.jpg?v=1759124937,8,,,,,,,,,,,
tote-bag-40-in-striped-pattern-of-black-red-and-cream-white-woven-raffia,,,,,,,,,,,,,,,,,,,,,,,,,https://cdn.shopify.com/s/files/1/0912/9351/6071/files/20220726_a1658805290548_0542_jpg.jpg?v=1759124937,9,,,,,,,,,,,
large-handbag-40-in-cinnamon-brown-calfskin,LARGE HANDBAG 40 IN CINNAMON BROWN CALFSKIN,"<ul>
<li><span data-mce-fragment=""1"">Color: Cinnamon Brown<br><br></span></li>
<li><span data-mce-fragment=""1""><span>Size: 31 x 40 x 13 cm<br><br></span></span></li>
<li>
<span data-mce-fragment=""1""><span>Material : Calfskin<br></span></span><span data-mce-fragment=""1""><span><br></span></span><span data-mce-fragment=""1""><span></span></span>
</li>
<li> The products are 1:1 copies of the original version and they are the same from every detail.<br><br>
</li>
<li>Support return and exchange in 1 month if the product is defective or the customer is not satisfied with the product.
<div id=""chat-box-input-container-id"" class=""chat-box-input-container"">
<div id=""chatInput"" class=""chat-box-input--audit-2023 chat-box-input--to-focus win32"">
<div id=""chat-input-container-id"" class=""chat-input-container--audit-2023"">
<div class=""chat-input-container--audit-2023__left-layout"">
<div id=""chat-input-scroller-id"" class=""chat-input-scrollable"">
<div class=""chat-input-wrapper"">
<div id=""chat-input-content-id"" class=""chat-input-content""></div>
</div>
</div>
</div>
</div>
</div>
</div>
</li>
</ul>
<p> </p>
<ul></ul>",miumiu bag,,bag,"shoulder bags, top handle",TRUE,Title,Default Title,,,,,,0,,0,deny,manual,367.50,,TRUE,FALSE,,https://cdn.shopify.com/s/files/1/0912/9351/6071/files/20240613_i1718262969_3291_1_jpg.jpg?v=1759119310,1,,,,,,g,,,,,active
large-handbag-40-in-cinnamon-brown-calfskin,,,,,,,,,,,,,,,,,,,,,,,,,https://cdn.shopify.com/s/files/1/0912/9351/6071/files/20240613_i1718262969_7010_0_jpg.jpg?v=1759119310,2,,,,,,,,,,,
large-handbag-40-in-cinnamon-brown-calfskin,,,,,,,,,,,,,,,,,,,,,,,,,https://cdn.shopify.com/s/files/1/0912/9351/6071/files/20240613_i1718274279_4168_0_jpg.jpg?v=1759119310,3,,,,,,,,,,,
large-handbag-40-in-cinnamon-brown-calfskin,,,,,,,,,,,,,,,,,,,,,,,,,https://cdn.shopify.com/s/files/1/0912/9351/6071/files/20240613_i1718262969_509_3_jpg.jpg?v=1759119310,4,,,,,,,,,,,
large-handbag-40-in-cinnamon-brown-calfskin,,,,,,,,,,,,,,,,,,,,,,,,,https://cdn.shopify.com/s/files/1/0912/9351/6071/files/20240613_i1718262969_5772_7_jpg.jpg?v=1759119310,5,,,,,,,,,,,
large-handbag-40-in-cinnamon-brown-calfskin,,,,,,,,,,,,,,,,,,,,,,,,,https://cdn.shopify.com/s/files/1/0912/9351/6071/files/20240613_i1718262969_6255_5_jpg.jpg?v=1759119310,6,,,,,,,,,,,
large-handbag-40-in-cinnamon-brown-calfskin,,,,,,,,,,,,,,,,,,,,,,,,,https://cdn.shopify.com/s/files/1/0912/9351/6071/files/20240613_i1718262969_6961_8_jpg.jpg?v=1759119310,7,,,,,,,,,,,
large-handbag-40-in-cinnamon-brown-calfskin,,,,,,,,,,,,,,,,,,,,,,,,,https://cdn.shopify.com/s/files/1/0912/9351/6071/files/20240613_i1718262969_8397_6_jpg.jpg?v=1759119310,8,,,,,,,,,,,
large-handbag-40-in-cinnamon-brown-calfskin,,,,,,,,,,,,,,,,,,,,,,,,,https://cdn.shopify.com/s/files/1/0912/9351/6071/files/20240613_i1718262969_9929_4_jpg.jpg?v=1759119310,9,,,,,,,,,,,
miuwander-hobo-23-white-matelasse-leather,miuwander hobo 23 white matelasse leather,"<p style=""text-align: left;""><strong>DESCRIPTION</strong></p>
<p style=""text-align: left;""><span data-mce-fragment=""1"">• Color : White, Gold Hardware</span></p>
<p style=""text-align: left;""><span data-mce-fragment=""1"">• Material : Lambskin</span></p>
<p style=""text-align: left;""><bdo dir=""ltr""><bdo data-mce-fragment=""1"" dir=""ltr""><span data-mce-fragment=""1"">• </span>(Length x Height x Width) : 23</bdo></bdo><bdo dir=""ltr""> x 13 x 7 cm</bdo></p>
<p>• The products are 1:1 copies of the original version and they are the same from every detail.</p>
<p>• Support return and exchange in 1 month if the product is defective or the customer is not satisfied with the product.</p>",miumiu bag,,bag,"hobo bag, top handle",TRUE,Title,Default Title,,,,,,0,,0,deny,manual,346.50,,FALSE,FALSE,,https://cdn.shopify.com/s/files/1/0912/9351/6071/files/20230712_a1689142305575_3204_jpg_b66c308d-05fb-44ad-b0cd-fb9de04500da.jpg?v=1778124875,1,,,,,,g,,,,,active
miuwander-hobo-23-white-matelasse-leather,,,,,,,,,,,,,,,,,,,,,,,,,https://cdn.shopify.com/s/files/1/0912/9351/6071/files/20230712_a1689142306091_4261_jpg_ff2c5c40-7d61-4b17-88d3-ff4987364421.jpg?v=1778124875,2,,,,,,,,,,,
miuwander-hobo-23-white-matelasse-leather,,,,,,,,,,,,,,,,,,,,,,,,,https://cdn.shopify.com/s/files/1/0912/9351/6071/files/20230712_a1689142305673_5665_jpg_846b03d2-472f-4b79-a58c-29b2d7211f87.jpg?v=1778124875,3,,,,,,,,,,,
miuwander-hobo-23-white-matelasse-leather,,,,,,,,,,,,,,,,,,,,,,,,,https://cdn.shopify.com/s/files/1/0912/9351/6071/files/20230712_a1689142305840_3631_jpg_bb15ed9e-1939-40dd-9b3e-75d83a73df7e.jpg?v=1778124875,4,,,,,,,,,,,
miuwander-hobo-23-white-matelasse-leather,,,,,,,,,,,,,,,,,,,,,,,,,https://cdn.shopify.com/s/files/1/0912/9351/6071/files/20230712_a1689142305951_7152_jpg_9864515e-ae1e-4053-b562-758b00b09036.jpg?v=1778124875,5,,,,,,,,,,,
miuwander-hobo-23-white-matelasse-leather,,,,,,,,,,,,,,,,,,,,,,,,,https://cdn.shopify.com/s/files/1/0912/9351/6071/files/20230712_a1689142306365_4217_jpg_f263884d-3fde-49d2-9a0a-c8acdf4b267e.jpg?v=1778124875,6,,,,,,,,,,,
miuwander-hobo-23-white-matelasse-leather,,,,,,,,,,,,,,,,,,,,,,,,,https://cdn.shopify.com/s/files/1/0912/9351/6071/files/20230712_a1689142306505_1255_jpg_1ff29a0c-6752-4d14-8976-8ce7c5447455.jpg?v=1778124875,7,,,,,,,,,,,
miuwander-hobo-23-white-matelasse-leather,,,,,,,,,,,,,,,,,,,,,,,,,https://cdn.shopify.com/s/files/1/0912/9351/6071/files/20230712_a1689142306621_0525_jpg_a2424c89-9dfd-4646-b1a4-2d5e559075ac.jpg?v=1778124875,8,,,,,,,,,,,
miuwander-hobo-23-white-matelasse-leather,,,,,,,,,,,,,,,,,,,,,,,,,https://cdn.shopify.com/s/files/1/0912/9351/6071/files/20230712_a1689142306772_7527_jpg_8eeb0456-c51b-4752-9ada-d26bc46ef0f6.jpg?v=1778124875,9,,,,,,,,,,,
miu-beach-tote-bag-black-canvas,Miu' beach tote bag black canvas,"<p> Color: black </p>
<p>Material: canvas</p>
<p>Size: <span>35cm</span></p>
<p>The products are 1:1 copies of the original version and they are the same from every detail.</p>
<p>Support return and exchange in 1 month if the product is defective or the customer is not satisfied with the product.</p>",miumiu bag,,bag,"new arrival, top handle, tote bag",TRUE,Title,Default Title,,,,,,0,,0,deny,manual,330.75,,TRUE,FALSE,,https://cdn.shopify.com/s/files/1/0912/9351/6071/files/img_481f26ee_20240906_i1725592865_491_5_jpg.jpg?v=1755686306,1,,,,,,g,,,,,active
miu-beach-tote-bag-black-canvas,,,,,,,,,,,,,,,,,,,,,,,,,https://cdn.shopify.com/s/files/1/0912/9351/6071/files/img_481f26ee_20240906_i1725592865_4589_8_jpg.jpg?v=1755686306,2,,,,,,,,,,,
miu-beach-tote-bag-black-canvas,,,,,,,,,,,,,,,,,,,,,,,,,https://cdn.shopify.com/s/files/1/0912/9351/6071/files/img_481f26ee_20240906_i1725592865_38_3_jpg.jpg?v=1755686306,3,,,,,,,,,,,
miu-beach-tote-bag-black-canvas,,,,,,,,,,,,,,,,,,,,,,,,,https://cdn.shopify.com/s/files/1/0912/9351/6071/files/img_481f26ee_20240906_i1725592865_822_1_jpg.jpg?v=1755686306,4,,,,,,,,,,,
miu-beach-tote-bag-black-canvas,,,,,,,,,,,,,,,,,,,,,,,,,https://cdn.shopify.com/s/files/1/0912/9351/6071/files/img_481f26ee_20240906_i1725592865_2137_6_jpg.jpg?v=1755686306,5,,,,,,,,,,,
miu-beach-tote-bag-black-canvas,,,,,,,,,,,,,,,,,,,,,,,,,https://cdn.shopify.com/s/files/1/0912/9351/6071/files/img_481f26ee_20240906_i1725592865_3411_0_jpg.jpg?v=1755686306,6,,,,,,,,,,,
miu-beach-tote-bag-black-canvas,,,,,,,,,,,,,,,,,,,,,,,,,https://cdn.shopify.com/s/files/1/0912/9351/6071/files/img_481f26ee_20240906_i1725592865_6848_4_jpg.jpg?v=1755686306,7,,,,,,,,,,,
miu-beach-tote-bag-black-canvas,,,,,,,,,,,,,,,,,,,,,,,,,https://cdn.shopify.com/s/files/1/0912/9351/6071/files/img_481f26ee_20240906_i1725592865_7503_2_jpg.jpg?v=1755686306,8,,,,,,,,,,,
miu-beach-tote-bag-black-canvas,,,,,,,,,,,,,,,,,,,,,,,,,https://cdn.shopify.com/s/files/1/0912/9351/6071/files/img_481f26ee_20240906_i1725592865_7785_7_jpg.jpg?v=1755686306,9,,,,,,,,,,,
miu-bucket-bag-20cm-white-woven-fabric,miu bucket bag 20cm white woven fabric,"<ul>
<li><span data-mce-fragment=""1"">Color: white <br></span></li>
<li>
<span data-mce-fragment=""1""><span>Size: 20 x 23 cm</span></span><br>
</li>
<li>Stylized logo on the front<br>
</li>
<li>
<span data-mce-fragment=""1""><span>Material : woven fabric</span></span><span data-mce-fragment=""1""><span><br></span></span>
</li>
<li> The products are 1:1 copies of the original version and they are the same from every detail.<br>
</li>
<li>Support return and exchange in 1 month if the product is defective or the customer is not satisfied with the product.
<div class=""chat-box-input-container"" id=""chat-box-input-container-id"">
<div class=""chat-box-input--audit-2023 chat-box-input--to-focus win32"" id=""chatInput"">
<div class=""chat-input-container--audit-2023"" id=""chat-input-container-id"">
<div class=""chat-input-container--audit-2023__left-layout"">
<div class=""chat-input-scrollable"" id=""chat-input-scroller-id"">
<div class=""chat-input-wrapper"">
<div class=""chat-input-content"" id=""chat-input-content-id""></div>
</div>
</div>
</div>
</div>
</div>
</div>
</li>
</ul>
<p> </p>
<ul></ul>",miumiu bag,,bag,"bucket, shoulder bags, top handle",TRUE,Title,Default Title,,,,,,0,,0,deny,manual,273.00,,TRUE,FALSE,,https://cdn.shopify.com/s/files/1/0912/9351/6071/files/20240509_i1715241920_6526_0_jpg.jpg?v=1759120648,1,,,,,,g,,,,,active
miu-bucket-bag-20cm-white-woven-fabric,,,,,,,,,,,,,,,,,,,,,,,,,https://cdn.shopify.com/s/files/1/0912/9351/6071/files/20240509_i1715241920_4203_2_jpg.jpg?v=1759120648,2,,,,,,,,,,,
miu-bucket-bag-20cm-white-woven-fabric,,,,,,,,,,,,,,,,,,,,,,,,,https://cdn.shopify.com/s/files/1/0912/9351/6071/files/20240509_i1715241920_5836_4_jpg.jpg?v=1759120648,3,,,,,,,,,,,
miu-bucket-bag-20cm-white-woven-fabric,,,,,,,,,,,,,,,,,,,,,,,,,https://cdn.shopify.com/s/files/1/0912/9351/6071/files/20240509_i1715241920_6572_5_jpg.jpg?v=1759120648,4,,,,,,,,,,,
miu-bucket-bag-20cm-white-woven-fabric,,,,,,,,,,,,,,,,,,,,,,,,,https://cdn.shopify.com/s/files/1/0912/9351/6071/files/20240509_i1715241920_9123_1_jpg.jpg?v=1759120648,5,,,,,,,,,,,
miu-bucket-bag-20cm-white-woven-fabric,,,,,,,,,,,,,,,,,,,,,,,,,https://cdn.shopify.com/s/files/1/0912/9351/6071/files/20240509_i1715241920_9184_6_jpg.jpg?v=1759120648,6,,,,,,,,,,,
miu-bucket-bag-20cm-white-woven-fabric,,,,,,,,,,,,,,,,,,,,,,,,,https://cdn.shopify.com/s/files/1/0912/9351/6071/files/20240509_i1715241920_6772_3_jpg.jpg?v=1759120648,7,,,,,,,,,,,
miu-bucket-bag-20cm-white-woven-fabric,,,,,,,,,,,,,,,,,,,,,,,,,https://cdn.shopify.com/s/files/1/0912/9351/6071/files/20240509_i1715241920_7417_8_jpg.jpg?v=1759120648,8,,,,,,,,,,,
miu-bucket-bag-20cm-white-woven-fabric,,,,,,,,,,,,,,,,,,,,,,,,,https://cdn.shopify.com/s/files/1/0912/9351/6071/files/20240509_i1715241920_7723_7_jpg.jpg?v=1759120648,9,,,,,,,,,,,
arcadie-bag-27-in-cedar-brown-suede-gold-hardware-1,ARCADIE BAG 27 IN CEDAR BROWN SUEDE GOLD HARDWARE,"<p>• Color: Cedar brown</p>
<p>• Material: Suede</p>
<p>• Size: 27 x 12 x 9 cm</p>
<p>• The products are 1:1 copies of the original version and they are the same from every detail.</p>
<p>• Support return and exchange in 1 month if the product is defective or the customer is not satisfied with the product.</p>",miumiu bag,,bag,top handle,TRUE,Title,Default Title,,,,,,0,,0,deny,manual,304.50,,TRUE,FALSE,,https://cdn.shopify.com/s/files/1/0912/9351/6071/files/img_89648692_20241218_i1734508385_9887_4_jpg_2de13729-c014-4c9d-8dff-a1cc74bc8f8c.jpg?v=1759124585,1,,,,,,g,,,,,active
arcadie-bag-27-in-cedar-brown-suede-gold-hardware-1,,,,,,,,,,,,,,,,,,,,,,,,,https://cdn.shopify.com/s/files/1/0912/9351/6071/files/img_89648692_20241218_i1734508385_151_6_jpg_11b469f7-08af-4a3f-aa62-2a2adcd13a51.jpg?v=1759124585,2,,,,,,,,,,,
arcadie-bag-27-in-cedar-brown-suede-gold-hardware-1,,,,,,,,,,,,,,,,,,,,,,,,,https://cdn.shopify.com/s/files/1/0912/9351/6071/files/img_89648692_20241218_i1734508385_1085_2_jpg_78439dc3-47e3-4209-9eea-b7d5c73e9cdd.jpg?v=1759124585,3,,,,,,,,,,,
arcadie-bag-27-in-cedar-brown-suede-gold-hardware-1,,,,,,,,,,,,,,,,,,,,,,,,,https://cdn.shopify.com/s/files/1/0912/9351/6071/files/img_89648692_20241218_i1734508385_2531_1_jpg_c90ffc3f-f3b5-4504-9f2a-76db256b4b1d.jpg?v=1759124585,4,,,,,,,,,,,
arcadie-bag-27-in-cedar-brown-suede-gold-hardware-1,,,,,,,,,,,,,,,,,,,,,,,,,https://cdn.shopify.com/s/files/1/0912/9351/6071/files/img_89648692_20241218_i1734508385_3140_3_jpg_818eb471-e41e-4659-962b-e37dc8f0f86b.jpg?v=1759124585,5,,,,,,,,,,,
arcadie-bag-27-in-cedar-brown-suede-gold-hardware-1,,,,,,,,,,,,,,,,,,,,,,,,,https://cdn.shopify.com/s/files/1/0912/9351/6071/files/img_89648692_20241218_i1734508385_5317_7_jpg_dc12631b-981b-4509-b127-e70fc3bd4206.jpg?v=1759124585,6,,,,,,,,,,,
arcadie-bag-27-in-cedar-brown-suede-gold-hardware-1,,,,,,,,,,,,,,,,,,,,,,,,,https://cdn.shopify.com/s/files/1/0912/9351/6071/files/img_89648692_20241218_i1734508385_8138_8_jpg_d4b3620a-7799-45fe-9a38-cd98f0f85203.jpg?v=1759124585,7,,,,,,,,,,,
arcadie-bag-27-in-cedar-brown-suede-gold-hardware-1,,,,,,,,,,,,,,,,,,,,,,,,,https://cdn.shopify.com/s/files/1/0912/9351/6071/files/img_89648692_20241218_i1734508385_8936_5_jpg_a19d183a-f84d-492e-8740-e55b0d01ea63.jpg?v=1759124585,8,,,,,,,,,,,
arcadie-bag-27-in-cedar-brown-suede-gold-hardware-1,,,,,,,,,,,,,,,,,,,,,,,,,https://cdn.shopify.com/s/files/1/0912/9351/6071/files/img_89648692_20241218_i1734508399_9187_0_jpg_313e7335-9d80-471c-956d-85fd2e7f7a5e.jpg?v=1759124585,9,,,,,,,,,,,
tote-bag-40-in-striped-pattern-of-light-blue-orange-and-cream-white-woven-raffia,TOTE BAG 40 IN STRIPED PATTERN OF LIGHT BLUE ORANGE AND CREAM WHITE WOVEN RAFFIA,"<p>• Color: Light Blue, Orange and Cream White </p>
<p>• Material: Woven raffia</p>
<p>• Size: 40 x 34 x 16 cm</p>
<p>• The products are 1:1 copies of the original version and they are the same from every detail.</p>
<p>• Support return and exchange in 1 month if the product is defective or the customer is not satisfied with the product.</p>",miumiu bag,,bag,"top handle, tote bag",TRUE,Title,Default Title,,,,,,0,,0,deny,manual,273.00,,TRUE,FALSE,,https://cdn.shopify.com/s/files/1/0912/9351/6071/files/20240610_i1718002998_1911_0_jpg.jpg?v=1759124905,1,,,,,,g,,,,,active
tote-bag-40-in-striped-pattern-of-light-blue-orange-and-cream-white-woven-raffia,,,,,,,,,,,,,,,,,,,,,,,,,https://cdn.shopify.com/s/files/1/0912/9351/6071/files/20240610_i1718002998_7842_8_jpg.jpg?v=1759124905,2,,,,,,,,,,,
tote-bag-40-in-striped-pattern-of-light-blue-orange-and-cream-white-woven-raffia,,,,,,,,,,,,,,,,,,,,,,,,,https://cdn.shopify.com/s/files/1/0912/9351/6071/files/20240610_i1718002998_2863_4_jpg.jpg?v=1759124905,3,,,,,,,,,,,
tote-bag-40-in-striped-pattern-of-light-blue-orange-and-cream-white-woven-raffia,,,,,,,,,,,,,,,,,,,,,,,,,https://cdn.shopify.com/s/files/1/0912/9351/6071/files/20240610_i1718002998_6915_6_jpg.jpg?v=1759124905,4,,,,,,,,,,,
tote-bag-40-in-striped-pattern-of-light-blue-orange-and-cream-white-woven-raffia,,,,,,,,,,,,,,,,,,,,,,,,,https://cdn.shopify.com/s/files/1/0912/9351/6071/files/20240610_i1718002998_7776_2_jpg.jpg?v=1759124905,5,,,,,,,,,,,
tote-bag-40-in-striped-pattern-of-light-blue-orange-and-cream-white-woven-raffia,,,,,,,,,,,,,,,,,,,,,,,,,https://cdn.shopify.com/s/files/1/0912/9351/6071/files/20240610_i1718002998_8090_5_jpg.jpg?v=1759124905,6,,,,,,,,,,,
tote-bag-40-in-striped-pattern-of-light-blue-orange-and-cream-white-woven-raffia,,,,,,,,,,,,,,,,,,,,,,,,,https://cdn.shopify.com/s/files/1/0912/9351/6071/files/20240610_i1718002998_9433_1_jpg.jpg?v=1759124905,7,,,,,,,,,,,
tote-bag-40-in-striped-pattern-of-light-blue-orange-and-cream-white-woven-raffia,,,,,,,,,,,,,,,,,,,,,,,,,https://cdn.shopify.com/s/files/1/0912/9351/6071/files/20240610_i1718002998_9753_3_jpg.jpg?v=1759124905,8,,,,,,,,,,,
arcadie-27-bag-in-cinnamon-brown-calfskin,ARCADIE 27 BAG IN CINNAMON BROWN CALFSKIN,"<ul>
<li><span data-mce-fragment=""1"">Color: Cinnamon Brown<br><br></span></li>
<li>
<span data-mce-fragment=""1""><span>Size: 12 x 27 x 9cm</span></span>
<div class=""index-module_foldText_TFDUn"">
<div class=""index-module_text_HePJ3"">
<div class=""index-module_ellipsisText_pYRbE""><br></div>
</div>
</div>
</li>
<li>
<span data-mce-fragment=""1""><span>Material : Calfskin<br></span></span><span data-mce-fragment=""1""><span><br></span></span><span data-mce-fragment=""1""><span></span></span>
</li>
<li> The products are 1:1 copies of the original version and they are the same from every detail.<br><br>
</li>
<li>Support return and exchange in 1 month if the product is defective or the customer is not satisfied with the product.
<div class=""chat-box-input-container"" id=""chat-box-input-container-id"">
<div class=""chat-box-input--audit-2023 chat-box-input--to-focus win32"" id=""chatInput"">
<div class=""chat-input-container--audit-2023"" id=""chat-input-container-id"">
<div class=""chat-input-container--audit-2023__left-layout"">
<div class=""chat-input-scrollable"" id=""chat-input-scroller-id"">
<div class=""chat-input-wrapper"">
<div class=""chat-input-content"" id=""chat-input-content-id""></div>
</div>
</div>
</div>
</div>
</div>
</div>
</li>
</ul>
<p> </p>
<ul></ul>",miumiu bag,,bag,"top handle, tote bag",TRUE,Title,Default Title,,,,,,0,,0,deny,manual,336.00,,TRUE,FALSE,,https://cdn.shopify.com/s/files/1/0912/9351/6071/files/20230517_i1684303197_2737_0_jpg.jpg?v=1759120170,1,,,,,,g,,,,,active
arcadie-27-bag-in-cinnamon-brown-calfskin,,,,,,,,,,,,,,,,,,,,,,,,,https://cdn.shopify.com/s/files/1/0912/9351/6071/files/20230517_i1684303197_7523_1_jpg.jpg?v=1759120170,2,,,,,,,,,,,
arcadie-27-bag-in-cinnamon-brown-calfskin,,,,,,,,,,,,,,,,,,,,,,,,,https://cdn.shopify.com/s/files/1/0912/9351/6071/files/20230517_i1684303197_2783_8_jpg.jpg?v=1759120170,3,,,,,,,,,,,
arcadie-27-bag-in-cinnamon-brown-calfskin,,,,,,,,,,,,,,,,,,,,,,,,,https://cdn.shopify.com/s/files/1/0912/9351/6071/files/20230517_i1684303197_8277_7_jpg.jpg?v=1759120170,4,,,,,,,,,,,
arcadie-27-bag-in-cinnamon-brown-calfskin,,,,,,,,,,,,,,,,,,,,,,,,,https://cdn.shopify.com/s/files/1/0912/9351/6071/files/20230517_i1684303197_9904_5_jpg.jpg?v=1759120170,5,,,,,,,,,,,
arcadie-27-bag-in-cinnamon-brown-calfskin,,,,,,,,,,,,,,,,,,,,,,,,,https://cdn.shopify.com/s/files/1/0912/9351/6071/files/20230517_i1684303197_3394_2_jpg.jpg?v=1759120171,6,,,,,,,,,,,
arcadie-27-bag-in-cinnamon-brown-calfskin,,,,,,,,,,,,,,,,,,,,,,,,,https://cdn.shopify.com/s/files/1/0912/9351/6071/files/20230517_i1684303197_925_3_jpg.jpg?v=1759120171,7,,,,,,,,,,,
arcadie-27-bag-in-cinnamon-brown-calfskin,,,,,,,,,,,,,,,,,,,,,,,,,https://cdn.shopify.com/s/files/1/0912/9351/6071/files/20230517_i1684303197_4413_6_jpg.jpg?v=1759120171,8,,,,,,,,,,,
arcadie-23-bag-in-naples-yellow-lambskin,ARCADIE 23 BAG IN NAPLES YELLOW LAMBSKIN,"<ul>
<li><span data-mce-fragment=""1"">Color: Naples Yellow<br><br></span></li>
<li>
<span data-mce-fragment=""1""><span>Size: 23 x 12 x 8 cm</span></span>
<div class=""index-module_foldText_TFDUn"">
<div class=""index-module_text_HePJ3"">
<div class=""index-module_ellipsisText_pYRbE""><br></div>
</div>
</div>
</li>
<li>
<span data-mce-fragment=""1""><span>Material : Lambskin<br></span></span><span data-mce-fragment=""1""><span><br></span></span><span data-mce-fragment=""1""><span></span></span>
</li>
<li> The products are 1:1 copies of the original version and they are the same from every detail.<br><br>
</li>
<li>Support return and exchange in 1 month if the product is defective or the customer is not satisfied with the product.
<div class=""chat-box-input-container"" id=""chat-box-input-container-id"">
<div class=""chat-box-input--audit-2023 chat-box-input--to-focus win32"" id=""chatInput"">
<div class=""chat-input-container--audit-2023"" id=""chat-input-container-id"">
<div class=""chat-input-container--audit-2023__left-layout"">
<div class=""chat-input-scrollable"" id=""chat-input-scroller-id"">
<div class=""chat-input-wrapper"">
<div class=""chat-input-content"" id=""chat-input-content-id""></div>
</div>
</div>
</div>
</div>
</div>
</div>
</li>
</ul>
<p> </p>
<ul></ul>",miumiu bag,,bag,"top handle, tote bag",TRUE,Title,Default Title,,,,,,0,,0,deny,manual,336.00,,TRUE,FALSE,,https://cdn.shopify.com/s/files/1/0912/9351/6071/files/20230626_i1687754039_1998_0_jpg.jpg?v=1759120097,1,,,,,,g,,,,,active
arcadie-23-bag-in-naples-yellow-lambskin,,,,,,,,,,,,,,,,,,,,,,,,,https://cdn.shopify.com/s/files/1/0912/9351/6071/files/20230626_i1687754039_1599_1_jpg.jpg?v=1759120097,2,,,,,,,,,,,
arcadie-23-bag-in-naples-yellow-lambskin,,,,,,,,,,,,,,,,,,,,,,,,,https://cdn.shopify.com/s/files/1/0912/9351/6071/files/20230626_i1687754039_62_2_jpg.jpg?v=1759120097,3,,,,,,,,,,,
arcadie-23-bag-in-naples-yellow-lambskin,,,,,,,,,,,,,,,,,,,,,,,,,https://cdn.shopify.com/s/files/1/0912/9351/6071/files/20230626_i1687754039_4893_5_jpg.jpg?v=1759120097,4,,,,,,,,,,,
arcadie-23-bag-in-naples-yellow-lambskin,,,,,,,,,,,,,,,,,,,,,,,,,https://cdn.shopify.com/s/files/1/0912/9351/6071/files/20230626_i1687754075_8310_0_jpg.jpg?v=1759120097,5,,,,,,,,,,,
arcadie-23-bag-in-naples-yellow-lambskin,,,,,,,,,,,,,,,,,,,,,,,,,https://cdn.shopify.com/s/files/1/0912/9351/6071/files/20230626_i1687754039_171_8_jpg.jpg?v=1759120097,6,,,,,,,,,,,
arcadie-23-bag-in-naples-yellow-lambskin,,,,,,,,,,,,,,,,,,,,,,,,,https://cdn.shopify.com/s/files/1/0912/9351/6071/files/20230626_i1687754039_3637_7_jpg.jpg?v=1759120097,7,,,,,,,,,,,
arcadie-23-bag-in-naples-yellow-lambskin,,,,,,,,,,,,,,,,,,,,,,,,,https://cdn.shopify.com/s/files/1/0912/9351/6071/files/20230626_i1687754039_425_6_jpg.jpg?v=1759120097,8,,,,,,,,,,,
arcadie-23-bag-in-naples-yellow-lambskin,,,,,,,,,,,,,,,,,,,,,,,,,https://cdn.shopify.com/s/files/1/0912/9351/6071/files/20230626_i1687754039_4982_3_jpg.jpg?v=1759120097,9,,,,,,,,,,,
top-handle-35-bag-in-beige-canvas,TOP - HANDLE 35 BAG IN  BEIGE CANVAS,"<ul>
<li><span data-mce-fragment=""1"">Color: Beige<br><br></span></li>
<li>
<span data-mce-fragment=""1""><span>Size: 35 x 22 </span></span><span data-mce-fragment=""1""><span>cm</span></span>
<div class=""index-module_foldText_TFDUn"">
<div class=""index-module_text_HePJ3"">
<div class=""index-module_ellipsisText_pYRbE""><br></div>
</div>
</div>
</li>
<li>
<span data-mce-fragment=""1""><span>Material : Canvas<br></span></span><span data-mce-fragment=""1""><span><br></span></span><span data-mce-fragment=""1""><span></span></span>
</li>
<li> The products are 1:1 copies of the original version and they are the same from every detail.<br><br>
</li>
<li>Support return and exchange in 1 month if the product is defective or the customer is not satisfied with the product.
<div class=""chat-box-input-container"" id=""chat-box-input-container-id"">
<div class=""chat-box-input--audit-2023 chat-box-input--to-focus win32"" id=""chatInput"">
<div class=""chat-input-container--audit-2023"" id=""chat-input-container-id"">
<div class=""chat-input-container--audit-2023__left-layout"">
<div class=""chat-input-scrollable"" id=""chat-input-scroller-id"">
<div class=""chat-input-wrapper"">
<div class=""chat-input-content"" id=""chat-input-content-id""></div>
</div>
</div>
</div>
</div>
</div>
</div>
</li>
</ul>
<p> </p>
<ul></ul>",miumiu bag,,bag,"shoulder bags, top handle, tote bag",TRUE,Title,Default Title,,,,,,0,,0,deny,manual,315.00,,TRUE,FALSE,,https://cdn.shopify.com/s/files/1/0912/9351/6071/files/img_87a49aa8_20240618_i1718675721_5014_8_jpg.jpg?v=1759119941,1,,,,,,g,,,,,active
top-handle-35-bag-in-beige-canvas,,,,,,,,,,,,,,,,,,,,,,,,,https://cdn.shopify.com/s/files/1/0912/9351/6071/files/img_87a49aa8_20240618_i1718675721_732_5_jpg.jpg?v=1759119941,2,,,,,,,,,,,
top-handle-35-bag-in-beige-canvas,,,,,,,,,,,,,,,,,,,,,,,,,https://cdn.shopify.com/s/files/1/0912/9351/6071/files/img_87a49aa8_20240618_i1718675721_2578_3_jpg.jpg?v=1759119941,3,,,,,,,,,,,
top-handle-35-bag-in-beige-canvas,,,,,,,,,,,,,,,,,,,,,,,,,https://cdn.shopify.com/s/files/1/0912/9351/6071/files/img_87a49aa8_20240618_i1718675721_3604_2_jpg.jpg?v=1759119941,4,,,,,,,,,,,
top-handle-35-bag-in-beige-canvas,,,,,,,,,,,,,,,,,,,,,,,,,https://cdn.shopify.com/s/files/1/0912/9351/6071/files/img_87a49aa8_20240618_i1718675721_5727_6_jpg.jpg?v=1759119941,5,,,,,,,,,,,
top-handle-35-bag-in-beige-canvas,,,,,,,,,,,,,,,,,,,,,,,,,https://cdn.shopify.com/s/files/1/0912/9351/6071/files/img_87a49aa8_20240618_i1718675721_5972_7_jpg.jpg?v=1759119941,6,,,,,,,,,,,
top-handle-35-bag-in-beige-canvas,,,,,,,,,,,,,,,,,,,,,,,,,https://cdn.shopify.com/s/files/1/0912/9351/6071/files/img_87a49aa8_20240618_i1718675721_8466_4_jpg.jpg?v=1759119941,7,,,,,,,,,,,
top-handle-35-bag-in-beige-canvas,,,,,,,,,,,,,,,,,,,,,,,,,https://cdn.shopify.com/s/files/1/0912/9351/6071/files/img_87a49aa8_20240618_i1718675721_6899_1_jpg.jpg?v=1759119941,8,,,,,,,,,,,
top-handle-35-bag-in-beige-canvas,,,,,,,,,,,,,,,,,,,,,,,,,https://cdn.shopify.com/s/files/1/0912/9351/6071/files/img_87a49aa8_20240618_i1718675721_7617_0_jpg.jpg?v=1759119941,9,,,,,,,,,,,
miu-wander-hobo-medium-23cm-brown-metalasse-lambskin,miu wander hobo medium 23cm brown metalasse lambskin,"<p style=""text-align: left;""><strong>DESCRIPTION</strong></p>
<p style=""text-align: left;""><span data-mce-fragment=""1"">• Color : Brown, Gold Hardware</span></p>
<p style=""text-align: left;""><span data-mce-fragment=""1"">• Material : Lambskin</span></p>
<p style=""text-align: left;""><bdo dir=""ltr""><bdo data-mce-fragment=""1"" dir=""ltr""><span data-mce-fragment=""1"">• </span>(Length x Height x Width) : 23</bdo></bdo><bdo dir=""ltr""> x 13 x 7 cm</bdo></p>
<p>• The products are 1:1 copies of the original version and they are the same from every detail.</p>
<p>• Support return and exchange in 1 month if the product is defective or the customer is not satisfied with the product.</p>",miumiu bag,,bag,"hobo bag, top handle",TRUE,Title,Default Title,,,,,,0,,0,deny,manual,346.50,,FALSE,FALSE,,https://cdn.shopify.com/s/files/1/0912/9351/6071/files/20230628_i1687908536_8786_0_jpg_385035e7-1067-42bf-8e6c-84dc801bec66.jpg?v=1776249457,1,,,,,,g,,,,,active
miu-wander-hobo-medium-23cm-brown-metalasse-lambskin,,,,,,,,,,,,,,,,,,,,,,,,,https://cdn.shopify.com/s/files/1/0912/9351/6071/files/20230628_i1687908536_3461_1_jpg_ee58ae23-e111-4a21-a470-33e23b2d62d8.jpg?v=1776249458,2,,,,,,,,,,,
miu-wander-hobo-medium-23cm-brown-metalasse-lambskin,,,,,,,,,,,,,,,,,,,,,,,,,https://cdn.shopify.com/s/files/1/0912/9351/6071/files/20230628_i1687908536_4391_7_jpg_586969a3-811b-49bd-b927-8ade774b621b.jpg?v=1776249458,3,,,,,,,,,,,
miu-wander-hobo-medium-23cm-brown-metalasse-lambskin,,,,,,,,,,,,,,,,,,,,,,,,,https://cdn.shopify.com/s/files/1/0912/9351/6071/files/20230628_i1687908536_4593_3_jpg_cbe58c31-89af-4d5d-b68e-81068fe09305.jpg?v=1776249457,4,,,,,,,,,,,
miu-wander-hobo-medium-23cm-brown-metalasse-lambskin,,,,,,,,,,,,,,,,,,,,,,,,,https://cdn.shopify.com/s/files/1/0912/9351/6071/files/20230628_i1687908536_5644_5_jpg_0c617cbd-88ea-4f30-bb3a-379bd64cc525.jpg?v=1776249458,5,,,,,,,,,,,
miu-wander-hobo-medium-23cm-brown-metalasse-lambskin,,,,,,,,,,,,,,,,,,,,,,,,,https://cdn.shopify.com/s/files/1/0912/9351/6071/files/20230628_i1687908536_5924_8_jpg_5a5e85a6-59ab-4322-a39c-82d1c553a4e5.jpg?v=1776249458,6,,,,,,,,,,,
miu-wander-hobo-medium-23cm-brown-metalasse-lambskin,,,,,,,,,,,,,,,,,,,,,,,,,https://cdn.shopify.com/s/files/1/0912/9351/6071/files/20230628_i1687908536_8920_2_jpg_6debc0d8-a560-4970-a523-88d5a880c65c.jpg?v=1776249457,7,,,,,,,,,,,
miu-wander-hobo-medium-23cm-brown-metalasse-lambskin,,,,,,,,,,,,,,,,,,,,,,,,,https://cdn.shopify.com/s/files/1/0912/9351/6071/files/20230628_i1687908536_9615_4_jpg_4eb3e313-1e4c-4243-b12c-7da0b15e1d48.jpg?v=1776249458,8,,,,,,,,,,,
miu-wander-hobo-medium-23cm-brown-metalasse-lambskin,,,,,,,,,,,,,,,,,,,,,,,,,https://cdn.shopify.com/s/files/1/0912/9351/6071/files/20230628_i1687908536_3392_6_jpg_a2dffb04-a6a4-4266-a450-7b93de3a7cf1.jpg?v=1776249457,9,,,,,,,,,,,
miu-miu-tote-woven-bag-beige-mix-brown-raffia,Miu Miu Tote Woven Bag Beige mix Brown Raffia,"<p><strong>DESCRIPTION</strong></p>
<p><span>â€¢ Â Beige mix Brown</span></p>
<p><span>â€¢ Raffia</span></p>
<p><span>â€¢ Dimension : 22X 22.5X7.5cm</span></p>
<p>â€¢ The products are 1:1 copies of the original version and they are the same from every detail.</p>
<p>â€¢ Support return and exchange in 1 month if the product is defective or the customer is not satisfied with the product.</p>
<div>
<ul></ul>
<br>
</div>",miumiu bag,,bag,"new arrival, tote bag",TRUE,Title,Default Title,,,,,,0,,0,deny,manual,309.75,,FALSE,FALSE,,https://cdn.shopify.com/s/files/1/0912/9351/6071/files/WeixinImage_2025-07-01_090401_817_c76b0f6c-c810-4629-b523-7fba6ef83ffd.jpg?v=1759125245,1,,,,,,g,,,,,active
miu-miu-tote-woven-bag-beige-mix-brown-raffia,,,,,,,,,,,,,,,,,,,,,,,,,https://cdn.shopify.com/s/files/1/0912/9351/6071/files/WeixinImage_2025-07-01_090359_768_8bd0d652-0163-407c-a90d-b31ca85e6341.jpg?v=1759125245,2,,,,,,,,,,,
miu-miu-tote-woven-bag-beige-mix-brown-raffia,,,,,,,,,,,,,,,,,,,,,,,,,https://cdn.shopify.com/s/files/1/0912/9351/6071/files/WeixinImage_2025-07-01_090357_569_ce45035c-94f8-46bc-ab81-38cdb0131ea2.jpg?v=1759125245,3,,,,,,,,,,,
miu-miu-tote-woven-bag-beige-mix-brown-raffia,,,,,,,,,,,,,,,,,,,,,,,,,https://cdn.shopify.com/s/files/1/0912/9351/6071/files/WeixinImage_2025-07-01_090355_393_85747407-9196-4fb7-a5a7-c077fd0b2eb3.jpg?v=1759125245,4,,,,,,,,,,,
miu-miu-tote-woven-bag-beige-mix-brown-raffia,,,,,,,,,,,,,,,,,,,,,,,,,https://cdn.shopify.com/s/files/1/0912/9351/6071/files/WeixinImage_2025-07-01_090353_497_5c4431ba-619c-48c3-a893-2244ad46f8e6.jpg?v=1759125245,5,,,,,,,,,,,
miu-miu-tote-woven-bag-beige-mix-brown-raffia,,,,,,,,,,,,,,,,,,,,,,,,,https://cdn.shopify.com/s/files/1/0912/9351/6071/files/WeixinImage_2025-07-01_090351_249_5da4787c-5a2f-4b93-89b5-4011fdc5a202.jpg?v=1759125245,6,,,,,,,,,,,
miu-miu-tote-woven-bag-beige-mix-brown-raffia,,,,,,,,,,,,,,,,,,,,,,,,,https://cdn.shopify.com/s/files/1/0912/9351/6071/files/WeixinImage_2025-07-01_090349_049_813fc80f-33b9-48d1-aeb4-7327689fc46c.jpg?v=1759125245,7,,,,,,,,,,,
miu-miu-tote-woven-bag-beige-mix-brown-raffia,,,,,,,,,,,,,,,,,,,,,,,,,https://cdn.shopify.com/s/files/1/0912/9351/6071/files/WeixinImage_2025-07-01_090346_880_04983cde-ba2c-4e50-a04b-9b40fae1f679.jpg?v=1759125245,8,,,,,,,,,,,
miu-miu-tote-woven-bag-beige-mix-brown-raffia,,,,,,,,,,,,,,,,,,,,,,,,,https://cdn.shopify.com/s/files/1/0912/9351/6071/files/WeixinImage_2025-07-01_090343_960_6d126a60-53ad-4e6c-87de-8d3f359b06f2.jpg?v=1759125245,9,,,,,,,,,,,
ivy-mini-tote-bag-40cm-beige-woven-fabric-and-linen,ivy mini tote bag 40cm beige woven fabric and linen,"<ul>
<li><span data-mce-fragment=""1"">Color: beige<br></span></li>
<li>
<span data-mce-fragment=""1""><span>Size: 40 x 35 Cm</span></span>
<div class=""index-module_foldText_TFDUn""></div>
</li>
<li>Steel hardware</li>
<li>Printed logo on the front</li>
<li>Fabric lining with removable logo-print pouch</li>
<li>
<span data-mce-fragment=""1""><span>Material : woven fabric and linen</span></span><span data-mce-fragment=""1""><span><br></span></span>
</li>
<li> The products are 1:1 copies of the original version and they are the same from every detail.<br>
</li>
<li>Support return and exchange in 1 month if the product is defective or the customer is not satisfied with the product.
<div class=""chat-box-input-container"" id=""chat-box-input-container-id"">
<div class=""chat-box-input--audit-2023 chat-box-input--to-focus win32"" id=""chatInput"">
<div class=""chat-input-container--audit-2023"" id=""chat-input-container-id"">
<div class=""chat-input-container--audit-2023__left-layout"">
<div class=""chat-input-scrollable"" id=""chat-input-scroller-id"">
<div class=""chat-input-wrapper"">
<div class=""chat-input-content"" id=""chat-input-content-id""></div>
</div>
</div>
</div>
</div>
</div>
</div>
</li>
</ul>
<p> </p>
<ul></ul>",miumiu bag,,bag,"shoulder bags, top handle, tote bag",TRUE,Title,Default Title,,,,,,0,,0,deny,manual,294.00,,TRUE,FALSE,,https://cdn.shopify.com/s/files/1/0912/9351/6071/files/20240612_i1718133341_8881_0_jpg.jpg?v=1759120568,1,,,,,,g,,,,,active
ivy-mini-tote-bag-40cm-beige-woven-fabric-and-linen,,,,,,,,,,,,,,,,,,,,,,,,,https://cdn.shopify.com/s/files/1/0912/9351/6071/files/20240612_i1718133341_1076_2_jpg.jpg?v=1759120568,2,,,,,,,,,,,
ivy-mini-tote-bag-40cm-beige-woven-fabric-and-linen,,,,,,,,,,,,,,,,,,,,,,,,,https://cdn.shopify.com/s/files/1/0912/9351/6071/files/20240612_i1718133341_3315_7_jpg.jpg?v=1759120568,3,,,,,,,,,,,
ivy-mini-tote-bag-40cm-beige-woven-fabric-and-linen,,,,,,,,,,,,,,,,,,,,,,,,,https://cdn.shopify.com/s/files/1/0912/9351/6071/files/20240612_i1718133341_5636_3_jpg.jpg?v=1759120568,4,,,,,,,,,,,
ivy-mini-tote-bag-40cm-beige-woven-fabric-and-linen,,,,,,,,,,,,,,,,,,,,,,,,,https://cdn.shopify.com/s/files/1/0912/9351/6071/files/20240612_i1718133341_5873_1_jpg.jpg?v=1759120568,5,,,,,,,,,,,
ivy-mini-tote-bag-40cm-beige-woven-fabric-and-linen,,,,,,,,,,,,,,,,,,,,,,,,,https://cdn.shopify.com/s/files/1/0912/9351/6071/files/20240612_i1718133341_5897_5_jpg.jpg?v=1759120568,6,,,,,,,,,,,
ivy-mini-tote-bag-40cm-beige-woven-fabric-and-linen,,,,,,,,,,,,,,,,,,,,,,,,,https://cdn.shopify.com/s/files/1/0912/9351/6071/files/20240612_i1718133341_6570_4_jpg.jpg?v=1759120568,7,,,,,,,,,,,
ivy-mini-tote-bag-40cm-beige-woven-fabric-and-linen,,,,,,,,,,,,,,,,,,,,,,,,,https://cdn.shopify.com/s/files/1/0912/9351/6071/files/20240612_i1718133341_7233_8_jpg.jpg?v=1759120568,8,,,,,,,,,,,
ivy-mini-tote-bag-40cm-beige-woven-fabric-and-linen,,,,,,,,,,,,,,,,,,,,,,,,,https://cdn.shopify.com/s/files/1/0912/9351/6071/files/20240612_i1718133341_9702_6_jpg.jpg?v=1759120568,9,,,,,,,,,,,
miu-bucket-bag-20cm-black-woven-fabric,miu bucket bag 20cm black woven fabric,"<ul>
<li><span data-mce-fragment=""1"">Color: black <br></span></li>
<li>
<span data-mce-fragment=""1""><span>Size: 20 x 23 cm</span></span><br>
</li>
<li>Stylized logo on the front<br>
</li>
<li>
<span data-mce-fragment=""1""><span>Material : woven fabric</span></span><span data-mce-fragment=""1""><span><br></span></span>
</li>
<li> The products are 1:1 copies of the original version and they are the same from every detail.<br>
</li>
<li>Support return and exchange in 1 month if the product is defective or the customer is not satisfied with the product.
<div id=""chat-box-input-container-id"" class=""chat-box-input-container"">
<div id=""chatInput"" class=""chat-box-input--audit-2023 chat-box-input--to-focus win32"">
<div id=""chat-input-container-id"" class=""chat-input-container--audit-2023"">
<div class=""chat-input-container--audit-2023__left-layout"">
<div id=""chat-input-scroller-id"" class=""chat-input-scrollable"">
<div class=""chat-input-wrapper"">
<div id=""chat-input-content-id"" class=""chat-input-content""></div>
</div>
</div>
</div>
</div>
</div>
</div>
</li>
</ul>
<p> </p>
<ul></ul>",miumiu bag,,bag,"bucket, shoulder bags, top handle",TRUE,Title,Default Title,,,,,,0,,0,deny,manual,273.00,,TRUE,FALSE,,https://cdn.shopify.com/s/files/1/0912/9351/6071/files/20240513_i1715565997_5889_0_jpg.jpg?v=1759120658,1,,,,,,g,,,,,active
miu-bucket-bag-20cm-black-woven-fabric,,,,,,,,,,,,,,,,,,,,,,,,,https://cdn.shopify.com/s/files/1/0912/9351/6071/files/20240513_i1715565997_2977_3_jpg.jpg?v=1759120659,2,,,,,,,,,,,
miu-bucket-bag-20cm-black-woven-fabric,,,,,,,,,,,,,,,,,,,,,,,,,https://cdn.shopify.com/s/files/1/0912/9351/6071/files/20240513_i1715565997_4911_6_jpg.jpg?v=1759120659,3,,,,,,,,,,,
miu-bucket-bag-20cm-black-woven-fabric,,,,,,,,,,,,,,,,,,,,,,,,,https://cdn.shopify.com/s/files/1/0912/9351/6071/files/20240513_i1715565997_3027_4_jpg.jpg?v=1759120659,4,,,,,,,,,,,
miu-bucket-bag-20cm-black-woven-fabric,,,,,,,,,,,,,,,,,,,,,,,,,https://cdn.shopify.com/s/files/1/0912/9351/6071/files/20240513_i1715565997_5024_8_jpg.jpg?v=1759120659,5,,,,,,,,,,,
miu-bucket-bag-20cm-black-woven-fabric,,,,,,,,,,,,,,,,,,,,,,,,,https://cdn.shopify.com/s/files/1/0912/9351/6071/files/20240513_i1715565997_6420_5_jpg.jpg?v=1759120659,6,,,,,,,,,,,
miu-bucket-bag-20cm-black-woven-fabric,,,,,,,,,,,,,,,,,,,,,,,,,https://cdn.shopify.com/s/files/1/0912/9351/6071/files/20240513_i1715565997_6521_2_jpg.jpg?v=1759120659,7,,,,,,,,,,,
miu-bucket-bag-20cm-black-woven-fabric,,,,,,,,,,,,,,,,,,,,,,,,,https://cdn.shopify.com/s/files/1/0912/9351/6071/files/20240513_i1715565997_8799_7_jpg.jpg?v=1759120659,8,,,,,,,,,,,
miu-bucket-bag-20cm-black-woven-fabric,,,,,,,,,,,,,,,,,,,,,,,,,https://cdn.shopify.com/s/files/1/0912/9351/6071/files/20240513_i1715565997_9342_1_jpg.jpg?v=1759120659,9,,,,,,,,,,,
miu-bucket-bag-20cm-beige-woven-fabric,miu bucket bag 20cm beige woven fabric,"<ul>
<li><span data-mce-fragment=""1"">Color: beige <br></span></li>
<li>
<span data-mce-fragment=""1""><span>Size: 20 x 23 cm</span></span><br>
</li>
<li>Stylized logo on the front<br>
</li>
<li>
<span data-mce-fragment=""1""><span>Material : woven fabric</span></span><span data-mce-fragment=""1""><span><br></span></span>
</li>
<li> The products are 1:1 copies of the original version and they are the same from every detail.<br>
</li>
<li>Support return and exchange in 1 month if the product is defective or the customer is not satisfied with the product.
<div class=""chat-box-input-container"" id=""chat-box-input-container-id"">
<div class=""chat-box-input--audit-2023 chat-box-input--to-focus win32"" id=""chatInput"">
<div class=""chat-input-container--audit-2023"" id=""chat-input-container-id"">
<div class=""chat-input-container--audit-2023__left-layout"">
<div class=""chat-input-scrollable"" id=""chat-input-scroller-id"">
<div class=""chat-input-wrapper"">
<div class=""chat-input-content"" id=""chat-input-content-id""></div>
</div>
</div>
</div>
</div>
</div>
</div>
</li>
</ul>
<p> </p>
<ul></ul>",miumiu bag,,bag,"bucket, shoulder bags, top handle",TRUE,Title,Default Title,,,,,,0,,0,deny,manual,273.00,,TRUE,FALSE,,https://cdn.shopify.com/s/files/1/0912/9351/6071/files/20240516_i1715822184_3263_1_jpg.jpg?v=1759120670,1,,,,,,g,,,,,active
miu-bucket-bag-20cm-beige-woven-fabric,,,,,,,,,,,,,,,,,,,,,,,,,https://cdn.shopify.com/s/files/1/0912/9351/6071/files/20240516_i1715822184_1859_3_jpg.jpg?v=1759120670,2,,,,,,,,,,,
miu-bucket-bag-20cm-beige-woven-fabric,,,,,,,,,,,,,,,,,,,,,,,,,https://cdn.shopify.com/s/files/1/0912/9351/6071/files/20240516_i1715822184_2501_2_jpg.jpg?v=1759120670,3,,,,,,,,,,,
miu-bucket-bag-20cm-beige-woven-fabric,,,,,,,,,,,,,,,,,,,,,,,,,https://cdn.shopify.com/s/files/1/0912/9351/6071/files/20240516_i1715822184_300_8_jpg.jpg?v=1759120670,4,,,,,,,,,,,
miu-bucket-bag-20cm-beige-woven-fabric,,,,,,,,,,,,,,,,,,,,,,,,,https://cdn.shopify.com/s/files/1/0912/9351/6071/files/20240516_i1715822184_5641_7_jpg.jpg?v=1759120670,5,,,,,,,,,,,
miu-bucket-bag-20cm-beige-woven-fabric,,,,,,,,,,,,,,,,,,,,,,,,,https://cdn.shopify.com/s/files/1/0912/9351/6071/files/20240516_i1715822184_2797_0_jpg.jpg?v=1759120670,6,,,,,,,,,,,
miu-bucket-bag-20cm-beige-woven-fabric,,,,,,,,,,,,,,,,,,,,,,,,,https://cdn.shopify.com/s/files/1/0912/9351/6071/files/20240516_i1715822184_4121_4_jpg.jpg?v=1759120670,7,,,,,,,,,,,
miu-bucket-bag-20cm-beige-woven-fabric,,,,,,,,,,,,,,,,,,,,,,,,,https://cdn.shopify.com/s/files/1/0912/9351/6071/files/20240516_i1715822184_6122_5_jpg.jpg?v=1759120670,8,,,,,,,,,,,
miu-bucket-bag-20cm-beige-woven-fabric,,,,,,,,,,,,,,,,,,,,,,,,,https://cdn.shopify.com/s/files/1/0912/9351/6071/files/20240516_i1715822184_9945_6_jpg.jpg?v=1759120670,9,,,,,,,,,,,
miu-hobo-bag-31cm-white-woven-fabric,miu hobo bag 31cm white woven fabric,"<ul>
<li><span data-mce-fragment=""1"">Color: white <br></span></li>
<li>
<span data-mce-fragment=""1""><span>Size: 44 X 31.5 X 8 cm</span></span><br>
</li>
<li>Stylized logo on the front<br>
</li>
<li>
<span data-mce-fragment=""1""><span>Material : woven fabric</span></span><span data-mce-fragment=""1""><span><br></span></span>
</li>
<li> The products are 1:1 copies of the original version and they are the same from every detail.<br>
</li>
<li>Support return and exchange in 1 month if the product is defective or the customer is not satisfied with the product.
<div class=""chat-box-input-container"" id=""chat-box-input-container-id"">
<div class=""chat-box-input--audit-2023 chat-box-input--to-focus win32"" id=""chatInput"">
<div class=""chat-input-container--audit-2023"" id=""chat-input-container-id"">
<div class=""chat-input-container--audit-2023__left-layout"">
<div class=""chat-input-scrollable"" id=""chat-input-scroller-id"">
<div class=""chat-input-wrapper"">
<div class=""chat-input-content"" id=""chat-input-content-id""></div>
</div>
</div>
</div>
</div>
</div>
</div>
</li>
</ul>
<p> </p>
<ul></ul>",miumiu bag,,bag,"hobo bag, shoulder bags, top handle",TRUE,Title,Default Title,,,,,,0,,0,deny,manual,294.00,,TRUE,FALSE,,https://cdn.shopify.com/s/files/1/0912/9351/6071/files/20240523_i1716430807_8978_0_jpg.jpg?v=1759120695,1,,,,,,g,,,,,active
miu-hobo-bag-31cm-white-woven-fabric,,,,,,,,,,,,,,,,,,,,,,,,,https://cdn.shopify.com/s/files/1/0912/9351/6071/files/20240523_i1716430807_2305_4_jpg.jpg?v=1759120695,2,,,,,,,,,,,
miu-hobo-bag-31cm-white-woven-fabric,,,,,,,,,,,,,,,,,,,,,,,,,https://cdn.shopify.com/s/files/1/0912/9351/6071/files/20240523_i1716430807_413_3_jpg.jpg?v=1759120695,3,,,,,,,,,,,
miu-hobo-bag-31cm-white-woven-fabric,,,,,,,,,,,,,,,,,,,,,,,,,https://cdn.shopify.com/s/files/1/0912/9351/6071/files/20240523_i1716430807_4356_2_jpg.jpg?v=1759120695,4,,,,,,,,,,,
miu-hobo-bag-31cm-white-woven-fabric,,,,,,,,,,,,,,,,,,,,,,,,,https://cdn.shopify.com/s/files/1/0912/9351/6071/files/20240523_i1716430807_4811_5_jpg.jpg?v=1759120695,5,,,,,,,,,,,
miu-hobo-bag-31cm-white-woven-fabric,,,,,,,,,,,,,,,,,,,,,,,,,https://cdn.shopify.com/s/files/1/0912/9351/6071/files/20240523_i1716430807_6165_8_jpg.jpg?v=1759120695,6,,,,,,,,,,,
miu-hobo-bag-31cm-white-woven-fabric,,,,,,,,,,,,,,,,,,,,,,,,,https://cdn.shopify.com/s/files/1/0912/9351/6071/files/20240523_i1716430807_8504_6_jpg.jpg?v=1759120695,7,,,,,,,,,,,
miu-hobo-bag-31cm-white-woven-fabric,,,,,,,,,,,,,,,,,,,,,,,,,https://cdn.shopify.com/s/files/1/0912/9351/6071/files/20240523_i1716430807_8735_7_jpg.jpg?v=1759120695,8,,,,,,,,,,,
miu-hobo-bag-31cm-white-woven-fabric,,,,,,,,,,,,,,,,,,,,,,,,,https://cdn.shopify.com/s/files/1/0912/9351/6071/files/20240523_i1716430807_9932_1_jpg.jpg?v=1759120695,9,,,,,,,,,,,
miu-wander-hobo-bag-20cm-beige-woven-fabric,miu wander hobo bag 20cm beige woven fabric,"<p style=""text-align: left;""><strong>DESCRIPTION</strong></p>
<p style=""text-align: left;""><span data-mce-fragment=""1"">• Color : beige , Gold Hardware</span></p>
<p style=""text-align: left;""><span data-mce-fragment=""1"">• Material : woven fabric</span></p>
<p style=""text-align: left;""><bdo dir=""ltr""><bdo dir=""ltr"" data-mce-fragment=""1""><span data-mce-fragment=""1"">• </span>(Length x Height x Width) : <span>20 X 17 X 6cm</span></bdo></bdo></p>
<p>• The products are 1:1 copies of the original version and they are the same from every detail.</p>
<p>• Support return and exchange in 1 month if the product is defective or the customer is not satisfied with the product.</p>",miumiu bag,,bag,"hobo bag, top handle",TRUE,Title,Default Title,,,,,,0,,0,deny,manual,304.50,,FALSE,FALSE,,https://cdn.shopify.com/s/files/1/0912/9351/6071/files/20240525_i1716607481_4586_0_jpg.jpg?v=1759120706,1,,,,,,g,,,,,active
miu-wander-hobo-bag-20cm-beige-woven-fabric,,,,,,,,,,,,,,,,,,,,,,,,,https://cdn.shopify.com/s/files/1/0912/9351/6071/files/20240525_i1716607481_1249_3_jpg.jpg?v=1759120706,2,,,,,,,,,,,
miu-wander-hobo-bag-20cm-beige-woven-fabric,,,,,,,,,,,,,,,,,,,,,,,,,https://cdn.shopify.com/s/files/1/0912/9351/6071/files/20240525_i1716607481_2518_1_jpg.jpg?v=1759120706,3,,,,,,,,,,,
miu-wander-hobo-bag-20cm-beige-woven-fabric,,,,,,,,,,,,,,,,,,,,,,,,,https://cdn.shopify.com/s/files/1/0912/9351/6071/files/20240525_i1716607481_256_8_jpg.jpg?v=1759120706,4,,,,,,,,,,,
miu-wander-hobo-bag-20cm-beige-woven-fabric,,,,,,,,,,,,,,,,,,,,,,,,,https://cdn.shopify.com/s/files/1/0912/9351/6071/files/20240525_i1716607481_3109_5_jpg.jpg?v=1759120706,5,,,,,,,,,,,
miu-wander-hobo-bag-20cm-beige-woven-fabric,,,,,,,,,,,,,,,,,,,,,,,,,https://cdn.shopify.com/s/files/1/0912/9351/6071/files/20240525_i1716607481_6422_2_jpg.jpg?v=1759120706,6,,,,,,,,,,,
miu-wander-hobo-bag-20cm-beige-woven-fabric,,,,,,,,,,,,,,,,,,,,,,,,,https://cdn.shopify.com/s/files/1/0912/9351/6071/files/20240525_i1716607481_7350_6_jpg.jpg?v=1759120706,7,,,,,,,,,,,
miu-wander-hobo-bag-20cm-beige-woven-fabric,,,,,,,,,,,,,,,,,,,,,,,,,https://cdn.shopify.com/s/files/1/0912/9351/6071/files/20240525_i1716607481_7980_4_jpg.jpg?v=1759120706,8,,,,,,,,,,,
miu-wander-hobo-bag-20cm-beige-woven-fabric,,,,,,,,,,,,,,,,,,,,,,,,,https://cdn.shopify.com/s/files/1/0912/9351/6071/files/20240525_i1716607481_9081_7_jpg.jpg?v=1759120706,9,,,,,,,,,,,
miu-beau-bag-34-in-briarwood-calfskin,MIU BEAU BAG 34 IN BRIARWOOD CALFSKIN,"<ul>
<li><span data-mce-fragment=""1"">Color: Briarwood<br><br></span></li>
<li>
<span data-mce-fragment=""1""><span>Size: 23×34×12cm</span></span>
<div class=""index-module_foldText_TFDUn"">
<div class=""index-module_text_HePJ3"">
<div class=""index-module_ellipsisText_pYRbE""><br></div>
</div>
</div>
</li>
<li>
<span data-mce-fragment=""1""><span>Material : Calfskin<br></span></span><span data-mce-fragment=""1""><span><br></span></span><span data-mce-fragment=""1""><span></span></span>
</li>
<li> The products are 1:1 copies of the original version and they are the same from every detail.<br><br>
</li>
<li>Support return and exchange in 1 month if the product is defective or the customer is not satisfied with the product.
<div id=""chat-box-input-container-id"" class=""chat-box-input-container"">
<div id=""chatInput"" class=""chat-box-input--audit-2023 chat-box-input--to-focus win32"">
<div id=""chat-input-container-id"" class=""chat-input-container--audit-2023"">
<div class=""chat-input-container--audit-2023__left-layout"">
<div id=""chat-input-scroller-id"" class=""chat-input-scrollable"">
<div class=""chat-input-wrapper"">
<div id=""chat-input-content-id"" class=""chat-input-content""></div>
</div>
</div>
</div>
</div>
</div>
</div>
</li>
</ul>
<p> </p>
<ul></ul>",miumiu bag,,bag,"top handle, tote bag",TRUE,Title,Default Title,,,,,,0,,0,deny,manual,367.50,,TRUE,FALSE,,https://cdn.shopify.com/s/files/1/0912/9351/6071/files/img_c54953ce_20240810_a1723264305385_4061_jpg.jpg?v=1759120759,1,,,,,,g,,,,,active
miu-beau-bag-34-in-briarwood-calfskin,,,,,,,,,,,,,,,,,,,,,,,,,https://cdn.shopify.com/s/files/1/0912/9351/6071/files/img_c54953ce_20240810_a1723264305074_8622_jpg.jpg?v=1759120759,2,,,,,,,,,,,
miu-beau-bag-34-in-briarwood-calfskin,,,,,,,,,,,,,,,,,,,,,,,,,https://cdn.shopify.com/s/files/1/0912/9351/6071/files/img_c54953ce_20240810_a1723264304925_3008_jpg.jpg?v=1759120759,3,,,,,,,,,,,
miu-beau-bag-34-in-briarwood-calfskin,,,,,,,,,,,,,,,,,,,,,,,,,https://cdn.shopify.com/s/files/1/0912/9351/6071/files/img_c54953ce_20240810_a1723264305168_4560_jpg.jpg?v=1759120759,4,,,,,,,,,,,
miu-beau-bag-34-in-briarwood-calfskin,,,,,,,,,,,,,,,,,,,,,,,,,https://cdn.shopify.com/s/files/1/0912/9351/6071/files/img_c54953ce_20240810_a1723264305270_2621_jpg.jpg?v=1759120759,5,,,,,,,,,,,
miu-beau-bag-34-in-briarwood-calfskin,,,,,,,,,,,,,,,,,,,,,,,,,https://cdn.shopify.com/s/files/1/0912/9351/6071/files/img_c54953ce_20240810_a1723264305419_0768_jpg.jpg?v=1759120759,6,,,,,,,,,,,
miu-beau-bag-34-in-briarwood-calfskin,,,,,,,,,,,,,,,,,,,,,,,,,https://cdn.shopify.com/s/files/1/0912/9351/6071/files/img_c54953ce_20240810_a1723264306220_4862_jpg.jpg?v=1759120759,7,,,,,,,,,,,
miu-beau-bag-34-in-briarwood-calfskin,,,,,,,,,,,,,,,,,,,,,,,,,https://cdn.shopify.com/s/files/1/0912/9351/6071/files/img_c54953ce_20240810_a1723264306229_6543_jpg.jpg?v=1759120759,8,,,,,,,,,,,
miu-beau-bag-34-in-briarwood-calfskin,,,,,,,,,,,,,,,,,,,,,,,,,https://cdn.shopify.com/s/files/1/0912/9351/6071/files/img_c54953ce_20240810_a1723264306334_7311_jpg.jpg?v=1759120759,9,,,,,,,,,,,
micro-bag-keychain-11-in-clay-grey-calfskin-gold-hardware-embossed-logo,MICRO BAG KEYCHAIN 11 IN CLAY GREY CALFSKIN GOLD HARDWARE EMBOSSED LOGO,"<p>• Color: Clay Grey</p>
<p>• Material: Calfskin</p>
<p>• Size: 11 x 7 x 4 cm</p>
<p>• The products are 1:1 copies of the original version and they are the same from every detail.</p>
<p>• Support return and exchange in 1 month if the product is defective or the customer is not satisfied with the product.</p>",miumiu bag,,bag,wallet,TRUE,Title,Default Title,,,,,,0,,0,deny,manual,147.00,,TRUE,FALSE,,https://cdn.shopify.com/s/files/1/0912/9351/6071/files/img_c4e87dad_20241019_i1729308631_9108_1_jpg_d4e02375-0aea-4795-80f2-8b3b46db2e1c.jpg?v=1759124225,1,,,,,,g,,,,,active
micro-bag-keychain-11-in-clay-grey-calfskin-gold-hardware-embossed-logo,,,,,,,,,,,,,,,,,,,,,,,,,https://cdn.shopify.com/s/files/1/0912/9351/6071/files/img_c4e87dad_20241019_i1729308631_2831_7_jpg_835bb679-4133-4589-93f6-b44fffd9ea1f.jpg?v=1759124225,2,,,,,,,,,,,
micro-bag-keychain-11-in-clay-grey-calfskin-gold-hardware-embossed-logo,,,,,,,,,,,,,,,,,,,,,,,,,https://cdn.shopify.com/s/files/1/0912/9351/6071/files/img_c4e87dad_20241019_i1729308631_4114_2_jpg_1279f9c2-b919-447f-bb44-4ba7f6071bac.jpg?v=1759124225,3,,,,,,,,,,,
micro-bag-keychain-11-in-clay-grey-calfskin-gold-hardware-embossed-logo,,,,,,,,,,,,,,,,,,,,,,,,,https://cdn.shopify.com/s/files/1/0912/9351/6071/files/img_c4e87dad_20241019_i1729308631_4175_3_jpg_8cd39f15-5a69-41ce-badd-d996deec2ddb.jpg?v=1759124225,4,,,,,,,,,,,
micro-bag-keychain-11-in-clay-grey-calfskin-gold-hardware-embossed-logo,,,,,,,,,,,,,,,,,,,,,,,,,https://cdn.shopify.com/s/files/1/0912/9351/6071/files/img_c4e87dad_20241019_i1729308631_5285_0_jpg_3017a31b-b823-427b-a41a-6216b3ac0800.jpg?v=1759124225,5,,,,,,,,,,,
micro-bag-keychain-11-in-clay-grey-calfskin-gold-hardware-embossed-logo,,,,,,,,,,,,,,,,,,,,,,,,,https://cdn.shopify.com/s/files/1/0912/9351/6071/files/img_c4e87dad_20241019_i1729308631_5353_5_jpg_b69ca02b-9cc9-430f-a6e8-d78d7918cd89.jpg?v=1759124226,6,,,,,,,,,,,
micro-bag-keychain-11-in-clay-grey-calfskin-gold-hardware-embossed-logo,,,,,,,,,,,,,,,,,,,,,,,,,https://cdn.shopify.com/s/files/1/0912/9351/6071/files/img_c4e87dad_20241019_i1729308631_9446_4_jpg_4ab3a848-da85-409a-8fd0-e773d0634204.jpg?v=1759124226,7,,,,,,,,,,,
micro-bag-keychain-11-in-clay-grey-calfskin-gold-hardware-embossed-logo,,,,,,,,,,,,,,,,,,,,,,,,,https://cdn.shopify.com/s/files/1/0912/9351/6071/files/img_c4e87dad_20241019_i1729308631_9687_8_jpg_d6cc227b-7212-48ab-8d8a-7683c3cbcf32.jpg?v=1759124226,8,,,,,,,,,,,
micro-bag-keychain-11-in-clay-grey-calfskin-gold-hardware-embossed-logo,,,,,,,,,,,,,,,,,,,,,,,,,https://cdn.shopify.com/s/files/1/0912/9351/6071/files/img_c4e87dad_20241019_i1729308631_9720_6_jpg_da225a39-3dc4-4d17-b7fd-3418e2f7e2d3.jpg?v=1759124226,9,,,,,,,,,,,
micro-bag-keychain-11-in-indochine-orange-calfskin-embossed-logo,MICRO BAG KEYCHAIN 11  IN INDOCHINE ORANGE CALFSKIN EMBOSSED LOGO,"<p>• Color: Indochine orange</p>
<p>• Material: Calfskin</p>
<p>• Size: 11 x 7 x 4 cm</p>
<p>• The products are 1:1 copies of the original version and they are the same from every detail.</p>
<p>• Support return and exchange in 1 month if the product is defective or the customer is not satisfied with the product.</p>",miumiu bag,,bag,wallet,TRUE,Title,Default Title,,,,,,0,,0,deny,manual,147.00,,TRUE,FALSE,,https://cdn.shopify.com/s/files/1/0912/9351/6071/files/img_c4e87dad_20240922_i1726976383_8785_0_jpg_98444022-8090-4e15-9d4e-c431d415b797.jpg?v=1759124236,1,,,,,,g,,,,,active
micro-bag-keychain-11-in-indochine-orange-calfskin-embossed-logo,,,,,,,,,,,,,,,,,,,,,,,,,https://cdn.shopify.com/s/files/1/0912/9351/6071/files/img_c4e87dad_20240922_i1726976383_5936_7_jpg_2bda6458-5770-40ad-8df0-fc1102abefd3.jpg?v=1759124236,2,,,,,,,,,,,
micro-bag-keychain-11-in-indochine-orange-calfskin-embossed-logo,,,,,,,,,,,,,,,,,,,,,,,,,https://cdn.shopify.com/s/files/1/0912/9351/6071/files/img_c4e87dad_20240922_i1726976383_1429_3_jpg_f58dda5a-2355-42de-bba1-3259cee5ac36.jpg?v=1759124236,3,,,,,,,,,,,
micro-bag-keychain-11-in-indochine-orange-calfskin-embossed-logo,,,,,,,,,,,,,,,,,,,,,,,,,https://cdn.shopify.com/s/files/1/0912/9351/6071/files/img_c4e87dad_20240922_i1726976383_4760_4_jpg_0d3821bc-79f1-4d45-87b7-a6ca3d1c5f8c.jpg?v=1759124236,4,,,,,,,,,,,
micro-bag-keychain-11-in-indochine-orange-calfskin-embossed-logo,,,,,,,,,,,,,,,,,,,,,,,,,https://cdn.shopify.com/s/files/1/0912/9351/6071/files/img_c4e87dad_20240922_i1726976383_7355_5_jpg_5dffbace-41fb-4729-bd1c-30b5d04ab180.jpg?v=1759124236,5,,,,,,,,,,,
micro-bag-keychain-11-in-indochine-orange-calfskin-embossed-logo,,,,,,,,,,,,,,,,,,,,,,,,,https://cdn.shopify.com/s/files/1/0912/9351/6071/files/img_c4e87dad_20240922_i1726976383_8966_8_jpg_20ca67df-36e0-497a-8445-a3f977ba9731.jpg?v=1759124236,6,,,,,,,,,,,
micro-bag-keychain-11-in-indochine-orange-calfskin-embossed-logo,,,,,,,,,,,,,,,,,,,,,,,,,https://cdn.shopify.com/s/files/1/0912/9351/6071/files/img_c4e87dad_20240922_i1726976383_9253_1_jpg_a24ad2bb-9a1a-4863-b6ff-d832d26ad104.jpg?v=1759124236,7,,,,,,,,,,,
micro-bag-keychain-11-in-indochine-orange-calfskin-embossed-logo,,,,,,,,,,,,,,,,,,,,,,,,,https://cdn.shopify.com/s/files/1/0912/9351/6071/files/img_c4e87dad_20240922_i1726976383_9457_6_jpg_8df97c43-cd7c-4f1e-9804-e142e9ee616e.jpg?v=1759124236,8,,,,,,,,,,,
micro-bag-keychain-11-in-indochine-orange-calfskin-embossed-logo,,,,,,,,,,,,,,,,,,,,,,,,,https://cdn.shopify.com/s/files/1/0912/9351/6071/files/img_c4e87dad_20240922_i1726976383_9737_2_jpg_add9cfe7-b2a5-4884-8a52-4060b1bdb22e.jpg?v=1759124236,9,,,,,,,,,,,
arcadie-bag-22-in-white-calfskin-embossed-logo,ARCADIE BAG 22 IN WHITE CALFSKIN EMBOSSED LOGO,"<p>• Color: White</p>
<p>• Material: Calfskin</p>
<p>• Size: 22 x 10.5 x 7.5 cm</p>
<p>• The products are 1:1 copies of the original version and they are the same from every detail.</p>
<p>• Support return and exchange in 1 month if the product is defective or the customer is not satisfied with the product.</p>",miumiu bag,,bag,top handle,TRUE,Title,Default Title,,,,,,0,,0,deny,manual,357.00,,TRUE,FALSE,,https://cdn.shopify.com/s/files/1/0912/9351/6071/files/img_89648692_20241113_i1731494022_6935_8_jpg_9c88b52a-7f23-4a29-bae5-edfe254ca093.jpg?v=1782814959,1,,,,,,g,,,,,active
arcadie-bag-22-in-white-calfskin-embossed-logo,,,,,,,,,,,,,,,,,,,,,,,,,https://cdn.shopify.com/s/files/1/0912/9351/6071/files/img_89648692_20241113_i1731494022_1451_2_jpg_76f9f9f6-2541-4ea3-9e31-0359421ed4a9.jpg?v=1782814959,2,,,,,,,,,,,
arcadie-bag-22-in-white-calfskin-embossed-logo,,,,,,,,,,,,,,,,,,,,,,,,,https://cdn.shopify.com/s/files/1/0912/9351/6071/files/img_89648692_20241113_i1731494022_2588_5_jpg_0d36ca82-c62c-4cc8-a7d5-ca707e932e47.jpg?v=1782814959,3,,,,,,,,,,,
arcadie-bag-22-in-white-calfskin-embossed-logo,,,,,,,,,,,,,,,,,,,,,,,,,https://cdn.shopify.com/s/files/1/0912/9351/6071/files/img_89648692_20241113_i1731494022_2699_0_jpg_51d8826a-4dcd-42f5-9f4b-0220003afc06.jpg?v=1782814959,4,,,,,,,,,,,
arcadie-bag-22-in-white-calfskin-embossed-logo,,,,,,,,,,,,,,,,,,,,,,,,,https://cdn.shopify.com/s/files/1/0912/9351/6071/files/img_89648692_20241113_i1731494022_4343_3_jpg_3350ee1f-91fc-4d9b-a99e-f129cc40529f.jpg?v=1782814960,5,,,,,,,,,,,
arcadie-bag-22-in-white-calfskin-embossed-logo,,,,,,,,,,,,,,,,,,,,,,,,,https://cdn.shopify.com/s/files/1/0912/9351/6071/files/img_89648692_20241113_i1731494022_4475_1_jpg_d57fe1e4-3ba9-41f6-b792-7dcc88db26f7.jpg?v=1782814959,6,,,,,,,,,,,
arcadie-bag-22-in-white-calfskin-embossed-logo,,,,,,,,,,,,,,,,,,,,,,,,,https://cdn.shopify.com/s/files/1/0912/9351/6071/files/img_89648692_20241113_i1731494022_4875_4_jpg_a191d837-e0f5-4f46-bb27-150e93e6b1bd.jpg?v=1782814959,7,,,,,,,,,,,
arcadie-bag-22-in-white-calfskin-embossed-logo,,,,,,,,,,,,,,,,,,,,,,,,,https://cdn.shopify.com/s/files/1/0912/9351/6071/files/img_89648692_20241113_i1731494022_9112_7_jpg_6e8fea8a-5094-448a-a266-903021445391.jpg?v=1782814959,8,,,,,,,,,,,
arcadie-bag-22-in-white-calfskin-embossed-logo,,,,,,,,,,,,,,,,,,,,,,,,,https://cdn.shopify.com/s/files/1/0912/9351/6071/files/img_89648692_20241113_i1731494022_9617_6_jpg_c910ac41-b35f-4864-ae8b-23c9203fa45d.jpg?v=1782814959,9,,,,,,,,,,,
arcadie-matelasse-bag-27-in-sepia-brown-calfskin-gold-hardware,ARCADIE MATELASSÉ BAG 27 IN SEPIA BROWN CALFSKIN GOLD HARDWARE,"<p>• Color: Sepia brown</p>
<p>• Material: Calfskin</p>
<p>• Size: 27 x 12 x 9 cm</p>
<p>• The products are 1:1 copies of the original version and they are the same from every detail.</p>
<p>• Support return and exchange in 1 month if the product is defective or the customer is not satisfied with the product.</p>",miumiu bag,,bag,top handle,TRUE,Title,Default Title,,,,,,0,,0,deny,manual,388.50,,TRUE,FALSE,,https://cdn.shopify.com/s/files/1/0912/9351/6071/files/img_89648692_20241222_i1734863327_1788_8_jpg_55e62fff-a361-4b12-8243-9c392909af48.jpg?v=1776508767,1,,,,,,g,,,,,active
arcadie-matelasse-bag-27-in-sepia-brown-calfskin-gold-hardware,,,,,,,,,,,,,,,,,,,,,,,,,https://cdn.shopify.com/s/files/1/0912/9351/6071/files/img_89648692_20241222_i1734863326_1760_2_jpg_230bba2f-99a1-4b30-a946-a453594a6235.jpg?v=1776508767,2,,,,,,,,,,,
arcadie-matelasse-bag-27-in-sepia-brown-calfskin-gold-hardware,,,,,,,,,,,,,,,,,,,,,,,,,https://cdn.shopify.com/s/files/1/0912/9351/6071/files/img_89648692_20241222_i1734863326_4417_1_jpg_1414f67b-7503-4cca-862a-60bfc242fce1.jpg?v=1776508767,3,,,,,,,,,,,
arcadie-matelasse-bag-27-in-sepia-brown-calfskin-gold-hardware,,,,,,,,,,,,,,,,,,,,,,,,,https://cdn.shopify.com/s/files/1/0912/9351/6071/files/img_89648692_20241222_i1734863326_4450_6_jpg_d9fbbcad-cfb2-4ee1-9d18-30ef150b3a25.jpg?v=1776508767,4,,,,,,,,,,,
arcadie-matelasse-bag-27-in-sepia-brown-calfskin-gold-hardware,,,,,,,,,,,,,,,,,,,,,,,,,https://cdn.shopify.com/s/files/1/0912/9351/6071/files/img_89648692_20241222_i1734863326_4750_5_jpg_a519e470-eab4-446b-9f6a-775c8f270190.jpg?v=1776508767,5,,,,,,,,,,,
arcadie-matelasse-bag-27-in-sepia-brown-calfskin-gold-hardware,,,,,,,,,,,,,,,,,,,,,,,,,https://cdn.shopify.com/s/files/1/0912/9351/6071/files/img_89648692_20241222_i1734863326_7852_4_jpg_4b5697e4-c1c2-4553-a424-85e51a3fe934.jpg?v=1776508767,6,,,,,,,,,,,
arcadie-matelasse-bag-27-in-sepia-brown-calfskin-gold-hardware,,,,,,,,,,,,,,,,,,,,,,,,,https://cdn.shopify.com/s/files/1/0912/9351/6071/files/img_89648692_20241222_i1734863326_8930_3_jpg_c782e0a3-b5e2-4029-90cd-2cf5e9400dce.jpg?v=1776508767,7,,,,,,,,,,,
arcadie-matelasse-bag-27-in-sepia-brown-calfskin-gold-hardware,,,,,,,,,,,,,,,,,,,,,,,,,https://cdn.shopify.com/s/files/1/0912/9351/6071/files/img_89648692_20241222_i1734863326_9447_0_jpg_ae4c6b0e-5897-4ece-9ccb-57db8be0eb0b.jpg?v=1776508767,8,,,,,,,,,,,
arcadie-matelasse-bag-27-in-sepia-brown-calfskin-gold-hardware,,,,,,,,,,,,,,,,,,,,,,,,,https://cdn.shopify.com/s/files/1/0912/9351/6071/files/img_89648692_20241222_i1734863327_3116_7_jpg_592a6170-6967-40ed-8cc0-9746640e001b.jpg?v=1776508767,9,,,,,,,,,,,
tote-bag-40-in-striped-pattern-of-blue-green-and-cream-white-woven-raffia,TOTE BAG 40 IN STRIPED PATTERN OF BLUE GREEN AND CREAM WHITE WOVEN RAFFIA,"<p>• Color: Blue, Green and Cream White </p>
<p>• Material: Woven raffia</p>
<p>• Size: 40 x 34 x 16 cm</p>
<p>• The products are 1:1 copies of the original version and they are the same from every detail.</p>
<p>• Support return and exchange in 1 month if the product is defective or the customer is not satisfied with the product.</p>",miumiu bag,,bag,"top handle, tote bag",TRUE,Title,Default Title,,,,,,0,,0,deny,manual,273.00,,TRUE,FALSE,,https://cdn.shopify.com/s/files/1/0912/9351/6071/files/20230506_i1683307233_9338_0_jpg.jpg?v=1759124916,1,,,,,,g,,,,,active
tote-bag-40-in-striped-pattern-of-blue-green-and-cream-white-woven-raffia,,,,,,,,,,,,,,,,,,,,,,,,,https://cdn.shopify.com/s/files/1/0912/9351/6071/files/20230506_i1683307233_183_8_jpg.jpg?v=1759124916,2,,,,,,,,,,,
tote-bag-40-in-striped-pattern-of-blue-green-and-cream-white-woven-raffia,,,,,,,,,,,,,,,,,,,,,,,,,https://cdn.shopify.com/s/files/1/0912/9351/6071/files/20230506_i1683307233_2433_4_jpg.jpg?v=1759124916,3,,,,,,,,,,,
tote-bag-40-in-striped-pattern-of-blue-green-and-cream-white-woven-raffia,,,,,,,,,,,,,,,,,,,,,,,,,https://cdn.shopify.com/s/files/1/0912/9351/6071/files/20230506_i1683307233_4585_1_jpg.jpg?v=1759124916,4,,,,,,,,,,,
tote-bag-40-in-striped-pattern-of-blue-green-and-cream-white-woven-raffia,,,,,,,,,,,,,,,,,,,,,,,,,https://cdn.shopify.com/s/files/1/0912/9351/6071/files/20230506_i1683307233_4794_6_jpg.jpg?v=1759124916,5,,,,,,,,,,,
tote-bag-40-in-striped-pattern-of-blue-green-and-cream-white-woven-raffia,,,,,,,,,,,,,,,,,,,,,,,,,https://cdn.shopify.com/s/files/1/0912/9351/6071/files/20230506_i1683307233_5735_2_jpg.jpg?v=1759124916,6,,,,,,,,,,,
tote-bag-40-in-striped-pattern-of-blue-green-and-cream-white-woven-raffia,,,,,,,,,,,,,,,,,,,,,,,,,https://cdn.shopify.com/s/files/1/0912/9351/6071/files/20230506_i1683307233_6302_5_jpg.jpg?v=1759124916,7,,,,,,,,,,,
tote-bag-40-in-striped-pattern-of-blue-green-and-cream-white-woven-raffia,,,,,,,,,,,,,,,,,,,,,,,,,https://cdn.shopify.com/s/files/1/0912/9351/6071/files/20230506_i1683307233_8639_3_jpg.jpg?v=1759124916,8,,,,,,,,,,,
chain-shoulder-bag-18-in-navy-blue-fabric-gold-hardware,CHAIN SHOULDER BAG 19 IN NAVY BLUE FABRIC GOLD HARDWARE,"<p>• Color: Navy blue</p>
<p>• Material: Fabric </p>
<p>• Size: 19 x 17 cm</p>
<p>• The products are 1:1 copies of the original version and they are the same from every detail.</p>
<p>• Support return and exchange in 1 month if the product is defective or the customer is not satisfied with the product.</p>",miumiu bag,,bag,shoulder bags,TRUE,Title,Default Title,,,,,,0,,0,deny,manual,241.50,,TRUE,FALSE,,https://cdn.shopify.com/s/files/1/0912/9351/6071/files/imgHD_b2706193_20250324_i1742799815948_6200_0_2_jpg.jpg?v=1759125105,1,,,,,,g,,,,,active
chain-shoulder-bag-18-in-navy-blue-fabric-gold-hardware,,,,,,,,,,,,,,,,,,,,,,,,,https://cdn.shopify.com/s/files/1/0912/9351/6071/files/imgHD_b2706193_20250324_i1742799810702_8897_0_3_jpg.jpg?v=1759125105,2,,,,,,,,,,,
chain-shoulder-bag-18-in-navy-blue-fabric-gold-hardware,,,,,,,,,,,,,,,,,,,,,,,,,https://cdn.shopify.com/s/files/1/0912/9351/6071/files/imgHD_b2706193_20250324_i1742799810703_2151_0_7_jpg.jpg?v=1759125105,3,,,,,,,,,,,
chain-shoulder-bag-18-in-navy-blue-fabric-gold-hardware,,,,,,,,,,,,,,,,,,,,,,,,,https://cdn.shopify.com/s/files/1/0912/9351/6071/files/imgHD_b2706193_20250324_i1742799789060_9552_0_5_jpg.jpg?v=1759125105,4,,,,,,,,,,,
chain-shoulder-bag-18-in-navy-blue-fabric-gold-hardware,,,,,,,,,,,,,,,,,,,,,,,,,https://cdn.shopify.com/s/files/1/0912/9351/6071/files/imgHD_b2706193_20250324_i1742799814483_4384_0_8_jpg.jpg?v=1759125105,5,,,,,,,,,,,
chain-shoulder-bag-18-in-navy-blue-fabric-gold-hardware,,,,,,,,,,,,,,,,,,,,,,,,,https://cdn.shopify.com/s/files/1/0912/9351/6071/files/imgHD_b2706193_20250324_i1742799786615_9016_0_0_jpg.jpg?v=1759125105,6,,,,,,,,,,,
chain-shoulder-bag-18-in-navy-blue-fabric-gold-hardware,,,,,,,,,,,,,,,,,,,,,,,,,https://cdn.shopify.com/s/files/1/0912/9351/6071/files/imgHD_b2706193_20250324_i1742799810700_4103_0_6_jpg.jpg?v=1759125105,7,,,,,,,,,,,
chain-shoulder-bag-18-in-navy-blue-fabric-gold-hardware,,,,,,,,,,,,,,,,,,,,,,,,,https://cdn.shopify.com/s/files/1/0912/9351/6071/files/imgHD_b2706193_20250324_i1742799810702_4430_0_4_jpg.jpg?v=1759125105,8,,,,,,,,,,,
chain-shoulder-bag-18-in-navy-blue-fabric-gold-hardware,,,,,,,,,,,,,,,,,,,,,,,,,https://cdn.shopify.com/s/files/1/0912/9351/6071/files/imgHD_b2706193_20250324_i1742799814482_8981_0_5_jpg.jpg?v=1759125105,9,,,,,,,,,,,
basket-bag-18-in-brown-beige-wicker-and-black-calfskin-trim,BASKET BAG 18 IN BROWN BEIGE WICKER AND BLACK CALFSKIN TRIM,"<p>• Color: Black mix brown beige</p>
<p>• Material: Calfskin and wicker</p>
<p>• Size: 18 x 15 cm</p>
<p>• The products are 1:1 copies of the original version and they are the same from every detail.</p>
<p>• Support return and exchange in 1 month if the product is defective or the customer is not satisfied with the product.</p>",miumiu bag,,bag,"top handle, tote bag",TRUE,Title,Default Title,,,,,,0,,0,deny,manual,325.50,,TRUE,FALSE,,https://cdn.shopify.com/s/files/1/0912/9351/6071/files/img_4e898954_20250324_i1742809348093_5399_0_2_jpg.jpg?v=1759125116,1,,,,,,g,,,,,active
basket-bag-18-in-brown-beige-wicker-and-black-calfskin-trim,,,,,,,,,,,,,,,,,,,,,,,,,https://cdn.shopify.com/s/files/1/0912/9351/6071/files/img_4e898954_20250324_i1742809348045_4193_0_8_jpg.jpg?v=1759125116,2,,,,,,,,,,,
basket-bag-18-in-brown-beige-wicker-and-black-calfskin-trim,,,,,,,,,,,,,,,,,,,,,,,,,https://cdn.shopify.com/s/files/1/0912/9351/6071/files/img_4e898954_20250324_i1742809348097_8939_0_1_jpg.jpg?v=1759125116,3,,,,,,,,,,,
basket-bag-18-in-brown-beige-wicker-and-black-calfskin-trim,,,,,,,,,,,,,,,,,,,,,,,,,https://cdn.shopify.com/s/files/1/0912/9351/6071/files/img_4e898954_20250324_i1742809348098_2619_0_5_jpg.jpg?v=1759125116,4,,,,,,,,,,,
basket-bag-18-in-brown-beige-wicker-and-black-calfskin-trim,,,,,,,,,,,,,,,,,,,,,,,,,https://cdn.shopify.com/s/files/1/0912/9351/6071/files/img_4e898954_20250324_i1742809348118_3383_0_7_jpg.jpg?v=1759125116,5,,,,,,,,,,,
basket-bag-18-in-brown-beige-wicker-and-black-calfskin-trim,,,,,,,,,,,,,,,,,,,,,,,,,https://cdn.shopify.com/s/files/1/0912/9351/6071/files/img_4e898954_20250324_i1742809350907_1294_0_3_jpg.jpg?v=1759125116,6,,,,,,,,,,,
basket-bag-18-in-brown-beige-wicker-and-black-calfskin-trim,,,,,,,,,,,,,,,,,,,,,,,,,https://cdn.shopify.com/s/files/1/0912/9351/6071/files/img_4e898954_20250324_i1742809350909_4445_0_6_jpg.jpg?v=1759125116,7,,,,,,,,,,,
basket-bag-18-in-brown-beige-wicker-and-black-calfskin-trim,,,,,,,,,,,,,,,,,,,,,,,,,https://cdn.shopify.com/s/files/1/0912/9351/6071/files/img_4e898954_20250324_i1742809350920_2319_0_0_jpg.jpg?v=1759125116,8,,,,,,,,,,,
basket-bag-18-in-brown-beige-wicker-and-black-calfskin-trim,,,,,,,,,,,,,,,,,,,,,,,,,https://cdn.shopify.com/s/files/1/0912/9351/6071/files/img_4e898954_20250324_i1742809350928_5346_0_4_jpg.jpg?v=1759125116,9,,,,,,,,,,,
drawstring-bucket-bag-21-in-white-canvas-gold-hardware,DRAWSTRING BUCKET BAG 21 IN WHITE CANVAS GOLD HARDWARE,"<p>• Color: White</p>
<p>• Material: Canvas</p>
<p>• Size: 17 x 21 cm</p>
<p>• The products are 1:1 copies of the original version and they are the same from every detail.</p>
<p>• Support return and exchange in 1 month if the product is defective or the customer is not satisfied with the product.</p>",miumiu bag,,bag,shoulder bags,TRUE,Title,Default Title,,,,,,0,,0,deny,manual,241.50,,TRUE,FALSE,,https://cdn.shopify.com/s/files/1/0912/9351/6071/files/img_bfb6679a_20250322_i1742624136796_3867_0_0_jpg.jpg?v=1759125128,1,,,,,,g,,,,,active
drawstring-bucket-bag-21-in-white-canvas-gold-hardware,,,,,,,,,,,,,,,,,,,,,,,,,https://cdn.shopify.com/s/files/1/0912/9351/6071/files/img_bfb6679a_20250322_i1742624135517_3512_0_4_jpg.jpg?v=1759125128,2,,,,,,,,,,,
drawstring-bucket-bag-21-in-white-canvas-gold-hardware,,,,,,,,,,,,,,,,,,,,,,,,,https://cdn.shopify.com/s/files/1/0912/9351/6071/files/img_bfb6679a_20250322_i1742624135596_3733_0_5_jpg.jpg?v=1759125128,3,,,,,,,,,,,
drawstring-bucket-bag-21-in-white-canvas-gold-hardware,,,,,,,,,,,,,,,,,,,,,,,,,https://cdn.shopify.com/s/files/1/0912/9351/6071/files/img_bfb6679a_20250322_i1742624135615_2716_0_8_jpg.jpg?v=1759125128,4,,,,,,,,,,,
drawstring-bucket-bag-21-in-white-canvas-gold-hardware,,,,,,,,,,,,,,,,,,,,,,,,,https://cdn.shopify.com/s/files/1/0912/9351/6071/files/img_bfb6679a_20250322_i1742624135641_5170_0_3_jpg.jpg?v=1759125128,5,,,,,,,,,,,
drawstring-bucket-bag-21-in-white-canvas-gold-hardware,,,,,,,,,,,,,,,,,,,,,,,,,https://cdn.shopify.com/s/files/1/0912/9351/6071/files/img_bfb6679a_20250322_i1742624135648_1942_0_7_jpg.jpg?v=1759125128,6,,,,,,,,,,,
drawstring-bucket-bag-21-in-white-canvas-gold-hardware,,,,,,,,,,,,,,,,,,,,,,,,,https://cdn.shopify.com/s/files/1/0912/9351/6071/files/img_bfb6679a_20250322_i1742624136737_3116_0_1_jpg.jpg?v=1759125128,7,,,,,,,,,,,
drawstring-bucket-bag-21-in-white-canvas-gold-hardware,,,,,,,,,,,,,,,,,,,,,,,,,https://cdn.shopify.com/s/files/1/0912/9351/6071/files/img_bfb6679a_20250322_i1742624136764_6191_0_6_jpg.jpg?v=1759125128,8,,,,,,,,,,,
drawstring-bucket-bag-21-in-white-canvas-gold-hardware,,,,,,,,,,,,,,,,,,,,,,,,,https://cdn.shopify.com/s/files/1/0912/9351/6071/files/img_bfb6679a_20250322_i1742624136778_221_0_2_jpg.jpg?v=1759125128,9,,,,,,,,,,,
penny-small-bag-25-in-brown-calfskin,PENNY SMALL BAG 25 IN BROWN CALFSKIN,"<p>• Color: Brown</p>
<p>• Material: Calfskin</p>
<p>• Size: 25 x 15 cm</p>
<p>• The products are 1:1 copies of the original version and they are the same from every detail.</p>
<p>• Support return and exchange in 1 month if the product is defective or the customer is not satisfied with the product.</p>",miumiu bag,,bag,shoulder bags,TRUE,Title,Default Title,,,,,,0,,0,deny,manual,325.50,,TRUE,FALSE,,https://cdn.shopify.com/s/files/1/0912/9351/6071/files/imgHD_b2706193_20250322_i1742626161508_8235_0_3_jpg.jpg?v=1759125140,1,,,,,,g,,,,,active
penny-small-bag-25-in-brown-calfskin,,,,,,,,,,,,,,,,,,,,,,,,,https://cdn.shopify.com/s/files/1/0912/9351/6071/files/imgHD_b2706193_20250322_i1742626174042_5320_0_6_jpg.jpg?v=1759125140,2,,,,,,,,,,,
penny-small-bag-25-in-brown-calfskin,,,,,,,,,,,,,,,,,,,,,,,,,https://cdn.shopify.com/s/files/1/0912/9351/6071/files/imgHD_b2706193_20250322_i1742626174042_7848_0_7_jpg.jpg?v=1759125140,3,,,,,,,,,,,
penny-small-bag-25-in-brown-calfskin,,,,,,,,,,,,,,,,,,,,,,,,,https://cdn.shopify.com/s/files/1/0912/9351/6071/files/imgHD_b2706193_20250322_i1742626174043_2595_0_5_jpg.jpg?v=1759125140,4,,,,,,,,,,,
penny-small-bag-25-in-brown-calfskin,,,,,,,,,,,,,,,,,,,,,,,,,https://cdn.shopify.com/s/files/1/0912/9351/6071/files/imgHD_b2706193_20250322_i1742626139370_3449_0_3_jpg.jpg?v=1759125140,5,,,,,,,,,,,
penny-small-bag-25-in-brown-calfskin,,,,,,,,,,,,,,,,,,,,,,,,,https://cdn.shopify.com/s/files/1/0912/9351/6071/files/imgHD_b2706193_20250322_i1742626174043_8873_0_0_jpg.jpg?v=1759125140,6,,,,,,,,,,,
penny-small-bag-25-in-brown-calfskin,,,,,,,,,,,,,,,,,,,,,,,,,https://cdn.shopify.com/s/files/1/0912/9351/6071/files/imgHD_b2706193_20250322_i1742626175305_4545_0_2_jpg.jpg?v=1759125140,7,,,,,,,,,,,
penny-small-bag-25-in-brown-calfskin,,,,,,,,,,,,,,,,,,,,,,,,,https://cdn.shopify.com/s/files/1/0912/9351/6071/files/imgHD_b2706193_20250322_i1742626175306_7342_0_3_jpg.jpg?v=1759125140,8,,,,,,,,,,,
penny-small-bag-25-in-brown-calfskin,,,,,,,,,,,,,,,,,,,,,,,,,https://cdn.shopify.com/s/files/1/0912/9351/6071/files/imgHD_b2706193_20250322_i1742626175309_4899_0_4_jpg.jpg?v=1759125140,9,,,,,,,,,,,
chain-shoulder-bag-19-in-white-fabric-gold-hardware,CHAIN SHOULDER BAG 18 IN WHITE FABRIC GOLD HARDWARE,"<p>• Color: White</p>
<p>• Material: Fabric</p>
<p>• Size: 18 x 13 cm</p>
<p>• The products are 1:1 copies of the original version and they are the same from every detail.</p>
<p>• Support return and exchange in 1 month if the product is defective or the customer is not satisfied with the product.</p>",miumiu bag,,bag,wallet,TRUE,Title,Default Title,,,,,,0,,0,deny,manual,220.50,,TRUE,FALSE,,https://cdn.shopify.com/s/files/1/0912/9351/6071/files/img_2c7cb1ce_20250321_i1742539475324_6243_0_0_jpg.jpg?v=1759125153,1,,,,,,g,,,,,active
chain-shoulder-bag-19-in-white-fabric-gold-hardware,,,,,,,,,,,,,,,,,,,,,,,,,https://cdn.shopify.com/s/files/1/0912/9351/6071/files/img_2c7cb1ce_20250321_i1742539475335_6923_0_3_jpg.jpg?v=1759125153,2,,,,,,,,,,,
chain-shoulder-bag-19-in-white-fabric-gold-hardware,,,,,,,,,,,,,,,,,,,,,,,,,https://cdn.shopify.com/s/files/1/0912/9351/6071/files/img_2c7cb1ce_20250321_i1742539474699_3996_0_5_jpg.jpg?v=1759125153,3,,,,,,,,,,,
chain-shoulder-bag-19-in-white-fabric-gold-hardware,,,,,,,,,,,,,,,,,,,,,,,,,https://cdn.shopify.com/s/files/1/0912/9351/6071/files/img_2c7cb1ce_20250321_i1742539474706_9118_0_1_jpg.jpg?v=1759125153,4,,,,,,,,,,,
chain-shoulder-bag-19-in-white-fabric-gold-hardware,,,,,,,,,,,,,,,,,,,,,,,,,https://cdn.shopify.com/s/files/1/0912/9351/6071/files/img_2c7cb1ce_20250321_i1742539474733_7309_0_7_jpg.jpg?v=1759125153,5,,,,,,,,,,,
chain-shoulder-bag-19-in-white-fabric-gold-hardware,,,,,,,,,,,,,,,,,,,,,,,,,https://cdn.shopify.com/s/files/1/0912/9351/6071/files/img_2c7cb1ce_20250321_i1742539474735_4446_0_8_jpg.jpg?v=1759125153,6,,,,,,,,,,,
chain-shoulder-bag-19-in-white-fabric-gold-hardware,,,,,,,,,,,,,,,,,,,,,,,,,https://cdn.shopify.com/s/files/1/0912/9351/6071/files/img_2c7cb1ce_20250321_i1742539474751_1893_0_2_jpg.jpg?v=1759125153,7,,,,,,,,,,,
chain-shoulder-bag-19-in-white-fabric-gold-hardware,,,,,,,,,,,,,,,,,,,,,,,,,https://cdn.shopify.com/s/files/1/0912/9351/6071/files/img_2c7cb1ce_20250321_i1742539475313_7484_0_6_jpg.jpg?v=1759125153,8,,,,,,,,,,,
chain-shoulder-bag-19-in-white-fabric-gold-hardware,,,,,,,,,,,,,,,,,,,,,,,,,https://cdn.shopify.com/s/files/1/0912/9351/6071/files/img_2c7cb1ce_20250321_i1742539475321_3212_0_4_jpg.jpg?v=1759125153,9,,,,,,,,,,,
hollow-knitted-tote-bag-35-in-off-white-mix-black-woven-fabric,HOLLOW KNITTED TOTE BAG 35 IN OFF WHITE MIX BLACK WOVEN FABRIC,"<p>• Color: Off White</p>
<p>• Material: Fabric</p>
<p>• Size: 35 x 32 cm</p>
<p>• The products are 1:1 copies of the original version and they are the same from every detail.</p>
<p>• Support return and exchange in 1 month if the product is defective or the customer is not satisfied with the product.</p>",miumiu bag,,bag,"top handle, tote bag",TRUE,Title,Default Title,,,,,,0,,0,deny,manual,330.75,,TRUE,FALSE,,https://cdn.shopify.com/s/files/1/0912/9351/6071/files/img_3870440b_20250321_i1742535513521_6436_0_0_jpg_2b622c17-018b-4199-bc2b-447d15daf989.jpg?v=1780914371,1,,,,,,g,,,,,active
hollow-knitted-tote-bag-35-in-off-white-mix-black-woven-fabric,,,,,,,,,,,,,,,,,,,,,,,,,https://cdn.shopify.com/s/files/1/0912/9351/6071/files/img_3870440b_20250321_i1742535538984_86_0_8_jpg_c6dab141-e01c-4d8e-83d4-1f6a75490799.jpg?v=1780914371,2,,,,,,,,,,,
hollow-knitted-tote-bag-35-in-off-white-mix-black-woven-fabric,,,,,,,,,,,,,,,,,,,,,,,,,https://cdn.shopify.com/s/files/1/0912/9351/6071/files/img_3870440b_20250321_i1742535538986_6311_0_3_jpg_b1f0aa97-4543-4c55-9a15-95adb51419ac.jpg?v=1780914371,3,,,,,,,,,,,
hollow-knitted-tote-bag-35-in-off-white-mix-black-woven-fabric,,,,,,,,,,,,,,,,,,,,,,,,,https://cdn.shopify.com/s/files/1/0912/9351/6071/files/img_3870440b_20250321_i1742535539000_9014_0_1_jpg_db2abdfe-d282-49e0-a096-40ae0675e403.jpg?v=1780914371,4,,,,,,,,,,,
hollow-knitted-tote-bag-35-in-off-white-mix-black-woven-fabric,,,,,,,,,,,,,,,,,,,,,,,,,https://cdn.shopify.com/s/files/1/0912/9351/6071/files/img_3870440b_20250321_i1742535539054_436_0_6_jpg_0780c3db-9df7-4e77-a6f5-17887228f60e.jpg?v=1780914371,5,,,,,,,,,,,
hollow-knitted-tote-bag-35-in-off-white-mix-black-woven-fabric,,,,,,,,,,,,,,,,,,,,,,,,,https://cdn.shopify.com/s/files/1/0912/9351/6071/files/img_3870440b_20250321_i1742535540151_8401_0_4_jpg_c6394aa4-88b3-4508-b9a1-7c755468ec23.jpg?v=1780914371,6,,,,,,,,,,,
hollow-knitted-tote-bag-35-in-off-white-mix-black-woven-fabric,,,,,,,,,,,,,,,,,,,,,,,,,https://cdn.shopify.com/s/files/1/0912/9351/6071/files/img_3870440b_20250321_i1742535540172_3456_0_5_jpg_39557a01-e5c5-4ce4-85ff-a9dd6e8737f5.jpg?v=1780914371,7,,,,,,,,,,,
hollow-knitted-tote-bag-35-in-off-white-mix-black-woven-fabric,,,,,,,,,,,,,,,,,,,,,,,,,https://cdn.shopify.com/s/files/1/0912/9351/6071/files/img_3870440b_20250321_i1742535540173_924_0_7_jpg_c5748a1f-077e-46e9-9f89-d84633a5e397.jpg?v=1780914371,8,,,,,,,,,,,
hollow-knitted-tote-bag-35-in-off-white-mix-black-woven-fabric,,,,,,,,,,,,,,,,,,,,,,,,,https://cdn.shopify.com/s/files/1/0912/9351/6071/files/img_3870440b_20250321_i1742535540179_2393_0_2_jpg_a9b178d5-08ab-43e9-8cc3-efd5910dcb84.jpg?v=1780914371,9,,,,,,,,,,,
miu-miu-beau-tote-bag-black-leather-gold-tone-hardware,Miu Miu Beau Tote Bag Black Leather Gold-Tone Hardware,"<p><strong>DESCRIPTION</strong></p>
<p><span>•  Black White</span></p>
<p><span>• Leather</span></p>
<p><span>• Dimension : 29X17X9cm</span></p>
<p>• The products are 1:1 copies of the original version and they are the same from every detail.</p>
<p>• Support return and exchange in 1 month if the product is defective or the customer is not satisfied with the product.</p>
<div>
<ul></ul>
<br>
</div>",miumiu bag,,bag,"28.5, new arrival, shoulder bags, tote bag",TRUE,Title,Default Title,,,,,,0,,0,deny,manual,399.00,,FALSE,FALSE,,https://cdn.shopify.com/s/files/1/0912/9351/6071/files/Image_20250526213438.jpg?v=1759125211,1,,,,,,g,,,,,active
miu-miu-beau-tote-bag-black-leather-gold-tone-hardware,,,,,,,,,,,,,,,,,,,,,,,,,https://cdn.shopify.com/s/files/1/0912/9351/6071/files/Image_20250526213442.jpg?v=1759125211,2,,,,,,,,,,,
miu-miu-beau-tote-bag-black-leather-gold-tone-hardware,,,,,,,,,,,,,,,,,,,,,,,,,https://cdn.shopify.com/s/files/1/0912/9351/6071/files/Image_20250526213454.jpg?v=1759125211,3,,,,,,,,,,,
miu-miu-beau-tote-bag-black-leather-gold-tone-hardware,,,,,,,,,,,,,,,,,,,,,,,,,https://cdn.shopify.com/s/files/1/0912/9351/6071/files/Image_20250526213451.jpg?v=1759125211,4,,,,,,,,,,,
miu-miu-beau-tote-bag-black-leather-gold-tone-hardware,,,,,,,,,,,,,,,,,,,,,,,,,https://cdn.shopify.com/s/files/1/0912/9351/6071/files/Image_20250526213448.jpg?v=1759125211,5,,,,,,,,,,,
miu-miu-beau-tote-bag-black-leather-gold-tone-hardware,,,,,,,,,,,,,,,,,,,,,,,,,https://cdn.shopify.com/s/files/1/0912/9351/6071/files/Image_20250526213445.jpg?v=1759125211,6,,,,,,,,,,,
miu-miu-beau-tote-bag-black-leather-gold-tone-hardware,,,,,,,,,,,,,,,,,,,,,,,,,https://cdn.shopify.com/s/files/1/0912/9351/6071/files/Image_20250526213507.jpg?v=1759125211,7,,,,,,,,,,,
miu-miu-beau-tote-bag-black-leather-gold-tone-hardware,,,,,,,,,,,,,,,,,,,,,,,,,https://cdn.shopify.com/s/files/1/0912/9351/6071/files/Image_20250526213514.jpg?v=1759125211,8,,,,,,,,,,,
miu-miu-beau-tote-bag-black-leather-gold-tone-hardware,,,,,,,,,,,,,,,,,,,,,,,,,https://cdn.shopify.com/s/files/1/0912/9351/6071/files/Image_20250526213511.jpg?v=1759125211,9,,,,,,,,,,,
ivy-40-tote-in-white-canvas,IVY 40 TOTE IN WHITE CANVAS,"<ul>
<li><span data-mce-fragment=""1"">Color: White<br><br></span></li>
<li>
<span data-mce-fragment=""1""><span>Size: 40 x 35 Cm</span></span>
<div class=""index-module_foldText_TFDUn"">
<div class=""index-module_text_HePJ3"">
<div class=""index-module_ellipsisText_pYRbE""><br></div>
</div>
</div>
</li>
<li>
<span data-mce-fragment=""1""><span>Material : Canvas<br></span></span><span data-mce-fragment=""1""><span><br></span></span>
</li>
<li> The products are 1:1 copies of the original version and they are the same from every detail.<br><br>
</li>
<li>Support return and exchange in 1 month if the product is defective or the customer is not satisfied with the product.
<div id=""chat-box-input-container-id"" class=""chat-box-input-container"">
<div id=""chatInput"" class=""chat-box-input--audit-2023 chat-box-input--to-focus win32"">
<div id=""chat-input-container-id"" class=""chat-input-container--audit-2023"">
<div class=""chat-input-container--audit-2023__left-layout"">
<div id=""chat-input-scroller-id"" class=""chat-input-scrollable"">
<div class=""chat-input-wrapper"">
<div id=""chat-input-content-id"" class=""chat-input-content""></div>
</div>
</div>
</div>
</div>
</div>
</div>
</li>
</ul>
<p> </p>
<ul></ul>",miumiu bag,,bag,"shoulder bags, top handle, tote bag",TRUE,Title,Default Title,,,,,,0,,0,deny,manual,346.50,,TRUE,FALSE,,https://cdn.shopify.com/s/files/1/0912/9351/6071/files/i1715193888_9786_0_dc107197-94a7-48fa-b0c6-c4d8d02092ef.jpg?v=1782294812,1,,,,,,g,,,,,active
ivy-40-tote-in-white-canvas,,,,,,,,,,,,,,,,,,,,,,,,,https://cdn.shopify.com/s/files/1/0912/9351/6071/files/20240507_i1715077254_5888_1_jpg_e7918650-727e-4cf2-b58c-13ec33137fda.jpg?v=1782294812,2,,,,,,,,,,,
ivy-40-tote-in-white-canvas,,,,,,,,,,,,,,,,,,,,,,,,,https://cdn.shopify.com/s/files/1/0912/9351/6071/files/20240507_i1715077254_1473_2_jpg_13928859-af8f-4d28-97fd-2ade2d14ca96.jpg?v=1782294812,3,,,,,,,,,,,
ivy-40-tote-in-white-canvas,,,,,,,,,,,,,,,,,,,,,,,,,https://cdn.shopify.com/s/files/1/0912/9351/6071/files/20240507_i1715077254_2656_0_jpg_257beacd-33d4-4cad-8044-322890a53dba.jpg?v=1782294812,4,,,,,,,,,,,
ivy-40-tote-in-white-canvas,,,,,,,,,,,,,,,,,,,,,,,,,https://cdn.shopify.com/s/files/1/0912/9351/6071/files/20240507_i1715077254_7462_4_jpg_90a8c059-ac3a-45af-83ec-0f0ab263fb11.jpg?v=1782294812,5,,,,,,,,,,,
ivy-40-tote-in-white-canvas,,,,,,,,,,,,,,,,,,,,,,,,,https://cdn.shopify.com/s/files/1/0912/9351/6071/files/20240507_i1715077254_3587_3_jpg_3f63e895-e630-4374-bb6f-95cf56d21abe.jpg?v=1782294812,6,,,,,,,,,,,
ivy-40-tote-in-white-canvas,,,,,,,,,,,,,,,,,,,,,,,,,https://cdn.shopify.com/s/files/1/0912/9351/6071/files/20240507_i1715077254_6386_5_jpg_d81fb4aa-1497-4650-ad0c-5cae0e3b50e0.jpg?v=1782294812,7,,,,,,,,,,,
hobo-40-tote-in-black-calfskin,HOBO 40 TOTE IN BLACK CALFSKIN,"<ul>
<li><span data-mce-fragment=""1"">Color: Black<br><br></span></li>
<li>
<span data-mce-fragment=""1""><span>Size: 40 x 35 Cm<br></span></span>
<div class=""index-module_foldText_TFDUn"">
<div class=""index-module_text_HePJ3"">
<div class=""index-module_ellipsisText_pYRbE""><br></div>
</div>
</div>
</li>
<li><span data-mce-fragment=""1""><span>Handle height: 60cm<br><br></span></span></li>
<li>
<span data-mce-fragment=""1""><span>Material : Calfskin<br></span></span><span data-mce-fragment=""1""><span><br></span></span>
</li>
<li> The products are 1:1 copies of the original version and they are the same from every detail.<br><br>
</li>
<li>Support return and exchange in 1 month if the product is defective or the customer is not satisfied with the product.
<div id=""chat-box-input-container-id"" class=""chat-box-input-container"">
<div id=""chatInput"" class=""chat-box-input--audit-2023 chat-box-input--to-focus win32"">
<div id=""chat-input-container-id"" class=""chat-input-container--audit-2023"">
<div class=""chat-input-container--audit-2023__left-layout"">
<div id=""chat-input-scroller-id"" class=""chat-input-scrollable"">
<div class=""chat-input-wrapper"">
<div id=""chat-input-content-id"" class=""chat-input-content""></div>
</div>
</div>
</div>
</div>
</div>
</div>
</li>
</ul>
<p> </p>
<ul></ul>",miumiu bag,,bag,"hobo bag, shoulder bags, top handle",TRUE,Title,Default Title,,,,,,0,,0,deny,manual,294.00,,TRUE,FALSE,,https://cdn.shopify.com/s/files/1/0912/9351/6071/files/20231107_a1699324093000_2603_jpg.jpg?v=1759120483,1,,,,,,g,,,,,active
hobo-40-tote-in-black-calfskin,,,,,,,,,,,,,,,,,,,,,,,,,https://cdn.shopify.com/s/files/1/0912/9351/6071/files/20231107_a1699324093126_6263_jpg.jpg?v=1759120483,2,,,,,,,,,,,
hobo-40-tote-in-black-calfskin,,,,,,,,,,,,,,,,,,,,,,,,,https://cdn.shopify.com/s/files/1/0912/9351/6071/files/20231107_a1699324093189_3421_jpg.jpg?v=1759120483,3,,,,,,,,,,,
hobo-40-tote-in-black-calfskin,,,,,,,,,,,,,,,,,,,,,,,,,https://cdn.shopify.com/s/files/1/0912/9351/6071/files/20231107_a1699324093402_6406_jpg.jpg?v=1759120483,4,,,,,,,,,,,
hobo-40-tote-in-black-calfskin,,,,,,,,,,,,,,,,,,,,,,,,,https://cdn.shopify.com/s/files/1/0912/9351/6071/files/20231107_a1699324093336_4024_jpg.jpg?v=1759120483,5,,,,,,,,,,,
hobo-40-tote-in-black-calfskin,,,,,,,,,,,,,,,,,,,,,,,,,https://cdn.shopify.com/s/files/1/0912/9351/6071/files/20231107_a1699324093252_0021_jpg.jpg?v=1759120483,6,,,,,,,,,,,
hobo-40-tote-in-black-calfskin,,,,,,,,,,,,,,,,,,,,,,,,,https://cdn.shopify.com/s/files/1/0912/9351/6071/files/20231107_a1699324094025_7663_jpg.jpg?v=1759120483,7,,,,,,,,,,,
hobo-40-tote-in-black-calfskin,,,,,,,,,,,,,,,,,,,,,,,,,https://cdn.shopify.com/s/files/1/0912/9351/6071/files/20231107_a1699324094314_6615_jpg.jpg?v=1759120483,8,,,,,,,,,,,
hobo-40-tote-in-black-calfskin,,,,,,,,,,,,,,,,,,,,,,,,,https://cdn.shopify.com/s/files/1/0912/9351/6071/files/20231107_a1699324093554_4883_jpg.jpg?v=1759120483,9,,,,,,,,,,,
mini-hobo-17-bag-in-white-sheepskin,MINI HOBO 17 BAG IN WHITE LAMBSKIN,"<ul>
<li><span data-mce-fragment=""1"">Color: White<br><br></span></li>
<li>
<span data-mce-fragment=""1""><span>Size: Base length 17.5cm x Base width 5.5cm x Height 14cm<br></span></span><span data-mce-fragment=""1""><span><br></span></span>
</li>
<li>
<span data-mce-fragment=""1""><span>Material : Sheepskin<br></span></span><span data-mce-fragment=""1""><span><br></span></span>
</li>
<li> The products are 1:1 copies of the original version and they are the same from every detail.<br><br>
</li>
<li>Support return and exchange in 1 month if the product is defective or the customer is not satisfied with the product.
<div id=""chat-box-input-container-id"" class=""chat-box-input-container"">
<div id=""chatInput"" class=""chat-box-input--audit-2023 chat-box-input--to-focus win32"">
<div id=""chat-input-container-id"" class=""chat-input-container--audit-2023"">
<div class=""chat-input-container--audit-2023__left-layout"">
<div id=""chat-input-scroller-id"" class=""chat-input-scrollable"">
<div class=""chat-input-wrapper"">
<div id=""chat-input-content-id"" class=""chat-input-content""></div>
</div>
</div>
</div>
</div>
</div>
</div>
</li>
</ul>
<p> </p>
<ul></ul>",miumiu bag,,bag,"hobo bag, shoulder bags, top handle",TRUE,Title,Default Title,,,,,,0,,0,deny,manual,336.00,,TRUE,FALSE,,https://cdn.shopify.com/s/files/1/0912/9351/6071/files/20230411_i1681195686_4943_4_jpg_b1812fe7-b3bf-4d1f-9786-95260fea1dd1.jpg?v=1779758810,1,,,,,,g,,,,,active
mini-hobo-17-bag-in-white-sheepskin,,,,,,,,,,,,,,,,,,,,,,,,,https://cdn.shopify.com/s/files/1/0912/9351/6071/files/20230411_i1681195686_6340_1_jpg_1d2f17c4-7c50-4774-b8cd-51803a016536.jpg?v=1779758810,2,,,,,,,,,,,
mini-hobo-17-bag-in-white-sheepskin,,,,,,,,,,,,,,,,,,,,,,,,,https://cdn.shopify.com/s/files/1/0912/9351/6071/files/20230411_i1681195686_9554_0_jpg_b3bf0b9e-ed98-4c36-ab7b-a0ff4c741ca8.jpg?v=1779758811,3,,,,,,,,,,,
mini-hobo-17-bag-in-white-sheepskin,,,,,,,,,,,,,,,,,,,,,,,,,https://cdn.shopify.com/s/files/1/0912/9351/6071/files/20230411_i1681195686_1238_2_jpg_dec8eab5-60eb-4375-a174-62925087fce5.jpg?v=1779758810,4,,,,,,,,,,,
mini-hobo-17-bag-in-white-sheepskin,,,,,,,,,,,,,,,,,,,,,,,,,https://cdn.shopify.com/s/files/1/0912/9351/6071/files/20230411_i1681195686_4185_8_jpg_30e3cc65-dbff-4516-947d-3a83d8aaf6e5.jpg?v=1779758811,5,,,,,,,,,,,
mini-hobo-17-bag-in-white-sheepskin,,,,,,,,,,,,,,,,,,,,,,,,,https://cdn.shopify.com/s/files/1/0912/9351/6071/files/20230411_i1681195686_1852_6_jpg_1f99421a-4b1e-48d3-9558-472602b19772.jpg?v=1779758810,6,,,,,,,,,,,
mini-hobo-17-bag-in-white-sheepskin,,,,,,,,,,,,,,,,,,,,,,,,,https://cdn.shopify.com/s/files/1/0912/9351/6071/files/20230411_i1681195686_2771_5_jpg_5d287156-99d4-4379-9f05-82bccd165bb3.jpg?v=1779758811,7,,,,,,,,,,,
mini-hobo-17-bag-in-white-sheepskin,,,,,,,,,,,,,,,,,,,,,,,,,https://cdn.shopify.com/s/files/1/0912/9351/6071/files/20230411_i1681195686_3569_3_jpg_aa9ec419-4a97-47f7-bbc1-acafb991df0e.jpg?v=1779758810,8,,,,,,,,,,,
mini-hobo-17-bag-in-white-sheepskin,,,,,,,,,,,,,,,,,,,,,,,,,https://cdn.shopify.com/s/files/1/0912/9351/6071/files/20230411_i1681195686_8470_7_jpg_11d5d4af-fe9d-4880-ace2-84b121887882.jpg?v=1779758811,9,,,,,,,,,,,
mini-hobo-20-bag-in-white-sheepskin,MINI HOBO 20 BAG IN WHITE LAMBSKIN,"<ul>
<li><span data-mce-fragment=""1"">Color: White<br><br></span></li>
<li>
<span data-mce-fragment=""1""><span>Size: Base length 20cm x Base width 6cm x Height 17cm<br></span></span><span data-mce-fragment=""1""><span><br></span></span>
</li>
<li>
<span data-mce-fragment=""1""><span>Material : Sheepskin<br></span></span><span data-mce-fragment=""1""><span><br></span></span>
</li>
<li> The products are 1:1 copies of the original version and they are the same from every detail.<br><br>
</li>
<li>Support return and exchange in 1 month if the product is defective or the customer is not satisfied with the product.
<div id=""chat-box-input-container-id"" class=""chat-box-input-container"">
<div id=""chatInput"" class=""chat-box-input--audit-2023 chat-box-input--to-focus win32"">
<div id=""chat-input-container-id"" class=""chat-input-container--audit-2023"">
<div class=""chat-input-container--audit-2023__left-layout"">
<div id=""chat-input-scroller-id"" class=""chat-input-scrollable"">
<div class=""chat-input-wrapper"">
<div id=""chat-input-content-id"" class=""chat-input-content""></div>
</div>
</div>
</div>
</div>
</div>
</div>
</li>
</ul>
<p> </p>
<ul></ul>",miumiu bag,,bag,"hobo bag, shoulder bags, top handle",TRUE,Title,Default Title,,,,,,0,,0,deny,manual,294.00,,TRUE,FALSE,,https://cdn.shopify.com/s/files/1/0912/9351/6071/files/20230411_i1681191607_9949_0_jpg.jpg?v=1759120370,1,,,,,,g,,,,,active
mini-hobo-20-bag-in-white-sheepskin,,,,,,,,,,,,,,,,,,,,,,,,,https://cdn.shopify.com/s/files/1/0912/9351/6071/files/20230411_i1681191607_7020_1_jpg.jpg?v=1759120370,2,,,,,,,,,,,
mini-hobo-20-bag-in-white-sheepskin,,,,,,,,,,,,,,,,,,,,,,,,,https://cdn.shopify.com/s/files/1/0912/9351/6071/files/20230411_i1681191607_1925_2_jpg.jpg?v=1759120370,3,,,,,,,,,,,
mini-hobo-20-bag-in-white-sheepskin,,,,,,,,,,,,,,,,,,,,,,,,,https://cdn.shopify.com/s/files/1/0912/9351/6071/files/20230411_i1681191607_992_5_jpg.jpg?v=1759120370,4,,,,,,,,,,,
mini-hobo-20-bag-in-white-sheepskin,,,,,,,,,,,,,,,,,,,,,,,,,https://cdn.shopify.com/s/files/1/0912/9351/6071/files/20230411_i1681191607_4680_8_jpg.jpg?v=1759120370,5,,,,,,,,,,,
mini-hobo-20-bag-in-white-sheepskin,,,,,,,,,,,,,,,,,,,,,,,,,https://cdn.shopify.com/s/files/1/0912/9351/6071/files/20230411_i1681191607_327_6_jpg.jpg?v=1759120370,6,,,,,,,,,,,
mini-hobo-20-bag-in-white-sheepskin,,,,,,,,,,,,,,,,,,,,,,,,,https://cdn.shopify.com/s/files/1/0912/9351/6071/files/20230411_i1681191607_3094_4_jpg.jpg?v=1759120370,7,,,,,,,,,,,
mini-hobo-20-bag-in-white-sheepskin,,,,,,,,,,,,,,,,,,,,,,,,,https://cdn.shopify.com/s/files/1/0912/9351/6071/files/20230411_i1681191607_9856_7_jpg.jpg?v=1759120370,8,,,,,,,,,,,
mini-hobo-20-bag-in-white-sheepskin,,,,,,,,,,,,,,,,,,,,,,,,,https://cdn.shopify.com/s/files/1/0912/9351/6071/files/20230411_i1681191607_8254_3_jpg.jpg?v=1759120370,9,,,,,,,,,,,
beau-bag-34-in-black-leather,BEAU BAG 34 IN BLACK LEATHER,"<ul>
<li><span data-mce-fragment=""1"">Color: Black<br><br></span></li>
<li>
<span data-mce-fragment=""1""><span>Size: 23×34×12cm</span></span>
<div class=""index-module_foldText_TFDUn"">
<div class=""index-module_text_HePJ3"">
<div class=""index-module_ellipsisText_pYRbE""><br></div>
</div>
</div>
</li>
<li>
<span data-mce-fragment=""1""><span>Material : Leather<br></span></span><span data-mce-fragment=""1""><span><br></span></span><span data-mce-fragment=""1""><span></span></span>
</li>
<li> The products are 1:1 copies of the original version and they are the same from every detail.<br><br>
</li>
<li>Support return and exchange in 1 month if the product is defective or the customer is not satisfied with the product.
<div id=""chat-box-input-container-id"" class=""chat-box-input-container"">
<div id=""chatInput"" class=""chat-box-input--audit-2023 chat-box-input--to-focus win32"">
<div id=""chat-input-container-id"" class=""chat-input-container--audit-2023"">
<div class=""chat-input-container--audit-2023__left-layout"">
<div id=""chat-input-scroller-id"" class=""chat-input-scrollable"">
<div class=""chat-input-wrapper"">
<div id=""chat-input-content-id"" class=""chat-input-content""></div>
</div>
</div>
</div>
</div>
</div>
</div>
</li>
</ul>
<p> </p>
<ul></ul>",miumiu bag,,bag,"top handle, tote bag",TRUE,Title,Default Title,,,,,,0,,0,deny,manual,430.50,,TRUE,FALSE,,https://cdn.shopify.com/s/files/1/0912/9351/6071/files/20240314_i1710405715_1174_0_jpg_fd668669-cbcf-42de-a943-1fb27aa76fd5.jpg?v=1775730598,1,,,,,,g,,,,,active
beau-bag-34-in-black-leather,,,,,,,,,,,,,,,,,,,,,,,,,https://cdn.shopify.com/s/files/1/0912/9351/6071/files/20240314_i1710405715_7332_4_jpg_2de2eb08-1193-447e-b749-e37156a46a76.jpg?v=1775730598,2,,,,,,,,,,,
beau-bag-34-in-black-leather,,,,,,,,,,,,,,,,,,,,,,,,,https://cdn.shopify.com/s/files/1/0912/9351/6071/files/20240314_i1710405715_2154_1_jpg_db5e97e7-2679-41d3-a4ff-fbcc0ce23efa.jpg?v=1775730598,3,,,,,,,,,,,
beau-bag-34-in-black-leather,,,,,,,,,,,,,,,,,,,,,,,,,https://cdn.shopify.com/s/files/1/0912/9351/6071/files/20240314_i1710405715_874_6_jpg_3e4a9b83-a839-442b-ba25-f3af8d05cf45.jpg?v=1775730598,4,,,,,,,,,,,
beau-bag-34-in-black-leather,,,,,,,,,,,,,,,,,,,,,,,,,https://cdn.shopify.com/s/files/1/0912/9351/6071/files/20240314_i1710405715_7610_8_jpg_54db71aa-8989-4b4a-966b-c1ccbda33bef.jpg?v=1775730598,5,,,,,,,,,,,
beau-bag-34-in-black-leather,,,,,,,,,,,,,,,,,,,,,,,,,https://cdn.shopify.com/s/files/1/0912/9351/6071/files/20240314_i1710405715_8963_7_jpg_cfd82f54-80cb-4f14-9001-564ea6c565a2.jpg?v=1775730598,6,,,,,,,,,,,
beau-bag-34-in-black-leather,,,,,,,,,,,,,,,,,,,,,,,,,https://cdn.shopify.com/s/files/1/0912/9351/6071/files/20240314_i1710405715_3280_5_jpg_c5285cc2-826b-451b-813d-bedabec83ccc.jpg?v=1775730598,7,,,,,,,,,,,
beau-bag-34-in-black-leather,,,,,,,,,,,,,,,,,,,,,,,,,https://cdn.shopify.com/s/files/1/0912/9351/6071/files/20240314_i1710405715_4773_3_jpg_f642aa91-b6b5-4984-8f8a-a89b4e04620f.jpg?v=1775730598,8,,,,,,,,,,,
beau-bag-34-in-black-leather,,,,,,,,,,,,,,,,,,,,,,,,,https://cdn.shopify.com/s/files/1/0912/9351/6071/files/20240314_i1710406182_3146_0_jpg_6622cd24-7fb3-41ce-aa34-df031f18af27.jpg?v=1775730598,9,,,,,,,,,,,
beau-bag-34-in-caramel-brown-leather,BEAU BAG 34 IN CARAMEL BROWN LEATHER,"<ul>
<li><span data-mce-fragment=""1"">Color: Caramel Brown<br><br></span></li>
<li>
<span data-mce-fragment=""1""><span>Size: 23×34×12cm</span></span>
<div class=""index-module_foldText_TFDUn"">
<div class=""index-module_text_HePJ3"">
<div class=""index-module_ellipsisText_pYRbE""><br></div>
</div>
</div>
</li>
<li>
<span data-mce-fragment=""1""><span>Material : Leather<br></span></span><span data-mce-fragment=""1""><span><br></span></span><span data-mce-fragment=""1""><span></span></span>
</li>
<li> The products are 1:1 copies of the original version and they are the same from every detail.<br><br>
</li>
<li>Support return and exchange in 1 month if the product is defective or the customer is not satisfied with the product.
<div id=""chat-box-input-container-id"" class=""chat-box-input-container"">
<div id=""chatInput"" class=""chat-box-input--audit-2023 chat-box-input--to-focus win32"">
<div id=""chat-input-container-id"" class=""chat-input-container--audit-2023"">
<div class=""chat-input-container--audit-2023__left-layout"">
<div id=""chat-input-scroller-id"" class=""chat-input-scrollable"">
<div class=""chat-input-wrapper"">
<div id=""chat-input-content-id"" class=""chat-input-content""></div>
</div>
</div>
</div>
</div>
</div>
</div>
</li>
</ul>
<p> </p>
<ul></ul>",miumiu bag,,bag,"top handle, tote bag",TRUE,Title,Default Title,,,,,,0,,0,deny,manual,430.50,,TRUE,FALSE,,https://cdn.shopify.com/s/files/1/0912/9351/6071/files/20240313_i1710314236_1319_0_jpg_501b7195-f43d-46f4-b182-0490e51ca3b8.jpg?v=1775730600,1,,,,,,g,,,,,active
beau-bag-34-in-caramel-brown-leather,,,,,,,,,,,,,,,,,,,,,,,,,https://cdn.shopify.com/s/files/1/0912/9351/6071/files/20240313_i1710315092_9589_0_jpg_90fc40ef-cc67-473e-94d3-19207f4ee774.jpg?v=1775730600,2,,,,,,,,,,,
beau-bag-34-in-caramel-brown-leather,,,,,,,,,,,,,,,,,,,,,,,,,https://cdn.shopify.com/s/files/1/0912/9351/6071/files/20240313_i1710314236_5119_2_jpg.jpg?v=1775730600,3,,,,,,,,,,,
beau-bag-34-in-caramel-brown-leather,,,,,,,,,,,,,,,,,,,,,,,,,https://cdn.shopify.com/s/files/1/0912/9351/6071/files/20240313_i1710314236_2534_8_jpg_9661280d-cc2e-439a-9e4e-adfef3677e07.jpg?v=1775730600,4,,,,,,,,,,,
beau-bag-34-in-caramel-brown-leather,,,,,,,,,,,,,,,,,,,,,,,,,https://cdn.shopify.com/s/files/1/0912/9351/6071/files/20240313_i1710314236_37_6_jpg_1bccd158-e95e-42cc-adf4-83df30fe5e65.jpg?v=1775730600,5,,,,,,,,,,,
beau-bag-34-in-caramel-brown-leather,,,,,,,,,,,,,,,,,,,,,,,,,https://cdn.shopify.com/s/files/1/0912/9351/6071/files/20240313_i1710314236_2093_4_jpg_714f218b-a516-4075-a3bb-d76652134ca8.jpg?v=1775730600,6,,,,,,,,,,,
beau-bag-34-in-caramel-brown-leather,,,,,,,,,,,,,,,,,,,,,,,,,https://cdn.shopify.com/s/files/1/0912/9351/6071/files/20240313_i1710314236_3221_7_jpg_e8e2936e-7caf-4593-9e82-247a270e9aa8.jpg?v=1775730600,7,,,,,,,,,,,
beau-bag-34-in-caramel-brown-leather,,,,,,,,,,,,,,,,,,,,,,,,,https://cdn.shopify.com/s/files/1/0912/9351/6071/files/20240313_i1710314236_8941_5_jpg_95dabadf-b590-4922-bb37-ba5dded2bb66.jpg?v=1775730600,8,,,,,,,,,,,
beau-bag-34-in-caramel-brown-leather,,,,,,,,,,,,,,,,,,,,,,,,,https://cdn.shopify.com/s/files/1/0912/9351/6071/files/20240313_i1710314236_9404_3_jpg_91fcbdf7-407e-439b-a248-9306343e9c6e.jpg?v=1775730600,9,,,,,,,,,,,
crochet-30-tote-bag-in-multicolor-fabric,CROCHET 30 TOTE BAG IN MULTICOLOR FABRIC,"<ul>
<li><span data-mce-fragment=""1"">Color: Multicolor<br><br></span></li>
<li>
<span data-mce-fragment=""1""><span>Size: 30 </span></span><span data-mce-fragment=""1""><span>cm</span></span>
<div class=""index-module_foldText_TFDUn"">
<div class=""index-module_text_HePJ3"">
<div class=""index-module_ellipsisText_pYRbE""><br></div>
</div>
</div>
</li>
<li>
<span data-mce-fragment=""1""><span>Material : Fabric<br></span></span><span data-mce-fragment=""1""><span><br></span></span><span data-mce-fragment=""1""><span></span></span>
</li>
<li> The products are 1:1 copies of the original version and they are the same from every detail.<br><br>
</li>
<li>Support return and exchange in 1 month if the product is defective or the customer is not satisfied with the product.
<div class=""chat-box-input-container"" id=""chat-box-input-container-id"">
<div class=""chat-box-input--audit-2023 chat-box-input--to-focus win32"" id=""chatInput"">
<div class=""chat-input-container--audit-2023"" id=""chat-input-container-id"">
<div class=""chat-input-container--audit-2023__left-layout"">
<div class=""chat-input-scrollable"" id=""chat-input-scroller-id"">
<div class=""chat-input-wrapper"">
<div class=""chat-input-content"" id=""chat-input-content-id""></div>
</div>
</div>
</div>
</div>
</div>
</div>
</li>
</ul>
<p> </p>
<ul></ul>",miumiu bag,,bag,"top handle, tote bag",TRUE,Title,Default Title,,,,,,0,,0,deny,manual,241.50,,TRUE,FALSE,,https://cdn.shopify.com/s/files/1/0912/9351/6071/files/img_085a3710_20240619_i1718782562_311_7_jpg.jpg?v=1759119989,1,,,,,,g,,,,,active
crochet-30-tote-bag-in-multicolor-fabric,,,,,,,,,,,,,,,,,,,,,,,,,https://cdn.shopify.com/s/files/1/0912/9351/6071/files/img_085a3710_20240619_i1718782562_5160_2_jpg.jpg?v=1759119989,2,,,,,,,,,,,
crochet-30-tote-bag-in-multicolor-fabric,,,,,,,,,,,,,,,,,,,,,,,,,https://cdn.shopify.com/s/files/1/0912/9351/6071/files/img_085a3710_20240619_i1718782562_3766_3_jpg.jpg?v=1759119989,3,,,,,,,,,,,
crochet-30-tote-bag-in-multicolor-fabric,,,,,,,,,,,,,,,,,,,,,,,,,https://cdn.shopify.com/s/files/1/0912/9351/6071/files/img_085a3710_20240619_i1718782562_842_4_jpg.jpg?v=1759119989,4,,,,,,,,,,,
crochet-30-tote-bag-in-multicolor-fabric,,,,,,,,,,,,,,,,,,,,,,,,,https://cdn.shopify.com/s/files/1/0912/9351/6071/files/img_085a3710_20240619_i1718782562_2474_0_jpg.jpg?v=1759119989,5,,,,,,,,,,,
crochet-30-tote-bag-in-multicolor-fabric,,,,,,,,,,,,,,,,,,,,,,,,,https://cdn.shopify.com/s/files/1/0912/9351/6071/files/img_085a3710_20240619_i1718782562_2520_5_jpg.jpg?v=1759119989,6,,,,,,,,,,,
crochet-30-tote-bag-in-multicolor-fabric,,,,,,,,,,,,,,,,,,,,,,,,,https://cdn.shopify.com/s/files/1/0912/9351/6071/files/img_085a3710_20240619_i1718782562_8330_6_jpg.jpg?v=1759119989,7,,,,,,,,,,,
crochet-30-tote-bag-in-multicolor-fabric,,,,,,,,,,,,,,,,,,,,,,,,,https://cdn.shopify.com/s/files/1/0912/9351/6071/files/img_085a3710_20240619_i1718782562_9271_8_jpg.jpg?v=1759119989,8,,,,,,,,,,,
crochet-30-tote-bag-in-multicolor-fabric,,,,,,,,,,,,,,,,,,,,,,,,,https://cdn.shopify.com/s/files/1/0912/9351/6071/files/img_085a3710_20240619_i1718782562_9725_1_jpg.jpg?v=1759119989,9,,,,,,,,,,,
tote-bag-36-in-colorful-horizontal-raffia-woven,TOTE BAG 36 IN COLORFUL HORIZONTAL RAFFIA WOVEN,"<ul>
<li><span data-mce-fragment=""1"">Color: Colorful<br><br></span></li>
<li><span data-mce-fragment=""1""><span>Size: 32 x 36 cm<br><br></span></span></li>
<li>
<span data-mce-fragment=""1""><span>Material : Horizontal Raffia Woven<br></span></span><span data-mce-fragment=""1""><span><br></span></span><span data-mce-fragment=""1""><span></span></span>
</li>
<li> The products are 1:1 copies of the original version and they are the same from every detail.<br><br>
</li>
<li>Support return and exchange in 1 month if the product is defective or the customer is not satisfied with the product.
<div class=""chat-box-input-container"" id=""chat-box-input-container-id"">
<div class=""chat-box-input--audit-2023 chat-box-input--to-focus win32"" id=""chatInput"">
<div class=""chat-input-container--audit-2023"" id=""chat-input-container-id"">
<div class=""chat-input-container--audit-2023__left-layout"">
<div class=""chat-input-scrollable"" id=""chat-input-scroller-id"">
<div class=""chat-input-wrapper"">
<div class=""chat-input-content"" id=""chat-input-content-id""></div>
</div>
</div>
</div>
</div>
</div>
</div>
</li>
</ul>
<p> </p>
<ul></ul>",miumiu bag,,bag,"shoulder bags, top handle, tote bag",TRUE,Title,Default Title,,,,,,0,,0,deny,manual,330.75,,TRUE,FALSE,,https://cdn.shopify.com/s/files/1/0912/9351/6071/files/img_9af7c1b1_20240528_i1716861948_52_0_jpg_dedbfcc2-81c9-4f59-a9d4-158a454552e5.jpg?v=1782531923,1,,,,,,g,,,,,active
tote-bag-36-in-colorful-horizontal-raffia-woven,,,,,,,,,,,,,,,,,,,,,,,,,https://cdn.shopify.com/s/files/1/0912/9351/6071/files/img_9af7c1b1_20240528_i1716861948_1240_0_jpg_9d16b8df-5380-405c-949a-a411c5b3d73c.jpg?v=1782531923,2,,,,,,,,,,,
tote-bag-36-in-colorful-horizontal-raffia-woven,,,,,,,,,,,,,,,,,,,,,,,,,https://cdn.shopify.com/s/files/1/0912/9351/6071/files/img_9af7c1b1_20240528_i1716861948_3373_0_jpg_a24ba974-dbe9-40a8-a384-6057048323e1.jpg?v=1782531923,3,,,,,,,,,,,
tote-bag-36-in-colorful-horizontal-raffia-woven,,,,,,,,,,,,,,,,,,,,,,,,,https://cdn.shopify.com/s/files/1/0912/9351/6071/files/img_9af7c1b1_20240528_i1716861948_1956_0_jpg_af8c1ced-6182-41a2-9d75-949f3e3fbf9b.jpg?v=1782531923,4,,,,,,,,,,,
tote-bag-36-in-colorful-horizontal-raffia-woven,,,,,,,,,,,,,,,,,,,,,,,,,https://cdn.shopify.com/s/files/1/0912/9351/6071/files/img_9af7c1b1_20240528_i1716861948_9227_0_jpg_fa7c6428-8c5c-44de-8917-d636996a5c08.jpg?v=1782531923,5,,,,,,,,,,,
tote-bag-36-in-colorful-horizontal-raffia-woven,,,,,,,,,,,,,,,,,,,,,,,,,https://cdn.shopify.com/s/files/1/0912/9351/6071/files/img_9af7c1b1_20240528_i1716861948_1981_0_jpg_2259928a-9f3c-406b-8756-0b45cd33464b.jpg?v=1782531923,6,,,,,,,,,,,
tote-bag-36-in-colorful-horizontal-raffia-woven,,,,,,,,,,,,,,,,,,,,,,,,,https://cdn.shopify.com/s/files/1/0912/9351/6071/files/img_9af7c1b1_20240528_i1716861948_5675_0_jpg_6e10734c-04f9-4e03-99c8-d251267519a5.jpg?v=1782531923,7,,,,,,,,,,,
tote-bag-36-in-colorful-horizontal-raffia-woven,,,,,,,,,,,,,,,,,,,,,,,,,https://cdn.shopify.com/s/files/1/0912/9351/6071/files/img_9af7c1b1_20240528_i1716861948_1439_0_jpg_06e89d42-4041-488f-b2dd-5cc53cc9847b.jpg?v=1782531923,8,,,,,,,,,,,
tote-bag-36-in-colorful-horizontal-raffia-woven,,,,,,,,,,,,,,,,,,,,,,,,,https://cdn.shopify.com/s/files/1/0912/9351/6071/files/img_9af7c1b1_20240528_i1716861948_2944_0_jpg_b06c72c4-e64a-4898-9748-1576d3042d98.jpg?v=1782531923,9,,,,,,,,,,,
crystal-tote-24-bag-in-black-calfskin,CRYSTAL TOTE 24 BAG IN BLACK CALFSKIN,"<ul>
<li><span data-mce-fragment=""1"">Color: Black<br><br></span></li>
<li><span data-mce-fragment=""1""><span>Size: 24 x 24 cm<br><br></span></span></li>
<li>
<span data-mce-fragment=""1""><span>Material : Calfskin<br></span></span><span data-mce-fragment=""1""><span><br></span></span><span data-mce-fragment=""1""><span></span></span>
</li>
<li> The products are 1:1 copies of the original version and they are the same from every detail.<br><br>
</li>
<li>Support return and exchange in 1 month if the product is defective or the customer is not satisfied with the product.
<div id=""chat-box-input-container-id"" class=""chat-box-input-container"">
<div id=""chatInput"" class=""chat-box-input--audit-2023 chat-box-input--to-focus win32"">
<div id=""chat-input-container-id"" class=""chat-input-container--audit-2023"">
<div class=""chat-input-container--audit-2023__left-layout"">
<div id=""chat-input-scroller-id"" class=""chat-input-scrollable"">
<div class=""chat-input-wrapper"">
<div id=""chat-input-content-id"" class=""chat-input-content""></div>
</div>
</div>
</div>
</div>
</div>
</div>
</li>
</ul>
<p> </p>
<ul></ul>",miumiu bag,,bag,"cross body bags, top handle",TRUE,Title,Default Title,,,,,,0,,0,deny,manual,262.50,,TRUE,FALSE,,https://cdn.shopify.com/s/files/1/0912/9351/6071/files/img_d1f4d0ab_20240502_i1714656374_5536_0_jpg.jpg?v=1759119828,1,,,,,,g,,,,,active
crystal-tote-24-bag-in-black-calfskin,,,,,,,,,,,,,,,,,,,,,,,,,https://cdn.shopify.com/s/files/1/0912/9351/6071/files/img_d1f4d0ab_20240502_i1714656375_5683_8_jpg.jpg?v=1759119828,2,,,,,,,,,,,
crystal-tote-24-bag-in-black-calfskin,,,,,,,,,,,,,,,,,,,,,,,,,https://cdn.shopify.com/s/files/1/0912/9351/6071/files/img_d1f4d0ab_20240502_i1714656374_808_5_jpg.jpg?v=1759119828,3,,,,,,,,,,,
crystal-tote-24-bag-in-black-calfskin,,,,,,,,,,,,,,,,,,,,,,,,,https://cdn.shopify.com/s/files/1/0912/9351/6071/files/img_d1f4d0ab_20240502_i1714656374_6959_1_jpg.jpg?v=1759119829,4,,,,,,,,,,,
crystal-tote-24-bag-in-black-calfskin,,,,,,,,,,,,,,,,,,,,,,,,,https://cdn.shopify.com/s/files/1/0912/9351/6071/files/img_d1f4d0ab_20240502_i1714656374_805_3_jpg.jpg?v=1759119829,5,,,,,,,,,,,
crystal-tote-24-bag-in-black-calfskin,,,,,,,,,,,,,,,,,,,,,,,,,https://cdn.shopify.com/s/files/1/0912/9351/6071/files/img_d1f4d0ab_20240502_i1714656374_5261_4_jpg.jpg?v=1759119829,6,,,,,,,,,,,
crystal-tote-24-bag-in-black-calfskin,,,,,,,,,,,,,,,,,,,,,,,,,https://cdn.shopify.com/s/files/1/0912/9351/6071/files/img_d1f4d0ab_20240502_i1714656374_7113_2_jpg.jpg?v=1759119829,7,,,,,,,,,,,
crystal-tote-24-bag-in-black-calfskin,,,,,,,,,,,,,,,,,,,,,,,,,https://cdn.shopify.com/s/files/1/0912/9351/6071/files/img_d1f4d0ab_20240502_i1714656375_4321_6_jpg.jpg?v=1759119829,8,,,,,,,,,,,
crystal-tote-24-bag-in-black-calfskin,,,,,,,,,,,,,,,,,,,,,,,,,https://cdn.shopify.com/s/files/1/0912/9351/6071/files/img_d1f4d0ab_20240502_i1714656375_9538_7_jpg.jpg?v=1759119829,9,,,,,,,,,,,
crystal-chain-26-bag-in-silver-lambskin,CRYSTAL CHAIN 26 BAG IN SILVER LAMBSKIN,"<ul>
<li><span data-mce-fragment=""1"">Color: Silver<br><br></span></li>
<li><span data-mce-fragment=""1""><span>Size: 26 x 20 cm<br><br></span></span></li>
<li>
<span data-mce-fragment=""1""><span>Material : Lambskin<br></span></span><span data-mce-fragment=""1""><span><br></span></span><span data-mce-fragment=""1""><span></span></span>
</li>
<li> The products are 1:1 copies of the original version and they are the same from every detail.<br><br>
</li>
<li>Support return and exchange in 1 month if the product is defective or the customer is not satisfied with the product.
<div id=""chat-box-input-container-id"" class=""chat-box-input-container"">
<div id=""chatInput"" class=""chat-box-input--audit-2023 chat-box-input--to-focus win32"">
<div id=""chat-input-container-id"" class=""chat-input-container--audit-2023"">
<div class=""chat-input-container--audit-2023__left-layout"">
<div id=""chat-input-scroller-id"" class=""chat-input-scrollable"">
<div class=""chat-input-wrapper"">
<div id=""chat-input-content-id"" class=""chat-input-content""></div>
</div>
</div>
</div>
</div>
</div>
</div>
</li>
</ul>
<p> </p>
<ul></ul>",miumiu bag,,bag,"cross body bags, hobo bag",TRUE,Title,Default Title,,,,,,0,,0,deny,manual,283.50,,TRUE,FALSE,,https://cdn.shopify.com/s/files/1/0912/9351/6071/files/img_3d0a2c68_20240411_i1712833671_6958_2_jpg.jpg?v=1759119805,1,,,,,,g,,,,,active
crystal-chain-26-bag-in-silver-lambskin,,,,,,,,,,,,,,,,,,,,,,,,,https://cdn.shopify.com/s/files/1/0912/9351/6071/files/img_3d0a2c68_20240411_i1712833671_2339_0_jpg.jpg?v=1759119805,2,,,,,,,,,,,
crystal-chain-26-bag-in-silver-lambskin,,,,,,,,,,,,,,,,,,,,,,,,,https://cdn.shopify.com/s/files/1/0912/9351/6071/files/img_3d0a2c68_20240411_i1712833671_3319_4_jpg.jpg?v=1759119805,3,,,,,,,,,,,
crystal-chain-26-bag-in-silver-lambskin,,,,,,,,,,,,,,,,,,,,,,,,,https://cdn.shopify.com/s/files/1/0912/9351/6071/files/img_3d0a2c68_20240411_i1712833671_2945_5_jpg.jpg?v=1759119805,4,,,,,,,,,,,
crystal-chain-26-bag-in-silver-lambskin,,,,,,,,,,,,,,,,,,,,,,,,,https://cdn.shopify.com/s/files/1/0912/9351/6071/files/img_3d0a2c68_20240411_i1712833671_5473_3_jpg.jpg?v=1759119805,5,,,,,,,,,,,
crystal-chain-26-bag-in-silver-lambskin,,,,,,,,,,,,,,,,,,,,,,,,,https://cdn.shopify.com/s/files/1/0912/9351/6071/files/img_3d0a2c68_20240411_i1712833671_869_6_jpg.jpg?v=1759119805,6,,,,,,,,,,,
crystal-chain-26-bag-in-silver-lambskin,,,,,,,,,,,,,,,,,,,,,,,,,https://cdn.shopify.com/s/files/1/0912/9351/6071/files/img_3d0a2c68_20240411_i1712833671_1041_7_jpg.jpg?v=1759119805,7,,,,,,,,,,,
crystal-chain-26-bag-in-silver-lambskin,,,,,,,,,,,,,,,,,,,,,,,,,https://cdn.shopify.com/s/files/1/0912/9351/6071/files/img_3d0a2c68_20240411_i1712833671_1092_1_jpg.jpg?v=1759119805,8,,,,,,,,,,,
crystal-chain-26-bag-in-silver-lambskin,,,,,,,,,,,,,,,,,,,,,,,,,https://cdn.shopify.com/s/files/1/0912/9351/6071/files/img_3d0a2c68_20240411_i1712833671_4093_8_jpg.jpg?v=1759119805,9,,,,,,,,,,,
mini-hobo-20-bag-in-silver-sheepskin,MINI HOBO 20 BAG IN SILVER SHEEPSKIN,"<ul>
<li><span data-mce-fragment=""1"">Color: Silver<br><br></span></li>
<li>
<span data-mce-fragment=""1""><span>Size: 20 X 6 X 17 Cm<br><br></span></span><span data-mce-fragment=""1""><span></span></span>
</li>
<li>
<span data-mce-fragment=""1""><span>Material : Sheepskin<br></span></span><span data-mce-fragment=""1""><span><br></span></span><span data-mce-fragment=""1""><span></span></span>
</li>
<li> The products are 1:1 copies of the original version and they are the same from every detail.<br><br>
</li>
<li>Support return and exchange in 1 month if the product is defective or the customer is not satisfied with the product.
<div id=""chat-box-input-container-id"" class=""chat-box-input-container"">
<div id=""chatInput"" class=""chat-box-input--audit-2023 chat-box-input--to-focus win32"">
<div id=""chat-input-container-id"" class=""chat-input-container--audit-2023"">
<div class=""chat-input-container--audit-2023__left-layout"">
<div id=""chat-input-scroller-id"" class=""chat-input-scrollable"">
<div class=""chat-input-wrapper"">
<div id=""chat-input-content-id"" class=""chat-input-content""></div>
</div>
</div>
</div>
</div>
</div>
</div>
</li>
</ul>
<p> </p>
<ul></ul>",miumiu bag,,bag,"cross body bags, top handle",TRUE,Title,Default Title,,,,,,0,,0,deny,manual,294.00,,TRUE,FALSE,,https://cdn.shopify.com/s/files/1/0912/9351/6071/files/20230411_i1681195013_6580_0_jpg.jpg?v=1759119260,1,,,,,,g,,,,,active
mini-hobo-20-bag-in-silver-sheepskin,,,,,,,,,,,,,,,,,,,,,,,,,https://cdn.shopify.com/s/files/1/0912/9351/6071/files/20230411_i1681195013_4142_1_jpg.jpg?v=1759119260,2,,,,,,,,,,,
mini-hobo-20-bag-in-silver-sheepskin,,,,,,,,,,,,,,,,,,,,,,,,,https://cdn.shopify.com/s/files/1/0912/9351/6071/files/20230411_i1681195013_5040_4_jpg.jpg?v=1759119260,3,,,,,,,,,,,
mini-hobo-20-bag-in-silver-sheepskin,,,,,,,,,,,,,,,,,,,,,,,,,https://cdn.shopify.com/s/files/1/0912/9351/6071/files/20230411_i1681195013_9571_2_jpg.jpg?v=1759119260,4,,,,,,,,,,,
mini-hobo-20-bag-in-silver-sheepskin,,,,,,,,,,,,,,,,,,,,,,,,,https://cdn.shopify.com/s/files/1/0912/9351/6071/files/20230411_i1681195013_7257_5_jpg.jpg?v=1759119260,5,,,,,,,,,,,
mini-hobo-20-bag-in-silver-sheepskin,,,,,,,,,,,,,,,,,,,,,,,,,https://cdn.shopify.com/s/files/1/0912/9351/6071/files/20230411_i1681195013_5580_3_jpg.jpg?v=1759119260,6,,,,,,,,,,,
mini-hobo-20-bag-in-silver-sheepskin,,,,,,,,,,,,,,,,,,,,,,,,,https://cdn.shopify.com/s/files/1/0912/9351/6071/files/20230411_i1681195013_6535_8_jpg.jpg?v=1759119260,7,,,,,,,,,,,
mini-hobo-20-bag-in-silver-sheepskin,,,,,,,,,,,,,,,,,,,,,,,,,https://cdn.shopify.com/s/files/1/0912/9351/6071/files/20230411_i1681195013_3231_7_jpg.jpg?v=1759119260,8,,,,,,,,,,,
mini-hobo-20-bag-in-silver-sheepskin,,,,,,,,,,,,,,,,,,,,,,,,,https://cdn.shopify.com/s/files/1/0912/9351/6071/files/20230411_i1681195013_9162_6_jpg.jpg?v=1759119260,9,,,,,,,,,,,
wander-29-bag-in-white-lambskin,WANDER 29 BAG IN WHITE LAMBSKIN,"<ul>
<li><span data-mce-fragment=""1"">Color: White<br><br></span></li>
<li>
<span data-mce-fragment=""1""><span>Size: 29 X 24 X 10 cm<br><br></span></span><span data-mce-fragment=""1""><span></span></span>
</li>
<li>
<span data-mce-fragment=""1""><span>Material : Lambskin<br></span></span><span data-mce-fragment=""1""><span><br></span></span><span data-mce-fragment=""1""><span></span></span>
</li>
<li> The products are 1:1 copies of the original version and they are the same from every detail.<br><br>
</li>
<li>Support return and exchange in 1 month if the product is defective or the customer is not satisfied with the product.
<div id=""chat-box-input-container-id"" class=""chat-box-input-container"">
<div id=""chatInput"" class=""chat-box-input--audit-2023 chat-box-input--to-focus win32"">
<div id=""chat-input-container-id"" class=""chat-input-container--audit-2023"">
<div class=""chat-input-container--audit-2023__left-layout"">
<div id=""chat-input-scroller-id"" class=""chat-input-scrollable"">
<div class=""chat-input-wrapper"">
<div id=""chat-input-content-id"" class=""chat-input-content""></div>
</div>
</div>
</div>
</div>
</div>
</div>
</li>
</ul>
<p> </p>
<ul></ul>",miumiu bag,,bag,"shoulder bags, top handle",TRUE,Title,Default Title,,,,,,0,,0,deny,manual,346.50,,TRUE,FALSE,,https://cdn.shopify.com/s/files/1/0912/9351/6071/files/20230320_i1679244191_6639_0_jpg.jpg?v=1759119249,1,,,,,,g,,,,,active
wander-29-bag-in-white-lambskin,,,,,,,,,,,,,,,,,,,,,,,,,https://cdn.shopify.com/s/files/1/0912/9351/6071/files/20230320_i1679244191_9968_2_jpg.jpg?v=1759119249,2,,,,,,,,,,,
wander-29-bag-in-white-lambskin,,,,,,,,,,,,,,,,,,,,,,,,,https://cdn.shopify.com/s/files/1/0912/9351/6071/files/20230320_i1679244191_8308_1_jpg.jpg?v=1759119249,3,,,,,,,,,,,
wander-29-bag-in-white-lambskin,,,,,,,,,,,,,,,,,,,,,,,,,https://cdn.shopify.com/s/files/1/0912/9351/6071/files/20230320_i1679244191_6268_6_jpg.jpg?v=1759119249,4,,,,,,,,,,,
wander-29-bag-in-white-lambskin,,,,,,,,,,,,,,,,,,,,,,,,,https://cdn.shopify.com/s/files/1/0912/9351/6071/files/20230320_i1679244191_267_7_jpg.jpg?v=1759119249,5,,,,,,,,,,,
wander-29-bag-in-white-lambskin,,,,,,,,,,,,,,,,,,,,,,,,,https://cdn.shopify.com/s/files/1/0912/9351/6071/files/20230320_i1679244191_6896_5_jpg.jpg?v=1759119249,6,,,,,,,,,,,
wander-29-bag-in-white-lambskin,,,,,,,,,,,,,,,,,,,,,,,,,https://cdn.shopify.com/s/files/1/0912/9351/6071/files/20230320_i1679244191_3529_3_jpg.jpg?v=1759119249,7,,,,,,,,,,,
wander-29-bag-in-white-lambskin,,,,,,,,,,,,,,,,,,,,,,,,,https://cdn.shopify.com/s/files/1/0912/9351/6071/files/20230320_i1679244191_6003_4_jpg.jpg?v=1759119249,8,,,,,,,,,,,
wander-29-bag-in-black-lambskin,WANDER 29 BAG IN BLACK LAMBSKIN,"<ul>
<li><span data-mce-fragment=""1"">Color: Black<br><br></span></li>
<li>
<span data-mce-fragment=""1""><span>Size: 29 X 24 X 10 cm<br><br></span></span><span data-mce-fragment=""1""><span></span></span>
</li>
<li>
<span data-mce-fragment=""1""><span>Material : Lambskin<br></span></span><span data-mce-fragment=""1""><span><br></span></span><span data-mce-fragment=""1""><span></span></span>
</li>
<li> The products are 1:1 copies of the original version and they are the same from every detail.<br><br>
</li>
<li>Support return and exchange in 1 month if the product is defective or the customer is not satisfied with the product.
<div id=""chat-box-input-container-id"" class=""chat-box-input-container"">
<div id=""chatInput"" class=""chat-box-input--audit-2023 chat-box-input--to-focus win32"">
<div id=""chat-input-container-id"" class=""chat-input-container--audit-2023"">
<div class=""chat-input-container--audit-2023__left-layout"">
<div id=""chat-input-scroller-id"" class=""chat-input-scrollable"">
<div class=""chat-input-wrapper"">
<div id=""chat-input-content-id"" class=""chat-input-content""></div>
</div>
</div>
</div>
</div>
</div>
</div>
</li>
</ul>
<p> </p>
<ul></ul>",miumiu bag,,bag,"shoulder bags, top handle",TRUE,Title,Default Title,,,,,,0,,0,deny,manual,346.50,,TRUE,FALSE,,https://cdn.shopify.com/s/files/1/0912/9351/6071/files/20230320_i1679244344_7850_0_jpg.jpg?v=1759119226,1,,,,,,g,,,,,active
wander-29-bag-in-black-lambskin,,,,,,,,,,,,,,,,,,,,,,,,,https://cdn.shopify.com/s/files/1/0912/9351/6071/files/20230320_i1679244344_5736_1_jpg.jpg?v=1759119227,2,,,,,,,,,,,
wander-29-bag-in-black-lambskin,,,,,,,,,,,,,,,,,,,,,,,,,https://cdn.shopify.com/s/files/1/0912/9351/6071/files/20230320_i1679244344_7923_2_jpg.jpg?v=1759119227,3,,,,,,,,,,,
wander-29-bag-in-black-lambskin,,,,,,,,,,,,,,,,,,,,,,,,,https://cdn.shopify.com/s/files/1/0912/9351/6071/files/20230320_i1679244344_277_3_jpg.jpg?v=1759119227,4,,,,,,,,,,,
wander-29-bag-in-black-lambskin,,,,,,,,,,,,,,,,,,,,,,,,,https://cdn.shopify.com/s/files/1/0912/9351/6071/files/20230320_i1679244344_1169_7_jpg.jpg?v=1759119227,5,,,,,,,,,,,
wander-29-bag-in-black-lambskin,,,,,,,,,,,,,,,,,,,,,,,,,https://cdn.shopify.com/s/files/1/0912/9351/6071/files/20230320_i1679244344_2640_8_jpg.jpg?v=1759119227,6,,,,,,,,,,,
wander-29-bag-in-black-lambskin,,,,,,,,,,,,,,,,,,,,,,,,,https://cdn.shopify.com/s/files/1/0912/9351/6071/files/20230320_i1679244344_4753_6_jpg.jpg?v=1759119227,7,,,,,,,,,,,
wander-29-bag-in-black-lambskin,,,,,,,,,,,,,,,,,,,,,,,,,https://cdn.shopify.com/s/files/1/0912/9351/6071/files/20230320_i1679244344_5382_4_jpg.jpg?v=1759119227,8,,,,,,,,,,,
wander-29-bag-in-black-lambskin,,,,,,,,,,,,,,,,,,,,,,,,,https://cdn.shopify.com/s/files/1/0912/9351/6071/files/20230320_i1679244344_6443_5_jpg.jpg?v=1759119227,9,,,,,,,,,,,
miu-ivy-canvas-28cm-tote-bag,MIU IVY CANVAS 28CM TOTE BAG,"<p style=""text-align: left;"" data-mce-style=""text-align: left;""><strong>DESCRIPTION</strong></p>
<ul>
<li>Leather handles</li>
<li>Gold-tone hardware</li>
<li>Leather lettering logo on the front</li>
<li>Linen fabric lining with zipper pocket</li>
<li><span>(Length x Height x Width) 28Ã—26Ã—12.5cm</span></li>
<li>The products are 1:1 copies of the original version and they are the same from every detail.</li>
<li>Support return and exchange in 1 month if the product is defective or the customer is not satisfied with the product.</li>
</ul>",miumiu bag,,bag,"shoulder bags, tote bag",TRUE,Title,Default Title,,,,,,0,,0,deny,manual,315.00,,FALSE,FALSE,,https://cdn.shopify.com/s/files/1/0912/9351/6071/files/20240327_i1711506668_1685_0_jpg_2b2fc695-8c8a-46e8-9c0a-10c433dab9b9.jpg?v=1775903247,1,,,,,,g,,,,,active
miu-ivy-canvas-28cm-tote-bag,,,,,,,,,,,,,,,,,,,,,,,,,https://cdn.shopify.com/s/files/1/0912/9351/6071/files/20240327_i1711506668_3764_1_jpg_f03801a6-927e-45e2-9767-70d8aa9228b1.jpg?v=1775903247,2,,,,,,,,,,,
miu-ivy-canvas-28cm-tote-bag,,,,,,,,,,,,,,,,,,,,,,,,,https://cdn.shopify.com/s/files/1/0912/9351/6071/files/20240327_i1711506668_1207_5_jpg_d1951560-829a-449c-87a3-f15608bc5e7b.jpg?v=1775903246,3,,,,,,,,,,,
miu-ivy-canvas-28cm-tote-bag,,,,,,,,,,,,,,,,,,,,,,,,,https://cdn.shopify.com/s/files/1/0912/9351/6071/files/20240327_i1711506668_6036_4_jpg_66dd1507-bcd4-4d86-b7f8-85c85b9ee75f.jpg?v=1775903247,4,,,,,,,,,,,
miu-ivy-canvas-28cm-tote-bag,,,,,,,,,,,,,,,,,,,,,,,,,https://cdn.shopify.com/s/files/1/0912/9351/6071/files/20240327_i1711506668_7404_2_jpg_fc13e301-f7a8-46f8-9bd7-554fb6c2dc2b.jpg?v=1775903246,5,,,,,,,,,,,
miu-ivy-canvas-28cm-tote-bag,,,,,,,,,,,,,,,,,,,,,,,,,https://cdn.shopify.com/s/files/1/0912/9351/6071/files/20240327_i1711506668_8285_6_jpg_fd46b4cd-b6a6-4219-a8b3-3d4f142e8e1a.jpg?v=1775903247,6,,,,,,,,,,,
miu-ivy-canvas-28cm-tote-bag,,,,,,,,,,,,,,,,,,,,,,,,,https://cdn.shopify.com/s/files/1/0912/9351/6071/files/20240327_i1711506668_8509_3_jpg_51d44b80-0c17-4bcb-97d2-b7d9214a1793.jpg?v=1775903247,7,,,,,,,,,,,
miu-ivy-canvas-28cm-tote-bag,,,,,,,,,,,,,,,,,,,,,,,,,https://cdn.shopify.com/s/files/1/0912/9351/6071/files/20240327_i1711506668_8561_8_jpg_55f0e86a-e1d3-4e76-ab5d-579cee4fc1cd.jpg?v=1775903247,8,,,,,,,,,,,
miu-ivy-canvas-28cm-tote-bag,,,,,,,,,,,,,,,,,,,,,,,,,https://cdn.shopify.com/s/files/1/0912/9351/6071/files/20240327_i1711506668_9760_7_jpg_0b0a81e2-3c7a-45fe-8e43-ba3a569f4f15.jpg?v=1775903246,9,,,,,,,,,,,
miu-39-black-leather-hobo-bag,MIU 39 BLACK LEATHER HOBO BAG,"<p style=""text-align: left;"" data-mce-style=""text-align: left;""><strong>DESCRIPTION</strong></p>
<ul>
<li>Leather handles</li>
<li>Embossed lettering logo on the front</li>
<li>Re-Nylon lining with zipper pocket</li>
<li><span>(Length x Height x Width)Â 15.3 xÂ 15 xÂ 4.3 inches, 39<bdo dir=""ltr"" data-mce-fragment=""1"">Â xÂ 38.5Â x 11Â </bdo>cm</span></li>
<li>The products are 1:1 copies of the original version and they are the same from every detail.</li>
<li>Support return and exchange in 1 month if the product is defective or the customer is not satisfied with the product.</li>
</ul>",miumiu bag,,bag,"hobo bag, shoulder bags",TRUE,Title,Default Title,,,,,,0,,0,deny,manual,378.00,,FALSE,FALSE,,https://cdn.shopify.com/s/files/1/0912/9351/6071/files/Image_20240201171703_1a5619a5-5ad1-4d07-a104-695d6d2e7740.jpg?v=1759125677,1,,,,,,g,,,,,active
miu-39-black-leather-hobo-bag,,,,,,,,,,,,,,,,,,,,,,,,,https://cdn.shopify.com/s/files/1/0912/9351/6071/files/Image_20240201172200_990b586a-d042-4712-a4b9-38bfb1123002.jpg?v=1759125677,2,,,,,,,,,,,
miu-39-black-leather-hobo-bag,,,,,,,,,,,,,,,,,,,,,,,,,https://cdn.shopify.com/s/files/1/0912/9351/6071/files/Image_20240201172157_0d1808a7-1b14-4cce-8d0d-4b8a02bab94b.jpg?v=1759125677,3,,,,,,,,,,,
miu-39-black-leather-hobo-bag,,,,,,,,,,,,,,,,,,,,,,,,,https://cdn.shopify.com/s/files/1/0912/9351/6071/files/Image_20240201172153_79c05b5a-a1a1-4539-9e4b-56c23ab5c677.jpg?v=1759125677,4,,,,,,,,,,,
miu-39-black-leather-hobo-bag,,,,,,,,,,,,,,,,,,,,,,,,,https://cdn.shopify.com/s/files/1/0912/9351/6071/files/Image_20240201172150_0a7dc6f6-2cb6-46ad-b1b9-92056c0f28bb.jpg?v=1759125677,5,,,,,,,,,,,
miu-39-black-leather-hobo-bag,,,,,,,,,,,,,,,,,,,,,,,,,https://cdn.shopify.com/s/files/1/0912/9351/6071/files/Image_20240201172145_1a91be94-edb0-4e69-bf27-0e58c4064c91.jpg?v=1759125677,6,,,,,,,,,,,
miu-39-black-leather-hobo-bag,,,,,,,,,,,,,,,,,,,,,,,,,https://cdn.shopify.com/s/files/1/0912/9351/6071/files/Image_20240201172142_7ae1359f-f5ea-44c4-890a-24039d3cc749.jpg?v=1759125677,7,,,,,,,,,,,
miu-39-black-leather-hobo-bag,,,,,,,,,,,,,,,,,,,,,,,,,https://cdn.shopify.com/s/files/1/0912/9351/6071/files/Image_20240201172129_7f8e4558-5e73-439b-a790-d47e698f5e7c.jpg?v=1759125677,8,,,,,,,,,,,
miu-39-black-leather-hobo-bag,,,,,,,,,,,,,,,,,,,,,,,,,https://cdn.shopify.com/s/files/1/0912/9351/6071/files/Image_20240201172126_db5bc891-2eb3-4deb-9c7d-228d56c6f457.jpg?v=1759125677,9,,,,,,,,,,,
miu-39-black-leather-hobo-bag,,,,,,,,,,,,,,,,,,,,,,,,,https://cdn.shopify.com/s/files/1/0912/9351/6071/files/Image_20240201172121_ce0842a4-3663-4688-ab10-887d751948f3.jpg?v=1759125678,10,,,,,,,,,,,
miu-39-black-leather-hobo-bag,,,,,,,,,,,,,,,,,,,,,,,,,https://cdn.shopify.com/s/files/1/0912/9351/6071/files/Image_20240201172115_07bee70f-034c-476f-a26f-fbf90aa33b4a.jpg?v=1759125678,11,,,,,,,,,,,
wander-matelasse-handbag-23-in-black-lambskin,WANDER MATELASSÉ HANDBAG 23 IN BLACK LAMBSKIN,"<p>• Color: Black</p>
<p>• Material: Lambskin</p>
<p>• Size: 23 x 13 x 7 cm</p>
<p>• The products are 1:1 copies of the original version and they are the same from every detail.</p>
<p>• Support return and exchange in 1 month if the product is defective or the customer is not satisfied with the product.</p>",miumiu bag,,bag,hobo bag,TRUE,Title,Default Title,,,,,,0,,0,deny,manual,304.50,,TRUE,FALSE,,,,,,,,,g,,,,,active
miumiu-valentines-day-limited-bag-suede-mix-leather,MiuMiu Valentine's Day Limited Bag Suede Mix Leather,"<p> Color: white ; brown ; burgundy</p>
<p>Material: Suede Mix Leather</p>
<p>Size: <span>28 x 9 x 34</span></p>
<p>The products are 1:1 copies of the original version and they are the same from every detail.</p>
<p>Support return and exchange in 1 month if the product is defective or the customer is not satisfied with the product.</p>",miumiu bag,,bag,"new arrival, top handle",TRUE,color,white,,,,,,0,,0,deny,manual,404.25,,TRUE,FALSE,,https://cdn.shopify.com/s/files/1/0912/9351/6071/files/i1732702989_5533_0.jpg?v=1755686349,1,,,,,,g,,,,,active
miumiu-valentines-day-limited-bag-suede-mix-leather,,,,,,,,,,,,,,,,,,,,,,,,,https://cdn.shopify.com/s/files/1/0912/9351/6071/files/i1732703059_6415_0.jpg?v=1755686349,2,,,,,,,,,,,
miumiu-valentines-day-limited-bag-suede-mix-leather,,,,,,,,,,,,,,,,,,,,,,,,,https://cdn.shopify.com/s/files/1/0912/9351/6071/files/i1732702989_1738_8.jpg?v=1755686349,3,,,,,,,,,,,
miumiu-valentines-day-limited-bag-suede-mix-leather,,,,,,,,,,,,,,,,,,,,,,,,,https://cdn.shopify.com/s/files/1/0912/9351/6071/files/i1732702989_1442_7.jpg?v=1755686349,4,,,,,,,,,,,
miumiu-valentines-day-limited-bag-suede-mix-leather,,,,,,,,,,,,,,,,,,,,,,,,,https://cdn.shopify.com/s/files/1/0912/9351/6071/files/i1732702989_5805_1.jpg?v=1755686349,5,,,,,,,,,,,
miumiu-valentines-day-limited-bag-suede-mix-leather,,,,,,,,,,,,,,,,,,,,,,,,,https://cdn.shopify.com/s/files/1/0912/9351/6071/files/i1732702989_5533_0_df1813da-1eac-4f20-8de7-fc1609ef38cc.jpg?v=1755686349,6,,,,,,,,,,,
miumiu-valentines-day-limited-bag-suede-mix-leather,,,,,,,,,,,,,,,,,,,,,,,,,https://cdn.shopify.com/s/files/1/0912/9351/6071/files/i1743055486_934_7.jpg?v=1755686350,7,,,,,,,,,,,
miumiu-valentines-day-limited-bag-suede-mix-leather,,,,,,,,,,,,,,,,,,,,,,,,,https://cdn.shopify.com/s/files/1/0912/9351/6071/files/i1743055486_5055_6.jpg?v=1755686349,8,,,,,,,,,,,
miumiu-valentines-day-limited-bag-suede-mix-leather,,,,,,,,,,,,,,,,,,,,,,,,,https://cdn.shopify.com/s/files/1/0912/9351/6071/files/i1743055486_1353_2.jpg?v=1755686350,9,,,,,,,,,,,
miumiu-valentines-day-limited-bag-suede-mix-leather,,,,,,,,,,,,,,,,,,,,,,,,,https://cdn.shopify.com/s/files/1/0912/9351/6071/files/i1743055486_6963_4.jpg?v=1755686349,10,,,,,,,,,,,
miumiu-valentines-day-limited-bag-suede-mix-leather,,,,,,,,,,,,,,,,,,,,,,,,,https://cdn.shopify.com/s/files/1/0912/9351/6071/files/i1743055486_5446_0.jpg?v=1755686350,11,,,,,,,,,,,
miumiu-valentines-day-limited-bag-suede-mix-leather,,,,,,,,,,,,,,,,,,,,,,,,,https://cdn.shopify.com/s/files/1/0912/9351/6071/files/i1732703059_319_3.jpg?v=1755686349,12,,,,,,,,,,,
miumiu-valentines-day-limited-bag-suede-mix-leather,,,,,,,,,,,,,,,,,,,,,,,,,https://cdn.shopify.com/s/files/1/0912/9351/6071/files/i1732703059_3165_6.jpg?v=1755686349,13,,,,,,,,,,,
miumiu-valentines-day-limited-bag-suede-mix-leather,,,,,,,,,,,,,,,,,,,,,,,,,https://cdn.shopify.com/s/files/1/0912/9351/6071/files/i1732703059_6482_7.jpg?v=1755686349,14,,,,,,,,,,,
miumiu-valentines-day-limited-bag-suede-mix-leather,,"<p> Color: white ; brown ; burgundy</p>
<p>Material: Suede Mix Leather</p>
<p>Size: <span>28 x 9 x 34</span></p>
<p>The products are 1:1 copies of the original version and they are the same from every detail.</p>
<p>Support return and exchange in 1 month if the product is defective or the customer is not satisfied with the product.</p>",miumiu bag,,bag,"new arrival, top handle",TRUE,color,brown,,,,,,0,,0,deny,manual,404.25,,TRUE,FALSE,,,,,,,,,g,,,,,active
miumiu-valentines-day-limited-bag-suede-mix-leather,,"<p> Color: white ; brown ; burgundy</p>
<p>Material: Suede Mix Leather</p>
<p>Size: <span>28 x 9 x 34</span></p>
<p>The products are 1:1 copies of the original version and they are the same from every detail.</p>
<p>Support return and exchange in 1 month if the product is defective or the customer is not satisfied with the product.</p>",miumiu bag,,bag,"new arrival, top handle",TRUE,color,burgundy,,,,,,0,,0,deny,manual,404.25,,TRUE,FALSE,,,,,,,,,g,,,,,active
miumiu-arcadie-matelasse-nappa-bag-leather,MiuMiu Arcadie matelassé nappa bag leather,"<p> Color: light blue ; pink ; brown ; beige ; light yellow</p>
<p>Material: leather</p>
<p>Size: <span> 22X10.5X7.5 cm </span></p>
<p>The products are 1:1 copies of the original version and they are the same from every detail.</p>
<p>Support return and exchange in 1 month if the product is defective or the customer is not satisfied with the product.</p>",miumiu bag,,bag,"cross body bags, new arrival, top handle",TRUE,color,pink,,,,,,0,,0,deny,manual,362.25,,TRUE,FALSE,,https://cdn.shopify.com/s/files/1/0912/9351/6071/files/i1744098568_607_0.jpg?v=1774229678,1,,,,,,g,,,,,active
miumiu-arcadie-matelasse-nappa-bag-leather,,,,,,,,,,,,,,,,,,,,,,,,,https://cdn.shopify.com/s/files/1/0912/9351/6071/files/i1750918389_6548_7.jpg?v=1774229678,2,,,,,,,,,,,
miumiu-arcadie-matelasse-nappa-bag-leather,,,,,,,,,,,,,,,,,,,,,,,,,https://cdn.shopify.com/s/files/1/0912/9351/6071/files/i1750918389_2418_4_1592167e-127f-474e-b869-23027406beee.jpg?v=1774229678,3,,,,,,,,,,,
miumiu-arcadie-matelasse-nappa-bag-leather,,,,,,,,,,,,,,,,,,,,,,,,,https://cdn.shopify.com/s/files/1/0912/9351/6071/files/i1750918389_9047_0_1a788de8-15da-4a17-84f6-36f7554c064b.jpg?v=1774229679,4,,,,,,,,,,,
miumiu-arcadie-matelasse-nappa-bag-leather,,,,,,,,,,,,,,,,,,,,,,,,,https://cdn.shopify.com/s/files/1/0912/9351/6071/files/i1744098568_1948_7_b3b72a77-1723-456a-ad18-0bd641fe7a91.jpg?v=1774229678,5,,,,,,,,,,,
miumiu-arcadie-matelasse-nappa-bag-leather,,,,,,,,,,,,,,,,,,,,,,,,,https://cdn.shopify.com/s/files/1/0912/9351/6071/files/i1744098454_9821_8.jpg?v=1774229679,6,,,,,,,,,,,
miumiu-arcadie-matelasse-nappa-bag-leather,,,,,,,,,,,,,,,,,,,,,,,,,https://cdn.shopify.com/s/files/1/0912/9351/6071/files/i1744098454_2946_4.jpg?v=1774229679,7,,,,,,,,,,,
miumiu-arcadie-matelasse-nappa-bag-leather,,,,,,,,,,,,,,,,,,,,,,,,,https://cdn.shopify.com/s/files/1/0912/9351/6071/files/i1744098454_2700_0.jpg?v=1774229678,8,,,,,,,,,,,
miumiu-arcadie-matelasse-nappa-bag-leather,,,,,,,,,,,,,,,,,,,,,,,,,https://cdn.shopify.com/s/files/1/0912/9351/6071/files/i1743391235_4009_4_3176aee7-df24-47b6-bfa2-5b33e00a278c.jpg?v=1774229679,9,,,,,,,,,,,
miumiu-arcadie-matelasse-nappa-bag-leather,,,,,,,,,,,,,,,,,,,,,,,,,https://cdn.shopify.com/s/files/1/0912/9351/6071/files/i1743391235_2299_0.jpg?v=1774229678,10,,,,,,,,,,,
miumiu-arcadie-matelasse-nappa-bag-leather,,,,,,,,,,,,,,,,,,,,,,,,,https://cdn.shopify.com/s/files/1/0912/9351/6071/files/i1750919403_9692_0.jpg?v=1774229678,11,,,,,,,,,,,
miumiu-arcadie-matelasse-nappa-bag-leather,,,,,,,,,,,,,,,,,,,,,,,,,https://cdn.shopify.com/s/files/1/0912/9351/6071/files/i1750918389_6221_8_ab9fd316-d256-49bc-9d13-24b76d7be683.jpg?v=1774229678,12,,,,,,,,,,,
miumiu-arcadie-matelasse-nappa-bag-leather,,"<p> Color: light blue ; pink ; brown ; beige ; light yellow</p>
<p>Material: leather</p>
<p>Size: <span> 22X10.5X7.5 cm </span></p>
<p>The products are 1:1 copies of the original version and they are the same from every detail.</p>
<p>Support return and exchange in 1 month if the product is defective or the customer is not satisfied with the product.</p>",miumiu bag,,bag,"cross body bags, new arrival, top handle",TRUE,color,light blue,,,,,,0,,0,deny,manual,362.25,,TRUE,FALSE,,,,,,,,,g,,,,,active
miumiu-arcadie-matelasse-nappa-bag-leather,,"<p> Color: light blue ; pink ; brown ; beige ; light yellow</p>
<p>Material: leather</p>
<p>Size: <span> 22X10.5X7.5 cm </span></p>
<p>The products are 1:1 copies of the original version and they are the same from every detail.</p>
<p>Support return and exchange in 1 month if the product is defective or the customer is not satisfied with the product.</p>",miumiu bag,,bag,"cross body bags, new arrival, top handle",TRUE,color,light yellow,,,,,,0,,0,deny,manual,362.25,,TRUE,FALSE,,,,,,,,,g,,,,,active
miumiu-arcadie-matelasse-nappa-bag-leather,,"<p> Color: light blue ; pink ; brown ; beige ; light yellow</p>
<p>Material: leather</p>
<p>Size: <span> 22X10.5X7.5 cm </span></p>
<p>The products are 1:1 copies of the original version and they are the same from every detail.</p>
<p>Support return and exchange in 1 month if the product is defective or the customer is not satisfied with the product.</p>",miumiu bag,,bag,"cross body bags, new arrival, top handle",TRUE,color,beige,,,,,,0,,0,deny,manual,362.25,,TRUE,FALSE,,,,,,,,,g,,,,,active
miumiu-arcadie-matelasse-nappa-bag-leather,,"<p> Color: light blue ; pink ; brown ; beige ; light yellow</p>
<p>Material: leather</p>
<p>Size: <span> 22X10.5X7.5 cm </span></p>
<p>The products are 1:1 copies of the original version and they are the same from every detail.</p>
<p>Support return and exchange in 1 month if the product is defective or the customer is not satisfied with the product.</p>",miumiu bag,,bag,"cross body bags, new arrival, top handle",TRUE,color,brown,,,,,,0,,0,deny,manual,362.25,,TRUE,FALSE,,,,,,,,,g,,,,,active
miumiu-bucket-bag-white-brown-denim,MiuMiu bucket bag white brown denim,"<p> Color: white brown</p>
<p>Material: denim</p>
<p>Size: <span> 16X 22.5X14Cm</span></p>
<p>The products are 1:1 copies of the original version and they are the same from every detail.</p>
<p>Support return and exchange in 1 month if the product is defective or the customer is not satisfied with the product.</p>",miumiu bag,,bag,"bucket, new arrival, shoulder bags",TRUE,Title,Default Title,,,,,,0,,0,deny,manual,362.25,,TRUE,FALSE,,https://cdn.shopify.com/s/files/1/0912/9351/6071/files/img_481f26ee_20250608_i1749381751_4030_0_jpg.jpg?v=1755686332,1,,,,,,g,,,,,active
miumiu-bucket-bag-white-brown-denim,,,,,,,,,,,,,,,,,,,,,,,,,https://cdn.shopify.com/s/files/1/0912/9351/6071/files/img_481f26ee_20250608_i1749381751_2402_8_jpg.jpg?v=1755686332,2,,,,,,,,,,,
miumiu-bucket-bag-white-brown-denim,,,,,,,,,,,,,,,,,,,,,,,,,https://cdn.shopify.com/s/files/1/0912/9351/6071/files/img_481f26ee_20250608_i1749381751_2963_7_jpg.jpg?v=1755686332,3,,,,,,,,,,,
miumiu-bucket-bag-white-brown-denim,,,,,,,,,,,,,,,,,,,,,,,,,https://cdn.shopify.com/s/files/1/0912/9351/6071/files/img_481f26ee_20250608_i1749381751_4358_2_jpg.jpg?v=1755686332,4,,,,,,,,,,,
miumiu-bucket-bag-white-brown-denim,,,,,,,,,,,,,,,,,,,,,,,,,https://cdn.shopify.com/s/files/1/0912/9351/6071/files/img_481f26ee_20250608_i1749381751_4479_5_jpg.jpg?v=1755686332,5,,,,,,,,,,,
miumiu-bucket-bag-white-brown-denim,,,,,,,,,,,,,,,,,,,,,,,,,https://cdn.shopify.com/s/files/1/0912/9351/6071/files/img_481f26ee_20250608_i1749381751_4973_1_jpg.jpg?v=1755686332,6,,,,,,,,,,,
miumiu-bucket-bag-white-brown-denim,,,,,,,,,,,,,,,,,,,,,,,,,https://cdn.shopify.com/s/files/1/0912/9351/6071/files/img_481f26ee_20250608_i1749381751_5419_4_jpg.jpg?v=1755686332,7,,,,,,,,,,,
miumiu-bucket-bag-white-brown-denim,,,,,,,,,,,,,,,,,,,,,,,,,https://cdn.shopify.com/s/files/1/0912/9351/6071/files/img_481f26ee_20250608_i1749381751_8557_6_jpg.jpg?v=1755686332,8,,,,,,,,,,,
miumiu-bucket-bag-white-brown-denim,,,,,,,,,,,,,,,,,,,,,,,,,https://cdn.shopify.com/s/files/1/0912/9351/6071/files/img_481f26ee_20250608_i1749381751_9952_3_jpg.jpg?v=1755686332,9,,,,,,,,,,,
miumiu-small-diamond-bag-leather,MiuMiu small diamond bag leather,"<p> Color:  Beige ; Black</p>
<p>Material: calfskin</p>
<p>Size: <span>20 cm x 24 cm</span></p>
<p>The products are 1:1 copies of the original version and they are the same from every detail.</p>
<p>Support return and exchange in 1 month if the product is defective or the customer is not satisfied with the product.</p>",miumiu bag,,bag,"new arrival, shoulder bags",TRUE,color,Black,,,,,,0,,0,deny,manual,320.25,,TRUE,FALSE,,https://cdn.shopify.com/s/files/1/0912/9351/6071/files/img_481f26ee_20250724_i1753339970_6893_1_jpg.jpg?v=1755686316,1,,,,,,g,,,,,active
miumiu-small-diamond-bag-leather,,,,,,,,,,,,,,,,,,,,,,,,,https://cdn.shopify.com/s/files/1/0912/9351/6071/files/img_481f26ee_20250724_i1753339970_9082_5_jpg.jpg?v=1755686316,2,,,,,,,,,,,
miumiu-small-diamond-bag-leather,,,,,,,,,,,,,,,,,,,,,,,,,https://cdn.shopify.com/s/files/1/0912/9351/6071/files/img_481f26ee_20250724_i1753337660_2261_4.jpg_1.jpg?v=1755686316,3,,,,,,,,,,,
miumiu-small-diamond-bag-leather,,,,,,,,,,,,,,,,,,,,,,,,,https://cdn.shopify.com/s/files/1/0912/9351/6071/files/img_481f26ee_20250724_i1753337660_4027_1.jpg_1.jpg?v=1755686316,4,,,,,,,,,,,
miumiu-small-diamond-bag-leather,,,,,,,,,,,,,,,,,,,,,,,,,https://cdn.shopify.com/s/files/1/0912/9351/6071/files/img_481f26ee_20250724_i1753337660_5516_5.jpg_1.jpg?v=1755686317,5,,,,,,,,,,,
miumiu-small-diamond-bag-leather,,,,,,,,,,,,,,,,,,,,,,,,,https://cdn.shopify.com/s/files/1/0912/9351/6071/files/img_481f26ee_20250724_i1753337660_6675_3.jpg_1.jpg?v=1755686316,6,,,,,,,,,,,
miumiu-small-diamond-bag-leather,,,,,,,,,,,,,,,,,,,,,,,,,https://cdn.shopify.com/s/files/1/0912/9351/6071/files/img_481f26ee_20250724_i1753337660_6728_8.jpg_1.jpg?v=1755686316,7,,,,,,,,,,,
miumiu-small-diamond-bag-leather,,,,,,,,,,,,,,,,,,,,,,,,,https://cdn.shopify.com/s/files/1/0912/9351/6071/files/img_481f26ee_20250724_i1753337660_6895_2.jpg_1.jpg?v=1755686316,8,,,,,,,,,,,
miumiu-small-diamond-bag-leather,,,,,,,,,,,,,,,,,,,,,,,,,https://cdn.shopify.com/s/files/1/0912/9351/6071/files/img_481f26ee_20250724_i1753337660_7568_6.jpg_1.jpg?v=1755686316,9,,,,,,,,,,,
miumiu-small-diamond-bag-leather,,,,,,,,,,,,,,,,,,,,,,,,,https://cdn.shopify.com/s/files/1/0912/9351/6071/files/img_481f26ee_20250724_i1753339970_6893_1_jpg_c8cc0049-7cc7-450e-81f4-f0851e2019af.jpg?v=1755686316,10,,,,,,,,,,,
miumiu-small-diamond-bag-leather,,,,,,,,,,,,,,,,,,,,,,,,,https://cdn.shopify.com/s/files/1/0912/9351/6071/files/img_481f26ee_20250724_i1753337660_6675_3.jpg_1_4f78c7ac-e004-40cf-ae6e-219c098787c0.jpg?v=1755686316,11,,,,,,,,,,,
miumiu-small-diamond-bag-leather,,,,,,,,,,,,,,,,,,,,,,,,,https://cdn.shopify.com/s/files/1/0912/9351/6071/files/img_481f26ee_20250724_i1753339970_1715_8_jpg.jpg?v=1755686316,12,,,,,,,,,,,
miumiu-small-diamond-bag-leather,,,,,,,,,,,,,,,,,,,,,,,,,https://cdn.shopify.com/s/files/1/0912/9351/6071/files/img_481f26ee_20250724_i1753339970_6450_7_jpg.jpg?v=1755686316,13,,,,,,,,,,,
miumiu-small-diamond-bag-leather,,,,,,,,,,,,,,,,,,,,,,,,,https://cdn.shopify.com/s/files/1/0912/9351/6071/files/img_481f26ee_20250724_i1753339970_6919_6_jpg.jpg?v=1755686316,14,,,,,,,,,,,
miumiu-small-diamond-bag-leather,,,,,,,,,,,,,,,,,,,,,,,,,https://cdn.shopify.com/s/files/1/0912/9351/6071/files/img_481f26ee_20250724_i1753339970_7312_0_jpg.jpg?v=1755686316,15,,,,,,,,,,,
miumiu-small-diamond-bag-leather,,,,,,,,,,,,,,,,,,,,,,,,,https://cdn.shopify.com/s/files/1/0912/9351/6071/files/img_481f26ee_20250724_i1753339970_7357_2_jpg.jpg?v=1755686316,16,,,,,,,,,,,
miumiu-small-diamond-bag-leather,,,,,,,,,,,,,,,,,,,,,,,,,https://cdn.shopify.com/s/files/1/0912/9351/6071/files/img_481f26ee_20250724_i1753339970_9027_3_jpg.jpg?v=1755686316,17,,,,,,,,,,,
miumiu-small-diamond-bag-leather,,,,,,,,,,,,,,,,,,,,,,,,,https://cdn.shopify.com/s/files/1/0912/9351/6071/files/img_481f26ee_20250724_i1753339970_9057_4_jpg.jpg?v=1755686316,18,,,,,,,,,,,
miumiu-small-diamond-bag-leather,,"<p> Color:  Beige ; Black</p>
<p>Material: calfskin</p>
<p>Size: <span>20 cm x 24 cm</span></p>
<p>The products are 1:1 copies of the original version and they are the same from every detail.</p>
<p>Support return and exchange in 1 month if the product is defective or the customer is not satisfied with the product.</p>",miumiu bag,,bag,"new arrival, shoulder bags",TRUE,color,White,,,,,,0,,0,deny,manual,320.25,,TRUE,FALSE,,,,,,,,,g,,,,,active
ivy-mini-tote-bag-40cm-black-woven-fabric-and-linen,ivy mini tote bag 40cm black woven fabric and linen,"<ul>
<li><span data-mce-fragment=""1"">Color: black <br></span></li>
<li><span data-mce-fragment=""1""><span>Size: 40 x 35 Cm</span></span></li>
<li>Steel hardware</li>
<li>Printed logo on the front</li>
<li>Fabric lining with removable logo-print pouch</li>
<li>
<span data-mce-fragment=""1""><span>Material : woven fabric and linen</span></span><span data-mce-fragment=""1""><span><br></span></span>
</li>
<li> The products are 1:1 copies of the original version and they are the same from every detail.<br>
</li>
<li>Support return and exchange in 1 month if the product is defective or the customer is not satisfied with the product.
<div class=""chat-box-input-container"" id=""chat-box-input-container-id"">
<div class=""chat-box-input--audit-2023 chat-box-input--to-focus win32"" id=""chatInput"">
<div class=""chat-input-container--audit-2023"" id=""chat-input-container-id"">
<div class=""chat-input-container--audit-2023__left-layout"">
<div class=""chat-input-scrollable"" id=""chat-input-scroller-id"">
<div class=""chat-input-wrapper"">
<div class=""chat-input-content"" id=""chat-input-content-id""></div>
</div>
</div>
</div>
</div>
</div>
</div>
</li>
</ul>
<p> </p>
<ul></ul>",miumiu bag,,bag,"shoulder bags, top handle, tote bag",TRUE,Title,Default Title,,,,,,0,,0,deny,manual,294.00,,TRUE,FALSE,,https://cdn.shopify.com/s/files/1/0912/9351/6071/files/20240626_i1719364595_5252_0_jpg.jpg?v=1759120590,1,,,,,,g,,,,,active
ivy-mini-tote-bag-40cm-black-woven-fabric-and-linen,,,,,,,,,,,,,,,,,,,,,,,,,https://cdn.shopify.com/s/files/1/0912/9351/6071/files/20240626_i1719364595_1144_5_jpg.jpg?v=1759120590,2,,,,,,,,,,,
ivy-mini-tote-bag-40cm-black-woven-fabric-and-linen,,,,,,,,,,,,,,,,,,,,,,,,,https://cdn.shopify.com/s/files/1/0912/9351/6071/files/20240626_i1719364595_2591_8_jpg.jpg?v=1759120590,3,,,,,,,,,,,
ivy-mini-tote-bag-40cm-black-woven-fabric-and-linen,,,,,,,,,,,,,,,,,,,,,,,,,https://cdn.shopify.com/s/files/1/0912/9351/6071/files/20240626_i1719364595_3212_2_jpg.jpg?v=1759120590,4,,,,,,,,,,,
ivy-mini-tote-bag-40cm-black-woven-fabric-and-linen,,,,,,,,,,,,,,,,,,,,,,,,,https://cdn.shopify.com/s/files/1/0912/9351/6071/files/20240626_i1719364595_3678_1_jpg.jpg?v=1759120590,5,,,,,,,,,,,
ivy-mini-tote-bag-40cm-black-woven-fabric-and-linen,,,,,,,,,,,,,,,,,,,,,,,,,https://cdn.shopify.com/s/files/1/0912/9351/6071/files/20240626_i1719364595_5271_7_jpg.jpg?v=1759120590,6,,,,,,,,,,,
ivy-mini-tote-bag-40cm-black-woven-fabric-and-linen,,,,,,,,,,,,,,,,,,,,,,,,,https://cdn.shopify.com/s/files/1/0912/9351/6071/files/20240626_i1719364595_5969_6_jpg.jpg?v=1759120590,7,,,,,,,,,,,
ivy-mini-tote-bag-40cm-black-woven-fabric-and-linen,,,,,,,,,,,,,,,,,,,,,,,,,https://cdn.shopify.com/s/files/1/0912/9351/6071/files/20240626_i1719364595_7509_3_jpg.jpg?v=1759120590,8,,,,,,,,,,,
ivy-mini-tote-bag-40cm-black-woven-fabric-and-linen,,,,,,,,,,,,,,,,,,,,,,,,,https://cdn.shopify.com/s/files/1/0912/9351/6071/files/20240626_i1719364609_915_0_jpg.jpg?v=1759120590,9,,,,,,,,,,,
miu-pocket-21cm-shoulder-bag-black-calfskin,MIU POCKET 21CM SHOULDER BAG BLACK CALFSKIN,"<ul>
<li><span data-mce-fragment=""1"">Color: Black<br></span></li>
<li><span data-mce-fragment=""1""><span>Size: 21 x 12 x 6 cm</span></span></li>
<li>Shoulder strap</li>
<li>Top zip fastening</li>
<li>Front zip pocket</li>
<li>Front logo embroidery</li>
<li>Side and rear patch pockets</li>
<li>One main compartment<span data-mce-fragment=""1""><span><br></span></span><span data-mce-fragment=""1""><span></span></span>
</li>
<li>Shoulder strap: 20cm / 7.8in<span data-mce-fragment=""1""><span></span></span>
</li>
<li> The products are 1:1 copies of the original version and they are the same from every detail.<br><br>
</li>
<li>Support return and exchange in 1 month if the product is defective or the customer is not satisfied with the product.
<div class=""chat-box-input-container"" id=""chat-box-input-container-id"">
<div class=""chat-box-input--audit-2023 chat-box-input--to-focus win32"" id=""chatInput"">
<div class=""chat-input-container--audit-2023"" id=""chat-input-container-id"">
<div class=""chat-input-container--audit-2023__left-layout"">
<div class=""chat-input-scrollable"" id=""chat-input-scroller-id"">
<div class=""chat-input-wrapper"">
<div class=""chat-input-content"" id=""chat-input-content-id""></div>
</div>
</div>
</div>
</div>
</div>
</div>
</li>
</ul>
<p> </p>
<ul></ul>",miumiu bag,,bag,shoulder bags,TRUE,Title,Default Title,,,,,,0,,0,deny,manual,336.00,,FALSE,FALSE,,https://cdn.shopify.com/s/files/1/0912/9351/6071/files/20230615_i1686825245_8891_0_jpg.jpg?v=1759120781,1,,,,,,g,,,,,active
miu-pocket-21cm-shoulder-bag-black-calfskin,,,,,,,,,,,,,,,,,,,,,,,,,https://cdn.shopify.com/s/files/1/0912/9351/6071/files/20230615_i1686825245_9555_6_jpg.jpg?v=1759120781,2,,,,,,,,,,,
miu-pocket-21cm-shoulder-bag-black-calfskin,,,,,,,,,,,,,,,,,,,,,,,,,https://cdn.shopify.com/s/files/1/0912/9351/6071/files/20230615_i1686825245_2241_3_jpg.jpg?v=1759120781,3,,,,,,,,,,,
miu-pocket-21cm-shoulder-bag-black-calfskin,,,,,,,,,,,,,,,,,,,,,,,,,https://cdn.shopify.com/s/files/1/0912/9351/6071/files/20230615_i1686825245_3680_2_jpg.jpg?v=1759120781,4,,,,,,,,,,,
miu-pocket-21cm-shoulder-bag-black-calfskin,,,,,,,,,,,,,,,,,,,,,,,,,https://cdn.shopify.com/s/files/1/0912/9351/6071/files/20230615_i1686825245_5233_8_jpg.jpg?v=1759120781,5,,,,,,,,,,,
miu-pocket-21cm-shoulder-bag-black-calfskin,,,,,,,,,,,,,,,,,,,,,,,,,https://cdn.shopify.com/s/files/1/0912/9351/6071/files/20230615_i1686825245_4737_5_jpg.jpg?v=1759120781,6,,,,,,,,,,,
miu-pocket-21cm-shoulder-bag-black-calfskin,,,,,,,,,,,,,,,,,,,,,,,,,https://cdn.shopify.com/s/files/1/0912/9351/6071/files/20230615_i1686825245_6357_1_jpg.jpg?v=1759120781,7,,,,,,,,,,,
miu-pocket-21cm-shoulder-bag-black-calfskin,,,,,,,,,,,,,,,,,,,,,,,,,https://cdn.shopify.com/s/files/1/0912/9351/6071/files/20230615_i1686825245_8612_7_jpg.jpg?v=1759120781,8,,,,,,,,,,,
miu-pocket-21cm-shoulder-bag-black-calfskin,,,,,,,,,,,,,,,,,,,,,,,,,https://cdn.shopify.com/s/files/1/0912/9351/6071/files/20230615_i1686825245_8915_4_jpg.jpg?v=1759120781,9,,,,,,,,,,,
miu-pocket-21cm-shoulder-bag-black-calfskin,,,,,,,,,,,,,,,,,,,,,,,,,https://cdn.shopify.com/s/files/1/0912/9351/6071/files/20230617_i1686938577_277_5_jpg.jpg?v=1759120781,10,,,,,,,,,,,
micro-bag-19-in-black-smooth-calfskin,MICRO BAG 19 IN BLACK SMOOTH CALFSKIN,"<p>• Color: Black</p>
<p>• Material: Smooth Calfskin</p>
<p>• Size: 19 x 9.5 x 2 cm</p>
<p>• The products are 1:1 copies of the original version and they are the same from every detail.</p>
<p>• Support return and exchange in 1 month if the product is defective or the customer is not satisfied with the product.</p>",miumiu bag,,bag,clutches,TRUE,Title,Default Title,,,,,,0,,0,deny,manual,157.50,,TRUE,FALSE,,https://cdn.shopify.com/s/files/1/0912/9351/6071/files/img_c4e87dad_20240923_i1727076245_8357_8_jpg_24082ee0-10ff-4cc2-86b3-1a93c4511dfa.jpg?v=1759124114,1,,,,,,g,,,,,active
micro-bag-19-in-black-smooth-calfskin,,,,,,,,,,,,,,,,,,,,,,,,,https://cdn.shopify.com/s/files/1/0912/9351/6071/files/img_c4e87dad_20240923_i1727076245_431_3_jpg_85ff8dd7-e2fb-4e88-98c5-f3d29e608184.jpg?v=1759124114,2,,,,,,,,,,,
micro-bag-19-in-black-smooth-calfskin,,,,,,,,,,,,,,,,,,,,,,,,,https://cdn.shopify.com/s/files/1/0912/9351/6071/files/img_c4e87dad_20240923_i1727076245_2805_0_jpg_1daeacdb-7b06-4f90-9623-22228f66c92a.jpg?v=1759124114,3,,,,,,,,,,,
micro-bag-19-in-black-smooth-calfskin,,,,,,,,,,,,,,,,,,,,,,,,,https://cdn.shopify.com/s/files/1/0912/9351/6071/files/img_c4e87dad_20240923_i1727076245_4723_5_jpg_60822aef-5042-4b65-99a9-205dcaba1c37.jpg?v=1759124114,4,,,,,,,,,,,
micro-bag-19-in-black-smooth-calfskin,,,,,,,,,,,,,,,,,,,,,,,,,https://cdn.shopify.com/s/files/1/0912/9351/6071/files/img_c4e87dad_20240923_i1727076245_4985_4_jpg_dd9ffc6c-5148-4378-a482-3c39a565170a.jpg?v=1759124114,5,,,,,,,,,,,
micro-bag-19-in-black-smooth-calfskin,,,,,,,,,,,,,,,,,,,,,,,,,https://cdn.shopify.com/s/files/1/0912/9351/6071/files/img_c4e87dad_20240923_i1727076245_5311_2_jpg_86293bf1-006f-4ef0-a735-c635a6fbd4ef.jpg?v=1759124114,6,,,,,,,,,,,
micro-bag-19-in-black-smooth-calfskin,,,,,,,,,,,,,,,,,,,,,,,,,https://cdn.shopify.com/s/files/1/0912/9351/6071/files/img_c4e87dad_20240923_i1727076245_6016_7_jpg_c71cd22a-f0b8-427d-bea8-4e041982df32.jpg?v=1759124114,7,,,,,,,,,,,
micro-bag-19-in-black-smooth-calfskin,,,,,,,,,,,,,,,,,,,,,,,,,https://cdn.shopify.com/s/files/1/0912/9351/6071/files/img_c4e87dad_20240923_i1727076245_9861_1_jpg_b2760cfd-aae0-4546-bb6a-49efe0236d9c.jpg?v=1759124114,8,,,,,,,,,,,
micro-bag-19-in-black-smooth-calfskin,,,,,,,,,,,,,,,,,,,,,,,,,https://cdn.shopify.com/s/files/1/0912/9351/6071/files/img_c4e87dad_20240923_i1727076245_2078_6_jpg_e681b782-1f49-4a90-bb94-054e10970d94.jpg?v=1759124114,9,,,,,,,,,,,
arcadie-matelasse-bag-27-in-mischka-beige-lambskin,ARCADIE MATELASSÉ BAG 27 IN MISCHKA BEIGE LAMBSKIN,"<p>• Color: Mischka beige</p>
<p>• Material: Lambskin</p>
<p>• Size: 27 x 12 x 9 cm</p>
<p>• The products are 1:1 copies of the original version and they are the same from every detail.</p>
<p>• Support return and exchange in 1 month if the product is defective or the customer is not satisfied with the product.</p>",miumiu bag,,bag,top handle,TRUE,Title,Default Title,,,,,,0,,0,deny,manual,388.50,,TRUE,FALSE,,https://cdn.shopify.com/s/files/1/0912/9351/6071/files/img_89648692_20250301_i1740815840_2034_3_jpg_9b8fd969-aac6-4bb0-8b63-f3ead17674f0.jpg?v=1776508765,1,,,,,,g,,,,,active
arcadie-matelasse-bag-27-in-mischka-beige-lambskin,,,,,,,,,,,,,,,,,,,,,,,,,https://cdn.shopify.com/s/files/1/0912/9351/6071/files/img_89648692_20250301_i1740815840_626_7_jpg_2a967fc9-efb0-4948-a28b-ca7bc536d2ab.jpg?v=1776508765,2,,,,,,,,,,,
arcadie-matelasse-bag-27-in-mischka-beige-lambskin,,,,,,,,,,,,,,,,,,,,,,,,,https://cdn.shopify.com/s/files/1/0912/9351/6071/files/img_89648692_20250301_i1740815840_1731_1_jpg_e0aa1160-12de-4fd3-8c29-cde4f6986f96.jpg?v=1776508765,3,,,,,,,,,,,
arcadie-matelasse-bag-27-in-mischka-beige-lambskin,,,,,,,,,,,,,,,,,,,,,,,,,https://cdn.shopify.com/s/files/1/0912/9351/6071/files/img_89648692_20250301_i1740815840_2495_6_jpg_653bd63b-18e5-4783-ada3-1cedcf90353e.jpg?v=1776508765,4,,,,,,,,,,,
arcadie-matelasse-bag-27-in-mischka-beige-lambskin,,,,,,,,,,,,,,,,,,,,,,,,,https://cdn.shopify.com/s/files/1/0912/9351/6071/files/img_89648692_20250301_i1740815840_3189_4_jpg_9de4969e-4600-4958-9ed2-286cd537ff11.jpg?v=1776508768,5,,,,,,,,,,,
arcadie-matelasse-bag-27-in-mischka-beige-lambskin,,,,,,,,,,,,,,,,,,,,,,,,,https://cdn.shopify.com/s/files/1/0912/9351/6071/files/img_89648692_20250301_i1740815840_3510_8_jpg_98f5ab69-d9a6-4b7c-9d58-43383dd85e9a.jpg?v=1776508765,6,,,,,,,,,,,
arcadie-matelasse-bag-27-in-mischka-beige-lambskin,,,,,,,,,,,,,,,,,,,,,,,,,https://cdn.shopify.com/s/files/1/0912/9351/6071/files/img_89648692_20250301_i1740815840_4971_0_jpg_a3900335-3e45-45d5-98a9-3549ea4ce3a5.jpg?v=1776508765,7,,,,,,,,,,,
arcadie-matelasse-bag-27-in-mischka-beige-lambskin,,,,,,,,,,,,,,,,,,,,,,,,,https://cdn.shopify.com/s/files/1/0912/9351/6071/files/img_89648692_20250301_i1740815840_7946_5_jpg_6039bf04-dafe-4160-9cdd-2c96d382f61b.jpg?v=1776508765,8,,,,,,,,,,,
arcadie-matelasse-bag-27-in-mischka-beige-lambskin,,,,,,,,,,,,,,,,,,,,,,,,,https://cdn.shopify.com/s/files/1/0912/9351/6071/files/img_89648692_20250301_i1740815840_8553_2_jpg_8395f9cc-48c2-49e4-853a-f31ac9f3ab2b.jpg?v=1776508765,9,,,,,,,,,,,
arcadie-bag-27-in-copper-brown-shiny-calfskin,ARCADIE BAG 27 IN COPPER BROWN SHINY CALFSKIN,"<p>• Color: Copper brown</p>
<p>• Material: calfskin</p>
<p>• Size: 27 x 12 x 9 cm</p>
<p>• The products are 1:1 copies of the original version and they are the same from every detail.</p>
<p>• Support return and exchange in 1 month if the product is defective or the customer is not satisfied with the product.</p>",miumiu bag,,bag,top handle,TRUE,Title,Default Title,,,,,,0,,0,deny,manual,325.50,,TRUE,FALSE,,https://cdn.shopify.com/s/files/1/0912/9351/6071/files/img_89648692_20241011_i1728629276_847_4_jpg_f082c7c3-c66e-4e43-9c32-642e909abe57.jpg?v=1759124453,1,,,,,,g,,,,,active
arcadie-bag-27-in-copper-brown-shiny-calfskin,,,,,,,,,,,,,,,,,,,,,,,,,https://cdn.shopify.com/s/files/1/0912/9351/6071/files/img_89648692_20241011_i1728629276_1459_7_jpg_eb8a0754-e98b-4418-a52d-699888d8579e.jpg?v=1759124453,2,,,,,,,,,,,
arcadie-bag-27-in-copper-brown-shiny-calfskin,,,,,,,,,,,,,,,,,,,,,,,,,https://cdn.shopify.com/s/files/1/0912/9351/6071/files/img_89648692_20241011_i1728629276_2531_0_jpg_55de68cc-4008-4869-9898-8559f134b7e9.jpg?v=1759124453,3,,,,,,,,,,,
arcadie-bag-27-in-copper-brown-shiny-calfskin,,,,,,,,,,,,,,,,,,,,,,,,,https://cdn.shopify.com/s/files/1/0912/9351/6071/files/img_89648692_20241011_i1728629276_3675_2_jpg_ad78f76a-6453-424f-8340-0c89c5a77b2e.jpg?v=1759124453,4,,,,,,,,,,,
arcadie-bag-27-in-copper-brown-shiny-calfskin,,,,,,,,,,,,,,,,,,,,,,,,,https://cdn.shopify.com/s/files/1/0912/9351/6071/files/img_89648692_20241011_i1728629276_7981_3_jpg_79a7764a-1b99-4834-a30d-09c04c247bf8.jpg?v=1759124453,5,,,,,,,,,,,
arcadie-bag-27-in-copper-brown-shiny-calfskin,,,,,,,,,,,,,,,,,,,,,,,,,https://cdn.shopify.com/s/files/1/0912/9351/6071/files/img_89648692_20241011_i1728629276_8043_1_jpg_1f421a55-45e0-47df-82cc-c5bb1d14123d.jpg?v=1759124453,6,,,,,,,,,,,
arcadie-bag-27-in-copper-brown-shiny-calfskin,,,,,,,,,,,,,,,,,,,,,,,,,https://cdn.shopify.com/s/files/1/0912/9351/6071/files/img_89648692_20241011_i1728629276_9245_5_jpg_c0ce2eff-420d-454f-9499-02b5c8beac8a.jpg?v=1759124453,7,,,,,,,,,,,
arcadie-bag-27-in-copper-brown-shiny-calfskin,,,,,,,,,,,,,,,,,,,,,,,,,https://cdn.shopify.com/s/files/1/0912/9351/6071/files/img_89648692_20241011_i1728629276_9712_8_jpg_4db2ef2a-8be2-4567-86c8-8abf15685fb8.jpg?v=1759124453,8,,,,,,,,,,,
arcadie-bag-27-in-copper-brown-shiny-calfskin,,,,,,,,,,,,,,,,,,,,,,,,,https://cdn.shopify.com/s/files/1/0912/9351/6071/files/img_89648692_20241011_i1728629276_9838_6_jpg_469b72d9-2c3c-42dc-936f-aa2a3228d1e3.jpg?v=1759124453,9,,,,,,,,,,,
wander-matelasse-handbag-23-in-eunry-pink-lambskin,WANDER MATELASSÉ HANDBAG 23 IN EUNRY PINK LAMBSKIN,"<p>• Color: Eunry Pink</p>
<p>• Material: Lambskin</p>
<p>• Size: 23 x 13 x 7 cm</p>
<p>• The products are 1:1 copies of the original version and they are the same from every detail.</p>
<p>• Support return and exchange in 1 month if the product is defective or the customer is not satisfied with the product.</p>",miumiu bag,,bag,hobo bag,TRUE,Title,Default Title,,,,,,0,,0,deny,manual,341.25,,TRUE,FALSE,,https://cdn.shopify.com/s/files/1/0912/9351/6071/files/img_89648692_20250102_i1735813120_5368_5_jpg_2e5ef707-4437-4bfe-a5a4-8ce3465dc56f.jpg?v=1776677069,1,,,,,,g,,,,,active
wander-matelasse-handbag-23-in-eunry-pink-lambskin,,,,,,,,,,,,,,,,,,,,,,,,,https://cdn.shopify.com/s/files/1/0912/9351/6071/files/img_89648692_20250102_i1735813120_581_2_jpg_924fb166-ec95-45f1-9c4c-b2838b0884ad.jpg?v=1776677069,2,,,,,,,,,,,
wander-matelasse-handbag-23-in-eunry-pink-lambskin,,,,,,,,,,,,,,,,,,,,,,,,,https://cdn.shopify.com/s/files/1/0912/9351/6071/files/img_89648692_20250102_i1735813120_3428_1_jpg_0db7856a-bfd5-4b32-88e0-30d4d9912665.jpg?v=1776677069,3,,,,,,,,,,,
wander-matelasse-handbag-23-in-eunry-pink-lambskin,,,,,,,,,,,,,,,,,,,,,,,,,https://cdn.shopify.com/s/files/1/0912/9351/6071/files/img_89648692_20250102_i1735813120_4330_4_jpg_c3a662a0-53e9-4294-b00d-e20a583920f2.jpg?v=1776677069,4,,,,,,,,,,,
wander-matelasse-handbag-23-in-eunry-pink-lambskin,,,,,,,,,,,,,,,,,,,,,,,,,https://cdn.shopify.com/s/files/1/0912/9351/6071/files/img_89648692_20250102_i1735813120_4959_8_jpg_4a639c85-987c-4c3d-ae0a-a0b6dae4b725.jpg?v=1776677069,5,,,,,,,,,,,
wander-matelasse-handbag-23-in-eunry-pink-lambskin,,,,,,,,,,,,,,,,,,,,,,,,,https://cdn.shopify.com/s/files/1/0912/9351/6071/files/img_89648692_20250102_i1735813120_7433_3_jpg_55478aee-1398-4f73-b2dd-d85fd5b511ac.jpg?v=1776677069,6,,,,,,,,,,,
wander-matelasse-handbag-23-in-eunry-pink-lambskin,,,,,,,,,,,,,,,,,,,,,,,,,https://cdn.shopify.com/s/files/1/0912/9351/6071/files/img_89648692_20250102_i1735813120_9255_0_jpg_81ec3bf3-8efb-4cd1-9f40-9e6898348bb9.jpg?v=1776677069,7,,,,,,,,,,,
wander-matelasse-handbag-23-in-eunry-pink-lambskin,,,,,,,,,,,,,,,,,,,,,,,,,https://cdn.shopify.com/s/files/1/0912/9351/6071/files/img_89648692_20250102_i1735813120_9637_7_jpg_2786c580-8031-4c5b-87b1-2d09ba12a881.jpg?v=1776677069,8,,,,,,,,,,,
wander-matelasse-handbag-23-in-eunry-pink-lambskin,,,,,,,,,,,,,,,,,,,,,,,,,https://cdn.shopify.com/s/files/1/0912/9351/6071/files/img_89648692_20250102_i1735813120_9967_6_jpg_7dcd5cd3-f956-4692-bc3f-0871bbfa6d9a.jpg?v=1776677069,9,,,,,,,,,,,
arcadie-matelasse-bag-27-in-black-calfskin-gold-hardware,ARCADIE MATELASSÉ BAG 27 IN BLACK CALFSKIN GOLD HARDWARE,"<p>• Color: Black</p>
<p>• Material: Calfskin</p>
<p>• Size: 27 x 12 x 9 cm</p>
<p>• The products are 1:1 copies of the original version and they are the same from every detail.</p>
<p>• Support return and exchange in 1 month if the product is defective or the customer is not satisfied with the product.</p>",miumiu bag,,bag,top handle,TRUE,Title,Default Title,,,,,,0,,0,deny,manual,336.00,,TRUE,FALSE,,https://cdn.shopify.com/s/files/1/0912/9351/6071/files/img_89648692_20241222_i1734863104_5581_7_jpg.jpg?v=1759124727,1,,,,,,g,,,,,active
arcadie-matelasse-bag-27-in-black-calfskin-gold-hardware,,,,,,,,,,,,,,,,,,,,,,,,,https://cdn.shopify.com/s/files/1/0912/9351/6071/files/img_89648692_20241222_i1734863104_652_8_jpg.jpg?v=1759124727,2,,,,,,,,,,,
arcadie-matelasse-bag-27-in-black-calfskin-gold-hardware,,,,,,,,,,,,,,,,,,,,,,,,,https://cdn.shopify.com/s/files/1/0912/9351/6071/files/img_89648692_20241222_i1734863104_1270_0_jpg.jpg?v=1759124727,3,,,,,,,,,,,
arcadie-matelasse-bag-27-in-black-calfskin-gold-hardware,,,,,,,,,,,,,,,,,,,,,,,,,https://cdn.shopify.com/s/files/1/0912/9351/6071/files/img_89648692_20241222_i1734863104_1636_5_jpg.jpg?v=1759124727,4,,,,,,,,,,,
arcadie-matelasse-bag-27-in-black-calfskin-gold-hardware,,,,,,,,,,,,,,,,,,,,,,,,,https://cdn.shopify.com/s/files/1/0912/9351/6071/files/img_89648692_20241222_i1734863104_1707_1_jpg.jpg?v=1759124727,5,,,,,,,,,,,
arcadie-matelasse-bag-27-in-black-calfskin-gold-hardware,,,,,,,,,,,,,,,,,,,,,,,,,https://cdn.shopify.com/s/files/1/0912/9351/6071/files/img_89648692_20241222_i1734863104_8262_6_jpg.jpg?v=1759124727,6,,,,,,,,,,,
arcadie-matelasse-bag-27-in-black-calfskin-gold-hardware,,,,,,,,,,,,,,,,,,,,,,,,,https://cdn.shopify.com/s/files/1/0912/9351/6071/files/img_89648692_20241222_i1734863104_8459_2_jpg.jpg?v=1759124727,7,,,,,,,,,,,
arcadie-matelasse-bag-27-in-black-calfskin-gold-hardware,,,,,,,,,,,,,,,,,,,,,,,,,https://cdn.shopify.com/s/files/1/0912/9351/6071/files/img_89648692_20241223_i1734926171_143_0_jpg.jpg?v=1759124727,8,,,,,,,,,,,
arcadie-matelasse-bag-27-in-black-calfskin-gold-hardware,,,,,,,,,,,,,,,,,,,,,,,,,https://cdn.shopify.com/s/files/1/0912/9351/6071/files/img_89648692_20241223_i1734926171_309_1_jpg.jpg?v=1759124727,9,,,,,,,,,,,
tote-bag-40-in-striped-pattern-of-light-green-red-and-cream-white-woven-raffia,TOTE BAG 40 IN STRIPED PATTERN OF LIGHT GREEN RED AND CREAM WHITE WOVEN RAFFIA,"<p>• Color: Light Green, Red and Cream White </p>
<p>• Material: Woven raffia</p>
<p>• Size: 40 x 34 x 16 cm</p>
<p>• The products are 1:1 copies of the original version and they are the same from every detail.</p>
<p>• Support return and exchange in 1 month if the product is defective or the customer is not satisfied with the product.</p>",miumiu bag,,bag,"top handle, tote bag",TRUE,Title,Default Title,,,,,,0,,0,deny,manual,273.00,,TRUE,FALSE,,https://cdn.shopify.com/s/files/1/0912/9351/6071/files/20220729_a1659025050438_4371_jpg.jpg?v=1759124926,1,,,,,,g,,,,,active
tote-bag-40-in-striped-pattern-of-light-green-red-and-cream-white-woven-raffia,,,,,,,,,,,,,,,,,,,,,,,,,https://cdn.shopify.com/s/files/1/0912/9351/6071/files/20220729_a1659025050526_1203_jpg.jpg?v=1759124926,2,,,,,,,,,,,
tote-bag-40-in-striped-pattern-of-light-green-red-and-cream-white-woven-raffia,,,,,,,,,,,,,,,,,,,,,,,,,https://cdn.shopify.com/s/files/1/0912/9351/6071/files/20220729_a1659025050608_0187_jpg.jpg?v=1759124926,3,,,,,,,,,,,
tote-bag-40-in-striped-pattern-of-light-green-red-and-cream-white-woven-raffia,,,,,,,,,,,,,,,,,,,,,,,,,https://cdn.shopify.com/s/files/1/0912/9351/6071/files/20220729_a1659025050705_6755_jpg.jpg?v=1759124926,4,,,,,,,,,,,
tote-bag-40-in-striped-pattern-of-light-green-red-and-cream-white-woven-raffia,,,,,,,,,,,,,,,,,,,,,,,,,https://cdn.shopify.com/s/files/1/0912/9351/6071/files/20220729_a1659025050816_6060_jpg.jpg?v=1759124926,5,,,,,,,,,,,
tote-bag-40-in-striped-pattern-of-light-green-red-and-cream-white-woven-raffia,,,,,,,,,,,,,,,,,,,,,,,,,https://cdn.shopify.com/s/files/1/0912/9351/6071/files/20220729_a1659025050912_3658_jpg.jpg?v=1759124926,6,,,,,,,,,,,
tote-bag-40-in-striped-pattern-of-light-green-red-and-cream-white-woven-raffia,,,,,,,,,,,,,,,,,,,,,,,,,https://cdn.shopify.com/s/files/1/0912/9351/6071/files/20220729_a1659025051008_1026_jpg.jpg?v=1759124926,7,,,,,,,,,,,
tote-bag-40-in-striped-pattern-of-light-green-red-and-cream-white-woven-raffia,,,,,,,,,,,,,,,,,,,,,,,,,https://cdn.shopify.com/s/files/1/0912/9351/6071/files/20220729_a1659025051109_0240_jpg.jpg?v=1759124926,8,,,,,,,,,,,
tote-bag-40-in-striped-pattern-of-light-green-red-and-cream-white-woven-raffia,,,,,,,,,,,,,,,,,,,,,,,,,https://cdn.shopify.com/s/files/1/0912/9351/6071/files/20220729_a1659025051139_8168_jpg.jpg?v=1759124926,9,,,,,,,,,,,
wander-wicker-hobo-bag-20-in-brown-handwoven-with-pink-calfskin-logo,WANDER WICKER HOBO BAG 20 IN BROWN HANDWOVEN WITH PINK CALFSKIN LOGO,"<p>• Color: Brown mix pink</p>
<p>• Material: Handwoven and Calfskin</p>
<p>• Size: 20 x 17 cm</p>
<p>• The products are 1:1 copies of the original version and they are the same from every detail.</p>
<p>• Support return and exchange in 1 month if the product is defective or the customer is not satisfied with the product.</p>",miumiu bag,,bag,hobo bag,TRUE,Title,Default Title,,,,,,0,,0,deny,manual,283.50,,TRUE,FALSE,,https://cdn.shopify.com/s/files/1/0912/9351/6071/files/img_c4591631_20250401_i1743525375158_8999_0_0_jpg.jpg?v=1759124961,1,,,,,,g,,,,,active
wander-wicker-hobo-bag-20-in-brown-handwoven-with-pink-calfskin-logo,,,,,,,,,,,,,,,,,,,,,,,,,https://cdn.shopify.com/s/files/1/0912/9351/6071/files/img_c4591631_20250401_i1743525375105_4066_0_8_jpg.jpg?v=1759124961,2,,,,,,,,,,,
wander-wicker-hobo-bag-20-in-brown-handwoven-with-pink-calfskin-logo,,,,,,,,,,,,,,,,,,,,,,,,,https://cdn.shopify.com/s/files/1/0912/9351/6071/files/img_c4591631_20250401_i1743525375263_4745_0_7_jpg.jpg?v=1759124961,3,,,,,,,,,,,
wander-wicker-hobo-bag-20-in-brown-handwoven-with-pink-calfskin-logo,,,,,,,,,,,,,,,,,,,,,,,,,https://cdn.shopify.com/s/files/1/0912/9351/6071/files/img_c4591631_20250401_i1743525375272_4787_0_5_jpg.jpg?v=1759124961,4,,,,,,,,,,,
wander-wicker-hobo-bag-20-in-brown-handwoven-with-pink-calfskin-logo,,,,,,,,,,,,,,,,,,,,,,,,,https://cdn.shopify.com/s/files/1/0912/9351/6071/files/img_c4591631_20250401_i1743525375274_9483_0_4_jpg.jpg?v=1759124961,5,,,,,,,,,,,
wander-wicker-hobo-bag-20-in-brown-handwoven-with-pink-calfskin-logo,,,,,,,,,,,,,,,,,,,,,,,,,https://cdn.shopify.com/s/files/1/0912/9351/6071/files/img_c4591631_20250401_i1743525376741_6223_0_2_jpg.jpg?v=1759124962,6,,,,,,,,,,,
wander-wicker-hobo-bag-20-in-brown-handwoven-with-pink-calfskin-logo,,,,,,,,,,,,,,,,,,,,,,,,,https://cdn.shopify.com/s/files/1/0912/9351/6071/files/img_c4591631_20250401_i1743525376844_4775_0_6_jpg.jpg?v=1759124962,7,,,,,,,,,,,
wander-wicker-hobo-bag-20-in-brown-handwoven-with-pink-calfskin-logo,,,,,,,,,,,,,,,,,,,,,,,,,https://cdn.shopify.com/s/files/1/0912/9351/6071/files/img_c4591631_20250401_i1743525376856_6474_0_3_jpg.jpg?v=1759124962,8,,,,,,,,,,,
wander-wicker-hobo-bag-20-in-brown-handwoven-with-pink-calfskin-logo,,,,,,,,,,,,,,,,,,,,,,,,,https://cdn.shopify.com/s/files/1/0912/9351/6071/files/img_c4591631_20250401_i1743525376874_5179_0_1_jpg.jpg?v=1759124962,9,,,,,,,,,,,
arcadie-matelasse-bag-20-in-grey-lambskin-gold-hardware,ARCADIE MATELASSÉ BAG 20 IN GREY LAMBSKIN GOLD HARDWARE,"<p>• Color: Grey </p>
<p>• Material: Lambskin</p>
<p>• Size: 20 x 13 cm</p>
<p>• The products are 1:1 copies of the original version and they are the same from every detail.</p>
<p>• Support return and exchange in 1 month if the product is defective or the customer is not satisfied with the product.</p>",miumiu bag,,bag,top handle,TRUE,Title,Default Title,,,,,,0,,0,deny,manual,325.50,,TRUE,FALSE,,https://cdn.shopify.com/s/files/1/0912/9351/6071/files/imgHD_9af7c1b1_20250324_i1742791443344_4952_0_6_jpg.jpg?v=1759125077,1,,,,,,g,,,,,active
arcadie-matelasse-bag-20-in-grey-lambskin-gold-hardware,,,,,,,,,,,,,,,,,,,,,,,,,https://cdn.shopify.com/s/files/1/0912/9351/6071/files/imgHD_9af7c1b1_20250324_i1742791443344_3433_0_8_jpg.jpg?v=1759125077,2,,,,,,,,,,,
arcadie-matelasse-bag-20-in-grey-lambskin-gold-hardware,,,,,,,,,,,,,,,,,,,,,,,,,https://cdn.shopify.com/s/files/1/0912/9351/6071/files/imgHD_9af7c1b1_20250324_i1742791448845_5345_0_4_jpg.jpg?v=1759125077,3,,,,,,,,,,,
arcadie-matelasse-bag-20-in-grey-lambskin-gold-hardware,,,,,,,,,,,,,,,,,,,,,,,,,https://cdn.shopify.com/s/files/1/0912/9351/6071/files/imgHD_9af7c1b1_20250324_i1742791443344_2634_0_1_jpg.jpg?v=1759125077,4,,,,,,,,,,,
arcadie-matelasse-bag-20-in-grey-lambskin-gold-hardware,,,,,,,,,,,,,,,,,,,,,,,,,https://cdn.shopify.com/s/files/1/0912/9351/6071/files/imgHD_9af7c1b1_20250324_i1742791443344_4468_0_5_jpg.jpg?v=1759125077,5,,,,,,,,,,,
arcadie-matelasse-bag-20-in-grey-lambskin-gold-hardware,,,,,,,,,,,,,,,,,,,,,,,,,https://cdn.shopify.com/s/files/1/0912/9351/6071/files/imgHD_9af7c1b1_20250324_i1742791443344_7831_0_2_jpg.jpg?v=1759125077,6,,,,,,,,,,,
arcadie-matelasse-bag-20-in-grey-lambskin-gold-hardware,,,,,,,,,,,,,,,,,,,,,,,,,https://cdn.shopify.com/s/files/1/0912/9351/6071/files/imgHD_9af7c1b1_20250324_i1742791448801_339_0_3_jpg.jpg?v=1759125077,7,,,,,,,,,,,
arcadie-matelasse-bag-20-in-grey-lambskin-gold-hardware,,,,,,,,,,,,,,,,,,,,,,,,,https://cdn.shopify.com/s/files/1/0912/9351/6071/files/imgHD_9af7c1b1_20250324_i1742791448843_7546_0_7_jpg.jpg?v=1759125077,8,,,,,,,,,,,
arcadie-matelasse-bag-20-in-grey-lambskin-gold-hardware,,,,,,,,,,,,,,,,,,,,,,,,,https://cdn.shopify.com/s/files/1/0912/9351/6071/files/imgHD_9af7c1b1_20250324_i1742791448853_4568_0_0_jpg.jpg?v=1759125077,9,,,,,,,,,,,
arcadie-matelasse-bag-20-in-hippie-blue-lambskin-gold-hardware,ARCADIE MATELASSÉ BAG 20 IN HIPPIE BLUE LAMBSKIN GOLD HARDWARE,"<p>• Color: Hippie Blue </p>
<p>• Material: Lambskin</p>
<p>• Size: 20 x 13 cm</p>
<p>• The products are 1:1 copies of the original version and they are the same from every detail.</p>
<p>• Support return and exchange in 1 month if the product is defective or the customer is not satisfied with the product.</p>",miumiu bag,,bag,top handle,TRUE,Title,Default Title,,,,,,0,,0,deny,manual,325.50,,TRUE,FALSE,,https://cdn.shopify.com/s/files/1/0912/9351/6071/files/imgHD_9af7c1b1_20250324_i1742786107582_3430_0_5_jpg.jpg?v=1759125090,1,,,,,,g,,,,,active
arcadie-matelasse-bag-20-in-hippie-blue-lambskin-gold-hardware,,,,,,,,,,,,,,,,,,,,,,,,,https://cdn.shopify.com/s/files/1/0912/9351/6071/files/imgHD_9af7c1b1_20250324_i1742786177121_858_0_8_jpg.jpg?v=1759125090,2,,,,,,,,,,,
arcadie-matelasse-bag-20-in-hippie-blue-lambskin-gold-hardware,,,,,,,,,,,,,,,,,,,,,,,,,https://cdn.shopify.com/s/files/1/0912/9351/6071/files/imgHD_9af7c1b1_20250324_i1742786177122_7894_0_1_jpg.jpg?v=1759125090,3,,,,,,,,,,,
arcadie-matelasse-bag-20-in-hippie-blue-lambskin-gold-hardware,,,,,,,,,,,,,,,,,,,,,,,,,https://cdn.shopify.com/s/files/1/0912/9351/6071/files/imgHD_9af7c1b1_20250324_i1742786177135_9912_0_3_jpg.jpg?v=1759125090,4,,,,,,,,,,,
arcadie-matelasse-bag-20-in-hippie-blue-lambskin-gold-hardware,,,,,,,,,,,,,,,,,,,,,,,,,https://cdn.shopify.com/s/files/1/0912/9351/6071/files/imgHD_9af7c1b1_20250324_i1742786274242_1008_0_6_jpg.jpg?v=1759125090,5,,,,,,,,,,,
arcadie-matelasse-bag-20-in-hippie-blue-lambskin-gold-hardware,,,,,,,,,,,,,,,,,,,,,,,,,https://cdn.shopify.com/s/files/1/0912/9351/6071/files/imgHD_9af7c1b1_20250324_i1742786274242_3043_0_4_jpg.jpg?v=1759125090,6,,,,,,,,,,,
arcadie-matelasse-bag-20-in-hippie-blue-lambskin-gold-hardware,,,,,,,,,,,,,,,,,,,,,,,,,https://cdn.shopify.com/s/files/1/0912/9351/6071/files/imgHD_9af7c1b1_20250324_i1742786274249_6166_0_0_jpg.jpg?v=1759125090,7,,,,,,,,,,,
arcadie-small-22-bag-in-cinnamon-brown-calfskin,ARCADIE SMALL 22 BAG IN CINNAMON BROWN CALFSKIN,"<ul>
<li><span data-mce-fragment=""1"">Color: Cinnamon Brown<br><br></span></li>
<li>
<span data-mce-fragment=""1""><span>Size: 22 x 10.5 x 7.5 cm</span></span>
<div class=""index-module_foldText_TFDUn"">
<div class=""index-module_text_HePJ3"">
<div class=""index-module_ellipsisText_pYRbE""><br></div>
</div>
</div>
</li>
<li>
<span data-mce-fragment=""1""><span>Material : Calfskin<br></span></span><span data-mce-fragment=""1""><span><br></span></span><span data-mce-fragment=""1""><span></span></span>
</li>
<li> The products are 1:1 copies of the original version and they are the same from every detail.<br><br>
</li>
<li>Support return and exchange in 1 month if the product is defective or the customer is not satisfied with the product.
<div class=""chat-box-input-container"" id=""chat-box-input-container-id"">
<div class=""chat-box-input--audit-2023 chat-box-input--to-focus win32"" id=""chatInput"">
<div class=""chat-input-container--audit-2023"" id=""chat-input-container-id"">
<div class=""chat-input-container--audit-2023__left-layout"">
<div class=""chat-input-scrollable"" id=""chat-input-scroller-id"">
<div class=""chat-input-wrapper"">
<div class=""chat-input-content"" id=""chat-input-content-id""></div>
</div>
</div>
</div>
</div>
</div>
</div>
</li>
</ul>
<p> </p>
<ul></ul>",miumiu bag,,bag,"top handle, tote bag",TRUE,Title,Default Title,,,,,,0,,0,deny,manual,315.00,,TRUE,FALSE,,https://cdn.shopify.com/s/files/1/0912/9351/6071/files/20230517_i1684302410_8492_0_jpg.jpg?v=1759120141,1,,,,,,g,,,,,active
arcadie-small-22-bag-in-cinnamon-brown-calfskin,,,,,,,,,,,,,,,,,,,,,,,,,https://cdn.shopify.com/s/files/1/0912/9351/6071/files/20230517_i1684302410_3878_2_jpg.jpg?v=1759120141,2,,,,,,,,,,,
arcadie-small-22-bag-in-cinnamon-brown-calfskin,,,,,,,,,,,,,,,,,,,,,,,,,https://cdn.shopify.com/s/files/1/0912/9351/6071/files/20230517_i1684302410_1642_1_jpg.jpg?v=1759120141,3,,,,,,,,,,,
arcadie-small-22-bag-in-cinnamon-brown-calfskin,,,,,,,,,,,,,,,,,,,,,,,,,https://cdn.shopify.com/s/files/1/0912/9351/6071/files/20230517_i1684302410_2114_3_jpg.jpg?v=1759120141,4,,,,,,,,,,,
arcadie-small-22-bag-in-cinnamon-brown-calfskin,,,,,,,,,,,,,,,,,,,,,,,,,https://cdn.shopify.com/s/files/1/0912/9351/6071/files/20230517_i1684302410_3412_4_jpg.jpg?v=1759120141,5,,,,,,,,,,,
arcadie-small-22-bag-in-cinnamon-brown-calfskin,,,,,,,,,,,,,,,,,,,,,,,,,https://cdn.shopify.com/s/files/1/0912/9351/6071/files/20230517_i1684302410_3984_5_jpg.jpg?v=1759120141,6,,,,,,,,,,,
arcadie-small-22-bag-in-cinnamon-brown-calfskin,,,,,,,,,,,,,,,,,,,,,,,,,https://cdn.shopify.com/s/files/1/0912/9351/6071/files/20230517_i1684302410_245_8_jpg.jpg?v=1759120141,7,,,,,,,,,,,
arcadie-small-22-bag-in-cinnamon-brown-calfskin,,,,,,,,,,,,,,,,,,,,,,,,,https://cdn.shopify.com/s/files/1/0912/9351/6071/files/20230517_i1684302410_7460_7_jpg.jpg?v=1759120141,8,,,,,,,,,,,
arcadie-small-22-bag-in-cinnamon-brown-calfskin,,,,,,,,,,,,,,,,,,,,,,,,,https://cdn.shopify.com/s/files/1/0912/9351/6071/files/20230517_i1684302410_1271_6_jpg.jpg?v=1759120141,9,,,,,,,,,,,
too-pretty-17-handbag-in-hot-pink-lambskin,TOO PRETTY 17 HANDBAG IN HOT PINK LAMBSKIN,"<ul>
<li><span data-mce-fragment=""1"">Color: Hot Pink<br><br></span></li>
<li>
<span data-mce-fragment=""1""><span>Size: 17 x 10.5 x 5 cm</span></span>
<div class=""index-module_foldText_TFDUn"">
<div class=""index-module_text_HePJ3"">
<div class=""index-module_ellipsisText_pYRbE""><br></div>
</div>
</div>
</li>
<li>
<span data-mce-fragment=""1""><span>Material : Lambskin<br></span></span><span data-mce-fragment=""1""><span><br></span></span><span data-mce-fragment=""1""><span></span></span>
</li>
<li> The products are 1:1 copies of the original version and they are the same from every detail.<br><br>
</li>
<li>Support return and exchange in 1 month if the product is defective or the customer is not satisfied with the product.
<div class=""chat-box-input-container"" id=""chat-box-input-container-id"">
<div class=""chat-box-input--audit-2023 chat-box-input--to-focus win32"" id=""chatInput"">
<div class=""chat-input-container--audit-2023"" id=""chat-input-container-id"">
<div class=""chat-input-container--audit-2023__left-layout"">
<div class=""chat-input-scrollable"" id=""chat-input-scroller-id"">
<div class=""chat-input-wrapper"">
<div class=""chat-input-content"" id=""chat-input-content-id""></div>
</div>
</div>
</div>
</div>
</div>
</div>
</li>
</ul>
<p> </p>
<ul></ul>",miumiu bag,,bag,"cross body bags, top handle, tote bag",TRUE,Title,Default Title,,,,,,0,,0,deny,manual,283.50,,TRUE,FALSE,,https://cdn.shopify.com/s/files/1/0912/9351/6071/files/20220828_a1661663148787_1325_jpg_8af76e1d-2db4-4e9e-8f18-3bcd30c8cbe0.jpg?v=1759120062,1,,,,,,g,,,,,active
too-pretty-17-handbag-in-hot-pink-lambskin,,,,,,,,,,,,,,,,,,,,,,,,,https://cdn.shopify.com/s/files/1/0912/9351/6071/files/20220828_a1661663148927_0765_jpg_c6cfa63e-32da-4e76-bb25-6376ac3091f8.jpg?v=1759120062,2,,,,,,,,,,,
too-pretty-17-handbag-in-hot-pink-lambskin,,,,,,,,,,,,,,,,,,,,,,,,,https://cdn.shopify.com/s/files/1/0912/9351/6071/files/20220828_a1661663149042_7283_jpg_842f6bf2-cf9c-43e7-bd9e-af4786fc4c00.jpg?v=1759120062,3,,,,,,,,,,,
too-pretty-17-handbag-in-hot-pink-lambskin,,,,,,,,,,,,,,,,,,,,,,,,,https://cdn.shopify.com/s/files/1/0912/9351/6071/files/20220828_a1661663149136_7023_jpg_d80bb657-fea4-486d-a113-0fa8e5ae62f4.jpg?v=1759120062,4,,,,,,,,,,,
too-pretty-17-handbag-in-hot-pink-lambskin,,,,,,,,,,,,,,,,,,,,,,,,,https://cdn.shopify.com/s/files/1/0912/9351/6071/files/20220828_a1661663149226_7423_jpg_60b53fc6-13b3-4411-b06d-7b8d5673334a.jpg?v=1759120062,5,,,,,,,,,,,
too-pretty-17-handbag-in-hot-pink-lambskin,,,,,,,,,,,,,,,,,,,,,,,,,https://cdn.shopify.com/s/files/1/0912/9351/6071/files/20220828_a1661663149300_8326_jpg_87dd2b73-d02f-49df-9dac-493f81731496.jpg?v=1759120062,6,,,,,,,,,,,
too-pretty-17-handbag-in-hot-pink-lambskin,,,,,,,,,,,,,,,,,,,,,,,,,https://cdn.shopify.com/s/files/1/0912/9351/6071/files/20220828_a1661663149386_8077_jpg_6df1a35e-029f-4cf9-a596-e499f84a42ab.jpg?v=1759120062,7,,,,,,,,,,,
too-pretty-17-handbag-in-hot-pink-lambskin,,,,,,,,,,,,,,,,,,,,,,,,,https://cdn.shopify.com/s/files/1/0912/9351/6071/files/20220828_a1661663149225_4550_jpg_e90b68f8-7627-42f5-8c1c-fddff9bfc625.jpg?v=1759120062,8,,,,,,,,,,,
too-pretty-17-handbag-in-hot-pink-lambskin,,,,,,,,,,,,,,,,,,,,,,,,,https://cdn.shopify.com/s/files/1/0912/9351/6071/files/20220828_a1661663149470_0686_jpg_b946957b-76a2-4f3f-b604-7fb976e4ab94.jpg?v=1759120062,9,,,,,,,,,,,
miu-miu-archive-shoulder-bag-brown-nappa-leather,Miu Miu Archive Shoulder Bag Brown Nappa Leather,"<ul>
<li><span>Color: Brown <br><br></span></li>
<li>
<span><span>Size: 42 x 25 </span></span><span><span>cm</span></span>
<div class=""index-module_foldText_TFDUn"">
<div class=""index-module_text_HePJ3"">
<div class=""index-module_ellipsisText_pYRbE""><br></div>
</div>
</div>
</li>
<li>
<span><span>Material : Nappa Leather <br></span></span><span><span><br></span></span><span><span></span></span>
</li>
<li>The products are 1:1 copies of the original version and they are the same from every detail.<br><br>
</li>
<li>Support return and exchange in 1 month if the product is defective or the customer is not satisfied with the product.
<div id=""chat-box-input-container-id"" class=""chat-box-input-container"">
<div id=""chatInput"" class=""chat-box-input--audit-2023 chat-box-input--to-focus win32"">
<div id=""chat-input-container-id"" class=""chat-input-container--audit-2023"">
<div class=""chat-input-container--audit-2023__left-layout"">
<div id=""chat-input-scroller-id"" class=""chat-input-scrollable"">
<div class=""chat-input-wrapper"">
<div id=""chat-input-content-id"" class=""chat-input-content""></div>
</div>
</div>
</div>
</div>
</div>
</div>
</li>
</ul>
<p> </p>
<ul></ul>",miumiu bag,,bag,shoulder bags,TRUE,Title,Default Title,,,,,,0,,0,deny,manual,315.00,,TRUE,FALSE,,https://cdn.shopify.com/s/files/1/0912/9351/6071/files/img_d1f4d0ab_20240618_i1718724040_4379_5_jpg.jpg?v=1759119952,1,,,,,,g,,,,,active
miu-miu-archive-shoulder-bag-brown-nappa-leather,,,,,,,,,,,,,,,,,,,,,,,,,https://cdn.shopify.com/s/files/1/0912/9351/6071/files/img_d1f4d0ab_20240618_i1718724040_1284_3_jpg.jpg?v=1759119952,2,,,,,,,,,,,
miu-miu-archive-shoulder-bag-brown-nappa-leather,,,,,,,,,,,,,,,,,,,,,,,,,https://cdn.shopify.com/s/files/1/0912/9351/6071/files/img_d1f4d0ab_20240618_i1718724040_7290_0_jpg.jpg?v=1759119952,3,,,,,,,,,,,
miu-miu-archive-shoulder-bag-brown-nappa-leather,,,,,,,,,,,,,,,,,,,,,,,,,https://cdn.shopify.com/s/files/1/0912/9351/6071/files/img_d1f4d0ab_20240618_i1718724040_2527_7_jpg.jpg?v=1759119952,4,,,,,,,,,,,
miu-miu-archive-shoulder-bag-brown-nappa-leather,,,,,,,,,,,,,,,,,,,,,,,,,https://cdn.shopify.com/s/files/1/0912/9351/6071/files/img_d1f4d0ab_20240618_i1718724040_6582_6_jpg.jpg?v=1759119952,5,,,,,,,,,,,
miu-miu-archive-shoulder-bag-brown-nappa-leather,,,,,,,,,,,,,,,,,,,,,,,,,https://cdn.shopify.com/s/files/1/0912/9351/6071/files/img_d1f4d0ab_20240618_i1718724040_4512_8_jpg.jpg?v=1759119952,6,,,,,,,,,,,
miu-miu-archive-shoulder-bag-brown-nappa-leather,,,,,,,,,,,,,,,,,,,,,,,,,https://cdn.shopify.com/s/files/1/0912/9351/6071/files/img_d1f4d0ab_20240618_i1718724040_4212_2_jpg.jpg?v=1759119952,7,,,,,,,,,,,
miu-miu-archive-shoulder-bag-brown-nappa-leather,,,,,,,,,,,,,,,,,,,,,,,,,https://cdn.shopify.com/s/files/1/0912/9351/6071/files/img_d1f4d0ab_20240618_i1718724040_1251_4_jpg.jpg?v=1759119952,8,,,,,,,,,,,
miu-miu-archive-shoulder-bag-brown-nappa-leather,,,,,,,,,,,,,,,,,,,,,,,,,https://cdn.shopify.com/s/files/1/0912/9351/6071/files/img_d1f4d0ab_20240618_i1718724040_5418_1_jpg.jpg?v=1759119952,9,,,,,,,,,,,
phone-bag-15-in-cinnamon-brown-calfskin,PHONE BAG 15 IN CINNAMON BROWN CALFSKIN,"<ul>
<li><span data-mce-fragment=""1"">Color: Cinnamon Brown<br><br></span></li>
<li><span data-mce-fragment=""1""><span>Size: 15 x 12 cm<br><br></span></span></li>
<li>
<span data-mce-fragment=""1""><span>Material : Calfskin<br></span></span><span data-mce-fragment=""1""><span><br></span></span><span data-mce-fragment=""1""><span></span></span>
</li>
<li> The products are 1:1 copies of the original version and they are the same from every detail.<br><br>
</li>
<li>Support return and exchange in 1 month if the product is defective or the customer is not satisfied with the product.
<div id=""chat-box-input-container-id"" class=""chat-box-input-container"">
<div id=""chatInput"" class=""chat-box-input--audit-2023 chat-box-input--to-focus win32"">
<div id=""chat-input-container-id"" class=""chat-input-container--audit-2023"">
<div class=""chat-input-container--audit-2023__left-layout"">
<div id=""chat-input-scroller-id"" class=""chat-input-scrollable"">
<div class=""chat-input-wrapper"">
<div id=""chat-input-content-id"" class=""chat-input-content""></div>
</div>
</div>
</div>
</div>
</div>
</div>
</li>
</ul>
<p> </p>
<ul></ul>",miumiu bag,,bag,cross body bags,TRUE,Title,Default Title,,,,,,0,,0,deny,manual,199.50,,TRUE,FALSE,,https://cdn.shopify.com/s/files/1/0912/9351/6071/files/img_bafc4fa4_20240529_i1716976098_9606_8_jpg.jpg?v=1759119770,1,,,,,,g,,,,,active
phone-bag-15-in-cinnamon-brown-calfskin,,,,,,,,,,,,,,,,,,,,,,,,,https://cdn.shopify.com/s/files/1/0912/9351/6071/files/img_bafc4fa4_20240529_i1716976098_1591_3_jpg.jpg?v=1759119770,2,,,,,,,,,,,
phone-bag-15-in-cinnamon-brown-calfskin,,,,,,,,,,,,,,,,,,,,,,,,,https://cdn.shopify.com/s/files/1/0912/9351/6071/files/img_bafc4fa4_20240529_i1716976098_1749_1_jpg.jpg?v=1759119770,3,,,,,,,,,,,
phone-bag-15-in-cinnamon-brown-calfskin,,,,,,,,,,,,,,,,,,,,,,,,,https://cdn.shopify.com/s/files/1/0912/9351/6071/files/img_bafc4fa4_20240529_i1716976098_2674_2_jpg.jpg?v=1759119770,4,,,,,,,,,,,
phone-bag-15-in-cinnamon-brown-calfskin,,,,,,,,,,,,,,,,,,,,,,,,,https://cdn.shopify.com/s/files/1/0912/9351/6071/files/img_bafc4fa4_20240529_i1716976098_3643_0_jpg.jpg?v=1759119770,5,,,,,,,,,,,
phone-bag-15-in-cinnamon-brown-calfskin,,,,,,,,,,,,,,,,,,,,,,,,,https://cdn.shopify.com/s/files/1/0912/9351/6071/files/img_bafc4fa4_20240529_i1716976098_4857_7_jpg.jpg?v=1759119770,6,,,,,,,,,,,
phone-bag-15-in-cinnamon-brown-calfskin,,,,,,,,,,,,,,,,,,,,,,,,,https://cdn.shopify.com/s/files/1/0912/9351/6071/files/img_bafc4fa4_20240529_i1716976098_5676_4_jpg.jpg?v=1759119770,7,,,,,,,,,,,
phone-bag-15-in-cinnamon-brown-calfskin,,,,,,,,,,,,,,,,,,,,,,,,,https://cdn.shopify.com/s/files/1/0912/9351/6071/files/img_bafc4fa4_20240529_i1716976098_4811_6_jpg.jpg?v=1759119770,8,,,,,,,,,,,
phone-bag-15-in-cinnamon-brown-calfskin,,,,,,,,,,,,,,,,,,,,,,,,,https://cdn.shopify.com/s/files/1/0912/9351/6071/files/img_bafc4fa4_20240529_i1716976098_8563_5_jpg.jpg?v=1759119770,9,,,,,,,,,,,
small-matelasse-wallet-10-in-begonia-pink-leather,SMALL MATELASSÉ WALLET 10 IN BEGONIA PINK LEATHER,"<ul>
<li><span data-mce-fragment=""1"">Color: Begonia Pink<br><br></span></li>
<li><span data-mce-fragment=""1""><span>Size: 10.5  x 10 x 3 cm<br><br></span></span></li>
<li>
<span data-mce-fragment=""1""><span>Material : Leather<br></span></span><span data-mce-fragment=""1""><span><br></span></span><span data-mce-fragment=""1""><span></span></span>
</li>
<li> The products are 1:1 copies of the original version and they are the same from every detail.<br><br>
</li>
<li>Support return and exchange in 1 month if the product is defective or the customer is not satisfied with the product.
<div class=""chat-box-input-container"" id=""chat-box-input-container-id"">
<div class=""chat-box-input--audit-2023 chat-box-input--to-focus win32"" id=""chatInput"">
<div class=""chat-input-container--audit-2023"" id=""chat-input-container-id"">
<div class=""chat-input-container--audit-2023__left-layout"">
<div class=""chat-input-scrollable"" id=""chat-input-scroller-id"">
<div class=""chat-input-wrapper"">
<div class=""chat-input-content"" id=""chat-input-content-id""></div>
</div>
</div>
</div>
</div>
</div>
</div>
</li>
</ul>
<p> </p>
<ul></ul>",miumiu bag,,bag,wallet,TRUE,Title,Default Title,,,,,,0,,0,deny,manual,120.75,,TRUE,FALSE,,https://cdn.shopify.com/s/files/1/0912/9351/6071/files/img_790e6571_20240512_i1715479022_1643_0_jpg_2255aa85-bd3b-447b-9578-4413271f0817.jpg?v=1775554822,1,,,,,,g,,,,,active
small-matelasse-wallet-10-in-begonia-pink-leather,,,,,,,,,,,,,,,,,,,,,,,,,https://cdn.shopify.com/s/files/1/0912/9351/6071/files/img_790e6571_20240512_i1715479022_3772_1_jpg_50f12e0f-946e-4b05-8428-4ebaf1395080.jpg?v=1775554822,2,,,,,,,,,,,
small-matelasse-wallet-10-in-begonia-pink-leather,,,,,,,,,,,,,,,,,,,,,,,,,https://cdn.shopify.com/s/files/1/0912/9351/6071/files/img_790e6571_20240512_i1715479022_1735_2_jpg_a4409a5c-738b-4c0d-9a05-0c15cbd0e46b.jpg?v=1775554822,3,,,,,,,,,,,
small-matelasse-wallet-10-in-begonia-pink-leather,,,,,,,,,,,,,,,,,,,,,,,,,https://cdn.shopify.com/s/files/1/0912/9351/6071/files/img_790e6571_20240512_i1715479022_7447_6_jpg_c9c34538-3f45-445d-a661-9d4014e0bde2.jpg?v=1775554822,4,,,,,,,,,,,
small-matelasse-wallet-10-in-begonia-pink-leather,,,,,,,,,,,,,,,,,,,,,,,,,https://cdn.shopify.com/s/files/1/0912/9351/6071/files/img_790e6571_20240512_i1715479022_1506_3_jpg_f6dc5745-a21a-406f-ba63-b1c03eed50e1.jpg?v=1775554822,5,,,,,,,,,,,
small-matelasse-wallet-10-in-begonia-pink-leather,,,,,,,,,,,,,,,,,,,,,,,,,https://cdn.shopify.com/s/files/1/0912/9351/6071/files/img_790e6571_20240512_i1715479022_2616_8_jpg_8a4d1b84-6ca7-4aeb-9444-75455df1cb35.jpg?v=1775554821,6,,,,,,,,,,,
small-matelasse-wallet-10-in-begonia-pink-leather,,,,,,,,,,,,,,,,,,,,,,,,,https://cdn.shopify.com/s/files/1/0912/9351/6071/files/img_790e6571_20240512_i1715479022_4648_7_jpg_67c479e6-d6ee-42a0-974e-82227fb24017.jpg?v=1775554822,7,,,,,,,,,,,
small-matelasse-wallet-10-in-begonia-pink-leather,,,,,,,,,,,,,,,,,,,,,,,,,https://cdn.shopify.com/s/files/1/0912/9351/6071/files/img_790e6571_20240512_i1715479022_7705_5_jpg_882dc00c-fee2-494e-8c32-95812ae63a03.jpg?v=1775554822,8,,,,,,,,,,,
small-matelasse-wallet-10-in-begonia-pink-leather,,,,,,,,,,,,,,,,,,,,,,,,,https://cdn.shopify.com/s/files/1/0912/9351/6071/files/img_790e6571_20240512_i1715479022_367_4_jpg_20cccaf9-0967-4478-91ae-58a96c413aa2.jpg?v=1775554821,9,,,,,,,,,,,
hobo-22-bag-in-cherry-red-calfskin,HOBO 22 BAG IN CHERRY RED CALFSKIN,"<ul>
<li><span data-mce-fragment=""1"">Color: Cherry Red<br><br></span></li>
<li><span data-mce-fragment=""1""><span>Size: 22 x 13 cm<br><br></span></span></li>
<li>
<span data-mce-fragment=""1""><span>Material : Calfskin<br></span></span><span data-mce-fragment=""1""><span><br></span></span><span data-mce-fragment=""1""><span></span></span>
</li>
<li> The products are 1:1 copies of the original version and they are the same from every detail.<br><br>
</li>
<li>Support return and exchange in 1 month if the product is defective or the customer is not satisfied with the product.
<div class=""chat-box-input-container"" id=""chat-box-input-container-id"">
<div class=""chat-box-input--audit-2023 chat-box-input--to-focus win32"" id=""chatInput"">
<div class=""chat-input-container--audit-2023"" id=""chat-input-container-id"">
<div class=""chat-input-container--audit-2023__left-layout"">
<div class=""chat-input-scrollable"" id=""chat-input-scroller-id"">
<div class=""chat-input-wrapper"">
<div class=""chat-input-content"" id=""chat-input-content-id""></div>
</div>
</div>
</div>
</div>
</div>
</div>
</li>
</ul>
<p> </p>
<ul></ul>",miumiu bag,,bag,"cross body bags, hobo bag, top handle",TRUE,Title,Default Title,,,,,,0,,0,deny,manual,273.00,,TRUE,FALSE,,https://cdn.shopify.com/s/files/1/0912/9351/6071/files/img_31a9a237_20240510_i1715352183_2546_6_jpg.jpg?v=1759119688,1,,,,,,g,,,,,active
hobo-22-bag-in-cherry-red-calfskin,,,,,,,,,,,,,,,,,,,,,,,,,https://cdn.shopify.com/s/files/1/0912/9351/6071/files/img_31a9a237_20240510_i1715352183_1938_2_jpg.jpg?v=1759119688,2,,,,,,,,,,,
hobo-22-bag-in-cherry-red-calfskin,,,,,,,,,,,,,,,,,,,,,,,,,https://cdn.shopify.com/s/files/1/0912/9351/6071/files/img_31a9a237_20240510_i1715352183_1695_7_jpg.jpg?v=1759119688,3,,,,,,,,,,,
hobo-22-bag-in-cherry-red-calfskin,,,,,,,,,,,,,,,,,,,,,,,,,https://cdn.shopify.com/s/files/1/0912/9351/6071/files/img_31a9a237_20240510_i1715352183_3327_5_jpg.jpg?v=1759119688,4,,,,,,,,,,,
hobo-22-bag-in-cherry-red-calfskin,,,,,,,,,,,,,,,,,,,,,,,,,https://cdn.shopify.com/s/files/1/0912/9351/6071/files/img_31a9a237_20240510_i1715352183_1556_3_jpg.jpg?v=1759119688,5,,,,,,,,,,,
hobo-22-bag-in-cherry-red-calfskin,,,,,,,,,,,,,,,,,,,,,,,,,https://cdn.shopify.com/s/files/1/0912/9351/6071/files/img_31a9a237_20240510_i1715352183_3833_8_jpg.jpg?v=1759119688,6,,,,,,,,,,,
hobo-22-bag-in-cherry-red-calfskin,,,,,,,,,,,,,,,,,,,,,,,,,https://cdn.shopify.com/s/files/1/0912/9351/6071/files/img_31a9a237_20240510_i1715352183_4190_0_jpg.jpg?v=1759119688,7,,,,,,,,,,,
hobo-22-bag-in-cherry-red-calfskin,,,,,,,,,,,,,,,,,,,,,,,,,https://cdn.shopify.com/s/files/1/0912/9351/6071/files/img_31a9a237_20240510_i1715352183_8717_1_jpg.jpg?v=1759119688,8,,,,,,,,,,,
hobo-22-bag-in-cherry-red-calfskin,,,,,,,,,,,,,,,,,,,,,,,,,https://cdn.shopify.com/s/files/1/0912/9351/6071/files/img_31a9a237_20240510_i1715352183_7422_4_jpg.jpg?v=1759119688,9,,,,,,,,,,,
small-cardholder-10-in-dark-pink-lambskin,SMALL CARDHOLDER 10 IN DARK PINK LAMBSKIN,"<ul>
<li><span data-mce-fragment=""1"">Color: Dark Pink<br><br></span></li>
<li><span data-mce-fragment=""1""><span>Size: 8 x 10.5 cm<br><br></span></span></li>
<li>
<span data-mce-fragment=""1""><span>Material : Lambskin<br></span></span><span data-mce-fragment=""1""><span><br></span></span><span data-mce-fragment=""1""><span></span></span>
</li>
<li> The products are 1:1 copies of the original version and they are the same from every detail.<br><br>
</li>
<li>Support return and exchange in 1 month if the product is defective or the customer is not satisfied with the product.
<div class=""chat-box-input-container"" id=""chat-box-input-container-id"">
<div class=""chat-box-input--audit-2023 chat-box-input--to-focus win32"" id=""chatInput"">
<div class=""chat-input-container--audit-2023"" id=""chat-input-container-id"">
<div class=""chat-input-container--audit-2023__left-layout"">
<div class=""chat-input-scrollable"" id=""chat-input-scroller-id"">
<div class=""chat-input-wrapper"">
<div class=""chat-input-content"" id=""chat-input-content-id""></div>
</div>
</div>
</div>
</div>
</div>
</div>
</li>
</ul>
<p> </p>
<ul></ul>",miumiu bag,,bag,wallet,TRUE,Title,Default Title,,,,,,0,,0,deny,manual,110.25,,TRUE,FALSE,,https://cdn.shopify.com/s/files/1/0912/9351/6071/files/img_aebee8f5_20240512_i1715524447_5940_0_jpg.jpg?v=1759119515,1,,,,,,g,,,,,active
small-cardholder-10-in-dark-pink-lambskin,,,,,,,,,,,,,,,,,,,,,,,,,https://cdn.shopify.com/s/files/1/0912/9351/6071/files/img_aebee8f5_20240512_i1715524447_863_8_jpg.jpg?v=1759119515,2,,,,,,,,,,,
small-cardholder-10-in-dark-pink-lambskin,,,,,,,,,,,,,,,,,,,,,,,,,https://cdn.shopify.com/s/files/1/0912/9351/6071/files/img_aebee8f5_20240512_i1715524447_5889_2_jpg.jpg?v=1759119515,3,,,,,,,,,,,
small-cardholder-10-in-dark-pink-lambskin,,,,,,,,,,,,,,,,,,,,,,,,,https://cdn.shopify.com/s/files/1/0912/9351/6071/files/img_aebee8f5_20240512_i1715524447_5941_1_jpg.jpg?v=1759119515,4,,,,,,,,,,,
small-cardholder-10-in-dark-pink-lambskin,,,,,,,,,,,,,,,,,,,,,,,,,https://cdn.shopify.com/s/files/1/0912/9351/6071/files/img_aebee8f5_20240512_i1715524447_8067_5_jpg.jpg?v=1759119515,5,,,,,,,,,,,
small-cardholder-10-in-dark-pink-lambskin,,,,,,,,,,,,,,,,,,,,,,,,,https://cdn.shopify.com/s/files/1/0912/9351/6071/files/img_aebee8f5_20240512_i1715524447_1317_4_jpg.jpg?v=1759119515,6,,,,,,,,,,,
small-cardholder-10-in-dark-pink-lambskin,,,,,,,,,,,,,,,,,,,,,,,,,https://cdn.shopify.com/s/files/1/0912/9351/6071/files/img_aebee8f5_20240512_i1715524447_6695_7_jpg.jpg?v=1759119515,7,,,,,,,,,,,
small-cardholder-10-in-dark-pink-lambskin,,,,,,,,,,,,,,,,,,,,,,,,,https://cdn.shopify.com/s/files/1/0912/9351/6071/files/img_aebee8f5_20240512_i1715524447_2421_6_jpg.jpg?v=1759119515,8,,,,,,,,,,,
small-cardholder-10-in-dark-pink-lambskin,,,,,,,,,,,,,,,,,,,,,,,,,https://cdn.shopify.com/s/files/1/0912/9351/6071/files/img_aebee8f5_20240512_i1715524447_6693_3_jpg.jpg?v=1759119515,9,,,,,,,,,,,
mini-hobo-20-bag-in-tiffany-blue-sheepskin,MINI HOBO 20 BAG IN TIFFANY BLUE SHEEPSKIN,"<ul>
<li><span data-mce-fragment=""1"">Color: Tiffany blue<br><br></span></li>
<li><span data-mce-fragment=""1""><span>Size: 20 x 6 x 17 cm<br><br></span></span></li>
<li>
<span data-mce-fragment=""1""><span>Material : Sheepskin<br></span></span><span data-mce-fragment=""1""><span><br></span></span><span data-mce-fragment=""1""><span></span></span>
</li>
<li> The products are 1:1 copies of the original version and they are the same from every detail.<br><br>
</li>
<li>Support return and exchange in 1 month if the product is defective or the customer is not satisfied with the product.
<div id=""chat-box-input-container-id"" class=""chat-box-input-container"">
<div id=""chatInput"" class=""chat-box-input--audit-2023 chat-box-input--to-focus win32"">
<div id=""chat-input-container-id"" class=""chat-input-container--audit-2023"">
<div class=""chat-input-container--audit-2023__left-layout"">
<div id=""chat-input-scroller-id"" class=""chat-input-scrollable"">
<div class=""chat-input-wrapper"">
<div id=""chat-input-content-id"" class=""chat-input-content""></div>
</div>
</div>
</div>
</div>
</div>
</div>
</li>
</ul>
<p> </p>
<ul></ul>",miumiu bag,,bag,"cross body bags, top handle",TRUE,Title,Default Title,,,,,,0,,0,deny,manual,294.00,,TRUE,FALSE,,https://cdn.shopify.com/s/files/1/0912/9351/6071/files/20230411_i1681195407_5845_0_jpg.jpg?v=1759119283,1,,,,,,g,,,,,active
mini-hobo-20-bag-in-tiffany-blue-sheepskin,,,,,,,,,,,,,,,,,,,,,,,,,https://cdn.shopify.com/s/files/1/0912/9351/6071/files/20230411_i1681195407_2299_4_jpg.jpg?v=1759119283,2,,,,,,,,,,,
mini-hobo-20-bag-in-tiffany-blue-sheepskin,,,,,,,,,,,,,,,,,,,,,,,,,https://cdn.shopify.com/s/files/1/0912/9351/6071/files/20230411_i1681195407_7996_1_jpg.jpg?v=1759119283,3,,,,,,,,,,,
mini-hobo-20-bag-in-tiffany-blue-sheepskin,,,,,,,,,,,,,,,,,,,,,,,,,https://cdn.shopify.com/s/files/1/0912/9351/6071/files/20230411_i1681195407_7039_2_jpg.jpg?v=1759119283,4,,,,,,,,,,,
mini-hobo-20-bag-in-tiffany-blue-sheepskin,,,,,,,,,,,,,,,,,,,,,,,,,https://cdn.shopify.com/s/files/1/0912/9351/6071/files/20230411_i1681195407_3748_7_jpg.jpg?v=1759119283,5,,,,,,,,,,,
mini-hobo-20-bag-in-tiffany-blue-sheepskin,,,,,,,,,,,,,,,,,,,,,,,,,https://cdn.shopify.com/s/files/1/0912/9351/6071/files/20230411_i1681195407_6345_3_jpg.jpg?v=1759119283,6,,,,,,,,,,,
mini-hobo-20-bag-in-tiffany-blue-sheepskin,,,,,,,,,,,,,,,,,,,,,,,,,https://cdn.shopify.com/s/files/1/0912/9351/6071/files/20230411_i1681195407_7065_6_jpg.jpg?v=1759119283,7,,,,,,,,,,,
mini-hobo-20-bag-in-tiffany-blue-sheepskin,,,,,,,,,,,,,,,,,,,,,,,,,https://cdn.shopify.com/s/files/1/0912/9351/6071/files/20230411_i1681195407_8165_5_jpg.jpg?v=1759119283,8,,,,,,,,,,,
mini-hobo-20-bag-in-tiffany-blue-sheepskin,,,,,,,,,,,,,,,,,,,,,,,,,https://cdn.shopify.com/s/files/1/0912/9351/6071/files/20230411_i1681195407_9686_8_jpg.jpg?v=1759119284,9,,,,,,,,,,,
miuwander-hobo-23-black-matelasse-leather,miuwander hobo 23 black matelasse leather,"<p style=""text-align: left;""><strong>DESCRIPTION</strong></p>
<p style=""text-align: left;""><span data-mce-fragment=""1"">• Color : Black, Gold Hardware</span></p>
<p style=""text-align: left;""><span data-mce-fragment=""1"">• Material : Lambskin</span></p>
<p style=""text-align: left;""><bdo dir=""ltr""><bdo data-mce-fragment=""1"" dir=""ltr""><span data-mce-fragment=""1"">• </span>(Length x Height x Width) : 23</bdo></bdo><bdo dir=""ltr""> x 13 x 7 cm</bdo></p>
<p>• The products are 1:1 copies of the original version and they are the same from every detail.</p>
<p>• Support return and exchange in 1 month if the product is defective or the customer is not satisfied with the product.</p>",miumiu bag,,bag,"hobo bag, top handle",TRUE,Title,Default Title,,,,,,0,,0,deny,manual,341.25,,FALSE,FALSE,,https://cdn.shopify.com/s/files/1/0912/9351/6071/files/20230505_a1683252508232_5328_jpg.jpg?v=1778124877,1,,,,,,g,,,,,active
miuwander-hobo-23-black-matelasse-leather,,,,,,,,,,,,,,,,,,,,,,,,,https://cdn.shopify.com/s/files/1/0912/9351/6071/files/20230505_a1683252508450_6404_jpg.jpg?v=1778124877,2,,,,,,,,,,,
miuwander-hobo-23-black-matelasse-leather,,,,,,,,,,,,,,,,,,,,,,,,,https://cdn.shopify.com/s/files/1/0912/9351/6071/files/20230505_a1683252508632_3248_jpg.jpg?v=1778124877,3,,,,,,,,,,,
miuwander-hobo-23-black-matelasse-leather,,,,,,,,,,,,,,,,,,,,,,,,,https://cdn.shopify.com/s/files/1/0912/9351/6071/files/20230505_a1683252508836_5543_jpg.jpg?v=1778124877,4,,,,,,,,,,,
miuwander-hobo-23-black-matelasse-leather,,,,,,,,,,,,,,,,,,,,,,,,,https://cdn.shopify.com/s/files/1/0912/9351/6071/files/20230505_a1683252509113_7514_jpg.jpg?v=1778124877,5,,,,,,,,,,,
miuwander-hobo-23-black-matelasse-leather,,,,,,,,,,,,,,,,,,,,,,,,,https://cdn.shopify.com/s/files/1/0912/9351/6071/files/20230505_a1683252510776_5368_jpg.jpg?v=1778124877,6,,,,,,,,,,,
miuwander-hobo-23-black-matelasse-leather,,,,,,,,,,,,,,,,,,,,,,,,,https://cdn.shopify.com/s/files/1/0912/9351/6071/files/20230505_a1683252510775_2275_jpg.jpg?v=1778124877,7,,,,,,,,,,,
miuwander-hobo-23-black-matelasse-leather,,,,,,,,,,,,,,,,,,,,,,,,,https://cdn.shopify.com/s/files/1/0912/9351/6071/files/20230505_a1683252510777_3232_jpg.jpg?v=1778124877,8,,,,,,,,,,,
miuwander-hobo-23-black-matelasse-leather,,,,,,,,,,,,,,,,,,,,,,,,,https://cdn.shopify.com/s/files/1/0912/9351/6071/files/20230505_a1683252510777_7320_jpg_de7d0370-75db-4a82-a90c-f0509d52c6a6.jpg?v=1778124877,9,,,,,,,,,,,
miuwander-hobo-23-grey-matelasse-leather,miuwander hobo 23 grey matelasse leather,"<p style=""text-align: left;""><strong>DESCRIPTION</strong></p>
<p style=""text-align: left;""><span data-mce-fragment=""1"">• Color : Grey, Gold Hardware</span></p>
<p style=""text-align: left;""><span data-mce-fragment=""1"">• Material : Lambskin</span></p>
<p style=""text-align: left;""><bdo dir=""ltr""><bdo data-mce-fragment=""1"" dir=""ltr""><span data-mce-fragment=""1"">• </span>(Length x Height x Width) : 23</bdo></bdo><bdo dir=""ltr""> x 13 x 7 cm</bdo></p>
<p>• The products are 1:1 copies of the original version and they are the same from every detail.</p>
<p>• Support return and exchange in 1 month if the product is defective or the customer is not satisfied with the product.</p>",miumiu bag,,bag,"hobo bag, top handle",TRUE,Title,Default Title,,,,,,0,,0,deny,manual,262.50,,FALSE,FALSE,,https://cdn.shopify.com/s/files/1/0912/9351/6071/files/20230712_a1689142290560_0318_jpg.jpg?v=1759118993,1,,,,,,g,,,,,active
miuwander-hobo-23-grey-matelasse-leather,,,,,,,,,,,,,,,,,,,,,,,,,https://cdn.shopify.com/s/files/1/0912/9351/6071/files/20230712_a1689142291000_6520_jpg.jpg?v=1759118993,2,,,,,,,,,,,
miuwander-hobo-23-grey-matelasse-leather,,,,,,,,,,,,,,,,,,,,,,,,,https://cdn.shopify.com/s/files/1/0912/9351/6071/files/20230712_a1689142290741_3770_jpg.jpg?v=1759118993,3,,,,,,,,,,,
miuwander-hobo-23-grey-matelasse-leather,,,,,,,,,,,,,,,,,,,,,,,,,https://cdn.shopify.com/s/files/1/0912/9351/6071/files/20230712_a1689142290820_1158_jpg.jpg?v=1759118993,4,,,,,,,,,,,
miuwander-hobo-23-grey-matelasse-leather,,,,,,,,,,,,,,,,,,,,,,,,,https://cdn.shopify.com/s/files/1/0912/9351/6071/files/20230712_a1689142291208_8312_jpg.jpg?v=1759118993,5,,,,,,,,,,,
miuwander-hobo-23-grey-matelasse-leather,,,,,,,,,,,,,,,,,,,,,,,,,https://cdn.shopify.com/s/files/1/0912/9351/6071/files/20230712_a1689142291380_7361_jpg.jpg?v=1759118993,6,,,,,,,,,,,
miuwander-hobo-23-grey-matelasse-leather,,,,,,,,,,,,,,,,,,,,,,,,,https://cdn.shopify.com/s/files/1/0912/9351/6071/files/20230712_a1689142291517_6070_jpg.jpg?v=1759118993,7,,,,,,,,,,,
miuwander-hobo-23-grey-matelasse-leather,,,,,,,,,,,,,,,,,,,,,,,,,https://cdn.shopify.com/s/files/1/0912/9351/6071/files/20230712_a1689142291785_2326_jpg.jpg?v=1759118993,8,,,,,,,,,,,
miuwander-hobo-23-grey-matelasse-leather,,,,,,,,,,,,,,,,,,,,,,,,,https://cdn.shopify.com/s/files/1/0912/9351/6071/files/20230712_a1689142292007_5607_jpg.jpg?v=1759118993,9,,,,,,,,,,,
miu-wander-medium-23cm-red-metalasse-lambskin,miu wander hobo medium 23cm red metalasse lambskin,"<p style=""text-align: left;""><strong>DESCRIPTION</strong></p>
<p style=""text-align: left;""><span data-mce-fragment=""1"">â€¢ Color : Red, Gold Hardware</span></p>
<p style=""text-align: left;""><span data-mce-fragment=""1"">â€¢ Material : Lambskin</span></p>
<p style=""text-align: left;""><bdo dir=""ltr""><bdo data-mce-fragment=""1"" dir=""ltr""><span data-mce-fragment=""1"">â€¢ </span>(Length x Height x Width) : 23</bdo></bdo><bdo dir=""ltr""> x 13 x 7 cm</bdo></p>
<p>â€¢ The products are 1:1 copies of the original version and they are the same from every detail.</p>
<p>â€¢ Support return and exchange in 1 month if the product is defective or the customer is not satisfied with the product.</p>",miumiu bag,,bag,"hobo bag, top handle",TRUE,Title,Default Title,,,,,,0,,0,deny,manual,367.50,,FALSE,FALSE,,https://cdn.shopify.com/s/files/1/0912/9351/6071/files/Image_20240428162542_9897f8ff-ef25-4e9c-ba46-e1813d8be9f2.jpg?v=1759125340,1,,,,,,g,,,,,active
miu-wander-medium-23cm-red-metalasse-lambskin,,,,,,,,,,,,,,,,,,,,,,,,,https://cdn.shopify.com/s/files/1/0912/9351/6071/files/Image_20240428162546_c58892c1-ff39-46fe-9c81-6c2504e0db64.jpg?v=1759125340,2,,,,,,,,,,,
miu-wander-medium-23cm-red-metalasse-lambskin,,,,,,,,,,,,,,,,,,,,,,,,,https://cdn.shopify.com/s/files/1/0912/9351/6071/files/Image_20240428162544_9e439be3-0ed2-44df-bf64-4f438bbc3f10.jpg?v=1759125340,3,,,,,,,,,,,
miu-wander-medium-23cm-red-metalasse-lambskin,,,,,,,,,,,,,,,,,,,,,,,,,https://cdn.shopify.com/s/files/1/0912/9351/6071/files/Image_202404281625441_37700d5c-de43-420c-9a30-a603e2afa267.jpg?v=1759125340,4,,,,,,,,,,,
miu-wander-medium-23cm-red-metalasse-lambskin,,,,,,,,,,,,,,,,,,,,,,,,,https://cdn.shopify.com/s/files/1/0912/9351/6071/files/Image_202404281625421_d60ff44b-8f48-4856-a6c9-a07dd548991b.jpg?v=1759125340,5,,,,,,,,,,,
miu-wander-medium-23cm-red-metalasse-lambskin,,,,,,,,,,,,,,,,,,,,,,,,,https://cdn.shopify.com/s/files/1/0912/9351/6071/files/Image_20240428162540_c134cab1-36a1-4657-a47a-629b229e788f.jpg?v=1759125340,6,,,,,,,,,,,
miu-wander-medium-23cm-red-metalasse-lambskin,,,,,,,,,,,,,,,,,,,,,,,,,https://cdn.shopify.com/s/files/1/0912/9351/6071/files/Image_20240428162539_b9aee84f-56bc-44fa-9edd-93128f94fdce.jpg?v=1759125340,7,,,,,,,,,,,
miu-wander-medium-23cm-red-metalasse-lambskin,,,,,,,,,,,,,,,,,,,,,,,,,https://cdn.shopify.com/s/files/1/0912/9351/6071/files/Image_20240428162538_e8159191-9cdc-4083-a2ff-5bc8bc5d8453.jpg?v=1759125340,8,,,,,,,,,,,
miu-wander-medium-23cm-red-metalasse-lambskin,,,,,,,,,,,,,,,,,,,,,,,,,https://cdn.shopify.com/s/files/1/0912/9351/6071/files/Image_20240428162537_853bc3a7-26e8-4688-b152-50cfcfddf66e.jpg?v=1759125340,9,,,,,,,,,,,
miu-miu-2026-aventure-bag-33cm-brown-suede-leather,Miu Miu 2026 Aventure Bag 33cm Brown Suede Leather,"<p><strong>DESCRIPTION</strong></p>
<p><span> Color: Brown </span></p>
<p>Material:  Suede Leather</p>
<p><span>Dimension : 33x19x5cm</span></p>
<p> The products are 1:1 copies of the original version and they are the same from every detail.</p>
<p> Support return and exchange in 1 month if the product is defective or the customer is not satisfied with the product.</p>",miumiu bag,,bag,"2026, bag 2026, new arrival, shoulderbag, Spring/Summer 2026",TRUE,Title,Default Title,,,,,,0,,0,deny,manual,336.00,,FALSE,FALSE,,https://cdn.shopify.com/s/files/1/0912/9351/6071/files/Image_20260713082731_3046_70.jpg?v=1783913466,1,,,,,,g,,,,,active
miu-miu-2026-aventure-bag-33cm-brown-suede-leather,,,,,,,,,,,,,,,,,,,,,,,,,https://cdn.shopify.com/s/files/1/0912/9351/6071/files/Image_20260713082732_3047_70.jpg?v=1783913466,2,,,,,,,,,,,
miu-miu-2026-aventure-bag-33cm-brown-suede-leather,,,,,,,,,,,,,,,,,,,,,,,,,https://cdn.shopify.com/s/files/1/0912/9351/6071/files/Image_20260713082735_3048_70.jpg?v=1783913466,3,,,,,,,,,,,
miu-miu-2026-aventure-bag-33cm-brown-suede-leather,,,,,,,,,,,,,,,,,,,,,,,,,https://cdn.shopify.com/s/files/1/0912/9351/6071/files/Image_20260713082742_3049_70.jpg?v=1783913466,4,,,,,,,,,,,
miu-miu-2026-aventure-bag-33cm-brown-suede-leather,,,,,,,,,,,,,,,,,,,,,,,,,https://cdn.shopify.com/s/files/1/0912/9351/6071/files/Image_20260713082742_3050_70.jpg?v=1783913466,5,,,,,,,,,,,
miu-miu-2026-aventure-bag-33cm-brown-suede-leather,,,,,,,,,,,,,,,,,,,,,,,,,https://cdn.shopify.com/s/files/1/0912/9351/6071/files/Image_20260713082743_3051_70.jpg?v=1783913466,6,,,,,,,,,,,
miu-miu-2026-aventure-bag-33cm-brown-suede-leather,,,,,,,,,,,,,,,,,,,,,,,,,https://cdn.shopify.com/s/files/1/0912/9351/6071/files/Image_20260713082744_3052_70.jpg?v=1783913466,7,,,,,,,,,,,
miu-miu-2026-aventure-bag-33cm-brown-suede-leather,,,,,,,,,,,,,,,,,,,,,,,,,https://cdn.shopify.com/s/files/1/0912/9351/6071/files/Image_20260713082744_3053_70.jpg?v=1783913466,8,,,,,,,,,,,
miumiu-2026-shoulder-bag-18-5cm-brown-nappa-leather,Miumiu 2026 Shoulder Bag 18.5cm Brown Nappa Leather,"<p><span>Color: Brown <br></span></p>
<p><span><span>Size: 18.5x14x10cm</span></span></p>
<p><span><span>Material: Nappa Leather<br></span></span></p>
<p>The products are 1:1 copies of the original version and they are the same from every detail.<br></p>
<p>Support return and exchange in 1 month if the product is defective or the customer is not satisfied with the product.</p>
<div class=""chat-box-input-container"" id=""chat-box-input-container-id"">
<div class=""chat-box-input--audit-2023 chat-box-input--to-focus win32"" id=""chatInput"">
<div class=""chat-input-container--audit-2023"" id=""chat-input-container-id"">
<div class=""chat-input-container--audit-2023__left-layout"">
<div class=""chat-input-scrollable"" id=""chat-input-scroller-id"">
<div class=""chat-input-wrapper"">
<div class=""chat-input-content"" id=""chat-input-content-id""></div>
</div>
</div>
</div>
</div>
</div>
</div>",miumiu bag,,bag,"2026, bag 2026, new arrival, shoulder bags, Spring/Summer 2026",TRUE,Title,Default Title,,,,,,0,,0,deny,manual,278.25,,TRUE,FALSE,,https://cdn.shopify.com/s/files/1/0912/9351/6071/files/Image_20260709101819_5784_16.jpg?v=1783650502,1,,,,,,g,,,,,active
miumiu-2026-shoulder-bag-18-5cm-brown-nappa-leather,,,,,,,,,,,,,,,,,,,,,,,,,https://cdn.shopify.com/s/files/1/0912/9351/6071/files/Image_20260709101824_5789_16.jpg?v=1783650503,2,,,,,,,,,,,
miumiu-2026-shoulder-bag-18-5cm-brown-nappa-leather,,,,,,,,,,,,,,,,,,,,,,,,,https://cdn.shopify.com/s/files/1/0912/9351/6071/files/Image_20260709101826_5791_16.jpg?v=1783650502,3,,,,,,,,,,,
miumiu-2026-shoulder-bag-18-5cm-brown-nappa-leather,,,,,,,,,,,,,,,,,,,,,,,,,https://cdn.shopify.com/s/files/1/0912/9351/6071/files/Image_20260709101829_5792_16.jpg?v=1783650503,4,,,,,,,,,,,
miumiu-2026-shoulder-bag-18-5cm-brown-nappa-leather,,,,,,,,,,,,,,,,,,,,,,,,,https://cdn.shopify.com/s/files/1/0912/9351/6071/files/Image_20260709101820_5785_16.jpg?v=1783650502,5,,,,,,,,,,,
miumiu-2026-shoulder-bag-18-5cm-brown-nappa-leather,,,,,,,,,,,,,,,,,,,,,,,,,https://cdn.shopify.com/s/files/1/0912/9351/6071/files/Image_20260709101822_5786_16.jpg?v=1783650502,6,,,,,,,,,,,
miumiu-2026-shoulder-bag-18-5cm-brown-nappa-leather,,,,,,,,,,,,,,,,,,,,,,,,,https://cdn.shopify.com/s/files/1/0912/9351/6071/files/Image_20260709101823_5787_16.jpg?v=1783650503,7,,,,,,,,,,,
miumiu-2026-shoulder-bag-18-5cm-brown-nappa-leather,,,,,,,,,,,,,,,,,,,,,,,,,https://cdn.shopify.com/s/files/1/0912/9351/6071/files/Image_20260709101824_5788_16.jpg?v=1783650502,8,,,,,,,,,,,
miumiu-2026-shoulder-bag-18-5cm-brown-nappa-leather,,,,,,,,,,,,,,,,,,,,,,,,,https://cdn.shopify.com/s/files/1/0912/9351/6071/files/Image_20260709101825_5790_16.jpg?v=1783650502,9,,,,,,,,,,,
baguette-25-bag-in-black-calfskin,BAGUETTE 25 BAG IN BLACK CALFSKIN,"<ul>
<li><span data-mce-fragment=""1"">Color: Black<br><br></span></li>
<li><span data-mce-fragment=""1""><span>Size: 25 x 13 cm<br><br></span></span></li>
<li>
<span data-mce-fragment=""1""><span>Material : Calfskin<br></span></span><span data-mce-fragment=""1""><span><br></span></span><span data-mce-fragment=""1""><span></span></span>
</li>
<li> The products are 1:1 copies of the original version and they are the same from every detail.<br><br>
</li>
<li>Support return and exchange in 1 month if the product is defective or the customer is not satisfied with the product.
<div class=""chat-box-input-container"" id=""chat-box-input-container-id"">
<div class=""chat-box-input--audit-2023 chat-box-input--to-focus win32"" id=""chatInput"">
<div class=""chat-input-container--audit-2023"" id=""chat-input-container-id"">
<div class=""chat-input-container--audit-2023__left-layout"">
<div class=""chat-input-scrollable"" id=""chat-input-scroller-id"">
<div class=""chat-input-wrapper"">
<div class=""chat-input-content"" id=""chat-input-content-id""></div>
</div>
</div>
</div>
</div>
</div>
</div>
</li>
</ul>
<p> </p>
<ul></ul>",miumiu bag,,bag,cross body bags,TRUE,Title,Default Title,,,,,,0,,0,deny,manual,383.25,,TRUE,FALSE,,,,,,,,,g,,,,,active
small-wallet-13-in-light-pink-calfskin,SMALL WALLET 13 IN LIGHT PINK CALFSKIN,"<ul>
<li><span data-mce-fragment=""1"">Color: Light Pink<br><br></span></li>
<li><span data-mce-fragment=""1""><span>Size: 13.5 x 9.5 x 3.5 cm<br><br></span></span></li>
<li>
<span data-mce-fragment=""1""><span>Material : Calfskin<br></span></span><span data-mce-fragment=""1""><span><br></span></span><span data-mce-fragment=""1""><span></span></span>
</li>
<li> The products are 1:1 copies of the original version and they are the same from every detail.<br><br>
</li>
<li>Support return and exchange in 1 month if the product is defective or the customer is not satisfied with the product.
<div class=""chat-box-input-container"" id=""chat-box-input-container-id"">
<div class=""chat-box-input--audit-2023 chat-box-input--to-focus win32"" id=""chatInput"">
<div class=""chat-input-container--audit-2023"" id=""chat-input-container-id"">
<div class=""chat-input-container--audit-2023__left-layout"">
<div class=""chat-input-scrollable"" id=""chat-input-scroller-id"">
<div class=""chat-input-wrapper"">
<div class=""chat-input-content"" id=""chat-input-content-id""></div>
</div>
</div>
</div>
</div>
</div>
</div>
</li>
</ul>
<p> </p>
<ul></ul>",miumiu bag,,bag,wallet,TRUE,Title,Default Title,,,,,,0,,0,deny,manual,110.25,,TRUE,FALSE,,,,,,,,,g,,,,,active
tote-20-bag-in-white-calfskin,TOTE 20 BAG IN WHITE CALFSKIN,"<ul>
<li><span data-mce-fragment=""1"">Color: White<br><br></span></li>
<li>
<span data-mce-fragment=""1""><span>Size: 20 x 8 x 16 </span></span><span data-mce-fragment=""1""><span>cm</span></span>
<div class=""index-module_foldText_TFDUn"">
<div class=""index-module_text_HePJ3"">
<div class=""index-module_ellipsisText_pYRbE""><br></div>
</div>
</div>
</li>
<li>
<span data-mce-fragment=""1""><span>Material : Calfskin<br></span></span><span data-mce-fragment=""1""><span><br></span></span><span data-mce-fragment=""1""><span></span></span>
</li>
<li> The products are 1:1 copies of the original version and they are the same from every detail.<br><br>
</li>
<li>Support return and exchange in 1 month if the product is defective or the customer is not satisfied with the product.
<div id=""chat-box-input-container-id"" class=""chat-box-input-container"">
<div id=""chatInput"" class=""chat-box-input--audit-2023 chat-box-input--to-focus win32"">
<div id=""chat-input-container-id"" class=""chat-input-container--audit-2023"">
<div class=""chat-input-container--audit-2023__left-layout"">
<div id=""chat-input-scroller-id"" class=""chat-input-scrollable"">
<div class=""chat-input-wrapper"">
<div id=""chat-input-content-id"" class=""chat-input-content""></div>
</div>
</div>
</div>
</div>
</div>
</div>
</li>
</ul>
<p> </p>
<ul></ul>",miumiu bag,,bag,"cross body bags, top handle, tote bag",TRUE,Title,Default Title,,,,,,0,,0,deny,manual,372.75,,TRUE,FALSE,,,,,,,,,g,,,,,active
wallet-12-in-zambezi-brown-smooth-calfskin-gold-hardware,WALLET 12 IN ZAMBEZI BROWN SMOOTH CALFSKIN GOLD HARDWARE,"<p>• Color: Zambezi brown</p>
<p>• Material: Smooth Calfskin</p>
<p>• Size: 11.5 x 10.2 x 2 cm</p>
<p>• The products are 1:1 copies of the original version and they are the same from every detail.</p>
<p>• Support return and exchange in 1 month if the product is defective or the customer is not satisfied with the product.</p>",miumiu bag,,bag,cross body bags,TRUE,Title,Default Title,,,,,,0,,0,deny,manual,126.00,,TRUE,FALSE,,,,,,,,,g,,,,,active
wallet-12-in-black-smooth-calfskin-gold-hardware,WALLET 12 IN BLACK SMOOTH CALFSKIN GOLD HARDWARE,"<p>• Color: Black </p>
<p>• Material: Smooth Calfskin</p>
<p>• Size: 11.5 x 10.2 x 2 cm</p>
<p>• The products are 1:1 copies of the original version and they are the same from every detail.</p>
<p>• Support return and exchange in 1 month if the product is defective or the customer is not satisfied with the product.</p>",miumiu bag,,bag,cross body bags,TRUE,Title,Default Title,,,,,,0,,0,deny,manual,126.00,,TRUE,FALSE,,,,,,,,,g,,,,,active
miu-miu-beau-tote-bag-striped-canvas,Miu Miu Beau Tote Bag Striped Canvas,"<p> Color: Dark Blue ; Brown </p>
<p>Size: <span> 34X23X12cm</span></p>
<p>The products are 1:1 copies of the original version and they are the same from every detail.</p>
<p>Support return and exchange in 1 month if the product is defective or the customer is not satisfied with the product.</p>",miumiu bag,,bag,"chưa có giá, new arrival, top handle",TRUE,color,brown,,,,,,0,,0,deny,manual,399.00,,TRUE,FALSE,,,,,,,,,g,,,,,active
miu-miu-beau-tote-bag-striped-canvas,,"<p> Color: Dark Blue ; Brown </p>
<p>Size: <span> 34X23X12cm</span></p>
<p>The products are 1:1 copies of the original version and they are the same from every detail.</p>
<p>Support return and exchange in 1 month if the product is defective or the customer is not satisfied with the product.</p>",miumiu bag,,bag,"chưa có giá, new arrival, top handle",TRUE,color,dark Blue,,,,,,0,,0,deny,manual,399.00,,TRUE,FALSE,,,,,,,,,g,,,,,active
miumiu-2026-wander-matelasse-hobo-bag-dark-brown-nappa-leather,Miumiu 2026 Wander Matelassé Hobo Bag Dark Brown Nappa Leather,"<p><span>Color: Dark Brown <br></span><span></span></p>
<p><span><span>Size: 17.5 x 16 x 6  cm</span></span><span><span><br></span></span><span><span></span></span><span><span></span></span><span><span></span></span></p>
<p><span><span>Material: Nappa Leather</span></span><span><span><br></span></span></p>
<p>The products are 1:1 copies of the original version and they are the same from every detail.<br></p>
<p>Support return and exchange in 1 month if the product is defective or the customer is not satisfied with the product.</p>
<div class=""chat-box-input-container"" id=""chat-box-input-container-id"">
<div class=""chat-box-input--audit-2023 chat-box-input--to-focus win32"" id=""chatInput"">
<div class=""chat-input-container--audit-2023"" id=""chat-input-container-id"">
<div class=""chat-input-container--audit-2023__left-layout"">
<div class=""chat-input-scrollable"" id=""chat-input-scroller-id"">
<div class=""chat-input-wrapper"">
<div class=""chat-input-content"" id=""chat-input-content-id""></div>
</div>
</div>
</div>
</div>
</div>
</div>
<ul></ul>",miumiu bag,,bag,"2026, bag 2026, hobo bag, Spring/Summer 2026, top handle",TRUE,Title,Default Title,,,,,,0,,0,deny,manual,315.00,,TRUE,FALSE,,https://cdn.shopify.com/s/files/1/0912/9351/6071/files/Image_20260422090956_2808_65_b0350040-e489-4163-b4aa-f14ba69406b3.jpg?v=1779703795,1,,,,,,g,,,,,active
miumiu-2026-wander-matelasse-hobo-bag-dark-brown-nappa-leather,,,,,,,,,,,,,,,,,,,,,,,,,https://cdn.shopify.com/s/files/1/0912/9351/6071/files/Image_20260422090957_2809_65_04eb03ab-779b-4aa5-b416-b68786f0560c.jpg?v=1779703795,2,,,,,,,,,,,
miumiu-2026-wander-matelasse-hobo-bag-dark-brown-nappa-leather,,,,,,,,,,,,,,,,,,,,,,,,,https://cdn.shopify.com/s/files/1/0912/9351/6071/files/Image_20260422090958_2810_65_6a4941a0-3990-46d3-bbd8-66192bc0a766.jpg?v=1779703795,3,,,,,,,,,,,
miumiu-2026-wander-matelasse-hobo-bag-dark-brown-nappa-leather,,,,,,,,,,,,,,,,,,,,,,,,,https://cdn.shopify.com/s/files/1/0912/9351/6071/files/Image_20260422090958_2811_65_349bbb88-ebd5-4d7b-a986-8fd4ba24e475.jpg?v=1779703795,4,,,,,,,,,,,
miumiu-2026-wander-matelasse-hobo-bag-dark-brown-nappa-leather,,,,,,,,,,,,,,,,,,,,,,,,,https://cdn.shopify.com/s/files/1/0912/9351/6071/files/Image_20260422090959_2812_65_ec17a786-e475-4905-b82c-1879a5e5ca8f.jpg?v=1779703796,5,,,,,,,,,,,
miumiu-2026-wander-matelasse-hobo-bag-dark-brown-nappa-leather,,,,,,,,,,,,,,,,,,,,,,,,,https://cdn.shopify.com/s/files/1/0912/9351/6071/files/Image_20260422091000_2813_65_24fd0d4f-216e-4ac8-9952-a7bbcd69c9c4.jpg?v=1779703795,6,,,,,,,,,,,
miumiu-2026-wander-matelasse-hobo-bag-dark-brown-nappa-leather,,,,,,,,,,,,,,,,,,,,,,,,,https://cdn.shopify.com/s/files/1/0912/9351/6071/files/Image_20260422091000_2814_65_0c229c63-bc96-4976-811e-e39539962d51.jpg?v=1779703795,7,,,,,,,,,,,
miumiu-2026-wander-matelasse-hobo-bag-dark-brown-nappa-leather,,,,,,,,,,,,,,,,,,,,,,,,,https://cdn.shopify.com/s/files/1/0912/9351/6071/files/Image_20260422091001_2815_65_0e530ab4-ba53-4c85-afd4-2a784ad0ba74.jpg?v=1779703795,8,,,,,,,,,,,
miumiu-2026-arcadie-top-handle-bag-hot-pink-suede,Miumiu 2026 Arcadie Top-Handle Bag Hot Pink Suede,"<p><strong>DESCRIPTION</strong></p>
<p>Color: Hot Pink</p>
<p>Material: Suede</p>
<p><span>Size: 22 x 10.5 x 7.5cm, 27 x 12 x 9cm </span></p>
<p><span>After receiving the products, if the customer is not satisfied or has a problem with a manufacturer defect, they can be refunded and exchanged within 1 month.</span></p>
<p><span><b>Shipping Time </b></span></p>
<p><b style=""font-size: 0.875rem;"">( <a href=""https://cdn.shopify.com/s/files/1/0582/0160/4296/files/shipping_time.png?v=1638177043"">Click Here</a>)</b></p>
<ul></ul>",miumiu bag,,bag,"2026, bag 2026, new arrival, Spring/Summer 2026, top handle",TRUE,size,22cm,,,,,,0,,0,deny,manual,399.00,,FALSE,FALSE,,https://cdn.shopify.com/s/files/1/0912/9351/6071/files/img_79693ae8_20250602_i1748837133656_489_0_0_jpg.jpg?v=1782531973,1,,,,,,g,,,,,active
miumiu-2026-arcadie-top-handle-bag-hot-pink-suede,,,,,,,,,,,,,,,,,,,,,,,,,https://cdn.shopify.com/s/files/1/0912/9351/6071/files/img_79693ae8_20250602_i1748837131539_6575_0_2_jpg.jpg?v=1782531973,2,,,,,,,,,,,
miumiu-2026-arcadie-top-handle-bag-hot-pink-suede,,,,,,,,,,,,,,,,,,,,,,,,,https://cdn.shopify.com/s/files/1/0912/9351/6071/files/img_79693ae8_20250602_i1748837131888_6609_0_1_jpg_c4789efe-9041-4cf9-b24a-9819300a30c1.jpg?v=1782531973,3,,,,,,,,,,,
miumiu-2026-arcadie-top-handle-bag-hot-pink-suede,,,,,,,,,,,,,,,,,,,,,,,,,https://cdn.shopify.com/s/files/1/0912/9351/6071/files/img_79693ae8_20250602_i1748837131900_6303_0_5_jpg_c1f3b824-6313-434c-b8c1-2162b6c7a27c.jpg?v=1782531973,4,,,,,,,,,,,
miumiu-2026-arcadie-top-handle-bag-hot-pink-suede,,,,,,,,,,,,,,,,,,,,,,,,,https://cdn.shopify.com/s/files/1/0912/9351/6071/files/img_79693ae8_20250602_i1748837132774_5585_0_7_jpg_5b824340-82ce-487b-baa3-8318da6b4759.jpg?v=1782531973,5,,,,,,,,,,,
miumiu-2026-arcadie-top-handle-bag-hot-pink-suede,,,,,,,,,,,,,,,,,,,,,,,,,https://cdn.shopify.com/s/files/1/0912/9351/6071/files/img_79693ae8_20250602_i1748837132882_8582_0_6_jpg_658ffd6d-69ba-4aa4-b2e2-0640bbd727e3.jpg?v=1782531973,6,,,,,,,,,,,
miumiu-2026-arcadie-top-handle-bag-hot-pink-suede,,,,,,,,,,,,,,,,,,,,,,,,,https://cdn.shopify.com/s/files/1/0912/9351/6071/files/img_79693ae8_20250602_i1748837133684_6971_0_3_jpg_8827963d-0432-4c7a-a3f7-6ec7f9bb4c9b.jpg?v=1782531973,7,,,,,,,,,,,
miumiu-2026-arcadie-top-handle-bag-hot-pink-suede,,,,,,,,,,,,,,,,,,,,,,,,,https://cdn.shopify.com/s/files/1/0912/9351/6071/files/img_79693ae8_20250602_i1748837133719_7455_0_8_jpg_1b545ebd-691c-4265-8e8b-da5e77bde892.jpg?v=1782531973,8,,,,,,,,,,,
miumiu-2026-arcadie-top-handle-bag-hot-pink-suede,,,,,,,,,,,,,,,,,,,,,,,,,https://cdn.shopify.com/s/files/1/0912/9351/6071/files/img_79693ae8_20250602_i1748837133775_9727_0_4_jpg_ec1bd18b-7a52-473b-b1b2-d28c643ada2d.jpg?v=1782531973,9,,,,,,,,,,,
miumiu-2026-arcadie-top-handle-bag-hot-pink-suede,,"<p><strong>DESCRIPTION</strong></p>
<p>Color: Hot Pink</p>
<p>Material: Suede</p>
<p><span>Size: 22 x 10.5 x 7.5cm, 27 x 12 x 9cm </span></p>
<p><span>After receiving the products, if the customer is not satisfied or has a problem with a manufacturer defect, they can be refunded and exchanged within 1 month.</span></p>
<p><span><b>Shipping Time </b></span></p>
<p><b style=""font-size: 0.875rem;"">( <a href=""https://cdn.shopify.com/s/files/1/0582/0160/4296/files/shipping_time.png?v=1638177043"">Click Here</a>)</b></p>
<ul></ul>",miumiu bag,,bag,"2026, bag 2026, new arrival, Spring/Summer 2026, top handle",TRUE,size,27cm,,,,,,0,,0,deny,manual,409.50,,FALSE,FALSE,,,,,,,,,g,,,,,active
miumiu-2026-wander-bag-16cm-matelasse-nappa-leather-351720,Miumiu 2026 Wander  Bag 16cm Matelasse Nappa Leather 351720,"<p><strong>DESCRIPTION</strong></p>
<p>Color: Black, Wine Red, White </p>
<p>Material: Matelasse Nappa Leather </p>
<p><span>Size: 16 x 9 x 12cm </span></p>
<p><span>After receiving the products, if the customer is not satisfied or has a problem with a manufacturer defect, they can be refunded and exchanged within 1 month.</span></p>
<p><span><b>Shipping Time </b></span></p>
<p><b style=""font-size: 0.875rem;"">( <a href=""https://cdn.shopify.com/s/files/1/0582/0160/4296/files/shipping_time.png?v=1638177043"">Click Here</a>)</b></p>
<ul></ul>",miumiu bag,,bag,"2026, bag 2026, new arrival, Spring/Summer 2026, top handle",TRUE,Color,Wine Red,,,,,,0,,0,deny,manual,309.75,,FALSE,FALSE,,https://cdn.shopify.com/s/files/1/0912/9351/6071/files/i1759305016_1256_0_1.jpg?v=1774488999,1,,,,,,g,,,,,active
miumiu-2026-wander-bag-16cm-matelasse-nappa-leather-351720,,,,,,,,,,,,,,,,,,,,,,,,,https://cdn.shopify.com/s/files/1/0912/9351/6071/files/i1759925770_1494_0.jpg?v=1774488999,2,,,,,,,,,,,
miumiu-2026-wander-bag-16cm-matelasse-nappa-leather-351720,,,,,,,,,,,,,,,,,,,,,,,,,https://cdn.shopify.com/s/files/1/0912/9351/6071/files/i1759304972_6949_0.jpg?v=1774488999,3,,,,,,,,,,,
miumiu-2026-wander-bag-16cm-matelasse-nappa-leather-351720,,,,,,,,,,,,,,,,,,,,,,,,,https://cdn.shopify.com/s/files/1/0912/9351/6071/files/i1759977175853_9213_0_4.jpg?v=1774488999,4,,,,,,,,,,,
miumiu-2026-wander-bag-16cm-matelasse-nappa-leather-351720,,,,,,,,,,,,,,,,,,,,,,,,,https://cdn.shopify.com/s/files/1/0912/9351/6071/files/i1759977175912_6251_0_3.jpg?v=1774488999,5,,,,,,,,,,,
miumiu-2026-wander-bag-16cm-matelasse-nappa-leather-351720,,,,,,,,,,,,,,,,,,,,,,,,,https://cdn.shopify.com/s/files/1/0912/9351/6071/files/i1759285656459_268_0_2.jpg?v=1774488999,6,,,,,,,,,,,
miumiu-2026-wander-bag-16cm-matelasse-nappa-leather-351720,,,,,,,,,,,,,,,,,,,,,,,,,https://cdn.shopify.com/s/files/1/0912/9351/6071/files/i1759285655087_6441_0_1.jpg?v=1774488999,7,,,,,,,,,,,
miumiu-2026-wander-bag-16cm-matelasse-nappa-leather-351720,,"<p><strong>DESCRIPTION</strong></p>
<p>Color: Black, Wine Red, White </p>
<p>Material: Matelasse Nappa Leather </p>
<p><span>Size: 16 x 9 x 12cm </span></p>
<p><span>After receiving the products, if the customer is not satisfied or has a problem with a manufacturer defect, they can be refunded and exchanged within 1 month.</span></p>
<p><span><b>Shipping Time </b></span></p>
<p><b style=""font-size: 0.875rem;"">( <a href=""https://cdn.shopify.com/s/files/1/0582/0160/4296/files/shipping_time.png?v=1638177043"">Click Here</a>)</b></p>
<ul></ul>",miumiu bag,,bag,"2026, bag 2026, new arrival, Spring/Summer 2026, top handle",TRUE,Color,White,,,,,,0,,0,deny,manual,309.75,,FALSE,FALSE,,,,,,,,,g,,,,,active
miumiu-2026-wander-bag-16cm-matelasse-nappa-leather-351720,,"<p><strong>DESCRIPTION</strong></p>
<p>Color: Black, Wine Red, White </p>
<p>Material: Matelasse Nappa Leather </p>
<p><span>Size: 16 x 9 x 12cm </span></p>
<p><span>After receiving the products, if the customer is not satisfied or has a problem with a manufacturer defect, they can be refunded and exchanged within 1 month.</span></p>
<p><span><b>Shipping Time </b></span></p>
<p><b style=""font-size: 0.875rem;"">( <a href=""https://cdn.shopify.com/s/files/1/0582/0160/4296/files/shipping_time.png?v=1638177043"">Click Here</a>)</b></p>
<ul></ul>",miumiu bag,,bag,"2026, bag 2026, new arrival, Spring/Summer 2026, top handle",TRUE,Color,Black,,,,,,0,,0,deny,manual,309.75,,FALSE,FALSE,,,,,,,,,g,,,,,active
miumiu-2026-arcadie-bag-28cm-red-and-white-leather-351724,Miumiu 2026 Arcadie Bag 28cm Red and White Leather 351724,"<p><strong>DESCRIPTION</strong></p>
<p>Color: Red, White </p>
<p>Material: Leather </p>
<p><span>Size: 15 x 28 x 13cm  </span></p>
<p><span>After receiving the products, if the customer is not satisfied or has a problem with a manufacturer defect, they can be refunded and exchanged within 1 month.</span></p>
<p><span><b>Shipping Time </b></span></p>
<p><b style=""font-size: 0.875rem;"">( <a href=""https://cdn.shopify.com/s/files/1/0582/0160/4296/files/shipping_time.png?v=1638177043"">Click Here</a>)</b></p>
<ul></ul>",miumiu bag,,bag,"2026, bag 2026, new arrival, Spring/Summer 2026, top handle",TRUE,Color,Red,,,,,,0,,0,deny,manual,346.50,,FALSE,FALSE,,https://cdn.shopify.com/s/files/1/0912/9351/6071/files/i1756731115351_8027_0_0.jpg?v=1774488997,1,,,,,,g,,,,,active
miumiu-2026-arcadie-bag-28cm-red-and-white-leather-351724,,,,,,,,,,,,,,,,,,,,,,,,,https://cdn.shopify.com/s/files/1/0912/9351/6071/files/i1756783298077_8882_0_3.jpg?v=1774488997,2,,,,,,,,,,,
miumiu-2026-arcadie-bag-28cm-red-and-white-leather-351724,,,,,,,,,,,,,,,,,,,,,,,,,https://cdn.shopify.com/s/files/1/0912/9351/6071/files/i1756783296267_9554_0_2.jpg?v=1774488997,3,,,,,,,,,,,
miumiu-2026-arcadie-bag-28cm-red-and-white-leather-351724,,,,,,,,,,,,,,,,,,,,,,,,,https://cdn.shopify.com/s/files/1/0912/9351/6071/files/i1756783298046_8500_0_1.jpg?v=1774488997,4,,,,,,,,,,,
miumiu-2026-arcadie-bag-28cm-red-and-white-leather-351724,,,,,,,,,,,,,,,,,,,,,,,,,https://cdn.shopify.com/s/files/1/0912/9351/6071/files/i1756731183709_3994_0_0.jpg?v=1774488996,5,,,,,,,,,,,
miumiu-2026-arcadie-bag-28cm-red-and-white-leather-351724,,"<p><strong>DESCRIPTION</strong></p>
<p>Color: Red, White </p>
<p>Material: Leather </p>
<p><span>Size: 15 x 28 x 13cm  </span></p>
<p><span>After receiving the products, if the customer is not satisfied or has a problem with a manufacturer defect, they can be refunded and exchanged within 1 month.</span></p>
<p><span><b>Shipping Time </b></span></p>
<p><b style=""font-size: 0.875rem;"">( <a href=""https://cdn.shopify.com/s/files/1/0582/0160/4296/files/shipping_time.png?v=1638177043"">Click Here</a>)</b></p>
<ul></ul>",miumiu bag,,bag,"2026, bag 2026, new arrival, Spring/Summer 2026, top handle",TRUE,Color,White,,,,,,0,,0,deny,manual,346.50,,FALSE,FALSE,,,,,,,,,g,,,,,active
miumiu-large-shoulder-bag-striped-canvas,Miumiu large shoulder bag striped canvas,"<p> Color: Dark Blue ; Brown </p>
<p>Size: <span>28 x 11.5 x 8cm</span></p>
<p>The products are 1:1 copies of the original version and they are the same from every detail.</p>
<p>Support return and exchange in 1 month if the product is defective or the customer is not satisfied with the product.</p>",miumiu bag,,bag,"new arrival, top handle",TRUE,color,brown,,,,,,0,,0,deny,manual,341.25,,TRUE,FALSE,,https://cdn.shopify.com/s/files/1/0912/9351/6071/files/img_481f26ee_20250717_i1752724074_5935_0_jpg.jpg?v=1755686347,1,,,,,,g,,,,,active
miumiu-large-shoulder-bag-striped-canvas,,,,,,,,,,,,,,,,,,,,,,,,,https://cdn.shopify.com/s/files/1/0912/9351/6071/files/img_481f26ee_20250717_i1752724074_8269_6_jpg.jpg?v=1755686347,2,,,,,,,,,,,
miumiu-large-shoulder-bag-striped-canvas,,,,,,,,,,,,,,,,,,,,,,,,,https://cdn.shopify.com/s/files/1/0912/9351/6071/files/img_481f26ee_20250717_i1752724074_9895_3_jpg.jpg?v=1755686347,3,,,,,,,,,,,
miumiu-large-shoulder-bag-striped-canvas,,,,,,,,,,,,,,,,,,,,,,,,,https://cdn.shopify.com/s/files/1/0912/9351/6071/files/img_481f26ee_20250717_i1752724334_698_0.jpg_1.jpg?v=1755686348,4,,,,,,,,,,,
miumiu-large-shoulder-bag-striped-canvas,,,,,,,,,,,,,,,,,,,,,,,,,https://cdn.shopify.com/s/files/1/0912/9351/6071/files/img_481f26ee_20250717_i1752724334_1131_2.jpg_1.jpg?v=1755686347,5,,,,,,,,,,,
miumiu-large-shoulder-bag-striped-canvas,,,,,,,,,,,,,,,,,,,,,,,,,https://cdn.shopify.com/s/files/1/0912/9351/6071/files/img_481f26ee_20250717_i1752724334_3488_6.jpg_1.jpg?v=1755686347,6,,,,,,,,,,,
miumiu-large-shoulder-bag-striped-canvas,,,,,,,,,,,,,,,,,,,,,,,,,https://cdn.shopify.com/s/files/1/0912/9351/6071/files/img_481f26ee_20250717_i1752724334_3737_5.jpg_1.jpg?v=1755686348,7,,,,,,,,,,,
miumiu-large-shoulder-bag-striped-canvas,,,,,,,,,,,,,,,,,,,,,,,,,https://cdn.shopify.com/s/files/1/0912/9351/6071/files/img_481f26ee_20250717_i1752724074_5935_0_jpg_f8ffb881-3b2f-435b-ba13-39b6d5d7e64a.jpg?v=1755686347,8,,,,,,,,,,,
miumiu-large-shoulder-bag-striped-canvas,,,,,,,,,,,,,,,,,,,,,,,,,https://cdn.shopify.com/s/files/1/0912/9351/6071/files/img_481f26ee_20250717_i1752724334_698_0.jpg_1_de8026cf-dc2a-4237-880e-df09084bc985.jpg?v=1755686347,9,,,,,,,,,,,
miumiu-large-shoulder-bag-striped-canvas,,,,,,,,,,,,,,,,,,,,,,,,,https://cdn.shopify.com/s/files/1/0912/9351/6071/files/img_481f26ee_20250717_i1752724074_1710_4_jpg.jpg?v=1755686347,10,,,,,,,,,,,
miumiu-large-shoulder-bag-striped-canvas,,,,,,,,,,,,,,,,,,,,,,,,,https://cdn.shopify.com/s/files/1/0912/9351/6071/files/img_481f26ee_20250717_i1752724074_2139_7_jpg.jpg?v=1755686347,11,,,,,,,,,,,
miumiu-large-shoulder-bag-striped-canvas,,,,,,,,,,,,,,,,,,,,,,,,,https://cdn.shopify.com/s/files/1/0912/9351/6071/files/img_481f26ee_20250717_i1752724074_1811_1_jpg.jpg?v=1755686347,12,,,,,,,,,,,
miumiu-large-shoulder-bag-striped-canvas,,,,,,,,,,,,,,,,,,,,,,,,,https://cdn.shopify.com/s/files/1/0912/9351/6071/files/img_481f26ee_20250717_i1752724074_6644_5_jpg.jpg?v=1755686347,13,,,,,,,,,,,
miumiu-large-shoulder-bag-striped-canvas,,,,,,,,,,,,,,,,,,,,,,,,,https://cdn.shopify.com/s/files/1/0912/9351/6071/files/img_481f26ee_20250717_i1752724074_7645_8_jpg.jpg?v=1755686347,14,,,,,,,,,,,
miumiu-large-shoulder-bag-striped-canvas,,,,,,,,,,,,,,,,,,,,,,,,,https://cdn.shopify.com/s/files/1/0912/9351/6071/files/img_481f26ee_20250717_i1752724074_7727_2_jpg.jpg?v=1755686347,15,,,,,,,,,,,
miumiu-large-shoulder-bag-striped-canvas,,"<p> Color: Dark Blue ; Brown </p>
<p>Size: <span>28 x 11.5 x 8cm</span></p>
<p>The products are 1:1 copies of the original version and they are the same from every detail.</p>
<p>Support return and exchange in 1 month if the product is defective or the customer is not satisfied with the product.</p>",miumiu bag,,bag,"new arrival, top handle",TRUE,color,dark Blue,,,,,,0,,0,deny,manual,341.25,,TRUE,FALSE,,,,,,,,,g,,,,,active
miumiu-isetan-tote-hobo-bag-striped-canvas,Miumiu Isetan tote hobo bag striped canvas,"<p> Color: Dark Blue ; Brown </p>
<p>Size: <span>35 x 40cm</span></p>
<p>The products are 1:1 copies of the original version and they are the same from every detail.</p>
<p>Support return and exchange in 1 month if the product is defective or the customer is not satisfied with the product.</p>",miumiu bag,,bag,"new arrival, top handle",TRUE,color,brown,,,,,,0,,0,deny,manual,330.75,,TRUE,FALSE,,https://cdn.shopify.com/s/files/1/0912/9351/6071/files/img_481f26ee_20250623_i1750650104_9177_0_jpg.jpg?v=1755686345,1,,,,,,g,,,,,active
miumiu-isetan-tote-hobo-bag-striped-canvas,,,,,,,,,,,,,,,,,,,,,,,,,https://cdn.shopify.com/s/files/1/0912/9351/6071/files/img_481f26ee_20250623_i1750649965_8788_6_jpg.jpg?v=1755686345,2,,,,,,,,,,,
miumiu-isetan-tote-hobo-bag-striped-canvas,,,,,,,,,,,,,,,,,,,,,,,,,https://cdn.shopify.com/s/files/1/0912/9351/6071/files/img_481f26ee_20250623_i1750649965_3641_8_jpg.jpg?v=1755686345,3,,,,,,,,,,,
miumiu-isetan-tote-hobo-bag-striped-canvas,,,,,,,,,,,,,,,,,,,,,,,,,https://cdn.shopify.com/s/files/1/0912/9351/6071/files/img_481f26ee_20250623_i1750649965_6023_5_jpg.jpg?v=1755686345,4,,,,,,,,,,,
miumiu-isetan-tote-hobo-bag-striped-canvas,,,,,,,,,,,,,,,,,,,,,,,,,https://cdn.shopify.com/s/files/1/0912/9351/6071/files/img_481f26ee_20250623_i1750649965_3321_7_jpg.jpg?v=1755686345,5,,,,,,,,,,,
miumiu-isetan-tote-hobo-bag-striped-canvas,,,,,,,,,,,,,,,,,,,,,,,,,https://cdn.shopify.com/s/files/1/0912/9351/6071/files/img_481f26ee_20250623_i1750649965_3744_0_jpg.jpg?v=1755686345,6,,,,,,,,,,,
miumiu-isetan-tote-hobo-bag-striped-canvas,,,,,,,,,,,,,,,,,,,,,,,,,https://cdn.shopify.com/s/files/1/0912/9351/6071/files/img_481f26ee_20250623_i1750649965_4314_4_jpg.jpg?v=1755686345,7,,,,,,,,,,,
miumiu-isetan-tote-hobo-bag-striped-canvas,,,,,,,,,,,,,,,,,,,,,,,,,https://cdn.shopify.com/s/files/1/0912/9351/6071/files/img_481f26ee_20250623_i1750649965_5003_2_jpg.jpg?v=1755686345,8,,,,,,,,,,,
miumiu-isetan-tote-hobo-bag-striped-canvas,,,,,,,,,,,,,,,,,,,,,,,,,https://cdn.shopify.com/s/files/1/0912/9351/6071/files/img_481f26ee_20250623_i1750649965_6927_3_jpg.jpg?v=1755686345,9,,,,,,,,,,,
miumiu-isetan-tote-hobo-bag-striped-canvas,,,,,,,,,,,,,,,,,,,,,,,,,https://cdn.shopify.com/s/files/1/0912/9351/6071/files/img_481f26ee_20250623_i1750649965_7175_1_jpg.jpg?v=1755686345,10,,,,,,,,,,,
miumiu-isetan-tote-hobo-bag-striped-canvas,,,,,,,,,,,,,,,,,,,,,,,,,https://cdn.shopify.com/s/files/1/0912/9351/6071/files/img_481f26ee_20250623_i1750650104_9022_1_jpg_c6f86f5b-888f-459f-b4b6-ff8353c16cfa.jpg?v=1755686345,11,,,,,,,,,,,
miumiu-isetan-tote-hobo-bag-striped-canvas,,,,,,,,,,,,,,,,,,,,,,,,,https://cdn.shopify.com/s/files/1/0912/9351/6071/files/img_481f26ee_20250623_i1750650104_127_2_jpg.jpg?v=1755686345,12,,,,,,,,,,,
miumiu-isetan-tote-hobo-bag-striped-canvas,,,,,,,,,,,,,,,,,,,,,,,,,https://cdn.shopify.com/s/files/1/0912/9351/6071/files/img_481f26ee_20250623_i1750650104_3564_4_jpg.jpg?v=1755686345,13,,,,,,,,,,,
miumiu-isetan-tote-hobo-bag-striped-canvas,,,,,,,,,,,,,,,,,,,,,,,,,https://cdn.shopify.com/s/files/1/0912/9351/6071/files/img_481f26ee_20250623_i1750650104_4321_3_jpg.jpg?v=1755686345,14,,,,,,,,,,,
miumiu-isetan-tote-hobo-bag-striped-canvas,,,,,,,,,,,,,,,,,,,,,,,,,https://cdn.shopify.com/s/files/1/0912/9351/6071/files/img_481f26ee_20250623_i1750650104_5057_6_jpg.jpg?v=1755686345,15,,,,,,,,,,,
miumiu-isetan-tote-hobo-bag-striped-canvas,,,,,,,,,,,,,,,,,,,,,,,,,https://cdn.shopify.com/s/files/1/0912/9351/6071/files/img_481f26ee_20250623_i1750650104_5799_7_jpg.jpg?v=1755686345,16,,,,,,,,,,,
miumiu-isetan-tote-hobo-bag-striped-canvas,,,,,,,,,,,,,,,,,,,,,,,,,https://cdn.shopify.com/s/files/1/0912/9351/6071/files/img_481f26ee_20250623_i1750650104_6662_5_jpg.jpg?v=1755686346,17,,,,,,,,,,,
miumiu-isetan-tote-hobo-bag-striped-canvas,,,,,,,,,,,,,,,,,,,,,,,,,https://cdn.shopify.com/s/files/1/0912/9351/6071/files/img_481f26ee_20250623_i1750650104_8210_8_jpg.jpg?v=1755686345,18,,,,,,,,,,,
miumiu-isetan-tote-hobo-bag-striped-canvas,,,,,,,,,,,,,,,,,,,,,,,,,https://cdn.shopify.com/s/files/1/0912/9351/6071/files/img_481f26ee_20250623_i1750650104_9022_1_jpg.jpg?v=1755686345,19,,,,,,,,,,,
miumiu-isetan-tote-hobo-bag-striped-canvas,,"<p> Color: Dark Blue ; Brown </p>
<p>Size: <span>35 x 40cm</span></p>
<p>The products are 1:1 copies of the original version and they are the same from every detail.</p>
<p>Support return and exchange in 1 month if the product is defective or the customer is not satisfied with the product.</p>",miumiu bag,,bag,"new arrival, top handle",TRUE,color,dark Blue,,,,,,0,,0,deny,manual,330.75,,TRUE,FALSE,,,,,,,,,g,,,,,active
miu-miu-mini-lucky-bag-leather,Miu Miu Mini lucky bag leather,"<p> Color: brown ; dark brown ; black</p>
<p>Size: <span> 19 x 17 x 4.5</span></p>
<p>The products are 1:1 copies of the original version and they are the same from every detail.</p>
<p>Support return and exchange in 1 month if the product is defective or the customer is not satisfied with the product.</p>",miumiu bag,,bag,"cross body bags, new arrival",TRUE,color,brown,,,,,,0,,0,deny,manual,283.50,,TRUE,FALSE,,https://cdn.shopify.com/s/files/1/0912/9351/6071/files/i1753073298_2853_0.jpg?v=1755686340,1,,,,,,g,,,,,active
miu-miu-mini-lucky-bag-leather,,,,,,,,,,,,,,,,,,,,,,,,,https://cdn.shopify.com/s/files/1/0912/9351/6071/files/img_481f26ee_20250721_i1753072057_8402_7_jpg.jpg?v=1755686340,2,,,,,,,,,,,
miu-miu-mini-lucky-bag-leather,,,,,,,,,,,,,,,,,,,,,,,,,https://cdn.shopify.com/s/files/1/0912/9351/6071/files/img_481f26ee_20250721_i1753072057_9361_5_jpg.jpg?v=1755686340,3,,,,,,,,,,,
miu-miu-mini-lucky-bag-leather,,,,,,,,,,,,,,,,,,,,,,,,,https://cdn.shopify.com/s/files/1/0912/9351/6071/files/img_481f26ee_20250721_i1753070348_1454_8_jpg.jpg?v=1755686340,4,,,,,,,,,,,
miu-miu-mini-lucky-bag-leather,,,,,,,,,,,,,,,,,,,,,,,,,https://cdn.shopify.com/s/files/1/0912/9351/6071/files/img_481f26ee_20250721_i1753070348_2672_7_jpg.jpg?v=1755686340,5,,,,,,,,,,,
miu-miu-mini-lucky-bag-leather,,,,,,,,,,,,,,,,,,,,,,,,,https://cdn.shopify.com/s/files/1/0912/9351/6071/files/img_481f26ee_20250721_i1753070348_4934_5_jpg.jpg?v=1755686340,6,,,,,,,,,,,
miu-miu-mini-lucky-bag-leather,,,,,,,,,,,,,,,,,,,,,,,,,https://cdn.shopify.com/s/files/1/0912/9351/6071/files/img_481f26ee_20250721_i1753070348_884_2_jpg.jpg?v=1755686340,7,,,,,,,,,,,
miu-miu-mini-lucky-bag-leather,,,,,,,,,,,,,,,,,,,,,,,,,https://cdn.shopify.com/s/files/1/0912/9351/6071/files/img_481f26ee_20250721_i1753070348_1211_0_jpg.jpg?v=1755686340,8,,,,,,,,,,,
miu-miu-mini-lucky-bag-leather,,,,,,,,,,,,,,,,,,,,,,,,,https://cdn.shopify.com/s/files/1/0912/9351/6071/files/i1753073298_2853_0_5130e818-722f-41da-89b4-7aff93c4915b.jpg?v=1755686340,9,,,,,,,,,,,
miu-miu-mini-lucky-bag-leather,,,,,,,,,,,,,,,,,,,,,,,,,https://cdn.shopify.com/s/files/1/0912/9351/6071/files/img_481f26ee_20250721_i1753070348_1454_8_jpg_d4b7d4e6-44d1-4660-85fc-be9027666d24.jpg?v=1755686340,10,,,,,,,,,,,
miu-miu-mini-lucky-bag-leather,,,,,,,,,,,,,,,,,,,,,,,,,https://cdn.shopify.com/s/files/1/0912/9351/6071/files/img_481f26ee_20250721_i1753072057_7898_8_jpg_dcc994de-8f6d-4be2-af51-8a71eb0bf7e5.jpg?v=1755686340,11,,,,,,,,,,,
miu-miu-mini-lucky-bag-leather,,,,,,,,,,,,,,,,,,,,,,,,,https://cdn.shopify.com/s/files/1/0912/9351/6071/files/i1753073298_5734_6.jpg?v=1755686340,12,,,,,,,,,,,
miu-miu-mini-lucky-bag-leather,,,,,,,,,,,,,,,,,,,,,,,,,https://cdn.shopify.com/s/files/1/0912/9351/6071/files/img_481f26ee_20250721_i1753072057_5270_6_jpg.jpg?v=1755686340,13,,,,,,,,,,,
miu-miu-mini-lucky-bag-leather,,,,,,,,,,,,,,,,,,,,,,,,,https://cdn.shopify.com/s/files/1/0912/9351/6071/files/img_481f26ee_20250721_i1753072057_372_4_jpg.jpg?v=1755686340,14,,,,,,,,,,,
miu-miu-mini-lucky-bag-leather,,,,,,,,,,,,,,,,,,,,,,,,,https://cdn.shopify.com/s/files/1/0912/9351/6071/files/img_481f26ee_20250721_i1753072057_574_0_jpg.jpg?v=1755686340,15,,,,,,,,,,,
miu-miu-mini-lucky-bag-leather,,,,,,,,,,,,,,,,,,,,,,,,,https://cdn.shopify.com/s/files/1/0912/9351/6071/files/img_481f26ee_20250721_i1753072057_637_2_jpg.jpg?v=1755686340,16,,,,,,,,,,,
miu-miu-mini-lucky-bag-leather,,,,,,,,,,,,,,,,,,,,,,,,,https://cdn.shopify.com/s/files/1/0912/9351/6071/files/img_481f26ee_20250721_i1753072057_5112_1_jpg.jpg?v=1755686340,17,,,,,,,,,,,
miu-miu-mini-lucky-bag-leather,,,,,,,,,,,,,,,,,,,,,,,,,https://cdn.shopify.com/s/files/1/0912/9351/6071/files/img_481f26ee_20250721_i1753072057_7134_3_jpg.jpg?v=1755686340,18,,,,,,,,,,,
miu-miu-mini-lucky-bag-leather,,,,,,,,,,,,,,,,,,,,,,,,,https://cdn.shopify.com/s/files/1/0912/9351/6071/files/img_481f26ee_20250721_i1753072057_7898_8_jpg.jpg?v=1755686341,19,,,,,,,,,,,
miu-miu-mini-lucky-bag-leather,,"<p> Color: brown ; dark brown ; black</p>
<p>Size: <span> 19 x 17 x 4.5</span></p>
<p>The products are 1:1 copies of the original version and they are the same from every detail.</p>
<p>Support return and exchange in 1 month if the product is defective or the customer is not satisfied with the product.</p>",miumiu bag,,bag,"cross body bags, new arrival",TRUE,color,dark brown,,,,,,0,,0,deny,manual,283.50,,TRUE,FALSE,,,,,,,,,g,,,,,active
miu-miu-mini-lucky-bag-leather,,"<p> Color: brown ; dark brown ; black</p>
<p>Size: <span> 19 x 17 x 4.5</span></p>
<p>The products are 1:1 copies of the original version and they are the same from every detail.</p>
<p>Support return and exchange in 1 month if the product is defective or the customer is not satisfied with the product.</p>",miumiu bag,,bag,"cross body bags, new arrival",TRUE,color,black,,,,,,0,,0,deny,manual,283.50,,TRUE,FALSE,,,,,,,,,g,,,,,active
miu-miu-wander-matelasse-bag-leather,Miu Miu Wander Matelassé Bag Leather,"<p> Color: light blue ; brown ; beige ;taupe ; dark brown ; white</p>
<p>Size: <span> 22X10.5X7.5cm</span></p>
<p>The products are 1:1 copies of the original version and they are the same from every detail.</p>
<p>Support return and exchange in 1 month if the product is defective or the customer is not satisfied with the product.</p>",miumiu bag,,bag,"cross body bags, new arrival, top handle",TRUE,color,white,,,,,,0,,0,deny,manual,357.00,,TRUE,FALSE,,https://cdn.shopify.com/s/files/1/0912/9351/6071/files/i1750223667_5224_0.jpg?v=1755686337,1,,,,,,g,,,,,active
miu-miu-wander-matelasse-bag-leather,,,,,,,,,,,,,,,,,,,,,,,,,https://cdn.shopify.com/s/files/1/0912/9351/6071/files/i1750223667_6779_7.jpg?v=1755686337,2,,,,,,,,,,,
miu-miu-wander-matelasse-bag-leather,,,,,,,,,,,,,,,,,,,,,,,,,https://cdn.shopify.com/s/files/1/0912/9351/6071/files/i1750216200_2880_3.jpg?v=1755686337,3,,,,,,,,,,,
miu-miu-wander-matelasse-bag-leather,,,,,,,,,,,,,,,,,,,,,,,,,https://cdn.shopify.com/s/files/1/0912/9351/6071/files/i1750216200_7966_0.jpg?v=1755686337,4,,,,,,,,,,,
miu-miu-wander-matelasse-bag-leather,,,,,,,,,,,,,,,,,,,,,,,,,https://cdn.shopify.com/s/files/1/0912/9351/6071/files/i1750215902_6473_5.jpg?v=1755686337,5,,,,,,,,,,,
miu-miu-wander-matelasse-bag-leather,,,,,,,,,,,,,,,,,,,,,,,,,https://cdn.shopify.com/s/files/1/0912/9351/6071/files/i1750215902_2092_0.jpg?v=1755686337,6,,,,,,,,,,,
miu-miu-wander-matelasse-bag-leather,,,,,,,,,,,,,,,,,,,,,,,,,https://cdn.shopify.com/s/files/1/0912/9351/6071/files/i1750215796_7167_8.jpg?v=1755686337,7,,,,,,,,,,,
miu-miu-wander-matelasse-bag-leather,,,,,,,,,,,,,,,,,,,,,,,,,https://cdn.shopify.com/s/files/1/0912/9351/6071/files/i1750215796_992_5.jpg?v=1755686337,8,,,,,,,,,,,
miu-miu-wander-matelasse-bag-leather,,,,,,,,,,,,,,,,,,,,,,,,,https://cdn.shopify.com/s/files/1/0912/9351/6071/files/i1750215796_5772_0.jpg?v=1755686337,9,,,,,,,,,,,
miu-miu-wander-matelasse-bag-leather,,,,,,,,,,,,,,,,,,,,,,,,,https://cdn.shopify.com/s/files/1/0912/9351/6071/files/i1750215624_1664_4.jpg?v=1755686337,10,,,,,,,,,,,
miu-miu-wander-matelasse-bag-leather,,,,,,,,,,,,,,,,,,,,,,,,,https://cdn.shopify.com/s/files/1/0912/9351/6071/files/i1750215624_2771_7.jpg?v=1755686337,11,,,,,,,,,,,
miu-miu-wander-matelasse-bag-leather,,,,,,,,,,,,,,,,,,,,,,,,,https://cdn.shopify.com/s/files/1/0912/9351/6071/files/i1750223667_5224_0_cbf8f631-d405-4e1e-88aa-f844c06f1158.jpg?v=1755686337,12,,,,,,,,,,,
miu-miu-wander-matelasse-bag-leather,,,,,,,,,,,,,,,,,,,,,,,,,https://cdn.shopify.com/s/files/1/0912/9351/6071/files/i1750215624_2808_8.jpg?v=1755686337,13,,,,,,,,,,,
miu-miu-wander-matelasse-bag-leather,,,,,,,,,,,,,,,,,,,,,,,,,https://cdn.shopify.com/s/files/1/0912/9351/6071/files/i1750215624_2039_0.jpg?v=1755686337,14,,,,,,,,,,,
miu-miu-wander-matelasse-bag-leather,,,,,,,,,,,,,,,,,,,,,,,,,https://cdn.shopify.com/s/files/1/0912/9351/6071/files/i1750216200_7966_0_eed44978-8722-4080-86f6-39e7fbb9e4a9.jpg?v=1755686337,15,,,,,,,,,,,
miu-miu-wander-matelasse-bag-leather,,,,,,,,,,,,,,,,,,,,,,,,,https://cdn.shopify.com/s/files/1/0912/9351/6071/files/i1750215624_2039_0_5508eff4-8905-4f24-be0a-b89e35383fb6.jpg?v=1755686337,16,,,,,,,,,,,
miu-miu-wander-matelasse-bag-leather,,,,,,,,,,,,,,,,,,,,,,,,,https://cdn.shopify.com/s/files/1/0912/9351/6071/files/i1750215902_2092_0_e5eca56b-717f-44e5-a761-25f68c154dcc.jpg?v=1755686337,17,,,,,,,,,,,
miu-miu-wander-matelasse-bag-leather,,,,,,,,,,,,,,,,,,,,,,,,,https://cdn.shopify.com/s/files/1/0912/9351/6071/files/i1750223727_2037_0_51d5b58d-7376-47df-8772-b3844179a56b.jpg?v=1755686337,18,,,,,,,,,,,
miu-miu-wander-matelasse-bag-leather,,,,,,,,,,,,,,,,,,,,,,,,,https://cdn.shopify.com/s/files/1/0912/9351/6071/files/i1750215796_5772_0_d49eb4cb-a85f-43a7-8795-36b4aa380e7a.jpg?v=1755686337,19,,,,,,,,,,,
miu-miu-wander-matelasse-bag-leather,,,,,,,,,,,,,,,,,,,,,,,,,https://cdn.shopify.com/s/files/1/0912/9351/6071/files/i1750223727_4854_8.jpg?v=1755686337,20,,,,,,,,,,,
miu-miu-wander-matelasse-bag-leather,,,,,,,,,,,,,,,,,,,,,,,,,https://cdn.shopify.com/s/files/1/0912/9351/6071/files/i1750223727_2037_0.jpg?v=1755686337,21,,,,,,,,,,,
miu-miu-wander-matelasse-bag-leather,,,,,,,,,,,,,,,,,,,,,,,,,https://cdn.shopify.com/s/files/1/0912/9351/6071/files/i1750223667_4301_6.jpg?v=1755686337,22,,,,,,,,,,,
miu-miu-wander-matelasse-bag-leather,,"<p> Color: light blue ; brown ; beige ;taupe ; dark brown ; white</p>
<p>Size: <span> 22X10.5X7.5cm</span></p>
<p>The products are 1:1 copies of the original version and they are the same from every detail.</p>
<p>Support return and exchange in 1 month if the product is defective or the customer is not satisfied with the product.</p>",miumiu bag,,bag,"cross body bags, new arrival, top handle",TRUE,color,light blue,,,,,,0,,0,deny,manual,357.00,,TRUE,FALSE,,,,,,,,,g,,,,,active
miu-miu-wander-matelasse-bag-leather,,"<p> Color: light blue ; brown ; beige ;taupe ; dark brown ; white</p>
<p>Size: <span> 22X10.5X7.5cm</span></p>
<p>The products are 1:1 copies of the original version and they are the same from every detail.</p>
<p>Support return and exchange in 1 month if the product is defective or the customer is not satisfied with the product.</p>",miumiu bag,,bag,"cross body bags, new arrival, top handle",TRUE,color,brown,,,,,,0,,0,deny,manual,357.00,,TRUE,FALSE,,,,,,,,,g,,,,,active
miu-miu-wander-matelasse-bag-leather,,"<p> Color: light blue ; brown ; beige ;taupe ; dark brown ; white</p>
<p>Size: <span> 22X10.5X7.5cm</span></p>
<p>The products are 1:1 copies of the original version and they are the same from every detail.</p>
<p>Support return and exchange in 1 month if the product is defective or the customer is not satisfied with the product.</p>",miumiu bag,,bag,"cross body bags, new arrival, top handle",TRUE,color,beige,,,,,,0,,0,deny,manual,357.00,,TRUE,FALSE,,,,,,,,,g,,,,,active
miu-miu-wander-matelasse-bag-leather,,"<p> Color: light blue ; brown ; beige ;taupe ; dark brown ; white</p>
<p>Size: <span> 22X10.5X7.5cm</span></p>
<p>The products are 1:1 copies of the original version and they are the same from every detail.</p>
<p>Support return and exchange in 1 month if the product is defective or the customer is not satisfied with the product.</p>",miumiu bag,,bag,"cross body bags, new arrival, top handle",TRUE,color,dark brown,,,,,,0,,0,deny,manual,357.00,,TRUE,FALSE,,,,,,,,,g,,,,,active
miu-miu-wander-matelasse-bag-leather,,"<p> Color: light blue ; brown ; beige ;taupe ; dark brown ; white</p>
<p>Size: <span> 22X10.5X7.5cm</span></p>
<p>The products are 1:1 copies of the original version and they are the same from every detail.</p>
<p>Support return and exchange in 1 month if the product is defective or the customer is not satisfied with the product.</p>",miumiu bag,,bag,"cross body bags, new arrival, top handle",TRUE,color,taupe,,,,,,0,,0,deny,manual,357.00,,TRUE,FALSE,,,,,,,,,g,,,,,active
miumiu-aventure-25ss-shoulder-bag-leather,MiuMiu Aventure 25ss shoulder bag leather,"<p> Color:  Black ; Dark Brown ; Brown </p>
<p>Material: leather</p>
<p>Size: <span>33cm x 19cm x 5cm</span></p>
<p>The products are 1:1 copies of the original version and they are the same from every detail.</p>
<p>Support return and exchange in 1 month if the product is defective or the customer is not satisfied with the product.</p>",miumiu bag,,bag,"new arrival, shoulder bags",TRUE,color,Black,,,,,,0,,0,deny,manual,383.25,,TRUE,FALSE,,https://cdn.shopify.com/s/files/1/0912/9351/6071/files/i1747026612_9988_0.jpg?v=1755686330,1,,,,,,g,,,,,active
miumiu-aventure-25ss-shoulder-bag-leather,,,,,,,,,,,,,,,,,,,,,,,,,https://cdn.shopify.com/s/files/1/0912/9351/6071/files/i1743240077_4653_0.jpg?v=1755686330,2,,,,,,,,,,,
miumiu-aventure-25ss-shoulder-bag-leather,,,,,,,,,,,,,,,,,,,,,,,,,https://cdn.shopify.com/s/files/1/0912/9351/6071/files/i1743239331_2708_8.jpg?v=1755686330,3,,,,,,,,,,,
miumiu-aventure-25ss-shoulder-bag-leather,,,,,,,,,,,,,,,,,,,,,,,,,https://cdn.shopify.com/s/files/1/0912/9351/6071/files/i1743239331_9125_7.jpg?v=1755686330,4,,,,,,,,,,,
miumiu-aventure-25ss-shoulder-bag-leather,,,,,,,,,,,,,,,,,,,,,,,,,https://cdn.shopify.com/s/files/1/0912/9351/6071/files/i1743239331_9781_6.jpg?v=1755686330,5,,,,,,,,,,,
miumiu-aventure-25ss-shoulder-bag-leather,,,,,,,,,,,,,,,,,,,,,,,,,https://cdn.shopify.com/s/files/1/0912/9351/6071/files/i1743239331_6181_2.jpg?v=1755686330,6,,,,,,,,,,,
miumiu-aventure-25ss-shoulder-bag-leather,,,,,,,,,,,,,,,,,,,,,,,,,https://cdn.shopify.com/s/files/1/0912/9351/6071/files/i1743239331_4658_0.jpg?v=1755686330,7,,,,,,,,,,,
miumiu-aventure-25ss-shoulder-bag-leather,,,,,,,,,,,,,,,,,,,,,,,,,https://cdn.shopify.com/s/files/1/0912/9351/6071/files/i1747026612_6429_1.jpg?v=1755686330,8,,,,,,,,,,,
miumiu-aventure-25ss-shoulder-bag-leather,,,,,,,,,,,,,,,,,,,,,,,,,https://cdn.shopify.com/s/files/1/0912/9351/6071/files/i1747026612_4838_3.jpg?v=1755686330,9,,,,,,,,,,,
miumiu-aventure-25ss-shoulder-bag-leather,,,,,,,,,,,,,,,,,,,,,,,,,https://cdn.shopify.com/s/files/1/0912/9351/6071/files/i1747026612_1567_2.jpg?v=1755686330,10,,,,,,,,,,,
miumiu-aventure-25ss-shoulder-bag-leather,,,,,,,,,,,,,,,,,,,,,,,,,https://cdn.shopify.com/s/files/1/0912/9351/6071/files/i1747026612_5565_5.jpg?v=1755686330,11,,,,,,,,,,,
miumiu-aventure-25ss-shoulder-bag-leather,,,,,,,,,,,,,,,,,,,,,,,,,https://cdn.shopify.com/s/files/1/0912/9351/6071/files/i1743240077_3390_5.jpg?v=1755686330,12,,,,,,,,,,,
miumiu-aventure-25ss-shoulder-bag-leather,,,,,,,,,,,,,,,,,,,,,,,,,https://cdn.shopify.com/s/files/1/0912/9351/6071/files/i1743240077_2981_8.jpg?v=1755686330,13,,,,,,,,,,,
miumiu-aventure-25ss-shoulder-bag-leather,,,,,,,,,,,,,,,,,,,,,,,,,https://cdn.shopify.com/s/files/1/0912/9351/6071/files/i1743240077_7861_3.jpg?v=1755686330,14,,,,,,,,,,,
miumiu-aventure-25ss-shoulder-bag-leather,,"<p> Color:  Black ; Dark Brown ; Brown </p>
<p>Material: leather</p>
<p>Size: <span>33cm x 19cm x 5cm</span></p>
<p>The products are 1:1 copies of the original version and they are the same from every detail.</p>
<p>Support return and exchange in 1 month if the product is defective or the customer is not satisfied with the product.</p>",miumiu bag,,bag,"new arrival, shoulder bags",TRUE,color,Dark Brown,,,,,,0,,0,deny,manual,383.25,,TRUE,FALSE,,,,,,,,,g,,,,,active
miumiu-aventure-25ss-shoulder-bag-leather,,"<p> Color:  Black ; Dark Brown ; Brown </p>
<p>Material: leather</p>
<p>Size: <span>33cm x 19cm x 5cm</span></p>
<p>The products are 1:1 copies of the original version and they are the same from every detail.</p>
<p>Support return and exchange in 1 month if the product is defective or the customer is not satisfied with the product.</p>",miumiu bag,,bag,"new arrival, shoulder bags",TRUE,color,Brown,,,,,,0,,0,deny,manual,383.25,,TRUE,FALSE,,,,,,,,,g,,,,,active
miumiu-popular-vintage-tote-bag-sheepskin,MiuMiu popular vintage tote bag sheepskin,"<p> Color: Brown ; Black ; Dark Brown</p>
<p>Material: Sheepskin</p>
<p>Size: <span>44 x 22.5 x 14.5cm</span></p>
<p>The products are 1:1 copies of the original version and they are the same from every detail.</p>
<p>Support return and exchange in 1 month if the product is defective or the customer is not satisfied with the product.</p>",miumiu bag,,bag,"new arrival, top handle",TRUE,color,Black,,,,,,0,,0,deny,manual,446.25,,TRUE,FALSE,,https://cdn.shopify.com/s/files/1/0912/9351/6071/files/i1743228241_9933_0.jpg?v=1755686326,1,,,,,,g,,,,,active
miumiu-popular-vintage-tote-bag-sheepskin,,,,,,,,,,,,,,,,,,,,,,,,,https://cdn.shopify.com/s/files/1/0912/9351/6071/files/i1743228114_853_0.jpg?v=1755686326,2,,,,,,,,,,,
miumiu-popular-vintage-tote-bag-sheepskin,,,,,,,,,,,,,,,,,,,,,,,,,https://cdn.shopify.com/s/files/1/0912/9351/6071/files/img_481f26ee_20250329_i1743227919_520_5_jpg.jpg?v=1755686326,3,,,,,,,,,,,
miumiu-popular-vintage-tote-bag-sheepskin,,,,,,,,,,,,,,,,,,,,,,,,,https://cdn.shopify.com/s/files/1/0912/9351/6071/files/img_481f26ee_20250329_i1743227919_536_2_jpg.jpg?v=1755686326,4,,,,,,,,,,,
miumiu-popular-vintage-tote-bag-sheepskin,,,,,,,,,,,,,,,,,,,,,,,,,https://cdn.shopify.com/s/files/1/0912/9351/6071/files/img_481f26ee_20250329_i1743227919_630_8_jpg.jpg?v=1755686326,5,,,,,,,,,,,
miumiu-popular-vintage-tote-bag-sheepskin,,,,,,,,,,,,,,,,,,,,,,,,,https://cdn.shopify.com/s/files/1/0912/9351/6071/files/img_481f26ee_20250329_i1743227919_1136_6_jpg.jpg?v=1755686326,6,,,,,,,,,,,
miumiu-popular-vintage-tote-bag-sheepskin,,,,,,,,,,,,,,,,,,,,,,,,,https://cdn.shopify.com/s/files/1/0912/9351/6071/files/img_481f26ee_20250329_i1743227919_3735_7_jpg.jpg?v=1755686326,7,,,,,,,,,,,
miumiu-popular-vintage-tote-bag-sheepskin,,,,,,,,,,,,,,,,,,,,,,,,,https://cdn.shopify.com/s/files/1/0912/9351/6071/files/img_481f26ee_20250329_i1743227919_3762_0_jpg.jpg?v=1755686326,8,,,,,,,,,,,
miumiu-popular-vintage-tote-bag-sheepskin,,,,,,,,,,,,,,,,,,,,,,,,,https://cdn.shopify.com/s/files/1/0912/9351/6071/files/img_481f26ee_20250329_i1743227919_4784_1_jpg.jpg?v=1755686327,9,,,,,,,,,,,
miumiu-popular-vintage-tote-bag-sheepskin,,,,,,,,,,,,,,,,,,,,,,,,,https://cdn.shopify.com/s/files/1/0912/9351/6071/files/img_481f26ee_20250329_i1743227919_6814_4_jpg.jpg?v=1755686326,10,,,,,,,,,,,
miumiu-popular-vintage-tote-bag-sheepskin,,,,,,,,,,,,,,,,,,,,,,,,,https://cdn.shopify.com/s/files/1/0912/9351/6071/files/img_481f26ee_20250329_i1743227919_7881_3_jpg.jpg?v=1755686326,11,,,,,,,,,,,
miumiu-popular-vintage-tote-bag-sheepskin,,,,,,,,,,,,,,,,,,,,,,,,,https://cdn.shopify.com/s/files/1/0912/9351/6071/files/i1743228241_9933_0_3c8d33ae-a15b-4119-94f9-699db6ea98cd.jpg?v=1755686327,12,,,,,,,,,,,
miumiu-popular-vintage-tote-bag-sheepskin,,,,,,,,,,,,,,,,,,,,,,,,,https://cdn.shopify.com/s/files/1/0912/9351/6071/files/i1743228114_853_0_6dc308a5-bbf3-4e22-aa2b-5f3199af50d7.jpg?v=1755686326,13,,,,,,,,,,,
miumiu-popular-vintage-tote-bag-sheepskin,,,,,,,,,,,,,,,,,,,,,,,,,https://cdn.shopify.com/s/files/1/0912/9351/6071/files/img_481f26ee_20250329_i1743227919_3762_0_jpg_400bc9cc-b7bc-47a5-8b59-0b26be426aba.jpg?v=1755686327,14,,,,,,,,,,,
miumiu-popular-vintage-tote-bag-sheepskin,,,,,,,,,,,,,,,,,,,,,,,,,https://cdn.shopify.com/s/files/1/0912/9351/6071/files/i1743228241_9850_4.jpg?v=1755686326,15,,,,,,,,,,,
miumiu-popular-vintage-tote-bag-sheepskin,,,,,,,,,,,,,,,,,,,,,,,,,https://cdn.shopify.com/s/files/1/0912/9351/6071/files/i1743228241_4244_8.jpg?v=1755686327,16,,,,,,,,,,,
miumiu-popular-vintage-tote-bag-sheepskin,,,,,,,,,,,,,,,,,,,,,,,,,https://cdn.shopify.com/s/files/1/0912/9351/6071/files/i1743228241_7169_2.jpg?v=1755686326,17,,,,,,,,,,,
miumiu-popular-vintage-tote-bag-sheepskin,,,,,,,,,,,,,,,,,,,,,,,,,https://cdn.shopify.com/s/files/1/0912/9351/6071/files/i1743228114_2796_3.jpg?v=1755686326,18,,,,,,,,,,,
miumiu-popular-vintage-tote-bag-sheepskin,,,,,,,,,,,,,,,,,,,,,,,,,https://cdn.shopify.com/s/files/1/0912/9351/6071/files/i1743228114_7106_7.jpg?v=1755686326,19,,,,,,,,,,,
miumiu-popular-vintage-tote-bag-sheepskin,,"<p> Color: Brown ; Black ; Dark Brown</p>
<p>Material: Sheepskin</p>
<p>Size: <span>44 x 22.5 x 14.5cm</span></p>
<p>The products are 1:1 copies of the original version and they are the same from every detail.</p>
<p>Support return and exchange in 1 month if the product is defective or the customer is not satisfied with the product.</p>",miumiu bag,,bag,"new arrival, top handle",TRUE,color,Brown,,,,,,0,,0,deny,manual,446.25,,TRUE,FALSE,,,,,,,,,g,,,,,active
miumiu-popular-vintage-tote-bag-sheepskin,,"<p> Color: Brown ; Black ; Dark Brown</p>
<p>Material: Sheepskin</p>
<p>Size: <span>44 x 22.5 x 14.5cm</span></p>
<p>The products are 1:1 copies of the original version and they are the same from every detail.</p>
<p>Support return and exchange in 1 month if the product is defective or the customer is not satisfied with the product.</p>",miumiu bag,,bag,"new arrival, top handle",TRUE,color,Dark Brown,,,,,,0,,0,deny,manual,446.25,,TRUE,FALSE,,,,,,,,,g,,,,,active
miumiu-aventure-nappa-bag-leather,MiuMiu Aventure Nappa Sheepskin,"<p> Color: Brown ; Black ; Dark Brown</p>
<p>Material: Sheepskin</p>
<p>Size: <span>17x33x11cm。</span></p>
<p>The products are 1:1 copies of the original version and they are the same from every detail.</p>
<p>Support return and exchange in 1 month if the product is defective or the customer is not satisfied with the product.</p>",miumiu bag,,bag,"cross body bags, new arrival, top handle",TRUE,color,Black,,,,,,0,,0,deny,manual,441.00,,TRUE,FALSE,,https://cdn.shopify.com/s/files/1/0912/9351/6071/files/i1726813913_2889_0.jpg?v=1755686322,1,,,,,,g,,,,,active
miumiu-aventure-nappa-bag-leather,,,,,,,,,,,,,,,,,,,,,,,,,https://cdn.shopify.com/s/files/1/0912/9351/6071/files/img_481f26ee_20240920_i1726813793_2910_6_jpg.jpg?v=1755686323,2,,,,,,,,,,,
miumiu-aventure-nappa-bag-leather,,,,,,,,,,,,,,,,,,,,,,,,,https://cdn.shopify.com/s/files/1/0912/9351/6071/files/img_481f26ee_20240920_i1726813793_4216_8_jpg.jpg?v=1755686322,3,,,,,,,,,,,
miumiu-aventure-nappa-bag-leather,,,,,,,,,,,,,,,,,,,,,,,,,https://cdn.shopify.com/s/files/1/0912/9351/6071/files/img_481f26ee_20240920_i1726813793_5370_2_jpg.jpg?v=1755686323,4,,,,,,,,,,,
miumiu-aventure-nappa-bag-leather,,,,,,,,,,,,,,,,,,,,,,,,,https://cdn.shopify.com/s/files/1/0912/9351/6071/files/img_481f26ee_20240920_i1726813793_6280_3_jpg.jpg?v=1755686322,5,,,,,,,,,,,
miumiu-aventure-nappa-bag-leather,,,,,,,,,,,,,,,,,,,,,,,,,https://cdn.shopify.com/s/files/1/0912/9351/6071/files/img_481f26ee_20240920_i1726813793_7285_0_jpg.jpg?v=1755686323,6,,,,,,,,,,,
miumiu-aventure-nappa-bag-leather,,,,,,,,,,,,,,,,,,,,,,,,,https://cdn.shopify.com/s/files/1/0912/9351/6071/files/img_481f26ee_20240920_i1726813793_7956_5_jpg.jpg?v=1755686323,7,,,,,,,,,,,
miumiu-aventure-nappa-bag-leather,,,,,,,,,,,,,,,,,,,,,,,,,https://cdn.shopify.com/s/files/1/0912/9351/6071/files/img_481f26ee_20240920_i1726813793_8276_4_jpg.jpg?v=1755686323,8,,,,,,,,,,,
miumiu-aventure-nappa-bag-leather,,,,,,,,,,,,,,,,,,,,,,,,,https://cdn.shopify.com/s/files/1/0912/9351/6071/files/img_481f26ee_20240920_i1726813793_9694_7_jpg.jpg?v=1755686323,9,,,,,,,,,,,
miumiu-aventure-nappa-bag-leather,,,,,,,,,,,,,,,,,,,,,,,,,https://cdn.shopify.com/s/files/1/0912/9351/6071/files/i1726819355_288_0_5862d427-c153-476f-8f69-ae041ff70d42.jpg?v=1755686323,10,,,,,,,,,,,
miumiu-aventure-nappa-bag-leather,,,,,,,,,,,,,,,,,,,,,,,,,https://cdn.shopify.com/s/files/1/0912/9351/6071/files/img_481f26ee_20240920_i1726813793_4216_8_jpg_a502c9cb-25d1-4340-b7fc-a4c4ec46001c.jpg?v=1755686323,11,,,,,,,,,,,
miumiu-aventure-nappa-bag-leather,,,,,,,,,,,,,,,,,,,,,,,,,https://cdn.shopify.com/s/files/1/0912/9351/6071/files/i1726813913_2889_0_b5e7a621-e73c-407d-aeaf-16a5ba76eb1e.jpg?v=1755686323,12,,,,,,,,,,,
miumiu-aventure-nappa-bag-leather,,,,,,,,,,,,,,,,,,,,,,,,,https://cdn.shopify.com/s/files/1/0912/9351/6071/files/i1726819355_1415_6.jpg?v=1755686322,13,,,,,,,,,,,
miumiu-aventure-nappa-bag-leather,,,,,,,,,,,,,,,,,,,,,,,,,https://cdn.shopify.com/s/files/1/0912/9351/6071/files/i1726819355_3021_1.jpg?v=1755686323,14,,,,,,,,,,,
miumiu-aventure-nappa-bag-leather,,,,,,,,,,,,,,,,,,,,,,,,,https://cdn.shopify.com/s/files/1/0912/9351/6071/files/i1726819355_288_0.jpg?v=1755686322,15,,,,,,,,,,,
miumiu-aventure-nappa-bag-leather,,,,,,,,,,,,,,,,,,,,,,,,,https://cdn.shopify.com/s/files/1/0912/9351/6071/files/i1726813913_3890_1.jpg?v=1755686323,16,,,,,,,,,,,
miumiu-aventure-nappa-bag-leather,,,,,,,,,,,,,,,,,,,,,,,,,https://cdn.shopify.com/s/files/1/0912/9351/6071/files/img_481f26ee_20240920_i1726813793_2377_1_jpg.jpg?v=1755686323,17,,,,,,,,,,,
miumiu-aventure-nappa-bag-leather,,"<p> Color: Brown ; Black ; Dark Brown</p>
<p>Material: Sheepskin</p>
<p>Size: <span>17x33x11cm。</span></p>
<p>The products are 1:1 copies of the original version and they are the same from every detail.</p>
<p>Support return and exchange in 1 month if the product is defective or the customer is not satisfied with the product.</p>",miumiu bag,,bag,"cross body bags, new arrival, top handle",TRUE,color,Brown,,,,,,0,,0,deny,manual,441.00,,TRUE,FALSE,,,,,,,,,g,,,,,active
miumiu-aventure-nappa-bag-leather,,"<p> Color: Brown ; Black ; Dark Brown</p>
<p>Material: Sheepskin</p>
<p>Size: <span>17x33x11cm。</span></p>
<p>The products are 1:1 copies of the original version and they are the same from every detail.</p>
<p>Support return and exchange in 1 month if the product is defective or the customer is not satisfied with the product.</p>",miumiu bag,,bag,"cross body bags, new arrival, top handle",TRUE,color,Dark Brown,,,,,,0,,0,deny,manual,441.00,,TRUE,FALSE,,,,,,,,,g,,,,,active
miumiu-mini-shell-bag-sheepskin,MiuMiu Mini Shell Bag Sheepskin,"<p> Color: Brown ; Black ; Dark Brown</p>
<p>Material: Sheepskin</p>
<p>Size: <span>21 x 13.5 x 8cm</span></p>
<p>The products are 1:1 copies of the original version and they are the same from every detail.</p>
<p>Support return and exchange in 1 month if the product is defective or the customer is not satisfied with the product.</p>",miumiu bag,,bag,"cross body bags, new arrival, top handle",TRUE,color,Black,,,,,,0,,0,deny,manual,351.75,,TRUE,FALSE,,https://cdn.shopify.com/s/files/1/0912/9351/6071/files/i1733048100_4830_1.jpg?v=1755686319,1,,,,,,g,,,,,active
miumiu-mini-shell-bag-sheepskin,,,,,,,,,,,,,,,,,,,,,,,,,https://cdn.shopify.com/s/files/1/0912/9351/6071/files/i1733984586_1455_0.jpg?v=1755686319,2,,,,,,,,,,,
miumiu-mini-shell-bag-sheepskin,,,,,,,,,,,,,,,,,,,,,,,,,https://cdn.shopify.com/s/files/1/0912/9351/6071/files/i1733984457_735_7.jpg?v=1755686319,3,,,,,,,,,,,
miumiu-mini-shell-bag-sheepskin,,,,,,,,,,,,,,,,,,,,,,,,,https://cdn.shopify.com/s/files/1/0912/9351/6071/files/i1733984457_437_6.jpg?v=1755686319,4,,,,,,,,,,,
miumiu-mini-shell-bag-sheepskin,,,,,,,,,,,,,,,,,,,,,,,,,https://cdn.shopify.com/s/files/1/0912/9351/6071/files/i1733984457_9634_5.jpg?v=1755686319,5,,,,,,,,,,,
miumiu-mini-shell-bag-sheepskin,,,,,,,,,,,,,,,,,,,,,,,,,https://cdn.shopify.com/s/files/1/0912/9351/6071/files/i1733984457_5367_4.jpg?v=1755686319,6,,,,,,,,,,,
miumiu-mini-shell-bag-sheepskin,,,,,,,,,,,,,,,,,,,,,,,,,https://cdn.shopify.com/s/files/1/0912/9351/6071/files/i1733984457_4234_0.jpg?v=1755686319,7,,,,,,,,,,,
miumiu-mini-shell-bag-sheepskin,,,,,,,,,,,,,,,,,,,,,,,,,https://cdn.shopify.com/s/files/1/0912/9351/6071/files/i1733984651_1112_0_4d2ebb6d-da65-42c0-ac98-0d56baba38dc.jpg?v=1755686319,8,,,,,,,,,,,
miumiu-mini-shell-bag-sheepskin,,,,,,,,,,,,,,,,,,,,,,,,,https://cdn.shopify.com/s/files/1/0912/9351/6071/files/i1733984586_1455_0_e1f3ab28-d012-4a88-bea7-cec921f1988d.jpg?v=1755686319,9,,,,,,,,,,,
miumiu-mini-shell-bag-sheepskin,,,,,,,,,,,,,,,,,,,,,,,,,https://cdn.shopify.com/s/files/1/0912/9351/6071/files/i1733984457_4234_0_b2f7e58d-2f98-4ed3-9922-ff2e7a81b3bf.jpg?v=1755686319,10,,,,,,,,,,,
miumiu-mini-shell-bag-sheepskin,,,,,,,,,,,,,,,,,,,,,,,,,https://cdn.shopify.com/s/files/1/0912/9351/6071/files/i1733984651_5674_3.jpg?v=1755686319,11,,,,,,,,,,,
miumiu-mini-shell-bag-sheepskin,,,,,,,,,,,,,,,,,,,,,,,,,https://cdn.shopify.com/s/files/1/0912/9351/6071/files/i1733984651_3229_5.jpg?v=1755686319,12,,,,,,,,,,,
miumiu-mini-shell-bag-sheepskin,,,,,,,,,,,,,,,,,,,,,,,,,https://cdn.shopify.com/s/files/1/0912/9351/6071/files/i1733984651_2201_1.jpg?v=1755686319,13,,,,,,,,,,,
miumiu-mini-shell-bag-sheepskin,,,,,,,,,,,,,,,,,,,,,,,,,https://cdn.shopify.com/s/files/1/0912/9351/6071/files/i1733984651_1112_0.jpg?v=1755686319,14,,,,,,,,,,,
miumiu-mini-shell-bag-sheepskin,,,,,,,,,,,,,,,,,,,,,,,,,https://cdn.shopify.com/s/files/1/0912/9351/6071/files/i1733984586_1531_4.jpg?v=1755686319,15,,,,,,,,,,,
miumiu-mini-shell-bag-sheepskin,,,,,,,,,,,,,,,,,,,,,,,,,https://cdn.shopify.com/s/files/1/0912/9351/6071/files/i1733984586_6291_7.jpg?v=1755686319,16,,,,,,,,,,,
miumiu-mini-shell-bag-sheepskin,,"<p> Color: Brown ; Black ; Dark Brown</p>
<p>Material: Sheepskin</p>
<p>Size: <span>21 x 13.5 x 8cm</span></p>
<p>The products are 1:1 copies of the original version and they are the same from every detail.</p>
<p>Support return and exchange in 1 month if the product is defective or the customer is not satisfied with the product.</p>",miumiu bag,,bag,"cross body bags, new arrival, top handle",TRUE,color,Brown,,,,,,0,,0,deny,manual,351.75,,TRUE,FALSE,,,,,,,,,g,,,,,active
miumiu-mini-shell-bag-sheepskin,,"<p> Color: Brown ; Black ; Dark Brown</p>
<p>Material: Sheepskin</p>
<p>Size: <span>21 x 13.5 x 8cm</span></p>
<p>The products are 1:1 copies of the original version and they are the same from every detail.</p>
<p>Support return and exchange in 1 month if the product is defective or the customer is not satisfied with the product.</p>",miumiu bag,,bag,"cross body bags, new arrival, top handle",TRUE,color,Dark Brown,,,,,,0,,0,deny,manual,351.75,,TRUE,FALSE,,,,,,,,,g,,,,,active
miumiu-beau-tote-bag-leather,MiuMiu Beau Tote Bag Calfskin,"<p> Color: Gray ; Brown ; Black</p>
<p>Material: calfskin</p>
<p>Size: <span> 35 x 13 x  23cm</span></p>
<p>The products are 1:1 copies of the original version and they are the same from every detail.</p>
<p>Support return and exchange in 1 month if the product is defective or the customer is not satisfied with the product.</p>",miumiu bag,,bag,"new arrival, shoulder bags",TRUE,color,Gray,,,,,,0,,0,deny,manual,393.75,,TRUE,FALSE,,https://cdn.shopify.com/s/files/1/0912/9351/6071/files/i1745287917_6678_0.jpg?v=1755686313,1,,,,,,g,,,,,active
miumiu-beau-tote-bag-leather,,,,,,,,,,,,,,,,,,,,,,,,,https://cdn.shopify.com/s/files/1/0912/9351/6071/files/i1745221679_6241_8.jpg?v=1755686313,2,,,,,,,,,,,
miumiu-beau-tote-bag-leather,,,,,,,,,,,,,,,,,,,,,,,,,https://cdn.shopify.com/s/files/1/0912/9351/6071/files/i1745221679_9152_0.jpg?v=1755686313,3,,,,,,,,,,,
miumiu-beau-tote-bag-leather,,,,,,,,,,,,,,,,,,,,,,,,,https://cdn.shopify.com/s/files/1/0912/9351/6071/files/i1745221617_380_7.jpg?v=1755686313,4,,,,,,,,,,,
miumiu-beau-tote-bag-leather,,,,,,,,,,,,,,,,,,,,,,,,,https://cdn.shopify.com/s/files/1/0912/9351/6071/files/i1745221617_8674_4.jpg?v=1755686313,5,,,,,,,,,,,
miumiu-beau-tote-bag-leather,,,,,,,,,,,,,,,,,,,,,,,,,https://cdn.shopify.com/s/files/1/0912/9351/6071/files/i1745221617_788_0.jpg?v=1755686313,6,,,,,,,,,,,
miumiu-beau-tote-bag-leather,,,,,,,,,,,,,,,,,,,,,,,,,https://cdn.shopify.com/s/files/1/0912/9351/6071/files/i1745221617_788_0_bab3d8ed-5ecd-403b-95a1-19246f3d7c11.jpg?v=1755686313,7,,,,,,,,,,,
miumiu-beau-tote-bag-leather,,,,,,,,,,,,,,,,,,,,,,,,,https://cdn.shopify.com/s/files/1/0912/9351/6071/files/i1745287917_6678_0_3e5a03f7-52ca-4a37-94fd-0f85e9407485.jpg?v=1755686313,8,,,,,,,,,,,
miumiu-beau-tote-bag-leather,,,,,,,,,,,,,,,,,,,,,,,,,https://cdn.shopify.com/s/files/1/0912/9351/6071/files/i1745221679_9152_0_c0199122-5cdd-4cbf-8302-948024d2e3cc.jpg?v=1755686313,9,,,,,,,,,,,
miumiu-beau-tote-bag-leather,,,,,,,,,,,,,,,,,,,,,,,,,https://cdn.shopify.com/s/files/1/0912/9351/6071/files/i1745287917_1556_3.jpg?v=1755686313,10,,,,,,,,,,,
miumiu-beau-tote-bag-leather,,,,,,,,,,,,,,,,,,,,,,,,,https://cdn.shopify.com/s/files/1/0912/9351/6071/files/i1745287917_397_5.jpg?v=1755686313,11,,,,,,,,,,,
miumiu-beau-tote-bag-leather,,,,,,,,,,,,,,,,,,,,,,,,,https://cdn.shopify.com/s/files/1/0912/9351/6071/files/i1745287917_2463_6.jpg?v=1755686314,12,,,,,,,,,,,
miumiu-beau-tote-bag-leather,,,,,,,,,,,,,,,,,,,,,,,,,https://cdn.shopify.com/s/files/1/0912/9351/6071/files/i1745221679_3220_3.jpg?v=1755686313,13,,,,,,,,,,,
miumiu-beau-tote-bag-leather,,,,,,,,,,,,,,,,,,,,,,,,,https://cdn.shopify.com/s/files/1/0912/9351/6071/files/i1745221679_7331_5.jpg?v=1755686313,14,,,,,,,,,,,
miumiu-beau-tote-bag-leather,,"<p> Color: Gray ; Brown ; Black</p>
<p>Material: calfskin</p>
<p>Size: <span> 35 x 13 x  23cm</span></p>
<p>The products are 1:1 copies of the original version and they are the same from every detail.</p>
<p>Support return and exchange in 1 month if the product is defective or the customer is not satisfied with the product.</p>",miumiu bag,,bag,"new arrival, shoulder bags",TRUE,color,Brown,,,,,,0,,0,deny,manual,393.75,,TRUE,FALSE,,,,,,,,,g,,,,,active
miumiu-beau-tote-bag-leather,,"<p> Color: Gray ; Brown ; Black</p>
<p>Material: calfskin</p>
<p>Size: <span> 35 x 13 x  23cm</span></p>
<p>The products are 1:1 copies of the original version and they are the same from every detail.</p>
<p>Support return and exchange in 1 month if the product is defective or the customer is not satisfied with the product.</p>",miumiu bag,,bag,"new arrival, shoulder bags",TRUE,color,Black,,,,,,0,,0,deny,manual,393.75,,TRUE,FALSE,,,,,,,,,g,,,,,active
miumiu-bowling-ball-bag-calfskin,MiuMiu bowling ball bag calfskin,"<p> Color: Gray ; Brown ; Black</p>
<p>Material: calfskin</p>
<p>Size: <span>8X12X9cm</span></p>
<p>The products are 1:1 copies of the original version and they are the same from every detail.</p>
<p>Support return and exchange in 1 month if the product is defective or the customer is not satisfied with the product.</p>",miumiu bag,,bag,"new arrival, shoulder bags",TRUE,color,Gray,,,,,,0,,0,deny,manual,320.25,,TRUE,FALSE,,https://cdn.shopify.com/s/files/1/0912/9351/6071/files/i1744961815_8098_0.jpg?v=1755686311,1,,,,,,g,,,,,active
miumiu-bowling-ball-bag-calfskin,,,,,,,,,,,,,,,,,,,,,,,,,https://cdn.shopify.com/s/files/1/0912/9351/6071/files/img_481f26ee_20250418_i1744961750_1480_2_jpg.jpg?v=1755686311,2,,,,,,,,,,,
miumiu-bowling-ball-bag-calfskin,,,,,,,,,,,,,,,,,,,,,,,,,https://cdn.shopify.com/s/files/1/0912/9351/6071/files/img_481f26ee_20250418_i1744961750_1691_7_jpg.jpg?v=1755686311,3,,,,,,,,,,,
miumiu-bowling-ball-bag-calfskin,,,,,,,,,,,,,,,,,,,,,,,,,https://cdn.shopify.com/s/files/1/0912/9351/6071/files/img_481f26ee_20250418_i1744961750_2924_1_jpg.jpg?v=1755686311,4,,,,,,,,,,,
miumiu-bowling-ball-bag-calfskin,,,,,,,,,,,,,,,,,,,,,,,,,https://cdn.shopify.com/s/files/1/0912/9351/6071/files/img_481f26ee_20250418_i1744961750_3292_6_jpg.jpg?v=1755686311,5,,,,,,,,,,,
miumiu-bowling-ball-bag-calfskin,,,,,,,,,,,,,,,,,,,,,,,,,https://cdn.shopify.com/s/files/1/0912/9351/6071/files/img_481f26ee_20250418_i1744961750_4370_4_jpg.jpg?v=1755686311,6,,,,,,,,,,,
miumiu-bowling-ball-bag-calfskin,,,,,,,,,,,,,,,,,,,,,,,,,https://cdn.shopify.com/s/files/1/0912/9351/6071/files/img_481f26ee_20250418_i1744961750_4581_8_jpg.jpg?v=1755686311,7,,,,,,,,,,,
miumiu-bowling-ball-bag-calfskin,,,,,,,,,,,,,,,,,,,,,,,,,https://cdn.shopify.com/s/files/1/0912/9351/6071/files/img_481f26ee_20250418_i1744961750_7045_0_jpg.jpg?v=1755686311,8,,,,,,,,,,,
miumiu-bowling-ball-bag-calfskin,,,,,,,,,,,,,,,,,,,,,,,,,https://cdn.shopify.com/s/files/1/0912/9351/6071/files/i1744961815_8098_0_4a484514-04ec-4998-92db-8af6b2875022.jpg?v=1755686311,9,,,,,,,,,,,
miumiu-bowling-ball-bag-calfskin,,,,,,,,,,,,,,,,,,,,,,,,,https://cdn.shopify.com/s/files/1/0912/9351/6071/files/img_481f26ee_20250418_i1744961750_7045_0_jpg_60e00337-cfe1-4b55-93b0-73087602a6ba.jpg?v=1755686311,10,,,,,,,,,,,
miumiu-bowling-ball-bag-calfskin,,,,,,,,,,,,,,,,,,,,,,,,,https://cdn.shopify.com/s/files/1/0912/9351/6071/files/i1744961780_9679_0_50959cac-6b7c-4b8d-80c7-b12730255fce.jpg?v=1755686311,11,,,,,,,,,,,
miumiu-bowling-ball-bag-calfskin,,,,,,,,,,,,,,,,,,,,,,,,,https://cdn.shopify.com/s/files/1/0912/9351/6071/files/i1744961815_5287_2.jpg?v=1755686311,12,,,,,,,,,,,
miumiu-bowling-ball-bag-calfskin,,,,,,,,,,,,,,,,,,,,,,,,,https://cdn.shopify.com/s/files/1/0912/9351/6071/files/i1744961815_5253_8.jpg?v=1755686311,13,,,,,,,,,,,
miumiu-bowling-ball-bag-calfskin,,,,,,,,,,,,,,,,,,,,,,,,,https://cdn.shopify.com/s/files/1/0912/9351/6071/files/i1744961780_7797_4.jpg?v=1755686311,14,,,,,,,,,,,
miumiu-bowling-ball-bag-calfskin,,,,,,,,,,,,,,,,,,,,,,,,,https://cdn.shopify.com/s/files/1/0912/9351/6071/files/i1744961780_550_7.jpg?v=1755686311,15,,,,,,,,,,,
miumiu-bowling-ball-bag-calfskin,,,,,,,,,,,,,,,,,,,,,,,,,https://cdn.shopify.com/s/files/1/0912/9351/6071/files/i1744961780_9679_0.jpg?v=1755686311,16,,,,,,,,,,,
miumiu-bowling-ball-bag-calfskin,,,,,,,,,,,,,,,,,,,,,,,,,https://cdn.shopify.com/s/files/1/0912/9351/6071/files/img_481f26ee_20250418_i1744961750_1381_3_jpg.jpg?v=1755686311,17,,,,,,,,,,,
miumiu-bowling-ball-bag-calfskin,,"<p> Color: Gray ; Brown ; Black</p>
<p>Material: calfskin</p>
<p>Size: <span>8X12X9cm</span></p>
<p>The products are 1:1 copies of the original version and they are the same from every detail.</p>
<p>Support return and exchange in 1 month if the product is defective or the customer is not satisfied with the product.</p>",miumiu bag,,bag,"new arrival, shoulder bags",TRUE,color,Brown,,,,,,0,,0,deny,manual,320.25,,TRUE,FALSE,,,,,,,,,g,,,,,active
miumiu-bowling-ball-bag-calfskin,,"<p> Color: Gray ; Brown ; Black</p>
<p>Material: calfskin</p>
<p>Size: <span>8X12X9cm</span></p>
<p>The products are 1:1 copies of the original version and they are the same from every detail.</p>
<p>Support return and exchange in 1 month if the product is defective or the customer is not satisfied with the product.</p>",miumiu bag,,bag,"new arrival, shoulder bags",TRUE,color,Black,,,,,,0,,0,deny,manual,320.25,,TRUE,FALSE,,,,,,,,,g,,,,,active
miumiu-wander-crescent-bag-leather,MiuMiu Wander Crescent Bag Leather,"<p> Color: Gray ; Brown</p>
<p>Material: Leather</p>
<p>Size: <span>22 x 23 x 7cm</span></p>
<p>The products are 1:1 copies of the original version and they are the same from every detail.</p>
<p>Support return and exchange in 1 month if the product is defective or the customer is not satisfied with the product.</p>",miumiu bag,,bag,"boots, cross body bags, new arrival, shoulder bags, tote bag",TRUE,color,Gray,,,,,,0,,0,deny,manual,351.75,,TRUE,FALSE,,https://cdn.shopify.com/s/files/1/0912/9351/6071/files/img_481f26ee_20250520_i1747715711_2829_8_jpg.jpg?v=1755686309,1,,,,,,g,,,,,active
miumiu-wander-crescent-bag-leather,,,,,,,,,,,,,,,,,,,,,,,,,https://cdn.shopify.com/s/files/1/0912/9351/6071/files/img_481f26ee_20250520_i1747715711_6119_1_jpg.jpg?v=1755686308,2,,,,,,,,,,,
miumiu-wander-crescent-bag-leather,,,,,,,,,,,,,,,,,,,,,,,,,https://cdn.shopify.com/s/files/1/0912/9351/6071/files/img_481f26ee_20250520_i1747715711_7598_2_jpg.jpg?v=1755686309,3,,,,,,,,,,,
miumiu-wander-crescent-bag-leather,,,,,,,,,,,,,,,,,,,,,,,,,https://cdn.shopify.com/s/files/1/0912/9351/6071/files/img_481f26ee_20250520_i1747715711_8876_3_jpg.jpg?v=1755686309,4,,,,,,,,,,,
miumiu-wander-crescent-bag-leather,,,,,,,,,,,,,,,,,,,,,,,,,https://cdn.shopify.com/s/files/1/0912/9351/6071/files/img_481f26ee_20250520_i1747715711_2932_0_jpg_f55f8b21-4eb0-4ed7-8bf8-129533775286.jpg?v=1755686308,5,,,,,,,,,,,
miumiu-wander-crescent-bag-leather,,,,,,,,,,,,,,,,,,,,,,,,,https://cdn.shopify.com/s/files/1/0912/9351/6071/files/img_481f26ee_20250520_i1747715813_2495_0_jpg.jpg?v=1755686308,6,,,,,,,,,,,
miumiu-wander-crescent-bag-leather,,,,,,,,,,,,,,,,,,,,,,,,,https://cdn.shopify.com/s/files/1/0912/9351/6071/files/img_481f26ee_20250520_i1747715807_2127_3_jpg.jpg?v=1755686309,7,,,,,,,,,,,
miumiu-wander-crescent-bag-leather,,,,,,,,,,,,,,,,,,,,,,,,,https://cdn.shopify.com/s/files/1/0912/9351/6071/files/img_481f26ee_20250520_i1747715807_2625_2_jpg.jpg?v=1755686309,8,,,,,,,,,,,
miumiu-wander-crescent-bag-leather,,,,,,,,,,,,,,,,,,,,,,,,,https://cdn.shopify.com/s/files/1/0912/9351/6071/files/img_481f26ee_20250520_i1747715807_3524_7_jpg.jpg?v=1755686309,9,,,,,,,,,,,
miumiu-wander-crescent-bag-leather,,,,,,,,,,,,,,,,,,,,,,,,,https://cdn.shopify.com/s/files/1/0912/9351/6071/files/img_481f26ee_20250520_i1747715807_3590_5_jpg.jpg?v=1755686309,10,,,,,,,,,,,
miumiu-wander-crescent-bag-leather,,,,,,,,,,,,,,,,,,,,,,,,,https://cdn.shopify.com/s/files/1/0912/9351/6071/files/img_481f26ee_20250520_i1747715807_4691_4_jpg.jpg?v=1755686309,11,,,,,,,,,,,
miumiu-wander-crescent-bag-leather,,,,,,,,,,,,,,,,,,,,,,,,,https://cdn.shopify.com/s/files/1/0912/9351/6071/files/img_481f26ee_20250520_i1747715807_5336_6_jpg.jpg?v=1755686309,12,,,,,,,,,,,
miumiu-wander-crescent-bag-leather,,,,,,,,,,,,,,,,,,,,,,,,,https://cdn.shopify.com/s/files/1/0912/9351/6071/files/img_481f26ee_20250520_i1747715711_2932_0_jpg.jpg?v=1755686308,13,,,,,,,,,,,
miumiu-wander-crescent-bag-leather,,,,,,,,,,,,,,,,,,,,,,,,,https://cdn.shopify.com/s/files/1/0912/9351/6071/files/img_481f26ee_20250520_i1747715711_3779_7_jpg.jpg?v=1755686309,14,,,,,,,,,,,
miumiu-wander-crescent-bag-leather,,"<p> Color: Gray ; Brown</p>
<p>Material: Leather</p>
<p>Size: <span>22 x 23 x 7cm</span></p>
<p>The products are 1:1 copies of the original version and they are the same from every detail.</p>
<p>Support return and exchange in 1 month if the product is defective or the customer is not satisfied with the product.</p>",miumiu bag,,bag,"boots, cross body bags, new arrival, shoulder bags, tote bag",TRUE,color,Brown,,,,,,0,,0,deny,manual,351.75,,TRUE,FALSE,,,,,,,,,g,,,,,active
miu-beach-tote-bag-white-canvas,Miu' beach tote bag white canvas,"<p> Color: white </p>
<p>Material: canvas</p>
<p>Size: <span>35cm</span></p>
<p>The products are 1:1 copies of the original version and they are the same from every detail.</p>
<p>Support return and exchange in 1 month if the product is defective or the customer is not satisfied with the product.</p>",miumiu bag,,bag,"new arrival, top handle, tote bag",TRUE,Title,Default Title,,,,,,0,,0,deny,manual,330.75,,TRUE,FALSE,,https://cdn.shopify.com/s/files/1/0912/9351/6071/files/img_481f26ee_20240906_i1725594675_1276_0_jpg_e68e8ff0-65e6-4241-aae9-3eec655d30d0.jpg?v=1755686304,1,,,,,,g,,,,,active
miu-beach-tote-bag-white-canvas,,,,,,,,,,,,,,,,,,,,,,,,,https://cdn.shopify.com/s/files/1/0912/9351/6071/files/img_481f26ee_20240906_i1725594675_1020_8_jpg_90920f1d-48a5-4f43-8f6c-7f234d9faa7c.jpg?v=1755686304,2,,,,,,,,,,,
miu-beach-tote-bag-white-canvas,,,,,,,,,,,,,,,,,,,,,,,,,https://cdn.shopify.com/s/files/1/0912/9351/6071/files/img_481f26ee_20240906_i1725594675_1601_1_jpg_e0864ce6-f6fb-4597-999f-35dd28075e3e.jpg?v=1755686304,3,,,,,,,,,,,
miu-beach-tote-bag-white-canvas,,,,,,,,,,,,,,,,,,,,,,,,,https://cdn.shopify.com/s/files/1/0912/9351/6071/files/img_481f26ee_20240906_i1725594675_1717_4_jpg_e5916dc0-2545-4812-944d-400bcd94834e.jpg?v=1755686304,4,,,,,,,,,,,
miu-beach-tote-bag-white-canvas,,,,,,,,,,,,,,,,,,,,,,,,,https://cdn.shopify.com/s/files/1/0912/9351/6071/files/img_481f26ee_20240906_i1725594675_4021_6_jpg_ff886d49-b0fe-47a1-9d18-1665205cb516.jpg?v=1755686304,5,,,,,,,,,,,
miu-beach-tote-bag-white-canvas,,,,,,,,,,,,,,,,,,,,,,,,,https://cdn.shopify.com/s/files/1/0912/9351/6071/files/img_481f26ee_20240906_i1725594675_5823_7_jpg_1d880b93-90aa-4f39-acc6-dad0cf0b13f6.jpg?v=1755686304,6,,,,,,,,,,,
miu-beach-tote-bag-white-canvas,,,,,,,,,,,,,,,,,,,,,,,,,https://cdn.shopify.com/s/files/1/0912/9351/6071/files/img_481f26ee_20240906_i1725594675_5841_3_jpg_603da938-6e1c-4330-a4e8-5451c933a704.jpg?v=1755686304,7,,,,,,,,,,,
miu-beach-tote-bag-white-canvas,,,,,,,,,,,,,,,,,,,,,,,,,https://cdn.shopify.com/s/files/1/0912/9351/6071/files/img_481f26ee_20240906_i1725594675_8239_2_jpg_64d8285b-cf94-47bf-8ff7-bae2eeb848b5.jpg?v=1755686304,8,,,,,,,,,,,
miu-beach-tote-bag-white-canvas,,,,,,,,,,,,,,,,,,,,,,,,,https://cdn.shopify.com/s/files/1/0912/9351/6071/files/img_481f26ee_20240906_i1725594675_8555_5_jpg_7bc70408-9b33-400d-a9e8-459b816e827d.jpg?v=1755686304,9,,,,,,,,,,,
ivy-mini-tote-bag-40cm-white-woven-fabric-and-linen,ivy mini tote bag 40cm white woven fabric and linen,"<ul>
<li><span data-mce-fragment=""1"">Color: white <br></span></li>
<li><span data-mce-fragment=""1""><span>Size: 40 x 35 Cm</span></span></li>
<li>Steel hardware</li>
<li>Printed logo on the front</li>
<li>Fabric lining with removable logo-print pouch</li>
<li>
<span data-mce-fragment=""1""><span>Material : woven fabric and linen</span></span><span data-mce-fragment=""1""><span><br></span></span>
</li>
<li> The products are 1:1 copies of the original version and they are the same from every detail.<br>
</li>
<li>Support return and exchange in 1 month if the product is defective or the customer is not satisfied with the product.
<div id=""chat-box-input-container-id"" class=""chat-box-input-container"">
<div id=""chatInput"" class=""chat-box-input--audit-2023 chat-box-input--to-focus win32"">
<div id=""chat-input-container-id"" class=""chat-input-container--audit-2023"">
<div class=""chat-input-container--audit-2023__left-layout"">
<div id=""chat-input-scroller-id"" class=""chat-input-scrollable"">
<div class=""chat-input-wrapper"">
<div id=""chat-input-content-id"" class=""chat-input-content""></div>
</div>
</div>
</div>
</div>
</div>
</div>
</li>
</ul>
<p> </p>
<ul></ul>",miumiu bag,,bag,"shoulder bags, top handle, tote bag",TRUE,Title,Default Title,,,,,,0,,0,deny,manual,294.00,,TRUE,FALSE,,https://cdn.shopify.com/s/files/1/0912/9351/6071/files/20240626_i1719364289_4412_0_jpg.jpg?v=1759120579,1,,,,,,g,,,,,active
ivy-mini-tote-bag-40cm-white-woven-fabric-and-linen,,,,,,,,,,,,,,,,,,,,,,,,,https://cdn.shopify.com/s/files/1/0912/9351/6071/files/20240626_i1719364289_2104_4_jpg.jpg?v=1759120579,2,,,,,,,,,,,
ivy-mini-tote-bag-40cm-white-woven-fabric-and-linen,,,,,,,,,,,,,,,,,,,,,,,,,https://cdn.shopify.com/s/files/1/0912/9351/6071/files/20240626_i1719364289_2305_1_jpg.jpg?v=1759120579,3,,,,,,,,,,,
ivy-mini-tote-bag-40cm-white-woven-fabric-and-linen,,,,,,,,,,,,,,,,,,,,,,,,,https://cdn.shopify.com/s/files/1/0912/9351/6071/files/20240626_i1719364289_3748_8_jpg.jpg?v=1759120579,4,,,,,,,,,,,
ivy-mini-tote-bag-40cm-white-woven-fabric-and-linen,,,,,,,,,,,,,,,,,,,,,,,,,https://cdn.shopify.com/s/files/1/0912/9351/6071/files/20240626_i1719364289_5585_3_jpg.jpg?v=1759120579,5,,,,,,,,,,,
ivy-mini-tote-bag-40cm-white-woven-fabric-and-linen,,,,,,,,,,,,,,,,,,,,,,,,,https://cdn.shopify.com/s/files/1/0912/9351/6071/files/20240626_i1719364289_6073_5_jpg.jpg?v=1759120579,6,,,,,,,,,,,
ivy-mini-tote-bag-40cm-white-woven-fabric-and-linen,,,,,,,,,,,,,,,,,,,,,,,,,https://cdn.shopify.com/s/files/1/0912/9351/6071/files/20240626_i1719364289_7199_7_jpg.jpg?v=1759120579,7,,,,,,,,,,,
ivy-mini-tote-bag-40cm-white-woven-fabric-and-linen,,,,,,,,,,,,,,,,,,,,,,,,,https://cdn.shopify.com/s/files/1/0912/9351/6071/files/20240626_i1719364289_8324_2_jpg.jpg?v=1759120579,8,,,,,,,,,,,
ivy-mini-tote-bag-40cm-white-woven-fabric-and-linen,,,,,,,,,,,,,,,,,,,,,,,,,https://cdn.shopify.com/s/files/1/0912/9351/6071/files/20240626_i1719364289_9256_6_jpg.jpg?v=1759120579,9,,,,,,,,,,,
miu-tote-bag-38cm-white-woven-fabric,miu tote bag 38cm white woven fabric,"<ul>
<li><span data-mce-fragment=""1"">Color: black <br></span></li>
<li><span data-mce-fragment=""1""><span>Size: 38.5 x 40 x 10 cm</span></span></li>
<li>Steel hardware<br>
</li>
<li>Stylized logo on the front</li>
<li>Linen blend lining with zipper pocket<br>
</li>
<li>
<span data-mce-fragment=""1""><span>Material : woven fabric</span></span><span data-mce-fragment=""1""><span><br></span></span>
</li>
<li> The products are 1:1 copies of the original version and they are the same from every detail.<br>
</li>
<li>Support return and exchange in 1 month if the product is defective or the customer is not satisfied with the product.
<div class=""chat-box-input-container"" id=""chat-box-input-container-id"">
<div class=""chat-box-input--audit-2023 chat-box-input--to-focus win32"" id=""chatInput"">
<div class=""chat-input-container--audit-2023"" id=""chat-input-container-id"">
<div class=""chat-input-container--audit-2023__left-layout"">
<div class=""chat-input-scrollable"" id=""chat-input-scroller-id"">
<div class=""chat-input-wrapper"">
<div class=""chat-input-content"" id=""chat-input-content-id""></div>
</div>
</div>
</div>
</div>
</div>
</div>
</li>
</ul>
<p> </p>
<ul></ul>",miumiu bag,,bag,"shoulder bags, top handle, tote bag",TRUE,Title,Default Title,,,,,,0,,0,deny,manual,325.50,,TRUE,FALSE,,https://cdn.shopify.com/s/files/1/0912/9351/6071/files/20240522_i1716314544_4233_0_jpg_338651fa-cefd-47e3-817f-0a9893a26ae9.jpg?v=1759120601,1,,,,,,g,,,,,active
miu-tote-bag-38cm-white-woven-fabric,,,,,,,,,,,,,,,,,,,,,,,,,https://cdn.shopify.com/s/files/1/0912/9351/6071/files/20240522_i1716314544_29_4_jpg_91738844-c5e3-46fc-82bb-0b98d60fc6e3.jpg?v=1759120601,2,,,,,,,,,,,
miu-tote-bag-38cm-white-woven-fabric,,,,,,,,,,,,,,,,,,,,,,,,,https://cdn.shopify.com/s/files/1/0912/9351/6071/files/20240522_i1716314544_574_8_jpg_186b2f46-a443-42fd-aa8f-631421914db9.jpg?v=1759120601,3,,,,,,,,,,,
miu-tote-bag-38cm-white-woven-fabric,,,,,,,,,,,,,,,,,,,,,,,,,https://cdn.shopify.com/s/files/1/0912/9351/6071/files/20240522_i1716314544_2487_5_jpg_6e991fa5-889a-4f09-b9ae-92114c8d94be.jpg?v=1759120601,4,,,,,,,,,,,
miu-tote-bag-38cm-white-woven-fabric,,,,,,,,,,,,,,,,,,,,,,,,,https://cdn.shopify.com/s/files/1/0912/9351/6071/files/20240522_i1716314544_4226_3_jpg_0d1159c8-739c-423b-852d-83b5ecf5d7f0.jpg?v=1759120601,5,,,,,,,,,,,
miu-tote-bag-38cm-white-woven-fabric,,,,,,,,,,,,,,,,,,,,,,,,,https://cdn.shopify.com/s/files/1/0912/9351/6071/files/20240522_i1716314544_4969_6_jpg_293d81eb-8363-44b8-897a-0531646798e4.jpg?v=1759120601,6,,,,,,,,,,,
miu-tote-bag-38cm-white-woven-fabric,,,,,,,,,,,,,,,,,,,,,,,,,https://cdn.shopify.com/s/files/1/0912/9351/6071/files/20240522_i1716314544_8434_1_jpg_91daf230-1ef0-42d4-961e-49c3aef22ef4.jpg?v=1759120601,7,,,,,,,,,,,
miu-tote-bag-38cm-white-woven-fabric,,,,,,,,,,,,,,,,,,,,,,,,,https://cdn.shopify.com/s/files/1/0912/9351/6071/files/20240522_i1716314544_8993_2_jpg_ff34814b-c287-4e2f-bae7-9537745cbaf4.jpg?v=1759120601,8,,,,,,,,,,,
miu-tote-bag-38cm-white-woven-fabric,,,,,,,,,,,,,,,,,,,,,,,,,https://cdn.shopify.com/s/files/1/0912/9351/6071/files/20240522_i1716314544_9786_7_jpg_43d15464-89f8-4f60-a2d6-633759b88376.jpg?v=1759120601,9,,,,,,,,,,,
miu-tote-bag-38cm-beige-woven-fabric,miu tote bag 38cm beige woven fabric,"<ul>
<li><span data-mce-fragment=""1"">Color: beige <br></span></li>
<li><span data-mce-fragment=""1""><span>Size: 38.5 x 40 x 10 cm</span></span></li>
<li>Steel hardware<br>
</li>
<li>Stylized logo on the front</li>
<li>Linen blend lining with zipper pocket<br>
</li>
<li>
<span data-mce-fragment=""1""><span>Material : woven fabric</span></span><span data-mce-fragment=""1""><span><br></span></span>
</li>
<li> The products are 1:1 copies of the original version and they are the same from every detail.<br>
</li>
<li>Support return and exchange in 1 month if the product is defective or the customer is not satisfied with the product.
<div id=""chat-box-input-container-id"" class=""chat-box-input-container"">
<div id=""chatInput"" class=""chat-box-input--audit-2023 chat-box-input--to-focus win32"">
<div id=""chat-input-container-id"" class=""chat-input-container--audit-2023"">
<div class=""chat-input-container--audit-2023__left-layout"">
<div id=""chat-input-scroller-id"" class=""chat-input-scrollable"">
<div class=""chat-input-wrapper"">
<div id=""chat-input-content-id"" class=""chat-input-content""></div>
</div>
</div>
</div>
</div>
</div>
</div>
</li>
</ul>
<p> </p>
<ul></ul>",miumiu bag,,bag,"shoulder bags, top handle, tote bag",TRUE,Title,Default Title,,,,,,0,,0,deny,manual,325.50,,TRUE,FALSE,,https://cdn.shopify.com/s/files/1/0912/9351/6071/files/20240522_i1716314943_2717_0_jpg.jpg?v=1759120616,1,,,,,,g,,,,,active
miu-tote-bag-38cm-beige-woven-fabric,,,,,,,,,,,,,,,,,,,,,,,,,https://cdn.shopify.com/s/files/1/0912/9351/6071/files/20240522_i1716314943_3955_3_jpg.jpg?v=1759120616,2,,,,,,,,,,,
miu-tote-bag-38cm-beige-woven-fabric,,,,,,,,,,,,,,,,,,,,,,,,,https://cdn.shopify.com/s/files/1/0912/9351/6071/files/20240522_i1716314943_403_5_jpg.jpg?v=1759120616,3,,,,,,,,,,,
miu-tote-bag-38cm-beige-woven-fabric,,,,,,,,,,,,,,,,,,,,,,,,,https://cdn.shopify.com/s/files/1/0912/9351/6071/files/20240522_i1716314943_3806_4_jpg.jpg?v=1759120616,4,,,,,,,,,,,
miu-tote-bag-38cm-beige-woven-fabric,,,,,,,,,,,,,,,,,,,,,,,,,https://cdn.shopify.com/s/files/1/0912/9351/6071/files/20240522_i1716314943_3936_7_jpg.jpg?v=1759120616,5,,,,,,,,,,,
miu-tote-bag-38cm-beige-woven-fabric,,,,,,,,,,,,,,,,,,,,,,,,,https://cdn.shopify.com/s/files/1/0912/9351/6071/files/20240522_i1716314943_4637_2_jpg.jpg?v=1759120616,6,,,,,,,,,,,
miu-tote-bag-38cm-beige-woven-fabric,,,,,,,,,,,,,,,,,,,,,,,,,https://cdn.shopify.com/s/files/1/0912/9351/6071/files/20240522_i1716314943_8327_1_jpg.jpg?v=1759120616,7,,,,,,,,,,,
miu-tote-bag-38cm-beige-woven-fabric,,,,,,,,,,,,,,,,,,,,,,,,,https://cdn.shopify.com/s/files/1/0912/9351/6071/files/20240522_i1716314943_9177_8_jpg.jpg?v=1759120616,8,,,,,,,,,,,
miu-tote-bag-38cm-beige-woven-fabric,,,,,,,,,,,,,,,,,,,,,,,,,https://cdn.shopify.com/s/files/1/0912/9351/6071/files/20240522_i1716314943_9557_6_jpg.jpg?v=1759120616,9,,,,,,,,,,,
miu-tote-bag-22cm-beige-woven-fabric,miu tote bag 22cm beige woven fabric,"<ul>
<li><span data-mce-fragment=""1"">Color: beige <br></span></li>
<li><span data-mce-fragment=""1""><span>Size: 22.5 x 22 x 7.5 cm</span></span></li>
<li>Raffia-effect braided handles<span data-mce-fragment=""1""><span></span></span>
</li>
<li>Steel hardware<br>
</li>
<li>Stylized logo on the front<br>
</li>
<li>Linen blend interior with zipper pocket</li>
<li>
<span data-mce-fragment=""1""><span>Material : woven fabric</span></span><span data-mce-fragment=""1""><span><br></span></span>
</li>
<li> The products are 1:1 copies of the original version and they are the same from every detail.<br>
</li>
<li>Support return and exchange in 1 month if the product is defective or the customer is not satisfied with the product.
<div class=""chat-box-input-container"" id=""chat-box-input-container-id"">
<div class=""chat-box-input--audit-2023 chat-box-input--to-focus win32"" id=""chatInput"">
<div class=""chat-input-container--audit-2023"" id=""chat-input-container-id"">
<div class=""chat-input-container--audit-2023__left-layout"">
<div class=""chat-input-scrollable"" id=""chat-input-scroller-id"">
<div class=""chat-input-wrapper"">
<div class=""chat-input-content"" id=""chat-input-content-id""></div>
</div>
</div>
</div>
</div>
</div>
</div>
</li>
</ul>
<p> </p>
<ul></ul>",miumiu bag,,bag,"shoulder bags, top handle, tote bag",TRUE,Title,Default Title,,,,,,0,,0,deny,manual,362.25,,TRUE,FALSE,,https://cdn.shopify.com/s/files/1/0912/9351/6071/files/20240525_i1716608944_286_0_jpg_8eea6ffd-1eb5-463d-8f9e-21a935505e54.jpg?v=1779530579,1,,,,,,g,,,,,active
miu-tote-bag-22cm-beige-woven-fabric,,,,,,,,,,,,,,,,,,,,,,,,,https://cdn.shopify.com/s/files/1/0912/9351/6071/files/20240525_i1716608944_1612_1_jpg_464c5729-aac9-4e0e-b45d-5ef1bc1fd6c2.jpg?v=1779530579,2,,,,,,,,,,,
miu-tote-bag-22cm-beige-woven-fabric,,,,,,,,,,,,,,,,,,,,,,,,,https://cdn.shopify.com/s/files/1/0912/9351/6071/files/20240525_i1716608944_1836_7_jpg_a30d7613-2138-4152-be76-1e1d929407bc.jpg?v=1779530579,3,,,,,,,,,,,
miu-tote-bag-22cm-beige-woven-fabric,,,,,,,,,,,,,,,,,,,,,,,,,https://cdn.shopify.com/s/files/1/0912/9351/6071/files/20240525_i1716608944_1880_2_jpg_a66cfd3d-0127-4b77-ba7a-b1ff0342accc.jpg?v=1779530579,4,,,,,,,,,,,
miu-tote-bag-22cm-beige-woven-fabric,,,,,,,,,,,,,,,,,,,,,,,,,https://cdn.shopify.com/s/files/1/0912/9351/6071/files/20240525_i1716608944_2492_8_jpg_255ee004-0cca-4232-ac22-ec5e6483567c.jpg?v=1779530579,5,,,,,,,,,,,
miu-tote-bag-22cm-beige-woven-fabric,,,,,,,,,,,,,,,,,,,,,,,,,https://cdn.shopify.com/s/files/1/0912/9351/6071/files/20240525_i1716608944_3636_3_jpg_2a6d14d7-375a-4c31-a74e-f9d186bd32e7.jpg?v=1779530579,6,,,,,,,,,,,
miu-tote-bag-22cm-beige-woven-fabric,,,,,,,,,,,,,,,,,,,,,,,,,https://cdn.shopify.com/s/files/1/0912/9351/6071/files/20240525_i1716608944_4950_4_jpg_adc52f16-c894-4dae-a44a-a7f7ed8dbab4.jpg?v=1779530579,7,,,,,,,,,,,
miu-tote-bag-22cm-beige-woven-fabric,,,,,,,,,,,,,,,,,,,,,,,,,https://cdn.shopify.com/s/files/1/0912/9351/6071/files/20240525_i1716608944_7180_6_jpg_763b3bc8-d0a4-41b2-8fcf-edeb394a6e8c.jpg?v=1779530579,8,,,,,,,,,,,
miu-tote-bag-22cm-beige-woven-fabric,,,,,,,,,,,,,,,,,,,,,,,,,https://cdn.shopify.com/s/files/1/0912/9351/6071/files/20240525_i1716608944_8806_5_jpg_97fe580e-db3a-4d51-a121-3b52fdd342ff.jpg?v=1779530579,9,,,,,,,,,,,
miu-tote-bag-22cm-white-woven-fabric,miu tote bag 22cm white woven fabric,"<ul>
<li><span data-mce-fragment=""1"">Color: white <br></span></li>
<li><span data-mce-fragment=""1""><span>Size: 22.5 x 22 x 7.5 cm</span></span></li>
<li>Raffia-effect braided handles<span data-mce-fragment=""1""><span></span></span>
</li>
<li>Steel hardware<br>
</li>
<li>Stylized logo on the front<br>
</li>
<li>Linen blend interior with zipper pocket</li>
<li>
<span data-mce-fragment=""1""><span>Material : woven fabric</span></span><span data-mce-fragment=""1""><span><br></span></span>
</li>
<li> The products are 1:1 copies of the original version and they are the same from every detail.<br>
</li>
<li>Support return and exchange in 1 month if the product is defective or the customer is not satisfied with the product.
<div id=""chat-box-input-container-id"" class=""chat-box-input-container"">
<div id=""chatInput"" class=""chat-box-input--audit-2023 chat-box-input--to-focus win32"">
<div id=""chat-input-container-id"" class=""chat-input-container--audit-2023"">
<div class=""chat-input-container--audit-2023__left-layout"">
<div id=""chat-input-scroller-id"" class=""chat-input-scrollable"">
<div class=""chat-input-wrapper"">
<div id=""chat-input-content-id"" class=""chat-input-content""></div>
</div>
</div>
</div>
</div>
</div>
</div>
</li>
</ul>
<p> </p>
<ul></ul>",miumiu bag,,bag,"shoulder bags, top handle, tote bag",TRUE,Title,Default Title,,,,,,0,,0,deny,manual,294.00,,TRUE,FALSE,,https://cdn.shopify.com/s/files/1/0912/9351/6071/files/20240525_i1716608262_8325_0_jpg.jpg?v=1759120636,1,,,,,,g,,,,,active
miu-tote-bag-22cm-white-woven-fabric,,,,,,,,,,,,,,,,,,,,,,,,,https://cdn.shopify.com/s/files/1/0912/9351/6071/files/20240525_i1716608262_1768_2_jpg.jpg?v=1759120636,2,,,,,,,,,,,
miu-tote-bag-22cm-white-woven-fabric,,,,,,,,,,,,,,,,,,,,,,,,,https://cdn.shopify.com/s/files/1/0912/9351/6071/files/20240525_i1716608262_2599_3_jpg.jpg?v=1759120636,3,,,,,,,,,,,
miu-tote-bag-22cm-white-woven-fabric,,,,,,,,,,,,,,,,,,,,,,,,,https://cdn.shopify.com/s/files/1/0912/9351/6071/files/20240525_i1716608262_2646_8_jpg.jpg?v=1759120636,4,,,,,,,,,,,
miu-tote-bag-22cm-white-woven-fabric,,,,,,,,,,,,,,,,,,,,,,,,,https://cdn.shopify.com/s/files/1/0912/9351/6071/files/20240525_i1716608262_3233_1_jpg.jpg?v=1759120636,5,,,,,,,,,,,
miu-tote-bag-22cm-white-woven-fabric,,,,,,,,,,,,,,,,,,,,,,,,,https://cdn.shopify.com/s/files/1/0912/9351/6071/files/20240525_i1716608262_6566_4_jpg.jpg?v=1759120637,6,,,,,,,,,,,
miu-tote-bag-22cm-white-woven-fabric,,,,,,,,,,,,,,,,,,,,,,,,,https://cdn.shopify.com/s/files/1/0912/9351/6071/files/20240525_i1716608262_8148_5_jpg.jpg?v=1759120637,7,,,,,,,,,,,
miu-tote-bag-22cm-white-woven-fabric,,,,,,,,,,,,,,,,,,,,,,,,,https://cdn.shopify.com/s/files/1/0912/9351/6071/files/20240525_i1716608262_9395_6_jpg.jpg?v=1759120637,8,,,,,,,,,,,
miu-tote-bag-22cm-white-woven-fabric,,,,,,,,,,,,,,,,,,,,,,,,,https://cdn.shopify.com/s/files/1/0912/9351/6071/files/20240525_i1716608262_4771_7_jpg.jpg?v=1759120637,9,,,,,,,,,,,
miu-wander-hobo-bag-20cm-white-woven-fabric,miu wander hobo bag 20cm white woven fabric,"<p style=""text-align: left;""><strong>DESCRIPTION</strong></p>
<p style=""text-align: left;""><span data-mce-fragment=""1"">• Color : white , Gold Hardware</span></p>
<p style=""text-align: left;""><span data-mce-fragment=""1"">• Material : woven fabric</span></p>
<p style=""text-align: left;""><bdo dir=""ltr""><bdo dir=""ltr"" data-mce-fragment=""1""><span data-mce-fragment=""1"">• </span>(Length x Height x Width) : <span>20 X 17 X 6cm</span></bdo></bdo></p>
<p>• The products are 1:1 copies of the original version and they are the same from every detail.</p>
<p>• Support return and exchange in 1 month if the product is defective or the customer is not satisfied with the product.</p>",miumiu bag,,bag,"hobo bag, top handle",TRUE,Title,Default Title,,,,,,0,,0,deny,manual,304.50,,FALSE,FALSE,,https://cdn.shopify.com/s/files/1/0912/9351/6071/files/20240525_i1716607983_2894_0_jpg.jpg?v=1759120716,1,,,,,,g,,,,,active
miu-wander-hobo-bag-20cm-white-woven-fabric,,,,,,,,,,,,,,,,,,,,,,,,,https://cdn.shopify.com/s/files/1/0912/9351/6071/files/20240525_i1716607983_1252_8_jpg.jpg?v=1759120716,2,,,,,,,,,,,
miu-wander-hobo-bag-20cm-white-woven-fabric,,,,,,,,,,,,,,,,,,,,,,,,,https://cdn.shopify.com/s/files/1/0912/9351/6071/files/20240525_i1716607983_3231_3_jpg.jpg?v=1759120716,3,,,,,,,,,,,
miu-wander-hobo-bag-20cm-white-woven-fabric,,,,,,,,,,,,,,,,,,,,,,,,,https://cdn.shopify.com/s/files/1/0912/9351/6071/files/20240525_i1716607983_6602_5_jpg.jpg?v=1759120717,4,,,,,,,,,,,
miu-wander-hobo-bag-20cm-white-woven-fabric,,,,,,,,,,,,,,,,,,,,,,,,,https://cdn.shopify.com/s/files/1/0912/9351/6071/files/20240525_i1716607983_6701_7_jpg.jpg?v=1759120717,5,,,,,,,,,,,
miu-wander-hobo-bag-20cm-white-woven-fabric,,,,,,,,,,,,,,,,,,,,,,,,,https://cdn.shopify.com/s/files/1/0912/9351/6071/files/20240525_i1716607983_7753_6_jpg.jpg?v=1759120717,6,,,,,,,,,,,
miu-wander-hobo-bag-20cm-white-woven-fabric,,,,,,,,,,,,,,,,,,,,,,,,,https://cdn.shopify.com/s/files/1/0912/9351/6071/files/20240525_i1716607983_8408_4_jpg.jpg?v=1759120717,7,,,,,,,,,,,
miu-wander-hobo-bag-20cm-white-woven-fabric,,,,,,,,,,,,,,,,,,,,,,,,,https://cdn.shopify.com/s/files/1/0912/9351/6071/files/20240525_i1716607983_8902_2_jpg.jpg?v=1759120717,8,,,,,,,,,,,
miu-wander-hobo-bag-20cm-white-woven-fabric,,,,,,,,,,,,,,,,,,,,,,,,,https://cdn.shopify.com/s/files/1/0912/9351/6071/files/20240525_i1716607983_8991_1_jpg.jpg?v=1759120717,9,,,,,,,,,,,
miu-pocket-21cm-shoulder-bag-white-calfskin,MIU POCKET 21CM SHOULDER BAG WHITE CALFSKIN,"<ul>
<li><span data-mce-fragment=""1"">Color: White<br></span></li>
<li><span data-mce-fragment=""1""><span>Size: 21 x 12 x 6 cm</span></span></li>
<li>Shoulder strap</li>
<li>Top zip fastening</li>
<li>Front zip pocket</li>
<li>Front logo embroidery</li>
<li>Side and rear patch pockets</li>
<li>One main compartment<span data-mce-fragment=""1""><span><br></span></span><span data-mce-fragment=""1""><span></span></span>
</li>
<li>Shoulder strap: 20cm / 7.8in<span data-mce-fragment=""1""><span></span></span>
</li>
<li> The products are 1:1 copies of the original version and they are the same from every detail.<br><br>
</li>
<li>Support return and exchange in 1 month if the product is defective or the customer is not satisfied with the product.
<div id=""chat-box-input-container-id"" class=""chat-box-input-container"">
<div id=""chatInput"" class=""chat-box-input--audit-2023 chat-box-input--to-focus win32"">
<div id=""chat-input-container-id"" class=""chat-input-container--audit-2023"">
<div class=""chat-input-container--audit-2023__left-layout"">
<div id=""chat-input-scroller-id"" class=""chat-input-scrollable"">
<div class=""chat-input-wrapper"">
<div id=""chat-input-content-id"" class=""chat-input-content""></div>
</div>
</div>
</div>
</div>
</div>
</div>
</li>
</ul>
<p> </p>
<ul></ul>",miumiu bag,,bag,shoulder bags,TRUE,Title,Default Title,,,,,,0,,0,deny,manual,336.00,,FALSE,FALSE,,https://cdn.shopify.com/s/files/1/0912/9351/6071/files/20230501_i1682931293_6892_0_jpg.jpg?v=1759120790,1,,,,,,g,,,,,active
miu-pocket-21cm-shoulder-bag-white-calfskin,,,,,,,,,,,,,,,,,,,,,,,,,https://cdn.shopify.com/s/files/1/0912/9351/6071/files/20230501_i1682931293_1483_2_jpg.jpg?v=1759120790,2,,,,,,,,,,,
miu-pocket-21cm-shoulder-bag-white-calfskin,,,,,,,,,,,,,,,,,,,,,,,,,https://cdn.shopify.com/s/files/1/0912/9351/6071/files/20230501_i1682931293_1801_5_jpg.jpg?v=1759120790,3,,,,,,,,,,,
miu-pocket-21cm-shoulder-bag-white-calfskin,,,,,,,,,,,,,,,,,,,,,,,,,https://cdn.shopify.com/s/files/1/0912/9351/6071/files/20230501_i1682931293_2281_3_jpg.jpg?v=1759120790,4,,,,,,,,,,,
miu-pocket-21cm-shoulder-bag-white-calfskin,,,,,,,,,,,,,,,,,,,,,,,,,https://cdn.shopify.com/s/files/1/0912/9351/6071/files/20230501_i1682931293_2689_7_jpg.jpg?v=1759120790,5,,,,,,,,,,,
miu-pocket-21cm-shoulder-bag-white-calfskin,,,,,,,,,,,,,,,,,,,,,,,,,https://cdn.shopify.com/s/files/1/0912/9351/6071/files/20230501_i1682931293_2791_1_jpg.jpg?v=1759120790,6,,,,,,,,,,,
miu-pocket-21cm-shoulder-bag-white-calfskin,,,,,,,,,,,,,,,,,,,,,,,,,https://cdn.shopify.com/s/files/1/0912/9351/6071/files/20230501_i1682931293_7937_4_jpg.jpg?v=1759120790,7,,,,,,,,,,,
miu-pocket-21cm-shoulder-bag-white-calfskin,,,,,,,,,,,,,,,,,,,,,,,,,https://cdn.shopify.com/s/files/1/0912/9351/6071/files/20230501_i1682931293_8237_6_jpg.jpg?v=1759120790,8,,,,,,,,,,,
miu-pocket-21cm-shoulder-bag-coffe-calfskin,MIU POCKET 21CM SHOULDER BAG COFFE CALFSKIN,"<ul>
<li><span data-mce-fragment=""1"">Color: Coffe<br></span></li>
<li><span data-mce-fragment=""1""><span>Size: 21 x 12 x 6 cm</span></span></li>
<li>Shoulder strap</li>
<li>Top zip fastening</li>
<li>Front zip pocket</li>
<li>Front logo embroidery</li>
<li>Side and rear patch pockets</li>
<li>One main compartment<span data-mce-fragment=""1""><span><br></span></span><span data-mce-fragment=""1""><span></span></span>
</li>
<li>Shoulder strap: 20cm / 7.8in<span data-mce-fragment=""1""><span></span></span>
</li>
<li> The products are 1:1 copies of the original version and they are the same from every detail.<br><br>
</li>
<li>Support return and exchange in 1 month if the product is defective or the customer is not satisfied with the product.
<div id=""chat-box-input-container-id"" class=""chat-box-input-container"">
<div id=""chatInput"" class=""chat-box-input--audit-2023 chat-box-input--to-focus win32"">
<div id=""chat-input-container-id"" class=""chat-input-container--audit-2023"">
<div class=""chat-input-container--audit-2023__left-layout"">
<div id=""chat-input-scroller-id"" class=""chat-input-scrollable"">
<div class=""chat-input-wrapper"">
<div id=""chat-input-content-id"" class=""chat-input-content""></div>
</div>
</div>
</div>
</div>
</div>
</div>
</li>
</ul>
<p> </p>
<ul></ul>",miumiu bag,,bag,shoulder bags,TRUE,Title,Default Title,,,,,,0,,0,deny,manual,336.00,,FALSE,FALSE,,https://cdn.shopify.com/s/files/1/0912/9351/6071/files/20231013_i1697134162_5054_0_jpg.jpg?v=1759120799,1,,,,,,g,,,,,active
miu-pocket-21cm-shoulder-bag-coffe-calfskin,,,,,,,,,,,,,,,,,,,,,,,,,https://cdn.shopify.com/s/files/1/0912/9351/6071/files/20231013_i1697134162_2900_6_jpg.jpg?v=1759120799,2,,,,,,,,,,,
miu-pocket-21cm-shoulder-bag-coffe-calfskin,,,,,,,,,,,,,,,,,,,,,,,,,https://cdn.shopify.com/s/files/1/0912/9351/6071/files/20231013_i1697134162_4261_2_jpg.jpg?v=1759120800,3,,,,,,,,,,,
miu-pocket-21cm-shoulder-bag-coffe-calfskin,,,,,,,,,,,,,,,,,,,,,,,,,https://cdn.shopify.com/s/files/1/0912/9351/6071/files/20231013_i1697134162_5253_1_jpg.jpg?v=1759120800,4,,,,,,,,,,,
miu-pocket-21cm-shoulder-bag-coffe-calfskin,,,,,,,,,,,,,,,,,,,,,,,,,https://cdn.shopify.com/s/files/1/0912/9351/6071/files/20231013_i1697134162_5457_5_jpg.jpg?v=1759120800,5,,,,,,,,,,,
miu-pocket-21cm-shoulder-bag-coffe-calfskin,,,,,,,,,,,,,,,,,,,,,,,,,https://cdn.shopify.com/s/files/1/0912/9351/6071/files/20231013_i1697134162_775_3_jpg.jpg?v=1759120800,6,,,,,,,,,,,
miu-pocket-21cm-shoulder-bag-coffe-calfskin,,,,,,,,,,,,,,,,,,,,,,,,,https://cdn.shopify.com/s/files/1/0912/9351/6071/files/20231013_i1697134162_976_4_jpg.jpg?v=1759120800,7,,,,,,,,,,,
miu-pocket-21cm-shoulder-bag-coffe-calfskin,,,,,,,,,,,,,,,,,,,,,,,,,https://cdn.shopify.com/s/files/1/0912/9351/6071/files/20231013_i1697134162_9892_7_jpg.jpg?v=1759120800,8,,,,,,,,,,,
micro-bag-11-in-santa-fe-brown-smooth-calfskin,MICRO BAG 11 IN SANTA FE BROWN SMOOTH CALFSKIN,"<p>• Color: Santa fe brown</p>
<p>• Material: Smooth Calfskin</p>
<p>• Size: 10.5 x 8.5 x 2 cm</p>
<p>• The products are 1:1 copies of the original version and they are the same from every detail.</p>
<p>• Support return and exchange in 1 month if the product is defective or the customer is not satisfied with the product.</p>",miumiu bag,,bag,clutches,TRUE,Title,Default Title,,,,,,0,,0,deny,manual,147.00,,TRUE,FALSE,,https://cdn.shopify.com/s/files/1/0912/9351/6071/files/img_c4e87dad_20240923_i1727074920_7827_8_jpg_beb1ee10-002f-4d0a-b1c5-7bb051a9c236.jpg?v=1759124150,1,,,,,,g,,,,,active
micro-bag-11-in-santa-fe-brown-smooth-calfskin,,,,,,,,,,,,,,,,,,,,,,,,,https://cdn.shopify.com/s/files/1/0912/9351/6071/files/img_c4e87dad_20240923_i1727074920_317_1_jpg_b138ccfc-61f2-4930-af0b-2d5581794fe3.jpg?v=1759124150,2,,,,,,,,,,,
micro-bag-11-in-santa-fe-brown-smooth-calfskin,,,,,,,,,,,,,,,,,,,,,,,,,https://cdn.shopify.com/s/files/1/0912/9351/6071/files/img_c4e87dad_20240923_i1727074920_1986_5_jpg_5715afe6-7caf-4ca2-8f60-018f468ed768.jpg?v=1759124150,3,,,,,,,,,,,
micro-bag-11-in-santa-fe-brown-smooth-calfskin,,,,,,,,,,,,,,,,,,,,,,,,,https://cdn.shopify.com/s/files/1/0912/9351/6071/files/img_c4e87dad_20240923_i1727074920_3518_3_jpg_fdc51a5c-399b-4fb9-ad9a-4df850e6c79b.jpg?v=1759124150,4,,,,,,,,,,,
micro-bag-11-in-santa-fe-brown-smooth-calfskin,,,,,,,,,,,,,,,,,,,,,,,,,https://cdn.shopify.com/s/files/1/0912/9351/6071/files/img_c4e87dad_20240923_i1727074920_3665_2_jpg_55d73a74-b2ad-4ae6-a4a0-600176b3fdc6.jpg?v=1759124150,5,,,,,,,,,,,
micro-bag-11-in-santa-fe-brown-smooth-calfskin,,,,,,,,,,,,,,,,,,,,,,,,,https://cdn.shopify.com/s/files/1/0912/9351/6071/files/img_c4e87dad_20240923_i1727074920_3755_6_jpg_ee0536b1-100b-46e5-8ac8-56e79db00aec.jpg?v=1759124150,6,,,,,,,,,,,
micro-bag-11-in-santa-fe-brown-smooth-calfskin,,,,,,,,,,,,,,,,,,,,,,,,,https://cdn.shopify.com/s/files/1/0912/9351/6071/files/img_c4e87dad_20240923_i1727074920_3835_7_jpg_604c692d-599b-4fdd-85eb-a824b676ff26.jpg?v=1759124150,7,,,,,,,,,,,
micro-bag-11-in-santa-fe-brown-smooth-calfskin,,,,,,,,,,,,,,,,,,,,,,,,,https://cdn.shopify.com/s/files/1/0912/9351/6071/files/img_c4e87dad_20240923_i1727074920_4589_0_jpg_83a1bd01-4fb1-4eb8-a778-3bdc4aaa641c.jpg?v=1759124150,8,,,,,,,,,,,
micro-bag-11-in-santa-fe-brown-smooth-calfskin,,,,,,,,,,,,,,,,,,,,,,,,,https://cdn.shopify.com/s/files/1/0912/9351/6071/files/img_c4e87dad_20240923_i1727074920_6891_4_jpg_b5891b20-e4ae-432b-9b9a-d41b83a9e380.jpg?v=1759124150,9,,,,,,,,,,,
aventure-bag-13-in-crater-brown-shiny-calfskin,AVENTURE BAG 13 IN CRATER BROWN SHINY CALFSKIN,"<p>• Color: Crater brown</p>
<p>• Material: Calfskin</p>
<p>• Size: 12.5 x 10 x 5 cm</p>
<p>• The products are 1:1 copies of the original version and they are the same from every detail.</p>
<p>• Support return and exchange in 1 month if the product is defective or the customer is not satisfied with the product.</p>",miumiu bag,,bag,cross body bags,TRUE,Title,Default Title,,,,,,0,,0,deny,manual,189.00,,TRUE,FALSE,,https://cdn.shopify.com/s/files/1/0912/9351/6071/files/img_c4e87dad_20250122_i1737533401108_3895_0_8_jpg_202bc6b4-d812-43a1-b736-0418f33e9355.jpg?v=1759124161,1,,,,,,g,,,,,active
aventure-bag-13-in-crater-brown-shiny-calfskin,,,,,,,,,,,,,,,,,,,,,,,,,https://cdn.shopify.com/s/files/1/0912/9351/6071/files/img_c4e87dad_20250122_i1737533400961_2416_0_2_jpg_f9637ea2-1b90-4041-9f4f-dd41002063a4.jpg?v=1759124161,2,,,,,,,,,,,
aventure-bag-13-in-crater-brown-shiny-calfskin,,,,,,,,,,,,,,,,,,,,,,,,,https://cdn.shopify.com/s/files/1/0912/9351/6071/files/img_c4e87dad_20250122_i1737533401072_1209_0_0_jpg_0ae5781d-634e-4608-9ab4-b336ad7ea901.jpg?v=1759124161,3,,,,,,,,,,,
aventure-bag-13-in-crater-brown-shiny-calfskin,,,,,,,,,,,,,,,,,,,,,,,,,https://cdn.shopify.com/s/files/1/0912/9351/6071/files/img_c4e87dad_20250122_i1737533401084_8916_0_3_jpg_f8fc1cb8-c078-4618-a271-5733cae7cdcf.jpg?v=1759124161,4,,,,,,,,,,,
aventure-bag-13-in-crater-brown-shiny-calfskin,,,,,,,,,,,,,,,,,,,,,,,,,https://cdn.shopify.com/s/files/1/0912/9351/6071/files/img_c4e87dad_20250122_i1737533401088_5323_0_4_jpg_7f2298a1-3dc9-4f8c-ac82-d9ec3c37ec65.jpg?v=1759124161,5,,,,,,,,,,,
aventure-bag-13-in-crater-brown-shiny-calfskin,,,,,,,,,,,,,,,,,,,,,,,,,https://cdn.shopify.com/s/files/1/0912/9351/6071/files/img_c4e87dad_20250122_i1737533402803_8945_0_6_jpg_3bb87afa-97ac-4ed7-a33f-4282ac5f0437.jpg?v=1759124161,6,,,,,,,,,,,
aventure-bag-13-in-crater-brown-shiny-calfskin,,,,,,,,,,,,,,,,,,,,,,,,,https://cdn.shopify.com/s/files/1/0912/9351/6071/files/img_c4e87dad_20250122_i1737533402870_1876_0_5_jpg_5e845091-a177-40cb-9eda-2debc0912760.jpg?v=1759124161,7,,,,,,,,,,,
aventure-bag-13-in-crater-brown-shiny-calfskin,,,,,,,,,,,,,,,,,,,,,,,,,https://cdn.shopify.com/s/files/1/0912/9351/6071/files/img_c4e87dad_20250122_i1737533402889_4841_0_7_jpg_f9054353-d435-4d6e-898f-1b324e9266ac.jpg?v=1759124161,8,,,,,,,,,,,
aventure-bag-13-in-crater-brown-shiny-calfskin,,,,,,,,,,,,,,,,,,,,,,,,,https://cdn.shopify.com/s/files/1/0912/9351/6071/files/img_c4e87dad_20250122_i1737533402913_8192_0_1_jpg_f9be2665-1ead-413b-a8e8-075855f7c249.jpg?v=1759124161,9,,,,,,,,,,,
aventure-bag-13-in-santa-fe-brown-shiny-calfskin,AVENTURE BAG 13 IN SANTA FE BROWN SHINY CALFSKIN,"<p>• Color: Santa fe brown</p>
<p>• Material: Calfskin</p>
<p>• Size: 12.5 x 10 x 5 cm</p>
<p>• The products are 1:1 copies of the original version and they are the same from every detail.</p>
<p>• Support return and exchange in 1 month if the product is defective or the customer is not satisfied with the product.</p>",miumiu bag,,bag,cross body bags,TRUE,Title,Default Title,,,,,,0,,0,deny,manual,189.00,,TRUE,FALSE,,https://cdn.shopify.com/s/files/1/0912/9351/6071/files/img_c4e87dad_20250122_i1737533271563_2515_0_0_jpg_b29f0917-490e-4892-8ba5-bfed67821142.jpg?v=1759124172,1,,,,,,g,,,,,active
aventure-bag-13-in-santa-fe-brown-shiny-calfskin,,,,,,,,,,,,,,,,,,,,,,,,,https://cdn.shopify.com/s/files/1/0912/9351/6071/files/img_c4e87dad_20250122_i1737533271521_3125_0_6_jpg_150f2cc2-b67e-4ce7-aa22-69c659643c96.jpg?v=1759124172,2,,,,,,,,,,,
aventure-bag-13-in-santa-fe-brown-shiny-calfskin,,,,,,,,,,,,,,,,,,,,,,,,,https://cdn.shopify.com/s/files/1/0912/9351/6071/files/img_c4e87dad_20250122_i1737533271530_4200_0_3_jpg_6f772645-e671-429f-959a-e54b5f645c84.jpg?v=1759124172,3,,,,,,,,,,,
aventure-bag-13-in-santa-fe-brown-shiny-calfskin,,,,,,,,,,,,,,,,,,,,,,,,,https://cdn.shopify.com/s/files/1/0912/9351/6071/files/img_c4e87dad_20250122_i1737533271558_6760_0_8_jpg_0dde8f04-948f-44f4-87e9-42790149c732.jpg?v=1759124172,4,,,,,,,,,,,
aventure-bag-13-in-santa-fe-brown-shiny-calfskin,,,,,,,,,,,,,,,,,,,,,,,,,https://cdn.shopify.com/s/files/1/0912/9351/6071/files/img_c4e87dad_20250122_i1737533271575_5542_0_7_jpg_3f1d7e35-0879-43f0-83a1-6247da7c0918.jpg?v=1759124172,5,,,,,,,,,,,
aventure-bag-13-in-santa-fe-brown-shiny-calfskin,,,,,,,,,,,,,,,,,,,,,,,,,https://cdn.shopify.com/s/files/1/0912/9351/6071/files/img_c4e87dad_20250122_i1737533273134_7156_0_5_jpg_88fb3c33-073f-4b9d-8193-5ddef020e9da.jpg?v=1759124172,6,,,,,,,,,,,
aventure-bag-13-in-santa-fe-brown-shiny-calfskin,,,,,,,,,,,,,,,,,,,,,,,,,https://cdn.shopify.com/s/files/1/0912/9351/6071/files/img_c4e87dad_20250122_i1737533273150_1114_0_2_jpg_0719e2fb-0ae5-40d2-b494-fe28568e29b8.jpg?v=1759124172,7,,,,,,,,,,,
aventure-bag-13-in-santa-fe-brown-shiny-calfskin,,,,,,,,,,,,,,,,,,,,,,,,,https://cdn.shopify.com/s/files/1/0912/9351/6071/files/img_c4e87dad_20250122_i1737533273249_775_0_4_jpg_6a0cefe4-9354-4225-b17d-1160aee59810.jpg?v=1759124172,8,,,,,,,,,,,
aventure-bag-13-in-santa-fe-brown-shiny-calfskin,,,,,,,,,,,,,,,,,,,,,,,,,https://cdn.shopify.com/s/files/1/0912/9351/6071/files/img_c4e87dad_20250122_i1737533273280_6818_0_1_jpg_3cd507ee-ae89-4000-a8cd-7eda8258bf4a.jpg?v=1759124172,9,,,,,,,,,,,
aventure-bag-13-in-black-shiny-calfskin,AVENTURE BAG 13 IN BLACK SHINY CALFSKIN,"<p>• Color: Black </p>
<p>• Material: Calfskin</p>
<p>• Size: 12.5 x 10 x 5 cm</p>
<p>• The products are 1:1 copies of the original version and they are the same from every detail.</p>
<p>• Support return and exchange in 1 month if the product is defective or the customer is not satisfied with the product.</p>",miumiu bag,,bag,cross body bags,TRUE,Title,Default Title,,,,,,0,,0,deny,manual,189.00,,TRUE,FALSE,,https://cdn.shopify.com/s/files/1/0912/9351/6071/files/img_c4e87dad_20250122_i1737533053590_5611_0_8_jpg_8f5f177c-9451-406c-b864-8032b7e511a5.jpg?v=1759124183,1,,,,,,g,,,,,active
aventure-bag-13-in-black-shiny-calfskin,,,,,,,,,,,,,,,,,,,,,,,,,https://cdn.shopify.com/s/files/1/0912/9351/6071/files/img_c4e87dad_20250122_i1737533051022_5407_0_1_jpg_e56af30b-b9b6-4274-9071-6aeb7beaaadb.jpg?v=1759124183,2,,,,,,,,,,,
aventure-bag-13-in-black-shiny-calfskin,,,,,,,,,,,,,,,,,,,,,,,,,https://cdn.shopify.com/s/files/1/0912/9351/6071/files/img_c4e87dad_20250122_i1737533051065_5847_0_4_jpg_d22213f6-efdf-4782-bf48-2f792eb150d5.jpg?v=1759124183,3,,,,,,,,,,,
aventure-bag-13-in-black-shiny-calfskin,,,,,,,,,,,,,,,,,,,,,,,,,https://cdn.shopify.com/s/files/1/0912/9351/6071/files/img_c4e87dad_20250122_i1737533051113_2844_0_3_jpg_2cf78106-0e2b-454f-9093-4d3d7078ec53.jpg?v=1759124183,4,,,,,,,,,,,
aventure-bag-13-in-black-shiny-calfskin,,,,,,,,,,,,,,,,,,,,,,,,,https://cdn.shopify.com/s/files/1/0912/9351/6071/files/img_c4e87dad_20250122_i1737533051134_1895_0_0_jpg_83cb5039-ff06-445d-8f8a-6bb871ddb03a.jpg?v=1759124183,5,,,,,,,,,,,
aventure-bag-13-in-black-shiny-calfskin,,,,,,,,,,,,,,,,,,,,,,,,,https://cdn.shopify.com/s/files/1/0912/9351/6071/files/img_c4e87dad_20250122_i1737533051136_5987_0_2_jpg_6641d15b-630b-4bfb-b750-7edf703f33ce.jpg?v=1759124183,6,,,,,,,,,,,
aventure-bag-13-in-black-shiny-calfskin,,,,,,,,,,,,,,,,,,,,,,,,,https://cdn.shopify.com/s/files/1/0912/9351/6071/files/img_c4e87dad_20250122_i1737533053528_4045_0_5_jpg_ee16cf39-e35a-440b-b0d2-10541954edae.jpg?v=1759124183,7,,,,,,,,,,,
aventure-bag-13-in-black-shiny-calfskin,,,,,,,,,,,,,,,,,,,,,,,,,https://cdn.shopify.com/s/files/1/0912/9351/6071/files/img_c4e87dad_20250122_i1737533053533_5758_0_6_jpg_4373de90-78fe-4ff8-bb7e-3eed5514a70a.jpg?v=1759124183,8,,,,,,,,,,,
aventure-bag-13-in-black-shiny-calfskin,,,,,,,,,,,,,,,,,,,,,,,,,https://cdn.shopify.com/s/files/1/0912/9351/6071/files/img_c4e87dad_20250122_i1737533053584_3063_0_7_jpg_c99ab8f8-e45e-4c1f-adbc-46609488db9e.jpg?v=1759124183,9,,,,,,,,,,,
wallet-12-in-santa-fe-brown-smooth-calfskin-gold-hardware,WALLET 12 IN SANTA FE BROWN SMOOTH CALFSKIN GOLD HARDWARE,"<p>• Color: Santa fe brown</p>
<p>• Material: Smooth Calfskin</p>
<p>• Size: 11.5 x 10.2 x 2 cm</p>
<p>• The products are 1:1 copies of the original version and they are the same from every detail.</p>
<p>• Support return and exchange in 1 month if the product is defective or the customer is not satisfied with the product.</p>",miumiu bag,,bag,cross body bags,TRUE,Title,Default Title,,,,,,0,,0,deny,manual,126.00,,TRUE,FALSE,,https://cdn.shopify.com/s/files/1/0912/9351/6071/files/img_c4e87dad_20250122_i1737532414988_2091_0_8_jpg_ed290a68-212a-44a7-866f-c5379c57cd72.jpg?v=1759124214,1,,,,,,g,,,,,active
wallet-12-in-santa-fe-brown-smooth-calfskin-gold-hardware,,,,,,,,,,,,,,,,,,,,,,,,,https://cdn.shopify.com/s/files/1/0912/9351/6071/files/img_c4e87dad_20250122_i1737532413394_3375_0_4_jpg_175522f3-44b8-4e08-a596-ebcf730250a4.jpg?v=1759124214,2,,,,,,,,,,,
wallet-12-in-santa-fe-brown-smooth-calfskin-gold-hardware,,,,,,,,,,,,,,,,,,,,,,,,,https://cdn.shopify.com/s/files/1/0912/9351/6071/files/img_c4e87dad_20250122_i1737532413406_9880_0_7_jpg_9da0391f-d063-4087-8dc3-816c933ea0d8.jpg?v=1759124214,3,,,,,,,,,,,
wallet-12-in-santa-fe-brown-smooth-calfskin-gold-hardware,,,,,,,,,,,,,,,,,,,,,,,,,https://cdn.shopify.com/s/files/1/0912/9351/6071/files/img_c4e87dad_20250122_i1737532413423_7545_0_3_jpg_9da8a034-8e07-457a-9359-f83445e5f436.jpg?v=1759124214,4,,,,,,,,,,,
wallet-12-in-santa-fe-brown-smooth-calfskin-gold-hardware,,,,,,,,,,,,,,,,,,,,,,,,,https://cdn.shopify.com/s/files/1/0912/9351/6071/files/img_c4e87dad_20250122_i1737532413430_589_0_6_jpg_0da182aa-413a-4689-b8af-a5efddbbcb4d.jpg?v=1759124214,5,,,,,,,,,,,
wallet-12-in-santa-fe-brown-smooth-calfskin-gold-hardware,,,,,,,,,,,,,,,,,,,,,,,,,https://cdn.shopify.com/s/files/1/0912/9351/6071/files/img_c4e87dad_20250122_i1737532414973_8308_0_1_jpg_b2eacb08-42f7-4f82-8c93-ffacc7c57058.jpg?v=1759124214,6,,,,,,,,,,,
wallet-12-in-santa-fe-brown-smooth-calfskin-gold-hardware,,,,,,,,,,,,,,,,,,,,,,,,,https://cdn.shopify.com/s/files/1/0912/9351/6071/files/img_c4e87dad_20250122_i1737532414983_7712_0_5_jpg_8a925431-baa2-4e8a-9a9b-f60af8a1cc1a.jpg?v=1759124214,7,,,,,,,,,,,
wallet-12-in-santa-fe-brown-smooth-calfskin-gold-hardware,,,,,,,,,,,,,,,,,,,,,,,,,https://cdn.shopify.com/s/files/1/0912/9351/6071/files/img_c4e87dad_20250122_i1737532415027_120_0_2_jpg_1940f0f6-6ef6-447c-903f-9d9219c4bdd8.jpg?v=1759124214,8,,,,,,,,,,,
wallet-12-in-santa-fe-brown-smooth-calfskin-gold-hardware,,,,,,,,,,,,,,,,,,,,,,,,,https://cdn.shopify.com/s/files/1/0912/9351/6071/files/img_c4e87dad_20250122_i1737532413269_2681_0_0_jpg_146d683e-f398-4934-97a4-0388c0316122.jpg?v=1759124214,9,,,,,,,,,,,
micro-bag-keychain-11-in-tall-poppy-red-calfskin-embossed-logo,MICRO BAG KEYCHAIN 11 IN TALL POPPY RED CALFSKIN EMBOSSED LOGO,"<p>• Color: Tall Poppy Red</p>
<p>• Material: Calfskin</p>
<p>• Size: 11 x 7 x 4 cm</p>
<p>• The products are 1:1 copies of the original version and they are the same from every detail.</p>
<p>• Support return and exchange in 1 month if the product is defective or the customer is not satisfied with the product.</p>",miumiu bag,,bag,wallet,TRUE,Title,Default Title,,,,,,0,,0,deny,manual,147.00,,TRUE,FALSE,,https://cdn.shopify.com/s/files/1/0912/9351/6071/files/img_c4e87dad_20240922_i1726976077_4280_1_jpg_87bb8320-2bf1-4633-9546-1f730e1da930.jpg?v=1759124246,1,,,,,,g,,,,,active
micro-bag-keychain-11-in-tall-poppy-red-calfskin-embossed-logo,,,,,,,,,,,,,,,,,,,,,,,,,https://cdn.shopify.com/s/files/1/0912/9351/6071/files/img_c4e87dad_20240922_i1726976077_354_2_jpg_606f378c-9747-4918-b0d1-910a58b109ae.jpg?v=1759124246,2,,,,,,,,,,,
micro-bag-keychain-11-in-tall-poppy-red-calfskin-embossed-logo,,,,,,,,,,,,,,,,,,,,,,,,,https://cdn.shopify.com/s/files/1/0912/9351/6071/files/img_c4e87dad_20240922_i1726976077_499_8_jpg_278c778e-fc54-41d1-92cc-efc3757dddc1.jpg?v=1759124246,3,,,,,,,,,,,
micro-bag-keychain-11-in-tall-poppy-red-calfskin-embossed-logo,,,,,,,,,,,,,,,,,,,,,,,,,https://cdn.shopify.com/s/files/1/0912/9351/6071/files/img_c4e87dad_20240922_i1726976077_1975_0_jpg_3d77112b-e325-422d-9118-57248a57e5fd.jpg?v=1759124246,4,,,,,,,,,,,
micro-bag-keychain-11-in-tall-poppy-red-calfskin-embossed-logo,,,,,,,,,,,,,,,,,,,,,,,,,https://cdn.shopify.com/s/files/1/0912/9351/6071/files/img_c4e87dad_20240922_i1726976077_3678_7_jpg_7e88da4f-6b1c-45b3-ace1-8fc7f63fc69d.jpg?v=1759124246,5,,,,,,,,,,,
micro-bag-keychain-11-in-tall-poppy-red-calfskin-embossed-logo,,,,,,,,,,,,,,,,,,,,,,,,,https://cdn.shopify.com/s/files/1/0912/9351/6071/files/img_c4e87dad_20240922_i1726976077_8140_4_jpg_9cf35198-17a2-47a5-9594-0e9dc14be6f0.jpg?v=1759124246,6,,,,,,,,,,,
micro-bag-keychain-11-in-tall-poppy-red-calfskin-embossed-logo,,,,,,,,,,,,,,,,,,,,,,,,,https://cdn.shopify.com/s/files/1/0912/9351/6071/files/img_c4e87dad_20240922_i1726976077_9368_6_jpg_b078d501-77ce-4aa7-8dff-9a172f754969.jpg?v=1759124246,7,,,,,,,,,,,
micro-bag-keychain-11-in-tall-poppy-red-calfskin-embossed-logo,,,,,,,,,,,,,,,,,,,,,,,,,https://cdn.shopify.com/s/files/1/0912/9351/6071/files/img_c4e87dad_20240922_i1726976077_9548_3_jpg_17f6c8ef-79c6-40c9-8bb1-1e44bf76097e.jpg?v=1759124246,8,,,,,,,,,,,
micro-bag-keychain-11-in-tall-poppy-red-calfskin-embossed-logo,,,,,,,,,,,,,,,,,,,,,,,,,https://cdn.shopify.com/s/files/1/0912/9351/6071/files/img_c4e87dad_20240922_i1726976077_9654_5_jpg_34ae001e-5849-4ce1-9246-7a37bae60822.jpg?v=1759124246,9,,,,,,,,,,,
micro-bag-keychain-11-in-rock-brown-calfskin-embossed-logo,MICRO BAG KEYCHAIN 11 IN ROCK BROWN CALFSKIN EMBOSSED LOGO,"<p>• Color: Rock brown</p>
<p>• Material: Calfskin</p>
<p>• Size: 11 x 7 x 4 cm</p>
<p>• The products are 1:1 copies of the original version and they are the same from every detail.</p>
<p>• Support return and exchange in 1 month if the product is defective or the customer is not satisfied with the product.</p>",miumiu bag,,bag,wallet,TRUE,Title,Default Title,,,,,,0,,0,deny,manual,147.00,,TRUE,FALSE,,https://cdn.shopify.com/s/files/1/0912/9351/6071/files/img_c4e87dad_20240922_i1726975893_5258_4_jpg_ac71c246-a08b-41b2-b4cf-3691232465e6.jpg?v=1759124257,1,,,,,,g,,,,,active
micro-bag-keychain-11-in-rock-brown-calfskin-embossed-logo,,,,,,,,,,,,,,,,,,,,,,,,,https://cdn.shopify.com/s/files/1/0912/9351/6071/files/img_c4e87dad_20240922_i1726975893_1672_1_jpg_866251ac-0f0a-4843-af64-a266d20ad914.jpg?v=1759124257,2,,,,,,,,,,,
micro-bag-keychain-11-in-rock-brown-calfskin-embossed-logo,,,,,,,,,,,,,,,,,,,,,,,,,https://cdn.shopify.com/s/files/1/0912/9351/6071/files/img_c4e87dad_20240922_i1726975893_2438_6_jpg_c531a3da-7d10-470a-aa9b-26b5ea36e8e2.jpg?v=1759124257,3,,,,,,,,,,,
micro-bag-keychain-11-in-rock-brown-calfskin-embossed-logo,,,,,,,,,,,,,,,,,,,,,,,,,https://cdn.shopify.com/s/files/1/0912/9351/6071/files/img_c4e87dad_20240922_i1726975893_3777_0_jpg_329924c8-ef12-4aa0-8424-ffb8f281b72b.jpg?v=1759124257,4,,,,,,,,,,,
micro-bag-keychain-11-in-rock-brown-calfskin-embossed-logo,,,,,,,,,,,,,,,,,,,,,,,,,https://cdn.shopify.com/s/files/1/0912/9351/6071/files/img_c4e87dad_20240922_i1726975893_4307_8_jpg_a214fe20-9449-45a5-b800-21df5f256585.jpg?v=1759124257,5,,,,,,,,,,,
micro-bag-keychain-11-in-rock-brown-calfskin-embossed-logo,,,,,,,,,,,,,,,,,,,,,,,,,https://cdn.shopify.com/s/files/1/0912/9351/6071/files/img_c4e87dad_20240922_i1726975893_5469_3_jpg_701de5a8-e321-47d1-aad7-eefe96d03b20.jpg?v=1759124257,6,,,,,,,,,,,
micro-bag-keychain-11-in-rock-brown-calfskin-embossed-logo,,,,,,,,,,,,,,,,,,,,,,,,,https://cdn.shopify.com/s/files/1/0912/9351/6071/files/img_c4e87dad_20240922_i1726975893_7723_7_jpg_89a95f67-440c-4daf-af2c-0386d1a4a32a.jpg?v=1759124257,7,,,,,,,,,,,
micro-bag-keychain-11-in-rock-brown-calfskin-embossed-logo,,,,,,,,,,,,,,,,,,,,,,,,,https://cdn.shopify.com/s/files/1/0912/9351/6071/files/img_c4e87dad_20240922_i1726975893_8017_2_jpg_dfe0c2ff-0ca6-4b8f-9dfd-3b47fcee1e0f.jpg?v=1759124257,8,,,,,,,,,,,
micro-bag-keychain-11-in-rock-brown-calfskin-embossed-logo,,,,,,,,,,,,,,,,,,,,,,,,,https://cdn.shopify.com/s/files/1/0912/9351/6071/files/img_c4e87dad_20240922_i1726975893_8343_5_jpg_9068f382-4a64-4c0d-956c-f32926492538.jpg?v=1759124257,9,,,,,,,,,,,
micro-bag-keychain-11-in-cape-palliser-brown-calfskin-embossed-logo,MICRO BAG KEYCHAIN 11 IN CAPE PALLISER BROWN CALFSKIN EMBOSSED LOGO,"<p>• Color: Cape Palliser Brown</p>
<p>• Material: Calfskin</p>
<p>• Size: 11 x 7 x 4 cm</p>
<p>• The products are 1:1 copies of the original version and they are the same from every detail.</p>
<p>• Support return and exchange in 1 month if the product is defective or the customer is not satisfied with the product.</p>",miumiu bag,,bag,wallet,TRUE,Title,Default Title,,,,,,0,,0,deny,manual,147.00,,TRUE,FALSE,,https://cdn.shopify.com/s/files/1/0912/9351/6071/files/img_c4e87dad_20240922_i1726975733_1745_7_jpg_aa614e27-e445-485d-9975-d783ec80d9bb.jpg?v=1759124267,1,,,,,,g,,,,,active
micro-bag-keychain-11-in-cape-palliser-brown-calfskin-embossed-logo,,,,,,,,,,,,,,,,,,,,,,,,,https://cdn.shopify.com/s/files/1/0912/9351/6071/files/img_c4e87dad_20240922_i1726975733_1813_6_jpg_90f295ba-163e-4707-83ed-36e87793701f.jpg?v=1759124267,2,,,,,,,,,,,
micro-bag-keychain-11-in-cape-palliser-brown-calfskin-embossed-logo,,,,,,,,,,,,,,,,,,,,,,,,,https://cdn.shopify.com/s/files/1/0912/9351/6071/files/img_c4e87dad_20240922_i1726975733_3392_8_jpg_be671672-236c-45ba-a4cd-5aa36e0bb7a8.jpg?v=1759124267,3,,,,,,,,,,,
micro-bag-keychain-11-in-cape-palliser-brown-calfskin-embossed-logo,,,,,,,,,,,,,,,,,,,,,,,,,https://cdn.shopify.com/s/files/1/0912/9351/6071/files/img_c4e87dad_20240922_i1726975733_3732_3_jpg_aa6aeef4-2f02-4089-9139-243a4eb6d208.jpg?v=1759124267,4,,,,,,,,,,,
micro-bag-keychain-11-in-cape-palliser-brown-calfskin-embossed-logo,,,,,,,,,,,,,,,,,,,,,,,,,https://cdn.shopify.com/s/files/1/0912/9351/6071/files/img_c4e87dad_20240922_i1726975733_5825_1_jpg_b4eefd5c-cc54-45cb-b55c-27ae4dc3fdc8.jpg?v=1759124267,5,,,,,,,,,,,
micro-bag-keychain-11-in-cape-palliser-brown-calfskin-embossed-logo,,,,,,,,,,,,,,,,,,,,,,,,,https://cdn.shopify.com/s/files/1/0912/9351/6071/files/img_c4e87dad_20240922_i1726975733_6254_0_jpg_5c4bfccb-5eef-4187-bda0-745132bb3dd4.jpg?v=1759124267,6,,,,,,,,,,,
micro-bag-keychain-11-in-cape-palliser-brown-calfskin-embossed-logo,,,,,,,,,,,,,,,,,,,,,,,,,https://cdn.shopify.com/s/files/1/0912/9351/6071/files/img_c4e87dad_20240922_i1726975733_6920_5_jpg_9bfeb817-d516-4815-a7a8-7587e85d4798.jpg?v=1759124267,7,,,,,,,,,,,
micro-bag-keychain-11-in-cape-palliser-brown-calfskin-embossed-logo,,,,,,,,,,,,,,,,,,,,,,,,,https://cdn.shopify.com/s/files/1/0912/9351/6071/files/img_c4e87dad_20240922_i1726975733_7466_4_jpg_88ebb4dc-0a99-4053-90c8-2a87a1a256e4.jpg?v=1759124267,8,,,,,,,,,,,
micro-bag-keychain-11-in-cape-palliser-brown-calfskin-embossed-logo,,,,,,,,,,,,,,,,,,,,,,,,,https://cdn.shopify.com/s/files/1/0912/9351/6071/files/img_c4e87dad_20240922_i1726975733_8198_2_jpg_c4407722-48bf-458d-b68d-862eafd99ad8.jpg?v=1759124267,9,,,,,,,,,,,
micro-bag-keychain-11-in-hot-cinnamon-orange-calfskin-embossed-logo,MICRO BAG KEYCHAIN 11 IN HOT CINNAMON ORANGE CALFSKIN EMBOSSED LOGO,"<p>• Color: Hot cinnamon orange</p>
<p>• Material: Calfskin</p>
<p>• Size: 11 x 7 x 4 cm</p>
<p>• The products are 1:1 copies of the original version and they are the same from every detail.</p>
<p>• Support return and exchange in 1 month if the product is defective or the customer is not satisfied with the product.</p>",miumiu bag,,bag,wallet,TRUE,Title,Default Title,,,,,,0,,0,deny,manual,147.00,,TRUE,FALSE,,https://cdn.shopify.com/s/files/1/0912/9351/6071/files/img_c4e87dad_20240922_i1726975615_142_3_jpg_e82e7eb6-315b-4538-aa87-68aef4ea8f7e.jpg?v=1759124278,1,,,,,,g,,,,,active
micro-bag-keychain-11-in-hot-cinnamon-orange-calfskin-embossed-logo,,,,,,,,,,,,,,,,,,,,,,,,,https://cdn.shopify.com/s/files/1/0912/9351/6071/files/img_c4e87dad_20240922_i1726975615_1458_7_jpg_31a6abb8-a0f3-4ba1-9e23-e56c6b3cf8ff.jpg?v=1759124278,2,,,,,,,,,,,
micro-bag-keychain-11-in-hot-cinnamon-orange-calfskin-embossed-logo,,,,,,,,,,,,,,,,,,,,,,,,,https://cdn.shopify.com/s/files/1/0912/9351/6071/files/img_c4e87dad_20240922_i1726975615_2576_8_jpg_5cd1edf6-3b36-4194-a885-2b2af2fbc441.jpg?v=1759124278,3,,,,,,,,,,,
micro-bag-keychain-11-in-hot-cinnamon-orange-calfskin-embossed-logo,,,,,,,,,,,,,,,,,,,,,,,,,https://cdn.shopify.com/s/files/1/0912/9351/6071/files/img_c4e87dad_20240922_i1726975615_6552_5_jpg_dd952a0b-749e-4807-bd65-62fc550b12d8.jpg?v=1759124278,4,,,,,,,,,,,
micro-bag-keychain-11-in-hot-cinnamon-orange-calfskin-embossed-logo,,,,,,,,,,,,,,,,,,,,,,,,,https://cdn.shopify.com/s/files/1/0912/9351/6071/files/img_c4e87dad_20240922_i1726975615_6772_6_jpg_aa90c199-ba7b-4c83-909e-dadce057e0e0.jpg?v=1759124278,5,,,,,,,,,,,
micro-bag-keychain-11-in-hot-cinnamon-orange-calfskin-embossed-logo,,,,,,,,,,,,,,,,,,,,,,,,,https://cdn.shopify.com/s/files/1/0912/9351/6071/files/img_c4e87dad_20240922_i1726975615_7130_1_jpg_389cd939-d196-450b-9865-8d44da2bb63a.jpg?v=1759124278,6,,,,,,,,,,,
micro-bag-keychain-11-in-hot-cinnamon-orange-calfskin-embossed-logo,,,,,,,,,,,,,,,,,,,,,,,,,https://cdn.shopify.com/s/files/1/0912/9351/6071/files/img_c4e87dad_20240922_i1726975615_7310_4_jpg_b4c3ea5c-a953-4e05-a62f-0950eb691db4.jpg?v=1759124278,7,,,,,,,,,,,
micro-bag-keychain-11-in-hot-cinnamon-orange-calfskin-embossed-logo,,,,,,,,,,,,,,,,,,,,,,,,,https://cdn.shopify.com/s/files/1/0912/9351/6071/files/img_c4e87dad_20240922_i1726975615_8832_2_jpg_df7d2be1-ed3a-4d02-94dd-ba41eb55f64d.jpg?v=1759124278,8,,,,,,,,,,,
micro-bag-keychain-11-in-hot-cinnamon-orange-calfskin-embossed-logo,,,,,,,,,,,,,,,,,,,,,,,,,https://cdn.shopify.com/s/files/1/0912/9351/6071/files/img_c4e87dad_20240922_i1726975615_9560_0_jpg_a2e436b5-099a-4ef2-8d2b-39857324ea63.jpg?v=1759124278,9,,,,,,,,,,,
micro-bag-7-in-tawny-brown-smooth-lambskin-green-strap,MICRO BAG 7 IN TAWNY BROWN SMOOTH LAMBSKIN GREEN STRAP,"<p>• Color: Tawny brown</p>
<p>• Material: Smooth lambskin</p>
<p>• Size: 7 x 5.5 cm</p>
<p>• The products are 1:1 copies of the original version and they are the same from every detail.</p>
<p>• Support return and exchange in 1 month if the product is defective or the customer is not satisfied with the product.</p>",miumiu bag,,bag,wallet,TRUE,Title,Default Title,,,,,,0,,0,deny,manual,126.00,,TRUE,FALSE,,https://cdn.shopify.com/s/files/1/0912/9351/6071/files/img_c4e87dad_20241022_i1729581041_8043_4_jpg_0d70c441-63da-445d-87f8-43ac2d93fd64.jpg?v=1759124290,1,,,,,,g,,,,,active
micro-bag-7-in-tawny-brown-smooth-lambskin-green-strap,,,,,,,,,,,,,,,,,,,,,,,,,https://cdn.shopify.com/s/files/1/0912/9351/6071/files/img_c4e87dad_20241022_i1729581041_769_6_jpg_8e3ef74c-fc21-402f-ba62-cd35efb71756.jpg?v=1759124290,2,,,,,,,,,,,
micro-bag-7-in-tawny-brown-smooth-lambskin-green-strap,,,,,,,,,,,,,,,,,,,,,,,,,https://cdn.shopify.com/s/files/1/0912/9351/6071/files/img_c4e87dad_20241022_i1729581041_1991_5_jpg_c45d22d6-001f-46a1-a652-323ac3c9908d.jpg?v=1759124290,3,,,,,,,,,,,
micro-bag-7-in-tawny-brown-smooth-lambskin-green-strap,,,,,,,,,,,,,,,,,,,,,,,,,https://cdn.shopify.com/s/files/1/0912/9351/6071/files/img_c4e87dad_20241022_i1729581041_2347_7_jpg_9f14b7f1-b878-4aa2-911e-8df137f87831.jpg?v=1759124290,4,,,,,,,,,,,
micro-bag-7-in-tawny-brown-smooth-lambskin-green-strap,,,,,,,,,,,,,,,,,,,,,,,,,https://cdn.shopify.com/s/files/1/0912/9351/6071/files/img_c4e87dad_20241022_i1729581041_4244_1_jpg_d7d72b86-fe77-4031-8952-f1d2695317e0.jpg?v=1759124290,5,,,,,,,,,,,
micro-bag-7-in-tawny-brown-smooth-lambskin-green-strap,,,,,,,,,,,,,,,,,,,,,,,,,https://cdn.shopify.com/s/files/1/0912/9351/6071/files/img_c4e87dad_20241022_i1729581041_4863_2_jpg_12b2b82c-0f2d-4417-91eb-7c2afca31324.jpg?v=1759124290,6,,,,,,,,,,,
micro-bag-7-in-tawny-brown-smooth-lambskin-green-strap,,,,,,,,,,,,,,,,,,,,,,,,,https://cdn.shopify.com/s/files/1/0912/9351/6071/files/img_c4e87dad_20241022_i1729581041_5589_3_jpg_374cdd87-b9e2-491d-ac9d-3c9679b20bd9.jpg?v=1759124290,7,,,,,,,,,,,
micro-bag-7-in-tawny-brown-smooth-lambskin-green-strap,,,,,,,,,,,,,,,,,,,,,,,,,https://cdn.shopify.com/s/files/1/0912/9351/6071/files/img_c4e87dad_20241022_i1729581041_7276_8_jpg_5b895cc3-8337-40de-8bdb-c7d60157f5ec.jpg?v=1759124290,8,,,,,,,,,,,
micro-bag-7-in-tawny-brown-smooth-lambskin-green-strap,,,,,,,,,,,,,,,,,,,,,,,,,https://cdn.shopify.com/s/files/1/0912/9351/6071/files/img_c4e87dad_20241022_i1729581041_9512_0_jpg_fd096a2a-ceeb-45e9-b12c-3e283e82b01c.jpg?v=1759124290,9,,,,,,,,,,,
micro-bag-7-in-towny-brown-smooth-lambskin-orange-strap,MICRO BAG 7 IN TAWNY BROWN SMOOTH LAMBSKIN ORANGE STRAP,"<p>• Color: Tawny brown</p>
<p>• Material: Smooth lambskin</p>
<p>• Size: 7 x 5.5 cm</p>
<p>• The products are 1:1 copies of the original version and they are the same from every detail.</p>
<p>• Support return and exchange in 1 month if the product is defective or the customer is not satisfied with the product.</p>",miumiu bag,,bag,wallet,TRUE,Title,Default Title,,,,,,0,,0,deny,manual,126.00,,TRUE,FALSE,,https://cdn.shopify.com/s/files/1/0912/9351/6071/files/img_c4e87dad_20241022_i1729580885_8060_2_jpg_6675cb1d-f326-42b9-a879-835dfc99c031.jpg?v=1759124301,1,,,,,,g,,,,,active
micro-bag-7-in-towny-brown-smooth-lambskin-orange-strap,,,,,,,,,,,,,,,,,,,,,,,,,https://cdn.shopify.com/s/files/1/0912/9351/6071/files/img_c4e87dad_20241022_i1729580885_1120_6_jpg_3c56a800-59e2-483b-afb2-4cb33647448e.jpg?v=1759124301,2,,,,,,,,,,,
micro-bag-7-in-towny-brown-smooth-lambskin-orange-strap,,,,,,,,,,,,,,,,,,,,,,,,,https://cdn.shopify.com/s/files/1/0912/9351/6071/files/img_c4e87dad_20241022_i1729580885_2732_4_jpg_a6385f14-81f3-48d7-89f5-1e78d4fd2535.jpg?v=1759124301,3,,,,,,,,,,,
micro-bag-7-in-towny-brown-smooth-lambskin-orange-strap,,,,,,,,,,,,,,,,,,,,,,,,,https://cdn.shopify.com/s/files/1/0912/9351/6071/files/img_c4e87dad_20241022_i1729580885_3518_0_jpg_0aabf8eb-2668-48f1-94d2-742da636970f.jpg?v=1759124301,4,,,,,,,,,,,
micro-bag-7-in-towny-brown-smooth-lambskin-orange-strap,,,,,,,,,,,,,,,,,,,,,,,,,https://cdn.shopify.com/s/files/1/0912/9351/6071/files/img_c4e87dad_20241022_i1729580885_6197_7_jpg_ce5bae12-42e6-4af4-a391-a1b0dee7333c.jpg?v=1759124301,5,,,,,,,,,,,
micro-bag-7-in-towny-brown-smooth-lambskin-orange-strap,,,,,,,,,,,,,,,,,,,,,,,,,https://cdn.shopify.com/s/files/1/0912/9351/6071/files/img_c4e87dad_20241022_i1729580885_7068_1_jpg_a4d34be7-598a-4a5e-86eb-5f2a513660ed.jpg?v=1759124301,6,,,,,,,,,,,
micro-bag-7-in-towny-brown-smooth-lambskin-orange-strap,,,,,,,,,,,,,,,,,,,,,,,,,https://cdn.shopify.com/s/files/1/0912/9351/6071/files/img_c4e87dad_20241022_i1729580885_7150_5_jpg_c7662d67-f641-4847-addb-252bede3c7f9.jpg?v=1759124301,7,,,,,,,,,,,
micro-bag-7-in-towny-brown-smooth-lambskin-orange-strap,,,,,,,,,,,,,,,,,,,,,,,,,https://cdn.shopify.com/s/files/1/0912/9351/6071/files/img_c4e87dad_20241022_i1729580885_8817_3_jpg_6dc1dbe3-c846-435a-bf62-1357a4e0acb8.jpg?v=1759124301,8,,,,,,,,,,,
micro-bag-7-in-towny-brown-smooth-lambskin-orange-strap,,,,,,,,,,,,,,,,,,,,,,,,,https://cdn.shopify.com/s/files/1/0912/9351/6071/files/img_c4e87dad_20241022_i1729580885_9716_8_jpg_8348e2f0-809b-41c1-ba05-7d33b2209cb1.jpg?v=1759124301,9,,,,,,,,,,,
micro-bag-7-in-tawny-brown-smooth-lambskin-yellow-strap,MICRO BAG 7 IN TAWNY BROWN SMOOTH LAMBSKIN YELLOW STRAP,"<p>• Color: Tawny brown</p>
<p>• Material: Smooth lambskin</p>
<p>• Size: 7 x 5.5 cm</p>
<p>• The products are 1:1 copies of the original version and they are the same from every detail.</p>
<p>• Support return and exchange in 1 month if the product is defective or the customer is not satisfied with the product.</p>",miumiu bag,,bag,wallet,TRUE,Title,Default Title,,,,,,0,,0,deny,manual,126.00,,TRUE,FALSE,,https://cdn.shopify.com/s/files/1/0912/9351/6071/files/img_c4e87dad_20241022_i1729580509_3622_7_jpg_cf2020b8-eca4-4ec9-8775-1452fe8eddf8.jpg?v=1759124311,1,,,,,,g,,,,,active
micro-bag-7-in-tawny-brown-smooth-lambskin-yellow-strap,,,,,,,,,,,,,,,,,,,,,,,,,https://cdn.shopify.com/s/files/1/0912/9351/6071/files/img_c4e87dad_20241022_i1729580509_27_0_jpg_c6429bca-d354-4eeb-9370-5c3bfea1b7d5.jpg?v=1759124311,2,,,,,,,,,,,
micro-bag-7-in-tawny-brown-smooth-lambskin-yellow-strap,,,,,,,,,,,,,,,,,,,,,,,,,https://cdn.shopify.com/s/files/1/0912/9351/6071/files/img_c4e87dad_20241022_i1729580509_1109_3_jpg_55d18091-46fa-4a70-8d31-b803fb74ee56.jpg?v=1759124311,3,,,,,,,,,,,
micro-bag-7-in-tawny-brown-smooth-lambskin-yellow-strap,,,,,,,,,,,,,,,,,,,,,,,,,https://cdn.shopify.com/s/files/1/0912/9351/6071/files/img_c4e87dad_20241022_i1729580509_1482_6_jpg_845d3afa-0532-4c5f-831d-5f80486778c1.jpg?v=1759124311,4,,,,,,,,,,,
micro-bag-7-in-tawny-brown-smooth-lambskin-yellow-strap,,,,,,,,,,,,,,,,,,,,,,,,,https://cdn.shopify.com/s/files/1/0912/9351/6071/files/img_c4e87dad_20241022_i1729580509_6017_5_jpg_8e0eecc5-36f7-4708-9360-c2fd493dfc49.jpg?v=1759124311,5,,,,,,,,,,,
micro-bag-7-in-tawny-brown-smooth-lambskin-yellow-strap,,,,,,,,,,,,,,,,,,,,,,,,,https://cdn.shopify.com/s/files/1/0912/9351/6071/files/img_c4e87dad_20241022_i1729580509_6370_2_jpg_008f5203-c0d9-4e90-93e1-a10e90ccb8a7.jpg?v=1759124311,6,,,,,,,,,,,
micro-bag-7-in-tawny-brown-smooth-lambskin-yellow-strap,,,,,,,,,,,,,,,,,,,,,,,,,https://cdn.shopify.com/s/files/1/0912/9351/6071/files/img_c4e87dad_20241022_i1729580509_7226_1_jpg_0e2f0814-15cb-44ef-816a-38cfa209f663.jpg?v=1759124311,7,,,,,,,,,,,
micro-bag-7-in-tawny-brown-smooth-lambskin-yellow-strap,,,,,,,,,,,,,,,,,,,,,,,,,https://cdn.shopify.com/s/files/1/0912/9351/6071/files/img_c4e87dad_20241022_i1729580509_8145_4_jpg_64ebd970-6f86-436e-bea4-3ce4fd15b3d1.jpg?v=1759124311,8,,,,,,,,,,,
micro-bag-7-in-tawny-brown-smooth-lambskin-yellow-strap,,,,,,,,,,,,,,,,,,,,,,,,,https://cdn.shopify.com/s/files/1/0912/9351/6071/files/img_c4e87dad_20241022_i1729580509_8985_8_jpg_5bd366a3-e012-4086-b96f-cd647a90179b.jpg?v=1759124311,9,,,,,,,,,,,
beau-top-handle-bag-28-in-cognac-leather-patchwork,BEAU TOP HANDLE BAG 28 IN COGNAC LEATHER PATCHWORK,"<p>• Color: Cognac</p>
<p>• Material: Leather patchwork</p>
<p>• Size: 28 x 15 x 9 cm</p>
<p>• The products are 1:1 copies of the original version and they are the same from every detail.</p>
<p>• Support return and exchange in 1 month if the product is defective or the customer is not satisfied with the product.</p>",miumiu bag,,bag,top handle,TRUE,Title,Default Title,,,,,,0,,0,deny,manual,315.00,,TRUE,FALSE,,https://cdn.shopify.com/s/files/1/0912/9351/6071/files/img_89648692_20250120_i1737360463_6197_8_jpg_0473535a-e642-4cc4-99bb-02b3a7ac05e1.jpg?v=1759124322,1,,,,,,g,,,,,active
beau-top-handle-bag-28-in-cognac-leather-patchwork,,,,,,,,,,,,,,,,,,,,,,,,,https://cdn.shopify.com/s/files/1/0912/9351/6071/files/img_89648692_20250120_i1737360463_6472_4_jpg_e57d82f3-60ed-40b0-bcb8-f6192ab030b7.jpg?v=1759124322,2,,,,,,,,,,,
beau-top-handle-bag-28-in-cognac-leather-patchwork,,,,,,,,,,,,,,,,,,,,,,,,,https://cdn.shopify.com/s/files/1/0912/9351/6071/files/img_89648692_20250120_i1737360463_239_0_jpg_09162ba0-5c06-4702-b6dd-7fe63097c3f3.jpg?v=1759124322,3,,,,,,,,,,,
beau-top-handle-bag-28-in-cognac-leather-patchwork,,,,,,,,,,,,,,,,,,,,,,,,,https://cdn.shopify.com/s/files/1/0912/9351/6071/files/img_89648692_20250120_i1737360463_1380_3_jpg_4df070b1-6c1e-4367-bf0d-07c75e72a28b.jpg?v=1759124322,4,,,,,,,,,,,
beau-top-handle-bag-28-in-cognac-leather-patchwork,,,,,,,,,,,,,,,,,,,,,,,,,https://cdn.shopify.com/s/files/1/0912/9351/6071/files/img_89648692_20250120_i1737360463_2377_5_jpg_26205a78-6942-4914-939a-ff862020d767.jpg?v=1759124322,5,,,,,,,,,,,
beau-top-handle-bag-28-in-cognac-leather-patchwork,,,,,,,,,,,,,,,,,,,,,,,,,https://cdn.shopify.com/s/files/1/0912/9351/6071/files/img_89648692_20250120_i1737360463_3565_2_jpg_ea46d6fd-b63b-4e36-a620-639f6c8974cf.jpg?v=1759124322,6,,,,,,,,,,,
beau-top-handle-bag-28-in-cognac-leather-patchwork,,,,,,,,,,,,,,,,,,,,,,,,,https://cdn.shopify.com/s/files/1/0912/9351/6071/files/img_89648692_20250120_i1737360463_4057_6_jpg_4025d73e-8c57-4832-b1a3-f720e3a32246.jpg?v=1759124322,7,,,,,,,,,,,
beau-top-handle-bag-28-in-cognac-leather-patchwork,,,,,,,,,,,,,,,,,,,,,,,,,https://cdn.shopify.com/s/files/1/0912/9351/6071/files/img_89648692_20250120_i1737360463_7823_7_jpg_18787c3d-2701-4d7c-b2a9-bd01f259d0c9.jpg?v=1759124322,8,,,,,,,,,,,
beau-top-handle-bag-28-in-cognac-leather-patchwork,,,,,,,,,,,,,,,,,,,,,,,,,https://cdn.shopify.com/s/files/1/0912/9351/6071/files/img_89648692_20250120_i1737360463_9516_1_jpg_43e0df46-e457-4fbd-aa96-0fc907a256bd.jpg?v=1759124322,9,,,,,,,,,,,
arcadie-matelasse-bag-22-in-mischka-beige-lambskin,ARCADIE MATELASSÉ BAG 22 IN MISCHKA BEIGE LAMBSKIN,"<p>• Color: Mischka beige</p>
<p>• Material: Lambskin</p>
<p>• Size: 22 x 10.5 x 7.5 cm</p>
<p>• The products are 1:1 copies of the original version and they are the same from every detail.</p>
<p>• Support return and exchange in 1 month if the product is defective or the customer is not satisfied with the product.</p>",miumiu bag,,bag,top handle,TRUE,Title,Default Title,,,,,,0,,0,deny,manual,325.50,,TRUE,FALSE,,https://cdn.shopify.com/s/files/1/0912/9351/6071/files/img_89648692_20250301_i1740815810_5795_1_jpg_eaec6d96-8bbd-45b0-a1c6-765b362e1db9.jpg?v=1759124346,1,,,,,,g,,,,,active
arcadie-matelasse-bag-22-in-mischka-beige-lambskin,,,,,,,,,,,,,,,,,,,,,,,,,https://cdn.shopify.com/s/files/1/0912/9351/6071/files/img_89648692_20250301_i1740815810_3500_8_jpg_5a0d7467-b589-44dd-89c8-f72e905e59c3.jpg?v=1759124346,2,,,,,,,,,,,
arcadie-matelasse-bag-22-in-mischka-beige-lambskin,,,,,,,,,,,,,,,,,,,,,,,,,https://cdn.shopify.com/s/files/1/0912/9351/6071/files/img_89648692_20250301_i1740815810_3181_6_jpg_e17b3412-754d-4259-ae06-bb121308e397.jpg?v=1759124346,3,,,,,,,,,,,
arcadie-matelasse-bag-22-in-mischka-beige-lambskin,,,,,,,,,,,,,,,,,,,,,,,,,https://cdn.shopify.com/s/files/1/0912/9351/6071/files/img_89648692_20250301_i1740815810_5972_3_jpg_8e4553f7-fd8d-4acf-9f0d-5e2e4ba2f6ab.jpg?v=1759124346,4,,,,,,,,,,,
arcadie-matelasse-bag-22-in-mischka-beige-lambskin,,,,,,,,,,,,,,,,,,,,,,,,,https://cdn.shopify.com/s/files/1/0912/9351/6071/files/img_89648692_20250301_i1740815810_7095_4_jpg_eddf698d-c1e8-4f56-80af-281b7efc92ff.jpg?v=1759124346,5,,,,,,,,,,,
arcadie-matelasse-bag-22-in-mischka-beige-lambskin,,,,,,,,,,,,,,,,,,,,,,,,,https://cdn.shopify.com/s/files/1/0912/9351/6071/files/img_89648692_20250301_i1740815810_7818_5_jpg_76ff3968-0bc9-4365-9cee-b67d32456bc3.jpg?v=1759124346,6,,,,,,,,,,,
arcadie-matelasse-bag-22-in-mischka-beige-lambskin,,,,,,,,,,,,,,,,,,,,,,,,,https://cdn.shopify.com/s/files/1/0912/9351/6071/files/img_89648692_20250301_i1740815810_8448_7_jpg_254716e4-5f60-4697-9368-8506cc2d678f.jpg?v=1759124347,7,,,,,,,,,,,
arcadie-matelasse-bag-22-in-mischka-beige-lambskin,,,,,,,,,,,,,,,,,,,,,,,,,https://cdn.shopify.com/s/files/1/0912/9351/6071/files/img_89648692_20250301_i1740815810_8685_2_jpg_a413e990-bbb3-44ee-8867-92e919fec8ed.jpg?v=1759124347,8,,,,,,,,,,,
arcadie-matelasse-bag-22-in-mischka-beige-lambskin,,,,,,,,,,,,,,,,,,,,,,,,,https://cdn.shopify.com/s/files/1/0912/9351/6071/files/img_89648692_20250301_i1740815810_8883_0_jpg_dab0ebda-6f66-4d51-a943-31300e32e220.jpg?v=1759124347,9,,,,,,,,,,,
arcadie-bag-19-in-tamarind-brown-shiny-calfskin,ARCADIE BAG 19 IN TAMARIND BROWN SHINY CALFSKIN,"<p>• Color: Cognac brown</p>
<p>• Material: Calfskin</p>
<p>• Size: 19 x 10 x 5 cm</p>
<p>• The products are 1:1 copies of the original version and they are the same from every detail.</p>
<p>• Support return and exchange in 1 month if the product is defective or the customer is not satisfied with the product.</p>",miumiu bag,,bag,top handle,TRUE,Title,Default Title,,,,,,0,,0,deny,manual,283.50,,TRUE,FALSE,,https://cdn.shopify.com/s/files/1/0912/9351/6071/files/img_89648692_20250226_i1740555411_9209_3_jpg_80c56938-2ff4-4b2d-9af5-b965190b0a3f.jpg?v=1759124357,1,,,,,,g,,,,,active
arcadie-bag-19-in-tamarind-brown-shiny-calfskin,,,,,,,,,,,,,,,,,,,,,,,,,https://cdn.shopify.com/s/files/1/0912/9351/6071/files/img_89648692_20250226_i1740555411_8053_0_jpg_84523a97-2e54-4273-9054-6a0fdced21f1.jpg?v=1759124357,2,,,,,,,,,,,
arcadie-bag-19-in-tamarind-brown-shiny-calfskin,,,,,,,,,,,,,,,,,,,,,,,,,https://cdn.shopify.com/s/files/1/0912/9351/6071/files/img_89648692_20250226_i1740555411_127_7_jpg_b0aaf34e-7453-4005-90ac-76fb5808154b.jpg?v=1759124357,3,,,,,,,,,,,
arcadie-bag-19-in-tamarind-brown-shiny-calfskin,,,,,,,,,,,,,,,,,,,,,,,,,https://cdn.shopify.com/s/files/1/0912/9351/6071/files/img_89648692_20250226_i1740555411_363_8_jpg_51c61b24-bcdb-48f5-87e8-f3b5871417ce.jpg?v=1759124357,4,,,,,,,,,,,
arcadie-bag-19-in-tamarind-brown-shiny-calfskin,,,,,,,,,,,,,,,,,,,,,,,,,https://cdn.shopify.com/s/files/1/0912/9351/6071/files/img_89648692_20250226_i1740555411_850_4_jpg_60d5d315-d929-4882-9e5f-79eed035c86e.jpg?v=1759124357,5,,,,,,,,,,,
arcadie-bag-19-in-tamarind-brown-shiny-calfskin,,,,,,,,,,,,,,,,,,,,,,,,,https://cdn.shopify.com/s/files/1/0912/9351/6071/files/img_89648692_20250226_i1740555411_885_1_jpg_d5fc00af-81eb-48eb-95a2-330677565c49.jpg?v=1759124357,6,,,,,,,,,,,
arcadie-bag-19-in-tamarind-brown-shiny-calfskin,,,,,,,,,,,,,,,,,,,,,,,,,https://cdn.shopify.com/s/files/1/0912/9351/6071/files/img_89648692_20250226_i1740555411_1035_2_jpg_4add8aed-6e5b-413e-93b1-6cab2c24a12e.jpg?v=1759124357,7,,,,,,,,,,,
arcadie-bag-19-in-tamarind-brown-shiny-calfskin,,,,,,,,,,,,,,,,,,,,,,,,,https://cdn.shopify.com/s/files/1/0912/9351/6071/files/img_89648692_20250226_i1740555411_6995_5_jpg_57016711-3ac9-4ecc-89c5-b7b483aec7f0.jpg?v=1759124357,8,,,,,,,,,,,
arcadie-bag-19-in-tamarind-brown-shiny-calfskin,,,,,,,,,,,,,,,,,,,,,,,,,https://cdn.shopify.com/s/files/1/0912/9351/6071/files/img_89648692_20250226_i1740555411_8460_6_jpg_08e37e66-0095-4567-9e0a-bf790b7cc5a4.jpg?v=1759124357,9,,,,,,,,,,,
arcadie-bag-19-in-black-shiny-calfskin,ARCADIE BAG 19 IN BLACK SHINY CALFSKIN,"<p>• Color: Black</p>
<p>• Material: Shiny Calfskin</p>
<p>• Size: 19 x 10 x 5 cm</p>
<p>• The products are 1:1 copies of the original version and they are the same from every detail.</p>
<p>• Support return and exchange in 1 month if the product is defective or the customer is not satisfied with the product.</p>",miumiu bag,,bag,top handle,TRUE,Title,Default Title,,,,,,0,,0,deny,manual,283.50,,TRUE,FALSE,,https://cdn.shopify.com/s/files/1/0912/9351/6071/files/img_89648692_20250226_i1740555383_7659_8_jpg_94ecda5d-4a1d-4b63-9bb1-95c2bf069ea2.jpg?v=1759124367,1,,,,,,g,,,,,active
arcadie-bag-19-in-black-shiny-calfskin,,,,,,,,,,,,,,,,,,,,,,,,,https://cdn.shopify.com/s/files/1/0912/9351/6071/files/img_89648692_20250226_i1740555383_2772_0_jpg_25cd8763-58ce-41da-85ed-13a73043ba16.jpg?v=1759124367,2,,,,,,,,,,,
arcadie-bag-19-in-black-shiny-calfskin,,,,,,,,,,,,,,,,,,,,,,,,,https://cdn.shopify.com/s/files/1/0912/9351/6071/files/img_89648692_20250226_i1740555383_539_1_jpg_fd1d0ec6-3aed-42df-bd4e-1f761c5414ee.jpg?v=1759124367,3,,,,,,,,,,,
arcadie-bag-19-in-black-shiny-calfskin,,,,,,,,,,,,,,,,,,,,,,,,,https://cdn.shopify.com/s/files/1/0912/9351/6071/files/img_89648692_20250226_i1740555383_2646_5_jpg_ab612d9e-d38e-4353-be56-e9569d0b3f30.jpg?v=1759124367,4,,,,,,,,,,,
arcadie-bag-19-in-black-shiny-calfskin,,,,,,,,,,,,,,,,,,,,,,,,,https://cdn.shopify.com/s/files/1/0912/9351/6071/files/img_89648692_20250226_i1740555383_5168_6_jpg_bba3a954-3fe4-4913-8b02-2f17cedd1039.jpg?v=1759124367,5,,,,,,,,,,,
arcadie-bag-19-in-black-shiny-calfskin,,,,,,,,,,,,,,,,,,,,,,,,,https://cdn.shopify.com/s/files/1/0912/9351/6071/files/img_89648692_20250226_i1740555383_5301_2_jpg_c1894deb-8fee-4c5a-a799-d04b2efcfa90.jpg?v=1759124367,6,,,,,,,,,,,
arcadie-bag-19-in-black-shiny-calfskin,,,,,,,,,,,,,,,,,,,,,,,,,https://cdn.shopify.com/s/files/1/0912/9351/6071/files/img_89648692_20250226_i1740555383_6827_3_jpg_72ca193b-e17b-47ad-adb2-7e35086764fa.jpg?v=1759124367,7,,,,,,,,,,,
arcadie-bag-19-in-black-shiny-calfskin,,,,,,,,,,,,,,,,,,,,,,,,,https://cdn.shopify.com/s/files/1/0912/9351/6071/files/img_89648692_20250226_i1740555383_8635_7_jpg_43de6942-c3e5-47fa-9fea-6d5753b6b4c0.jpg?v=1759124367,8,,,,,,,,,,,
arcadie-bag-19-in-black-shiny-calfskin,,,,,,,,,,,,,,,,,,,,,,,,,https://cdn.shopify.com/s/files/1/0912/9351/6071/files/img_89648692_20250226_i1740555383_8883_4_jpg_7bac80ef-9080-472c-821f-0de4d492a225.jpg?v=1759124367,9,,,,,,,,,,,
arcadie-bag-19-in-tawny-brown-shiny-calfskin,ARCADIE BAG 19 IN TAWNY BROWN SHINY CALFSKIN,"<p>• Color: Tawny brown</p>
<p>• Material: Shiny Calfskin</p>
<p>• Size: 19 x 10 x 5 cm</p>
<p>• The products are 1:1 copies of the original version and they are the same from every detail.</p>
<p>• Support return and exchange in 1 month if the product is defective or the customer is not satisfied with the product.</p>",miumiu bag,,bag,top handle,TRUE,Title,Default Title,,,,,,0,,0,deny,manual,283.50,,TRUE,FALSE,,https://cdn.shopify.com/s/files/1/0912/9351/6071/files/img_89648692_20250226_i1740555348_5403_0_jpg_53d47d6e-3897-431e-acf7-22a00dd4fc27.jpg?v=1759124377,1,,,,,,g,,,,,active
arcadie-bag-19-in-tawny-brown-shiny-calfskin,,,,,,,,,,,,,,,,,,,,,,,,,https://cdn.shopify.com/s/files/1/0912/9351/6071/files/img_89648692_20250226_i1740555348_3021_4_jpg_ba07a876-f962-4895-aa87-945c77b5f4a0.jpg?v=1759124377,2,,,,,,,,,,,
arcadie-bag-19-in-tawny-brown-shiny-calfskin,,,,,,,,,,,,,,,,,,,,,,,,,https://cdn.shopify.com/s/files/1/0912/9351/6071/files/img_89648692_20250226_i1740555348_402_3_jpg_c3084fde-4215-4162-acd8-3f5c5273a6f4.jpg?v=1759124377,3,,,,,,,,,,,
arcadie-bag-19-in-tawny-brown-shiny-calfskin,,,,,,,,,,,,,,,,,,,,,,,,,https://cdn.shopify.com/s/files/1/0912/9351/6071/files/img_89648692_20250226_i1740555348_780_6_jpg_e9943796-446c-45d1-9cfb-3dd71d2aada5.jpg?v=1759124377,4,,,,,,,,,,,
arcadie-bag-19-in-tawny-brown-shiny-calfskin,,,,,,,,,,,,,,,,,,,,,,,,,https://cdn.shopify.com/s/files/1/0912/9351/6071/files/img_89648692_20250226_i1740555348_877_7_jpg_d95124dd-ac01-4d68-a68e-16dfe4a10f07.jpg?v=1759124377,5,,,,,,,,,,,
arcadie-bag-19-in-tawny-brown-shiny-calfskin,,,,,,,,,,,,,,,,,,,,,,,,,https://cdn.shopify.com/s/files/1/0912/9351/6071/files/img_89648692_20250226_i1740555348_1330_5_jpg_69cf47ae-f774-4e72-8033-dc9839372cfc.jpg?v=1759124377,6,,,,,,,,,,,
arcadie-bag-19-in-tawny-brown-shiny-calfskin,,,,,,,,,,,,,,,,,,,,,,,,,https://cdn.shopify.com/s/files/1/0912/9351/6071/files/img_89648692_20250226_i1740555348_2451_2_jpg_6ccc65d3-ad8c-4726-ac40-d746160fa181.jpg?v=1759124377,7,,,,,,,,,,,
arcadie-bag-19-in-tawny-brown-shiny-calfskin,,,,,,,,,,,,,,,,,,,,,,,,,https://cdn.shopify.com/s/files/1/0912/9351/6071/files/img_89648692_20250226_i1740555348_2914_1_jpg_df21543f-a5ac-42fc-8fb6-5e819976dd40.jpg?v=1759124377,8,,,,,,,,,,,
arcadie-bag-19-in-tawny-brown-shiny-calfskin,,,,,,,,,,,,,,,,,,,,,,,,,https://cdn.shopify.com/s/files/1/0912/9351/6071/files/img_89648692_20250226_i1740555348_5554_8_jpg_67cf4fbb-e90e-43ba-9ef7-e884afdf3e6e.jpg?v=1759124377,9,,,,,,,,,,,
joie-hand-bag-32-in-brunette-brown-shiny-lambskin,JOIE HAND BAG 32 IN BRUNETTE BROWN SHINY LAMBSKIN,"<p>• Color: Brunette brown</p>
<p>• Material: Shiny Lambskin</p>
<p>• Size: 32 x 16 x 10.5 cm</p>
<p>• The products are 1:1 copies of the original version and they are the same from every detail.</p>
<p>• Support return and exchange in 1 month if the product is defective or the customer is not satisfied with the product.</p>",miumiu bag,,bag,top handle,TRUE,Title,Default Title,,,,,,0,,0,deny,manual,325.50,,TRUE,FALSE,,https://cdn.shopify.com/s/files/1/0912/9351/6071/files/img_89648692_20250226_i1740555753_9521_8_jpg_2b2caf41-f728-4d42-85cc-1c601f5e8e10.jpg?v=1759124389,1,,,,,,g,,,,,active
joie-hand-bag-32-in-brunette-brown-shiny-lambskin,,,,,,,,,,,,,,,,,,,,,,,,,https://cdn.shopify.com/s/files/1/0912/9351/6071/files/img_89648692_20250226_i1740555753_7_0_jpg_0f62c084-9b27-486d-a88d-638a447c19f4.jpg?v=1759124389,2,,,,,,,,,,,
joie-hand-bag-32-in-brunette-brown-shiny-lambskin,,,,,,,,,,,,,,,,,,,,,,,,,https://cdn.shopify.com/s/files/1/0912/9351/6071/files/img_89648692_20250226_i1740555753_344_3_jpg_e6eedf22-07f9-4f29-916a-6039ac4b89d4.jpg?v=1759124389,3,,,,,,,,,,,
joie-hand-bag-32-in-brunette-brown-shiny-lambskin,,,,,,,,,,,,,,,,,,,,,,,,,https://cdn.shopify.com/s/files/1/0912/9351/6071/files/img_89648692_20250226_i1740555753_2754_2_jpg_0567d666-dd01-4de4-a9a4-7c976c485c96.jpg?v=1759124389,4,,,,,,,,,,,
joie-hand-bag-32-in-brunette-brown-shiny-lambskin,,,,,,,,,,,,,,,,,,,,,,,,,https://cdn.shopify.com/s/files/1/0912/9351/6071/files/img_89648692_20250226_i1740555753_2934_7_jpg_bdcefe56-8970-456e-8355-4ba4dc24283f.jpg?v=1759124389,5,,,,,,,,,,,
joie-hand-bag-32-in-brunette-brown-shiny-lambskin,,,,,,,,,,,,,,,,,,,,,,,,,https://cdn.shopify.com/s/files/1/0912/9351/6071/files/img_89648692_20250226_i1740555753_3851_6_jpg_7508e03b-b8d4-4cf8-9516-fd59f0e77efa.jpg?v=1759124389,6,,,,,,,,,,,
joie-hand-bag-32-in-brunette-brown-shiny-lambskin,,,,,,,,,,,,,,,,,,,,,,,,,https://cdn.shopify.com/s/files/1/0912/9351/6071/files/img_89648692_20250226_i1740555753_6303_1_jpg_12de7b38-0ace-467c-9acc-26d7c39aaef7.jpg?v=1759124389,7,,,,,,,,,,,
joie-hand-bag-32-in-brunette-brown-shiny-lambskin,,,,,,,,,,,,,,,,,,,,,,,,,https://cdn.shopify.com/s/files/1/0912/9351/6071/files/img_89648692_20250226_i1740555753_8907_5_jpg_22c45152-c9d0-4b3e-a902-b3f795ac2833.jpg?v=1759124389,8,,,,,,,,,,,
joie-hand-bag-32-in-brunette-brown-shiny-lambskin,,,,,,,,,,,,,,,,,,,,,,,,,https://cdn.shopify.com/s/files/1/0912/9351/6071/files/img_89648692_20250226_i1740555753_9863_4_jpg_a95e80fd-e59a-4e99-8dc5-7e646945f3f1.jpg?v=1759124389,9,,,,,,,,,,,
beau-top-handle-bag-29-in-tawny-brown-glossy-calfskin,BEAU TOP HANDLE BAG 29 IN TAWNY BROWN GLOSSY CALFSKIN,"<p>• Color: Tawny brown</p>
<p>• Material: Glossy calfskin</p>
<p>• Size: 29 x 17 x 9cm</p>
<p>• The products are 1:1 copies of the original version and they are the same from every detail.</p>
<p>• Support return and exchange in 1 month if the product is defective or the customer is not satisfied with the product.</p>",miumiu bag,,bag,top handle,TRUE,Title,Default Title,,,,,,0,,0,deny,manual,325.50,,TRUE,FALSE,,https://cdn.shopify.com/s/files/1/0912/9351/6071/files/img_89648692_20250115_i1736913895_9969_5_jpg_89091922-ab7a-4078-adb9-9f297a9bb907.jpg?v=1759124399,1,,,,,,g,,,,,active
beau-top-handle-bag-29-in-tawny-brown-glossy-calfskin,,,,,,,,,,,,,,,,,,,,,,,,,https://cdn.shopify.com/s/files/1/0912/9351/6071/files/img_89648692_20250115_i1736913895_820_7_jpg_1e73727a-e8b8-4937-a0aa-2b22b394b0a6.jpg?v=1759124399,2,,,,,,,,,,,
beau-top-handle-bag-29-in-tawny-brown-glossy-calfskin,,,,,,,,,,,,,,,,,,,,,,,,,https://cdn.shopify.com/s/files/1/0912/9351/6071/files/img_89648692_20250115_i1736913895_1504_2_jpg_60aeca4c-d50d-4a0b-abea-c9ee907e7ac6.jpg?v=1759124399,3,,,,,,,,,,,
beau-top-handle-bag-29-in-tawny-brown-glossy-calfskin,,,,,,,,,,,,,,,,,,,,,,,,,https://cdn.shopify.com/s/files/1/0912/9351/6071/files/img_89648692_20250115_i1736913895_1920_8_jpg_7a663356-d04e-4033-a408-1838264e631f.jpg?v=1759124399,4,,,,,,,,,,,
beau-top-handle-bag-29-in-tawny-brown-glossy-calfskin,,,,,,,,,,,,,,,,,,,,,,,,,https://cdn.shopify.com/s/files/1/0912/9351/6071/files/img_89648692_20250115_i1736913895_3355_6_jpg_a28b3eca-1139-4ded-b86a-3006d2b13e04.jpg?v=1759124399,5,,,,,,,,,,,
beau-top-handle-bag-29-in-tawny-brown-glossy-calfskin,,,,,,,,,,,,,,,,,,,,,,,,,https://cdn.shopify.com/s/files/1/0912/9351/6071/files/img_89648692_20250115_i1736913895_4162_4_jpg_95728b5f-8ea8-4483-897b-4fe2f7359309.jpg?v=1759124399,6,,,,,,,,,,,
beau-top-handle-bag-29-in-tawny-brown-glossy-calfskin,,,,,,,,,,,,,,,,,,,,,,,,,https://cdn.shopify.com/s/files/1/0912/9351/6071/files/img_89648692_20250115_i1736913895_5178_3_jpg_7684da52-0915-40f8-a080-327437883a46.jpg?v=1759124399,7,,,,,,,,,,,
beau-top-handle-bag-29-in-tawny-brown-glossy-calfskin,,,,,,,,,,,,,,,,,,,,,,,,,https://cdn.shopify.com/s/files/1/0912/9351/6071/files/img_89648692_20250115_i1736913895_7902_1_jpg_639c337c-3d8c-4ef0-b733-7894ab64e026.jpg?v=1759124399,8,,,,,,,,,,,
beau-top-handle-bag-29-in-tawny-brown-glossy-calfskin,,,,,,,,,,,,,,,,,,,,,,,,,https://cdn.shopify.com/s/files/1/0912/9351/6071/files/img_89648692_20250115_i1736913895_8391_0_jpg_ef78fba4-733f-4b4b-bbd9-6febd670a6c4.jpg?v=1759124399,9,,,,,,,,,,,
beau-top-handle-bag-29-in-black-glossy-calfskin,BEAU TOP HANDLE BAG 29 IN BLACK GLOSSY CALFSKIN,"<p>• Color: Black</p>
<p>• Material: Glossy calfskin</p>
<p>• Size: 29 x 17 x 9cm</p>
<p>• The products are 1:1 copies of the original version and they are the same from every detail.</p>
<p>• Support return and exchange in 1 month if the product is defective or the customer is not satisfied with the product.</p>",miumiu bag,,bag,top handle,TRUE,Title,Default Title,,,,,,0,,0,deny,manual,325.50,,TRUE,FALSE,,https://cdn.shopify.com/s/files/1/0912/9351/6071/files/img_89648692_20250114_i1736846128_2430_4_jpg_58c48255-d8b6-40a8-94b5-aed840858ee9.jpg?v=1759124410,1,,,,,,g,,,,,active
beau-top-handle-bag-29-in-black-glossy-calfskin,,,,,,,,,,,,,,,,,,,,,,,,,https://cdn.shopify.com/s/files/1/0912/9351/6071/files/img_89648692_20250114_i1736846128_3685_7_jpg_13e8c8c9-b69d-440b-8131-5ab914e463a7.jpg?v=1759124410,2,,,,,,,,,,,
beau-top-handle-bag-29-in-black-glossy-calfskin,,,,,,,,,,,,,,,,,,,,,,,,,https://cdn.shopify.com/s/files/1/0912/9351/6071/files/img_89648692_20250114_i1736846128_3811_6_jpg_147ecfea-0596-4f1d-bfee-f29de392cb04.jpg?v=1759124410,3,,,,,,,,,,,
beau-top-handle-bag-29-in-black-glossy-calfskin,,,,,,,,,,,,,,,,,,,,,,,,,https://cdn.shopify.com/s/files/1/0912/9351/6071/files/img_89648692_20250114_i1736846128_4588_3_jpg_3cd1c96e-0312-4ffe-8327-388043b7efeb.jpg?v=1759124410,4,,,,,,,,,,,
beau-top-handle-bag-29-in-black-glossy-calfskin,,,,,,,,,,,,,,,,,,,,,,,,,https://cdn.shopify.com/s/files/1/0912/9351/6071/files/img_89648692_20250114_i1736846128_5398_2_jpg_2b5d3dcc-3021-42c6-8b8e-997f7919f1f6.jpg?v=1759124410,5,,,,,,,,,,,
beau-top-handle-bag-29-in-black-glossy-calfskin,,,,,,,,,,,,,,,,,,,,,,,,,https://cdn.shopify.com/s/files/1/0912/9351/6071/files/img_89648692_20250114_i1736846128_5818_8_jpg_bd285794-a89f-4a30-ad20-5c45a05a5ac6.jpg?v=1759124410,6,,,,,,,,,,,
beau-top-handle-bag-29-in-black-glossy-calfskin,,,,,,,,,,,,,,,,,,,,,,,,,https://cdn.shopify.com/s/files/1/0912/9351/6071/files/img_89648692_20250114_i1736846128_6726_1_jpg_4831b70e-bbcd-4209-80e4-dbeb548faec6.jpg?v=1759124410,7,,,,,,,,,,,
beau-top-handle-bag-29-in-black-glossy-calfskin,,,,,,,,,,,,,,,,,,,,,,,,,https://cdn.shopify.com/s/files/1/0912/9351/6071/files/img_89648692_20250114_i1736846128_7088_5_jpg_71070f53-2946-44ce-9c0d-b891e94dd69d.jpg?v=1759124410,8,,,,,,,,,,,
beau-top-handle-bag-29-in-black-glossy-calfskin,,,,,,,,,,,,,,,,,,,,,,,,,https://cdn.shopify.com/s/files/1/0912/9351/6071/files/img_89648692_20250114_i1736846128_8057_0_jpg_122b7405-68d1-4aaa-a0f0-4e24aea6698e.jpg?v=1759124410,9,,,,,,,,,,,
aventure-nappa-bag-33-in-cedar-brown-lambskin-gold-hardware,AVENTURE NAPPA BAG 33 IN CEDAR BROWN LAMBSKIN GOLD HARDWARE,"<p>• Color: Cedar brown</p>
<p>• Material: Lambskin</p>
<p>• Size: 33 x 16.5 x 10 cm</p>
<p>• The products are 1:1 copies of the original version and they are the same from every detail.</p>
<p>• Support return and exchange in 1 month if the product is defective or the customer is not satisfied with the product.</p>",miumiu bag,,bag,top handle,TRUE,Title,Default Title,,,,,,0,,0,deny,manual,378.00,,TRUE,FALSE,,https://cdn.shopify.com/s/files/1/0912/9351/6071/files/20240915_i1726383092_1422_0_jpg_3717da4d-670f-49d3-b356-88b4c35913e1.jpg?v=1759124420,1,,,,,,g,,,,,active
aventure-nappa-bag-33-in-cedar-brown-lambskin-gold-hardware,,,,,,,,,,,,,,,,,,,,,,,,,https://cdn.shopify.com/s/files/1/0912/9351/6071/files/20240915_i1726383092_6382_8_jpg_2bcd5744-1b19-4740-a913-add58602397d.jpg?v=1759124420,2,,,,,,,,,,,
aventure-nappa-bag-33-in-cedar-brown-lambskin-gold-hardware,,,,,,,,,,,,,,,,,,,,,,,,,https://cdn.shopify.com/s/files/1/0912/9351/6071/files/20240915_i1726383092_3470_1_jpg_29b17be1-0793-4a37-acb1-d020bdd63e53.jpg?v=1759124420,3,,,,,,,,,,,
aventure-nappa-bag-33-in-cedar-brown-lambskin-gold-hardware,,,,,,,,,,,,,,,,,,,,,,,,,https://cdn.shopify.com/s/files/1/0912/9351/6071/files/20240915_i1726383092_3536_4_jpg_e16bc870-afb1-44c3-8953-80189681e54d.jpg?v=1759124420,4,,,,,,,,,,,
aventure-nappa-bag-33-in-cedar-brown-lambskin-gold-hardware,,,,,,,,,,,,,,,,,,,,,,,,,https://cdn.shopify.com/s/files/1/0912/9351/6071/files/20240915_i1726383092_3985_7_jpg_e5d4543f-02db-4a81-a43a-47326eabbeb1.jpg?v=1759124420,5,,,,,,,,,,,
aventure-nappa-bag-33-in-cedar-brown-lambskin-gold-hardware,,,,,,,,,,,,,,,,,,,,,,,,,https://cdn.shopify.com/s/files/1/0912/9351/6071/files/20240915_i1726383092_4313_2_jpg_d203535f-f64e-45c4-b246-85fe700bba30.jpg?v=1759124421,6,,,,,,,,,,,
aventure-nappa-bag-33-in-cedar-brown-lambskin-gold-hardware,,,,,,,,,,,,,,,,,,,,,,,,,https://cdn.shopify.com/s/files/1/0912/9351/6071/files/20240915_i1726383092_6182_6_jpg_87432ae4-9195-4043-a716-6aab10bf6d2d.jpg?v=1759124421,7,,,,,,,,,,,
aventure-nappa-bag-33-in-cedar-brown-lambskin-gold-hardware,,,,,,,,,,,,,,,,,,,,,,,,,https://cdn.shopify.com/s/files/1/0912/9351/6071/files/20240915_i1726383092_7850_5_jpg_4e0326dd-934a-4b24-8e03-59bb3e680435.jpg?v=1759124421,8,,,,,,,,,,,
aventure-nappa-bag-33-in-cedar-brown-lambskin-gold-hardware,,,,,,,,,,,,,,,,,,,,,,,,,https://cdn.shopify.com/s/files/1/0912/9351/6071/files/20240915_i1726383092_9791_3_jpg_95ff870c-5dd2-4fc3-93f3-56e34d5701da.jpg?v=1759124421,9,,,,,,,,,,,
aventure-nappa-bag-33-in-caramel-brown-lambskin-gold-hardware,AVENTURE NAPPA BAG 33 IN CARAMEL BROWN LAMBSKIN GOLD HARDWARE,"<p>• Color: Caramel brown</p>
<p>• Material: Lambskin</p>
<p>• Size: 33 x 16.5 x 10 cm</p>
<p>• The products are 1:1 copies of the original version and they are the same from every detail.</p>
<p>• Support return and exchange in 1 month if the product is defective or the customer is not satisfied with the product.</p>",miumiu bag,,bag,top handle,TRUE,Title,Default Title,,,,,,0,,0,deny,manual,378.00,,TRUE,FALSE,,https://cdn.shopify.com/s/files/1/0912/9351/6071/files/20240915_i1726383064_9354_0_jpg_60b47f06-6810-4f3c-a4c5-3331dd3692f8.jpg?v=1759124431,1,,,,,,g,,,,,active
aventure-nappa-bag-33-in-caramel-brown-lambskin-gold-hardware,,,,,,,,,,,,,,,,,,,,,,,,,https://cdn.shopify.com/s/files/1/0912/9351/6071/files/20240915_i1726383064_1005_5_jpg_0bb51d6b-cadb-4242-8a02-1ac6415686c7.jpg?v=1759124431,2,,,,,,,,,,,
aventure-nappa-bag-33-in-caramel-brown-lambskin-gold-hardware,,,,,,,,,,,,,,,,,,,,,,,,,https://cdn.shopify.com/s/files/1/0912/9351/6071/files/20240915_i1726383064_2040_7_jpg_4a759241-753d-4c05-b5bd-6852bea6c9c7.jpg?v=1759124431,3,,,,,,,,,,,
aventure-nappa-bag-33-in-caramel-brown-lambskin-gold-hardware,,,,,,,,,,,,,,,,,,,,,,,,,https://cdn.shopify.com/s/files/1/0912/9351/6071/files/20240915_i1726383064_3212_1_jpg_7b463082-cff2-4a6b-a5fa-8ea435ebd87f.jpg?v=1759124431,4,,,,,,,,,,,
aventure-nappa-bag-33-in-caramel-brown-lambskin-gold-hardware,,,,,,,,,,,,,,,,,,,,,,,,,https://cdn.shopify.com/s/files/1/0912/9351/6071/files/20240915_i1726383064_5708_8_jpg_1d2f8829-1607-4afb-bc97-5371c04e6b69.jpg?v=1759124431,5,,,,,,,,,,,
aventure-nappa-bag-33-in-caramel-brown-lambskin-gold-hardware,,,,,,,,,,,,,,,,,,,,,,,,,https://cdn.shopify.com/s/files/1/0912/9351/6071/files/20240915_i1726383064_5876_2_jpg_6c49bd0e-a53b-4411-9082-cca835caf4b0.jpg?v=1759124431,6,,,,,,,,,,,
aventure-nappa-bag-33-in-caramel-brown-lambskin-gold-hardware,,,,,,,,,,,,,,,,,,,,,,,,,https://cdn.shopify.com/s/files/1/0912/9351/6071/files/20240915_i1726383064_6216_4_jpg_7e8c806e-0b6e-4bce-883f-008bbbab3a3c.jpg?v=1759124431,7,,,,,,,,,,,
aventure-nappa-bag-33-in-caramel-brown-lambskin-gold-hardware,,,,,,,,,,,,,,,,,,,,,,,,,https://cdn.shopify.com/s/files/1/0912/9351/6071/files/20240915_i1726383064_6593_3_jpg_d0aae158-789d-478d-99ba-eb8c2bc30835.jpg?v=1759124431,8,,,,,,,,,,,
aventure-nappa-bag-33-in-caramel-brown-lambskin-gold-hardware,,,,,,,,,,,,,,,,,,,,,,,,,https://cdn.shopify.com/s/files/1/0912/9351/6071/files/20240915_i1726383064_7803_6_jpg_a29eb690-f3ef-4f52-8275-6e1fbc6a2a88.jpg?v=1759124431,9,,,,,,,,,,,
arcadie-bag-27-in-dark-grey-shiny-calfskin,ARCADIE BAG 27 IN DARK GREY SHINY CALFSKIN,"<p>• Color: Dark grey</p>
<p>• Material: calfskin</p>
<p>• Size: 27 x 12 x 9 cm</p>
<p>• The products are 1:1 copies of the original version and they are the same from every detail.</p>
<p>• Support return and exchange in 1 month if the product is defective or the customer is not satisfied with the product.</p>",miumiu bag,,bag,top handle,TRUE,Title,Default Title,,,,,,0,,0,deny,manual,325.50,,TRUE,FALSE,,https://cdn.shopify.com/s/files/1/0912/9351/6071/files/img_89648692_20241011_i1728629290_4660_0_jpg_fc09c1ad-22d0-4b7f-bed0-06eb3492efb2.jpg?v=1759124442,1,,,,,,g,,,,,active
arcadie-bag-27-in-dark-grey-shiny-calfskin,,,,,,,,,,,,,,,,,,,,,,,,,https://cdn.shopify.com/s/files/1/0912/9351/6071/files/img_89648692_20241011_i1728629290_5273_0_jpg_4cf93548-6b43-4f67-80fb-41bc003151d8.jpg?v=1759124442,2,,,,,,,,,,,
arcadie-bag-27-in-dark-grey-shiny-calfskin,,,,,,,,,,,,,,,,,,,,,,,,,https://cdn.shopify.com/s/files/1/0912/9351/6071/files/img_89648692_20241011_i1728629290_5804_0_jpg_802ca6b3-f8ec-4739-817c-6c563306c014.jpg?v=1759124442,3,,,,,,,,,,,
arcadie-bag-27-in-dark-grey-shiny-calfskin,,,,,,,,,,,,,,,,,,,,,,,,,https://cdn.shopify.com/s/files/1/0912/9351/6071/files/img_89648692_20241011_i1728629291_520_0_jpg_13597904-5192-4785-aca2-33f8d5a3e158.jpg?v=1759124442,4,,,,,,,,,,,
arcadie-bag-27-in-dark-grey-shiny-calfskin,,,,,,,,,,,,,,,,,,,,,,,,,https://cdn.shopify.com/s/files/1/0912/9351/6071/files/img_89648692_20241011_i1728629291_1078_0_jpg_87ebdad4-eb89-4d3f-b34b-ac0575b945b7.jpg?v=1759124442,5,,,,,,,,,,,
arcadie-bag-27-in-dark-grey-shiny-calfskin,,,,,,,,,,,,,,,,,,,,,,,,,https://cdn.shopify.com/s/files/1/0912/9351/6071/files/img_89648692_20241011_i1728629291_2935_0_jpg_e08daa8b-45cd-4872-a0f8-5cffd9cd9d2d.jpg?v=1759124442,6,,,,,,,,,,,
arcadie-bag-27-in-dark-grey-shiny-calfskin,,,,,,,,,,,,,,,,,,,,,,,,,https://cdn.shopify.com/s/files/1/0912/9351/6071/files/img_89648692_20241011_i1728629291_6387_0_jpg_7ed26dd4-1d81-4d96-af0f-934fc42d56fe.jpg?v=1759124442,7,,,,,,,,,,,
arcadie-bag-27-in-dark-grey-shiny-calfskin,,,,,,,,,,,,,,,,,,,,,,,,,https://cdn.shopify.com/s/files/1/0912/9351/6071/files/img_89648692_20241011_i1728629291_6584_0_jpg_2b6e99e6-58de-4d75-88c3-755bad67d406.jpg?v=1759124442,8,,,,,,,,,,,
arcadie-bag-27-in-dark-grey-shiny-calfskin,,,,,,,,,,,,,,,,,,,,,,,,,https://cdn.shopify.com/s/files/1/0912/9351/6071/files/img_89648692_20241011_i1728629291_9269_0_jpg_1305d7fe-7730-4b7c-af00-dc8b55971234.jpg?v=1759124442,9,,,,,,,,,,,
beau-top-handle-bag-34-in-cedar-brown-smooth-calfskin,BEAU TOP HANDLE BAG 34 IN CEDAR BROWN SMOOTH CALFSKIN,"<p>• Color: Cedar brown</p>
<p>• Material: Smooth calfskin</p>
<p>• Size: 34 x 23 x 10 cm</p>
<p>• The products are 1:1 copies of the original version and they are the same from every detail.</p>
<p>• Support return and exchange in 1 month if the product is defective or the customer is not satisfied with the product.</p>",miumiu bag,,bag,top handle,TRUE,Title,Default Title,,,,,,0,,0,deny,manual,367.50,,TRUE,FALSE,,https://cdn.shopify.com/s/files/1/0912/9351/6071/files/img_89648692_20241122_i1732262939_6995_1_jpg_10fb2446-37bd-4c63-b106-d32921ccfc01.jpg?v=1759124464,1,,,,,,g,,,,,active
beau-top-handle-bag-34-in-cedar-brown-smooth-calfskin,,,,,,,,,,,,,,,,,,,,,,,,,https://cdn.shopify.com/s/files/1/0912/9351/6071/files/img_89648692_20241122_i1732262939_4528_7_jpg_7a19408b-5406-4444-a129-36ece06f2be8.jpg?v=1759124464,2,,,,,,,,,,,
beau-top-handle-bag-34-in-cedar-brown-smooth-calfskin,,,,,,,,,,,,,,,,,,,,,,,,,https://cdn.shopify.com/s/files/1/0912/9351/6071/files/img_89648692_20241122_i1732262939_5195_0_jpg_39c7d7fe-5216-45e0-8b04-e371ccc0c4d4.jpg?v=1759124464,3,,,,,,,,,,,
beau-top-handle-bag-34-in-cedar-brown-smooth-calfskin,,,,,,,,,,,,,,,,,,,,,,,,,https://cdn.shopify.com/s/files/1/0912/9351/6071/files/img_89648692_20241122_i1732262939_5842_8_jpg_f0543870-d484-4c44-b63a-1cbe23f7ebca.jpg?v=1759124464,4,,,,,,,,,,,
beau-top-handle-bag-34-in-cedar-brown-smooth-calfskin,,,,,,,,,,,,,,,,,,,,,,,,,https://cdn.shopify.com/s/files/1/0912/9351/6071/files/img_89648692_20241122_i1732262939_8708_5_jpg_39320109-aaac-48fc-88be-02311ae8bad2.jpg?v=1759124464,5,,,,,,,,,,,
beau-top-handle-bag-34-in-cedar-brown-smooth-calfskin,,,,,,,,,,,,,,,,,,,,,,,,,https://cdn.shopify.com/s/files/1/0912/9351/6071/files/img_89648692_20241122_i1732262939_517_4_jpg_810215c7-e080-475e-879a-1f02fb328835.jpg?v=1759124464,6,,,,,,,,,,,
beau-top-handle-bag-34-in-cedar-brown-smooth-calfskin,,,,,,,,,,,,,,,,,,,,,,,,,https://cdn.shopify.com/s/files/1/0912/9351/6071/files/img_89648692_20241122_i1732262939_1246_3_jpg_a68618bf-4c88-4d16-b550-0b7a444992d8.jpg?v=1759124464,7,,,,,,,,,,,
beau-top-handle-bag-34-in-cedar-brown-smooth-calfskin,,,,,,,,,,,,,,,,,,,,,,,,,https://cdn.shopify.com/s/files/1/0912/9351/6071/files/img_89648692_20241122_i1732262939_2124_6_jpg_07eb881f-bb0e-484e-ab7f-26199cdd8b3f.jpg?v=1759124464,8,,,,,,,,,,,
beau-top-handle-bag-34-in-cedar-brown-smooth-calfskin,,,,,,,,,,,,,,,,,,,,,,,,,https://cdn.shopify.com/s/files/1/0912/9351/6071/files/img_89648692_20241122_i1732262939_3063_2_jpg_f285b11b-f2a6-4da3-84d5-9b6f56285498.jpg?v=1759124464,9,,,,,,,,,,,
beau-top-handle-bag-34-in-dark-grey-smooth-calfskin,BEAU TOP HANDLE BAG 34 IN DARK GREY SMOOTH CALFSKIN,"<p>• Color: Dark grey</p>
<p>• Material: Smooth calfskin</p>
<p>• Size: 34 x 23 x 10 cm</p>
<p>• The products are 1:1 copies of the original version and they are the same from every detail.</p>
<p>• Support return and exchange in 1 month if the product is defective or the customer is not satisfied with the product.</p>",miumiu bag,,bag,top handle,TRUE,Title,Default Title,,,,,,0,,0,deny,manual,367.50,,TRUE,FALSE,,https://cdn.shopify.com/s/files/1/0912/9351/6071/files/img_89648692_20241122_i1732262878_5804_7_jpg_964dd54b-16c3-46d1-8eb1-d60832d44685.jpg?v=1759124475,1,,,,,,g,,,,,active
beau-top-handle-bag-34-in-dark-grey-smooth-calfskin,,,,,,,,,,,,,,,,,,,,,,,,,https://cdn.shopify.com/s/files/1/0912/9351/6071/files/img_89648692_20241122_i1732262878_6363_0_jpg_70a43d6d-7c46-4de9-9404-e84d3eb7d085.jpg?v=1759124475,2,,,,,,,,,,,
beau-top-handle-bag-34-in-dark-grey-smooth-calfskin,,,,,,,,,,,,,,,,,,,,,,,,,https://cdn.shopify.com/s/files/1/0912/9351/6071/files/img_89648692_20241122_i1732262878_1084_2_jpg_bc717255-050b-4486-94a0-cd5c3e66505b.jpg?v=1759124475,3,,,,,,,,,,,
beau-top-handle-bag-34-in-dark-grey-smooth-calfskin,,,,,,,,,,,,,,,,,,,,,,,,,https://cdn.shopify.com/s/files/1/0912/9351/6071/files/img_89648692_20241122_i1732262878_1695_5_jpg_597f667a-e7ac-4f51-8999-378eef83ac85.jpg?v=1759124475,4,,,,,,,,,,,
beau-top-handle-bag-34-in-dark-grey-smooth-calfskin,,,,,,,,,,,,,,,,,,,,,,,,,https://cdn.shopify.com/s/files/1/0912/9351/6071/files/img_89648692_20241122_i1732262878_2219_1_jpg_10e2a816-3ca4-4fc4-b77b-3c5d9988d1e0.jpg?v=1759124475,5,,,,,,,,,,,
beau-top-handle-bag-34-in-dark-grey-smooth-calfskin,,,,,,,,,,,,,,,,,,,,,,,,,https://cdn.shopify.com/s/files/1/0912/9351/6071/files/img_89648692_20241122_i1732262878_3955_3_jpg_8f58040b-c740-4726-86db-f17995aea6da.jpg?v=1759124475,6,,,,,,,,,,,
beau-top-handle-bag-34-in-dark-grey-smooth-calfskin,,,,,,,,,,,,,,,,,,,,,,,,,https://cdn.shopify.com/s/files/1/0912/9351/6071/files/img_89648692_20241122_i1732262878_4798_8_jpg_67900276-d523-416f-aafb-17f1bcaae30f.jpg?v=1759124475,7,,,,,,,,,,,
beau-top-handle-bag-34-in-dark-grey-smooth-calfskin,,,,,,,,,,,,,,,,,,,,,,,,,https://cdn.shopify.com/s/files/1/0912/9351/6071/files/img_89648692_20241122_i1732262878_7486_4_jpg_0a98f97b-5c6b-4bc7-a8f4-b64a8da42a40.jpg?v=1759124475,8,,,,,,,,,,,
beau-top-handle-bag-34-in-dark-grey-smooth-calfskin,,,,,,,,,,,,,,,,,,,,,,,,,https://cdn.shopify.com/s/files/1/0912/9351/6071/files/img_89648692_20241122_i1732262878_8863_6_jpg_411d2353-6215-4e4a-9f60-f837cc19f356.jpg?v=1759124475,9,,,,,,,,,,,
beau-top-handle-bag-34-in-tawny-brown-smooth-calfskin,BEAU TOP HANDLE BAG 34 IN TAWNY BROWN SMOOTH CALFSKIN,"<p>• Color: Tawny brown</p>
<p>• Material: Smooth calfskin</p>
<p>• Size: 34 x 23 x 10 cm</p>
<p>• The products are 1:1 copies of the original version and they are the same from every detail.</p>
<p>• Support return and exchange in 1 month if the product is defective or the customer is not satisfied with the product.</p>",miumiu bag,,bag,top handle,TRUE,Title,Default Title,,,,,,0,,0,deny,manual,367.50,,TRUE,FALSE,,https://cdn.shopify.com/s/files/1/0912/9351/6071/files/img_89648692_20241122_i1732262650_9797_5_jpg_54f548b6-928d-4b4e-adc2-437dbe1a5327.jpg?v=1759124490,1,,,,,,g,,,,,active
beau-top-handle-bag-34-in-tawny-brown-smooth-calfskin,,,,,,,,,,,,,,,,,,,,,,,,,https://cdn.shopify.com/s/files/1/0912/9351/6071/files/img_89648692_20241122_i1732262650_86_7_jpg_8f6e7ea0-539a-49f2-8a74-1a00ecc32a79.jpg?v=1759124490,2,,,,,,,,,,,
beau-top-handle-bag-34-in-tawny-brown-smooth-calfskin,,,,,,,,,,,,,,,,,,,,,,,,,https://cdn.shopify.com/s/files/1/0912/9351/6071/files/img_89648692_20241122_i1732262650_263_4_jpg_9fd31dfe-18d9-4c13-b41a-1a8f7388cf5a.jpg?v=1759124490,3,,,,,,,,,,,
beau-top-handle-bag-34-in-tawny-brown-smooth-calfskin,,,,,,,,,,,,,,,,,,,,,,,,,https://cdn.shopify.com/s/files/1/0912/9351/6071/files/img_89648692_20241122_i1732262650_1623_3_jpg_15ee8da1-d737-4a55-a4d7-f09bb9006496.jpg?v=1759124490,4,,,,,,,,,,,
beau-top-handle-bag-34-in-tawny-brown-smooth-calfskin,,,,,,,,,,,,,,,,,,,,,,,,,https://cdn.shopify.com/s/files/1/0912/9351/6071/files/img_89648692_20241122_i1732262650_2773_2_jpg_22002d49-f074-4a8c-a9ce-ccab6850ffd2.jpg?v=1759124490,5,,,,,,,,,,,
beau-top-handle-bag-34-in-tawny-brown-smooth-calfskin,,,,,,,,,,,,,,,,,,,,,,,,,https://cdn.shopify.com/s/files/1/0912/9351/6071/files/img_89648692_20241122_i1732262650_3438_0_jpg_12fa43fc-7461-40c5-83aa-cc7a96a1822a.jpg?v=1759124490,6,,,,,,,,,,,
beau-top-handle-bag-34-in-tawny-brown-smooth-calfskin,,,,,,,,,,,,,,,,,,,,,,,,,https://cdn.shopify.com/s/files/1/0912/9351/6071/files/img_89648692_20241122_i1732262650_4876_1_jpg_2b64c442-feb3-4ddd-821b-c2bba15cbd82.jpg?v=1759124490,7,,,,,,,,,,,
beau-top-handle-bag-34-in-tawny-brown-smooth-calfskin,,,,,,,,,,,,,,,,,,,,,,,,,https://cdn.shopify.com/s/files/1/0912/9351/6071/files/img_89648692_20241122_i1732262650_6619_6_jpg_8bfa88d6-7042-4a84-b841-1f1a1f76524f.jpg?v=1759124490,8,,,,,,,,,,,
beau-top-handle-bag-34-in-tawny-brown-smooth-calfskin,,,,,,,,,,,,,,,,,,,,,,,,,https://cdn.shopify.com/s/files/1/0912/9351/6071/files/img_89648692_20241122_i1732262650_7595_8_jpg_c8515285-9945-4487-926e-0bf4ffd4abc5.jpg?v=1759124490,9,,,,,,,,,,,
beau-top-handle-bag-34-in-white-canvas-and-walnut-brown-calfskin-trim,BEAU TOP HANDLE BAG 34 IN WHITE CANVAS AND WALNUT BROWN CALFSKIN TRIM,"<p>• Color: White mix walnut</p>
<p>• Material: Canvas and calfskin trim</p>
<p>• Size: 34 x 23 x 10 cm</p>
<p>• The products are 1:1 copies of the original version and they are the same from every detail.</p>
<p>• Support return and exchange in 1 month if the product is defective or the customer is not satisfied with the product.</p>",miumiu bag,,bag,top handle,TRUE,Title,Default Title,,,,,,0,,0,deny,manual,325.50,,TRUE,FALSE,,https://cdn.shopify.com/s/files/1/0912/9351/6071/files/img_89648692_20241120_i1732111521_8238_0_jpg_6b37b9a4-48f7-4a04-b797-3fe26b89fe61.jpg?v=1759124501,1,,,,,,g,,,,,active
beau-top-handle-bag-34-in-white-canvas-and-walnut-brown-calfskin-trim,,,,,,,,,,,,,,,,,,,,,,,,,https://cdn.shopify.com/s/files/1/0912/9351/6071/files/img_89648692_20241120_i1732111521_422_4_jpg_475ccac0-e81a-4826-99ee-9a4db7464ac6.jpg?v=1759124501,2,,,,,,,,,,,
beau-top-handle-bag-34-in-white-canvas-and-walnut-brown-calfskin-trim,,,,,,,,,,,,,,,,,,,,,,,,,https://cdn.shopify.com/s/files/1/0912/9351/6071/files/img_89648692_20241120_i1732111521_777_1_jpg_08ef76eb-79b0-421f-bf22-22b7f3678a01.jpg?v=1759124501,3,,,,,,,,,,,
beau-top-handle-bag-34-in-white-canvas-and-walnut-brown-calfskin-trim,,,,,,,,,,,,,,,,,,,,,,,,,https://cdn.shopify.com/s/files/1/0912/9351/6071/files/img_89648692_20241120_i1732111521_3107_3_jpg_20ad706d-c48e-4314-987f-cf8d7fa5dfdd.jpg?v=1759124501,4,,,,,,,,,,,
beau-top-handle-bag-34-in-white-canvas-and-walnut-brown-calfskin-trim,,,,,,,,,,,,,,,,,,,,,,,,,https://cdn.shopify.com/s/files/1/0912/9351/6071/files/img_89648692_20241120_i1732111521_3731_2_jpg_98ed485f-cedc-477f-9bdf-241813f11720.jpg?v=1759124501,5,,,,,,,,,,,
beau-top-handle-bag-34-in-white-canvas-and-walnut-brown-calfskin-trim,,,,,,,,,,,,,,,,,,,,,,,,,https://cdn.shopify.com/s/files/1/0912/9351/6071/files/img_89648692_20241120_i1732111521_5536_5_jpg_ec6961bb-2156-47ee-9d4c-1f7105c9f62a.jpg?v=1759124501,6,,,,,,,,,,,
beau-top-handle-bag-34-in-white-canvas-and-walnut-brown-calfskin-trim,,,,,,,,,,,,,,,,,,,,,,,,,https://cdn.shopify.com/s/files/1/0912/9351/6071/files/img_89648692_20241120_i1732111521_6416_7_jpg_98f4b9a6-90b6-45b4-b0fe-501aaedf9b6d.jpg?v=1759124501,7,,,,,,,,,,,
beau-top-handle-bag-34-in-white-canvas-and-walnut-brown-calfskin-trim,,,,,,,,,,,,,,,,,,,,,,,,,https://cdn.shopify.com/s/files/1/0912/9351/6071/files/img_89648692_20241120_i1732111521_7322_6_jpg_ffff0fa2-f7f1-4b42-a7e9-7a53169685b5.jpg?v=1759124501,8,,,,,,,,,,,
beau-top-handle-bag-34-in-white-canvas-and-walnut-brown-calfskin-trim,,,,,,,,,,,,,,,,,,,,,,,,,https://cdn.shopify.com/s/files/1/0912/9351/6071/files/img_89648692_20241120_i1732111521_9747_8_jpg_d692b9bd-67a0-4a23-a396-0e8f49852c08.jpg?v=1759124501,9,,,,,,,,,,,
beau-top-handle-bag-34-in-coffee-brown-suede-embossed-logo,BEAU TOP HANDLE BAG 34 IN COFFEE BROWN SUEDE EMBOSSED LOGO,"<p>• Color: Coffee Brown</p>
<p>• Material: Suede</p>
<p>• Size: 34 x 23 x 10 cm</p>
<p>• The products are 1:1 copies of the original version and they are the same from every detail.</p>
<p>• Support return and exchange in 1 month if the product is defective or the customer is not satisfied with the product.</p>",miumiu bag,,bag,top handle,TRUE,Title,Default Title,,,,,,0,,0,deny,manual,325.50,,TRUE,FALSE,,https://cdn.shopify.com/s/files/1/0912/9351/6071/files/img_89648692_20241203_i1733218009_4806_0_jpg_f9cff00a-6723-4d68-8e92-8b2b2c805097.jpg?v=1759124511,1,,,,,,g,,,,,active
beau-top-handle-bag-34-in-coffee-brown-suede-embossed-logo,,,,,,,,,,,,,,,,,,,,,,,,,https://cdn.shopify.com/s/files/1/0912/9351/6071/files/img_89648692_20241203_i1733218009_1269_8_jpg_052b66eb-ead0-4846-a0af-1500a4c0ddf7.jpg?v=1759124511,2,,,,,,,,,,,
beau-top-handle-bag-34-in-coffee-brown-suede-embossed-logo,,,,,,,,,,,,,,,,,,,,,,,,,https://cdn.shopify.com/s/files/1/0912/9351/6071/files/img_89648692_20241203_i1733218009_876_5_jpg_54b313b5-4fd6-435f-bd87-210e2ae6d875.jpg?v=1759124511,3,,,,,,,,,,,
beau-top-handle-bag-34-in-coffee-brown-suede-embossed-logo,,,,,,,,,,,,,,,,,,,,,,,,,https://cdn.shopify.com/s/files/1/0912/9351/6071/files/img_89648692_20241203_i1733218009_4239_1_jpg_8689a627-57cb-4a22-8ac0-e5fc817438e9.jpg?v=1759124511,4,,,,,,,,,,,
beau-top-handle-bag-34-in-coffee-brown-suede-embossed-logo,,,,,,,,,,,,,,,,,,,,,,,,,https://cdn.shopify.com/s/files/1/0912/9351/6071/files/img_89648692_20241203_i1733218009_4674_7_jpg_104ab38c-120c-454b-b9f4-b6cb77f0a0ce.jpg?v=1759124511,5,,,,,,,,,,,
beau-top-handle-bag-34-in-coffee-brown-suede-embossed-logo,,,,,,,,,,,,,,,,,,,,,,,,,https://cdn.shopify.com/s/files/1/0912/9351/6071/files/img_89648692_20241203_i1733218009_6353_3_jpg_cca658ef-bfbb-48e5-9db9-0ade3e36c02a.jpg?v=1759124511,6,,,,,,,,,,,
beau-top-handle-bag-34-in-coffee-brown-suede-embossed-logo,,,,,,,,,,,,,,,,,,,,,,,,,https://cdn.shopify.com/s/files/1/0912/9351/6071/files/img_89648692_20241203_i1733218009_6701_6_jpg_c01a5ea8-c577-4b27-a88a-17be41a8a9b4.jpg?v=1759124511,7,,,,,,,,,,,
beau-top-handle-bag-34-in-coffee-brown-suede-embossed-logo,,,,,,,,,,,,,,,,,,,,,,,,,https://cdn.shopify.com/s/files/1/0912/9351/6071/files/img_89648692_20241203_i1733218009_6751_2_jpg_e55dbd65-05ab-490d-b962-8aacb4de4949.jpg?v=1759124511,8,,,,,,,,,,,
beau-top-handle-bag-34-in-coffee-brown-suede-embossed-logo,,,,,,,,,,,,,,,,,,,,,,,,,https://cdn.shopify.com/s/files/1/0912/9351/6071/files/img_89648692_20241203_i1733218009_9202_4_jpg_8ce75d94-2fcf-47b6-aa31-3f306cdf72f1.jpg?v=1759124511,9,,,,,,,,,,,
beau-top-handle-bag-28-in-black-glossy-calfskin-gold-hardware,BEAU TOP HANDLE BAG 28 IN BLACK GLOSSY CALFSKIN GOLD HARDWARE,"<p>• Color: Black</p>
<p>• Material: Glossy calfskin</p>
<p>• Size: 28 x 11 x 15 cm</p>
<p>• The products are 1:1 copies of the original version and they are the same from every detail.</p>
<p>• Support return and exchange in 1 month if the product is defective or the customer is not satisfied with the product.</p>",miumiu bag,,bag,top handle,TRUE,Title,Default Title,,,,,,0,,0,deny,manual,336.00,,TRUE,FALSE,,https://cdn.shopify.com/s/files/1/0912/9351/6071/files/img_89648692_20241203_i1733217828_8026_1_jpg_79cd7344-2dc1-4f2b-9c03-11ab5c1c8062.jpg?v=1759124521,1,,,,,,g,,,,,active
beau-top-handle-bag-28-in-black-glossy-calfskin-gold-hardware,,,,,,,,,,,,,,,,,,,,,,,,,https://cdn.shopify.com/s/files/1/0912/9351/6071/files/img_89648692_20241203_i1733217828_936_0_jpg_fef28c53-fd09-4ed2-b5b2-4003ee8faad8.jpg?v=1759124521,2,,,,,,,,,,,
beau-top-handle-bag-28-in-black-glossy-calfskin-gold-hardware,,,,,,,,,,,,,,,,,,,,,,,,,https://cdn.shopify.com/s/files/1/0912/9351/6071/files/img_89648692_20241203_i1733217828_2507_7_jpg_339960c7-250b-4cad-b1c3-185c5002fd2d.jpg?v=1759124521,3,,,,,,,,,,,
beau-top-handle-bag-28-in-black-glossy-calfskin-gold-hardware,,,,,,,,,,,,,,,,,,,,,,,,,https://cdn.shopify.com/s/files/1/0912/9351/6071/files/img_89648692_20241203_i1733217828_3686_6_jpg_897eb263-4792-4717-9fd8-e7e4e1c72a50.jpg?v=1759124521,4,,,,,,,,,,,
beau-top-handle-bag-28-in-black-glossy-calfskin-gold-hardware,,,,,,,,,,,,,,,,,,,,,,,,,https://cdn.shopify.com/s/files/1/0912/9351/6071/files/img_89648692_20241203_i1733217828_6244_3_jpg_03f647c8-aca6-441f-bcf8-4c8114ce45af.jpg?v=1759124522,5,,,,,,,,,,,
beau-top-handle-bag-28-in-black-glossy-calfskin-gold-hardware,,,,,,,,,,,,,,,,,,,,,,,,,https://cdn.shopify.com/s/files/1/0912/9351/6071/files/img_89648692_20241203_i1733217828_6332_5_jpg_ed900707-5778-4669-8da0-f21cf8ad94ac.jpg?v=1759124522,6,,,,,,,,,,,
beau-top-handle-bag-28-in-black-glossy-calfskin-gold-hardware,,,,,,,,,,,,,,,,,,,,,,,,,https://cdn.shopify.com/s/files/1/0912/9351/6071/files/img_89648692_20241203_i1733217828_6920_2_jpg_a6803a9a-48b3-41da-837f-f8e09a47c722.jpg?v=1759124522,7,,,,,,,,,,,
beau-top-handle-bag-28-in-black-glossy-calfskin-gold-hardware,,,,,,,,,,,,,,,,,,,,,,,,,https://cdn.shopify.com/s/files/1/0912/9351/6071/files/img_89648692_20241203_i1733217828_7011_8_jpg_e188ccd7-966f-4cf2-892c-90fce1c0adca.jpg?v=1759124522,8,,,,,,,,,,,
beau-top-handle-bag-28-in-black-glossy-calfskin-gold-hardware,,,,,,,,,,,,,,,,,,,,,,,,,https://cdn.shopify.com/s/files/1/0912/9351/6071/files/img_89648692_20241203_i1733217828_7476_4_jpg_6c23ccb2-8702-4a66-8fed-c6b048b362ea.jpg?v=1759124522,9,,,,,,,,,,,
beau-top-handle-bag-28-in-lava-grey-glossy-calfskin-gold-hardware,BEAU TOP HANDLE BAG 28 IN LAVA GREY GLOSSY CALFSKIN GOLD HARDWARE,"<p>• Color: Lava grey</p>
<p>• Material: Glossy calfskin</p>
<p>• Size: 28 x 11 x 15 cm</p>
<p>• The products are 1:1 copies of the original version and they are the same from every detail.</p>
<p>• Support return and exchange in 1 month if the product is defective or the customer is not satisfied with the product.</p>",miumiu bag,,bag,top handle,TRUE,Title,Default Title,,,,,,0,,0,deny,manual,336.00,,TRUE,FALSE,,https://cdn.shopify.com/s/files/1/0912/9351/6071/files/img_89648692_20241203_i1733217758_9526_8_jpg_c4c6d8fb-6b99-4f9c-9bb0-27580d2bb1c5.jpg?v=1759124532,1,,,,,,g,,,,,active
beau-top-handle-bag-28-in-lava-grey-glossy-calfskin-gold-hardware,,,,,,,,,,,,,,,,,,,,,,,,,https://cdn.shopify.com/s/files/1/0912/9351/6071/files/img_89648692_20241203_i1733217758_690_4_jpg_b5220d2d-7f58-49c2-87dc-4ca2d04ef9dc.jpg?v=1759124532,2,,,,,,,,,,,
beau-top-handle-bag-28-in-lava-grey-glossy-calfskin-gold-hardware,,,,,,,,,,,,,,,,,,,,,,,,,https://cdn.shopify.com/s/files/1/0912/9351/6071/files/img_89648692_20241203_i1733217758_986_6_jpg_f0767ad0-0f33-437f-9af2-1466dc0c4d73.jpg?v=1759124532,3,,,,,,,,,,,
beau-top-handle-bag-28-in-lava-grey-glossy-calfskin-gold-hardware,,,,,,,,,,,,,,,,,,,,,,,,,https://cdn.shopify.com/s/files/1/0912/9351/6071/files/img_89648692_20241203_i1733217758_2529_5_jpg_7b8486be-d9d8-4b0e-8092-df77447df22f.jpg?v=1759124532,4,,,,,,,,,,,
beau-top-handle-bag-28-in-lava-grey-glossy-calfskin-gold-hardware,,,,,,,,,,,,,,,,,,,,,,,,,https://cdn.shopify.com/s/files/1/0912/9351/6071/files/img_89648692_20241203_i1733217758_3052_1_jpg_a7d78ad7-7df7-4ac1-8fd0-91f37dff21c6.jpg?v=1759124532,5,,,,,,,,,,,
beau-top-handle-bag-28-in-lava-grey-glossy-calfskin-gold-hardware,,,,,,,,,,,,,,,,,,,,,,,,,https://cdn.shopify.com/s/files/1/0912/9351/6071/files/img_89648692_20241203_i1733217758_5071_7_jpg_9c981d10-f2ae-47c9-9850-98bd640888db.jpg?v=1759124532,6,,,,,,,,,,,
beau-top-handle-bag-28-in-lava-grey-glossy-calfskin-gold-hardware,,,,,,,,,,,,,,,,,,,,,,,,,https://cdn.shopify.com/s/files/1/0912/9351/6071/files/img_89648692_20241203_i1733217758_5217_2_jpg_391707f7-2a0c-493a-973e-58cbf03371b9.jpg?v=1759124532,7,,,,,,,,,,,
beau-top-handle-bag-28-in-lava-grey-glossy-calfskin-gold-hardware,,,,,,,,,,,,,,,,,,,,,,,,,https://cdn.shopify.com/s/files/1/0912/9351/6071/files/img_89648692_20241203_i1733217758_6367_0_jpg_6948868b-dc3e-4d7f-8219-c3d082818231.jpg?v=1759124532,8,,,,,,,,,,,
beau-top-handle-bag-28-in-lava-grey-glossy-calfskin-gold-hardware,,,,,,,,,,,,,,,,,,,,,,,,,https://cdn.shopify.com/s/files/1/0912/9351/6071/files/img_89648692_20241203_i1733217758_9847_3_jpg_9debd408-7fd5-46e3-951e-521eddd32913.jpg?v=1759124532,9,,,,,,,,,,,
beau-top-handle-bag-28-in-chocolate-brown-glossy-calfskin-gold-hardware,BEAU TOP HANDLE BAG 28 IN CHOCOLATE BROWN GLOSSY CALFSKIN GOLD HARDWARE,"<p>• Color: Lava grey</p>
<p>• Material: Glossy calfskin</p>
<p>• Size: 28 x 11 x 15 cm</p>
<p>• The products are 1:1 copies of the original version and they are the same from every detail.</p>
<p>• Support return and exchange in 1 month if the product is defective or the customer is not satisfied with the product.</p>",miumiu bag,,bag,top handle,TRUE,Title,Default Title,,,,,,0,,0,deny,manual,336.00,,TRUE,FALSE,,https://cdn.shopify.com/s/files/1/0912/9351/6071/files/img_89648692_20241203_i1733217656_1800_5_jpg_5b2eef6a-d5bd-4383-b82f-b2e81fa4bc14.jpg?v=1759124543,1,,,,,,g,,,,,active
beau-top-handle-bag-28-in-chocolate-brown-glossy-calfskin-gold-hardware,,,,,,,,,,,,,,,,,,,,,,,,,https://cdn.shopify.com/s/files/1/0912/9351/6071/files/img_89648692_20241203_i1733217656_922_2_jpg_a7a197d6-4540-46d2-b9a2-8065c0c4ceda.jpg?v=1759124543,2,,,,,,,,,,,
beau-top-handle-bag-28-in-chocolate-brown-glossy-calfskin-gold-hardware,,,,,,,,,,,,,,,,,,,,,,,,,https://cdn.shopify.com/s/files/1/0912/9351/6071/files/img_89648692_20241203_i1733217656_1025_0_jpg_b4106dfb-aaba-43bb-b7c1-e15232e845dd.jpg?v=1759124543,3,,,,,,,,,,,
beau-top-handle-bag-28-in-chocolate-brown-glossy-calfskin-gold-hardware,,,,,,,,,,,,,,,,,,,,,,,,,https://cdn.shopify.com/s/files/1/0912/9351/6071/files/img_89648692_20241203_i1733217656_2227_1_jpg_0053e6cd-7ea6-4962-89b0-e20d7d552b03.jpg?v=1759124543,4,,,,,,,,,,,
beau-top-handle-bag-28-in-chocolate-brown-glossy-calfskin-gold-hardware,,,,,,,,,,,,,,,,,,,,,,,,,https://cdn.shopify.com/s/files/1/0912/9351/6071/files/img_89648692_20241203_i1733217656_4351_4_jpg_6a2dd7cb-1eaa-4b51-9b42-0954913cafe3.jpg?v=1759124543,5,,,,,,,,,,,
beau-top-handle-bag-28-in-chocolate-brown-glossy-calfskin-gold-hardware,,,,,,,,,,,,,,,,,,,,,,,,,https://cdn.shopify.com/s/files/1/0912/9351/6071/files/img_89648692_20241203_i1733217656_6606_3_jpg_fd7e3d95-b810-4749-829d-7b8d098f423e.jpg?v=1759124543,6,,,,,,,,,,,
beau-top-handle-bag-28-in-chocolate-brown-glossy-calfskin-gold-hardware,,,,,,,,,,,,,,,,,,,,,,,,,https://cdn.shopify.com/s/files/1/0912/9351/6071/files/img_89648692_20241203_i1733217656_6787_6_jpg_283a82f1-5667-40d3-98a1-a362b8c7f64e.jpg?v=1759124543,7,,,,,,,,,,,
beau-top-handle-bag-28-in-chocolate-brown-glossy-calfskin-gold-hardware,,,,,,,,,,,,,,,,,,,,,,,,,https://cdn.shopify.com/s/files/1/0912/9351/6071/files/img_89648692_20241203_i1733217656_7420_8_jpg_82231f03-c640-422e-90eb-0c4ec1c68bdd.jpg?v=1759124543,8,,,,,,,,,,,
beau-top-handle-bag-28-in-chocolate-brown-glossy-calfskin-gold-hardware,,,,,,,,,,,,,,,,,,,,,,,,,https://cdn.shopify.com/s/files/1/0912/9351/6071/files/img_89648692_20241203_i1733217656_9823_7_jpg_0c40122a-287b-4078-bcbe-3145fa305e45.jpg?v=1759124543,9,,,,,,,,,,,
chain-shoulder-bag-24-in-peanut-brown-patent-smooth-calfskin,CHAIN SHOULDER BAG 24 IN PEANUT BROWN PATENT SMOOTH CALFSKIN,"<p>• Color: Peanut brown</p>
<p>• Material: Patent calfskin</p>
<p>• Size: 24 x 13.5 x 9 cm</p>
<p>• The products are 1:1 copies of the original version and they are the same from every detail.</p>
<p>• Support return and exchange in 1 month if the product is defective or the customer is not satisfied with the product.</p>",miumiu bag,,bag,top handle,TRUE,Title,Default Title,,,,,,0,,0,deny,manual,336.00,,TRUE,FALSE,,https://cdn.shopify.com/s/files/1/0912/9351/6071/files/img_89648692_20241203_i1733217947_6750_6_jpg_317cacbf-1e03-4676-bb31-36bb4e159517.jpg?v=1759124553,1,,,,,,g,,,,,active
chain-shoulder-bag-24-in-peanut-brown-patent-smooth-calfskin,,,,,,,,,,,,,,,,,,,,,,,,,https://cdn.shopify.com/s/files/1/0912/9351/6071/files/img_89648692_20241203_i1733217947_4095_4_jpg_b0be217b-3eb6-48ec-af2d-3ab53e7b3c17.jpg?v=1759124553,2,,,,,,,,,,,
chain-shoulder-bag-24-in-peanut-brown-patent-smooth-calfskin,,,,,,,,,,,,,,,,,,,,,,,,,https://cdn.shopify.com/s/files/1/0912/9351/6071/files/img_89648692_20241203_i1733217947_5440_2_jpg_535c8fcb-88aa-4701-ae81-ff84f17c7cd9.jpg?v=1759124553,3,,,,,,,,,,,
chain-shoulder-bag-24-in-peanut-brown-patent-smooth-calfskin,,,,,,,,,,,,,,,,,,,,,,,,,https://cdn.shopify.com/s/files/1/0912/9351/6071/files/img_89648692_20241203_i1733217947_7394_5_jpg_855b4ec1-c033-4491-abb3-e41048d57ea7.jpg?v=1759124553,4,,,,,,,,,,,
chain-shoulder-bag-24-in-peanut-brown-patent-smooth-calfskin,,,,,,,,,,,,,,,,,,,,,,,,,https://cdn.shopify.com/s/files/1/0912/9351/6071/files/img_89648692_20241203_i1733217947_9148_3_jpg_7cb4e6e3-6ce5-4b3e-a704-9765fdeb2188.jpg?v=1759124553,5,,,,,,,,,,,
chain-shoulder-bag-24-in-peanut-brown-patent-smooth-calfskin,,,,,,,,,,,,,,,,,,,,,,,,,https://cdn.shopify.com/s/files/1/0912/9351/6071/files/img_89648692_20241203_i1733217947_869_8_jpg_ddf88fe7-d163-41fb-b6a7-6240b2a68659.jpg?v=1759124553,6,,,,,,,,,,,
chain-shoulder-bag-24-in-peanut-brown-patent-smooth-calfskin,,,,,,,,,,,,,,,,,,,,,,,,,https://cdn.shopify.com/s/files/1/0912/9351/6071/files/img_89648692_20241203_i1733217947_1789_7_jpg_a07b3ee1-d470-4412-b765-8e4ae35a6dbb.jpg?v=1759124554,7,,,,,,,,,,,
chain-shoulder-bag-24-in-peanut-brown-patent-smooth-calfskin,,,,,,,,,,,,,,,,,,,,,,,,,https://cdn.shopify.com/s/files/1/0912/9351/6071/files/img_89648692_20241203_i1733217947_2228_1_jpg_7308befc-0d13-465e-b86e-47a82d6873c4.jpg?v=1759124554,8,,,,,,,,,,,
chain-shoulder-bag-24-in-peanut-brown-patent-smooth-calfskin,,,,,,,,,,,,,,,,,,,,,,,,,https://cdn.shopify.com/s/files/1/0912/9351/6071/files/img_89648692_20241203_i1733217947_9629_0_jpg_fdf313cb-2e19-42ae-80db-a41274e35df2.jpg?v=1759124554,9,,,,,,,,,,,
chain-shoulder-bag-24-in-slate-grey-patent-smooth-calfskin,CHAIN SHOULDER BAG 24 IN SLATE GREY PATENT SMOOTH CALFSKIN,"<p>• Color: Slate grey</p>
<p>• Material: Patent smooth calfskin</p>
<p>• Size: 24 x 13.5 x 9 cm</p>
<p>• The products are 1:1 copies of the original version and they are the same from every detail.</p>
<p>• Support return and exchange in 1 month if the product is defective or the customer is not satisfied with the product.</p>",miumiu bag,,bag,top handle,TRUE,Title,Default Title,,,,,,0,,0,deny,manual,336.00,,TRUE,FALSE,,https://cdn.shopify.com/s/files/1/0912/9351/6071/files/img_89648692_20241203_i1733218123_1991_7_jpg_4b44076e-8ee6-4da4-adea-9a7994afd013.jpg?v=1759124564,1,,,,,,g,,,,,active
chain-shoulder-bag-24-in-slate-grey-patent-smooth-calfskin,,,,,,,,,,,,,,,,,,,,,,,,,https://cdn.shopify.com/s/files/1/0912/9351/6071/files/img_89648692_20241203_i1733218123_3313_4_jpg_7d09b9ae-1f88-45b7-9f7e-66f07293dac3.jpg?v=1759124564,2,,,,,,,,,,,
chain-shoulder-bag-24-in-slate-grey-patent-smooth-calfskin,,,,,,,,,,,,,,,,,,,,,,,,,https://cdn.shopify.com/s/files/1/0912/9351/6071/files/img_89648692_20241203_i1733218123_6107_6_jpg_9b4b0bdb-eec6-45bb-b24d-0cc19464fc23.jpg?v=1759124564,3,,,,,,,,,,,
chain-shoulder-bag-24-in-slate-grey-patent-smooth-calfskin,,,,,,,,,,,,,,,,,,,,,,,,,https://cdn.shopify.com/s/files/1/0912/9351/6071/files/img_89648692_20241203_i1733218123_6579_0_jpg_3cf732da-65ab-4c79-b985-2566085028d1.jpg?v=1759124564,4,,,,,,,,,,,
chain-shoulder-bag-24-in-slate-grey-patent-smooth-calfskin,,,,,,,,,,,,,,,,,,,,,,,,,https://cdn.shopify.com/s/files/1/0912/9351/6071/files/img_89648692_20241203_i1733218123_7022_5_jpg_a553b06a-785f-4ca6-8d87-86a4e27865bd.jpg?v=1759124564,5,,,,,,,,,,,
chain-shoulder-bag-24-in-slate-grey-patent-smooth-calfskin,,,,,,,,,,,,,,,,,,,,,,,,,https://cdn.shopify.com/s/files/1/0912/9351/6071/files/img_89648692_20241203_i1733218123_8177_2_jpg_ab6c3d79-0c68-4754-a6ab-cf5bf1d82b88.jpg?v=1759124564,6,,,,,,,,,,,
chain-shoulder-bag-24-in-slate-grey-patent-smooth-calfskin,,,,,,,,,,,,,,,,,,,,,,,,,https://cdn.shopify.com/s/files/1/0912/9351/6071/files/img_89648692_20241203_i1733218123_5463_8_jpg_92679a7a-435b-46af-a771-17437369322d.jpg?v=1759124564,7,,,,,,,,,,,
chain-shoulder-bag-24-in-slate-grey-patent-smooth-calfskin,,,,,,,,,,,,,,,,,,,,,,,,,https://cdn.shopify.com/s/files/1/0912/9351/6071/files/img_89648692_20241203_i1733218123_7492_3_jpg_6aa07ba3-c148-4527-bb45-bd1b3ee2f255.jpg?v=1759124564,8,,,,,,,,,,,
chain-shoulder-bag-24-in-slate-grey-patent-smooth-calfskin,,,,,,,,,,,,,,,,,,,,,,,,,https://cdn.shopify.com/s/files/1/0912/9351/6071/files/img_89648692_20241203_i1733218123_7840_1_jpg_a5ae4b21-bc9f-431f-8e5f-291ff6481dc9.jpg?v=1759124564,9,,,,,,,,,,,
chain-shoulder-bag-24-in-black-patent-smooth-calfskin,CHAIN SHOULDER BAG 24 IN BLACK PATENT SMOOTH CALFSKIN,"<p>• Color: Black</p>
<p>• Material: Patent smooth calfskin</p>
<p>• Size: 24 x 13.5 x 9 cm</p>
<p>• The products are 1:1 copies of the original version and they are the same from every detail.</p>
<p>• Support return and exchange in 1 month if the product is defective or the customer is not satisfied with the product.</p>",miumiu bag,,bag,top handle,TRUE,Title,Default Title,,,,,,0,,0,deny,manual,336.00,,TRUE,FALSE,,https://cdn.shopify.com/s/files/1/0912/9351/6071/files/img_89648692_20241203_i1733217893_9389_1_jpg_9dbb5a55-bb3e-4135-9266-c50d0cded297.jpg?v=1759124574,1,,,,,,g,,,,,active
chain-shoulder-bag-24-in-black-patent-smooth-calfskin,,,,,,,,,,,,,,,,,,,,,,,,,https://cdn.shopify.com/s/files/1/0912/9351/6071/files/img_89648692_20241203_i1733217893_62_4_jpg_d0385ade-a0b2-430b-8b5b-e111aaac35bd.jpg?v=1759124574,2,,,,,,,,,,,
chain-shoulder-bag-24-in-black-patent-smooth-calfskin,,,,,,,,,,,,,,,,,,,,,,,,,https://cdn.shopify.com/s/files/1/0912/9351/6071/files/img_89648692_20241203_i1733217893_2026_3_jpg_df1fae71-2e93-4678-abb0-2fd88fb41ab9.jpg?v=1759124574,3,,,,,,,,,,,
chain-shoulder-bag-24-in-black-patent-smooth-calfskin,,,,,,,,,,,,,,,,,,,,,,,,,https://cdn.shopify.com/s/files/1/0912/9351/6071/files/img_89648692_20241203_i1733217893_2078_8_jpg_696b1eee-b6c7-4e0b-9a32-eba27a0d61af.jpg?v=1759124574,4,,,,,,,,,,,
chain-shoulder-bag-24-in-black-patent-smooth-calfskin,,,,,,,,,,,,,,,,,,,,,,,,,https://cdn.shopify.com/s/files/1/0912/9351/6071/files/img_89648692_20241203_i1733217893_4273_6_jpg_eeeda3a7-a554-4168-b7b3-8cfaed8bc4e9.jpg?v=1759124574,5,,,,,,,,,,,
chain-shoulder-bag-24-in-black-patent-smooth-calfskin,,,,,,,,,,,,,,,,,,,,,,,,,https://cdn.shopify.com/s/files/1/0912/9351/6071/files/img_89648692_20241203_i1733217893_6928_7_jpg_228c46b5-6fcc-4bd9-b047-ce662d3d8c4a.jpg?v=1759124574,6,,,,,,,,,,,
chain-shoulder-bag-24-in-black-patent-smooth-calfskin,,,,,,,,,,,,,,,,,,,,,,,,,https://cdn.shopify.com/s/files/1/0912/9351/6071/files/img_89648692_20241203_i1733217893_8507_0_jpg_275bd683-ad43-42cc-8b8d-ac1ea53365a0.jpg?v=1759124574,7,,,,,,,,,,,
chain-shoulder-bag-24-in-black-patent-smooth-calfskin,,,,,,,,,,,,,,,,,,,,,,,,,https://cdn.shopify.com/s/files/1/0912/9351/6071/files/img_89648692_20241203_i1733217893_9131_2_jpg_bcd00b82-9baf-4a9d-94c9-4ae0083fa22c.jpg?v=1759124574,8,,,,,,,,,,,
chain-shoulder-bag-24-in-black-patent-smooth-calfskin,,,,,,,,,,,,,,,,,,,,,,,,,https://cdn.shopify.com/s/files/1/0912/9351/6071/files/img_89648692_20241203_i1733217904_1407_0_jpg_95128762-de22-4e84-8a5d-7b5c0b3663ee.jpg?v=1759124574,9,,,,,,,,,,,
arcadie-bag-27-in-white-calfskin-embossed-logo,ARCADIE BAG 27 IN WHITE CALFSKIN EMBOSSED LOGO,"<p>• Color: White</p>
<p>• Material: Calfskin</p>
<p>• Size: 27 x 12 x 9 cm</p>
<p>• The products are 1:1 copies of the original version and they are the same from every detail.</p>
<p>• Support return and exchange in 1 month if the product is defective or the customer is not satisfied with the product.</p>",miumiu bag,,bag,top handle,TRUE,Title,Default Title,,,,,,0,,0,deny,manual,325.50,,TRUE,FALSE,,https://cdn.shopify.com/s/files/1/0912/9351/6071/files/img_89648692_20241113_i1731494077_8159_0_jpg_709db10f-ac86-4ba5-9032-a622d7272e58.jpg?v=1759124594,1,,,,,,g,,,,,active
arcadie-bag-27-in-white-calfskin-embossed-logo,,,,,,,,,,,,,,,,,,,,,,,,,https://cdn.shopify.com/s/files/1/0912/9351/6071/files/img_89648692_20241113_i1731494077_1484_6_jpg_5ef2e9bc-630c-49a5-aa93-aa580852283a.jpg?v=1759124594,2,,,,,,,,,,,
arcadie-bag-27-in-white-calfskin-embossed-logo,,,,,,,,,,,,,,,,,,,,,,,,,https://cdn.shopify.com/s/files/1/0912/9351/6071/files/img_89648692_20241113_i1731494077_1739_5_jpg_37c3feb4-7903-4cec-88c6-139876c58666.jpg?v=1759124594,3,,,,,,,,,,,
arcadie-bag-27-in-white-calfskin-embossed-logo,,,,,,,,,,,,,,,,,,,,,,,,,https://cdn.shopify.com/s/files/1/0912/9351/6071/files/img_89648692_20241113_i1731494077_3654_3_jpg_a6ede45d-9ccf-4633-9530-521fdf6014b9.jpg?v=1759124594,4,,,,,,,,,,,
arcadie-bag-27-in-white-calfskin-embossed-logo,,,,,,,,,,,,,,,,,,,,,,,,,https://cdn.shopify.com/s/files/1/0912/9351/6071/files/img_89648692_20241113_i1731494077_4057_2_jpg_480ac503-852b-4a2e-a03e-50b0cf24126f.jpg?v=1759124594,5,,,,,,,,,,,
arcadie-bag-27-in-white-calfskin-embossed-logo,,,,,,,,,,,,,,,,,,,,,,,,,https://cdn.shopify.com/s/files/1/0912/9351/6071/files/img_89648692_20241113_i1731494077_4941_1_jpg_13491dcd-be32-47e3-8a17-54bf1636cf79.jpg?v=1759124594,6,,,,,,,,,,,
arcadie-bag-27-in-white-calfskin-embossed-logo,,,,,,,,,,,,,,,,,,,,,,,,,https://cdn.shopify.com/s/files/1/0912/9351/6071/files/img_89648692_20241113_i1731494077_7839_4_jpg_a9988ded-7dd6-42e0-b5c2-4ba605322974.jpg?v=1759124594,7,,,,,,,,,,,
arcadie-bag-27-in-white-calfskin-embossed-logo,,,,,,,,,,,,,,,,,,,,,,,,,https://cdn.shopify.com/s/files/1/0912/9351/6071/files/img_89648692_20241113_i1731494077_8846_7_jpg_b4c5afb4-fcaf-4507-9f3f-6eeeb1b6c5d4.jpg?v=1759124594,8,,,,,,,,,,,
arcadie-bag-27-in-white-calfskin-embossed-logo,,,,,,,,,,,,,,,,,,,,,,,,,https://cdn.shopify.com/s/files/1/0912/9351/6071/files/img_89648692_20241113_i1731494096_9694_0_jpg_19d87ad1-5903-42e4-a768-3fe9f6b6e8d3.jpg?v=1759124594,9,,,,,,,,,,,
wander-matelasse-handbag-23-in-cerise-red-lambskin,WANDER MATELASSÉ HANDBAG 23 IN CERISE RED LAMBSKIN,"<p>• Color: Cerise</p>
<p>• Material: Lambskin</p>
<p>• Size: 23 x 13 x 7 cm</p>
<p>• The products are 1:1 copies of the original version and they are the same from every detail.</p>
<p>• Support return and exchange in 1 month if the product is defective or the customer is not satisfied with the product.</p>",miumiu bag,,bag,hobo bag,TRUE,Title,Default Title,,,,,,0,,0,deny,manual,304.50,,TRUE,FALSE,,https://cdn.shopify.com/s/files/1/0912/9351/6071/files/img_89648692_20250102_i1735812457_4772_1_jpg_b96bfbb2-e5a9-4e45-b564-630cb632470f.jpg?v=1759124615,1,,,,,,g,,,,,active
wander-matelasse-handbag-23-in-cerise-red-lambskin,,,,,,,,,,,,,,,,,,,,,,,,,https://cdn.shopify.com/s/files/1/0912/9351/6071/files/img_89648692_20250102_i1735812457_1991_8_jpg_db8b4170-423b-4076-91bd-8257de8f1481.jpg?v=1759124615,2,,,,,,,,,,,
wander-matelasse-handbag-23-in-cerise-red-lambskin,,,,,,,,,,,,,,,,,,,,,,,,,https://cdn.shopify.com/s/files/1/0912/9351/6071/files/img_89648692_20250102_i1735812457_2576_5_jpg_bfe6dffb-31e4-4754-9c94-54d3506b8bf8.jpg?v=1759124615,3,,,,,,,,,,,
wander-matelasse-handbag-23-in-cerise-red-lambskin,,,,,,,,,,,,,,,,,,,,,,,,,https://cdn.shopify.com/s/files/1/0912/9351/6071/files/img_89648692_20250102_i1735812457_5539_2_jpg_96b24a8e-b1d4-4992-9ac0-6b92e34fedb5.jpg?v=1759124615,4,,,,,,,,,,,
wander-matelasse-handbag-23-in-cerise-red-lambskin,,,,,,,,,,,,,,,,,,,,,,,,,https://cdn.shopify.com/s/files/1/0912/9351/6071/files/img_89648692_20250102_i1735812457_5779_7_jpg_9f89c5ec-527c-4b0c-89f9-93bd0d1d103e.jpg?v=1759124615,5,,,,,,,,,,,
wander-matelasse-handbag-23-in-cerise-red-lambskin,,,,,,,,,,,,,,,,,,,,,,,,,https://cdn.shopify.com/s/files/1/0912/9351/6071/files/img_89648692_20250102_i1735812457_6174_4_jpg_037af4d1-04bd-43db-9750-5d15e21df71d.jpg?v=1759124615,6,,,,,,,,,,,
wander-matelasse-handbag-23-in-cerise-red-lambskin,,,,,,,,,,,,,,,,,,,,,,,,,https://cdn.shopify.com/s/files/1/0912/9351/6071/files/img_89648692_20250102_i1735812457_7270_0_jpg_214334bd-7a90-4621-a744-47ca17152323.jpg?v=1759124615,7,,,,,,,,,,,
wander-matelasse-handbag-23-in-cerise-red-lambskin,,,,,,,,,,,,,,,,,,,,,,,,,https://cdn.shopify.com/s/files/1/0912/9351/6071/files/img_89648692_20250102_i1735812457_7967_3_jpg_fb491aae-7193-4ace-b114-c9eb861dcddc.jpg?v=1759124615,8,,,,,,,,,,,
wander-matelasse-handbag-23-in-cerise-red-lambskin,,,,,,,,,,,,,,,,,,,,,,,,,https://cdn.shopify.com/s/files/1/0912/9351/6071/files/img_89648692_20250102_i1735812457_9403_6_jpg_83b6bd76-1edc-485b-ae2c-337a7df5acaf.jpg?v=1759124615,9,,,,,,,,,,,
wander-matelasse-handbag-23-in-contessa-pink-lambskin,WANDER MATELASSÉ HANDBAG 23 IN CONTESSA PINK LAMBSKIN,"<p>• Color: Contessa Pink</p>
<p>• Material: Lambskin</p>
<p>• Size: 23 x 13 x 7 cm</p>
<p>• The products are 1:1 copies of the original version and they are the same from every detail.</p>
<p>• Support return and exchange in 1 month if the product is defective or the customer is not satisfied with the product.</p>",miumiu bag,,bag,hobo bag,TRUE,Title,Default Title,,,,,,0,,0,deny,manual,304.50,,TRUE,FALSE,,https://cdn.shopify.com/s/files/1/0912/9351/6071/files/img_89648692_20250102_i1735812574_839_0_jpg_3ebb3133-10ff-4a14-be49-14614ae69b08.jpg?v=1759124624,1,,,,,,g,,,,,active
wander-matelasse-handbag-23-in-contessa-pink-lambskin,,,,,,,,,,,,,,,,,,,,,,,,,https://cdn.shopify.com/s/files/1/0912/9351/6071/files/img_89648692_20250102_i1735812574_891_1_jpg_7dc4f868-110c-4165-9fbe-a5f0f7cd8a67.jpg?v=1759124624,2,,,,,,,,,,,
wander-matelasse-handbag-23-in-contessa-pink-lambskin,,,,,,,,,,,,,,,,,,,,,,,,,https://cdn.shopify.com/s/files/1/0912/9351/6071/files/img_89648692_20250102_i1735812574_1745_3_jpg_05645fac-f5e7-4a43-9299-d8097a039203.jpg?v=1759124624,3,,,,,,,,,,,
wander-matelasse-handbag-23-in-contessa-pink-lambskin,,,,,,,,,,,,,,,,,,,,,,,,,https://cdn.shopify.com/s/files/1/0912/9351/6071/files/img_89648692_20250102_i1735812574_2882_4_jpg_d740bf15-8c36-4573-98c9-2c3805437dba.jpg?v=1759124624,4,,,,,,,,,,,
wander-matelasse-handbag-23-in-contessa-pink-lambskin,,,,,,,,,,,,,,,,,,,,,,,,,https://cdn.shopify.com/s/files/1/0912/9351/6071/files/img_89648692_20250102_i1735812574_3763_8_jpg_e1cd6956-b22c-4c5f-bdae-2bd6053cc72f.jpg?v=1759124624,5,,,,,,,,,,,
wander-matelasse-handbag-23-in-contessa-pink-lambskin,,,,,,,,,,,,,,,,,,,,,,,,,https://cdn.shopify.com/s/files/1/0912/9351/6071/files/img_89648692_20250102_i1735812574_6219_6_jpg_f525e250-570e-4e5a-b2f4-424fd0c74adf.jpg?v=1759124624,6,,,,,,,,,,,
wander-matelasse-handbag-23-in-contessa-pink-lambskin,,,,,,,,,,,,,,,,,,,,,,,,,https://cdn.shopify.com/s/files/1/0912/9351/6071/files/img_89648692_20250102_i1735812574_6440_5_jpg_99555a36-9aee-4cbb-ad0d-d87e966560f2.jpg?v=1759124624,7,,,,,,,,,,,
wander-matelasse-handbag-23-in-contessa-pink-lambskin,,,,,,,,,,,,,,,,,,,,,,,,,https://cdn.shopify.com/s/files/1/0912/9351/6071/files/img_89648692_20250102_i1735812574_9309_7_jpg_89440668-2108-424e-b9c3-7d2a10c6dd0d.jpg?v=1759124624,8,,,,,,,,,,,
wander-matelasse-handbag-23-in-contessa-pink-lambskin,,,,,,,,,,,,,,,,,,,,,,,,,https://cdn.shopify.com/s/files/1/0912/9351/6071/files/img_89648692_20250102_i1735812574_9717_2_jpg_1c9b6d45-3371-4608-b278-0efe7304a0a4.jpg?v=1759124624,9,,,,,,,,,,,
wander-matelasse-handbag-23-in-silver-patent-lambskin,WANDER MATELASSÉ HANDBAG 23 IN SILVER PATENT LAMBSKIN,"<p>• Color: Silver</p>
<p>• Material: Patent Lambskin</p>
<p>• Size: 23 x 13 x 7 cm</p>
<p>• The products are 1:1 copies of the original version and they are the same from every detail.</p>
<p>• Support return and exchange in 1 month if the product is defective or the customer is not satisfied with the product.</p>",miumiu bag,,bag,hobo bag,TRUE,Title,Default Title,,,,,,0,,0,deny,manual,304.50,,TRUE,FALSE,,https://cdn.shopify.com/s/files/1/0912/9351/6071/files/img_89648692_20250102_i1735813163_1893_5_jpg_e558bb1c-d5b9-4550-977c-4fd81b8d07c4.jpg?v=1759124633,1,,,,,,g,,,,,active
wander-matelasse-handbag-23-in-silver-patent-lambskin,,,,,,,,,,,,,,,,,,,,,,,,,https://cdn.shopify.com/s/files/1/0912/9351/6071/files/img_89648692_20250102_i1735813163_690_2_jpg_f4392cb2-af5d-4b11-a936-1e34ef8f2079.jpg?v=1759124633,2,,,,,,,,,,,
wander-matelasse-handbag-23-in-silver-patent-lambskin,,,,,,,,,,,,,,,,,,,,,,,,,https://cdn.shopify.com/s/files/1/0912/9351/6071/files/img_89648692_20250102_i1735813163_1153_1_jpg_e76fcd9a-aa06-4677-89af-64de32ff4f39.jpg?v=1759124633,3,,,,,,,,,,,
wander-matelasse-handbag-23-in-silver-patent-lambskin,,,,,,,,,,,,,,,,,,,,,,,,,https://cdn.shopify.com/s/files/1/0912/9351/6071/files/img_89648692_20250102_i1735813163_1192_6_jpg_e1d532cb-acc3-4661-854b-91ecb452e207.jpg?v=1759124633,4,,,,,,,,,,,
wander-matelasse-handbag-23-in-silver-patent-lambskin,,,,,,,,,,,,,,,,,,,,,,,,,https://cdn.shopify.com/s/files/1/0912/9351/6071/files/img_89648692_20250102_i1735813163_1556_0_jpg_08823bbe-d893-41b3-9fdb-a740f30e392a.jpg?v=1759124633,5,,,,,,,,,,,
wander-matelasse-handbag-23-in-silver-patent-lambskin,,,,,,,,,,,,,,,,,,,,,,,,,https://cdn.shopify.com/s/files/1/0912/9351/6071/files/img_89648692_20250102_i1735813163_1864_8_jpg_d555a4b6-c2b5-4e15-9656-996a66a8c812.jpg?v=1759124633,6,,,,,,,,,,,
wander-matelasse-handbag-23-in-silver-patent-lambskin,,,,,,,,,,,,,,,,,,,,,,,,,https://cdn.shopify.com/s/files/1/0912/9351/6071/files/img_89648692_20250102_i1735813163_2223_4_jpg_d79509c7-1305-4ecd-aee3-3092fe2b7076.jpg?v=1759124633,7,,,,,,,,,,,
wander-matelasse-handbag-23-in-silver-patent-lambskin,,,,,,,,,,,,,,,,,,,,,,,,,https://cdn.shopify.com/s/files/1/0912/9351/6071/files/img_89648692_20250102_i1735813163_5219_7_jpg_3ce456ea-65df-4194-9eaf-fabe920e9b88.jpg?v=1759124633,8,,,,,,,,,,,
wander-matelasse-handbag-23-in-silver-patent-lambskin,,,,,,,,,,,,,,,,,,,,,,,,,https://cdn.shopify.com/s/files/1/0912/9351/6071/files/img_89648692_20250102_i1735813163_9631_3_jpg_2da5b42c-a291-441e-a330-3111b50ebc17.jpg?v=1759124633,9,,,,,,,,,,,
wander-matelasse-handbag-23-in-white-lambskin,WANDER MATELASSÉ HANDBAG 23 IN WHITE LAMBSKIN,"<p>• Color: White</p>
<p>• Material: Lambskin</p>
<p>• Size: 23 x 13 x 7 cm</p>
<p>• The products are 1:1 copies of the original version and they are the same from every detail.</p>
<p>• Support return and exchange in 1 month if the product is defective or the customer is not satisfied with the product.</p>",miumiu bag,,bag,hobo bag,TRUE,Title,Default Title,,,,,,0,,0,deny,manual,304.50,,TRUE,FALSE,,https://cdn.shopify.com/s/files/1/0912/9351/6071/files/img_89648692_20241212_i1734002421_6144_7_jpg.jpg?v=1759124660,1,,,,,,g,,,,,active
wander-matelasse-handbag-23-in-white-lambskin,,,,,,,,,,,,,,,,,,,,,,,,,https://cdn.shopify.com/s/files/1/0912/9351/6071/files/img_89648692_20241212_i1734002421_123_0_jpg.jpg?v=1759124660,2,,,,,,,,,,,
wander-matelasse-handbag-23-in-white-lambskin,,,,,,,,,,,,,,,,,,,,,,,,,https://cdn.shopify.com/s/files/1/0912/9351/6071/files/img_89648692_20241212_i1734002421_746_1_jpg.jpg?v=1759124660,3,,,,,,,,,,,
wander-matelasse-handbag-23-in-white-lambskin,,,,,,,,,,,,,,,,,,,,,,,,,https://cdn.shopify.com/s/files/1/0912/9351/6071/files/img_89648692_20241212_i1734002421_2243_4_jpg.jpg?v=1759124660,4,,,,,,,,,,,
wander-matelasse-handbag-23-in-white-lambskin,,,,,,,,,,,,,,,,,,,,,,,,,https://cdn.shopify.com/s/files/1/0912/9351/6071/files/img_89648692_20241212_i1734002421_7744_2_jpg.jpg?v=1759124660,5,,,,,,,,,,,
wander-matelasse-handbag-23-in-white-lambskin,,,,,,,,,,,,,,,,,,,,,,,,,https://cdn.shopify.com/s/files/1/0912/9351/6071/files/img_89648692_20241212_i1734002421_8956_6_jpg.jpg?v=1759124660,6,,,,,,,,,,,
wander-matelasse-handbag-23-in-white-lambskin,,,,,,,,,,,,,,,,,,,,,,,,,https://cdn.shopify.com/s/files/1/0912/9351/6071/files/img_89648692_20241212_i1734002421_9300_5_jpg.jpg?v=1759124660,7,,,,,,,,,,,
wander-matelasse-handbag-23-in-white-lambskin,,,,,,,,,,,,,,,,,,,,,,,,,https://cdn.shopify.com/s/files/1/0912/9351/6071/files/img_89648692_20241212_i1734002421_9439_3_jpg.jpg?v=1759124660,8,,,,,,,,,,,
wander-matelasse-handbag-23-in-white-lambskin,,,,,,,,,,,,,,,,,,,,,,,,,https://cdn.shopify.com/s/files/1/0912/9351/6071/files/img_89648692_20241212_i1734002421_9768_8_jpg.jpg?v=1759124660,9,,,,,,,,,,,
arcadie-matelasse-bag-24-in-cerise-red-calfskin-gold-hardware,ARCADIE MATELASSÉ BAG 24 IN CERISE RED CALFSKIN GOLD HARDWARE,"<p>• Color: Cerise red</p>
<p>• Material: Calfskin</p>
<p>• Size: 24 x 17 x 7.5 cm</p>
<p>• The products are 1:1 copies of the original version and they are the same from every detail.</p>
<p>• Support return and exchange in 1 month if the product is defective or the customer is not satisfied with the product.</p>",miumiu bag,,bag,top handle,TRUE,Title,Default Title,,,,,,0,,0,deny,manual,346.50,,TRUE,FALSE,,https://cdn.shopify.com/s/files/1/0912/9351/6071/files/img_89648692_20250102_i1735813495_3810_1_jpg.jpg?v=1759124669,1,,,,,,g,,,,,active
arcadie-matelasse-bag-24-in-cerise-red-calfskin-gold-hardware,,,,,,,,,,,,,,,,,,,,,,,,,https://cdn.shopify.com/s/files/1/0912/9351/6071/files/img_89648692_20250102_i1735813495_142_7_jpg.jpg?v=1759124669,2,,,,,,,,,,,
arcadie-matelasse-bag-24-in-cerise-red-calfskin-gold-hardware,,,,,,,,,,,,,,,,,,,,,,,,,https://cdn.shopify.com/s/files/1/0912/9351/6071/files/img_89648692_20250102_i1735813495_4107_3_jpg.jpg?v=1759124669,3,,,,,,,,,,,
arcadie-matelasse-bag-24-in-cerise-red-calfskin-gold-hardware,,,,,,,,,,,,,,,,,,,,,,,,,https://cdn.shopify.com/s/files/1/0912/9351/6071/files/img_89648692_20250102_i1735813495_4642_4_jpg.jpg?v=1759124669,4,,,,,,,,,,,
arcadie-matelasse-bag-24-in-cerise-red-calfskin-gold-hardware,,,,,,,,,,,,,,,,,,,,,,,,,https://cdn.shopify.com/s/files/1/0912/9351/6071/files/img_89648692_20250102_i1735813495_5004_5_jpg.jpg?v=1759124669,5,,,,,,,,,,,
arcadie-matelasse-bag-24-in-cerise-red-calfskin-gold-hardware,,,,,,,,,,,,,,,,,,,,,,,,,https://cdn.shopify.com/s/files/1/0912/9351/6071/files/img_89648692_20250102_i1735813495_5473_0_jpg.jpg?v=1759124669,6,,,,,,,,,,,
arcadie-matelasse-bag-24-in-cerise-red-calfskin-gold-hardware,,,,,,,,,,,,,,,,,,,,,,,,,https://cdn.shopify.com/s/files/1/0912/9351/6071/files/img_89648692_20250102_i1735813495_6107_8_jpg.jpg?v=1759124669,7,,,,,,,,,,,
arcadie-matelasse-bag-24-in-cerise-red-calfskin-gold-hardware,,,,,,,,,,,,,,,,,,,,,,,,,https://cdn.shopify.com/s/files/1/0912/9351/6071/files/img_89648692_20250102_i1735813495_6421_2_jpg.jpg?v=1759124669,8,,,,,,,,,,,
arcadie-matelasse-bag-24-in-cerise-red-calfskin-gold-hardware,,,,,,,,,,,,,,,,,,,,,,,,,https://cdn.shopify.com/s/files/1/0912/9351/6071/files/img_89648692_20250102_i1735813495_9423_6_jpg.jpg?v=1759124669,9,,,,,,,,,,,
arcadie-matelasse-bag-19-in-cerise-red-calfskin-gold-hardware,ARCADIE MATELASSÉ BAG 19 IN CERISE RED CALFSKIN GOLD HARDWARE,"<p>• Color: Cerise red</p>
<p>• Material: Calfskin</p>
<p>• Size: 24 x 17 x 7.5 cm</p>
<p>• The products are 1:1 copies of the original version and they are the same from every detail.</p>
<p>• Support return and exchange in 1 month if the product is defective or the customer is not satisfied with the product.</p>",miumiu bag,,bag,top handle,TRUE,Title,Default Title,,,,,,0,,0,deny,manual,336.00,,TRUE,FALSE,,https://cdn.shopify.com/s/files/1/0912/9351/6071/files/img_89648692_20250102_i1735813469_1704_7_jpg.jpg?v=1759124681,1,,,,,,g,,,,,active
arcadie-matelasse-bag-19-in-cerise-red-calfskin-gold-hardware,,,,,,,,,,,,,,,,,,,,,,,,,https://cdn.shopify.com/s/files/1/0912/9351/6071/files/img_89648692_20250102_i1735813469_1518_3_jpg.jpg?v=1759124681,2,,,,,,,,,,,
arcadie-matelasse-bag-19-in-cerise-red-calfskin-gold-hardware,,,,,,,,,,,,,,,,,,,,,,,,,https://cdn.shopify.com/s/files/1/0912/9351/6071/files/img_89648692_20250102_i1735813469_2427_2_jpg.jpg?v=1759124681,3,,,,,,,,,,,
arcadie-matelasse-bag-19-in-cerise-red-calfskin-gold-hardware,,,,,,,,,,,,,,,,,,,,,,,,,https://cdn.shopify.com/s/files/1/0912/9351/6071/files/img_89648692_20250102_i1735813469_2684_8_jpg.jpg?v=1759124681,4,,,,,,,,,,,
arcadie-matelasse-bag-19-in-cerise-red-calfskin-gold-hardware,,,,,,,,,,,,,,,,,,,,,,,,,https://cdn.shopify.com/s/files/1/0912/9351/6071/files/img_89648692_20250102_i1735813469_3596_1_jpg.jpg?v=1759124681,5,,,,,,,,,,,
arcadie-matelasse-bag-19-in-cerise-red-calfskin-gold-hardware,,,,,,,,,,,,,,,,,,,,,,,,,https://cdn.shopify.com/s/files/1/0912/9351/6071/files/img_89648692_20250102_i1735813469_4354_6_jpg.jpg?v=1759124681,6,,,,,,,,,,,
arcadie-matelasse-bag-19-in-cerise-red-calfskin-gold-hardware,,,,,,,,,,,,,,,,,,,,,,,,,https://cdn.shopify.com/s/files/1/0912/9351/6071/files/img_89648692_20250102_i1735813469_6402_5_jpg.jpg?v=1759124681,7,,,,,,,,,,,
arcadie-matelasse-bag-19-in-cerise-red-calfskin-gold-hardware,,,,,,,,,,,,,,,,,,,,,,,,,https://cdn.shopify.com/s/files/1/0912/9351/6071/files/img_89648692_20250102_i1735813469_7744_4_jpg.jpg?v=1759124681,8,,,,,,,,,,,
arcadie-matelasse-bag-19-in-cerise-red-calfskin-gold-hardware,,,,,,,,,,,,,,,,,,,,,,,,,https://cdn.shopify.com/s/files/1/0912/9351/6071/files/img_89648692_20250102_i1735813469_9768_0_jpg.jpg?v=1759124681,9,,,,,,,,,,,
arcadie-matelasse-bag-27-in-cerise-red-calfskin-gold-hardware,ARCADIE MATELASSÉ BAG 27 IN CERISE RED CALFSKIN GOLD HARDWARE,"<p>• Color: Cerise red</p>
<p>• Material: Calfskin</p>
<p>• Size: 27 x 12 x 9 cm</p>
<p>• The products are 1:1 copies of the original version and they are the same from every detail.</p>
<p>• Support return and exchange in 1 month if the product is defective or the customer is not satisfied with the product.</p>",miumiu bag,,bag,top handle,TRUE,Title,Default Title,,,,,,0,,0,deny,manual,388.50,,TRUE,FALSE,,https://cdn.shopify.com/s/files/1/0912/9351/6071/files/img_89648692_20241222_i1734863707_9697_4_jpg_deecf58a-fc02-4998-b1f1-f5b6ce5c454f.jpg?v=1778124883,1,,,,,,g,,,,,active
arcadie-matelasse-bag-27-in-cerise-red-calfskin-gold-hardware,,,,,,,,,,,,,,,,,,,,,,,,,https://cdn.shopify.com/s/files/1/0912/9351/6071/files/img_89648692_20241222_i1734863707_420_3_jpg.jpg?v=1778124883,2,,,,,,,,,,,
arcadie-matelasse-bag-27-in-cerise-red-calfskin-gold-hardware,,,,,,,,,,,,,,,,,,,,,,,,,https://cdn.shopify.com/s/files/1/0912/9351/6071/files/img_89648692_20241222_i1734863707_1657_2_jpg_c0ac31ab-bc2a-4ef8-a253-b2d1f190548a.jpg?v=1778124883,3,,,,,,,,,,,
arcadie-matelasse-bag-27-in-cerise-red-calfskin-gold-hardware,,,,,,,,,,,,,,,,,,,,,,,,,https://cdn.shopify.com/s/files/1/0912/9351/6071/files/img_89648692_20241222_i1734863707_4728_8_jpg_a9f3e534-42af-4316-8161-99f994738c09.jpg?v=1778124883,4,,,,,,,,,,,
arcadie-matelasse-bag-27-in-cerise-red-calfskin-gold-hardware,,,,,,,,,,,,,,,,,,,,,,,,,https://cdn.shopify.com/s/files/1/0912/9351/6071/files/img_89648692_20241222_i1734863707_6020_6_jpg_4f1ef179-eb8a-47a4-8c4a-63d9d9350a22.jpg?v=1778124883,5,,,,,,,,,,,
arcadie-matelasse-bag-27-in-cerise-red-calfskin-gold-hardware,,,,,,,,,,,,,,,,,,,,,,,,,https://cdn.shopify.com/s/files/1/0912/9351/6071/files/img_89648692_20241222_i1734863707_6512_7_jpg_9c530ab2-82d9-4ba8-ad95-fad53c19f440.jpg?v=1778124883,6,,,,,,,,,,,
arcadie-matelasse-bag-27-in-cerise-red-calfskin-gold-hardware,,,,,,,,,,,,,,,,,,,,,,,,,https://cdn.shopify.com/s/files/1/0912/9351/6071/files/img_89648692_20241222_i1734863707_9204_0_jpg_4c97dd1e-d501-4ced-9192-e9b32c9f31f7.jpg?v=1778124883,7,,,,,,,,,,,
arcadie-matelasse-bag-27-in-cerise-red-calfskin-gold-hardware,,,,,,,,,,,,,,,,,,,,,,,,,https://cdn.shopify.com/s/files/1/0912/9351/6071/files/img_89648692_20241222_i1734863707_9409_5_jpg.jpg?v=1778124883,8,,,,,,,,,,,
arcadie-matelasse-bag-27-in-cerise-red-calfskin-gold-hardware,,,,,,,,,,,,,,,,,,,,,,,,,https://cdn.shopify.com/s/files/1/0912/9351/6071/files/img_89648692_20241222_i1734863779_7500_0_jpg_1434a193-f901-47a5-8c9a-bfa690a904f1.jpg?v=1778124883,9,,,,,,,,,,,
arcadie-matelasse-bag-27-in-white-calfskin-gold-hardware,ARCADIE MATELASSÉ BAG 27 IN WHITE CALFSKIN GOLD HARDWARE,"<p>• Color: Congo Brown</p>
<p>• Material: Calfskin</p>
<p>• Size: 27 x 12 x 9 cm</p>
<p>• The products are 1:1 copies of the original version and they are the same from every detail.</p>
<p>• Support return and exchange in 1 month if the product is defective or the customer is not satisfied with the product.</p>",miumiu bag,,bag,top handle,TRUE,Title,Default Title,,,,,,0,,0,deny,manual,336.00,,TRUE,FALSE,,https://cdn.shopify.com/s/files/1/0912/9351/6071/files/img_89648692_20241222_i1734863268_9856_8_jpg.jpg?v=1759124716,1,,,,,,g,,,,,active
arcadie-matelasse-bag-27-in-white-calfskin-gold-hardware,,,,,,,,,,,,,,,,,,,,,,,,,https://cdn.shopify.com/s/files/1/0912/9351/6071/files/img_89648692_20241222_i1734863268_7031_3_jpg.jpg?v=1759124716,2,,,,,,,,,,,
arcadie-matelasse-bag-27-in-white-calfskin-gold-hardware,,,,,,,,,,,,,,,,,,,,,,,,,https://cdn.shopify.com/s/files/1/0912/9351/6071/files/img_89648692_20241222_i1734863268_99_7_jpg.jpg?v=1759124716,3,,,,,,,,,,,
arcadie-matelasse-bag-27-in-white-calfskin-gold-hardware,,,,,,,,,,,,,,,,,,,,,,,,,https://cdn.shopify.com/s/files/1/0912/9351/6071/files/img_89648692_20241222_i1734863268_1196_0_jpg.jpg?v=1759124716,4,,,,,,,,,,,
arcadie-matelasse-bag-27-in-white-calfskin-gold-hardware,,,,,,,,,,,,,,,,,,,,,,,,,https://cdn.shopify.com/s/files/1/0912/9351/6071/files/img_89648692_20241222_i1734863268_7203_2_jpg.jpg?v=1759124716,5,,,,,,,,,,,
arcadie-matelasse-bag-27-in-white-calfskin-gold-hardware,,,,,,,,,,,,,,,,,,,,,,,,,https://cdn.shopify.com/s/files/1/0912/9351/6071/files/img_89648692_20241222_i1734863268_8893_4_jpg.jpg?v=1759124716,6,,,,,,,,,,,
arcadie-matelasse-bag-27-in-white-calfskin-gold-hardware,,,,,,,,,,,,,,,,,,,,,,,,,https://cdn.shopify.com/s/files/1/0912/9351/6071/files/img_89648692_20241222_i1734863268_9079_6_jpg.jpg?v=1759124716,7,,,,,,,,,,,
arcadie-matelasse-bag-27-in-white-calfskin-gold-hardware,,,,,,,,,,,,,,,,,,,,,,,,,https://cdn.shopify.com/s/files/1/0912/9351/6071/files/img_89648692_20241222_i1734863268_9483_1_jpg.jpg?v=1759124716,8,,,,,,,,,,,
arcadie-matelasse-bag-27-in-white-calfskin-gold-hardware,,,,,,,,,,,,,,,,,,,,,,,,,https://cdn.shopify.com/s/files/1/0912/9351/6071/files/img_89648692_20241222_i1734863268_9658_5_jpg.jpg?v=1759124716,9,,,,,,,,,,,
arcadie-matelasse-bag-22-in-tawny-brown-glossy-lambskin,ARCADIE MATELASSÉ BAG 22 IN TAWNY BROWN GLOSSY LAMBSKIN,"<p>• Color: Tawny brown</p>
<p>• Material: Lambskin</p>
<p>• Size: 22 x 10.5 x 7.5 cm</p>
<p>• The products are 1:1 copies of the original version and they are the same from every detail.</p>
<p>• Support return and exchange in 1 month if the product is defective or the customer is not satisfied with the product.</p>",miumiu bag,,bag,top handle,TRUE,Title,Default Title,,,,,,0,,0,deny,manual,325.50,,TRUE,FALSE,,https://cdn.shopify.com/s/files/1/0912/9351/6071/files/img_89648692_20241222_i1734863471_1608_1_jpg.jpg?v=1759124749,1,,,,,,g,,,,,active
arcadie-matelasse-bag-22-in-tawny-brown-glossy-lambskin,,,,,,,,,,,,,,,,,,,,,,,,,https://cdn.shopify.com/s/files/1/0912/9351/6071/files/img_89648692_20241222_i1734863471_3150_6_jpg.jpg?v=1759124749,2,,,,,,,,,,,
arcadie-matelasse-bag-22-in-tawny-brown-glossy-lambskin,,,,,,,,,,,,,,,,,,,,,,,,,https://cdn.shopify.com/s/files/1/0912/9351/6071/files/img_89648692_20241222_i1734863471_3725_2_jpg.jpg?v=1759124749,3,,,,,,,,,,,
arcadie-matelasse-bag-22-in-tawny-brown-glossy-lambskin,,,,,,,,,,,,,,,,,,,,,,,,,https://cdn.shopify.com/s/files/1/0912/9351/6071/files/img_89648692_20241222_i1734863471_4830_7_jpg.jpg?v=1759124749,4,,,,,,,,,,,
arcadie-matelasse-bag-22-in-tawny-brown-glossy-lambskin,,,,,,,,,,,,,,,,,,,,,,,,,https://cdn.shopify.com/s/files/1/0912/9351/6071/files/img_89648692_20241222_i1734863471_5237_0_jpg.jpg?v=1759124749,5,,,,,,,,,,,
arcadie-matelasse-bag-22-in-tawny-brown-glossy-lambskin,,,,,,,,,,,,,,,,,,,,,,,,,https://cdn.shopify.com/s/files/1/0912/9351/6071/files/img_89648692_20241222_i1734863471_7044_5_jpg.jpg?v=1759124749,6,,,,,,,,,,,
arcadie-matelasse-bag-22-in-tawny-brown-glossy-lambskin,,,,,,,,,,,,,,,,,,,,,,,,,https://cdn.shopify.com/s/files/1/0912/9351/6071/files/img_89648692_20241222_i1734863471_7523_4_jpg.jpg?v=1759124749,7,,,,,,,,,,,
arcadie-matelasse-bag-22-in-tawny-brown-glossy-lambskin,,,,,,,,,,,,,,,,,,,,,,,,,https://cdn.shopify.com/s/files/1/0912/9351/6071/files/img_89648692_20241222_i1734863471_9007_3_jpg.jpg?v=1759124749,8,,,,,,,,,,,
arcadie-matelasse-bag-22-in-tawny-brown-glossy-lambskin,,,,,,,,,,,,,,,,,,,,,,,,,https://cdn.shopify.com/s/files/1/0912/9351/6071/files/img_89648692_20241223_i1734926133_8141_0_jpg.jpg?v=1759124749,9,,,,,,,,,,,
ivy-40-tote-in-black-patent-calfskin,IVY 40 TOTE IN BLACK PATENT CALFSKIN,"<p>• Color: Black</p>
<p>• Material: Patent Calfskin</p>
<p>• Size: 40 x 35 cm</p>
<p>• The products are 1:1 copies of the original version and they are the same from every detail.</p>
<p>• Support return and exchange in 1 month if the product is defective or the customer is not satisfied with the product.</p>",miumiu bag,,bag,"top handle, tote bag",TRUE,Title,Default Title,,,,,,0,,0,deny,manual,304.50,,TRUE,FALSE,,https://cdn.shopify.com/s/files/1/0912/9351/6071/files/img_89648692_20250102_i1735813605_1202_8_jpg_31e05c03-28db-492d-ad99-22f164dc9ff1.jpg?v=1759124760,1,,,,,,g,,,,,active
ivy-40-tote-in-black-patent-calfskin,,,,,,,,,,,,,,,,,,,,,,,,,https://cdn.shopify.com/s/files/1/0912/9351/6071/files/img_89648692_20250102_i1735813605_1546_6_jpg.jpg?v=1759124760,2,,,,,,,,,,,
ivy-40-tote-in-black-patent-calfskin,,,,,,,,,,,,,,,,,,,,,,,,,https://cdn.shopify.com/s/files/1/0912/9351/6071/files/img_89648692_20250102_i1735813605_4340_0_jpg.jpg?v=1759124760,3,,,,,,,,,,,
ivy-40-tote-in-black-patent-calfskin,,,,,,,,,,,,,,,,,,,,,,,,,https://cdn.shopify.com/s/files/1/0912/9351/6071/files/img_89648692_20250102_i1735813605_4793_2_jpg.jpg?v=1759124760,4,,,,,,,,,,,
ivy-40-tote-in-black-patent-calfskin,,,,,,,,,,,,,,,,,,,,,,,,,https://cdn.shopify.com/s/files/1/0912/9351/6071/files/img_89648692_20250102_i1735813605_4967_5_jpg.jpg?v=1759124760,5,,,,,,,,,,,
ivy-40-tote-in-black-patent-calfskin,,,,,,,,,,,,,,,,,,,,,,,,,https://cdn.shopify.com/s/files/1/0912/9351/6071/files/img_89648692_20250102_i1735813605_7415_4_jpg.jpg?v=1759124760,6,,,,,,,,,,,
ivy-40-tote-in-black-patent-calfskin,,,,,,,,,,,,,,,,,,,,,,,,,https://cdn.shopify.com/s/files/1/0912/9351/6071/files/img_89648692_20250102_i1735813605_7675_3_jpg.jpg?v=1759124760,7,,,,,,,,,,,
ivy-40-tote-in-black-patent-calfskin,,,,,,,,,,,,,,,,,,,,,,,,,https://cdn.shopify.com/s/files/1/0912/9351/6071/files/img_89648692_20250102_i1735813605_7738_7_jpg.jpg?v=1759124760,8,,,,,,,,,,,
ivy-40-tote-in-black-patent-calfskin,,,,,,,,,,,,,,,,,,,,,,,,,https://cdn.shopify.com/s/files/1/0912/9351/6071/files/img_89648692_20250102_i1735813605_8937_1_jpg.jpg?v=1759124760,9,,,,,,,,,,,
ivy-40-tote-in-brown-patent-calfskin,IVY 40 TOTE IN BROWN PATENT CALFSKIN,"<p>• Color: Brown</p>
<p>• Material: Patent Calfskin</p>
<p>• Size: 40 x 35 cm</p>
<p>• The products are 1:1 copies of the original version and they are the same from every detail.</p>
<p>• Support return and exchange in 1 month if the product is defective or the customer is not satisfied with the product.</p>",miumiu bag,,bag,"top handle, tote bag",TRUE,Title,Default Title,,,,,,0,,0,deny,manual,304.50,,TRUE,FALSE,,https://cdn.shopify.com/s/files/1/0912/9351/6071/files/img_89648692_20250102_i1735813541_8650_2_jpg.jpg?v=1759124770,1,,,,,,g,,,,,active
ivy-40-tote-in-brown-patent-calfskin,,,,,,,,,,,,,,,,,,,,,,,,,https://cdn.shopify.com/s/files/1/0912/9351/6071/files/img_89648692_20250102_i1735813541_309_6_jpg.jpg?v=1759124770,2,,,,,,,,,,,
ivy-40-tote-in-brown-patent-calfskin,,,,,,,,,,,,,,,,,,,,,,,,,https://cdn.shopify.com/s/files/1/0912/9351/6071/files/img_89648692_20250102_i1735813541_2910_7_jpg.jpg?v=1759124770,3,,,,,,,,,,,
ivy-40-tote-in-brown-patent-calfskin,,,,,,,,,,,,,,,,,,,,,,,,,https://cdn.shopify.com/s/files/1/0912/9351/6071/files/img_89648692_20250102_i1735813541_4556_1_jpg.jpg?v=1759124770,4,,,,,,,,,,,
ivy-40-tote-in-brown-patent-calfskin,,,,,,,,,,,,,,,,,,,,,,,,,https://cdn.shopify.com/s/files/1/0912/9351/6071/files/img_89648692_20250102_i1735813541_6986_8_jpg.jpg?v=1759124770,5,,,,,,,,,,,
ivy-40-tote-in-brown-patent-calfskin,,,,,,,,,,,,,,,,,,,,,,,,,https://cdn.shopify.com/s/files/1/0912/9351/6071/files/img_89648692_20250102_i1735813541_7522_4_jpg.jpg?v=1759124770,6,,,,,,,,,,,
ivy-40-tote-in-brown-patent-calfskin,,,,,,,,,,,,,,,,,,,,,,,,,https://cdn.shopify.com/s/files/1/0912/9351/6071/files/img_89648692_20250102_i1735813541_7587_3_jpg.jpg?v=1759124770,7,,,,,,,,,,,
ivy-40-tote-in-brown-patent-calfskin,,,,,,,,,,,,,,,,,,,,,,,,,https://cdn.shopify.com/s/files/1/0912/9351/6071/files/img_89648692_20250102_i1735813541_7943_0_jpg.jpg?v=1759124770,8,,,,,,,,,,,
ivy-40-tote-in-brown-patent-calfskin,,,,,,,,,,,,,,,,,,,,,,,,,https://cdn.shopify.com/s/files/1/0912/9351/6071/files/img_89648692_20250102_i1735813541_9465_5_jpg_bf3f5fdd-78e8-4312-97ca-20701c5a9133.jpg?v=1759124770,9,,,,,,,,,,,
mini-bag-17-in-black-shiny-calfskin,MINI BAG 17 IN BLACK SHINY CALFSKIN,"<p>• Color: Black</p>
<p>• Material: Shiny Calfskin</p>
<p>• Size: 17 x 14 x 6cm</p>
<p>• The products are 1:1 copies of the original version and they are the same from every detail.</p>
<p>• Support return and exchange in 1 month if the product is defective or the customer is not satisfied with the product.</p>",miumiu bag,,bag,cross body bags,TRUE,Title,Default Title,,,,,,0,,0,deny,manual,231.00,,TRUE,FALSE,,https://cdn.shopify.com/s/files/1/0912/9351/6071/files/20240401_i1711936287_9180_0_jpg.jpg?v=1759124780,1,,,,,,g,,,,,active
mini-bag-17-in-black-shiny-calfskin,,,,,,,,,,,,,,,,,,,,,,,,,https://cdn.shopify.com/s/files/1/0912/9351/6071/files/20240401_i1711936287_235_1_jpg.jpg?v=1759124780,2,,,,,,,,,,,
mini-bag-17-in-black-shiny-calfskin,,,,,,,,,,,,,,,,,,,,,,,,,https://cdn.shopify.com/s/files/1/0912/9351/6071/files/20240401_i1711936287_857_5_jpg.jpg?v=1759124780,3,,,,,,,,,,,
mini-bag-17-in-black-shiny-calfskin,,,,,,,,,,,,,,,,,,,,,,,,,https://cdn.shopify.com/s/files/1/0912/9351/6071/files/20240401_i1711936287_1441_8_jpg.jpg?v=1759124780,4,,,,,,,,,,,
mini-bag-17-in-black-shiny-calfskin,,,,,,,,,,,,,,,,,,,,,,,,,https://cdn.shopify.com/s/files/1/0912/9351/6071/files/20240401_i1711936287_4235_4_jpg.jpg?v=1759124780,5,,,,,,,,,,,
mini-bag-17-in-black-shiny-calfskin,,,,,,,,,,,,,,,,,,,,,,,,,https://cdn.shopify.com/s/files/1/0912/9351/6071/files/20240401_i1711936287_6184_2_jpg.jpg?v=1759124780,6,,,,,,,,,,,
mini-bag-17-in-black-shiny-calfskin,,,,,,,,,,,,,,,,,,,,,,,,,https://cdn.shopify.com/s/files/1/0912/9351/6071/files/20240401_i1711936287_6399_6_jpg.jpg?v=1759124780,7,,,,,,,,,,,
mini-bag-17-in-black-shiny-calfskin,,,,,,,,,,,,,,,,,,,,,,,,,https://cdn.shopify.com/s/files/1/0912/9351/6071/files/20240401_i1711936287_9422_7_jpg.jpg?v=1759124780,8,,,,,,,,,,,
mini-bag-17-in-black-shiny-calfskin,,,,,,,,,,,,,,,,,,,,,,,,,https://cdn.shopify.com/s/files/1/0912/9351/6071/files/20240401_i1711936287_9585_3_jpg.jpg?v=1759124780,9,,,,,,,,,,,
hobo-shoulder-bag-29-in-white-calfskin-gold-hardware,HOBO SHOULDER BAG 29 IN WHITE CALFSKIN GOLD HARDWARE,"<p>• Color: White</p>
<p>• Material: Calfskin</p>
<p>• Size: 29 x 15 x 4cm</p>
<p>• The products are 1:1 copies of the original version and they are the same from every detail.</p>
<p>• Support return and exchange in 1 month if the product is defective or the customer is not satisfied with the product.</p>",miumiu bag,,bag,hobo bag,TRUE,Title,Default Title,,,,,,0,,0,deny,manual,283.50,,TRUE,FALSE,,https://cdn.shopify.com/s/files/1/0912/9351/6071/files/20240102_i1704127074_4557_0_jpg.jpg?v=1759124789,1,,,,,,g,,,,,active
hobo-shoulder-bag-29-in-white-calfskin-gold-hardware,,,,,,,,,,,,,,,,,,,,,,,,,https://cdn.shopify.com/s/files/1/0912/9351/6071/files/20240102_i1704127074_876_1_jpg.jpg?v=1759124789,2,,,,,,,,,,,
hobo-shoulder-bag-29-in-white-calfskin-gold-hardware,,,,,,,,,,,,,,,,,,,,,,,,,https://cdn.shopify.com/s/files/1/0912/9351/6071/files/20240102_i1704127074_1200_3_jpg.jpg?v=1759124789,3,,,,,,,,,,,
hobo-shoulder-bag-29-in-white-calfskin-gold-hardware,,,,,,,,,,,,,,,,,,,,,,,,,https://cdn.shopify.com/s/files/1/0912/9351/6071/files/20240102_i1704127074_2947_5_jpg.jpg?v=1759124789,4,,,,,,,,,,,
hobo-shoulder-bag-29-in-white-calfskin-gold-hardware,,,,,,,,,,,,,,,,,,,,,,,,,https://cdn.shopify.com/s/files/1/0912/9351/6071/files/20240102_i1704127074_3967_6_jpg.jpg?v=1759124789,5,,,,,,,,,,,
hobo-shoulder-bag-29-in-white-calfskin-gold-hardware,,,,,,,,,,,,,,,,,,,,,,,,,https://cdn.shopify.com/s/files/1/0912/9351/6071/files/20240102_i1704127074_4247_4_jpg.jpg?v=1759124789,6,,,,,,,,,,,
hobo-shoulder-bag-29-in-white-calfskin-gold-hardware,,,,,,,,,,,,,,,,,,,,,,,,,https://cdn.shopify.com/s/files/1/0912/9351/6071/files/20240102_i1704127074_8718_2_jpg.jpg?v=1759124789,7,,,,,,,,,,,
hobo-shoulder-bag-29-in-white-calfskin-gold-hardware,,,,,,,,,,,,,,,,,,,,,,,,,https://cdn.shopify.com/s/files/1/0912/9351/6071/files/20240102_i1704127096_8974_0_jpg.jpg?v=1759124789,8,,,,,,,,,,,
hobo-shoulder-bag-29-in-white-calfskin-gold-hardware,,,,,,,,,,,,,,,,,,,,,,,,,https://cdn.shopify.com/s/files/1/0912/9351/6071/files/20240102_i1704127107_3090_0_jpg.jpg?v=1759124789,9,,,,,,,,,,,
ivy-handbag-22-in-black-canvas,IVY HANDBAG 22 IN BLACK CANVAS,"<p>• Color: Black</p>
<p>• Material: Canvas</p>
<p>• Size: 22 x 14 x 11cm</p>
<p>• The products are 1:1 copies of the original version and they are the same from every detail.</p>
<p>• Support return and exchange in 1 month if the product is defective or the customer is not satisfied with the product.</p>",miumiu bag,,bag,"top handle, tote bag",TRUE,Title,Default Title,,,,,,0,,0,deny,manual,273.00,,TRUE,FALSE,,https://cdn.shopify.com/s/files/1/0912/9351/6071/files/20231201_i1701397211_1767_0_jpg.jpg?v=1759124800,1,,,,,,g,,,,,active
ivy-handbag-22-in-black-canvas,,,,,,,,,,,,,,,,,,,,,,,,,https://cdn.shopify.com/s/files/1/0912/9351/6071/files/20231201_i1701397211_1063_4_jpg.jpg?v=1759124800,2,,,,,,,,,,,
ivy-handbag-22-in-black-canvas,,,,,,,,,,,,,,,,,,,,,,,,,https://cdn.shopify.com/s/files/1/0912/9351/6071/files/20231201_i1701397211_1234_3_jpg.jpg?v=1759124800,3,,,,,,,,,,,
ivy-handbag-22-in-black-canvas,,,,,,,,,,,,,,,,,,,,,,,,,https://cdn.shopify.com/s/files/1/0912/9351/6071/files/20231201_i1701397211_2575_1_jpg.jpg?v=1759124800,4,,,,,,,,,,,
ivy-handbag-22-in-black-canvas,,,,,,,,,,,,,,,,,,,,,,,,,https://cdn.shopify.com/s/files/1/0912/9351/6071/files/20231201_i1701397211_8381_2_jpg.jpg?v=1759124800,5,,,,,,,,,,,
ivy-handbag-22-in-black-canvas,,,,,,,,,,,,,,,,,,,,,,,,,https://cdn.shopify.com/s/files/1/0912/9351/6071/files/20231201_i1701397247_619_3_jpg.jpg?v=1759124800,6,,,,,,,,,,,
ivy-handbag-22-in-black-canvas,,,,,,,,,,,,,,,,,,,,,,,,,https://cdn.shopify.com/s/files/1/0912/9351/6071/files/20231201_i1701397247_2651_1_jpg.jpg?v=1759124800,7,,,,,,,,,,,
ivy-handbag-22-in-black-canvas,,,,,,,,,,,,,,,,,,,,,,,,,https://cdn.shopify.com/s/files/1/0912/9351/6071/files/20231201_i1701397247_6703_2_jpg.jpg?v=1759124800,8,,,,,,,,,,,
ivy-handbag-22-in-black-canvas,,,,,,,,,,,,,,,,,,,,,,,,,https://cdn.shopify.com/s/files/1/0912/9351/6071/files/20231201_i1701397247_8091_0_jpg.jpg?v=1759124800,9,,,,,,,,,,,
baguette-bag-24-in-kelp-green-calfskin,BAGUETTE BAG 24 IN KELP GREEN CALFSKIN,"<p>• Color: Kelp Green</p>
<p>• Material: Calfskin</p>
<p>• Size: 24 x 11.5 x 7cm</p>
<p>• The products are 1:1 copies of the original version and they are the same from every detail.</p>
<p>• Support return and exchange in 1 month if the product is defective or the customer is not satisfied with the product.</p>",miumiu bag,,bag,shoulder bags,TRUE,Title,Default Title,,,,,,0,,0,deny,manual,294.00,,TRUE,FALSE,,https://cdn.shopify.com/s/files/1/0912/9351/6071/files/20240118_i1705543637_3172_0_jpg.jpg?v=1759124820,1,,,,,,g,,,,,active
baguette-bag-24-in-kelp-green-calfskin,,,,,,,,,,,,,,,,,,,,,,,,,https://cdn.shopify.com/s/files/1/0912/9351/6071/files/20240118_i1705543637_264_3_jpg.jpg?v=1759124820,2,,,,,,,,,,,
baguette-bag-24-in-kelp-green-calfskin,,,,,,,,,,,,,,,,,,,,,,,,,https://cdn.shopify.com/s/files/1/0912/9351/6071/files/20240118_i1705543637_5297_5_jpg.jpg?v=1759124820,3,,,,,,,,,,,
baguette-bag-24-in-kelp-green-calfskin,,,,,,,,,,,,,,,,,,,,,,,,,https://cdn.shopify.com/s/files/1/0912/9351/6071/files/20240118_i1705543637_5571_6_jpg.jpg?v=1759124820,4,,,,,,,,,,,
baguette-bag-24-in-kelp-green-calfskin,,,,,,,,,,,,,,,,,,,,,,,,,https://cdn.shopify.com/s/files/1/0912/9351/6071/files/20240118_i1705543637_6300_1_jpg.jpg?v=1759124820,5,,,,,,,,,,,
baguette-bag-24-in-kelp-green-calfskin,,,,,,,,,,,,,,,,,,,,,,,,,https://cdn.shopify.com/s/files/1/0912/9351/6071/files/20240118_i1705543637_8045_7_jpg.jpg?v=1759124820,6,,,,,,,,,,,
baguette-bag-24-in-kelp-green-calfskin,,,,,,,,,,,,,,,,,,,,,,,,,https://cdn.shopify.com/s/files/1/0912/9351/6071/files/20240118_i1705543637_8209_8_jpg.jpg?v=1759124820,7,,,,,,,,,,,
baguette-bag-24-in-kelp-green-calfskin,,,,,,,,,,,,,,,,,,,,,,,,,https://cdn.shopify.com/s/files/1/0912/9351/6071/files/20240118_i1705543637_8262_4_jpg.jpg?v=1759124820,8,,,,,,,,,,,
baguette-bag-24-in-kelp-green-calfskin,,,,,,,,,,,,,,,,,,,,,,,,,https://cdn.shopify.com/s/files/1/0912/9351/6071/files/20240118_i1705543637_8753_2_jpg.jpg?v=1759124820,9,,,,,,,,,,,
arcadie-bag-27-in-black-shiny-calfskin,ARCADIE BAG 27 IN BLACK SHINY CALFSKIN,"<p>• Color: Black</p>
<p>• Material: Shiny calfskin</p>
<p>• Size: 27 x 12 x 9 cm</p>
<p>• The products are 1:1 copies of the original version and they are the same from every detail.</p>
<p>• Support return and exchange in 1 month if the product is defective or the customer is not satisfied with the product.</p>",miumiu bag,,bag,top handle,TRUE,Title,Default Title,,,,,,0,,0,deny,manual,325.50,,TRUE,FALSE,,https://cdn.shopify.com/s/files/1/0912/9351/6071/files/20230919_i1695116336_569_0_jpg.jpg?v=1759124829,1,,,,,,g,,,,,active
arcadie-bag-27-in-black-shiny-calfskin,,,,,,,,,,,,,,,,,,,,,,,,,https://cdn.shopify.com/s/files/1/0912/9351/6071/files/20230919_i1695116336_4284_2_jpg.jpg?v=1759124829,2,,,,,,,,,,,
arcadie-bag-27-in-black-shiny-calfskin,,,,,,,,,,,,,,,,,,,,,,,,,https://cdn.shopify.com/s/files/1/0912/9351/6071/files/20230919_i1695116336_4066_8_jpg.jpg?v=1759124829,3,,,,,,,,,,,
arcadie-bag-27-in-black-shiny-calfskin,,,,,,,,,,,,,,,,,,,,,,,,,https://cdn.shopify.com/s/files/1/0912/9351/6071/files/20230919_i1695116336_413_6_jpg.jpg?v=1759124829,4,,,,,,,,,,,
arcadie-bag-27-in-black-shiny-calfskin,,,,,,,,,,,,,,,,,,,,,,,,,https://cdn.shopify.com/s/files/1/0912/9351/6071/files/20230919_i1695116336_803_3_jpg.jpg?v=1759124829,5,,,,,,,,,,,
arcadie-bag-27-in-black-shiny-calfskin,,,,,,,,,,,,,,,,,,,,,,,,,https://cdn.shopify.com/s/files/1/0912/9351/6071/files/20230919_i1695116336_3523_7_jpg.jpg?v=1759124829,6,,,,,,,,,,,
arcadie-bag-27-in-black-shiny-calfskin,,,,,,,,,,,,,,,,,,,,,,,,,https://cdn.shopify.com/s/files/1/0912/9351/6071/files/20230919_i1695116336_3946_1_jpg.jpg?v=1759124829,7,,,,,,,,,,,
arcadie-bag-27-in-black-shiny-calfskin,,,,,,,,,,,,,,,,,,,,,,,,,https://cdn.shopify.com/s/files/1/0912/9351/6071/files/20230919_i1695116336_7413_4_jpg.jpg?v=1759124829,8,,,,,,,,,,,
arcadie-bag-27-in-black-shiny-calfskin,,,,,,,,,,,,,,,,,,,,,,,,,https://cdn.shopify.com/s/files/1/0912/9351/6071/files/20230919_i1695116336_8228_5_jpg.jpg?v=1759124829,9,,,,,,,,,,,
arcadie-bag-22-in-kelp-greeen-smooth-calfskin-embossed-logo,ARCADIE BAG 22 IN KELP GREEEN SMOOTH CALFSKIN EMBOSSED LOGO,"<p>• Color: Kelp green</p>
<p>• Material: Smooth Calfskin</p>
<p>• Size: 22 x 10.5 x 7.5 cm</p>
<p>• The products are 1:1 copies of the original version and they are the same from every detail.</p>
<p>• Support return and exchange in 1 month if the product is defective or the customer is not satisfied with the product.</p>",miumiu bag,,bag,top handle,TRUE,Title,Default Title,,,,,,0,,0,deny,manual,304.50,,TRUE,FALSE,,https://cdn.shopify.com/s/files/1/0912/9351/6071/files/img_481f26ee_20231127_i1701057898_5007_0_jpg.jpg?v=1759124840,1,,,,,,g,,,,,active
arcadie-bag-22-in-kelp-greeen-smooth-calfskin-embossed-logo,,,,,,,,,,,,,,,,,,,,,,,,,https://cdn.shopify.com/s/files/1/0912/9351/6071/files/img_481f26ee_20231127_i1701057898_4628_2_jpg.jpg?v=1759124840,2,,,,,,,,,,,
arcadie-bag-22-in-kelp-greeen-smooth-calfskin-embossed-logo,,,,,,,,,,,,,,,,,,,,,,,,,https://cdn.shopify.com/s/files/1/0912/9351/6071/files/img_481f26ee_20231127_i1701057898_597_1_jpg.jpg?v=1759124840,3,,,,,,,,,,,
arcadie-bag-22-in-kelp-greeen-smooth-calfskin-embossed-logo,,,,,,,,,,,,,,,,,,,,,,,,,https://cdn.shopify.com/s/files/1/0912/9351/6071/files/img_481f26ee_20231127_i1701057898_2730_7_jpg.jpg?v=1759124840,4,,,,,,,,,,,
arcadie-bag-22-in-kelp-greeen-smooth-calfskin-embossed-logo,,,,,,,,,,,,,,,,,,,,,,,,,https://cdn.shopify.com/s/files/1/0912/9351/6071/files/img_481f26ee_20231127_i1701057898_4320_4_jpg.jpg?v=1759124840,5,,,,,,,,,,,
arcadie-bag-22-in-kelp-greeen-smooth-calfskin-embossed-logo,,,,,,,,,,,,,,,,,,,,,,,,,https://cdn.shopify.com/s/files/1/0912/9351/6071/files/img_481f26ee_20231127_i1701057898_4672_3_jpg.jpg?v=1759124840,6,,,,,,,,,,,
arcadie-bag-22-in-kelp-greeen-smooth-calfskin-embossed-logo,,,,,,,,,,,,,,,,,,,,,,,,,https://cdn.shopify.com/s/files/1/0912/9351/6071/files/img_481f26ee_20231127_i1701057898_4675_6_jpg.jpg?v=1759124840,7,,,,,,,,,,,
arcadie-bag-22-in-kelp-greeen-smooth-calfskin-embossed-logo,,,,,,,,,,,,,,,,,,,,,,,,,https://cdn.shopify.com/s/files/1/0912/9351/6071/files/img_481f26ee_20231127_i1701057898_7730_8_jpg.jpg?v=1759124840,8,,,,,,,,,,,
arcadie-bag-22-in-kelp-greeen-smooth-calfskin-embossed-logo,,,,,,,,,,,,,,,,,,,,,,,,,https://cdn.shopify.com/s/files/1/0912/9351/6071/files/img_481f26ee_20231127_i1701057898_7903_5_jpg.jpg?v=1759124840,9,,,,,,,,,,,
wander-wicker-hobo-bag-20-in-tan-mix-caramel-brown-handwoven,WANDER WICKER HOBO BAG 20 IN TAN MIX CARAMEL BROWN HANDWOVEN,"<p>• Color: Tan mix caramel</p>
<p>• Material: Handwoven</p>
<p>• Size: 20 x 17 x 6 cm</p>
<p>• The products are 1:1 copies of the original version and they are the same from every detail.</p>
<p>• Support return and exchange in 1 month if the product is defective or the customer is not satisfied with the product.</p>",miumiu bag,,bag,"top handle, tote bag",TRUE,Title,Default Title,,,,,,0,,0,deny,manual,283.50,,TRUE,FALSE,,https://cdn.shopify.com/s/files/1/0912/9351/6071/files/20240513_i1715565645_8070_0_jpg_b8f23ceb-07a0-44df-8174-77a74bc7478f.jpg?v=1759124886,1,,,,,,g,,,,,active
wander-wicker-hobo-bag-20-in-tan-mix-caramel-brown-handwoven,,,,,,,,,,,,,,,,,,,,,,,,,https://cdn.shopify.com/s/files/1/0912/9351/6071/files/20240513_i1715565645_80_1_jpg_dc6f9afb-31e2-45f0-82c0-3424dcf5cc4e.jpg?v=1759124886,2,,,,,,,,,,,
wander-wicker-hobo-bag-20-in-tan-mix-caramel-brown-handwoven,,,,,,,,,,,,,,,,,,,,,,,,,https://cdn.shopify.com/s/files/1/0912/9351/6071/files/20240513_i1715565645_2169_5_jpg_44c29136-d796-4e56-b189-8d4a14a8ac6d.jpg?v=1759124886,3,,,,,,,,,,,
wander-wicker-hobo-bag-20-in-tan-mix-caramel-brown-handwoven,,,,,,,,,,,,,,,,,,,,,,,,,https://cdn.shopify.com/s/files/1/0912/9351/6071/files/20240513_i1715565645_3229_4_jpg_9526b737-2d53-427d-bd68-d41f0723a36b.jpg?v=1759124886,4,,,,,,,,,,,
wander-wicker-hobo-bag-20-in-tan-mix-caramel-brown-handwoven,,,,,,,,,,,,,,,,,,,,,,,,,https://cdn.shopify.com/s/files/1/0912/9351/6071/files/20240513_i1715565645_3796_3_jpg_e96a17ff-d66d-4051-9823-f1c6e04c257a.jpg?v=1759124887,5,,,,,,,,,,,
wander-wicker-hobo-bag-20-in-tan-mix-caramel-brown-handwoven,,,,,,,,,,,,,,,,,,,,,,,,,https://cdn.shopify.com/s/files/1/0912/9351/6071/files/20240513_i1715565645_5515_2_jpg_4b4d40b7-f2c7-4927-9c28-f714f325aae3.jpg?v=1759124887,6,,,,,,,,,,,
wander-wicker-hobo-bag-20-in-tan-mix-caramel-brown-handwoven,,,,,,,,,,,,,,,,,,,,,,,,,https://cdn.shopify.com/s/files/1/0912/9351/6071/files/20240513_i1715565645_5833_7_jpg_caba1542-33b5-4fe5-afb2-1d3b25aeb4be.jpg?v=1759124887,7,,,,,,,,,,,
wander-wicker-hobo-bag-20-in-tan-mix-caramel-brown-handwoven,,,,,,,,,,,,,,,,,,,,,,,,,https://cdn.shopify.com/s/files/1/0912/9351/6071/files/20240513_i1715565645_9496_6_jpg_98565714-d051-4f95-b57c-9cace5c5dbee.jpg?v=1759124887,8,,,,,,,,,,,
wander-wicker-hobo-bag-20-in-tan-mix-caramel-brown-handwoven,,,,,,,,,,,,,,,,,,,,,,,,,https://cdn.shopify.com/s/files/1/0912/9351/6071/files/20240513_i1715565645_9821_8_jpg_efba43da-f2b2-4864-b032-5d937a657a0c.jpg?v=1759124887,9,,,,,,,,,,,
large-shopping-bag-40-in-natural-mix-blue-woven-raffia-leather-strap,LARGE SHOPPING BAG 40 IN NATURAL MIX BLUE WOVEN RAFFIA LEATHER STRAP,"<p>• Color: Natural mix blue</p>
<p>• Material: Woven raffia</p>
<p>• Size: 40 x 34 x 16 cm</p>
<p>• The products are 1:1 copies of the original version and they are the same from every detail.</p>
<p>• Support return and exchange in 1 month if the product is defective or the customer is not satisfied with the product.</p>",miumiu bag,,bag,"top handle, tote bag",TRUE,Title,Default Title,,,,,,0,,0,deny,manual,273.00,,TRUE,FALSE,,https://cdn.shopify.com/s/files/1/0912/9351/6071/files/20240610_i1718003552_810_0_jpg.jpg?v=1759124896,1,,,,,,g,,,,,active
large-shopping-bag-40-in-natural-mix-blue-woven-raffia-leather-strap,,,,,,,,,,,,,,,,,,,,,,,,,https://cdn.shopify.com/s/files/1/0912/9351/6071/files/20240610_i1718003552_2074_5_jpg.jpg?v=1759124896,2,,,,,,,,,,,
large-shopping-bag-40-in-natural-mix-blue-woven-raffia-leather-strap,,,,,,,,,,,,,,,,,,,,,,,,,https://cdn.shopify.com/s/files/1/0912/9351/6071/files/20240610_i1718003552_3622_1_jpg.jpg?v=1759124896,3,,,,,,,,,,,
large-shopping-bag-40-in-natural-mix-blue-woven-raffia-leather-strap,,,,,,,,,,,,,,,,,,,,,,,,,https://cdn.shopify.com/s/files/1/0912/9351/6071/files/20240610_i1718003552_3981_3_jpg.jpg?v=1759124896,4,,,,,,,,,,,
large-shopping-bag-40-in-natural-mix-blue-woven-raffia-leather-strap,,,,,,,,,,,,,,,,,,,,,,,,,https://cdn.shopify.com/s/files/1/0912/9351/6071/files/20240610_i1718003552_5308_2_jpg.jpg?v=1759124896,5,,,,,,,,,,,
large-shopping-bag-40-in-natural-mix-blue-woven-raffia-leather-strap,,,,,,,,,,,,,,,,,,,,,,,,,https://cdn.shopify.com/s/files/1/0912/9351/6071/files/20240610_i1718003552_6984_8_jpg.jpg?v=1759124896,6,,,,,,,,,,,
large-shopping-bag-40-in-natural-mix-blue-woven-raffia-leather-strap,,,,,,,,,,,,,,,,,,,,,,,,,https://cdn.shopify.com/s/files/1/0912/9351/6071/files/20240610_i1718003552_7029_6_jpg.jpg?v=1759124896,7,,,,,,,,,,,
large-shopping-bag-40-in-natural-mix-blue-woven-raffia-leather-strap,,,,,,,,,,,,,,,,,,,,,,,,,https://cdn.shopify.com/s/files/1/0912/9351/6071/files/20240610_i1718003552_9186_4_jpg.jpg?v=1759124896,8,,,,,,,,,,,
ivy-mini-tote-bag-20-in-brown-calfskin,IVY MINI TOTE BAG 20 IN BROWN CALFSKIN,"<p>• Color: Brown </p>
<p>• Material: Calfskin</p>
<p>• Size: 20 x 16 cm</p>
<p>• The products are 1:1 copies of the original version and they are the same from every detail.</p>
<p>• Support return and exchange in 1 month if the product is defective or the customer is not satisfied with the product.</p>",miumiu bag,,bag,"top handle, tote bag",TRUE,Title,Default Title,,,,,,0,,0,deny,manual,262.50,,TRUE,FALSE,,https://cdn.shopify.com/s/files/1/0912/9351/6071/files/img_b75fc290_20250331_i1743402959474_4318_0_0_jpg.jpg?v=1759124943,1,,,,,,g,,,,,active
ivy-mini-tote-bag-20-in-brown-calfskin,,,,,,,,,,,,,,,,,,,,,,,,,https://cdn.shopify.com/s/files/1/0912/9351/6071/files/img_b75fc290_20250331_i1743402959351_499_0_7_jpg.jpg?v=1759124944,2,,,,,,,,,,,
ivy-mini-tote-bag-20-in-brown-calfskin,,,,,,,,,,,,,,,,,,,,,,,,,https://cdn.shopify.com/s/files/1/0912/9351/6071/files/img_b75fc290_20250331_i1743402959417_4709_0_2_jpg.jpg?v=1759124944,3,,,,,,,,,,,
ivy-mini-tote-bag-20-in-brown-calfskin,,,,,,,,,,,,,,,,,,,,,,,,,https://cdn.shopify.com/s/files/1/0912/9351/6071/files/img_b75fc290_20250331_i1743402961057_2366_0_4_jpg.jpg?v=1759124944,4,,,,,,,,,,,
ivy-mini-tote-bag-20-in-brown-calfskin,,,,,,,,,,,,,,,,,,,,,,,,,https://cdn.shopify.com/s/files/1/0912/9351/6071/files/img_b75fc290_20250331_i1743402961062_2033_0_8_jpg.jpg?v=1759124944,5,,,,,,,,,,,
ivy-mini-tote-bag-20-in-black-calfskin,IVY MINI TOTE BAG 20 IN BLACK CALFSKIN,"<p>• Color: Black </p>
<p>• Material: Calfskin</p>
<p>• Size: 20 x 16 cm</p>
<p>• The products are 1:1 copies of the original version and they are the same from every detail.</p>
<p>• Support return and exchange in 1 month if the product is defective or the customer is not satisfied with the product.</p>",miumiu bag,,bag,"top handle, tote bag",TRUE,Title,Default Title,,,,,,0,,0,deny,manual,262.50,,TRUE,FALSE,,https://cdn.shopify.com/s/files/1/0912/9351/6071/files/img_b75fc290_20250331_i1743402858601_3148_0_0_jpg.jpg?v=1759124950,1,,,,,,g,,,,,active
ivy-mini-tote-bag-20-in-black-calfskin,,,,,,,,,,,,,,,,,,,,,,,,,https://cdn.shopify.com/s/files/1/0912/9351/6071/files/img_b75fc290_20250331_i1743402861079_6733_0_7_jpg.jpg?v=1759124950,2,,,,,,,,,,,
ivy-mini-tote-bag-20-in-black-calfskin,,,,,,,,,,,,,,,,,,,,,,,,,https://cdn.shopify.com/s/files/1/0912/9351/6071/files/img_b75fc290_20250331_i1743402861153_2919_0_8_jpg.jpg?v=1759124951,3,,,,,,,,,,,
ivy-mini-tote-bag-20-in-black-calfskin,,,,,,,,,,,,,,,,,,,,,,,,,https://cdn.shopify.com/s/files/1/0912/9351/6071/files/img_b75fc290_20250331_i1743402858601_3141_0_4_jpg.jpg?v=1759124951,4,,,,,,,,,,,
ivy-mini-tote-bag-20-in-black-calfskin,,,,,,,,,,,,,,,,,,,,,,,,,https://cdn.shopify.com/s/files/1/0912/9351/6071/files/img_b75fc290_20250331_i1743402858601_4460_0_3_jpg.jpg?v=1759124951,5,,,,,,,,,,,
ivy-mini-tote-bag-20-in-black-calfskin,,,,,,,,,,,,,,,,,,,,,,,,,https://cdn.shopify.com/s/files/1/0912/9351/6071/files/img_b75fc290_20250331_i1743402861034_1897_0_6_jpg.jpg?v=1759124951,6,,,,,,,,,,,
wander-wicker-hobo-bag-23-in-tan-brown-handwoven-with-black-calfskin-logo,WANDER WICKER HOBO BAG 23 IN TAN BROWN HANDWOVEN WITH BLACK CALFSKIN LOGO,"<p>• Color: Tan Brown mix Black</p>
<p>• Material: Handwoven and Calfskin</p>
<p>• Size: 23 x 16 x 7 cm</p>
<p>• The products are 1:1 copies of the original version and they are the same from every detail.</p>
<p>• Support return and exchange in 1 month if the product is defective or the customer is not satisfied with the product.</p>",miumiu bag,,bag,hobo bag,TRUE,Title,Default Title,,,,,,0,,0,deny,manual,283.50,,TRUE,FALSE,,https://cdn.shopify.com/s/files/1/0912/9351/6071/files/img_ae4ae3ac_20250330_i1743297748066_2706_0_7_jpg.jpg?v=1759124972,1,,,,,,g,,,,,active
wander-wicker-hobo-bag-23-in-tan-brown-handwoven-with-black-calfskin-logo,,,,,,,,,,,,,,,,,,,,,,,,,https://cdn.shopify.com/s/files/1/0912/9351/6071/files/img_ae4ae3ac_20250330_i1743297746140_8147_0_0_jpg.jpg?v=1759124972,2,,,,,,,,,,,
wander-wicker-hobo-bag-23-in-tan-brown-handwoven-with-black-calfskin-logo,,,,,,,,,,,,,,,,,,,,,,,,,https://cdn.shopify.com/s/files/1/0912/9351/6071/files/img_ae4ae3ac_20250330_i1743297746140_3119_0_6_jpg.jpg?v=1759124972,3,,,,,,,,,,,
wander-wicker-hobo-bag-23-in-tan-brown-handwoven-with-black-calfskin-logo,,,,,,,,,,,,,,,,,,,,,,,,,https://cdn.shopify.com/s/files/1/0912/9351/6071/files/img_ae4ae3ac_20250330_i1743297746140_6111_0_5_jpg.jpg?v=1759124972,4,,,,,,,,,,,
wander-wicker-hobo-bag-23-in-tan-brown-handwoven-with-black-calfskin-logo,,,,,,,,,,,,,,,,,,,,,,,,,https://cdn.shopify.com/s/files/1/0912/9351/6071/files/img_ae4ae3ac_20250330_i1743297746140_6114_0_3_jpg.jpg?v=1759124973,5,,,,,,,,,,,
wander-wicker-hobo-bag-23-in-tan-brown-handwoven-with-black-calfskin-logo,,,,,,,,,,,,,,,,,,,,,,,,,https://cdn.shopify.com/s/files/1/0912/9351/6071/files/img_ae4ae3ac_20250330_i1743297746141_835_0_8_jpg.jpg?v=1759124973,6,,,,,,,,,,,
wander-wicker-hobo-bag-23-in-tan-brown-handwoven-with-black-calfskin-logo,,,,,,,,,,,,,,,,,,,,,,,,,https://cdn.shopify.com/s/files/1/0912/9351/6071/files/img_ae4ae3ac_20250330_i1743297748060_9562_0_1_jpg.jpg?v=1759124973,7,,,,,,,,,,,
wander-wicker-hobo-bag-23-in-tan-brown-handwoven-with-black-calfskin-logo,,,,,,,,,,,,,,,,,,,,,,,,,https://cdn.shopify.com/s/files/1/0912/9351/6071/files/img_ae4ae3ac_20250330_i1743297748072_6961_0_2_jpg.jpg?v=1759124973,8,,,,,,,,,,,
wander-wicker-hobo-bag-23-in-tan-brown-handwoven-with-black-calfskin-logo,,,,,,,,,,,,,,,,,,,,,,,,,https://cdn.shopify.com/s/files/1/0912/9351/6071/files/img_ae4ae3ac_20250330_i1743297748092_9975_0_4_jpg.jpg?v=1759124973,9,,,,,,,,,,,
matelasse-crystal-chain-bag-21-in-baby-pink-lambskin,MATELASSÉ CRYSTAL CHAIN BAG 21 IN BABY PINK LAMBSKIN,"<p>• Color: Baby pink</p>
<p>• Material: Lambskin</p>
<p>• Size: 21 x 12 cm</p>
<p>• The products are 1:1 copies of the original version and they are the same from every detail.</p>
<p>• Support return and exchange in 1 month if the product is defective or the customer is not satisfied with the product.</p>",miumiu bag,,bag,wallet,TRUE,Title,Default Title,,,,,,0,,0,deny,manual,325.50,,TRUE,FALSE,,https://cdn.shopify.com/s/files/1/0912/9351/6071/files/img_ae4ae3ac_20250330_i1743310523054_6312_0_7_jpg.jpg?v=1759124984,1,,,,,,g,,,,,active
matelasse-crystal-chain-bag-21-in-baby-pink-lambskin,,,,,,,,,,,,,,,,,,,,,,,,,https://cdn.shopify.com/s/files/1/0912/9351/6071/files/img_ae4ae3ac_20250330_i1743310523054_5886_0_4_jpg.jpg?v=1759124984,2,,,,,,,,,,,
matelasse-crystal-chain-bag-21-in-baby-pink-lambskin,,,,,,,,,,,,,,,,,,,,,,,,,https://cdn.shopify.com/s/files/1/0912/9351/6071/files/img_ae4ae3ac_20250330_i1743310523054_7630_0_6_jpg.jpg?v=1759124984,3,,,,,,,,,,,
matelasse-crystal-chain-bag-21-in-baby-pink-lambskin,,,,,,,,,,,,,,,,,,,,,,,,,https://cdn.shopify.com/s/files/1/0912/9351/6071/files/img_ae4ae3ac_20250330_i1743310523054_8018_0_0_jpg.jpg?v=1759124984,4,,,,,,,,,,,
matelasse-crystal-chain-bag-21-in-baby-pink-lambskin,,,,,,,,,,,,,,,,,,,,,,,,,https://cdn.shopify.com/s/files/1/0912/9351/6071/files/img_ae4ae3ac_20250330_i1743310523054_9672_0_2_jpg.jpg?v=1759124984,5,,,,,,,,,,,
matelasse-crystal-chain-bag-21-in-baby-pink-lambskin,,,,,,,,,,,,,,,,,,,,,,,,,https://cdn.shopify.com/s/files/1/0912/9351/6071/files/img_ae4ae3ac_20250330_i1743310524010_6416_0_1_jpg.jpg?v=1759124984,6,,,,,,,,,,,
matelasse-crystal-chain-bag-21-in-baby-pink-lambskin,,,,,,,,,,,,,,,,,,,,,,,,,https://cdn.shopify.com/s/files/1/0912/9351/6071/files/img_ae4ae3ac_20250330_i1743310524013_992_0_5_jpg.jpg?v=1759124984,7,,,,,,,,,,,
matelasse-crystal-chain-bag-21-in-baby-pink-lambskin,,,,,,,,,,,,,,,,,,,,,,,,,https://cdn.shopify.com/s/files/1/0912/9351/6071/files/img_ae4ae3ac_20250330_i1743310524013_3191_0_8_jpg.jpg?v=1759124984,8,,,,,,,,,,,
matelasse-crystal-chain-bag-21-in-baby-pink-lambskin,,,,,,,,,,,,,,,,,,,,,,,,,https://cdn.shopify.com/s/files/1/0912/9351/6071/files/img_ae4ae3ac_20250330_i1743310524013_4897_0_3_jpg.jpg?v=1759124984,9,,,,,,,,,,,
woven-hollow-bag-18-in-beige-rattan-and-brown-calfskin-trim,WOVEN HOLLOW BAG 18 IN BEIGE RATTAN AND BROWN CALFSKIN TRIM,"<p>• Color: Beige mix brown</p>
<p>• Material: Rattan and calfskin</p>
<p>• Size: 18 x 14 cm</p>
<p>• The products are 1:1 copies of the original version and they are the same from every detail.</p>
<p>• Support return and exchange in 1 month if the product is defective or the customer is not satisfied with the product.</p>",miumiu bag,,bag,top handle,TRUE,Title,Default Title,,,,,,0,,0,deny,manual,304.50,,TRUE,FALSE,,https://cdn.shopify.com/s/files/1/0912/9351/6071/files/img_1651d453_20250330_i1743323868398_5311_0_5_jpg.jpg?v=1759124996,1,,,,,,g,,,,,active
woven-hollow-bag-18-in-beige-rattan-and-brown-calfskin-trim,,,,,,,,,,,,,,,,,,,,,,,,,https://cdn.shopify.com/s/files/1/0912/9351/6071/files/img_1651d453_20250330_i1743323868365_3797_0_4_jpg.jpg?v=1759124996,2,,,,,,,,,,,
woven-hollow-bag-18-in-beige-rattan-and-brown-calfskin-trim,,,,,,,,,,,,,,,,,,,,,,,,,https://cdn.shopify.com/s/files/1/0912/9351/6071/files/img_1651d453_20250330_i1743323868370_375_0_8_jpg.jpg?v=1759124996,3,,,,,,,,,,,
woven-hollow-bag-18-in-beige-rattan-and-brown-calfskin-trim,,,,,,,,,,,,,,,,,,,,,,,,,https://cdn.shopify.com/s/files/1/0912/9351/6071/files/img_1651d453_20250330_i1743323870955_3076_0_6_jpg.jpg?v=1759124996,4,,,,,,,,,,,
woven-hollow-bag-18-in-beige-rattan-and-brown-calfskin-trim,,,,,,,,,,,,,,,,,,,,,,,,,https://cdn.shopify.com/s/files/1/0912/9351/6071/files/img_1651d453_20250330_i1743323870962_9406_0_7_jpg.jpg?v=1759124996,5,,,,,,,,,,,
woven-hollow-bag-18-in-beige-rattan-and-brown-calfskin-trim,,,,,,,,,,,,,,,,,,,,,,,,,https://cdn.shopify.com/s/files/1/0912/9351/6071/files/img_1651d453_20250330_i1743323868404_5444_0_1_jpg.jpg?v=1759124996,6,,,,,,,,,,,
woven-hollow-bag-18-in-beige-rattan-and-brown-calfskin-trim,,,,,,,,,,,,,,,,,,,,,,,,,https://cdn.shopify.com/s/files/1/0912/9351/6071/files/img_1651d453_20250330_i1743323868410_1808_0_0_jpg.jpg?v=1759124996,7,,,,,,,,,,,
woven-hollow-bag-18-in-beige-rattan-and-brown-calfskin-trim,,,,,,,,,,,,,,,,,,,,,,,,,https://cdn.shopify.com/s/files/1/0912/9351/6071/files/img_1651d453_20250330_i1743323870957_5127_0_3_jpg.jpg?v=1759124996,8,,,,,,,,,,,
woven-hollow-bag-18-in-beige-rattan-and-brown-calfskin-trim,,,,,,,,,,,,,,,,,,,,,,,,,https://cdn.shopify.com/s/files/1/0912/9351/6071/files/img_1651d453_20250330_i1743323870964_8484_0_2_jpg.jpg?v=1759124996,9,,,,,,,,,,,
woven-hollow-bag-23-in-beige-rattan-and-black-calfskin-trim,WOVEN HOLLOW BAG 23 IN BEIGE RATTAN AND BLACK CALFSKIN TRIM,"<p>• Color: Beige mix black</p>
<p>• Material: Rattan and calfskin</p>
<p>• Size: 23 x 18 cm</p>
<p>• The products are 1:1 copies of the original version and they are the same from every detail.</p>
<p>• Support return and exchange in 1 month if the product is defective or the customer is not satisfied with the product.</p>",miumiu bag,,bag,top handle,TRUE,Title,Default Title,,,,,,0,,0,deny,manual,304.50,,TRUE,FALSE,,https://cdn.shopify.com/s/files/1/0912/9351/6071/files/img_1651d453_20250330_i1743323734799_3658_0_5_jpg.jpg?v=1759125011,1,,,,,,g,,,,,active
woven-hollow-bag-23-in-beige-rattan-and-black-calfskin-trim,,,,,,,,,,,,,,,,,,,,,,,,,https://cdn.shopify.com/s/files/1/0912/9351/6071/files/img_1651d453_20250330_i1743323727909_9584_0_6_jpg.jpg?v=1759125011,2,,,,,,,,,,,
woven-hollow-bag-23-in-beige-rattan-and-black-calfskin-trim,,,,,,,,,,,,,,,,,,,,,,,,,https://cdn.shopify.com/s/files/1/0912/9351/6071/files/img_1651d453_20250330_i1743323727948_4152_0_0_jpg.jpg?v=1759125011,3,,,,,,,,,,,
woven-hollow-bag-23-in-beige-rattan-and-black-calfskin-trim,,,,,,,,,,,,,,,,,,,,,,,,,https://cdn.shopify.com/s/files/1/0912/9351/6071/files/img_1651d453_20250330_i1743323727949_2269_0_7_jpg.jpg?v=1759125011,4,,,,,,,,,,,
woven-hollow-bag-23-in-beige-rattan-and-black-calfskin-trim,,,,,,,,,,,,,,,,,,,,,,,,,https://cdn.shopify.com/s/files/1/0912/9351/6071/files/img_1651d453_20250330_i1743323727958_2056_0_2_jpg.jpg?v=1759125011,5,,,,,,,,,,,
woven-hollow-bag-23-in-beige-rattan-and-black-calfskin-trim,,,,,,,,,,,,,,,,,,,,,,,,,https://cdn.shopify.com/s/files/1/0912/9351/6071/files/img_1651d453_20250330_i1743323727968_6667_0_1_jpg.jpg?v=1759125011,6,,,,,,,,,,,
woven-hollow-bag-23-in-beige-rattan-and-black-calfskin-trim,,,,,,,,,,,,,,,,,,,,,,,,,https://cdn.shopify.com/s/files/1/0912/9351/6071/files/img_1651d453_20250330_i1743323734753_3915_0_8_jpg.jpg?v=1759125011,7,,,,,,,,,,,
woven-hollow-bag-23-in-beige-rattan-and-black-calfskin-trim,,,,,,,,,,,,,,,,,,,,,,,,,https://cdn.shopify.com/s/files/1/0912/9351/6071/files/img_1651d453_20250330_i1743323734815_4945_0_3_jpg.jpg?v=1759125011,8,,,,,,,,,,,
woven-hollow-bag-23-in-beige-rattan-and-black-calfskin-trim,,,,,,,,,,,,,,,,,,,,,,,,,https://cdn.shopify.com/s/files/1/0912/9351/6071/files/img_1651d453_20250330_i1743323734926_2445_0_4_jpg.jpg?v=1759125011,9,,,,,,,,,,,
wander-wicker-hobo-bag-13-in-tan-brown-handwoven-with-white-calfskin-logo,WANDER WICKER HOBO BAG 13 IN TAN BROWN HANDWOVEN WITH WHITE CALFSKIN LOGO,"<p>• Color: Tan Brown mix White</p>
<p>• Material: Handwoven and Calfskin</p>
<p>• Size: 13 x 7 x 12 cm</p>
<p>• The products are 1:1 copies of the original version and they are the same from every detail.</p>
<p>• Support return and exchange in 1 month if the product is defective or the customer is not satisfied with the product.</p>",miumiu bag,,bag,hobo bag,TRUE,Title,Default Title,,,,,,0,,0,deny,manual,283.50,,TRUE,FALSE,,https://cdn.shopify.com/s/files/1/0912/9351/6071/files/img_047ee742_20250329_i1743230715_1355_0_jpg.jpg?v=1759125018,1,,,,,,g,,,,,active
wander-wicker-hobo-bag-13-in-tan-brown-handwoven-with-white-calfskin-logo,,,,,,,,,,,,,,,,,,,,,,,,,https://cdn.shopify.com/s/files/1/0912/9351/6071/files/img_047ee742_20250329_i1743230715_3459_0_jpg.jpg?v=1759125018,2,,,,,,,,,,,
wander-wicker-hobo-bag-13-in-tan-brown-handwoven-with-white-calfskin-logo,,,,,,,,,,,,,,,,,,,,,,,,,https://cdn.shopify.com/s/files/1/0912/9351/6071/files/img_047ee742_20250329_i1743230715_4545_0_jpg.jpg?v=1759125018,3,,,,,,,,,,,
wander-wicker-hobo-bag-13-in-tan-brown-handwoven-with-white-calfskin-logo,,,,,,,,,,,,,,,,,,,,,,,,,https://cdn.shopify.com/s/files/1/0912/9351/6071/files/img_047ee742_20250329_i1743230715_5031_0_jpg.jpg?v=1759125018,4,,,,,,,,,,,
wander-wicker-hobo-bag-13-in-tan-brown-handwoven-with-white-calfskin-logo,,,,,,,,,,,,,,,,,,,,,,,,,https://cdn.shopify.com/s/files/1/0912/9351/6071/files/img_047ee742_20250329_i1743230715_8721_0_jpg.jpg?v=1759125018,5,,,,,,,,,,,
ivy-hobo-bag-36-in-beige-mesh-black-embroidered-logo,IVY HOBO BAG 36 IN BEIGE MESH BLACK EMBROIDERED LOGO,"<p>• Color: Beige </p>
<p>• Material: Mesh </p>
<p>• Size: 36 x 31 cm</p>
<p>• The products are 1:1 copies of the original version and they are the same from every detail.</p>
<p>• Support return and exchange in 1 month if the product is defective or the customer is not satisfied with the product.</p>",miumiu bag,,bag,hobo bag,TRUE,Title,Default Title,,,,,,0,,0,deny,manual,304.50,,TRUE,FALSE,,https://cdn.shopify.com/s/files/1/0912/9351/6071/files/img_4d18497c_20250325_i1742915102378_763_0_3_jpg.jpg?v=1759125050,1,,,,,,g,,,,,active
ivy-hobo-bag-36-in-beige-mesh-black-embroidered-logo,,,,,,,,,,,,,,,,,,,,,,,,,https://cdn.shopify.com/s/files/1/0912/9351/6071/files/img_4d18497c_20250325_i1742915102378_4013_0_4_jpg.jpg?v=1759125050,2,,,,,,,,,,,
ivy-hobo-bag-36-in-beige-mesh-black-embroidered-logo,,,,,,,,,,,,,,,,,,,,,,,,,https://cdn.shopify.com/s/files/1/0912/9351/6071/files/img_4d18497c_20250325_i1742915111060_6332_0_8_jpg.jpg?v=1759125050,3,,,,,,,,,,,
ivy-hobo-bag-36-in-beige-mesh-black-embroidered-logo,,,,,,,,,,,,,,,,,,,,,,,,,https://cdn.shopify.com/s/files/1/0912/9351/6071/files/img_4d18497c_20250325_i1742915111161_2348_0_6_jpg.jpg?v=1759125050,4,,,,,,,,,,,
ivy-hobo-bag-36-in-beige-mesh-black-embroidered-logo,,,,,,,,,,,,,,,,,,,,,,,,,https://cdn.shopify.com/s/files/1/0912/9351/6071/files/img_4d18497c_20250325_i1742915111184_6283_0_7_jpg.jpg?v=1759125050,5,,,,,,,,,,,
ivy-hobo-bag-36-in-beige-mesh-black-embroidered-logo,,,,,,,,,,,,,,,,,,,,,,,,,https://cdn.shopify.com/s/files/1/0912/9351/6071/files/img_4d18497c_20250325_i1742915111267_1227_0_5_jpg.jpg?v=1759125050,6,,,,,,,,,,,
chain-shoulder-bag-36-in-black-fabric-gold-hardware-1,CHAIN SHOULDER BAG 18 IN BLACK FABRIC GOLD HARDWARE,"<p>• Color: Black </p>
<p>• Material: Fabric </p>
<p>• Size: 18 x 13 cm</p>
<p>• The products are 1:1 copies of the original version and they are the same from every detail.</p>
<p>• Support return and exchange in 1 month if the product is defective or the customer is not satisfied with the product.</p>",miumiu bag,,bag,shoulder bags,TRUE,Title,Default Title,,,,,,0,,0,deny,manual,241.50,,TRUE,FALSE,,https://cdn.shopify.com/s/files/1/0912/9351/6071/files/img_31a9a237_20250325_i1742911328_9347_6_jpg.jpg?v=1759125061,1,,,,,,g,,,,,active
chain-shoulder-bag-36-in-black-fabric-gold-hardware-1,,,,,,,,,,,,,,,,,,,,,,,,,https://cdn.shopify.com/s/files/1/0912/9351/6071/files/img_31a9a237_20250325_i1742911328_4201_5_jpg.jpg?v=1759125061,2,,,,,,,,,,,
chain-shoulder-bag-36-in-black-fabric-gold-hardware-1,,,,,,,,,,,,,,,,,,,,,,,,,https://cdn.shopify.com/s/files/1/0912/9351/6071/files/img_31a9a237_20250325_i1742911328_542_2_jpg.jpg?v=1759125061,3,,,,,,,,,,,
chain-shoulder-bag-36-in-black-fabric-gold-hardware-1,,,,,,,,,,,,,,,,,,,,,,,,,https://cdn.shopify.com/s/files/1/0912/9351/6071/files/img_31a9a237_20250325_i1742911328_1812_8_jpg.jpg?v=1759125061,4,,,,,,,,,,,
chain-shoulder-bag-36-in-black-fabric-gold-hardware-1,,,,,,,,,,,,,,,,,,,,,,,,,https://cdn.shopify.com/s/files/1/0912/9351/6071/files/img_31a9a237_20250325_i1742911328_6749_4_jpg.jpg?v=1759125061,5,,,,,,,,,,,
chain-shoulder-bag-36-in-black-fabric-gold-hardware-1,,,,,,,,,,,,,,,,,,,,,,,,,https://cdn.shopify.com/s/files/1/0912/9351/6071/files/img_31a9a237_20250325_i1742911328_9606_0_jpg.jpg?v=1759125061,6,,,,,,,,,,,
chain-shoulder-bag-36-in-black-fabric-gold-hardware-1,,,,,,,,,,,,,,,,,,,,,,,,,https://cdn.shopify.com/s/files/1/0912/9351/6071/files/img_31a9a237_20250325_i1742911328_7090_7_jpg.jpg?v=1759125061,7,,,,,,,,,,,
chain-shoulder-bag-36-in-black-fabric-gold-hardware-1,,,,,,,,,,,,,,,,,,,,,,,,,https://cdn.shopify.com/s/files/1/0912/9351/6071/files/img_31a9a237_20250325_i1742911328_7276_3_jpg.jpg?v=1759125061,8,,,,,,,,,,,
chain-shoulder-bag-36-in-black-fabric-gold-hardware-1,,,,,,,,,,,,,,,,,,,,,,,,,https://cdn.shopify.com/s/files/1/0912/9351/6071/files/img_31a9a237_20250325_i1742911328_7539_1_jpg.jpg?v=1759125061,9,,,,,,,,,,,
biker-bag-31-in-caramel-brown-calfskin,BIKER BAG 31 IN CARAMEL BROWN CALFSKIN,"<ul>
<li><span data-mce-fragment=""1"">Color: Caramel Brown<br><br></span></li>
<li>
<span data-mce-fragment=""1""><span>Size: 31 X 16 X 20 Cm</span></span>
<div class=""index-module_foldText_TFDUn"">
<div class=""index-module_text_HePJ3"">
<div class=""index-module_ellipsisText_pYRbE""><br></div>
</div>
</div>
</li>
<li>
<span data-mce-fragment=""1""><span>Material : Calfskin<br></span></span><span data-mce-fragment=""1""><span><br></span></span>
</li>
<li> The products are 1:1 copies of the original version and they are the same from every detail.<br><br>
</li>
<li>Support return and exchange in 1 month if the product is defective or the customer is not satisfied with the product.
<div id=""chat-box-input-container-id"" class=""chat-box-input-container"">
<div id=""chatInput"" class=""chat-box-input--audit-2023 chat-box-input--to-focus win32"">
<div id=""chat-input-container-id"" class=""chat-input-container--audit-2023"">
<div class=""chat-input-container--audit-2023__left-layout"">
<div id=""chat-input-scroller-id"" class=""chat-input-scrollable"">
<div class=""chat-input-wrapper"">
<div id=""chat-input-content-id"" class=""chat-input-content""></div>
</div>
</div>
</div>
</div>
</div>
</div>
</li>
</ul>
<p> </p>
<ul></ul>",miumiu bag,,bag,"shoulder bags, top handle",TRUE,Title,Default Title,,,,,,0,,0,deny,manual,420.00,,TRUE,FALSE,,https://cdn.shopify.com/s/files/1/0912/9351/6071/files/20240101_i1704084254_669_0_jpg.jpg?v=1759120535,1,,,,,,g,,,,,active
biker-bag-31-in-caramel-brown-calfskin,,,,,,,,,,,,,,,,,,,,,,,,,https://cdn.shopify.com/s/files/1/0912/9351/6071/files/20240101_i1704084254_4194_3_jpg.jpg?v=1759120535,2,,,,,,,,,,,
biker-bag-31-in-caramel-brown-calfskin,,,,,,,,,,,,,,,,,,,,,,,,,https://cdn.shopify.com/s/files/1/0912/9351/6071/files/20240101_i1704084254_1435_2_jpg.jpg?v=1759120535,3,,,,,,,,,,,
biker-bag-31-in-caramel-brown-calfskin,,,,,,,,,,,,,,,,,,,,,,,,,https://cdn.shopify.com/s/files/1/0912/9351/6071/files/20240101_i1704084254_3378_7_jpg.jpg?v=1759120535,4,,,,,,,,,,,
biker-bag-31-in-caramel-brown-calfskin,,,,,,,,,,,,,,,,,,,,,,,,,https://cdn.shopify.com/s/files/1/0912/9351/6071/files/20240101_i1704084254_2518_6_jpg.jpg?v=1759120535,5,,,,,,,,,,,
biker-bag-31-in-caramel-brown-calfskin,,,,,,,,,,,,,,,,,,,,,,,,,https://cdn.shopify.com/s/files/1/0912/9351/6071/files/20240101_i1704084254_8061_5_jpg.jpg?v=1759120535,6,,,,,,,,,,,
biker-bag-31-in-caramel-brown-calfskin,,,,,,,,,,,,,,,,,,,,,,,,,https://cdn.shopify.com/s/files/1/0912/9351/6071/files/20240101_i1704084254_572_4_jpg.jpg?v=1759120535,7,,,,,,,,,,,
biker-bag-31-in-caramel-brown-calfskin,,,,,,,,,,,,,,,,,,,,,,,,,https://cdn.shopify.com/s/files/1/0912/9351/6071/files/20240101_i1704084254_2382_8_jpg.jpg?v=1759120535,8,,,,,,,,,,,
biker-bag-31-in-caramel-brown-calfskin,,,,,,,,,,,,,,,,,,,,,,,,,https://cdn.shopify.com/s/files/1/0912/9351/6071/files/20240101_i1704084254_2025_1_jpg.jpg?v=1759120535,9,,,,,,,,,,,
hobo-40-tote-in-light-blue-calfskin,HOBO 40 TOTE IN LIGHT BLUE CALFSKIN,"<ul>
<li>
<span data-mce-fragment=""1"">Color: Light</span><span data-mce-fragment=""1""> Blue<br><br></span>
</li>
<li>
<span data-mce-fragment=""1""><span>Size: 40 x 35 Cm<br></span></span>
<div class=""index-module_foldText_TFDUn"">
<div class=""index-module_text_HePJ3"">
<div class=""index-module_ellipsisText_pYRbE""><br></div>
</div>
</div>
</li>
<li><span data-mce-fragment=""1""><span>Handle height: 60cm<br><br></span></span></li>
<li>
<span data-mce-fragment=""1""><span>Material : Calfskin<br></span></span><span data-mce-fragment=""1""><span><br></span></span>
</li>
<li> The products are 1:1 copies of the original version and they are the same from every detail.<br><br>
</li>
<li>Support return and exchange in 1 month if the product is defective or the customer is not satisfied with the product.
<div id=""chat-box-input-container-id"" class=""chat-box-input-container"">
<div id=""chatInput"" class=""chat-box-input--audit-2023 chat-box-input--to-focus win32"">
<div id=""chat-input-container-id"" class=""chat-input-container--audit-2023"">
<div class=""chat-input-container--audit-2023__left-layout"">
<div id=""chat-input-scroller-id"" class=""chat-input-scrollable"">
<div class=""chat-input-wrapper"">
<div id=""chat-input-content-id"" class=""chat-input-content""></div>
</div>
</div>
</div>
</div>
</div>
</div>
</li>
</ul>
<p> </p>
<ul></ul>",miumiu bag,,bag,"hobo bag, shoulder bags, top handle",TRUE,Title,Default Title,,,,,,0,,0,deny,manual,294.00,,TRUE,FALSE,,https://cdn.shopify.com/s/files/1/0912/9351/6071/files/20231114_i1699936852_9994_0_jpg.jpg?v=1759120504,1,,,,,,g,,,,,active
hobo-40-tote-in-light-blue-calfskin,,,,,,,,,,,,,,,,,,,,,,,,,https://cdn.shopify.com/s/files/1/0912/9351/6071/files/20231114_i1699936852_5415_1_jpg.jpg?v=1759120504,2,,,,,,,,,,,
hobo-40-tote-in-light-blue-calfskin,,,,,,,,,,,,,,,,,,,,,,,,,https://cdn.shopify.com/s/files/1/0912/9351/6071/files/20231114_i1699936852_7281_2_jpg.jpg?v=1759120504,3,,,,,,,,,,,
hobo-40-tote-in-light-blue-calfskin,,,,,,,,,,,,,,,,,,,,,,,,,https://cdn.shopify.com/s/files/1/0912/9351/6071/files/20231114_i1699936852_8235_4_jpg.jpg?v=1759120504,4,,,,,,,,,,,
hobo-40-tote-in-light-blue-calfskin,,,,,,,,,,,,,,,,,,,,,,,,,https://cdn.shopify.com/s/files/1/0912/9351/6071/files/20231114_i1699936852_3641_8_jpg.jpg?v=1759120504,5,,,,,,,,,,,
hobo-40-tote-in-light-blue-calfskin,,,,,,,,,,,,,,,,,,,,,,,,,https://cdn.shopify.com/s/files/1/0912/9351/6071/files/20231114_i1699936852_8398_7_jpg.jpg?v=1759120504,6,,,,,,,,,,,
hobo-40-tote-in-light-blue-calfskin,,,,,,,,,,,,,,,,,,,,,,,,,https://cdn.shopify.com/s/files/1/0912/9351/6071/files/20231114_i1699936852_4687_6_jpg.jpg?v=1759120504,7,,,,,,,,,,,
hobo-40-tote-in-light-blue-calfskin,,,,,,,,,,,,,,,,,,,,,,,,,https://cdn.shopify.com/s/files/1/0912/9351/6071/files/20231114_i1699936852_1361_3_jpg.jpg?v=1759120505,8,,,,,,,,,,,
hobo-40-tote-in-light-blue-calfskin,,,,,,,,,,,,,,,,,,,,,,,,,https://cdn.shopify.com/s/files/1/0912/9351/6071/files/20231114_i1699936852_6324_5_jpg.jpg?v=1759120505,9,,,,,,,,,,,
hobo-40-tote-in-white-calfskin,HOBO 40 TOTE IN WHITE CALFSKIN,"<ul>
<li><span data-mce-fragment=""1"">Color: White<br><br></span></li>
<li>
<span data-mce-fragment=""1""><span>Size: 40 x 35 Cm<br></span></span>
<div class=""index-module_foldText_TFDUn"">
<div class=""index-module_text_HePJ3"">
<div class=""index-module_ellipsisText_pYRbE""><br></div>
</div>
</div>
</li>
<li><span data-mce-fragment=""1""><span>Handle height: 60cm<br><br></span></span></li>
<li>
<span data-mce-fragment=""1""><span>Material : Calfskin<br></span></span><span data-mce-fragment=""1""><span><br></span></span>
</li>
<li> The products are 1:1 copies of the original version and they are the same from every detail.<br><br>
</li>
<li>Support return and exchange in 1 month if the product is defective or the customer is not satisfied with the product.
<div id=""chat-box-input-container-id"" class=""chat-box-input-container"">
<div id=""chatInput"" class=""chat-box-input--audit-2023 chat-box-input--to-focus win32"">
<div id=""chat-input-container-id"" class=""chat-input-container--audit-2023"">
<div class=""chat-input-container--audit-2023__left-layout"">
<div id=""chat-input-scroller-id"" class=""chat-input-scrollable"">
<div class=""chat-input-wrapper"">
<div id=""chat-input-content-id"" class=""chat-input-content""></div>
</div>
</div>
</div>
</div>
</div>
</div>
</li>
</ul>
<p> </p>
<ul></ul>",miumiu bag,,bag,"hobo bag, shoulder bags, top handle",TRUE,Title,Default Title,,,,,,0,,0,deny,manual,294.00,,TRUE,FALSE,,https://cdn.shopify.com/s/files/1/0912/9351/6071/files/20231107_a1699324152842_2818_jpg.jpg?v=1759120493,1,,,,,,g,,,,,active
hobo-40-tote-in-white-calfskin,,,,,,,,,,,,,,,,,,,,,,,,,https://cdn.shopify.com/s/files/1/0912/9351/6071/files/20231107_a1699324153035_1654_jpg.jpg?v=1759120493,2,,,,,,,,,,,
hobo-40-tote-in-white-calfskin,,,,,,,,,,,,,,,,,,,,,,,,,https://cdn.shopify.com/s/files/1/0912/9351/6071/files/20231107_a1699324152937_5258_jpg.jpg?v=1759120493,3,,,,,,,,,,,
hobo-40-tote-in-white-calfskin,,,,,,,,,,,,,,,,,,,,,,,,,https://cdn.shopify.com/s/files/1/0912/9351/6071/files/20231107_a1699324154120_0777_jpg.jpg?v=1759120493,4,,,,,,,,,,,
hobo-40-tote-in-white-calfskin,,,,,,,,,,,,,,,,,,,,,,,,,https://cdn.shopify.com/s/files/1/0912/9351/6071/files/20231107_a1699324154593_0154_jpg.jpg?v=1759120493,5,,,,,,,,,,,
hobo-40-tote-in-white-calfskin,,,,,,,,,,,,,,,,,,,,,,,,,https://cdn.shopify.com/s/files/1/0912/9351/6071/files/20231107_a1699324153122_6168_jpg.jpg?v=1759120494,6,,,,,,,,,,,
hobo-40-tote-in-white-calfskin,,,,,,,,,,,,,,,,,,,,,,,,,https://cdn.shopify.com/s/files/1/0912/9351/6071/files/20231107_a1699324153202_3623_jpg.jpg?v=1759120494,7,,,,,,,,,,,
hobo-40-tote-in-white-calfskin,,,,,,,,,,,,,,,,,,,,,,,,,https://cdn.shopify.com/s/files/1/0912/9351/6071/files/20231107_a1699324153353_1000_jpg.jpg?v=1759120494,8,,,,,,,,,,,
hobo-40-tote-in-white-calfskin,,,,,,,,,,,,,,,,,,,,,,,,,https://cdn.shopify.com/s/files/1/0912/9351/6071/files/20231107_a1699324153821_8350_jpg.jpg?v=1759120494,9,,,,,,,,,,,
hobo-40-tote-in-goldenrod-yellow-calfskin,HOBO 40 TOTE IN GOLDENROD YELLOW CALFSKIN,"<ul>
<li><span data-mce-fragment=""1"">Color: Goldenrod Yellow<br><br></span></li>
<li>
<span data-mce-fragment=""1""><span>Size: 40 x 35 Cm<br></span></span>
<div class=""index-module_foldText_TFDUn"">
<div class=""index-module_text_HePJ3"">
<div class=""index-module_ellipsisText_pYRbE""><br></div>
</div>
</div>
</li>
<li><span data-mce-fragment=""1""><span>Handle height: 60cm<br><br></span></span></li>
<li>
<span data-mce-fragment=""1""><span>Material : Calfskin<br></span></span><span data-mce-fragment=""1""><span><br></span></span>
</li>
<li> The products are 1:1 copies of the original version and they are the same from every detail.<br><br>
</li>
<li>Support return and exchange in 1 month if the product is defective or the customer is not satisfied with the product.
<div id=""chat-box-input-container-id"" class=""chat-box-input-container"">
<div id=""chatInput"" class=""chat-box-input--audit-2023 chat-box-input--to-focus win32"">
<div id=""chat-input-container-id"" class=""chat-input-container--audit-2023"">
<div class=""chat-input-container--audit-2023__left-layout"">
<div id=""chat-input-scroller-id"" class=""chat-input-scrollable"">
<div class=""chat-input-wrapper"">
<div id=""chat-input-content-id"" class=""chat-input-content""></div>
</div>
</div>
</div>
</div>
</div>
</div>
</li>
</ul>
<p> </p>
<ul></ul>",miumiu bag,,bag,"hobo bag, shoulder bags, top handle",TRUE,Title,Default Title,,,,,,0,,0,deny,manual,294.00,,TRUE,FALSE,,https://cdn.shopify.com/s/files/1/0912/9351/6071/files/20231107_a1699324020304_0130_jpg.jpg?v=1759120473,1,,,,,,g,,,,,active
hobo-40-tote-in-goldenrod-yellow-calfskin,,,,,,,,,,,,,,,,,,,,,,,,,https://cdn.shopify.com/s/files/1/0912/9351/6071/files/20231107_a1699324020403_8455_jpg.jpg?v=1759120473,2,,,,,,,,,,,
hobo-40-tote-in-goldenrod-yellow-calfskin,,,,,,,,,,,,,,,,,,,,,,,,,https://cdn.shopify.com/s/files/1/0912/9351/6071/files/20231107_a1699324020486_0064_jpg.jpg?v=1759120473,3,,,,,,,,,,,
hobo-40-tote-in-goldenrod-yellow-calfskin,,,,,,,,,,,,,,,,,,,,,,,,,https://cdn.shopify.com/s/files/1/0912/9351/6071/files/20231107_a1699324020567_7841_jpg.jpg?v=1759120473,4,,,,,,,,,,,
hobo-40-tote-in-goldenrod-yellow-calfskin,,,,,,,,,,,,,,,,,,,,,,,,,https://cdn.shopify.com/s/files/1/0912/9351/6071/files/20231107_a1699324021018_8642_jpg.jpg?v=1759120473,5,,,,,,,,,,,
hobo-40-tote-in-goldenrod-yellow-calfskin,,,,,,,,,,,,,,,,,,,,,,,,,https://cdn.shopify.com/s/files/1/0912/9351/6071/files/20231107_a1699324020905_4868_jpg.jpg?v=1759120473,6,,,,,,,,,,,
hobo-40-tote-in-goldenrod-yellow-calfskin,,,,,,,,,,,,,,,,,,,,,,,,,https://cdn.shopify.com/s/files/1/0912/9351/6071/files/20231107_a1699324020655_0806_jpg.jpg?v=1759120473,7,,,,,,,,,,,
hobo-40-tote-in-goldenrod-yellow-calfskin,,,,,,,,,,,,,,,,,,,,,,,,,https://cdn.shopify.com/s/files/1/0912/9351/6071/files/20231107_a1699324020733_0040_jpg.jpg?v=1759120473,8,,,,,,,,,,,
hobo-40-tote-in-goldenrod-yellow-calfskin,,,,,,,,,,,,,,,,,,,,,,,,,https://cdn.shopify.com/s/files/1/0912/9351/6071/files/20231107_a1699324020814_8542_jpg.jpg?v=1759120473,9,,,,,,,,,,,
hobo-40-tote-in-beige-calfskin,HOBO 40 TOTE IN BEIGE CALFSKIN,"<ul>
<li><span data-mce-fragment=""1"">Color: Beige<br><br></span></li>
<li>
<span data-mce-fragment=""1""><span>Size: 40 x 35 Cm<br></span></span>
<div class=""index-module_foldText_TFDUn"">
<div class=""index-module_text_HePJ3"">
<div class=""index-module_ellipsisText_pYRbE""><br></div>
</div>
</div>
</li>
<li><span data-mce-fragment=""1""><span>Handle height: 60cm<br><br></span></span></li>
<li>
<span data-mce-fragment=""1""><span>Material : Calfskin<br></span></span><span data-mce-fragment=""1""><span><br></span></span>
</li>
<li> The products are 1:1 copies of the original version and they are the same from every detail.<br><br>
</li>
<li>Support return and exchange in 1 month if the product is defective or the customer is not satisfied with the product.
<div id=""chat-box-input-container-id"" class=""chat-box-input-container"">
<div id=""chatInput"" class=""chat-box-input--audit-2023 chat-box-input--to-focus win32"">
<div id=""chat-input-container-id"" class=""chat-input-container--audit-2023"">
<div class=""chat-input-container--audit-2023__left-layout"">
<div id=""chat-input-scroller-id"" class=""chat-input-scrollable"">
<div class=""chat-input-wrapper"">
<div id=""chat-input-content-id"" class=""chat-input-content""></div>
</div>
</div>
</div>
</div>
</div>
</div>
</li>
</ul>
<p> </p>
<ul></ul>",miumiu bag,,bag,"hobo bag, shoulder bags, top handle",TRUE,Title,Default Title,,,,,,0,,0,deny,manual,294.00,,TRUE,FALSE,,https://cdn.shopify.com/s/files/1/0912/9351/6071/files/20231102_a1698897033397_2266_jpg.jpg?v=1759120462,1,,,,,,g,,,,,active
hobo-40-tote-in-beige-calfskin,,,,,,,,,,,,,,,,,,,,,,,,,https://cdn.shopify.com/s/files/1/0912/9351/6071/files/20231102_a1698897033751_8404_jpg.jpg?v=1759120462,2,,,,,,,,,,,
hobo-40-tote-in-beige-calfskin,,,,,,,,,,,,,,,,,,,,,,,,,https://cdn.shopify.com/s/files/1/0912/9351/6071/files/20231102_a1698897033584_4283_jpg.jpg?v=1759120462,3,,,,,,,,,,,
hobo-40-tote-in-beige-calfskin,,,,,,,,,,,,,,,,,,,,,,,,,https://cdn.shopify.com/s/files/1/0912/9351/6071/files/20231102_a1698897033494_3773_jpg.jpg?v=1759120462,4,,,,,,,,,,,
hobo-40-tote-in-beige-calfskin,,,,,,,,,,,,,,,,,,,,,,,,,https://cdn.shopify.com/s/files/1/0912/9351/6071/files/20231102_a1698897033669_4808_jpg.jpg?v=1759120462,5,,,,,,,,,,,
hobo-40-tote-in-beige-calfskin,,,,,,,,,,,,,,,,,,,,,,,,,https://cdn.shopify.com/s/files/1/0912/9351/6071/files/20231102_a1698897033967_8404_jpg.jpg?v=1759120462,6,,,,,,,,,,,
hobo-40-tote-in-beige-calfskin,,,,,,,,,,,,,,,,,,,,,,,,,https://cdn.shopify.com/s/files/1/0912/9351/6071/files/20231102_a1698897034049_3856_jpg.jpg?v=1759120462,7,,,,,,,,,,,
hobo-40-tote-in-beige-calfskin,,,,,,,,,,,,,,,,,,,,,,,,,https://cdn.shopify.com/s/files/1/0912/9351/6071/files/20231102_a1698897034133_1161_jpg.jpg?v=1759120462,8,,,,,,,,,,,
hobo-40-tote-in-beige-calfskin,,,,,,,,,,,,,,,,,,,,,,,,,https://cdn.shopify.com/s/files/1/0912/9351/6071/files/20231102_a1698897033836_7264_jpg.jpg?v=1759120462,9,,,,,,,,,,,
restro-small-27-in-taupe-pink-in-calfskin,RESTRO SMALL 27 IN TAUPE PINK IN CALFSKIN,"<ul>
<li><span data-mce-fragment=""1"">Color: Taupe Pink<br><br></span></li>
<li>
<span data-mce-fragment=""1""><span>Size: 27 x 12 x 9 cm<br><br></span></span><span data-mce-fragment=""1""><span></span></span>
</li>
<li>
<span data-mce-fragment=""1""><span>Material : Calfskin<br></span></span><span data-mce-fragment=""1""><span><br></span></span>
</li>
<li> The products are 1:1 copies of the original version and they are the same from every detail.<br><br>
</li>
<li>Support return and exchange in 1 month if the product is defective or the customer is not satisfied with the product.
<div id=""chat-box-input-container-id"" class=""chat-box-input-container"">
<div id=""chatInput"" class=""chat-box-input--audit-2023 chat-box-input--to-focus win32"">
<div id=""chat-input-container-id"" class=""chat-input-container--audit-2023"">
<div class=""chat-input-container--audit-2023__left-layout"">
<div id=""chat-input-scroller-id"" class=""chat-input-scrollable"">
<div class=""chat-input-wrapper"">
<div id=""chat-input-content-id"" class=""chat-input-content""></div>
</div>
</div>
</div>
</div>
</div>
</div>
</li>
</ul>
<p> </p>
<ul></ul>",miumiu bag,,bag,"hobo bag, shoulder bags, top handle",TRUE,Title,Default Title,,,,,,0,,0,deny,manual,336.00,,TRUE,FALSE,,https://cdn.shopify.com/s/files/1/0912/9351/6071/files/20240409_i1712637505_1583_0_jpg.jpg?v=1759120450,1,,,,,,g,,,,,active
restro-small-27-in-taupe-pink-in-calfskin,,,,,,,,,,,,,,,,,,,,,,,,,https://cdn.shopify.com/s/files/1/0912/9351/6071/files/20240409_i1712637505_3838_2_jpg.jpg?v=1759120450,2,,,,,,,,,,,
restro-small-27-in-taupe-pink-in-calfskin,,,,,,,,,,,,,,,,,,,,,,,,,https://cdn.shopify.com/s/files/1/0912/9351/6071/files/20240409_i1712637505_8679_1_jpg.jpg?v=1759120450,3,,,,,,,,,,,
restro-small-27-in-taupe-pink-in-calfskin,,,,,,,,,,,,,,,,,,,,,,,,,https://cdn.shopify.com/s/files/1/0912/9351/6071/files/20240409_i1712637505_1953_4_jpg.jpg?v=1759120450,4,,,,,,,,,,,
restro-small-27-in-taupe-pink-in-calfskin,,,,,,,,,,,,,,,,,,,,,,,,,https://cdn.shopify.com/s/files/1/0912/9351/6071/files/20240409_i1712637505_572_7_jpg.jpg?v=1759120450,5,,,,,,,,,,,
restro-small-27-in-taupe-pink-in-calfskin,,,,,,,,,,,,,,,,,,,,,,,,,https://cdn.shopify.com/s/files/1/0912/9351/6071/files/20240409_i1712637505_1049_6_jpg.jpg?v=1759120450,6,,,,,,,,,,,
restro-small-27-in-taupe-pink-in-calfskin,,,,,,,,,,,,,,,,,,,,,,,,,https://cdn.shopify.com/s/files/1/0912/9351/6071/files/20240409_i1712637505_7489_3_jpg.jpg?v=1759120450,7,,,,,,,,,,,
restro-small-27-in-taupe-pink-in-calfskin,,,,,,,,,,,,,,,,,,,,,,,,,https://cdn.shopify.com/s/files/1/0912/9351/6071/files/20240409_i1712637505_8408_8_jpg.jpg?v=1759120450,8,,,,,,,,,,,
restro-small-27-in-taupe-pink-in-calfskin,,,,,,,,,,,,,,,,,,,,,,,,,https://cdn.shopify.com/s/files/1/0912/9351/6071/files/20240409_i1712637505_9234_5_jpg.jpg?v=1759120450,9,,,,,,,,,,,
hobo-40-tote-in-patchwork-black-calfskin,HOBO 40 TOTE IN PATCHWORK BLACK CALFSKIN,"<ul>
<li><span data-mce-fragment=""1"">Color: Black Patchwork<br><br></span></li>
<li>
<span data-mce-fragment=""1""><span>Size: 40 x 35 Cm<br></span></span>
<div class=""index-module_foldText_TFDUn"">
<div class=""index-module_text_HePJ3"">
<div class=""index-module_ellipsisText_pYRbE""><br></div>
</div>
</div>
</li>
<li><span data-mce-fragment=""1""><span>Handle height: 60cm<br><br></span></span></li>
<li>
<span data-mce-fragment=""1""><span>Material : Calfskin<br></span></span><span data-mce-fragment=""1""><span><br></span></span>
</li>
<li> The products are 1:1 copies of the original version and they are the same from every detail.<br><br>
</li>
<li>Support return and exchange in 1 month if the product is defective or the customer is not satisfied with the product.
<div id=""chat-box-input-container-id"" class=""chat-box-input-container"">
<div id=""chatInput"" class=""chat-box-input--audit-2023 chat-box-input--to-focus win32"">
<div id=""chat-input-container-id"" class=""chat-input-container--audit-2023"">
<div class=""chat-input-container--audit-2023__left-layout"">
<div id=""chat-input-scroller-id"" class=""chat-input-scrollable"">
<div class=""chat-input-wrapper"">
<div id=""chat-input-content-id"" class=""chat-input-content""></div>
</div>
</div>
</div>
</div>
</div>
</div>
</li>
</ul>
<p> </p>
<ul></ul>",miumiu bag,,bag,"hobo bag, shoulder bags, top handle",TRUE,Title,Default Title,,,,,,0,,0,deny,manual,315.00,,TRUE,FALSE,,https://cdn.shopify.com/s/files/1/0912/9351/6071/files/20240409_i1712637355_5467_0_jpg.jpg?v=1759120438,1,,,,,,g,,,,,active
hobo-40-tote-in-patchwork-black-calfskin,,,,,,,,,,,,,,,,,,,,,,,,,https://cdn.shopify.com/s/files/1/0912/9351/6071/files/20240409_i1712637355_6107_2_jpg.jpg?v=1759120438,2,,,,,,,,,,,
hobo-40-tote-in-patchwork-black-calfskin,,,,,,,,,,,,,,,,,,,,,,,,,https://cdn.shopify.com/s/files/1/0912/9351/6071/files/20240409_i1712637355_2892_1_jpg.jpg?v=1759120438,3,,,,,,,,,,,
hobo-40-tote-in-patchwork-black-calfskin,,,,,,,,,,,,,,,,,,,,,,,,,https://cdn.shopify.com/s/files/1/0912/9351/6071/files/20240409_i1712637355_6551_3_jpg.jpg?v=1759120438,4,,,,,,,,,,,
hobo-40-tote-in-patchwork-black-calfskin,,,,,,,,,,,,,,,,,,,,,,,,,https://cdn.shopify.com/s/files/1/0912/9351/6071/files/20240409_i1712637355_1928_7_jpg.jpg?v=1759120438,5,,,,,,,,,,,
hobo-40-tote-in-patchwork-black-calfskin,,,,,,,,,,,,,,,,,,,,,,,,,https://cdn.shopify.com/s/files/1/0912/9351/6071/files/20240409_i1712637355_8463_8_jpg.jpg?v=1759120438,6,,,,,,,,,,,
hobo-40-tote-in-patchwork-black-calfskin,,,,,,,,,,,,,,,,,,,,,,,,,https://cdn.shopify.com/s/files/1/0912/9351/6071/files/20240409_i1712637355_1310_6_jpg.jpg?v=1759120438,7,,,,,,,,,,,
hobo-40-tote-in-patchwork-black-calfskin,,,,,,,,,,,,,,,,,,,,,,,,,https://cdn.shopify.com/s/files/1/0912/9351/6071/files/20240409_i1712637355_2922_4_jpg.jpg?v=1759120438,8,,,,,,,,,,,
hobo-40-tote-in-patchwork-black-calfskin,,,,,,,,,,,,,,,,,,,,,,,,,https://cdn.shopify.com/s/files/1/0912/9351/6071/files/20240409_i1712637355_7759_5_jpg.jpg?v=1759120438,9,,,,,,,,,,,
mini-hobo-17-bag-in-black-sheepskin,MINI HOBO 17 BAG IN BLACK LAMBSKIN,"<ul>
<li><span data-mce-fragment=""1"">Color: Black<br><br></span></li>
<li>
<span data-mce-fragment=""1""><span>Size: Base length 17.5cm x Base width 5.5cm x Height 14cm<br></span></span>
<div class=""index-module_foldText_TFDUn""></div>
<span data-mce-fragment=""1""><span><br></span></span>
</li>
<li>
<span data-mce-fragment=""1""><span>Material : Sheepskin<br></span></span><span data-mce-fragment=""1""><span><br></span></span>
</li>
<li> The products are 1:1 copies of the original version and they are the same from every detail.<br><br>
</li>
<li>Support return and exchange in 1 month if the product is defective or the customer is not satisfied with the product.
<div id=""chat-box-input-container-id"" class=""chat-box-input-container"">
<div id=""chatInput"" class=""chat-box-input--audit-2023 chat-box-input--to-focus win32"">
<div id=""chat-input-container-id"" class=""chat-input-container--audit-2023"">
<div class=""chat-input-container--audit-2023__left-layout"">
<div id=""chat-input-scroller-id"" class=""chat-input-scrollable"">
<div class=""chat-input-wrapper"">
<div id=""chat-input-content-id"" class=""chat-input-content""></div>
</div>
</div>
</div>
</div>
</div>
</div>
</li>
</ul>
<p> </p>
<ul></ul>",miumiu bag,,bag,"hobo bag, shoulder bags, top handle",TRUE,Title,Default Title,,,,,,0,,0,deny,manual,273.00,,TRUE,FALSE,,https://cdn.shopify.com/s/files/1/0912/9351/6071/files/20230411_i1681195735_2018_0_jpg.jpg?v=1759120428,1,,,,,,g,,,,,active
mini-hobo-17-bag-in-black-sheepskin,,,,,,,,,,,,,,,,,,,,,,,,,https://cdn.shopify.com/s/files/1/0912/9351/6071/files/20230411_i1681195735_7635_1_jpg.jpg?v=1759120428,2,,,,,,,,,,,
mini-hobo-17-bag-in-black-sheepskin,,,,,,,,,,,,,,,,,,,,,,,,,https://cdn.shopify.com/s/files/1/0912/9351/6071/files/20230411_i1681195735_3436_8_jpg.jpg?v=1759120428,3,,,,,,,,,,,
mini-hobo-17-bag-in-black-sheepskin,,,,,,,,,,,,,,,,,,,,,,,,,https://cdn.shopify.com/s/files/1/0912/9351/6071/files/20230411_i1681195735_5537_2_jpg.jpg?v=1759120428,4,,,,,,,,,,,
mini-hobo-17-bag-in-black-sheepskin,,,,,,,,,,,,,,,,,,,,,,,,,https://cdn.shopify.com/s/files/1/0912/9351/6071/files/20230411_i1681195735_2930_6_jpg.jpg?v=1759120428,5,,,,,,,,,,,
mini-hobo-17-bag-in-black-sheepskin,,,,,,,,,,,,,,,,,,,,,,,,,https://cdn.shopify.com/s/files/1/0912/9351/6071/files/20230411_i1681195735_202_7_jpg.jpg?v=1759120428,6,,,,,,,,,,,
mini-hobo-17-bag-in-black-sheepskin,,,,,,,,,,,,,,,,,,,,,,,,,https://cdn.shopify.com/s/files/1/0912/9351/6071/files/20230411_i1681195735_6186_3_jpg.jpg?v=1759120428,7,,,,,,,,,,,
mini-hobo-17-bag-in-black-sheepskin,,,,,,,,,,,,,,,,,,,,,,,,,https://cdn.shopify.com/s/files/1/0912/9351/6071/files/20230411_i1681195735_4791_4_jpg.jpg?v=1759120428,8,,,,,,,,,,,
mini-hobo-17-bag-in-black-sheepskin,,,,,,,,,,,,,,,,,,,,,,,,,https://cdn.shopify.com/s/files/1/0912/9351/6071/files/20230411_i1681195735_4665_5_jpg.jpg?v=1759120428,9,,,,,,,,,,,
mini-hobo-20-bag-in-hot-pink-sheepskin,MINI HOBO 20 BAG IN HOT PINK LAMBSKIN,"<ul>
<li><span data-mce-fragment=""1"">Color: Hot Pink<br><br></span></li>
<li>
<span data-mce-fragment=""1""><span>Size: Base length 20cm x Base width 6cm x Height 17cm<br></span></span><span data-mce-fragment=""1""><span><br></span></span>
</li>
<li>
<span data-mce-fragment=""1""><span>Material : Sheepskin<br></span></span><span data-mce-fragment=""1""><span><br></span></span>
</li>
<li> The products are 1:1 copies of the original version and they are the same from every detail.<br><br>
</li>
<li>Support return and exchange in 1 month if the product is defective or the customer is not satisfied with the product.
<div id=""chat-box-input-container-id"" class=""chat-box-input-container"">
<div id=""chatInput"" class=""chat-box-input--audit-2023 chat-box-input--to-focus win32"">
<div id=""chat-input-container-id"" class=""chat-input-container--audit-2023"">
<div class=""chat-input-container--audit-2023__left-layout"">
<div id=""chat-input-scroller-id"" class=""chat-input-scrollable"">
<div class=""chat-input-wrapper"">
<div id=""chat-input-content-id"" class=""chat-input-content""></div>
</div>
</div>
</div>
</div>
</div>
</div>
</li>
</ul>
<p> </p>
<ul></ul>",miumiu bag,,bag,"hobo bag, shoulder bags, top handle",TRUE,Title,Default Title,,,,,,0,,0,deny,manual,294.00,,TRUE,FALSE,,https://cdn.shopify.com/s/files/1/0912/9351/6071/files/20230411_i1681195066_5370_0_jpg.jpg?v=1759120405,1,,,,,,g,,,,,active
mini-hobo-20-bag-in-hot-pink-sheepskin,,,,,,,,,,,,,,,,,,,,,,,,,https://cdn.shopify.com/s/files/1/0912/9351/6071/files/20230411_i1681195066_8383_4_jpg.jpg?v=1759120405,2,,,,,,,,,,,
mini-hobo-20-bag-in-hot-pink-sheepskin,,,,,,,,,,,,,,,,,,,,,,,,,https://cdn.shopify.com/s/files/1/0912/9351/6071/files/20230411_i1681195066_4814_1_jpg.jpg?v=1759120405,3,,,,,,,,,,,
mini-hobo-20-bag-in-hot-pink-sheepskin,,,,,,,,,,,,,,,,,,,,,,,,,https://cdn.shopify.com/s/files/1/0912/9351/6071/files/20230411_i1681195066_1952_2_jpg.jpg?v=1759120405,4,,,,,,,,,,,
mini-hobo-20-bag-in-hot-pink-sheepskin,,,,,,,,,,,,,,,,,,,,,,,,,https://cdn.shopify.com/s/files/1/0912/9351/6071/files/20230411_i1681195066_2466_5_jpg.jpg?v=1759120405,5,,,,,,,,,,,
mini-hobo-20-bag-in-hot-pink-sheepskin,,,,,,,,,,,,,,,,,,,,,,,,,https://cdn.shopify.com/s/files/1/0912/9351/6071/files/20230411_i1681195066_2263_6_jpg.jpg?v=1759120405,6,,,,,,,,,,,
mini-hobo-20-bag-in-hot-pink-sheepskin,,,,,,,,,,,,,,,,,,,,,,,,,https://cdn.shopify.com/s/files/1/0912/9351/6071/files/20230411_i1681195066_8934_8_jpg.jpg?v=1759120405,7,,,,,,,,,,,
mini-hobo-20-bag-in-hot-pink-sheepskin,,,,,,,,,,,,,,,,,,,,,,,,,https://cdn.shopify.com/s/files/1/0912/9351/6071/files/20230411_i1681195066_9388_3_jpg.jpg?v=1759120405,8,,,,,,,,,,,
mini-hobo-20-bag-in-hot-pink-sheepskin,,,,,,,,,,,,,,,,,,,,,,,,,https://cdn.shopify.com/s/files/1/0912/9351/6071/files/20230411_i1681195066_9399_7_jpg.jpg?v=1759120405,9,,,,,,,,,,,
mini-hobo-20-bag-in-light-pink-sheepskin,MINI HOBO 20 BAG IN LIGHT PINK LAMBSKIN,"<ul>
<li><span data-mce-fragment=""1"">Color: Light Pink<br><br></span></li>
<li>
<span data-mce-fragment=""1""><span>Size: Base length 20cm x Base width 6cm x Height 17cm<br></span></span><span data-mce-fragment=""1""><span><br></span></span>
</li>
<li>
<span data-mce-fragment=""1""><span>Material : Sheepskin<br></span></span><span data-mce-fragment=""1""><span><br></span></span>
</li>
<li> The products are 1:1 copies of the original version and they are the same from every detail.<br><br>
</li>
<li>Support return and exchange in 1 month if the product is defective or the customer is not satisfied with the product.
<div id=""chat-box-input-container-id"" class=""chat-box-input-container"">
<div id=""chatInput"" class=""chat-box-input--audit-2023 chat-box-input--to-focus win32"">
<div id=""chat-input-container-id"" class=""chat-input-container--audit-2023"">
<div class=""chat-input-container--audit-2023__left-layout"">
<div id=""chat-input-scroller-id"" class=""chat-input-scrollable"">
<div class=""chat-input-wrapper"">
<div id=""chat-input-content-id"" class=""chat-input-content""></div>
</div>
</div>
</div>
</div>
</div>
</div>
</li>
</ul>
<p> </p>
<ul></ul>",miumiu bag,,bag,"hobo bag, shoulder bags, top handle",TRUE,Title,Default Title,,,,,,0,,0,deny,manual,294.00,,TRUE,FALSE,,https://cdn.shopify.com/s/files/1/0912/9351/6071/files/20230411_i1681195319_3492_0_jpg.jpg?v=1759120393,1,,,,,,g,,,,,active
mini-hobo-20-bag-in-light-pink-sheepskin,,,,,,,,,,,,,,,,,,,,,,,,,https://cdn.shopify.com/s/files/1/0912/9351/6071/files/20230411_i1681195319_8339_1_jpg.jpg?v=1759120393,2,,,,,,,,,,,
mini-hobo-20-bag-in-light-pink-sheepskin,,,,,,,,,,,,,,,,,,,,,,,,,https://cdn.shopify.com/s/files/1/0912/9351/6071/files/20230411_i1681195319_2865_4_jpg.jpg?v=1759120393,3,,,,,,,,,,,
mini-hobo-20-bag-in-light-pink-sheepskin,,,,,,,,,,,,,,,,,,,,,,,,,https://cdn.shopify.com/s/files/1/0912/9351/6071/files/20230411_i1681195319_8850_2_jpg.jpg?v=1759120393,4,,,,,,,,,,,
mini-hobo-20-bag-in-light-pink-sheepskin,,,,,,,,,,,,,,,,,,,,,,,,,https://cdn.shopify.com/s/files/1/0912/9351/6071/files/20230411_i1681195319_2059_8_jpg.jpg?v=1759120393,5,,,,,,,,,,,
mini-hobo-20-bag-in-light-pink-sheepskin,,,,,,,,,,,,,,,,,,,,,,,,,https://cdn.shopify.com/s/files/1/0912/9351/6071/files/20230411_i1681195319_2710_7_jpg.jpg?v=1759120393,6,,,,,,,,,,,
mini-hobo-20-bag-in-light-pink-sheepskin,,,,,,,,,,,,,,,,,,,,,,,,,https://cdn.shopify.com/s/files/1/0912/9351/6071/files/20230411_i1681195319_3446_5_jpg.jpg?v=1759120393,7,,,,,,,,,,,
mini-hobo-20-bag-in-light-pink-sheepskin,,,,,,,,,,,,,,,,,,,,,,,,,https://cdn.shopify.com/s/files/1/0912/9351/6071/files/20230411_i1681195319_7591_6_jpg.jpg?v=1759120393,8,,,,,,,,,,,
mini-hobo-20-bag-in-light-pink-sheepskin,,,,,,,,,,,,,,,,,,,,,,,,,https://cdn.shopify.com/s/files/1/0912/9351/6071/files/20230411_i1681195319_2913_3_jpg.jpg?v=1759120393,9,,,,,,,,,,,
mini-hobo-20-bag-in-black-sheepskin,MINI HOBO 20 BAG IN BLACK LAMBSKIN,"<ul>
<li><span data-mce-fragment=""1"">Color: Black<br><br></span></li>
<li>
<span data-mce-fragment=""1""><span>Size: Base length 20cm x Base width 6cm x Height 17cm<br></span></span><span data-mce-fragment=""1""><span><br></span></span>
</li>
<li>
<span data-mce-fragment=""1""><span>Material : Sheepskin<br></span></span><span data-mce-fragment=""1""><span><br></span></span>
</li>
<li> The products are 1:1 copies of the original version and they are the same from every detail.<br><br>
</li>
<li>Support return and exchange in 1 month if the product is defective or the customer is not satisfied with the product.
<div id=""chat-box-input-container-id"" class=""chat-box-input-container"">
<div id=""chatInput"" class=""chat-box-input--audit-2023 chat-box-input--to-focus win32"">
<div id=""chat-input-container-id"" class=""chat-input-container--audit-2023"">
<div class=""chat-input-container--audit-2023__left-layout"">
<div id=""chat-input-scroller-id"" class=""chat-input-scrollable"">
<div class=""chat-input-wrapper"">
<div id=""chat-input-content-id"" class=""chat-input-content""></div>
</div>
</div>
</div>
</div>
</div>
</div>
</li>
</ul>
<p> </p>
<ul></ul>",miumiu bag,,bag,"hobo bag, shoulder bags, top handle",TRUE,Title,Default Title,,,,,,0,,0,deny,manual,294.00,,TRUE,FALSE,,https://cdn.shopify.com/s/files/1/0912/9351/6071/files/20230411_i1681191677_9712_0_jpg.jpg?v=1759120382,1,,,,,,g,,,,,active
mini-hobo-20-bag-in-black-sheepskin,,,,,,,,,,,,,,,,,,,,,,,,,https://cdn.shopify.com/s/files/1/0912/9351/6071/files/20230411_i1681191677_2079_1_jpg.jpg?v=1759120382,2,,,,,,,,,,,
mini-hobo-20-bag-in-black-sheepskin,,,,,,,,,,,,,,,,,,,,,,,,,https://cdn.shopify.com/s/files/1/0912/9351/6071/files/20230411_i1681191677_8509_5_jpg.jpg?v=1759120382,3,,,,,,,,,,,
mini-hobo-20-bag-in-black-sheepskin,,,,,,,,,,,,,,,,,,,,,,,,,https://cdn.shopify.com/s/files/1/0912/9351/6071/files/20230411_i1681191677_3288_2_jpg.jpg?v=1759120382,4,,,,,,,,,,,
mini-hobo-20-bag-in-black-sheepskin,,,,,,,,,,,,,,,,,,,,,,,,,https://cdn.shopify.com/s/files/1/0912/9351/6071/files/20230411_i1681191677_3215_7_jpg.jpg?v=1759120382,5,,,,,,,,,,,
mini-hobo-20-bag-in-black-sheepskin,,,,,,,,,,,,,,,,,,,,,,,,,https://cdn.shopify.com/s/files/1/0912/9351/6071/files/20230411_i1681191677_3411_3_jpg.jpg?v=1759120382,6,,,,,,,,,,,
mini-hobo-20-bag-in-black-sheepskin,,,,,,,,,,,,,,,,,,,,,,,,,https://cdn.shopify.com/s/files/1/0912/9351/6071/files/20230411_i1681191677_4997_6_jpg.jpg?v=1759120382,7,,,,,,,,,,,
mini-hobo-20-bag-in-black-sheepskin,,,,,,,,,,,,,,,,,,,,,,,,,https://cdn.shopify.com/s/files/1/0912/9351/6071/files/20230411_i1681191677_6587_8_jpg.jpg?v=1759120382,8,,,,,,,,,,,
mini-hobo-20-bag-in-black-sheepskin,,,,,,,,,,,,,,,,,,,,,,,,,https://cdn.shopify.com/s/files/1/0912/9351/6071/files/20230411_i1681191677_8713_4_jpg.jpg?v=1759120382,9,,,,,,,,,,,
pucket-bag-21-in-mocha-brown-calfskin,PUCKET BAG 21 IN MOCHA BROWN CALFSKIN,"<ul>
<li><span data-mce-fragment=""1"">Color: Mocha Brown<br><br></span></li>
<li>
<span data-mce-fragment=""1""><span>Size: Base length 21 cm x Base width 6 cm x Height 12 cm<br></span></span><span data-mce-fragment=""1""><span><br></span></span>
</li>
<li>
<span data-mce-fragment=""1""><span>Material : Calfskin<br></span></span><span data-mce-fragment=""1""><span><br></span></span>
</li>
<li> The products are 1:1 copies of the original version and they are the same from every detail.<br><br>
</li>
<li>Support return and exchange in 1 month if the product is defective or the customer is not satisfied with the product.
<div id=""chat-box-input-container-id"" class=""chat-box-input-container"">
<div id=""chatInput"" class=""chat-box-input--audit-2023 chat-box-input--to-focus win32"">
<div id=""chat-input-container-id"" class=""chat-input-container--audit-2023"">
<div class=""chat-input-container--audit-2023__left-layout"">
<div id=""chat-input-scroller-id"" class=""chat-input-scrollable"">
<div class=""chat-input-wrapper"">
<div id=""chat-input-content-id"" class=""chat-input-content""></div>
</div>
</div>
</div>
</div>
</div>
</div>
</li>
</ul>
<p> </p>
<ul></ul>",miumiu bag,,bag,"shoulder bags, top handle",TRUE,Title,Default Title,,,,,,0,,0,deny,manual,315.00,,TRUE,FALSE,,https://cdn.shopify.com/s/files/1/0912/9351/6071/files/20240407_a1712467258860_6066_jpg.jpg?v=1759120356,1,,,,,,g,,,,,active
pucket-bag-21-in-mocha-brown-calfskin,,,,,,,,,,,,,,,,,,,,,,,,,https://cdn.shopify.com/s/files/1/0912/9351/6071/files/20240407_a1712467258853_1315_jpg.jpg?v=1759120356,2,,,,,,,,,,,
pucket-bag-21-in-mocha-brown-calfskin,,,,,,,,,,,,,,,,,,,,,,,,,https://cdn.shopify.com/s/files/1/0912/9351/6071/files/20240407_a1712467258866_7363_jpg.jpg?v=1759120356,3,,,,,,,,,,,
pucket-bag-21-in-mocha-brown-calfskin,,,,,,,,,,,,,,,,,,,,,,,,,https://cdn.shopify.com/s/files/1/0912/9351/6071/files/20240407_a1712467258863_4714_jpg.jpg?v=1759120356,4,,,,,,,,,,,
pucket-bag-21-in-mocha-brown-calfskin,,,,,,,,,,,,,,,,,,,,,,,,,https://cdn.shopify.com/s/files/1/0912/9351/6071/files/20240407_a1712467258868_5383_jpg.jpg?v=1759120356,5,,,,,,,,,,,
pucket-bag-21-in-mocha-brown-calfskin,,,,,,,,,,,,,,,,,,,,,,,,,https://cdn.shopify.com/s/files/1/0912/9351/6071/files/20240407_a1712467258870_7105_jpg.jpg?v=1759120356,6,,,,,,,,,,,
pucket-bag-21-in-peanut-brown-calfskin,PUCKET BAG 21 IN PEANUT BROWN CALFSKIN,"<ul>
<li><span data-mce-fragment=""1"">Color: Peanut Brown<br><br></span></li>
<li>
<span data-mce-fragment=""1""><span>Size: Base length 21 cm x Base width 6 cm x Height 12 cm<br></span></span><span data-mce-fragment=""1""><span><br></span></span>
</li>
<li>
<span data-mce-fragment=""1""><span>Material : Calfskin<br></span></span><span data-mce-fragment=""1""><span><br></span></span>
</li>
<li> The products are 1:1 copies of the original version and they are the same from every detail.<br><br>
</li>
<li>Support return and exchange in 1 month if the product is defective or the customer is not satisfied with the product.
<div class=""chat-box-input-container"" id=""chat-box-input-container-id"">
<div class=""chat-box-input--audit-2023 chat-box-input--to-focus win32"" id=""chatInput"">
<div class=""chat-input-container--audit-2023"" id=""chat-input-container-id"">
<div class=""chat-input-container--audit-2023__left-layout"">
<div class=""chat-input-scrollable"" id=""chat-input-scroller-id"">
<div class=""chat-input-wrapper"">
<div class=""chat-input-content"" id=""chat-input-content-id""></div>
</div>
</div>
</div>
</div>
</div>
</div>
</li>
</ul>
<p> </p>
<ul></ul>",miumiu bag,,bag,"shoulder bags, top handle",TRUE,Title,Default Title,,,,,,0,,0,deny,manual,325.50,,TRUE,FALSE,,https://cdn.shopify.com/s/files/1/0912/9351/6071/files/20240225_a1708829243846_6876_jpg.jpg?v=1759120349,1,,,,,,g,,,,,active
pucket-bag-21-in-peanut-brown-calfskin,,,,,,,,,,,,,,,,,,,,,,,,,https://cdn.shopify.com/s/files/1/0912/9351/6071/files/20240225_a1708829243851_0711_jpg.jpg?v=1759120349,2,,,,,,,,,,,
pucket-bag-21-in-peanut-brown-calfskin,,,,,,,,,,,,,,,,,,,,,,,,,https://cdn.shopify.com/s/files/1/0912/9351/6071/files/20240225_a1708829243857_5268_jpg.jpg?v=1759120349,3,,,,,,,,,,,
pucket-bag-21-in-peanut-brown-calfskin,,,,,,,,,,,,,,,,,,,,,,,,,https://cdn.shopify.com/s/files/1/0912/9351/6071/files/20240225_a1708829243867_3108_jpg.jpg?v=1759120349,4,,,,,,,,,,,
pucket-bag-21-in-peanut-brown-calfskin,,,,,,,,,,,,,,,,,,,,,,,,,https://cdn.shopify.com/s/files/1/0912/9351/6071/files/20240225_a1708829243861_8642_jpg.jpg?v=1759120349,5,,,,,,,,,,,
pucket-bag-21-in-peanut-brown-calfskin,,,,,,,,,,,,,,,,,,,,,,,,,https://cdn.shopify.com/s/files/1/0912/9351/6071/files/20240225_a1708829243872_6475_jpg.jpg?v=1759120349,6,,,,,,,,,,,
pucket-bag-21-in-peanut-brown-calfskin,,,,,,,,,,,,,,,,,,,,,,,,,https://cdn.shopify.com/s/files/1/0912/9351/6071/files/20240225_a1708829243877_1057_jpg.jpg?v=1759120349,7,,,,,,,,,,,
pucket-bag-21-in-peanut-brown-calfskin,,,,,,,,,,,,,,,,,,,,,,,,,https://cdn.shopify.com/s/files/1/0912/9351/6071/files/20240225_a1708829243880_4836_jpg.jpg?v=1759120349,8,,,,,,,,,,,
pucket-bag-21-in-peanut-brown-calfskin,,,,,,,,,,,,,,,,,,,,,,,,,https://cdn.shopify.com/s/files/1/0912/9351/6071/files/20240225_a1708829243887_1421_jpg.jpg?v=1759120349,9,,,,,,,,,,,
pucket-bag-21-in-black-calfskin,PUCKET BAG 21 IN BLACK CALFSKIN,"<ul>
<li><span data-mce-fragment=""1"">Color: Black<br><br></span></li>
<li>
<span data-mce-fragment=""1""><span>Size: Base length 21 cm x Base width 6 cm x Height 12 cm<br></span></span><span data-mce-fragment=""1""><span><br></span></span>
</li>
<li>
<span data-mce-fragment=""1""><span>Material : Calfskin<br></span></span><span data-mce-fragment=""1""><span><br></span></span>
</li>
<li> The products are 1:1 copies of the original version and they are the same from every detail.<br><br>
</li>
<li>Support return and exchange in 1 month if the product is defective or the customer is not satisfied with the product.
<div id=""chat-box-input-container-id"" class=""chat-box-input-container"">
<div id=""chatInput"" class=""chat-box-input--audit-2023 chat-box-input--to-focus win32"">
<div id=""chat-input-container-id"" class=""chat-input-container--audit-2023"">
<div class=""chat-input-container--audit-2023__left-layout"">
<div id=""chat-input-scroller-id"" class=""chat-input-scrollable"">
<div class=""chat-input-wrapper"">
<div id=""chat-input-content-id"" class=""chat-input-content""></div>
</div>
</div>
</div>
</div>
</div>
</div>
</li>
</ul>
<p> </p>
<ul></ul>",miumiu bag,,bag,"shoulder bags, top handle",TRUE,Title,Default Title,,,,,,0,,0,deny,manual,367.50,,TRUE,FALSE,,https://cdn.shopify.com/s/files/1/0912/9351/6071/files/20230418_i1681798438_5123_0.jpg_1_19fcc978-fd2c-4cde-91e5-725cc6659cb1.jpg?v=1776421448,1,,,,,,g,,,,,active
pucket-bag-21-in-black-calfskin,,,,,,,,,,,,,,,,,,,,,,,,,https://cdn.shopify.com/s/files/1/0912/9351/6071/files/20230418_i1681798438_5343_2.jpg_1_e0db6540-7cdb-480b-92eb-08095809e378.jpg?v=1776421448,2,,,,,,,,,,,
pucket-bag-21-in-black-calfskin,,,,,,,,,,,,,,,,,,,,,,,,,https://cdn.shopify.com/s/files/1/0912/9351/6071/files/20230418_i1681798438_1825_1.jpg_1_17101178-b9cb-4580-8395-4ce227bca7b8.jpg?v=1776421448,3,,,,,,,,,,,
pucket-bag-21-in-black-calfskin,,,,,,,,,,,,,,,,,,,,,,,,,https://cdn.shopify.com/s/files/1/0912/9351/6071/files/20230418_i1681798438_4976_6.jpg_1_99488504-72a2-4a09-a06f-df38ef36d1e1.jpg?v=1776421448,4,,,,,,,,,,,
pucket-bag-21-in-black-calfskin,,,,,,,,,,,,,,,,,,,,,,,,,https://cdn.shopify.com/s/files/1/0912/9351/6071/files/20230418_i1681798438_2306_4.jpg_1_16537ed5-5961-454c-8a83-659f08444981.jpg?v=1776421448,5,,,,,,,,,,,
pucket-bag-21-in-black-calfskin,,,,,,,,,,,,,,,,,,,,,,,,,https://cdn.shopify.com/s/files/1/0912/9351/6071/files/20230418_i1681798438_8018_8.jpg_1_7160173b-65e3-4d20-b71c-9bed81c69c34.jpg?v=1776421448,6,,,,,,,,,,,
pucket-bag-21-in-black-calfskin,,,,,,,,,,,,,,,,,,,,,,,,,https://cdn.shopify.com/s/files/1/0912/9351/6071/files/20230418_i1681798438_2834_7.jpg_1_f7ac1cc5-3853-406a-a08d-8cb83942b7ef.jpg?v=1776421448,7,,,,,,,,,,,
pucket-bag-21-in-black-calfskin,,,,,,,,,,,,,,,,,,,,,,,,,https://cdn.shopify.com/s/files/1/0912/9351/6071/files/20230418_i1681798438_90_5.jpg_1_46767fa7-ca48-4675-bafd-be6ba42ec8cf.jpg?v=1776421448,8,,,,,,,,,,,
pucket-bag-21-in-black-calfskin,,,,,,,,,,,,,,,,,,,,,,,,,https://cdn.shopify.com/s/files/1/0912/9351/6071/files/20230418_i1681798438_2280_3.jpg_1_e7bb44d2-a28f-4082-bedc-ca58a599694d.jpg?v=1776421448,9,,,,,,,,,,,
hobo-28-city-shouder-bag-in-white-calfskin,HOBO 28 CITY SHOUDER BAG IN WHITE CALFSKIN,"<ul>
<li><span data-mce-fragment=""1"">Color: White<br><br></span></li>
<li>
<span data-mce-fragment=""1""><span>Size: Length 28 cm x Height 15 cm x Width 4 cm<br></span></span><span data-mce-fragment=""1""><span><br></span></span>
</li>
<li>
<span data-mce-fragment=""1""><span>Material : Calfskin<br></span></span><span data-mce-fragment=""1""><span><br></span></span>
</li>
<li> The products are 1:1 copies of the original version and they are the same from every detail.<br><br>
</li>
<li>Support return and exchange in 1 month if the product is defective or the customer is not satisfied with the product.
<div class=""chat-box-input-container"" id=""chat-box-input-container-id"">
<div class=""chat-box-input--audit-2023 chat-box-input--to-focus win32"" id=""chatInput"">
<div class=""chat-input-container--audit-2023"" id=""chat-input-container-id"">
<div class=""chat-input-container--audit-2023__left-layout"">
<div class=""chat-input-scrollable"" id=""chat-input-scroller-id"">
<div class=""chat-input-wrapper"">
<div class=""chat-input-content"" id=""chat-input-content-id""></div>
</div>
</div>
</div>
</div>
</div>
</div>
</li>
</ul>
<p> </p>
<ul></ul>",miumiu bag,,bag,"hobo bag, shoulder bags, top handle",TRUE,Title,Default Title,,,,,,0,,0,deny,manual,294.00,,TRUE,FALSE,,https://cdn.shopify.com/s/files/1/0912/9351/6071/files/20231110_a1699582948637_7132_jpg.jpg?v=1759120316,1,,,,,,g,,,,,active
hobo-28-city-shouder-bag-in-white-calfskin,,,,,,,,,,,,,,,,,,,,,,,,,https://cdn.shopify.com/s/files/1/0912/9351/6071/files/20231110_a1699582948771_8813_jpg.jpg?v=1759120316,2,,,,,,,,,,,
hobo-28-city-shouder-bag-in-white-calfskin,,,,,,,,,,,,,,,,,,,,,,,,,https://cdn.shopify.com/s/files/1/0912/9351/6071/files/20231110_a1699582949027_4887_jpg.jpg?v=1759120316,3,,,,,,,,,,,
hobo-28-city-shouder-bag-in-white-calfskin,,,,,,,,,,,,,,,,,,,,,,,,,https://cdn.shopify.com/s/files/1/0912/9351/6071/files/20231110_a1699582948873_6858_jpg.jpg?v=1759120316,4,,,,,,,,,,,
hobo-28-city-shouder-bag-in-white-calfskin,,,,,,,,,,,,,,,,,,,,,,,,,https://cdn.shopify.com/s/files/1/0912/9351/6071/files/20231110_a1699582949319_1871_jpg.jpg?v=1759120316,5,,,,,,,,,,,
hobo-28-city-shouder-bag-in-white-calfskin,,,,,,,,,,,,,,,,,,,,,,,,,https://cdn.shopify.com/s/files/1/0912/9351/6071/files/20231110_a1699582949101_6182_jpg.jpg?v=1759120316,6,,,,,,,,,,,
hobo-28-city-shouder-bag-in-white-calfskin,,,,,,,,,,,,,,,,,,,,,,,,,https://cdn.shopify.com/s/files/1/0912/9351/6071/files/20231110_a1699582948952_3514_jpg.jpg?v=1759120316,7,,,,,,,,,,,
hobo-28-city-shouder-bag-in-white-calfskin,,,,,,,,,,,,,,,,,,,,,,,,,https://cdn.shopify.com/s/files/1/0912/9351/6071/files/20231110_a1699582949182_8023_jpg.jpg?v=1759120316,8,,,,,,,,,,,
hobo-28-city-shouder-bag-in-white-calfskin,,,,,,,,,,,,,,,,,,,,,,,,,https://cdn.shopify.com/s/files/1/0912/9351/6071/files/20231110_a1699582949238_3423_jpg.jpg?v=1759120316,9,,,,,,,,,,,
hobo-28-bag-in-cognac-leather-patchwork,HOBO 28 BAG IN COGNAC LEATHER PATCHWORK,"<ul>
<li><span data-mce-fragment=""1"">Color: Cognac<br><br></span></li>
<li>
<span data-mce-fragment=""1""><span>Size: Base length 28cm x Width 12cm x Height 25cm<br></span></span><span data-mce-fragment=""1""><span><br></span></span>
</li>
<li>
<span data-mce-fragment=""1""><span>Material : Patchwork Leather<br></span></span><span data-mce-fragment=""1""><span><br></span></span>
</li>
<li> The products are 1:1 copies of the original version and they are the same from every detail.<br><br>
</li>
<li>Support return and exchange in 1 month if the product is defective or the customer is not satisfied with the product.
<div class=""chat-box-input-container"" id=""chat-box-input-container-id"">
<div class=""chat-box-input--audit-2023 chat-box-input--to-focus win32"" id=""chatInput"">
<div class=""chat-input-container--audit-2023"" id=""chat-input-container-id"">
<div class=""chat-input-container--audit-2023__left-layout"">
<div class=""chat-input-scrollable"" id=""chat-input-scroller-id"">
<div class=""chat-input-wrapper"">
<div class=""chat-input-content"" id=""chat-input-content-id""></div>
</div>
</div>
</div>
</div>
</div>
</div>
</li>
</ul>
<p> </p>
<ul></ul>",miumiu bag,,bag,"hobo bag, shoulder bags, top handle",TRUE,Title,Default Title,,,,,,0,,0,deny,manual,378.00,,TRUE,FALSE,,https://cdn.shopify.com/s/files/1/0912/9351/6071/files/20240326_a1711428623536_1475_jpg.jpg?v=1759120328,1,,,,,,g,,,,,active
hobo-28-bag-in-cognac-leather-patchwork,,,,,,,,,,,,,,,,,,,,,,,,,https://cdn.shopify.com/s/files/1/0912/9351/6071/files/20240326_a1711428623536_7103_jpg.jpg?v=1759120328,2,,,,,,,,,,,
hobo-28-bag-in-cognac-leather-patchwork,,,,,,,,,,,,,,,,,,,,,,,,,https://cdn.shopify.com/s/files/1/0912/9351/6071/files/20240326_a1711428623494_0443_jpg.jpg?v=1759120328,3,,,,,,,,,,,
hobo-28-bag-in-cognac-leather-patchwork,,,,,,,,,,,,,,,,,,,,,,,,,https://cdn.shopify.com/s/files/1/0912/9351/6071/files/20240326_a1711428623344_6585_jpg.jpg?v=1759120328,4,,,,,,,,,,,
hobo-28-bag-in-cognac-leather-patchwork,,,,,,,,,,,,,,,,,,,,,,,,,https://cdn.shopify.com/s/files/1/0912/9351/6071/files/20240326_a1711428623394_8050_jpg.jpg?v=1759120328,5,,,,,,,,,,,
hobo-28-bag-in-cognac-leather-patchwork,,,,,,,,,,,,,,,,,,,,,,,,,https://cdn.shopify.com/s/files/1/0912/9351/6071/files/20240326_a1711428623129_5188_jpg.jpg?v=1759120328,6,,,,,,,,,,,
hobo-28-bag-in-cognac-leather-patchwork,,,,,,,,,,,,,,,,,,,,,,,,,https://cdn.shopify.com/s/files/1/0912/9351/6071/files/20240326_a1711428623198_1131_jpg.jpg?v=1759120328,7,,,,,,,,,,,
hobo-28-bag-in-cognac-leather-patchwork,,,,,,,,,,,,,,,,,,,,,,,,,https://cdn.shopify.com/s/files/1/0912/9351/6071/files/20240326_a1711428623268_1710_jpg.jpg?v=1759120328,8,,,,,,,,,,,
hobo-28-bag-in-cognac-leather-patchwork,,,,,,,,,,,,,,,,,,,,,,,,,https://cdn.shopify.com/s/files/1/0912/9351/6071/files/20240326_a1711428623444_7657_jpg.jpg?v=1759120328,9,,,,,,,,,,,
hobo-28-city-shouder-bag-in-cinnamon-brown-calfskin,HOBO 28 CITY SHOUDER BAG IN CINNAMON BROWN CALFSKIN,"<ul>
<li><span data-mce-fragment=""1"">Color: Cinnamon Brown<br><br></span></li>
<li>
<span data-mce-fragment=""1""><span>Size: Length 28 cm x Height 15 cm x Width 4 cm<br></span></span><span data-mce-fragment=""1""><span><br></span></span>
</li>
<li>
<span data-mce-fragment=""1""><span>Material : Calfskin<br></span></span><span data-mce-fragment=""1""><span><br></span></span>
</li>
<li> The products are 1:1 copies of the original version and they are the same from every detail.<br><br>
</li>
<li>Support return and exchange in 1 month if the product is defective or the customer is not satisfied with the product.
<div class=""chat-box-input-container"" id=""chat-box-input-container-id"">
<div class=""chat-box-input--audit-2023 chat-box-input--to-focus win32"" id=""chatInput"">
<div class=""chat-input-container--audit-2023"" id=""chat-input-container-id"">
<div class=""chat-input-container--audit-2023__left-layout"">
<div class=""chat-input-scrollable"" id=""chat-input-scroller-id"">
<div class=""chat-input-wrapper"">
<div class=""chat-input-content"" id=""chat-input-content-id""></div>
</div>
</div>
</div>
</div>
</div>
</div>
</li>
</ul>
<p> </p>
<ul></ul>",miumiu bag,,bag,"hobo bag, shoulder bags, top handle",TRUE,Title,Default Title,,,,,,0,,0,deny,manual,294.00,,TRUE,FALSE,,https://cdn.shopify.com/s/files/1/0912/9351/6071/files/20231110_a1699582848211_1717_jpg.jpg?v=1759120305,1,,,,,,g,,,,,active
hobo-28-city-shouder-bag-in-cinnamon-brown-calfskin,,,,,,,,,,,,,,,,,,,,,,,,,https://cdn.shopify.com/s/files/1/0912/9351/6071/files/20231110_a1699582848344_2652_jpg.jpg?v=1759120305,2,,,,,,,,,,,
hobo-28-city-shouder-bag-in-cinnamon-brown-calfskin,,,,,,,,,,,,,,,,,,,,,,,,,https://cdn.shopify.com/s/files/1/0912/9351/6071/files/20231110_a1699582848765_7385_jpg.jpg?v=1759120305,3,,,,,,,,,,,
hobo-28-city-shouder-bag-in-cinnamon-brown-calfskin,,,,,,,,,,,,,,,,,,,,,,,,,https://cdn.shopify.com/s/files/1/0912/9351/6071/files/20231110_a1699582848831_8635_jpg.jpg?v=1759120305,4,,,,,,,,,,,
hobo-28-city-shouder-bag-in-cinnamon-brown-calfskin,,,,,,,,,,,,,,,,,,,,,,,,,https://cdn.shopify.com/s/files/1/0912/9351/6071/files/20231110_a1699582849230_3126_jpg.jpg?v=1759120305,5,,,,,,,,,,,
hobo-28-city-shouder-bag-in-cinnamon-brown-calfskin,,,,,,,,,,,,,,,,,,,,,,,,,https://cdn.shopify.com/s/files/1/0912/9351/6071/files/20231110_a1699582848433_6511_jpg.jpg?v=1759120306,6,,,,,,,,,,,
hobo-28-city-shouder-bag-in-cinnamon-brown-calfskin,,,,,,,,,,,,,,,,,,,,,,,,,https://cdn.shopify.com/s/files/1/0912/9351/6071/files/20231110_a1699582848519_1636_jpg.jpg?v=1759120306,7,,,,,,,,,,,
hobo-28-city-shouder-bag-in-cinnamon-brown-calfskin,,,,,,,,,,,,,,,,,,,,,,,,,https://cdn.shopify.com/s/files/1/0912/9351/6071/files/20231110_a1699582848607_1524_jpg.jpg?v=1759120306,8,,,,,,,,,,,
hobo-28-city-shouder-bag-in-cinnamon-brown-calfskin,,,,,,,,,,,,,,,,,,,,,,,,,https://cdn.shopify.com/s/files/1/0912/9351/6071/files/20231110_a1699582848684_5850_jpg.jpg?v=1759120306,9,,,,,,,,,,,
hobo-28-city-shouder-bag-in-black-calfskin,HOBO 28 CITY SHOUDER BAG IN BLACK CALFSKIN,"<ul>
<li><span data-mce-fragment=""1"">Color: Black<br><br></span></li>
<li>
<span data-mce-fragment=""1""><span>Size: Length 28 cm x Height 15 cm x Width 4 cm<br></span></span><span data-mce-fragment=""1""><span><br></span></span>
</li>
<li>
<span data-mce-fragment=""1""><span>Material : Calfskin<br></span></span><span data-mce-fragment=""1""><span><br></span></span>
</li>
<li> The products are 1:1 copies of the original version and they are the same from every detail.<br><br>
</li>
<li>Support return and exchange in 1 month if the product is defective or the customer is not satisfied with the product.
<div class=""chat-box-input-container"" id=""chat-box-input-container-id"">
<div class=""chat-box-input--audit-2023 chat-box-input--to-focus win32"" id=""chatInput"">
<div class=""chat-input-container--audit-2023"" id=""chat-input-container-id"">
<div class=""chat-input-container--audit-2023__left-layout"">
<div class=""chat-input-scrollable"" id=""chat-input-scroller-id"">
<div class=""chat-input-wrapper"">
<div class=""chat-input-content"" id=""chat-input-content-id""></div>
</div>
</div>
</div>
</div>
</div>
</div>
</li>
</ul>
<p> </p>
<ul></ul>",miumiu bag,,bag,"hobo bag, shoulder bags, top handle",TRUE,Title,Default Title,,,,,,0,,0,deny,manual,294.00,,TRUE,FALSE,,https://cdn.shopify.com/s/files/1/0912/9351/6071/files/20231110_a1699582791267_8863_jpg.jpg?v=1759120294,1,,,,,,g,,,,,active
hobo-28-city-shouder-bag-in-black-calfskin,,,,,,,,,,,,,,,,,,,,,,,,,https://cdn.shopify.com/s/files/1/0912/9351/6071/files/20231110_a1699582791354_2224_jpg.jpg?v=1759120295,2,,,,,,,,,,,
hobo-28-city-shouder-bag-in-black-calfskin,,,,,,,,,,,,,,,,,,,,,,,,,https://cdn.shopify.com/s/files/1/0912/9351/6071/files/20231110_a1699582791601_3537_jpg.jpg?v=1759120295,3,,,,,,,,,,,
hobo-28-city-shouder-bag-in-black-calfskin,,,,,,,,,,,,,,,,,,,,,,,,,https://cdn.shopify.com/s/files/1/0912/9351/6071/files/20231110_a1699582791445_4558_jpg.jpg?v=1759120295,4,,,,,,,,,,,
hobo-28-city-shouder-bag-in-black-calfskin,,,,,,,,,,,,,,,,,,,,,,,,,https://cdn.shopify.com/s/files/1/0912/9351/6071/files/20231110_a1699582791764_8853_jpg.jpg?v=1759120295,5,,,,,,,,,,,
hobo-28-city-shouder-bag-in-black-calfskin,,,,,,,,,,,,,,,,,,,,,,,,,https://cdn.shopify.com/s/files/1/0912/9351/6071/files/20231110_a1699582792408_2411_jpg.jpg?v=1759120295,6,,,,,,,,,,,
hobo-28-city-shouder-bag-in-black-calfskin,,,,,,,,,,,,,,,,,,,,,,,,,https://cdn.shopify.com/s/files/1/0912/9351/6071/files/20231110_a1699582792571_5168_jpg.jpg?v=1759120295,7,,,,,,,,,,,
hobo-28-city-shouder-bag-in-black-calfskin,,,,,,,,,,,,,,,,,,,,,,,,,https://cdn.shopify.com/s/files/1/0912/9351/6071/files/20231110_a1699582791520_2422_jpg.jpg?v=1759120295,8,,,,,,,,,,,
hobo-28-city-shouder-bag-in-black-calfskin,,,,,,,,,,,,,,,,,,,,,,,,,https://cdn.shopify.com/s/files/1/0912/9351/6071/files/20231110_a1699582791678_8538_jpg.jpg?v=1759120295,9,,,,,,,,,,,
top-handle-18-bag-in-red-calfskin,TOP-HANDLE 18 BAG IN RED CALFSKIN,"<ul>
<li><span data-mce-fragment=""1"">Color: Red<br><br></span></li>
<li>
<span data-mce-fragment=""1""><span>Size: Base length 18 cm x Height 11.5 cm x Width 8 cm</span></span>
<div class=""index-module_foldText_TFDUn"">
<div class=""index-module_text_HePJ3"">
<div class=""index-module_ellipsisText_pYRbE""><br></div>
</div>
</div>
</li>
<li>
<span data-mce-fragment=""1""><span>Material : Calfskin<br></span></span><span data-mce-fragment=""1""><span><br></span></span>
</li>
<li> The products are 1:1 copies of the original version and they are the same from every detail.<br><br>
</li>
<li>Support return and exchange in 1 month if the product is defective or the customer is not satisfied with the product.
<div id=""chat-box-input-container-id"" class=""chat-box-input-container"">
<div id=""chatInput"" class=""chat-box-input--audit-2023 chat-box-input--to-focus win32"">
<div id=""chat-input-container-id"" class=""chat-input-container--audit-2023"">
<div class=""chat-input-container--audit-2023__left-layout"">
<div id=""chat-input-scroller-id"" class=""chat-input-scrollable"">
<div class=""chat-input-wrapper"">
<div id=""chat-input-content-id"" class=""chat-input-content""></div>
</div>
</div>
</div>
</div>
</div>
</div>
</li>
</ul>
<p> </p>
<ul></ul>",miumiu bag,,bag,"cross body bags, top handle",TRUE,Title,Default Title,,,,,,0,,0,deny,manual,273.00,,TRUE,FALSE,,https://cdn.shopify.com/s/files/1/0912/9351/6071/files/20231222_a1703223159012_1007_jpg.jpg?v=1759120283,1,,,,,,g,,,,,active
top-handle-18-bag-in-red-calfskin,,,,,,,,,,,,,,,,,,,,,,,,,https://cdn.shopify.com/s/files/1/0912/9351/6071/files/20231222_a1703223159102_8265_jpg.jpg?v=1759120283,2,,,,,,,,,,,
top-handle-18-bag-in-red-calfskin,,,,,,,,,,,,,,,,,,,,,,,,,https://cdn.shopify.com/s/files/1/0912/9351/6071/files/20231222_a1703223159189_6111_jpg.jpg?v=1759120283,3,,,,,,,,,,,
top-handle-18-bag-in-red-calfskin,,,,,,,,,,,,,,,,,,,,,,,,,https://cdn.shopify.com/s/files/1/0912/9351/6071/files/20231222_a1703223159380_2482_jpg.jpg?v=1759120283,4,,,,,,,,,,,
top-handle-18-bag-in-red-calfskin,,,,,,,,,,,,,,,,,,,,,,,,,https://cdn.shopify.com/s/files/1/0912/9351/6071/files/20231222_a1703223159309_7628_jpg.jpg?v=1759120283,5,,,,,,,,,,,
top-handle-18-bag-in-red-calfskin,,,,,,,,,,,,,,,,,,,,,,,,,https://cdn.shopify.com/s/files/1/0912/9351/6071/files/20231222_a1703223159466_3130_jpg.jpg?v=1759120283,6,,,,,,,,,,,
top-handle-18-bag-in-red-calfskin,,,,,,,,,,,,,,,,,,,,,,,,,https://cdn.shopify.com/s/files/1/0912/9351/6071/files/20231222_a1703223159518_0305_jpg.jpg?v=1759120283,7,,,,,,,,,,,
top-handle-18-bag-in-red-calfskin,,,,,,,,,,,,,,,,,,,,,,,,,https://cdn.shopify.com/s/files/1/0912/9351/6071/files/20231222_a1703223159578_4706_jpg.jpg?v=1759120283,8,,,,,,,,,,,
top-handle-18-bag-in-red-calfskin,,,,,,,,,,,,,,,,,,,,,,,,,https://cdn.shopify.com/s/files/1/0912/9351/6071/files/20231222_a1703223159268_3221_jpg.jpg?v=1759120283,9,,,,,,,,,,,
top-handle-18-bag-in-caramel-brown-calfskin,TOP-HANDLE 18 BAG IN CARAMEL BROWN CALFSKIN,"<ul>
<li><span data-mce-fragment=""1"">Color: Caramel Brown<br><br></span></li>
<li>
<span data-mce-fragment=""1""><span>Size: Base length 18 cm x Height 11.5 cm x Width 8 cm</span></span>
<div class=""index-module_foldText_TFDUn"">
<div class=""index-module_text_HePJ3"">
<div class=""index-module_ellipsisText_pYRbE""><br></div>
</div>
</div>
</li>
<li>
<span data-mce-fragment=""1""><span>Material : Calfskin<br></span></span><span data-mce-fragment=""1""><span><br></span></span>
</li>
<li> The products are 1:1 copies of the original version and they are the same from every detail.<br><br>
</li>
<li>Support return and exchange in 1 month if the product is defective or the customer is not satisfied with the product.
<div class=""chat-box-input-container"" id=""chat-box-input-container-id"">
<div class=""chat-box-input--audit-2023 chat-box-input--to-focus win32"" id=""chatInput"">
<div class=""chat-input-container--audit-2023"" id=""chat-input-container-id"">
<div class=""chat-input-container--audit-2023__left-layout"">
<div class=""chat-input-scrollable"" id=""chat-input-scroller-id"">
<div class=""chat-input-wrapper"">
<div class=""chat-input-content"" id=""chat-input-content-id""></div>
</div>
</div>
</div>
</div>
</div>
</div>
</li>
</ul>
<p> </p>
<ul></ul>",miumiu bag,,bag,"cross body bags, top handle",TRUE,Title,Default Title,,,,,,0,,0,deny,manual,273.00,,TRUE,FALSE,,https://cdn.shopify.com/s/files/1/0912/9351/6071/files/20230910_a1694318070002_7740_jpg.jpg?v=1759120272,1,,,,,,g,,,,,active
top-handle-18-bag-in-caramel-brown-calfskin,,,,,,,,,,,,,,,,,,,,,,,,,https://cdn.shopify.com/s/files/1/0912/9351/6071/files/20230910_a1694318070137_6058_jpg.jpg?v=1759120272,2,,,,,,,,,,,
top-handle-18-bag-in-caramel-brown-calfskin,,,,,,,,,,,,,,,,,,,,,,,,,https://cdn.shopify.com/s/files/1/0912/9351/6071/files/20230910_a1694318070505_6753_jpg.jpg?v=1759120272,3,,,,,,,,,,,
top-handle-18-bag-in-caramel-brown-calfskin,,,,,,,,,,,,,,,,,,,,,,,,,https://cdn.shopify.com/s/files/1/0912/9351/6071/files/20230910_a1694318070229_0461_jpg.jpg?v=1759120273,4,,,,,,,,,,,
top-handle-18-bag-in-caramel-brown-calfskin,,,,,,,,,,,,,,,,,,,,,,,,,https://cdn.shopify.com/s/files/1/0912/9351/6071/files/20230910_a1694318070388_3738_jpg.jpg?v=1759120273,5,,,,,,,,,,,
top-handle-18-bag-in-caramel-brown-calfskin,,,,,,,,,,,,,,,,,,,,,,,,,https://cdn.shopify.com/s/files/1/0912/9351/6071/files/20230910_a1694318071792_7721_jpg.jpg?v=1759120273,6,,,,,,,,,,,
top-handle-18-bag-in-caramel-brown-calfskin,,,,,,,,,,,,,,,,,,,,,,,,,https://cdn.shopify.com/s/files/1/0912/9351/6071/files/20230910_a1694318070648_5670_jpg.jpg?v=1759120273,7,,,,,,,,,,,
top-handle-18-bag-in-caramel-brown-calfskin,,,,,,,,,,,,,,,,,,,,,,,,,https://cdn.shopify.com/s/files/1/0912/9351/6071/files/20230910_a1694318071431_2104_jpg.jpg?v=1759120273,8,,,,,,,,,,,
top-handle-18-bag-in-caramel-brown-calfskin,,,,,,,,,,,,,,,,,,,,,,,,,https://cdn.shopify.com/s/files/1/0912/9351/6071/files/20230910_a1694318070305_6668_jpg.jpg?v=1759120273,9,,,,,,,,,,,
top-handle-18-bag-in-white-calfskin,TOP-HANDLE 18 BAG IN WHITE CALFSKIN,"<ul>
<li><span data-mce-fragment=""1"">Color: White<br><br></span></li>
<li>
<span data-mce-fragment=""1""><span>Size: Base length 18 cm x Height 11.5 cm x Width 8 cm</span></span>
<div class=""index-module_foldText_TFDUn"">
<div class=""index-module_text_HePJ3"">
<div class=""index-module_ellipsisText_pYRbE""><br></div>
</div>
</div>
</li>
<li>
<span data-mce-fragment=""1""><span>Material : Calfskin<br></span></span><span data-mce-fragment=""1""><span><br></span></span>
</li>
<li> The products are 1:1 copies of the original version and they are the same from every detail.<br><br>
</li>
<li>Support return and exchange in 1 month if the product is defective or the customer is not satisfied with the product.
<div class=""chat-box-input-container"" id=""chat-box-input-container-id"">
<div class=""chat-box-input--audit-2023 chat-box-input--to-focus win32"" id=""chatInput"">
<div class=""chat-input-container--audit-2023"" id=""chat-input-container-id"">
<div class=""chat-input-container--audit-2023__left-layout"">
<div class=""chat-input-scrollable"" id=""chat-input-scroller-id"">
<div class=""chat-input-wrapper"">
<div class=""chat-input-content"" id=""chat-input-content-id""></div>
</div>
</div>
</div>
</div>
</div>
</div>
</li>
</ul>
<p> </p>
<ul></ul>",miumiu bag,,bag,"cross body bags, top handle",TRUE,Title,Default Title,,,,,,0,,0,deny,manual,273.00,,TRUE,FALSE,,https://cdn.shopify.com/s/files/1/0912/9351/6071/files/20230914_a1694669709282_1578_jpg.jpg?v=1759120259,1,,,,,,g,,,,,active
top-handle-18-bag-in-white-calfskin,,,,,,,,,,,,,,,,,,,,,,,,,https://cdn.shopify.com/s/files/1/0912/9351/6071/files/20230914_a1694669709385_2101_jpg.jpg?v=1759120259,2,,,,,,,,,,,
top-handle-18-bag-in-white-calfskin,,,,,,,,,,,,,,,,,,,,,,,,,https://cdn.shopify.com/s/files/1/0912/9351/6071/files/20230914_a1694669709482_4002_jpg.jpg?v=1759120259,3,,,,,,,,,,,
top-handle-18-bag-in-white-calfskin,,,,,,,,,,,,,,,,,,,,,,,,,https://cdn.shopify.com/s/files/1/0912/9351/6071/files/20230914_a1694669709803_2781_jpg.jpg?v=1759120259,4,,,,,,,,,,,
top-handle-18-bag-in-white-calfskin,,,,,,,,,,,,,,,,,,,,,,,,,https://cdn.shopify.com/s/files/1/0912/9351/6071/files/20230914_a1694669709693_1086_jpg.jpg?v=1759120259,5,,,,,,,,,,,
top-handle-18-bag-in-white-calfskin,,,,,,,,,,,,,,,,,,,,,,,,,https://cdn.shopify.com/s/files/1/0912/9351/6071/files/20230914_a1694669710153_1614_jpg.jpg?v=1759120259,6,,,,,,,,,,,
top-handle-18-bag-in-white-calfskin,,,,,,,,,,,,,,,,,,,,,,,,,https://cdn.shopify.com/s/files/1/0912/9351/6071/files/20230914_a1694669709899_7417_jpg.jpg?v=1759120259,7,,,,,,,,,,,
top-handle-18-bag-in-white-calfskin,,,,,,,,,,,,,,,,,,,,,,,,,https://cdn.shopify.com/s/files/1/0912/9351/6071/files/20230914_a1694669710433_5713_jpg.jpg?v=1759120259,8,,,,,,,,,,,
top-handle-18-bag-in-white-calfskin,,,,,,,,,,,,,,,,,,,,,,,,,https://cdn.shopify.com/s/files/1/0912/9351/6071/files/20230914_a1694669709569_2576_jpg.jpg?v=1759120260,9,,,,,,,,,,,
top-handle-18-bag-in-black-calfskin,TOP-HANDLE 18 BAG IN BLACK CALFSKIN,"<ul>
<li><span data-mce-fragment=""1"">Color: Black<br><br></span></li>
<li>
<span data-mce-fragment=""1""><span>Size: Base length 18 cm x Height 11.5 cm x Width 8 cm</span></span>
<div class=""index-module_foldText_TFDUn"">
<div class=""index-module_text_HePJ3"">
<div class=""index-module_ellipsisText_pYRbE""><br></div>
</div>
</div>
</li>
<li>
<span data-mce-fragment=""1""><span>Material : Calfskin<br></span></span><span data-mce-fragment=""1""><span><br></span></span>
</li>
<li> The products are 1:1 copies of the original version and they are the same from every detail.<br><br>
</li>
<li>Support return and exchange in 1 month if the product is defective or the customer is not satisfied with the product.
<div id=""chat-box-input-container-id"" class=""chat-box-input-container"">
<div id=""chatInput"" class=""chat-box-input--audit-2023 chat-box-input--to-focus win32"">
<div id=""chat-input-container-id"" class=""chat-input-container--audit-2023"">
<div class=""chat-input-container--audit-2023__left-layout"">
<div id=""chat-input-scroller-id"" class=""chat-input-scrollable"">
<div class=""chat-input-wrapper"">
<div id=""chat-input-content-id"" class=""chat-input-content""></div>
</div>
</div>
</div>
</div>
</div>
</div>
</li>
</ul>
<p> </p>
<ul></ul>",miumiu bag,,bag,"cross body bags, top handle",TRUE,Title,Default Title,,,,,,0,,0,deny,manual,273.00,,TRUE,FALSE,,https://cdn.shopify.com/s/files/1/0912/9351/6071/files/20230910_a1694317962923_4438_jpg.jpg?v=1759120247,1,,,,,,g,,,,,active
top-handle-18-bag-in-black-calfskin,,,,,,,,,,,,,,,,,,,,,,,,,https://cdn.shopify.com/s/files/1/0912/9351/6071/files/20230910_a1694317963042_4851_jpg.jpg?v=1759120247,2,,,,,,,,,,,
top-handle-18-bag-in-black-calfskin,,,,,,,,,,,,,,,,,,,,,,,,,https://cdn.shopify.com/s/files/1/0912/9351/6071/files/20230910_a1694317963131_0054_jpg.jpg?v=1759120247,3,,,,,,,,,,,
top-handle-18-bag-in-black-calfskin,,,,,,,,,,,,,,,,,,,,,,,,,https://cdn.shopify.com/s/files/1/0912/9351/6071/files/20230910_a1694317963285_8624_jpg.jpg?v=1759120247,4,,,,,,,,,,,
top-handle-18-bag-in-black-calfskin,,,,,,,,,,,,,,,,,,,,,,,,,https://cdn.shopify.com/s/files/1/0912/9351/6071/files/20230910_a1694317963402_6762_jpg.jpg?v=1759120247,5,,,,,,,,,,,
top-handle-18-bag-in-black-calfskin,,,,,,,,,,,,,,,,,,,,,,,,,https://cdn.shopify.com/s/files/1/0912/9351/6071/files/20230910_a1694317963487_8852_jpg.jpg?v=1759120247,6,,,,,,,,,,,
top-handle-18-bag-in-black-calfskin,,,,,,,,,,,,,,,,,,,,,,,,,https://cdn.shopify.com/s/files/1/0912/9351/6071/files/20230910_a1694317964078_0022_jpg.jpg?v=1759120247,7,,,,,,,,,,,
top-handle-18-bag-in-black-calfskin,,,,,,,,,,,,,,,,,,,,,,,,,https://cdn.shopify.com/s/files/1/0912/9351/6071/files/20230910_a1694317963670_2386_jpg.jpg?v=1759120247,8,,,,,,,,,,,
top-handle-18-bag-in-black-calfskin,,,,,,,,,,,,,,,,,,,,,,,,,https://cdn.shopify.com/s/files/1/0912/9351/6071/files/20230910_a1694317963203_6042_jpg.jpg?v=1759120247,9,,,,,,,,,,,
arcadie-27-bag-in-black-leather,ARCADIE 27 BAG IN BLACK LEATHER,"<ul>
<li><span data-mce-fragment=""1"">Color: Black<br><br></span></li>
<li>
<span data-mce-fragment=""1""><span>Size: 12 x 27 x 9cm</span></span>
<div class=""index-module_foldText_TFDUn"">
<div class=""index-module_text_HePJ3"">
<div class=""index-module_ellipsisText_pYRbE""><br></div>
</div>
</div>
</li>
<li>
<span data-mce-fragment=""1""><span>Material : Leather<br></span></span><span data-mce-fragment=""1""><span><br></span></span><span data-mce-fragment=""1""><span></span></span>
</li>
<li> The products are 1:1 copies of the original version and they are the same from every detail.<br><br>
</li>
<li>Support return and exchange in 1 month if the product is defective or the customer is not satisfied with the product.
<div id=""chat-box-input-container-id"" class=""chat-box-input-container"">
<div id=""chatInput"" class=""chat-box-input--audit-2023 chat-box-input--to-focus win32"">
<div id=""chat-input-container-id"" class=""chat-input-container--audit-2023"">
<div class=""chat-input-container--audit-2023__left-layout"">
<div id=""chat-input-scroller-id"" class=""chat-input-scrollable"">
<div class=""chat-input-wrapper"">
<div id=""chat-input-content-id"" class=""chat-input-content""></div>
</div>
</div>
</div>
</div>
</div>
</div>
</li>
</ul>
<p> </p>
<ul></ul>",miumiu bag,,bag,"top handle, tote bag",TRUE,Title,Default Title,,,,,,0,,0,deny,manual,372.75,,TRUE,FALSE,,https://cdn.shopify.com/s/files/1/0912/9351/6071/files/20231014_i1697297625_8477_0_jpg_ee0a6f3e-6c40-43a8-a88d-2213cd3b29db.jpg?v=1778558114,1,,,,,,g,,,,,active
arcadie-27-bag-in-black-leather,,,,,,,,,,,,,,,,,,,,,,,,,https://cdn.shopify.com/s/files/1/0912/9351/6071/files/20231014_i1697297625_6210_3_jpg_08253391-5ebb-42bb-a940-c048fb116382.jpg?v=1778558114,2,,,,,,,,,,,
arcadie-27-bag-in-black-leather,,,,,,,,,,,,,,,,,,,,,,,,,https://cdn.shopify.com/s/files/1/0912/9351/6071/files/20231014_i1697297625_7861_2_jpg_a3153c3e-cba9-416e-aab3-6d485b04eb87.jpg?v=1778558114,3,,,,,,,,,,,
arcadie-27-bag-in-black-leather,,,,,,,,,,,,,,,,,,,,,,,,,https://cdn.shopify.com/s/files/1/0912/9351/6071/files/20231014_i1697297625_9066_5_jpg_72d1aebd-4754-4a92-84ee-2815b26e9877.jpg?v=1778558114,4,,,,,,,,,,,
arcadie-27-bag-in-black-leather,,,,,,,,,,,,,,,,,,,,,,,,,https://cdn.shopify.com/s/files/1/0912/9351/6071/files/20231014_i1697297625_1715_6_jpg_70935577-84b5-4554-9661-12caa5a2b1f6.jpg?v=1778558114,5,,,,,,,,,,,
arcadie-27-bag-in-black-leather,,,,,,,,,,,,,,,,,,,,,,,,,https://cdn.shopify.com/s/files/1/0912/9351/6071/files/20231014_i1697297625_4622_7_jpg_7f43cd41-4ad6-4cab-8013-cb5dda7a6d6c.jpg?v=1778558114,6,,,,,,,,,,,
arcadie-27-bag-in-black-leather,,,,,,,,,,,,,,,,,,,,,,,,,https://cdn.shopify.com/s/files/1/0912/9351/6071/files/20231014_i1697297625_7833_1_jpg_a3037e79-8356-4a0e-9f62-087c9ab9af0d.jpg?v=1778558114,7,,,,,,,,,,,
arcadie-27-bag-in-black-leather,,,,,,,,,,,,,,,,,,,,,,,,,https://cdn.shopify.com/s/files/1/0912/9351/6071/files/20231014_i1697297625_2987_4_jpg_c6c45262-dde3-4e0a-b8db-9514b423fd79.jpg?v=1778558114,8,,,,,,,,,,,
hobo-20-bag-in-white-calfskin,HOBO 20 BAG IN WHITE CALFSKIN,"<ul>
<li><span data-mce-fragment=""1"">Color: White<br><br></span></li>
<li>
<span data-mce-fragment=""1""><span>Size: 17 x 20 x 6 cm</span></span>
<div class=""index-module_foldText_TFDUn"">
<div class=""index-module_text_HePJ3"">
<div class=""index-module_ellipsisText_pYRbE""><br></div>
</div>
</div>
</li>
<li>
<span data-mce-fragment=""1""><span>Material : Calfskin<br></span></span><span data-mce-fragment=""1""><span><br></span></span><span data-mce-fragment=""1""><span></span></span>
</li>
<li> The products are 1:1 copies of the original version and they are the same from every detail.<br><br>
</li>
<li>Support return and exchange in 1 month if the product is defective or the customer is not satisfied with the product.
<div id=""chat-box-input-container-id"" class=""chat-box-input-container"">
<div id=""chatInput"" class=""chat-box-input--audit-2023 chat-box-input--to-focus win32"">
<div id=""chat-input-container-id"" class=""chat-input-container--audit-2023"">
<div class=""chat-input-container--audit-2023__left-layout"">
<div id=""chat-input-scroller-id"" class=""chat-input-scrollable"">
<div class=""chat-input-wrapper"">
<div id=""chat-input-content-id"" class=""chat-input-content""></div>
</div>
</div>
</div>
</div>
</div>
</div>
</li>
</ul>
<p> </p>
<ul></ul>",miumiu bag,,bag,"hobo bag, shoulder bags",TRUE,Title,Default Title,,,,,,0,,0,deny,manual,262.50,,TRUE,FALSE,,https://cdn.shopify.com/s/files/1/0912/9351/6071/files/img_c487b0d8_20230930_i1696007252_192_0_jpg.jpg?v=1759120191,1,,,,,,g,,,,,active
hobo-20-bag-in-white-calfskin,,,,,,,,,,,,,,,,,,,,,,,,,https://cdn.shopify.com/s/files/1/0912/9351/6071/files/img_c487b0d8_20230930_i1696007252_6842_2_jpg.jpg?v=1759120191,2,,,,,,,,,,,
hobo-20-bag-in-white-calfskin,,,,,,,,,,,,,,,,,,,,,,,,,https://cdn.shopify.com/s/files/1/0912/9351/6071/files/img_c487b0d8_20230930_i1696007252_6343_1_jpg.jpg?v=1759120191,3,,,,,,,,,,,
hobo-20-bag-in-white-calfskin,,,,,,,,,,,,,,,,,,,,,,,,,https://cdn.shopify.com/s/files/1/0912/9351/6071/files/img_c487b0d8_20230930_i1696007252_4350_3_jpg.jpg?v=1759120191,4,,,,,,,,,,,
hobo-20-bag-in-white-calfskin,,,,,,,,,,,,,,,,,,,,,,,,,https://cdn.shopify.com/s/files/1/0912/9351/6071/files/img_c487b0d8_20230930_i1696007252_6705_5_jpg.jpg?v=1759120191,5,,,,,,,,,,,
hobo-20-bag-in-white-calfskin,,,,,,,,,,,,,,,,,,,,,,,,,https://cdn.shopify.com/s/files/1/0912/9351/6071/files/img_c487b0d8_20230930_i1696007252_119_8_jpg.jpg?v=1759120191,6,,,,,,,,,,,
hobo-20-bag-in-white-calfskin,,,,,,,,,,,,,,,,,,,,,,,,,https://cdn.shopify.com/s/files/1/0912/9351/6071/files/img_c487b0d8_20230930_i1696007252_6274_6_jpg.jpg?v=1759120191,7,,,,,,,,,,,
hobo-20-bag-in-white-calfskin,,,,,,,,,,,,,,,,,,,,,,,,,https://cdn.shopify.com/s/files/1/0912/9351/6071/files/img_c487b0d8_20230930_i1696007252_8150_7_jpg.jpg?v=1759120191,8,,,,,,,,,,,
hobo-20-bag-in-white-calfskin,,,,,,,,,,,,,,,,,,,,,,,,,https://cdn.shopify.com/s/files/1/0912/9351/6071/files/img_c487b0d8_20230930_i1696007252_2733_4_jpg.jpg?v=1759120191,9,,,,,,,,,,,
hobo-20-bag-in-caramel-brown-calfskin,HOBO 20 BAG IN CARAMEL BROWN CALFSKIN,"<ul>
<li><span data-mce-fragment=""1"">Color: Caramel Brown<br><br></span></li>
<li>
<span data-mce-fragment=""1""><span>Size: 17 x 20 x 6 cm</span></span>
<div class=""index-module_foldText_TFDUn"">
<div class=""index-module_text_HePJ3"">
<div class=""index-module_ellipsisText_pYRbE""><br></div>
</div>
</div>
</li>
<li>
<span data-mce-fragment=""1""><span>Material : Calfskin<br></span></span><span data-mce-fragment=""1""><span><br></span></span><span data-mce-fragment=""1""><span></span></span>
</li>
<li> The products are 1:1 copies of the original version and they are the same from every detail.<br><br>
</li>
<li>Support return and exchange in 1 month if the product is defective or the customer is not satisfied with the product.
<div class=""chat-box-input-container"" id=""chat-box-input-container-id"">
<div class=""chat-box-input--audit-2023 chat-box-input--to-focus win32"" id=""chatInput"">
<div class=""chat-input-container--audit-2023"" id=""chat-input-container-id"">
<div class=""chat-input-container--audit-2023__left-layout"">
<div class=""chat-input-scrollable"" id=""chat-input-scroller-id"">
<div class=""chat-input-wrapper"">
<div class=""chat-input-content"" id=""chat-input-content-id""></div>
</div>
</div>
</div>
</div>
</div>
</div>
</li>
</ul>
<p> </p>
<ul></ul>",miumiu bag,,bag,"hobo bag, shoulder bags",TRUE,Title,Default Title,,,,,,0,,0,deny,manual,262.50,,TRUE,FALSE,,https://cdn.shopify.com/s/files/1/0912/9351/6071/files/img_c487b0d8_20230930_i1696007280_7713_0_jpg.jpg?v=1759120201,1,,,,,,g,,,,,active
hobo-20-bag-in-caramel-brown-calfskin,,,,,,,,,,,,,,,,,,,,,,,,,https://cdn.shopify.com/s/files/1/0912/9351/6071/files/img_c487b0d8_20230930_i1696007280_461_2_jpg.jpg?v=1759120201,2,,,,,,,,,,,
hobo-20-bag-in-caramel-brown-calfskin,,,,,,,,,,,,,,,,,,,,,,,,,https://cdn.shopify.com/s/files/1/0912/9351/6071/files/img_c487b0d8_20230930_i1696007280_7044_3_jpg.jpg?v=1759120201,3,,,,,,,,,,,
hobo-20-bag-in-caramel-brown-calfskin,,,,,,,,,,,,,,,,,,,,,,,,,https://cdn.shopify.com/s/files/1/0912/9351/6071/files/img_c487b0d8_20230930_i1696007280_2139_1_jpg.jpg?v=1759120201,4,,,,,,,,,,,
hobo-20-bag-in-caramel-brown-calfskin,,,,,,,,,,,,,,,,,,,,,,,,,https://cdn.shopify.com/s/files/1/0912/9351/6071/files/img_c487b0d8_20230930_i1696007280_3497_8_jpg.jpg?v=1759120201,5,,,,,,,,,,,
hobo-20-bag-in-caramel-brown-calfskin,,,,,,,,,,,,,,,,,,,,,,,,,https://cdn.shopify.com/s/files/1/0912/9351/6071/files/img_c487b0d8_20230930_i1696007280_3354_7_jpg.jpg?v=1759120201,6,,,,,,,,,,,
hobo-20-bag-in-caramel-brown-calfskin,,,,,,,,,,,,,,,,,,,,,,,,,https://cdn.shopify.com/s/files/1/0912/9351/6071/files/img_c487b0d8_20230930_i1696007280_5021_5_jpg.jpg?v=1759120201,7,,,,,,,,,,,
hobo-20-bag-in-caramel-brown-calfskin,,,,,,,,,,,,,,,,,,,,,,,,,https://cdn.shopify.com/s/files/1/0912/9351/6071/files/img_c487b0d8_20230930_i1696007280_6789_4_jpg.jpg?v=1759120201,8,,,,,,,,,,,
hobo-20-bag-in-caramel-brown-calfskin,,,,,,,,,,,,,,,,,,,,,,,,,https://cdn.shopify.com/s/files/1/0912/9351/6071/files/img_c487b0d8_20230930_i1696007280_658_6_jpg.jpg?v=1759120201,9,,,,,,,,,,,
hobo-20-bag-in-black-calfskin,HOBO 20 BAG IN BLACK CALFSKIN,"<ul>
<li><span data-mce-fragment=""1"">Color: Black<br><br></span></li>
<li>
<span data-mce-fragment=""1""><span>Size: 17 x 20 x 6 cm</span></span>
<div class=""index-module_foldText_TFDUn"">
<div class=""index-module_text_HePJ3"">
<div class=""index-module_ellipsisText_pYRbE""><br></div>
</div>
</div>
</li>
<li>
<span data-mce-fragment=""1""><span>Material : Calfskin<br></span></span><span data-mce-fragment=""1""><span><br></span></span><span data-mce-fragment=""1""><span></span></span>
</li>
<li> The products are 1:1 copies of the original version and they are the same from every detail.<br><br>
</li>
<li>Support return and exchange in 1 month if the product is defective or the customer is not satisfied with the product.
<div class=""chat-box-input-container"" id=""chat-box-input-container-id"">
<div class=""chat-box-input--audit-2023 chat-box-input--to-focus win32"" id=""chatInput"">
<div class=""chat-input-container--audit-2023"" id=""chat-input-container-id"">
<div class=""chat-input-container--audit-2023__left-layout"">
<div class=""chat-input-scrollable"" id=""chat-input-scroller-id"">
<div class=""chat-input-wrapper"">
<div class=""chat-input-content"" id=""chat-input-content-id""></div>
</div>
</div>
</div>
</div>
</div>
</div>
</li>
</ul>
<p> </p>
<ul></ul>",miumiu bag,,bag,"hobo bag, shoulder bags",TRUE,Title,Default Title,,,,,,0,,0,deny,manual,262.50,,TRUE,FALSE,,https://cdn.shopify.com/s/files/1/0912/9351/6071/files/img_c487b0d8_20230930_i1696007226_3621_0_jpg.jpg?v=1759120181,1,,,,,,g,,,,,active
hobo-20-bag-in-black-calfskin,,,,,,,,,,,,,,,,,,,,,,,,,https://cdn.shopify.com/s/files/1/0912/9351/6071/files/img_c487b0d8_20230930_i1696007226_6646_1_jpg.jpg?v=1759120181,2,,,,,,,,,,,
hobo-20-bag-in-black-calfskin,,,,,,,,,,,,,,,,,,,,,,,,,https://cdn.shopify.com/s/files/1/0912/9351/6071/files/img_c487b0d8_20230930_i1696007226_9295_2_jpg.jpg?v=1759120181,3,,,,,,,,,,,
hobo-20-bag-in-black-calfskin,,,,,,,,,,,,,,,,,,,,,,,,,https://cdn.shopify.com/s/files/1/0912/9351/6071/files/img_c487b0d8_20230930_i1696007226_2119_8_jpg.jpg?v=1759120181,4,,,,,,,,,,,
hobo-20-bag-in-black-calfskin,,,,,,,,,,,,,,,,,,,,,,,,,https://cdn.shopify.com/s/files/1/0912/9351/6071/files/img_c487b0d8_20230930_i1696007226_2831_7_jpg.jpg?v=1759120181,5,,,,,,,,,,,
hobo-20-bag-in-black-calfskin,,,,,,,,,,,,,,,,,,,,,,,,,https://cdn.shopify.com/s/files/1/0912/9351/6071/files/img_c487b0d8_20230930_i1696007226_1768_4_jpg.jpg?v=1759120181,6,,,,,,,,,,,
hobo-20-bag-in-black-calfskin,,,,,,,,,,,,,,,,,,,,,,,,,https://cdn.shopify.com/s/files/1/0912/9351/6071/files/img_c487b0d8_20230930_i1696007226_4726_6_jpg.jpg?v=1759120181,7,,,,,,,,,,,
hobo-20-bag-in-black-calfskin,,,,,,,,,,,,,,,,,,,,,,,,,https://cdn.shopify.com/s/files/1/0912/9351/6071/files/img_c487b0d8_20230930_i1696007226_4787_5_jpg.jpg?v=1759120181,8,,,,,,,,,,,
hobo-20-bag-in-black-calfskin,,,,,,,,,,,,,,,,,,,,,,,,,https://cdn.shopify.com/s/files/1/0912/9351/6071/files/img_c487b0d8_20230930_i1696007226_6709_3_jpg.jpg?v=1759120181,9,,,,,,,,,,,
arcadie-small-22-bag-in-baby-pink-calfskin,ARCADIE SMALL 22 BAG IN BABY PINK CALFSKIN,"<ul>
<li><span data-mce-fragment=""1"">Color: Baby Pink<br><br></span></li>
<li>
<span data-mce-fragment=""1""><span>Size: 22 x 10.5 x 7.5 cm</span></span>
<div class=""index-module_foldText_TFDUn"">
<div class=""index-module_text_HePJ3"">
<div class=""index-module_ellipsisText_pYRbE""><br></div>
</div>
</div>
</li>
<li>
<span data-mce-fragment=""1""><span>Material : Calfskin<br></span></span><span data-mce-fragment=""1""><span><br></span></span><span data-mce-fragment=""1""><span></span></span>
</li>
<li> The products are 1:1 copies of the original version and they are the same from every detail.<br><br>
</li>
<li>Support return and exchange in 1 month if the product is defective or the customer is not satisfied with the product.
<div id=""chat-box-input-container-id"" class=""chat-box-input-container"">
<div id=""chatInput"" class=""chat-box-input--audit-2023 chat-box-input--to-focus win32"">
<div id=""chat-input-container-id"" class=""chat-input-container--audit-2023"">
<div class=""chat-input-container--audit-2023__left-layout"">
<div id=""chat-input-scroller-id"" class=""chat-input-scrollable"">
<div class=""chat-input-wrapper"">
<div id=""chat-input-content-id"" class=""chat-input-content""></div>
</div>
</div>
</div>
</div>
</div>
</div>
</li>
</ul>
<p> </p>
<ul></ul>",miumiu bag,,bag,"top handle, tote bag",TRUE,Title,Default Title,,,,,,0,,0,deny,manual,315.00,,TRUE,FALSE,,https://cdn.shopify.com/s/files/1/0912/9351/6071/files/20230709_i1688883698_1225_0_jpg.jpg?v=1759120160,1,,,,,,g,,,,,active
arcadie-small-22-bag-in-baby-pink-calfskin,,,,,,,,,,,,,,,,,,,,,,,,,https://cdn.shopify.com/s/files/1/0912/9351/6071/files/20230709_i1688883698_3_6_jpg.jpg?v=1759120160,2,,,,,,,,,,,
arcadie-small-22-bag-in-baby-pink-calfskin,,,,,,,,,,,,,,,,,,,,,,,,,https://cdn.shopify.com/s/files/1/0912/9351/6071/files/20230709_i1688883698_1939_1_jpg.jpg?v=1759120160,3,,,,,,,,,,,
arcadie-small-22-bag-in-baby-pink-calfskin,,,,,,,,,,,,,,,,,,,,,,,,,https://cdn.shopify.com/s/files/1/0912/9351/6071/files/20230709_i1688883698_2779_4_jpg.jpg?v=1759120160,4,,,,,,,,,,,
arcadie-small-22-bag-in-baby-pink-calfskin,,,,,,,,,,,,,,,,,,,,,,,,,https://cdn.shopify.com/s/files/1/0912/9351/6071/files/20230709_i1688883698_5482_2_jpg.jpg?v=1759120160,5,,,,,,,,,,,
arcadie-small-22-bag-in-baby-pink-calfskin,,,,,,,,,,,,,,,,,,,,,,,,,https://cdn.shopify.com/s/files/1/0912/9351/6071/files/20230709_i1688883698_6916_5_jpg.jpg?v=1759120160,6,,,,,,,,,,,
arcadie-small-22-bag-in-baby-pink-calfskin,,,,,,,,,,,,,,,,,,,,,,,,,https://cdn.shopify.com/s/files/1/0912/9351/6071/files/20230709_i1688883698_7919_8_jpg.jpg?v=1759120160,7,,,,,,,,,,,
arcadie-small-22-bag-in-baby-pink-calfskin,,,,,,,,,,,,,,,,,,,,,,,,,https://cdn.shopify.com/s/files/1/0912/9351/6071/files/20230709_i1688883698_9526_7_jpg.jpg?v=1759120160,8,,,,,,,,,,,
arcadie-small-22-bag-in-baby-pink-calfskin,,,,,,,,,,,,,,,,,,,,,,,,,https://cdn.shopify.com/s/files/1/0912/9351/6071/files/20230709_i1688883698_5700_3_jpg.jpg?v=1759120160,9,,,,,,,,,,,
arcadie-small-22-bag-in-black-calfskin,ARCADIE SMALL 22 BAG IN BLACK CALFSKIN,"<ul>
<li><span data-mce-fragment=""1"">Color: Black<br><br></span></li>
<li>
<span data-mce-fragment=""1""><span>Size: 22 x 10.5 x 7.5 cm</span></span>
<div class=""index-module_foldText_TFDUn"">
<div class=""index-module_text_HePJ3"">
<div class=""index-module_ellipsisText_pYRbE""><br></div>
</div>
</div>
</li>
<li>
<span data-mce-fragment=""1""><span>Material : Calfskin<br></span></span><span data-mce-fragment=""1""><span><br></span></span><span data-mce-fragment=""1""><span></span></span>
</li>
<li> The products are 1:1 copies of the original version and they are the same from every detail.<br><br>
</li>
<li>Support return and exchange in 1 month if the product is defective or the customer is not satisfied with the product.
<div id=""chat-box-input-container-id"" class=""chat-box-input-container"">
<div id=""chatInput"" class=""chat-box-input--audit-2023 chat-box-input--to-focus win32"">
<div id=""chat-input-container-id"" class=""chat-input-container--audit-2023"">
<div class=""chat-input-container--audit-2023__left-layout"">
<div id=""chat-input-scroller-id"" class=""chat-input-scrollable"">
<div class=""chat-input-wrapper"">
<div id=""chat-input-content-id"" class=""chat-input-content""></div>
</div>
</div>
</div>
</div>
</div>
</div>
</li>
</ul>
<p> </p>
<ul></ul>",miumiu bag,,bag,"top handle, tote bag",TRUE,Title,Default Title,,,,,,0,,0,deny,manual,315.00,,TRUE,FALSE,,https://cdn.shopify.com/s/files/1/0912/9351/6071/files/20230517_i1684302601_9623_0_jpg.jpg?v=1759120149,1,,,,,,g,,,,,active
arcadie-small-22-bag-in-black-calfskin,,,,,,,,,,,,,,,,,,,,,,,,,https://cdn.shopify.com/s/files/1/0912/9351/6071/files/20230517_i1684302601_3820_1_jpg.jpg?v=1759120149,2,,,,,,,,,,,
arcadie-small-22-bag-in-black-calfskin,,,,,,,,,,,,,,,,,,,,,,,,,https://cdn.shopify.com/s/files/1/0912/9351/6071/files/20230517_i1684302601_841_4_jpg.jpg?v=1759120149,3,,,,,,,,,,,
arcadie-small-22-bag-in-black-calfskin,,,,,,,,,,,,,,,,,,,,,,,,,https://cdn.shopify.com/s/files/1/0912/9351/6071/files/20230517_i1684302601_6721_3_jpg.jpg?v=1759120149,4,,,,,,,,,,,
arcadie-small-22-bag-in-black-calfskin,,,,,,,,,,,,,,,,,,,,,,,,,https://cdn.shopify.com/s/files/1/0912/9351/6071/files/20230517_i1684302601_428_5_jpg.jpg?v=1759120149,5,,,,,,,,,,,
arcadie-small-22-bag-in-black-calfskin,,,,,,,,,,,,,,,,,,,,,,,,,https://cdn.shopify.com/s/files/1/0912/9351/6071/files/20230517_i1684302601_5315_2_jpg.jpg?v=1759120149,6,,,,,,,,,,,
arcadie-small-22-bag-in-blue-mint-calfskin,ARCADIE SMALL 22 BAG IN BLUE MINT CALFSKIN,"<ul>
<li><span data-mce-fragment=""1"">Color: Blue Mint<br><br></span></li>
<li>
<span data-mce-fragment=""1""><span>Size: 22 x 10.5 x 7.5 cm</span></span>
<div class=""index-module_foldText_TFDUn"">
<div class=""index-module_text_HePJ3"">
<div class=""index-module_ellipsisText_pYRbE""><br></div>
</div>
</div>
</li>
<li>
<span data-mce-fragment=""1""><span>Material : Calfskin<br></span></span><span data-mce-fragment=""1""><span><br></span></span><span data-mce-fragment=""1""><span></span></span>
</li>
<li> The products are 1:1 copies of the original version and they are the same from every detail.<br><br>
</li>
<li>Support return and exchange in 1 month if the product is defective or the customer is not satisfied with the product.
<div class=""chat-box-input-container"" id=""chat-box-input-container-id"">
<div class=""chat-box-input--audit-2023 chat-box-input--to-focus win32"" id=""chatInput"">
<div class=""chat-input-container--audit-2023"" id=""chat-input-container-id"">
<div class=""chat-input-container--audit-2023__left-layout"">
<div class=""chat-input-scrollable"" id=""chat-input-scroller-id"">
<div class=""chat-input-wrapper"">
<div class=""chat-input-content"" id=""chat-input-content-id""></div>
</div>
</div>
</div>
</div>
</div>
</div>
</li>
</ul>
<p> </p>
<ul></ul>",miumiu bag,,bag,"top handle, tote bag",TRUE,Title,Default Title,,,,,,0,,0,deny,manual,315.00,,TRUE,FALSE,,https://cdn.shopify.com/s/files/1/0912/9351/6071/files/20230517_i1684297515_2900_0_jpg.jpg?v=1759120130,1,,,,,,g,,,,,active
arcadie-small-22-bag-in-blue-mint-calfskin,,,,,,,,,,,,,,,,,,,,,,,,,https://cdn.shopify.com/s/files/1/0912/9351/6071/files/20230517_i1684297515_561_2_jpg.jpg?v=1759120130,2,,,,,,,,,,,
arcadie-small-22-bag-in-blue-mint-calfskin,,,,,,,,,,,,,,,,,,,,,,,,,https://cdn.shopify.com/s/files/1/0912/9351/6071/files/20230517_i1684297515_6357_4_jpg.jpg?v=1759120130,3,,,,,,,,,,,
arcadie-small-22-bag-in-blue-mint-calfskin,,,,,,,,,,,,,,,,,,,,,,,,,https://cdn.shopify.com/s/files/1/0912/9351/6071/files/20230517_i1684297515_5973_1_jpg.jpg?v=1759120130,4,,,,,,,,,,,
arcadie-small-22-bag-in-blue-mint-calfskin,,,,,,,,,,,,,,,,,,,,,,,,,https://cdn.shopify.com/s/files/1/0912/9351/6071/files/20230517_i1684297515_3309_5_jpg.jpg?v=1759120130,5,,,,,,,,,,,
arcadie-small-22-bag-in-blue-mint-calfskin,,,,,,,,,,,,,,,,,,,,,,,,,https://cdn.shopify.com/s/files/1/0912/9351/6071/files/20230517_i1684297515_3276_6_jpg.jpg?v=1759120130,6,,,,,,,,,,,
arcadie-small-22-bag-in-blue-mint-calfskin,,,,,,,,,,,,,,,,,,,,,,,,,https://cdn.shopify.com/s/files/1/0912/9351/6071/files/20230517_i1684297515_1062_8_jpg.jpg?v=1759120130,7,,,,,,,,,,,
arcadie-small-22-bag-in-blue-mint-calfskin,,,,,,,,,,,,,,,,,,,,,,,,,https://cdn.shopify.com/s/files/1/0912/9351/6071/files/20230517_i1684297515_5191_7_jpg.jpg?v=1759120130,8,,,,,,,,,,,
arcadie-small-22-bag-in-blue-mint-calfskin,,,,,,,,,,,,,,,,,,,,,,,,,https://cdn.shopify.com/s/files/1/0912/9351/6071/files/20230517_i1684297515_3497_3_jpg.jpg?v=1759120130,9,,,,,,,,,,,
arcadie-23-bag-in-white-lambskin,ARCADIE 23 BAG IN WHITE LAMBSKIN,"<ul>
<li><span data-mce-fragment=""1"">Color: White<br><br></span></li>
<li>
<span data-mce-fragment=""1""><span>Size: 23 x 12 x 8 cm</span></span>
<div class=""index-module_foldText_TFDUn"">
<div class=""index-module_text_HePJ3"">
<div class=""index-module_ellipsisText_pYRbE""><br></div>
</div>
</div>
</li>
<li>
<span data-mce-fragment=""1""><span>Material : Lambskin<br></span></span><span data-mce-fragment=""1""><span><br></span></span><span data-mce-fragment=""1""><span></span></span>
</li>
<li> The products are 1:1 copies of the original version and they are the same from every detail.<br><br>
</li>
<li>Support return and exchange in 1 month if the product is defective or the customer is not satisfied with the product.
<div class=""chat-box-input-container"" id=""chat-box-input-container-id"">
<div class=""chat-box-input--audit-2023 chat-box-input--to-focus win32"" id=""chatInput"">
<div class=""chat-input-container--audit-2023"" id=""chat-input-container-id"">
<div class=""chat-input-container--audit-2023__left-layout"">
<div class=""chat-input-scrollable"" id=""chat-input-scroller-id"">
<div class=""chat-input-wrapper"">
<div class=""chat-input-content"" id=""chat-input-content-id""></div>
</div>
</div>
</div>
</div>
</div>
</div>
</li>
</ul>
<p> </p>
<ul></ul>",miumiu bag,,bag,"top handle, tote bag",TRUE,Title,Default Title,,,,,,0,,0,deny,manual,362.25,,TRUE,FALSE,,https://cdn.shopify.com/s/files/1/0912/9351/6071/files/20230626_i1687754133_2329_0_jpg_07c3c134-c526-47d5-9d79-06d9992f5c72.jpg?v=1777025549,1,,,,,,g,,,,,active
arcadie-23-bag-in-white-lambskin,,,,,,,,,,,,,,,,,,,,,,,,,https://cdn.shopify.com/s/files/1/0912/9351/6071/files/20230626_i1687754133_1679_1_jpg_da0d8647-143e-454d-93ab-fd73f2565677.jpg?v=1777025548,2,,,,,,,,,,,
arcadie-23-bag-in-white-lambskin,,,,,,,,,,,,,,,,,,,,,,,,,https://cdn.shopify.com/s/files/1/0912/9351/6071/files/20230626_i1687754133_5023_2_jpg_60bb6c72-15b8-4082-a91d-0427db58115e.jpg?v=1777025549,3,,,,,,,,,,,
arcadie-23-bag-in-white-lambskin,,,,,,,,,,,,,,,,,,,,,,,,,https://cdn.shopify.com/s/files/1/0912/9351/6071/files/20230626_i1687754133_9841_4_jpg_826faec5-4103-42dd-b5c9-3d71c9784960.jpg?v=1777025549,4,,,,,,,,,,,
arcadie-23-bag-in-white-lambskin,,,,,,,,,,,,,,,,,,,,,,,,,https://cdn.shopify.com/s/files/1/0912/9351/6071/files/20230626_i1687754133_6067_7_jpg_4068e6c0-481e-4c73-b46b-77842572f00b.jpg?v=1777025548,5,,,,,,,,,,,
arcadie-23-bag-in-white-lambskin,,,,,,,,,,,,,,,,,,,,,,,,,https://cdn.shopify.com/s/files/1/0912/9351/6071/files/20230626_i1687754133_6208_8_jpg_d3da1bb8-c584-490a-a2fc-d98499571224.jpg?v=1777025565,6,,,,,,,,,,,
arcadie-23-bag-in-white-lambskin,,,,,,,,,,,,,,,,,,,,,,,,,https://cdn.shopify.com/s/files/1/0912/9351/6071/files/20230626_i1687754133_8118_6_jpg_a20f583d-7c75-4f61-beab-a19733b8ed10.jpg?v=1777025549,7,,,,,,,,,,,
arcadie-23-bag-in-white-lambskin,,,,,,,,,,,,,,,,,,,,,,,,,https://cdn.shopify.com/s/files/1/0912/9351/6071/files/20230626_i1687754133_836_3_jpg_28f788ef-ad62-4337-99dd-823f6da04cf2.jpg?v=1777025549,8,,,,,,,,,,,
arcadie-23-bag-in-white-lambskin,,,,,,,,,,,,,,,,,,,,,,,,,https://cdn.shopify.com/s/files/1/0912/9351/6071/files/20230626_i1687754133_3976_5_jpg_2c9ba0a6-bf8f-4cb2-a3b6-5a6557f2eac8.jpg?v=1777025549,9,,,,,,,,,,,
arcadie-23-bag-in-black-lambskin,ARCADIE 23 BAG IN BLACK LAMBSKIN,"<ul>
<li><span data-mce-fragment=""1"">Color: Black<br><br></span></li>
<li>
<span data-mce-fragment=""1""><span>Size: 23 x 12 x 8 cm</span></span>
<div class=""index-module_foldText_TFDUn"">
<div class=""index-module_text_HePJ3"">
<div class=""index-module_ellipsisText_pYRbE""><br></div>
</div>
</div>
</li>
<li>
<span data-mce-fragment=""1""><span>Material : Lambskin<br></span></span><span data-mce-fragment=""1""><span><br></span></span><span data-mce-fragment=""1""><span></span></span>
</li>
<li> The products are 1:1 copies of the original version and they are the same from every detail.<br><br>
</li>
<li>Support return and exchange in 1 month if the product is defective or the customer is not satisfied with the product.
<div class=""chat-box-input-container"" id=""chat-box-input-container-id"">
<div class=""chat-box-input--audit-2023 chat-box-input--to-focus win32"" id=""chatInput"">
<div class=""chat-input-container--audit-2023"" id=""chat-input-container-id"">
<div class=""chat-input-container--audit-2023__left-layout"">
<div class=""chat-input-scrollable"" id=""chat-input-scroller-id"">
<div class=""chat-input-wrapper"">
<div class=""chat-input-content"" id=""chat-input-content-id""></div>
</div>
</div>
</div>
</div>
</div>
</div>
</li>
</ul>
<p> </p>
<ul></ul>",miumiu bag,,bag,"top handle, tote bag",TRUE,Title,Default Title,,,,,,0,,0,deny,manual,336.00,,TRUE,FALSE,,https://cdn.shopify.com/s/files/1/0912/9351/6071/files/20230626_i1687754175_346_0_jpg.jpg?v=1759120119,1,,,,,,g,,,,,active
arcadie-23-bag-in-black-lambskin,,,,,,,,,,,,,,,,,,,,,,,,,https://cdn.shopify.com/s/files/1/0912/9351/6071/files/20230626_i1687754175_6956_1_jpg.jpg?v=1759120119,2,,,,,,,,,,,
arcadie-23-bag-in-black-lambskin,,,,,,,,,,,,,,,,,,,,,,,,,https://cdn.shopify.com/s/files/1/0912/9351/6071/files/20230626_i1687754175_9239_2_jpg.jpg?v=1759120119,3,,,,,,,,,,,
arcadie-23-bag-in-black-lambskin,,,,,,,,,,,,,,,,,,,,,,,,,https://cdn.shopify.com/s/files/1/0912/9351/6071/files/20230626_i1687754175_4534_4_jpg.jpg?v=1759120119,4,,,,,,,,,,,
arcadie-23-bag-in-black-lambskin,,,,,,,,,,,,,,,,,,,,,,,,,https://cdn.shopify.com/s/files/1/0912/9351/6071/files/20230626_i1687754175_5743_5_jpg.jpg?v=1759120119,5,,,,,,,,,,,
arcadie-23-bag-in-black-lambskin,,,,,,,,,,,,,,,,,,,,,,,,,https://cdn.shopify.com/s/files/1/0912/9351/6071/files/20230626_i1687754175_6315_6_jpg.jpg?v=1759120119,6,,,,,,,,,,,
arcadie-23-bag-in-black-lambskin,,,,,,,,,,,,,,,,,,,,,,,,,https://cdn.shopify.com/s/files/1/0912/9351/6071/files/20230626_i1687754175_5384_3_jpg.jpg?v=1759120119,7,,,,,,,,,,,
arcadie-23-bag-in-black-lambskin,,,,,,,,,,,,,,,,,,,,,,,,,https://cdn.shopify.com/s/files/1/0912/9351/6071/files/20230626_i1687754175_741_8_jpg.jpg?v=1759120119,8,,,,,,,,,,,
arcadie-23-bag-in-black-lambskin,,,,,,,,,,,,,,,,,,,,,,,,,https://cdn.shopify.com/s/files/1/0912/9351/6071/files/20230626_i1687754175_152_7_jpg.jpg?v=1759120119,9,,,,,,,,,,,
arcadie-27-bag-in-neon-yellow-calfskin,ARCADIE 27 BAG IN NEON YELLOW CALFSKIN,"<ul>
<li><span data-mce-fragment=""1"">Color: Neon Yellow<br><br></span></li>
<li>
<span data-mce-fragment=""1""><span>Size: 27 x 12 x 9 cm</span></span>
<div class=""index-module_foldText_TFDUn"">
<div class=""index-module_text_HePJ3"">
<div class=""index-module_ellipsisText_pYRbE""><br></div>
</div>
</div>
</li>
<li>
<span data-mce-fragment=""1""><span>Material : Calfskin<br></span></span><span data-mce-fragment=""1""><span><br></span></span><span data-mce-fragment=""1""><span></span></span>
</li>
<li> The products are 1:1 copies of the original version and they are the same from every detail.<br><br>
</li>
<li>Support return and exchange in 1 month if the product is defective or the customer is not satisfied with the product.
<div class=""chat-box-input-container"" id=""chat-box-input-container-id"">
<div class=""chat-box-input--audit-2023 chat-box-input--to-focus win32"" id=""chatInput"">
<div class=""chat-input-container--audit-2023"" id=""chat-input-container-id"">
<div class=""chat-input-container--audit-2023__left-layout"">
<div class=""chat-input-scrollable"" id=""chat-input-scroller-id"">
<div class=""chat-input-wrapper"">
<div class=""chat-input-content"" id=""chat-input-content-id""></div>
</div>
</div>
</div>
</div>
</div>
</div>
</li>
</ul>
<p> </p>
<ul></ul>",miumiu bag,,bag,"top handle, tote bag",TRUE,Title,Default Title,,,,,,0,,0,deny,manual,283.50,,TRUE,FALSE,,https://cdn.shopify.com/s/files/1/0912/9351/6071/files/20230411_i1681194900_5829_0_jpg.jpg?v=1759120074,1,,,,,,g,,,,,active
arcadie-27-bag-in-neon-yellow-calfskin,,,,,,,,,,,,,,,,,,,,,,,,,https://cdn.shopify.com/s/files/1/0912/9351/6071/files/20230411_i1681194900_2419_1_jpg.jpg?v=1759120074,2,,,,,,,,,,,
arcadie-27-bag-in-neon-yellow-calfskin,,,,,,,,,,,,,,,,,,,,,,,,,https://cdn.shopify.com/s/files/1/0912/9351/6071/files/20230411_i1681194900_9472_3_jpg.jpg?v=1759120074,3,,,,,,,,,,,
arcadie-27-bag-in-neon-yellow-calfskin,,,,,,,,,,,,,,,,,,,,,,,,,https://cdn.shopify.com/s/files/1/0912/9351/6071/files/20230411_i1681194900_9481_2_jpg.jpg?v=1759120074,4,,,,,,,,,,,
arcadie-27-bag-in-neon-yellow-calfskin,,,,,,,,,,,,,,,,,,,,,,,,,https://cdn.shopify.com/s/files/1/0912/9351/6071/files/20230411_i1681194900_5504_6_jpg.jpg?v=1759120074,5,,,,,,,,,,,
arcadie-27-bag-in-neon-yellow-calfskin,,,,,,,,,,,,,,,,,,,,,,,,,https://cdn.shopify.com/s/files/1/0912/9351/6071/files/20230411_i1681194900_7922_8_jpg.jpg?v=1759120074,6,,,,,,,,,,,
arcadie-27-bag-in-neon-yellow-calfskin,,,,,,,,,,,,,,,,,,,,,,,,,https://cdn.shopify.com/s/files/1/0912/9351/6071/files/20230411_i1681194900_8213_5_jpg.jpg?v=1759120074,7,,,,,,,,,,,
arcadie-27-bag-in-neon-yellow-calfskin,,,,,,,,,,,,,,,,,,,,,,,,,https://cdn.shopify.com/s/files/1/0912/9351/6071/files/20230411_i1681194900_129_4_jpg.jpg?v=1759120074,8,,,,,,,,,,,
arcadie-27-bag-in-neon-yellow-calfskin,,,,,,,,,,,,,,,,,,,,,,,,,https://cdn.shopify.com/s/files/1/0912/9351/6071/files/20230411_i1681194900_7691_7_jpg.jpg?v=1759120074,9,,,,,,,,,,,
too-pretty-17-handbag-in-light-pink-lambskin,TOO PRETTY 17 HANDBAG IN LIGHT PINK LAMBSKIN,"<ul>
<li><span data-mce-fragment=""1"">Color: Light Pink<br><br></span></li>
<li>
<span data-mce-fragment=""1""><span>Size: 17 x 10.5 x 5 cm</span></span>
<div class=""index-module_foldText_TFDUn"">
<div class=""index-module_text_HePJ3"">
<div class=""index-module_ellipsisText_pYRbE""><br></div>
</div>
</div>
</li>
<li>
<span data-mce-fragment=""1""><span>Material : Lambskin<br></span></span><span data-mce-fragment=""1""><span><br></span></span><span data-mce-fragment=""1""><span></span></span>
</li>
<li> The products are 1:1 copies of the original version and they are the same from every detail.<br><br>
</li>
<li>Support return and exchange in 1 month if the product is defective or the customer is not satisfied with the product.
<div class=""chat-box-input-container"" id=""chat-box-input-container-id"">
<div class=""chat-box-input--audit-2023 chat-box-input--to-focus win32"" id=""chatInput"">
<div class=""chat-input-container--audit-2023"" id=""chat-input-container-id"">
<div class=""chat-input-container--audit-2023__left-layout"">
<div class=""chat-input-scrollable"" id=""chat-input-scroller-id"">
<div class=""chat-input-wrapper"">
<div class=""chat-input-content"" id=""chat-input-content-id""></div>
</div>
</div>
</div>
</div>
</div>
</div>
</li>
</ul>
<p> </p>
<ul></ul>",miumiu bag,,bag,"cross body bags, top handle, tote bag",TRUE,Title,Default Title,,,,,,0,,0,deny,manual,283.50,,TRUE,FALSE,,https://cdn.shopify.com/s/files/1/0912/9351/6071/files/20220828_a1661663087732_2578_jpg.jpg?v=1759120052,1,,,,,,g,,,,,active
too-pretty-17-handbag-in-light-pink-lambskin,,,,,,,,,,,,,,,,,,,,,,,,,https://cdn.shopify.com/s/files/1/0912/9351/6071/files/20220828_a1661663087922_1252_jpg.jpg?v=1759120052,2,,,,,,,,,,,
too-pretty-17-handbag-in-light-pink-lambskin,,,,,,,,,,,,,,,,,,,,,,,,,https://cdn.shopify.com/s/files/1/0912/9351/6071/files/20220828_a1661663088071_7361_jpg.jpg?v=1759120052,3,,,,,,,,,,,
too-pretty-17-handbag-in-light-pink-lambskin,,,,,,,,,,,,,,,,,,,,,,,,,https://cdn.shopify.com/s/files/1/0912/9351/6071/files/20220828_a1661663088172_2801_jpg.jpg?v=1759120052,4,,,,,,,,,,,
too-pretty-17-handbag-in-light-pink-lambskin,,,,,,,,,,,,,,,,,,,,,,,,,https://cdn.shopify.com/s/files/1/0912/9351/6071/files/20220828_a1661663088412_5456_jpg.jpg?v=1759120052,5,,,,,,,,,,,
too-pretty-17-handbag-in-light-pink-lambskin,,,,,,,,,,,,,,,,,,,,,,,,,https://cdn.shopify.com/s/files/1/0912/9351/6071/files/20220828_a1661663088569_7073_jpg.jpg?v=1759120052,6,,,,,,,,,,,
too-pretty-17-handbag-in-light-pink-lambskin,,,,,,,,,,,,,,,,,,,,,,,,,https://cdn.shopify.com/s/files/1/0912/9351/6071/files/20220828_a1661663088488_6283_jpg.jpg?v=1759120052,7,,,,,,,,,,,
too-pretty-17-handbag-in-light-pink-lambskin,,,,,,,,,,,,,,,,,,,,,,,,,https://cdn.shopify.com/s/files/1/0912/9351/6071/files/20220828_a1661663088341_1778_jpg.jpg?v=1759120052,8,,,,,,,,,,,
too-pretty-17-handbag-in-light-pink-lambskin,,,,,,,,,,,,,,,,,,,,,,,,,https://cdn.shopify.com/s/files/1/0912/9351/6071/files/20220828_a1661663088262_2874_jpg.jpg?v=1759120052,9,,,,,,,,,,,
bucket-20-bag-in-black-calfskin,BUCKET 20 BAG IN BLACK CALFSKIN,"<ul>
<li><span data-mce-fragment=""1"">Color: Black<br><br></span></li>
<li>
<span data-mce-fragment=""1""><span>Size: 14 x 20</span></span><span data-mce-fragment=""1""><span> cm</span></span>
<div class=""index-module_foldText_TFDUn"">
<div class=""index-module_text_HePJ3"">
<div class=""index-module_ellipsisText_pYRbE""><br></div>
</div>
</div>
</li>
<li>
<span data-mce-fragment=""1""><span>Material : Calfskin<br></span></span><span data-mce-fragment=""1""><span><br></span></span><span data-mce-fragment=""1""><span></span></span>
</li>
<li> The products are 1:1 copies of the original version and they are the same from every detail.<br><br>
</li>
<li>Support return and exchange in 1 month if the product is defective or the customer is not satisfied with the product.
<div class=""chat-box-input-container"" id=""chat-box-input-container-id"">
<div class=""chat-box-input--audit-2023 chat-box-input--to-focus win32"" id=""chatInput"">
<div class=""chat-input-container--audit-2023"" id=""chat-input-container-id"">
<div class=""chat-input-container--audit-2023__left-layout"">
<div class=""chat-input-scrollable"" id=""chat-input-scroller-id"">
<div class=""chat-input-wrapper"">
<div class=""chat-input-content"" id=""chat-input-content-id""></div>
</div>
</div>
</div>
</div>
</div>
</div>
</li>
</ul>
<p> </p>
<ul></ul>",miumiu bag,,bag,"bucket, shoulder bags",TRUE,Title,Default Title,,,,,,0,,0,deny,manual,241.50,,TRUE,FALSE,,https://cdn.shopify.com/s/files/1/0912/9351/6071/files/img_ae4ae3ac_20240619_i1718762192_2691_0_jpg.jpg?v=1759120000,1,,,,,,g,,,,,active
bucket-20-bag-in-black-calfskin,,,,,,,,,,,,,,,,,,,,,,,,,https://cdn.shopify.com/s/files/1/0912/9351/6071/files/img_ae4ae3ac_20240619_i1718762185_4875_7_jpg.jpg?v=1759120000,2,,,,,,,,,,,
bucket-20-bag-in-black-calfskin,,,,,,,,,,,,,,,,,,,,,,,,,https://cdn.shopify.com/s/files/1/0912/9351/6071/files/img_ae4ae3ac_20240619_i1718762184_6610_0_jpg.jpg?v=1759120000,3,,,,,,,,,,,
bucket-20-bag-in-black-calfskin,,,,,,,,,,,,,,,,,,,,,,,,,https://cdn.shopify.com/s/files/1/0912/9351/6071/files/img_ae4ae3ac_20240619_i1718762185_4767_6_jpg.jpg?v=1759120000,4,,,,,,,,,,,
bucket-20-bag-in-black-calfskin,,,,,,,,,,,,,,,,,,,,,,,,,https://cdn.shopify.com/s/files/1/0912/9351/6071/files/img_ae4ae3ac_20240619_i1718762184_3766_1_jpg.jpg?v=1759120000,5,,,,,,,,,,,
bucket-20-bag-in-black-calfskin,,,,,,,,,,,,,,,,,,,,,,,,,https://cdn.shopify.com/s/files/1/0912/9351/6071/files/img_ae4ae3ac_20240619_i1718762185_1139_5_jpg.jpg?v=1759120000,6,,,,,,,,,,,
bucket-20-bag-in-black-calfskin,,,,,,,,,,,,,,,,,,,,,,,,,https://cdn.shopify.com/s/files/1/0912/9351/6071/files/img_ae4ae3ac_20240619_i1718762185_4166_2_jpg.jpg?v=1759120000,7,,,,,,,,,,,
bucket-20-bag-in-black-calfskin,,,,,,,,,,,,,,,,,,,,,,,,,https://cdn.shopify.com/s/files/1/0912/9351/6071/files/img_ae4ae3ac_20240619_i1718762185_6881_4_jpg.jpg?v=1759120000,8,,,,,,,,,,,
bucket-20-bag-in-black-calfskin,,,,,,,,,,,,,,,,,,,,,,,,,https://cdn.shopify.com/s/files/1/0912/9351/6071/files/img_ae4ae3ac_20240619_i1718762185_9361_3_jpg.jpg?v=1759120000,9,,,,,,,,,,,
large-hobo-27-tote-in-caramel-brown-calfskin,LARGE HOBO 27 TOTE IN CARAMEL BROWN CALFSKIN,"<ul>
<li><span data-mce-fragment=""1"">Color: Caramel Brown<br><br></span></li>
<li>
<span data-mce-fragment=""1""><span>Size: 27.5 x 22 cm</span></span>
<div class=""index-module_foldText_TFDUn"">
<div class=""index-module_text_HePJ3"">
<div class=""index-module_ellipsisText_pYRbE""><br></div>
</div>
</div>
</li>
<li>
<span data-mce-fragment=""1""><span>Material : Calfskin<br></span></span><span data-mce-fragment=""1""><span><br></span></span><span data-mce-fragment=""1""><span></span></span>
</li>
<li> The products are 1:1 copies of the original version and they are the same from every detail.<br><br>
</li>
<li>Support return and exchange in 1 month if the product is defective or the customer is not satisfied with the product.
<div class=""chat-box-input-container"" id=""chat-box-input-container-id"">
<div class=""chat-box-input--audit-2023 chat-box-input--to-focus win32"" id=""chatInput"">
<div class=""chat-input-container--audit-2023"" id=""chat-input-container-id"">
<div class=""chat-input-container--audit-2023__left-layout"">
<div class=""chat-input-scrollable"" id=""chat-input-scroller-id"">
<div class=""chat-input-wrapper"">
<div class=""chat-input-content"" id=""chat-input-content-id""></div>
</div>
</div>
</div>
</div>
</div>
</div>
</li>
</ul>
<p> </p>
<ul></ul>",miumiu bag,,bag,"hobo bag, top handle",TRUE,Title,Default Title,,,,,,0,,0,deny,manual,283.50,,TRUE,FALSE,,https://cdn.shopify.com/s/files/1/0912/9351/6071/files/img_f3148535_20240619_i1718804760_3129_0_jpg.jpg?v=1759120010,1,,,,,,g,,,,,active
large-hobo-27-tote-in-caramel-brown-calfskin,,,,,,,,,,,,,,,,,,,,,,,,,https://cdn.shopify.com/s/files/1/0912/9351/6071/files/img_f3148535_20240619_i1718804760_9205_2_jpg.jpg?v=1759120010,2,,,,,,,,,,,
large-hobo-27-tote-in-caramel-brown-calfskin,,,,,,,,,,,,,,,,,,,,,,,,,https://cdn.shopify.com/s/files/1/0912/9351/6071/files/img_f3148535_20240619_i1718804760_9118_7_jpg.jpg?v=1759120010,3,,,,,,,,,,,
large-hobo-27-tote-in-caramel-brown-calfskin,,,,,,,,,,,,,,,,,,,,,,,,,https://cdn.shopify.com/s/files/1/0912/9351/6071/files/img_f3148535_20240619_i1718804760_7207_6_jpg.jpg?v=1759120010,4,,,,,,,,,,,
large-hobo-27-tote-in-caramel-brown-calfskin,,,,,,,,,,,,,,,,,,,,,,,,,https://cdn.shopify.com/s/files/1/0912/9351/6071/files/img_f3148535_20240619_i1718804760_9603_3_jpg.jpg?v=1759120010,5,,,,,,,,,,,
large-hobo-27-tote-in-caramel-brown-calfskin,,,,,,,,,,,,,,,,,,,,,,,,,https://cdn.shopify.com/s/files/1/0912/9351/6071/files/img_f3148535_20240619_i1718804764_8831_0_jpg.jpg?v=1759120010,6,,,,,,,,,,,
large-hobo-27-tote-in-caramel-brown-calfskin,,,,,,,,,,,,,,,,,,,,,,,,,https://cdn.shopify.com/s/files/1/0912/9351/6071/files/img_f3148535_20240619_i1718804760_6186_4_jpg.jpg?v=1759120010,7,,,,,,,,,,,
large-hobo-27-tote-in-caramel-brown-calfskin,,,,,,,,,,,,,,,,,,,,,,,,,https://cdn.shopify.com/s/files/1/0912/9351/6071/files/img_f3148535_20240619_i1718804760_8337_8_jpg.jpg?v=1759120010,8,,,,,,,,,,,
large-hobo-27-tote-in-caramel-brown-calfskin,,,,,,,,,,,,,,,,,,,,,,,,,https://cdn.shopify.com/s/files/1/0912/9351/6071/files/img_f3148535_20240619_i1718804760_9087_1_jpg.jpg?v=1759120010,9,,,,,,,,,,,
baguette-25-bag-in-silver-sheepskin,BAGUETTE 25 BAG IN BLACK SHEEPSKIN,"<ul>
<li><span data-mce-fragment=""1"">Color: Black<br><br></span></li>
<li>
<span data-mce-fragment=""1""><span>Size: 25 x 10 </span></span><span data-mce-fragment=""1""><span>cm</span></span>
<div class=""index-module_foldText_TFDUn"">
<div class=""index-module_text_HePJ3"">
<div class=""index-module_ellipsisText_pYRbE""><br></div>
</div>
</div>
</li>
<li>
<span data-mce-fragment=""1""><span>Material : Sheepdkin<br></span></span><span data-mce-fragment=""1""><span><br></span></span><span data-mce-fragment=""1""><span></span></span>
</li>
<li> The products are 1:1 copies of the original version and they are the same from every detail.<br><br>
</li>
<li>Support return and exchange in 1 month if the product is defective or the customer is not satisfied with the product.
<div id=""chat-box-input-container-id"" class=""chat-box-input-container"">
<div id=""chatInput"" class=""chat-box-input--audit-2023 chat-box-input--to-focus win32"">
<div id=""chat-input-container-id"" class=""chat-input-container--audit-2023"">
<div class=""chat-input-container--audit-2023__left-layout"">
<div id=""chat-input-scroller-id"" class=""chat-input-scrollable"">
<div class=""chat-input-wrapper"">
<div id=""chat-input-content-id"" class=""chat-input-content""></div>
</div>
</div>
</div>
</div>
</div>
</div>
</li>
</ul>
<p> </p>
<ul></ul>",miumiu bag,,bag,cross body bags,TRUE,Title,Default Title,,,,,,0,,0,deny,manual,283.50,,TRUE,FALSE,,https://cdn.shopify.com/s/files/1/0912/9351/6071/files/img_454a87ad_20240613_i1718287991_266_0_jpg.jpg?v=1759119962,1,,,,,,g,,,,,active
baguette-25-bag-in-silver-sheepskin,,,,,,,,,,,,,,,,,,,,,,,,,https://cdn.shopify.com/s/files/1/0912/9351/6071/files/img_454a87ad_20240613_i1718287991_7726_0_jpg.jpg?v=1759119962,2,,,,,,,,,,,
baguette-25-bag-in-silver-sheepskin,,,,,,,,,,,,,,,,,,,,,,,,,https://cdn.shopify.com/s/files/1/0912/9351/6071/files/img_454a87ad_20240613_i1718287991_1237_0_jpg.jpg?v=1759119963,3,,,,,,,,,,,
baguette-25-bag-in-silver-sheepskin,,,,,,,,,,,,,,,,,,,,,,,,,https://cdn.shopify.com/s/files/1/0912/9351/6071/files/img_454a87ad_20240613_i1718287991_4044_0_jpg.jpg?v=1759119963,4,,,,,,,,,,,
baguette-25-bag-in-silver-sheepskin,,,,,,,,,,,,,,,,,,,,,,,,,https://cdn.shopify.com/s/files/1/0912/9351/6071/files/img_454a87ad_20240613_i1718287992_5163_0_jpg.jpg?v=1759119963,5,,,,,,,,,,,
baguette-25-bag-in-silver-sheepskin,,,,,,,,,,,,,,,,,,,,,,,,,https://cdn.shopify.com/s/files/1/0912/9351/6071/files/img_454a87ad_20240613_i1718287991_5756_0_jpg.jpg?v=1759119963,6,,,,,,,,,,,
baguette-25-bag-in-silver-sheepskin,,,,,,,,,,,,,,,,,,,,,,,,,https://cdn.shopify.com/s/files/1/0912/9351/6071/files/img_454a87ad_20240613_i1718287991_5304_0_jpg.jpg?v=1759119963,7,,,,,,,,,,,
baguette-25-bag-in-silver-sheepskin,,,,,,,,,,,,,,,,,,,,,,,,,https://cdn.shopify.com/s/files/1/0912/9351/6071/files/img_454a87ad_20240613_i1718287991_6306_0_jpg.jpg?v=1759119963,8,,,,,,,,,,,
baguette-25-bag-in-silver-sheepskin,,,,,,,,,,,,,,,,,,,,,,,,,https://cdn.shopify.com/s/files/1/0912/9351/6071/files/img_454a87ad_20240613_i1718287991_7309_0_jpg.jpg?v=1759119963,9,,,,,,,,,,,
shopping-bag-38-in-colorful-raffia-woven-hand,SHOPPING BAG 38 IN COLORFUL RAFFIA WOVEN - HAND,"<ul>
<li><span data-mce-fragment=""1"">Color: Colorful<br><br></span></li>
<li><span data-mce-fragment=""1""><span>Size: 38 x 36 cm<br><br></span></span></li>
<li>
<span data-mce-fragment=""1""><span>Material : Raffia Woven - Hand <br></span></span><span data-mce-fragment=""1""><span><br></span></span><span data-mce-fragment=""1""><span></span></span>
</li>
<li> The products are 1:1 copies of the original version and they are the same from every detail.<br><br>
</li>
<li>Support return and exchange in 1 month if the product is defective or the customer is not satisfied with the product.
<div id=""chat-box-input-container-id"" class=""chat-box-input-container"">
<div id=""chatInput"" class=""chat-box-input--audit-2023 chat-box-input--to-focus win32"">
<div id=""chat-input-container-id"" class=""chat-input-container--audit-2023"">
<div class=""chat-input-container--audit-2023__left-layout"">
<div id=""chat-input-scroller-id"" class=""chat-input-scrollable"">
<div class=""chat-input-wrapper"">
<div id=""chat-input-content-id"" class=""chat-input-content""></div>
</div>
</div>
</div>
</div>
</div>
</div>
</li>
</ul>
<p> </p>
<ul></ul>",miumiu bag,,bag,"shoulder bags, top handle, tote bag",TRUE,Title,Default Title,,,,,,0,,0,deny,manual,241.50,,TRUE,FALSE,,https://cdn.shopify.com/s/files/1/0912/9351/6071/files/20240425_i1714036015_8730_3_jpg.jpg?v=1759119917,1,,,,,,g,,,,,active
shopping-bag-38-in-colorful-raffia-woven-hand,,,,,,,,,,,,,,,,,,,,,,,,,https://cdn.shopify.com/s/files/1/0912/9351/6071/files/20240425_i1714036015_5899_4_jpg.jpg?v=1759119917,2,,,,,,,,,,,
shopping-bag-38-in-colorful-raffia-woven-hand,,,,,,,,,,,,,,,,,,,,,,,,,https://cdn.shopify.com/s/files/1/0912/9351/6071/files/20240529_i1716983845_5224_1_jpg.jpg?v=1759119917,3,,,,,,,,,,,
shopping-bag-38-in-colorful-raffia-woven-hand,,,,,,,,,,,,,,,,,,,,,,,,,https://cdn.shopify.com/s/files/1/0912/9351/6071/files/20240529_i1716983850_8872_0_jpg.jpg?v=1759119917,4,,,,,,,,,,,
shopping-bag-38-in-colorful-raffia-woven-hand,,,,,,,,,,,,,,,,,,,,,,,,,https://cdn.shopify.com/s/files/1/0912/9351/6071/files/20240425_i1714036015_411_6_jpg.jpg?v=1759119917,5,,,,,,,,,,,
shopping-bag-38-in-colorful-raffia-woven-hand,,,,,,,,,,,,,,,,,,,,,,,,,https://cdn.shopify.com/s/files/1/0912/9351/6071/files/20240425_i1714036015_2249_0_jpg.jpg?v=1759119917,6,,,,,,,,,,,
shopping-bag-38-in-colorful-raffia-woven-hand,,,,,,,,,,,,,,,,,,,,,,,,,https://cdn.shopify.com/s/files/1/0912/9351/6071/files/20240425_i1714036015_6355_1_jpg.jpg?v=1759119917,7,,,,,,,,,,,
shopping-bag-38-in-colorful-raffia-woven-hand,,,,,,,,,,,,,,,,,,,,,,,,,https://cdn.shopify.com/s/files/1/0912/9351/6071/files/20240529_i1716983845_1265_0_jpg.jpg?v=1759119917,8,,,,,,,,,,,
wander-22-bag-in-golden-lambskin,WANDER 22 BAG IN GOLDEN LAMBSKIN,"<ul>
<li><span data-mce-fragment=""1"">Color: Golden<br><br></span></li>
<li><span data-mce-fragment=""1""><span>Size: 22 x 11 cm<br><br></span></span></li>
<li>
<span data-mce-fragment=""1""><span>Material : Lambskin<br></span></span><span data-mce-fragment=""1""><span><br></span></span><span data-mce-fragment=""1""><span></span></span>
</li>
<li> The products are 1:1 copies of the original version and they are the same from every detail.<br><br>
</li>
<li>Support return and exchange in 1 month if the product is defective or the customer is not satisfied with the product.
<div id=""chat-box-input-container-id"" class=""chat-box-input-container"">
<div id=""chatInput"" class=""chat-box-input--audit-2023 chat-box-input--to-focus win32"">
<div id=""chat-input-container-id"" class=""chat-input-container--audit-2023"">
<div class=""chat-input-container--audit-2023__left-layout"">
<div id=""chat-input-scroller-id"" class=""chat-input-scrollable"">
<div class=""chat-input-wrapper"">
<div id=""chat-input-content-id"" class=""chat-input-content""></div>
</div>
</div>
</div>
</div>
</div>
</div>
</li>
</ul>
<p> </p>
<ul></ul>",miumiu bag,,bag,"hobo bag, shoulder bags, top handle",TRUE,Title,Default Title,,,,,,0,,0,deny,manual,283.50,,TRUE,FALSE,,https://cdn.shopify.com/s/files/1/0912/9351/6071/files/img_f3148535_20240526_i1716729349_918_1_jpg.jpg?v=1759119894,1,,,,,,g,,,,,active
wander-22-bag-in-golden-lambskin,,,,,,,,,,,,,,,,,,,,,,,,,https://cdn.shopify.com/s/files/1/0912/9351/6071/files/img_f3148535_20240526_i1716729349_7368_4_jpg.jpg?v=1759119894,2,,,,,,,,,,,
wander-22-bag-in-golden-lambskin,,,,,,,,,,,,,,,,,,,,,,,,,https://cdn.shopify.com/s/files/1/0912/9351/6071/files/img_f3148535_20240526_i1716729349_7919_6_jpg.jpg?v=1759119894,3,,,,,,,,,,,
wander-22-bag-in-golden-lambskin,,,,,,,,,,,,,,,,,,,,,,,,,https://cdn.shopify.com/s/files/1/0912/9351/6071/files/img_f3148535_20240526_i1716729349_3441_0_jpg.jpg?v=1759119894,4,,,,,,,,,,,
wander-22-bag-in-golden-lambskin,,,,,,,,,,,,,,,,,,,,,,,,,https://cdn.shopify.com/s/files/1/0912/9351/6071/files/img_f3148535_20240526_i1716729349_4438_8_jpg.jpg?v=1759119894,5,,,,,,,,,,,
wander-22-bag-in-golden-lambskin,,,,,,,,,,,,,,,,,,,,,,,,,https://cdn.shopify.com/s/files/1/0912/9351/6071/files/img_f3148535_20240526_i1716729349_9851_7_jpg.jpg?v=1759119895,6,,,,,,,,,,,
wander-22-bag-in-golden-lambskin,,,,,,,,,,,,,,,,,,,,,,,,,https://cdn.shopify.com/s/files/1/0912/9351/6071/files/img_f3148535_20240526_i1716729349_7837_2_jpg.jpg?v=1759119895,7,,,,,,,,,,,
wander-22-bag-in-golden-lambskin,,,,,,,,,,,,,,,,,,,,,,,,,https://cdn.shopify.com/s/files/1/0912/9351/6071/files/img_f3148535_20240526_i1716729349_5344_3_jpg.jpg?v=1759119895,8,,,,,,,,,,,
wander-22-bag-in-golden-lambskin,,,,,,,,,,,,,,,,,,,,,,,,,https://cdn.shopify.com/s/files/1/0912/9351/6071/files/img_f3148535_20240526_i1716729349_9112_5_jpg.jpg?v=1759119895,9,,,,,,,,,,,
wander-22-bag-in-silver-lambskin,WANDER 22 BAG IN SILVER LAMBSKIN,"<ul>
<li><span data-mce-fragment=""1"">Color: Silver<br><br></span></li>
<li><span data-mce-fragment=""1""><span>Size: 22 x 11 cm<br><br></span></span></li>
<li>
<span data-mce-fragment=""1""><span>Material : Lambskin<br></span></span><span data-mce-fragment=""1""><span><br></span></span><span data-mce-fragment=""1""><span></span></span>
</li>
<li> The products are 1:1 copies of the original version and they are the same from every detail.<br><br>
</li>
<li>Support return and exchange in 1 month if the product is defective or the customer is not satisfied with the product.
<div class=""chat-box-input-container"" id=""chat-box-input-container-id"">
<div class=""chat-box-input--audit-2023 chat-box-input--to-focus win32"" id=""chatInput"">
<div class=""chat-input-container--audit-2023"" id=""chat-input-container-id"">
<div class=""chat-input-container--audit-2023__left-layout"">
<div class=""chat-input-scrollable"" id=""chat-input-scroller-id"">
<div class=""chat-input-wrapper"">
<div class=""chat-input-content"" id=""chat-input-content-id""></div>
</div>
</div>
</div>
</div>
</div>
</div>
</li>
</ul>
<p> </p>
<ul></ul>",miumiu bag,,bag,"hobo bag, shoulder bags, top handle",TRUE,Title,Default Title,,,,,,0,,0,deny,manual,283.50,,TRUE,FALSE,,https://cdn.shopify.com/s/files/1/0912/9351/6071/files/img_f3148535_20240526_i1716729330_846_2_jpg.jpg?v=1759119884,1,,,,,,g,,,,,active
wander-22-bag-in-silver-lambskin,,,,,,,,,,,,,,,,,,,,,,,,,https://cdn.shopify.com/s/files/1/0912/9351/6071/files/img_f3148535_20240526_i1716729330_5637_1_jpg.jpg?v=1759119884,2,,,,,,,,,,,
wander-22-bag-in-silver-lambskin,,,,,,,,,,,,,,,,,,,,,,,,,https://cdn.shopify.com/s/files/1/0912/9351/6071/files/img_f3148535_20240526_i1716729330_6263_5_jpg.jpg?v=1759119884,3,,,,,,,,,,,
wander-22-bag-in-silver-lambskin,,,,,,,,,,,,,,,,,,,,,,,,,https://cdn.shopify.com/s/files/1/0912/9351/6071/files/img_f3148535_20240526_i1716729330_979_3_jpg.jpg?v=1759119884,4,,,,,,,,,,,
wander-22-bag-in-silver-lambskin,,,,,,,,,,,,,,,,,,,,,,,,,https://cdn.shopify.com/s/files/1/0912/9351/6071/files/img_f3148535_20240526_i1716729330_8993_8_jpg.jpg?v=1759119884,5,,,,,,,,,,,
wander-22-bag-in-silver-lambskin,,,,,,,,,,,,,,,,,,,,,,,,,https://cdn.shopify.com/s/files/1/0912/9351/6071/files/img_f3148535_20240526_i1716729335_3849_0_jpg.jpg?v=1759119884,6,,,,,,,,,,,
wander-22-bag-in-silver-lambskin,,,,,,,,,,,,,,,,,,,,,,,,,https://cdn.shopify.com/s/files/1/0912/9351/6071/files/img_f3148535_20240526_i1716729330_8706_6_jpg.jpg?v=1759119884,7,,,,,,,,,,,
wander-22-bag-in-silver-lambskin,,,,,,,,,,,,,,,,,,,,,,,,,https://cdn.shopify.com/s/files/1/0912/9351/6071/files/img_f3148535_20240526_i1716729330_9119_7_jpg.jpg?v=1759119884,8,,,,,,,,,,,
wander-22-bag-in-silver-lambskin,,,,,,,,,,,,,,,,,,,,,,,,,https://cdn.shopify.com/s/files/1/0912/9351/6071/files/img_f3148535_20240526_i1716729330_6415_0_jpg.jpg?v=1759119884,9,,,,,,,,,,,
bowling-bag-22-in-white-lambskin,NAPPA 42 BAG IN OAK LEATHER,"<ul>
<li><span data-mce-fragment=""1"">Color: White<br><br></span></li>
<li><span data-mce-fragment=""1""><span>Size: 22 x 11 cm<br><br></span></span></li>
<li>
<span data-mce-fragment=""1""><span>Material : Lambskin<br></span></span><span data-mce-fragment=""1""><span><br></span></span><span data-mce-fragment=""1""><span></span></span>
</li>
<li> The products are 1:1 copies of the original version and they are the same from every detail.<br><br>
</li>
<li>Support return and exchange in 1 month if the product is defective or the customer is not satisfied with the product.
<div class=""chat-box-input-container"" id=""chat-box-input-container-id"">
<div class=""chat-box-input--audit-2023 chat-box-input--to-focus win32"" id=""chatInput"">
<div class=""chat-input-container--audit-2023"" id=""chat-input-container-id"">
<div class=""chat-input-container--audit-2023__left-layout"">
<div class=""chat-input-scrollable"" id=""chat-input-scroller-id"">
<div class=""chat-input-wrapper"">
<div class=""chat-input-content"" id=""chat-input-content-id""></div>
</div>
</div>
</div>
</div>
</div>
</div>
</li>
</ul>
<p> </p>
<ul></ul>",miumiu bag,,bag,"cross body bags, shoulder bags, top handle",TRUE,Title,Default Title,,,,,,0,,0,deny,manual,399.00,,TRUE,FALSE,,https://cdn.shopify.com/s/files/1/0912/9351/6071/files/img_87a49aa8_20240523_i1716439883_3161_2_jpg_d6dffb2f-77fa-4567-8e34-8867bf48d46d.jpg?v=1775123141,1,,,,,,g,,,,,active
bowling-bag-22-in-white-lambskin,,,,,,,,,,,,,,,,,,,,,,,,,https://cdn.shopify.com/s/files/1/0912/9351/6071/files/img_87a49aa8_20240523_i1716439883_2500_0_jpg_9ce96588-ff7f-41dc-9738-2aae710b204b.jpg?v=1775123141,2,,,,,,,,,,,
bowling-bag-22-in-white-lambskin,,,,,,,,,,,,,,,,,,,,,,,,,https://cdn.shopify.com/s/files/1/0912/9351/6071/files/img_87a49aa8_20240523_i1716439883_8631_8_jpg_aa38db67-24c8-4712-987f-2c9139e4b500.jpg?v=1775123141,3,,,,,,,,,,,
bowling-bag-22-in-white-lambskin,,,,,,,,,,,,,,,,,,,,,,,,,https://cdn.shopify.com/s/files/1/0912/9351/6071/files/img_87a49aa8_20240523_i1716439883_5327_5_jpg_cf40d1fd-042d-4852-ae55-d8cb68ba27eb.jpg?v=1775123141,4,,,,,,,,,,,
bowling-bag-22-in-white-lambskin,,,,,,,,,,,,,,,,,,,,,,,,,https://cdn.shopify.com/s/files/1/0912/9351/6071/files/img_87a49aa8_20240523_i1716439883_7515_4_jpg_ed6ddee6-ca2c-4862-bab2-3226d1402457.jpg?v=1775123141,5,,,,,,,,,,,
bowling-bag-22-in-white-lambskin,,,,,,,,,,,,,,,,,,,,,,,,,https://cdn.shopify.com/s/files/1/0912/9351/6071/files/img_87a49aa8_20240523_i1716439883_875_3_jpg_d3f06809-47b9-4c2e-9f0f-663382f54635.jpg?v=1775123141,6,,,,,,,,,,,
bowling-bag-22-in-white-lambskin,,,,,,,,,,,,,,,,,,,,,,,,,https://cdn.shopify.com/s/files/1/0912/9351/6071/files/img_87a49aa8_20240523_i1716439883_2615_6_jpg_886dbdeb-aecd-4255-b4f7-5caa7a444a04.jpg?v=1775123141,7,,,,,,,,,,,
bowling-bag-22-in-white-lambskin,,,,,,,,,,,,,,,,,,,,,,,,,https://cdn.shopify.com/s/files/1/0912/9351/6071/files/img_87a49aa8_20240523_i1716439883_7626_1_jpg_63218855-3b22-4a15-be42-d13f54b73fdf.jpg?v=1775123141,8,,,,,,,,,,,
bowling-bag-22-in-white-lambskin,,,,,,,,,,,,,,,,,,,,,,,,,https://cdn.shopify.com/s/files/1/0912/9351/6071/files/img_87a49aa8_20240523_i1716439883_1563_7_jpg_d3442a29-4900-418e-813f-9d5488cdccaa.jpg?v=1775123141,9,,,,,,,,,,,
crystal-cloque-20-nappa-black-leather-bag,CRYSTAL CLOQUÉ 20 NAPPA BLACK LEATHER BAG,"<ul>
<li><span data-mce-fragment=""1"">Color: Black<br><br></span></li>
<li><span data-mce-fragment=""1""><span>Size: 20 x 14 cm<br><br></span></span></li>
<li>
<span data-mce-fragment=""1""><span>Material : Leather<br></span></span><span data-mce-fragment=""1""><span><br></span></span><span data-mce-fragment=""1""><span></span></span>
</li>
<li> The products are 1:1 copies of the original version and they are the same from every detail.<br><br>
</li>
<li>Support return and exchange in 1 month if the product is defective or the customer is not satisfied with the product.
<div class=""chat-box-input-container"" id=""chat-box-input-container-id"">
<div class=""chat-box-input--audit-2023 chat-box-input--to-focus win32"" id=""chatInput"">
<div class=""chat-input-container--audit-2023"" id=""chat-input-container-id"">
<div class=""chat-input-container--audit-2023__left-layout"">
<div class=""chat-input-scrollable"" id=""chat-input-scroller-id"">
<div class=""chat-input-wrapper"">
<div class=""chat-input-content"" id=""chat-input-content-id""></div>
</div>
</div>
</div>
</div>
</div>
</div>
</li>
</ul>
<p> </p>
<ul></ul>",miumiu bag,,bag,cross body bags,TRUE,Title,Default Title,,,,,,0,,0,deny,manual,283.50,,TRUE,FALSE,,https://cdn.shopify.com/s/files/1/0912/9351/6071/files/img_f407789a_20240522_i1716373744_7259_0_jpg.jpg?v=1759119861,1,,,,,,g,,,,,active
crystal-cloque-20-nappa-black-leather-bag,,,,,,,,,,,,,,,,,,,,,,,,,https://cdn.shopify.com/s/files/1/0912/9351/6071/files/img_f407789a_20240522_i1716373744_3536_0_jpg.jpg?v=1759119861,2,,,,,,,,,,,
crystal-cloque-20-nappa-black-leather-bag,,,,,,,,,,,,,,,,,,,,,,,,,https://cdn.shopify.com/s/files/1/0912/9351/6071/files/img_f407789a_20240522_i1716373744_8454_0_jpg.jpg?v=1759119862,3,,,,,,,,,,,
crystal-cloque-20-nappa-black-leather-bag,,,,,,,,,,,,,,,,,,,,,,,,,https://cdn.shopify.com/s/files/1/0912/9351/6071/files/img_f407789a_20240522_i1716373744_8454_0.jpg-Copy.jpg?v=1759119862,4,,,,,,,,,,,
crystal-cloque-20-nappa-black-leather-bag,,,,,,,,,,,,,,,,,,,,,,,,,https://cdn.shopify.com/s/files/1/0912/9351/6071/files/img_f407789a_20240522_i1716373744_4085_0_jpg.jpg?v=1759119862,5,,,,,,,,,,,
crystal-cloque-20-nappa-black-leather-bag,,,,,,,,,,,,,,,,,,,,,,,,,https://cdn.shopify.com/s/files/1/0912/9351/6071/files/img_f407789a_20240522_i1716373744_4286_0_jpg.jpg?v=1759119862,6,,,,,,,,,,,
crystal-cloque-20-nappa-black-leather-bag,,,,,,,,,,,,,,,,,,,,,,,,,https://cdn.shopify.com/s/files/1/0912/9351/6071/files/img_f407789a_20240522_i1716373744_6226_0_jpg.jpg?v=1759119862,7,,,,,,,,,,,
crystal-cloque-20-nappa-black-leather-bag,,,,,,,,,,,,,,,,,,,,,,,,,https://cdn.shopify.com/s/files/1/0912/9351/6071/files/img_f407789a_20240522_i1716373744_7934_0_jpg.jpg?v=1759119862,8,,,,,,,,,,,
crystal-cloque-20-nappa-black-leather-bag,,,,,,,,,,,,,,,,,,,,,,,,,https://cdn.shopify.com/s/files/1/0912/9351/6071/files/img_f407789a_20240522_i1716373744_4085_0.jpg-Copy.jpg?v=1759119862,9,,,,,,,,,,,
crystal-cloque-20-nappa-black-leather-bag,,,,,,,,,,,,,,,,,,,,,,,,,https://cdn.shopify.com/s/files/1/0912/9351/6071/files/img_f407789a_20240522_i1716373744_4286_0.jpg-Copy.jpg?v=1759119862,10,,,,,,,,,,,
tote-33-bag-in-multicolor-woven-straw,TOTE 33 BAG IN MULTICOLOR WOVEN STRAW,"<ul>
<li><span data-mce-fragment=""1"">Color: Multicolor <br><br></span></li>
<li><span data-mce-fragment=""1""><span>Size: 33 x 33 cm<br><br></span></span></li>
<li>
<span data-mce-fragment=""1""><span>Material : Straw<br></span></span><span data-mce-fragment=""1""><span><br></span></span><span data-mce-fragment=""1""><span></span></span>
</li>
<li> The products are 1:1 copies of the original version and they are the same from every detail.<br><br>
</li>
<li>Support return and exchange in 1 month if the product is defective or the customer is not satisfied with the product.
<div class=""chat-box-input-container"" id=""chat-box-input-container-id"">
<div class=""chat-box-input--audit-2023 chat-box-input--to-focus win32"" id=""chatInput"">
<div class=""chat-input-container--audit-2023"" id=""chat-input-container-id"">
<div class=""chat-input-container--audit-2023__left-layout"">
<div class=""chat-input-scrollable"" id=""chat-input-scroller-id"">
<div class=""chat-input-wrapper"">
<div class=""chat-input-content"" id=""chat-input-content-id""></div>
</div>
</div>
</div>
</div>
</div>
</div>
</li>
</ul>
<p> </p>
<ul></ul>",miumiu bag,,bag,"shoulder bags, top handle, tote bag",TRUE,Title,Default Title,,,,,,0,,0,deny,manual,273.00,,TRUE,FALSE,,https://cdn.shopify.com/s/files/1/0912/9351/6071/files/img_3870440b_20240612_i1718164323_2138_5_jpg.jpg?v=1759119850,1,,,,,,g,,,,,active
tote-33-bag-in-multicolor-woven-straw,,,,,,,,,,,,,,,,,,,,,,,,,https://cdn.shopify.com/s/files/1/0912/9351/6071/files/img_3870440b_20240612_i1718164323_87_3_jpg.jpg?v=1759119850,2,,,,,,,,,,,
tote-33-bag-in-multicolor-woven-straw,,,,,,,,,,,,,,,,,,,,,,,,,https://cdn.shopify.com/s/files/1/0912/9351/6071/files/img_3870440b_20240612_i1718164323_2682_4_jpg.jpg?v=1759119850,3,,,,,,,,,,,
tote-33-bag-in-multicolor-woven-straw,,,,,,,,,,,,,,,,,,,,,,,,,https://cdn.shopify.com/s/files/1/0912/9351/6071/files/img_3870440b_20240612_i1718164323_8979_8_jpg.jpg?v=1759119850,4,,,,,,,,,,,
tote-33-bag-in-multicolor-woven-straw,,,,,,,,,,,,,,,,,,,,,,,,,https://cdn.shopify.com/s/files/1/0912/9351/6071/files/img_3870440b_20240612_i1718164323_9050_7_jpg.jpg?v=1759119850,5,,,,,,,,,,,
tote-33-bag-in-multicolor-woven-straw,,,,,,,,,,,,,,,,,,,,,,,,,https://cdn.shopify.com/s/files/1/0912/9351/6071/files/img_3870440b_20240612_i1718164323_9110_0_jpg.jpg?v=1759119850,6,,,,,,,,,,,
tote-33-bag-in-multicolor-woven-straw,,,,,,,,,,,,,,,,,,,,,,,,,https://cdn.shopify.com/s/files/1/0912/9351/6071/files/img_3870440b_20240612_i1718164323_7847_6_jpg.jpg?v=1759119850,7,,,,,,,,,,,
tote-33-bag-in-multicolor-woven-straw,,,,,,,,,,,,,,,,,,,,,,,,,https://cdn.shopify.com/s/files/1/0912/9351/6071/files/img_3870440b_20240612_i1718164323_8255_1_jpg.jpg?v=1759119850,8,,,,,,,,,,,
tote-33-bag-in-multicolor-woven-straw,,,,,,,,,,,,,,,,,,,,,,,,,https://cdn.shopify.com/s/files/1/0912/9351/6071/files/img_3870440b_20240612_i1718164323_8387_2_jpg.jpg?v=1759119850,9,,,,,,,,,,,
crystal-chain-21-bag-in-black-lambskin,CRYSTAL CHAIN 21 BAG IN BLACK LAMBSKIN,"<ul>
<li><span data-mce-fragment=""1"">Color: Black<br><br></span></li>
<li><span data-mce-fragment=""1""><span>Size: 16.5 x 21 x 5.5 cm<br><br></span></span></li>
<li>
<span data-mce-fragment=""1""><span>Material : Lambskin<br></span></span><span data-mce-fragment=""1""><span><br></span></span><span data-mce-fragment=""1""><span></span></span>
</li>
<li> The products are 1:1 copies of the original version and they are the same from every detail.<br><br>
</li>
<li>Support return and exchange in 1 month if the product is defective or the customer is not satisfied with the product.
<div id=""chat-box-input-container-id"" class=""chat-box-input-container"">
<div id=""chatInput"" class=""chat-box-input--audit-2023 chat-box-input--to-focus win32"">
<div id=""chat-input-container-id"" class=""chat-input-container--audit-2023"">
<div class=""chat-input-container--audit-2023__left-layout"">
<div id=""chat-input-scroller-id"" class=""chat-input-scrollable"">
<div class=""chat-input-wrapper"">
<div id=""chat-input-content-id"" class=""chat-input-content""></div>
</div>
</div>
</div>
</div>
</div>
</div>
</li>
</ul>
<p> </p>
<ul></ul>",miumiu bag,,bag,"cross body bags, hobo bag",TRUE,Title,Default Title,,,,,,0,,0,deny,manual,283.50,,TRUE,FALSE,,https://cdn.shopify.com/s/files/1/0912/9351/6071/files/20210812_a1628697742594_6001_jpg.jpg?v=1759119839,1,,,,,,g,,,,,active
crystal-chain-21-bag-in-black-lambskin,,,,,,,,,,,,,,,,,,,,,,,,,https://cdn.shopify.com/s/files/1/0912/9351/6071/files/20210812_a1628697742696_7703_jpg.jpg?v=1759119839,2,,,,,,,,,,,
crystal-chain-21-bag-in-black-lambskin,,,,,,,,,,,,,,,,,,,,,,,,,https://cdn.shopify.com/s/files/1/0912/9351/6071/files/20210812_a1628697742782_3581_jpg.jpg?v=1759119839,3,,,,,,,,,,,
crystal-chain-21-bag-in-black-lambskin,,,,,,,,,,,,,,,,,,,,,,,,,https://cdn.shopify.com/s/files/1/0912/9351/6071/files/20210812_a1628697742954_7880_jpg.jpg?v=1759119839,4,,,,,,,,,,,
crystal-chain-21-bag-in-black-lambskin,,,,,,,,,,,,,,,,,,,,,,,,,https://cdn.shopify.com/s/files/1/0912/9351/6071/files/20210812_a1628697743096_7004_jpg.jpg?v=1759119839,5,,,,,,,,,,,
crystal-chain-21-bag-in-black-lambskin,,,,,,,,,,,,,,,,,,,,,,,,,https://cdn.shopify.com/s/files/1/0912/9351/6071/files/20210812_a1628697743215_6023_jpg.jpg?v=1759119839,6,,,,,,,,,,,
crystal-chain-21-bag-in-black-lambskin,,,,,,,,,,,,,,,,,,,,,,,,,https://cdn.shopify.com/s/files/1/0912/9351/6071/files/20210812_a1628697743342_8412_jpg.jpg?v=1759119839,7,,,,,,,,,,,
crystal-chain-21-bag-in-black-lambskin,,,,,,,,,,,,,,,,,,,,,,,,,https://cdn.shopify.com/s/files/1/0912/9351/6071/files/20210812_a1628697743019_2038_jpg.jpg?v=1759119839,8,,,,,,,,,,,
crystal-chain-21-bag-in-black-lambskin,,,,,,,,,,,,,,,,,,,,,,,,,https://cdn.shopify.com/s/files/1/0912/9351/6071/files/20210812_a1628697742873_7470_jpg.jpg?v=1759119839,9,,,,,,,,,,,
large-hobo-28-tote-in-black-calfskin,LARGE HOBO 28 TOTE IN BLACK CALFSKIN,"<ul>
<li><span data-mce-fragment=""1"">Color: Black<br><br></span></li>
<li><span data-mce-fragment=""1""><span>Size: 28 x 25 cm<br><br></span></span></li>
<li>
<span data-mce-fragment=""1""><span>Material : Calfskin<br></span></span><span data-mce-fragment=""1""><span><br></span></span><span data-mce-fragment=""1""><span></span></span>
</li>
<li> The products are 1:1 copies of the original version and they are the same from every detail.<br><br>
</li>
<li>Support return and exchange in 1 month if the product is defective or the customer is not satisfied with the product.
<div class=""chat-box-input-container"" id=""chat-box-input-container-id"">
<div class=""chat-box-input--audit-2023 chat-box-input--to-focus win32"" id=""chatInput"">
<div class=""chat-input-container--audit-2023"" id=""chat-input-container-id"">
<div class=""chat-input-container--audit-2023__left-layout"">
<div class=""chat-input-scrollable"" id=""chat-input-scroller-id"">
<div class=""chat-input-wrapper"">
<div class=""chat-input-content"" id=""chat-input-content-id""></div>
</div>
</div>
</div>
</div>
</div>
</div>
</li>
</ul>
<p> </p>
<ul></ul>",miumiu bag,,bag,"cross body bags, hobo bag, top handle",TRUE,Title,Default Title,,,,,,0,,0,deny,manual,315.00,,TRUE,FALSE,,https://cdn.shopify.com/s/files/1/0912/9351/6071/files/img_4e898954_20240427_i1714211300_954_2_jpg.jpg?v=1759119817,1,,,,,,g,,,,,active
large-hobo-28-tote-in-black-calfskin,,,,,,,,,,,,,,,,,,,,,,,,,https://cdn.shopify.com/s/files/1/0912/9351/6071/files/img_4e898954_20240427_i1714211300_1295_3_jpg.jpg?v=1759119817,2,,,,,,,,,,,
large-hobo-28-tote-in-black-calfskin,,,,,,,,,,,,,,,,,,,,,,,,,https://cdn.shopify.com/s/files/1/0912/9351/6071/files/img_4e898954_20240427_i1714211301_853_5_jpg.jpg?v=1759119817,3,,,,,,,,,,,
large-hobo-28-tote-in-black-calfskin,,,,,,,,,,,,,,,,,,,,,,,,,https://cdn.shopify.com/s/files/1/0912/9351/6071/files/img_4e898954_20240427_i1714211301_8669_8_jpg.jpg?v=1759119817,4,,,,,,,,,,,
large-hobo-28-tote-in-black-calfskin,,,,,,,,,,,,,,,,,,,,,,,,,https://cdn.shopify.com/s/files/1/0912/9351/6071/files/img_4e898954_20240427_i1714211300_4983_0_jpg.jpg?v=1759119817,5,,,,,,,,,,,
large-hobo-28-tote-in-black-calfskin,,,,,,,,,,,,,,,,,,,,,,,,,https://cdn.shopify.com/s/files/1/0912/9351/6071/files/img_4e898954_20240427_i1714211300_2472_1_jpg.jpg?v=1759119817,6,,,,,,,,,,,
large-hobo-28-tote-in-black-calfskin,,,,,,,,,,,,,,,,,,,,,,,,,https://cdn.shopify.com/s/files/1/0912/9351/6071/files/img_4e898954_20240427_i1714211301_371_7_jpg.jpg?v=1759119817,7,,,,,,,,,,,
large-hobo-28-tote-in-black-calfskin,,,,,,,,,,,,,,,,,,,,,,,,,https://cdn.shopify.com/s/files/1/0912/9351/6071/files/img_4e898954_20240427_i1714211300_9680_4_jpg.jpg?v=1759119817,8,,,,,,,,,,,
large-hobo-28-tote-in-black-calfskin,,,,,,,,,,,,,,,,,,,,,,,,,https://cdn.shopify.com/s/files/1/0912/9351/6071/files/img_4e898954_20240427_i1714211301_9740_6_jpg.jpg?v=1759119817,9,,,,,,,,,,,
pucket-bag-27-in-white-calfskin,PUCKET BAG 27 IN WHITE CALFSKIN,"<ul>
<li><span data-mce-fragment=""1"">Color: White<br><br></span></li>
<li><span data-mce-fragment=""1""><span>Size: 27 x 15 cm<br><br></span></span></li>
<li>
<span data-mce-fragment=""1""><span>Material : Calfskin<br></span></span><span data-mce-fragment=""1""><span><br></span></span><span data-mce-fragment=""1""><span></span></span>
</li>
<li> The products are 1:1 copies of the original version and they are the same from every detail.<br><br>
</li>
<li>Support return and exchange in 1 month if the product is defective or the customer is not satisfied with the product.
<div class=""chat-box-input-container"" id=""chat-box-input-container-id"">
<div class=""chat-box-input--audit-2023 chat-box-input--to-focus win32"" id=""chatInput"">
<div class=""chat-input-container--audit-2023"" id=""chat-input-container-id"">
<div class=""chat-input-container--audit-2023__left-layout"">
<div class=""chat-input-scrollable"" id=""chat-input-scroller-id"">
<div class=""chat-input-wrapper"">
<div class=""chat-input-content"" id=""chat-input-content-id""></div>
</div>
</div>
</div>
</div>
</div>
</div>
</li>
</ul>
<p> </p>
<ul></ul>",miumiu bag,,bag,shoulder bags,TRUE,Title,Default Title,,,,,,0,,0,deny,manual,283.50,,TRUE,FALSE,,https://cdn.shopify.com/s/files/1/0912/9351/6071/files/img_b2706193_20240520_i1716190845_6748_0_jpg_4cb4cf34-50a6-488c-9a07-3b7c79d442fa.jpg?v=1759119793,1,,,,,,g,,,,,active
pucket-bag-27-in-white-calfskin,,,,,,,,,,,,,,,,,,,,,,,,,https://cdn.shopify.com/s/files/1/0912/9351/6071/files/img_b2706193_20240520_i1716190846_6311_6_jpg_293f8dd1-c447-4a10-b59e-ba00832055fc.jpg?v=1759119793,2,,,,,,,,,,,
pucket-bag-27-in-white-calfskin,,,,,,,,,,,,,,,,,,,,,,,,,https://cdn.shopify.com/s/files/1/0912/9351/6071/files/img_b2706193_20240520_i1716190846_7470_8_jpg_e74ec9b1-2617-4327-aaa4-dbe6f61d25e2.jpg?v=1759119793,3,,,,,,,,,,,
pucket-bag-27-in-white-calfskin,,,,,,,,,,,,,,,,,,,,,,,,,https://cdn.shopify.com/s/files/1/0912/9351/6071/files/img_b2706193_20240520_i1716190845_5734_2_jpg_ff37b051-fd16-4447-afca-033ca95d727a.jpg?v=1759119793,4,,,,,,,,,,,
pucket-bag-27-in-white-calfskin,,,,,,,,,,,,,,,,,,,,,,,,,https://cdn.shopify.com/s/files/1/0912/9351/6071/files/img_b2706193_20240520_i1716190845_5583_1_jpg_fbff0e57-3a06-425b-aa3e-7e98780323ac.jpg?v=1759119793,5,,,,,,,,,,,
pucket-bag-27-in-white-calfskin,,,,,,,,,,,,,,,,,,,,,,,,,https://cdn.shopify.com/s/files/1/0912/9351/6071/files/img_b2706193_20240520_i1716190846_1050_5_jpg_778b611c-7ded-4aea-a40a-bd2808550db1.jpg?v=1759119793,6,,,,,,,,,,,
pucket-bag-27-in-white-calfskin,,,,,,,,,,,,,,,,,,,,,,,,,https://cdn.shopify.com/s/files/1/0912/9351/6071/files/img_b2706193_20240520_i1716190846_7595_7_jpg_afaff621-b984-4c42-af31-c57ba7a65d78.jpg?v=1759119793,7,,,,,,,,,,,
pucket-bag-27-in-white-calfskin,,,,,,,,,,,,,,,,,,,,,,,,,https://cdn.shopify.com/s/files/1/0912/9351/6071/files/img_b2706193_20240520_i1716190845_7995_3_jpg_e135ecd5-0320-4cdd-8232-a9d834909439.jpg?v=1759119793,8,,,,,,,,,,,
pucket-bag-27-in-white-calfskin,,,,,,,,,,,,,,,,,,,,,,,,,https://cdn.shopify.com/s/files/1/0912/9351/6071/files/img_b2706193_20240520_i1716190846_3413_4_jpg_4f566e90-1639-49ac-917b-ea2782a563b8.jpg?v=1759119793,9,,,,,,,,,,,
small-wallet-11-in-black-calfskin,SMALL WALLET 11 IN BLACK CALFSKIN,"<ul>
<li><span data-mce-fragment=""1"">Color: Black<br><br></span></li>
<li><span data-mce-fragment=""1""><span>Size: 11.5  x 10 x 3 cm<br><br></span></span></li>
<li>
<span data-mce-fragment=""1""><span>Material : Calfskin<br></span></span><span data-mce-fragment=""1""><span><br></span></span><span data-mce-fragment=""1""><span></span></span>
</li>
<li> The products are 1:1 copies of the original version and they are the same from every detail.<br><br>
</li>
<li>Support return and exchange in 1 month if the product is defective or the customer is not satisfied with the product.
<div class=""chat-box-input-container"" id=""chat-box-input-container-id"">
<div class=""chat-box-input--audit-2023 chat-box-input--to-focus win32"" id=""chatInput"">
<div class=""chat-input-container--audit-2023"" id=""chat-input-container-id"">
<div class=""chat-input-container--audit-2023__left-layout"">
<div class=""chat-input-scrollable"" id=""chat-input-scroller-id"">
<div class=""chat-input-wrapper"">
<div class=""chat-input-content"" id=""chat-input-content-id""></div>
</div>
</div>
</div>
</div>
</div>
</div>
</li>
</ul>
<p> </p>
<ul></ul>",miumiu bag,,bag,wallet,TRUE,Title,Default Title,,,,,,0,,0,deny,manual,110.25,,TRUE,FALSE,,https://cdn.shopify.com/s/files/1/0912/9351/6071/files/img_aebee8f5_20240512_i1715524128_4820_4_jpg.jpg?v=1759119760,1,,,,,,g,,,,,active
small-wallet-11-in-black-calfskin,,,,,,,,,,,,,,,,,,,,,,,,,https://cdn.shopify.com/s/files/1/0912/9351/6071/files/img_aebee8f5_20240512_i1715524128_3549_7_jpg.jpg?v=1759119760,2,,,,,,,,,,,
small-wallet-11-in-black-calfskin,,,,,,,,,,,,,,,,,,,,,,,,,https://cdn.shopify.com/s/files/1/0912/9351/6071/files/img_aebee8f5_20240512_i1715524128_5247_3_jpg.jpg?v=1759119760,3,,,,,,,,,,,
small-wallet-11-in-black-calfskin,,,,,,,,,,,,,,,,,,,,,,,,,https://cdn.shopify.com/s/files/1/0912/9351/6071/files/img_aebee8f5_20240512_i1715524128_5723_6_jpg.jpg?v=1759119760,4,,,,,,,,,,,
small-wallet-11-in-black-calfskin,,,,,,,,,,,,,,,,,,,,,,,,,https://cdn.shopify.com/s/files/1/0912/9351/6071/files/img_aebee8f5_20240512_i1715524128_142_5_jpg.jpg?v=1759119760,5,,,,,,,,,,,
small-wallet-11-in-black-calfskin,,,,,,,,,,,,,,,,,,,,,,,,,https://cdn.shopify.com/s/files/1/0912/9351/6071/files/img_aebee8f5_20240512_i1715524128_8953_8_jpg.jpg?v=1759119760,6,,,,,,,,,,,
small-wallet-11-in-black-calfskin,,,,,,,,,,,,,,,,,,,,,,,,,https://cdn.shopify.com/s/files/1/0912/9351/6071/files/img_aebee8f5_20240512_i1715524128_4866_2_jpg.jpg?v=1759119760,7,,,,,,,,,,,
small-wallet-11-in-black-calfskin,,,,,,,,,,,,,,,,,,,,,,,,,https://cdn.shopify.com/s/files/1/0912/9351/6071/files/img_aebee8f5_20240512_i1715524127_7804_1_jpg.jpg?v=1759119760,8,,,,,,,,,,,
small-wallet-11-in-black-calfskin,,,,,,,,,,,,,,,,,,,,,,,,,https://cdn.shopify.com/s/files/1/0912/9351/6071/files/img_aebee8f5_20240512_i1715524127_9021_0_jpg.jpg?v=1759119760,9,,,,,,,,,,,
small-matelasse-wallet-10-in-black-leather,SMALL MATELASSÉ WALLET 10 IN BLACK LEATHER,"<ul>
<li><span data-mce-fragment=""1"">Color: Black<br><br></span></li>
<li><span data-mce-fragment=""1""><span>Size: 10.5  x 10 x 3 cm<br><br></span></span></li>
<li>
<span data-mce-fragment=""1""><span>Material : Leather<br></span></span><span data-mce-fragment=""1""><span><br></span></span><span data-mce-fragment=""1""><span></span></span>
</li>
<li> The products are 1:1 copies of the original version and they are the same from every detail.<br><br>
</li>
<li>Support return and exchange in 1 month if the product is defective or the customer is not satisfied with the product.
<div id=""chat-box-input-container-id"" class=""chat-box-input-container"">
<div id=""chatInput"" class=""chat-box-input--audit-2023 chat-box-input--to-focus win32"">
<div id=""chat-input-container-id"" class=""chat-input-container--audit-2023"">
<div class=""chat-input-container--audit-2023__left-layout"">
<div id=""chat-input-scroller-id"" class=""chat-input-scrollable"">
<div class=""chat-input-wrapper"">
<div id=""chat-input-content-id"" class=""chat-input-content""></div>
</div>
</div>
</div>
</div>
</div>
</div>
</li>
</ul>
<p> </p>
<ul></ul>",miumiu bag,,bag,wallet,TRUE,Title,Default Title,,,,,,0,,0,deny,manual,120.75,,TRUE,FALSE,,https://cdn.shopify.com/s/files/1/0912/9351/6071/files/img_790e6571_20240512_i1715479054_2745_5_jpg_1db23688-6d3e-4cee-82f6-5eb8e078aa4d.jpg?v=1775554823,1,,,,,,g,,,,,active
small-matelasse-wallet-10-in-black-leather,,,,,,,,,,,,,,,,,,,,,,,,,https://cdn.shopify.com/s/files/1/0912/9351/6071/files/img_790e6571_20240512_i1715479054_3566_3_jpg_0bf3d3f2-4e18-4518-abe3-05dbbd90b336.jpg?v=1775554823,2,,,,,,,,,,,
small-matelasse-wallet-10-in-black-leather,,,,,,,,,,,,,,,,,,,,,,,,,https://cdn.shopify.com/s/files/1/0912/9351/6071/files/img_790e6571_20240512_i1715479054_7751_0_jpg_253ef2b3-353e-4f3c-9e4b-22ee62af349e.jpg?v=1775554823,3,,,,,,,,,,,
small-matelasse-wallet-10-in-black-leather,,,,,,,,,,,,,,,,,,,,,,,,,https://cdn.shopify.com/s/files/1/0912/9351/6071/files/img_790e6571_20240512_i1715479054_9502_6_jpg_2232369d-ffbd-45e6-bc0a-ae6c5f41e283.jpg?v=1775554823,4,,,,,,,,,,,
small-matelasse-wallet-10-in-black-leather,,,,,,,,,,,,,,,,,,,,,,,,,https://cdn.shopify.com/s/files/1/0912/9351/6071/files/img_790e6571_20240512_i1715479054_1031_2_jpg_187c1f28-66f7-4f69-bca7-e02ca413571e.jpg?v=1775554823,5,,,,,,,,,,,
small-matelasse-wallet-10-in-black-leather,,,,,,,,,,,,,,,,,,,,,,,,,https://cdn.shopify.com/s/files/1/0912/9351/6071/files/img_790e6571_20240512_i1715479054_1433_8_jpg_28ba9b1a-cb4c-4eaa-aee4-feec9fa9afd7.jpg?v=1775554823,6,,,,,,,,,,,
small-matelasse-wallet-10-in-black-leather,,,,,,,,,,,,,,,,,,,,,,,,,https://cdn.shopify.com/s/files/1/0912/9351/6071/files/img_790e6571_20240512_i1715479054_5273_4_jpg_5736813c-8f7e-4321-af70-3d35bdc344cf.jpg?v=1775554823,7,,,,,,,,,,,
small-matelasse-wallet-10-in-black-leather,,,,,,,,,,,,,,,,,,,,,,,,,https://cdn.shopify.com/s/files/1/0912/9351/6071/files/img_790e6571_20240512_i1715479054_7172_1_jpg_0f1c3e89-c1d4-48f0-a3cc-05c9b5cf9c5c.jpg?v=1775554823,8,,,,,,,,,,,
small-matelasse-wallet-10-in-black-leather,,,,,,,,,,,,,,,,,,,,,,,,,https://cdn.shopify.com/s/files/1/0912/9351/6071/files/img_790e6571_20240512_i1715479054_7191_7_jpg_8d49d253-2fe8-4b3f-b6c2-ac5373633b48.jpg?v=1775554823,9,,,,,,,,,,,
small-wallet-11-in-light-pink-calfskin,SMALL WALLET 11 IN LIGHT PINK CALFSKIN,"<ul>
<li><span data-mce-fragment=""1"">Color: Light Pink<br><br></span></li>
<li><span data-mce-fragment=""1""><span>Size: 11.5  x 10 x 3 cm<br><br></span></span></li>
<li>
<span data-mce-fragment=""1""><span>Material : Calfskin<br></span></span><span data-mce-fragment=""1""><span><br></span></span><span data-mce-fragment=""1""><span></span></span>
</li>
<li> The products are 1:1 copies of the original version and they are the same from every detail.<br><br>
</li>
<li>Support return and exchange in 1 month if the product is defective or the customer is not satisfied with the product.
<div class=""chat-box-input-container"" id=""chat-box-input-container-id"">
<div class=""chat-box-input--audit-2023 chat-box-input--to-focus win32"" id=""chatInput"">
<div class=""chat-input-container--audit-2023"" id=""chat-input-container-id"">
<div class=""chat-input-container--audit-2023__left-layout"">
<div class=""chat-input-scrollable"" id=""chat-input-scroller-id"">
<div class=""chat-input-wrapper"">
<div class=""chat-input-content"" id=""chat-input-content-id""></div>
</div>
</div>
</div>
</div>
</div>
</div>
</li>
</ul>
<p> </p>
<ul></ul>",miumiu bag,,bag,wallet,TRUE,Title,Default Title,,,,,,0,,0,deny,manual,110.25,,TRUE,FALSE,,https://cdn.shopify.com/s/files/1/0912/9351/6071/files/img_aebee8f5_20240512_i1715524110_9576_1_jpg.jpg?v=1759119724,1,,,,,,g,,,,,active
small-wallet-11-in-light-pink-calfskin,,,,,,,,,,,,,,,,,,,,,,,,,https://cdn.shopify.com/s/files/1/0912/9351/6071/files/img_aebee8f5_20240512_i1715524110_2729_5_jpg.jpg?v=1759119724,2,,,,,,,,,,,
small-wallet-11-in-light-pink-calfskin,,,,,,,,,,,,,,,,,,,,,,,,,https://cdn.shopify.com/s/files/1/0912/9351/6071/files/img_aebee8f5_20240512_i1715524110_7404_7_jpg.jpg?v=1759119724,3,,,,,,,,,,,
small-wallet-11-in-light-pink-calfskin,,,,,,,,,,,,,,,,,,,,,,,,,https://cdn.shopify.com/s/files/1/0912/9351/6071/files/img_aebee8f5_20240512_i1715524110_4637_2_jpg.jpg?v=1759119724,4,,,,,,,,,,,
small-wallet-11-in-light-pink-calfskin,,,,,,,,,,,,,,,,,,,,,,,,,https://cdn.shopify.com/s/files/1/0912/9351/6071/files/img_aebee8f5_20240512_i1715524110_7555_4_jpg.jpg?v=1759119724,5,,,,,,,,,,,
small-wallet-11-in-light-pink-calfskin,,,,,,,,,,,,,,,,,,,,,,,,,https://cdn.shopify.com/s/files/1/0912/9351/6071/files/img_aebee8f5_20240512_i1715524110_4219_3_jpg.jpg?v=1759119724,6,,,,,,,,,,,
small-wallet-11-in-light-pink-calfskin,,,,,,,,,,,,,,,,,,,,,,,,,https://cdn.shopify.com/s/files/1/0912/9351/6071/files/img_aebee8f5_20240512_i1715524110_2890_6_jpg.jpg?v=1759119724,7,,,,,,,,,,,
small-wallet-11-in-light-pink-calfskin,,,,,,,,,,,,,,,,,,,,,,,,,https://cdn.shopify.com/s/files/1/0912/9351/6071/files/img_aebee8f5_20240512_i1715524110_5590_8_jpg.jpg?v=1759119724,8,,,,,,,,,,,
small-wallet-11-in-light-pink-calfskin,,,,,,,,,,,,,,,,,,,,,,,,,https://cdn.shopify.com/s/files/1/0912/9351/6071/files/img_aebee8f5_20240512_i1715524110_7700_0_jpg.jpg?v=1759119724,9,,,,,,,,,,,
hobo-20-bag-in-cherry-red-calfskin,HOBO 20 BAG IN CHERRY RED CALFSKIN,"<ul>
<li><span data-mce-fragment=""1"">Color: Cherry Red<br><br></span></li>
<li><span data-mce-fragment=""1""><span>Size: 20 x 12 cm<br><br></span></span></li>
<li>
<span data-mce-fragment=""1""><span>Material : Calfskin<br></span></span><span data-mce-fragment=""1""><span><br></span></span><span data-mce-fragment=""1""><span></span></span>
</li>
<li> The products are 1:1 copies of the original version and they are the same from every detail.<br><br>
</li>
<li>Support return and exchange in 1 month if the product is defective or the customer is not satisfied with the product.
<div class=""chat-box-input-container"" id=""chat-box-input-container-id"">
<div class=""chat-box-input--audit-2023 chat-box-input--to-focus win32"" id=""chatInput"">
<div class=""chat-input-container--audit-2023"" id=""chat-input-container-id"">
<div class=""chat-input-container--audit-2023__left-layout"">
<div class=""chat-input-scrollable"" id=""chat-input-scroller-id"">
<div class=""chat-input-wrapper"">
<div class=""chat-input-content"" id=""chat-input-content-id""></div>
</div>
</div>
</div>
</div>
</div>
</div>
</li>
</ul>
<p> </p>
<ul></ul>",miumiu bag,,bag,"cross body bags, hobo bag, top handle",TRUE,Title,Default Title,,,,,,0,,0,deny,manual,273.00,,TRUE,FALSE,,https://cdn.shopify.com/s/files/1/0912/9351/6071/files/img_b2706193_20240512_i1715508009_8259_7_jpg.jpg?v=1759119701,1,,,,,,g,,,,,active
hobo-20-bag-in-cherry-red-calfskin,,,,,,,,,,,,,,,,,,,,,,,,,https://cdn.shopify.com/s/files/1/0912/9351/6071/files/img_b2706193_20240512_i1715508009_8720_6_jpg.jpg?v=1759119701,2,,,,,,,,,,,
hobo-20-bag-in-cherry-red-calfskin,,,,,,,,,,,,,,,,,,,,,,,,,https://cdn.shopify.com/s/files/1/0912/9351/6071/files/img_b2706193_20240512_i1715508009_9957_8_jpg.jpg?v=1759119701,3,,,,,,,,,,,
hobo-20-bag-in-cherry-red-calfskin,,,,,,,,,,,,,,,,,,,,,,,,,https://cdn.shopify.com/s/files/1/0912/9351/6071/files/img_b2706193_20240512_i1715508009_9039_2_jpg.jpg?v=1759119701,4,,,,,,,,,,,
hobo-20-bag-in-cherry-red-calfskin,,,,,,,,,,,,,,,,,,,,,,,,,https://cdn.shopify.com/s/files/1/0912/9351/6071/files/img_b2706193_20240512_i1715508009_9394_5_jpg.jpg?v=1759119701,5,,,,,,,,,,,
hobo-20-bag-in-cherry-red-calfskin,,,,,,,,,,,,,,,,,,,,,,,,,https://cdn.shopify.com/s/files/1/0912/9351/6071/files/img_b2706193_20240512_i1715508009_1320_4_jpg.jpg?v=1759119701,6,,,,,,,,,,,
hobo-20-bag-in-cherry-red-calfskin,,,,,,,,,,,,,,,,,,,,,,,,,https://cdn.shopify.com/s/files/1/0912/9351/6071/files/img_b2706193_20240512_i1715508009_2759_3_jpg.jpg?v=1759119701,7,,,,,,,,,,,
hobo-20-bag-in-cherry-red-calfskin,,,,,,,,,,,,,,,,,,,,,,,,,https://cdn.shopify.com/s/files/1/0912/9351/6071/files/img_b2706193_20240512_i1715508009_4360_1_jpg.jpg?v=1759119701,8,,,,,,,,,,,
hobo-20-bag-in-cherry-red-calfskin,,,,,,,,,,,,,,,,,,,,,,,,,https://cdn.shopify.com/s/files/1/0912/9351/6071/files/img_b2706193_20240512_i1715508009_6646_0_jpg.jpg?v=1759119701,9,,,,,,,,,,,
tote-30-bag-in-black-calfskin,TOTE 30 BAG IN BLACK CALFSKIN,"<ul>
<li><span data-mce-fragment=""1"">Color: Black<br><br></span></li>
<li><span data-mce-fragment=""1""><span>Size: 30 X 24 cm<br><br></span></span></li>
<li>
<span data-mce-fragment=""1""><span>Material : Calfskin<br></span></span><span data-mce-fragment=""1""><span><br></span></span><span data-mce-fragment=""1""><span></span></span>
</li>
<li> The products are 1:1 copies of the original version and they are the same from every detail.<br><br>
</li>
<li>Support return and exchange in 1 month if the product is defective or the customer is not satisfied with the product.
<div class=""chat-box-input-container"" id=""chat-box-input-container-id"">
<div class=""chat-box-input--audit-2023 chat-box-input--to-focus win32"" id=""chatInput"">
<div class=""chat-input-container--audit-2023"" id=""chat-input-container-id"">
<div class=""chat-input-container--audit-2023__left-layout"">
<div class=""chat-input-scrollable"" id=""chat-input-scroller-id"">
<div class=""chat-input-wrapper"">
<div class=""chat-input-content"" id=""chat-input-content-id""></div>
</div>
</div>
</div>
</div>
</div>
</div>
</li>
</ul>
<p> </p>
<ul></ul>",miumiu bag,,bag,"top handle, tote bag",TRUE,Title,Default Title,,,,,,0,,0,deny,manual,315.00,,TRUE,FALSE,,https://cdn.shopify.com/s/files/1/0912/9351/6071/files/img_9af7c1b1_20240505_i1714907840_500_0_jpg.jpg?v=1759119668,1,,,,,,g,,,,,active
tote-30-bag-in-black-calfskin,,,,,,,,,,,,,,,,,,,,,,,,,https://cdn.shopify.com/s/files/1/0912/9351/6071/files/img_9af7c1b1_20240505_i1714907840_6909_6_jpg.jpg?v=1759119668,2,,,,,,,,,,,
tote-30-bag-in-black-calfskin,,,,,,,,,,,,,,,,,,,,,,,,,https://cdn.shopify.com/s/files/1/0912/9351/6071/files/img_9af7c1b1_20240505_i1714907840_9261_2_jpg.jpg?v=1759119668,3,,,,,,,,,,,
tote-30-bag-in-black-calfskin,,,,,,,,,,,,,,,,,,,,,,,,,https://cdn.shopify.com/s/files/1/0912/9351/6071/files/img_9af7c1b1_20240505_i1714907840_4504_7_jpg.jpg?v=1759119668,4,,,,,,,,,,,
tote-30-bag-in-black-calfskin,,,,,,,,,,,,,,,,,,,,,,,,,https://cdn.shopify.com/s/files/1/0912/9351/6071/files/img_9af7c1b1_20240505_i1714907840_5004_5_jpg.jpg?v=1759119668,5,,,,,,,,,,,
tote-30-bag-in-black-calfskin,,,,,,,,,,,,,,,,,,,,,,,,,https://cdn.shopify.com/s/files/1/0912/9351/6071/files/img_9af7c1b1_20240505_i1714907840_981_1_jpg.jpg?v=1759119668,6,,,,,,,,,,,
tote-30-bag-in-black-calfskin,,,,,,,,,,,,,,,,,,,,,,,,,https://cdn.shopify.com/s/files/1/0912/9351/6071/files/img_9af7c1b1_20240505_i1714907840_9109_8_jpg.jpg?v=1759119668,7,,,,,,,,,,,
tote-30-bag-in-black-calfskin,,,,,,,,,,,,,,,,,,,,,,,,,https://cdn.shopify.com/s/files/1/0912/9351/6071/files/img_9af7c1b1_20240505_i1714907840_1490_3_jpg.jpg?v=1759119669,8,,,,,,,,,,,
tote-30-bag-in-black-calfskin,,,,,,,,,,,,,,,,,,,,,,,,,https://cdn.shopify.com/s/files/1/0912/9351/6071/files/img_9af7c1b1_20240505_i1714907840_3479_4_jpg.jpg?v=1759119669,9,,,,,,,,,,,
handbag-20-in-white-calfskin,HANDBAG 20 IN WHITE CALFSKIN,"<ul>
<li><span data-mce-fragment=""1"">Color: White<br><br></span></li>
<li><span data-mce-fragment=""1""><span>Size: 20 x 15 cm<br><br></span></span></li>
<li>
<span data-mce-fragment=""1""><span>Material : Calfskin<br></span></span><span data-mce-fragment=""1""><span><br></span></span><span data-mce-fragment=""1""><span></span></span>
</li>
<li> The products are 1:1 copies of the original version and they are the same from every detail.<br><br>
</li>
<li>Support return and exchange in 1 month if the product is defective or the customer is not satisfied with the product.
<div id=""chat-box-input-container-id"" class=""chat-box-input-container"">
<div id=""chatInput"" class=""chat-box-input--audit-2023 chat-box-input--to-focus win32"">
<div id=""chat-input-container-id"" class=""chat-input-container--audit-2023"">
<div class=""chat-input-container--audit-2023__left-layout"">
<div id=""chat-input-scroller-id"" class=""chat-input-scrollable"">
<div class=""chat-input-wrapper"">
<div id=""chat-input-content-id"" class=""chat-input-content""></div>
</div>
</div>
</div>
</div>
</div>
</div>
</li>
</ul>
<p> </p>
<ul></ul>",miumiu bag,,bag,"cross body bags, top handle",TRUE,Title,Default Title,,,,,,0,,0,deny,manual,283.50,,TRUE,FALSE,,https://cdn.shopify.com/s/files/1/0912/9351/6071/files/img_9af7c1b1_20240505_i1714908294_1140_3_jpg.jpg?v=1759119658,1,,,,,,g,,,,,active
handbag-20-in-white-calfskin,,,,,,,,,,,,,,,,,,,,,,,,,https://cdn.shopify.com/s/files/1/0912/9351/6071/files/img_9af7c1b1_20240505_i1714908294_6194_5_jpg.jpg?v=1759119658,2,,,,,,,,,,,
handbag-20-in-white-calfskin,,,,,,,,,,,,,,,,,,,,,,,,,https://cdn.shopify.com/s/files/1/0912/9351/6071/files/img_9af7c1b1_20240505_i1714908294_7349_6_jpg.jpg?v=1759119658,3,,,,,,,,,,,
handbag-20-in-white-calfskin,,,,,,,,,,,,,,,,,,,,,,,,,https://cdn.shopify.com/s/files/1/0912/9351/6071/files/img_9af7c1b1_20240505_i1714908294_4029_0_jpg.jpg?v=1759119658,4,,,,,,,,,,,
handbag-20-in-white-calfskin,,,,,,,,,,,,,,,,,,,,,,,,,https://cdn.shopify.com/s/files/1/0912/9351/6071/files/img_9af7c1b1_20240505_i1714908294_2551_8_jpg.jpg?v=1759119658,5,,,,,,,,,,,
handbag-20-in-white-calfskin,,,,,,,,,,,,,,,,,,,,,,,,,https://cdn.shopify.com/s/files/1/0912/9351/6071/files/img_9af7c1b1_20240505_i1714908294_4890_7_jpg.jpg?v=1759119658,6,,,,,,,,,,,
handbag-20-in-white-calfskin,,,,,,,,,,,,,,,,,,,,,,,,,https://cdn.shopify.com/s/files/1/0912/9351/6071/files/img_9af7c1b1_20240505_i1714908294_829_1_jpg.jpg?v=1759119658,7,,,,,,,,,,,
handbag-20-in-white-calfskin,,,,,,,,,,,,,,,,,,,,,,,,,https://cdn.shopify.com/s/files/1/0912/9351/6071/files/img_9af7c1b1_20240505_i1714908294_6013_4_jpg.jpg?v=1759119658,8,,,,,,,,,,,
handbag-20-in-white-calfskin,,,,,,,,,,,,,,,,,,,,,,,,,https://cdn.shopify.com/s/files/1/0912/9351/6071/files/img_9af7c1b1_20240505_i1714908294_9105_2_jpg.jpg?v=1759119658,9,,,,,,,,,,,
hobo-22-bag-in-silver-calfskin,HOBO 22 BAG IN SILVER CALFSKIN,"<ul>
<li><span data-mce-fragment=""1"">Color: Silver <br><br></span></li>
<li><span data-mce-fragment=""1""><span>Size: 22 x 13 cm<br><br></span></span></li>
<li>
<span data-mce-fragment=""1""><span>Material : Calfskin<br></span></span><span data-mce-fragment=""1""><span><br></span></span><span data-mce-fragment=""1""><span></span></span>
</li>
<li> The products are 1:1 copies of the original version and they are the same from every detail.<br><br>
</li>
<li>Support return and exchange in 1 month if the product is defective or the customer is not satisfied with the product.
<div class=""chat-box-input-container"" id=""chat-box-input-container-id"">
<div class=""chat-box-input--audit-2023 chat-box-input--to-focus win32"" id=""chatInput"">
<div class=""chat-input-container--audit-2023"" id=""chat-input-container-id"">
<div class=""chat-input-container--audit-2023__left-layout"">
<div class=""chat-input-scrollable"" id=""chat-input-scroller-id"">
<div class=""chat-input-wrapper"">
<div class=""chat-input-content"" id=""chat-input-content-id""></div>
</div>
</div>
</div>
</div>
</div>
</div>
</li>
</ul>
<p> </p>
<ul></ul>",miumiu bag,,bag,"hobo bag, shoulder bags",TRUE,Title,Default Title,,,,,,0,,0,deny,manual,262.50,,TRUE,FALSE,,https://cdn.shopify.com/s/files/1/0912/9351/6071/files/img_4e898954_20240516_i1715861672_918_6_jpg.jpg?v=1759119645,1,,,,,,g,,,,,active
hobo-22-bag-in-silver-calfskin,,,,,,,,,,,,,,,,,,,,,,,,,https://cdn.shopify.com/s/files/1/0912/9351/6071/files/img_4e898954_20240516_i1715861672_3282_3_jpg.jpg?v=1759119645,2,,,,,,,,,,,
hobo-22-bag-in-silver-calfskin,,,,,,,,,,,,,,,,,,,,,,,,,https://cdn.shopify.com/s/files/1/0912/9351/6071/files/img_4e898954_20240516_i1715861672_212_4_jpg.jpg?v=1759119645,3,,,,,,,,,,,
hobo-22-bag-in-silver-calfskin,,,,,,,,,,,,,,,,,,,,,,,,,https://cdn.shopify.com/s/files/1/0912/9351/6071/files/img_4e898954_20240516_i1715861672_9591_1_jpg.jpg?v=1759119645,4,,,,,,,,,,,
hobo-22-bag-in-silver-calfskin,,,,,,,,,,,,,,,,,,,,,,,,,https://cdn.shopify.com/s/files/1/0912/9351/6071/files/img_4e898954_20240516_i1715861672_9907_8_jpg.jpg?v=1759119645,5,,,,,,,,,,,
hobo-22-bag-in-silver-calfskin,,,,,,,,,,,,,,,,,,,,,,,,,https://cdn.shopify.com/s/files/1/0912/9351/6071/files/img_4e898954_20240516_i1715861672_1031_7_jpg.jpg?v=1759119645,6,,,,,,,,,,,
hobo-22-bag-in-silver-calfskin,,,,,,,,,,,,,,,,,,,,,,,,,https://cdn.shopify.com/s/files/1/0912/9351/6071/files/img_4e898954_20240516_i1715861672_7365_0_jpg.jpg?v=1759119645,7,,,,,,,,,,,
hobo-22-bag-in-silver-calfskin,,,,,,,,,,,,,,,,,,,,,,,,,https://cdn.shopify.com/s/files/1/0912/9351/6071/files/img_4e898954_20240516_i1715861672_8090_5_jpg.jpg?v=1759119645,8,,,,,,,,,,,
hobo-22-bag-in-silver-calfskin,,,,,,,,,,,,,,,,,,,,,,,,,https://cdn.shopify.com/s/files/1/0912/9351/6071/files/img_4e898954_20240516_i1715861672_4725_2_jpg.jpg?v=1759119645,9,,,,,,,,,,,
bowling-bag-21-in-silver-lambskin,BOWLING BAG 21 IN SILVER LAMBSKIN,"<ul>
<li><span data-mce-fragment=""1"">Color: Silver <br><br></span></li>
<li><span data-mce-fragment=""1""><span>Size: 21 X 15 cm<br><br></span></span></li>
<li>
<span data-mce-fragment=""1""><span>Material : Lambskin<br></span></span><span data-mce-fragment=""1""><span><br></span></span><span data-mce-fragment=""1""><span></span></span>
</li>
<li> The products are 1:1 copies of the original version and they are the same from every detail.<br><br>
</li>
<li>Support return and exchange in 1 month if the product is defective or the customer is not satisfied with the product.
<div id=""chat-box-input-container-id"" class=""chat-box-input-container"">
<div id=""chatInput"" class=""chat-box-input--audit-2023 chat-box-input--to-focus win32"">
<div id=""chat-input-container-id"" class=""chat-input-container--audit-2023"">
<div class=""chat-input-container--audit-2023__left-layout"">
<div id=""chat-input-scroller-id"" class=""chat-input-scrollable"">
<div class=""chat-input-wrapper"">
<div id=""chat-input-content-id"" class=""chat-input-content""></div>
</div>
</div>
</div>
</div>
</div>
</div>
</li>
</ul>
<p> </p>
<ul></ul>",miumiu bag,,bag,top handle,TRUE,Title,Default Title,,,,,,0,,0,deny,manual,304.50,,TRUE,FALSE,,https://cdn.shopify.com/s/files/1/0912/9351/6071/files/img_b2706193_20240422_i1713781270_8177_0_jpg.jpg?v=1759119632,1,,,,,,g,,,,,active
bowling-bag-21-in-silver-lambskin,,,,,,,,,,,,,,,,,,,,,,,,,https://cdn.shopify.com/s/files/1/0912/9351/6071/files/img_b2706193_20240422_i1713781270_4239_4_jpg.jpg?v=1759119632,2,,,,,,,,,,,
bowling-bag-21-in-silver-lambskin,,,,,,,,,,,,,,,,,,,,,,,,,https://cdn.shopify.com/s/files/1/0912/9351/6071/files/img_b2706193_20240422_i1713781270_1374_2_jpg.jpg?v=1759119632,3,,,,,,,,,,,
bowling-bag-21-in-silver-lambskin,,,,,,,,,,,,,,,,,,,,,,,,,https://cdn.shopify.com/s/files/1/0912/9351/6071/files/img_b2706193_20240422_i1713781270_8444_3_jpg.jpg?v=1759119632,4,,,,,,,,,,,
bowling-bag-21-in-silver-lambskin,,,,,,,,,,,,,,,,,,,,,,,,,https://cdn.shopify.com/s/files/1/0912/9351/6071/files/img_b2706193_20240422_i1713781270_2734_1_jpg.jpg?v=1759119632,5,,,,,,,,,,,
bowling-bag-21-in-silver-lambskin,,,,,,,,,,,,,,,,,,,,,,,,,https://cdn.shopify.com/s/files/1/0912/9351/6071/files/img_b2706193_20240422_i1713781270_699_6_jpg.jpg?v=1759119632,6,,,,,,,,,,,
bowling-bag-21-in-silver-lambskin,,,,,,,,,,,,,,,,,,,,,,,,,https://cdn.shopify.com/s/files/1/0912/9351/6071/files/img_b2706193_20240422_i1713781270_360_5_jpg.jpg?v=1759119632,7,,,,,,,,,,,
bowling-bag-21-in-silver-lambskin,,,,,,,,,,,,,,,,,,,,,,,,,https://cdn.shopify.com/s/files/1/0912/9351/6071/files/img_b2706193_20240422_i1713781270_6706_8_jpg.jpg?v=1759119632,8,,,,,,,,,,,
bowling-bag-21-in-silver-lambskin,,,,,,,,,,,,,,,,,,,,,,,,,https://cdn.shopify.com/s/files/1/0912/9351/6071/files/img_b2706193_20240422_i1713781270_6721_7_jpg.jpg?v=1759119632,9,,,,,,,,,,,
bowling-bag-21-in-gold-lambskin,BOWLING BAG 21 IN GOLD LAMBSKIN,"<ul>
<li><span data-mce-fragment=""1"">Color: Gold<br><br></span></li>
<li><span data-mce-fragment=""1""><span>Size: 21 X 15 cm<br><br></span></span></li>
<li>
<span data-mce-fragment=""1""><span>Material : Lambskin<br></span></span><span data-mce-fragment=""1""><span><br></span></span><span data-mce-fragment=""1""><span></span></span>
</li>
<li> The products are 1:1 copies of the original version and they are the same from every detail.<br><br>
</li>
<li>Support return and exchange in 1 month if the product is defective or the customer is not satisfied with the product.
<div class=""chat-box-input-container"" id=""chat-box-input-container-id"">
<div class=""chat-box-input--audit-2023 chat-box-input--to-focus win32"" id=""chatInput"">
<div class=""chat-input-container--audit-2023"" id=""chat-input-container-id"">
<div class=""chat-input-container--audit-2023__left-layout"">
<div class=""chat-input-scrollable"" id=""chat-input-scroller-id"">
<div class=""chat-input-wrapper"">
<div class=""chat-input-content"" id=""chat-input-content-id""></div>
</div>
</div>
</div>
</div>
</div>
</div>
</li>
</ul>
<p> </p>
<ul></ul>",miumiu bag,,bag,top handle,TRUE,Title,Default Title,,,,,,0,,0,deny,manual,304.50,,TRUE,FALSE,,https://cdn.shopify.com/s/files/1/0912/9351/6071/files/img_b2706193_20240422_i1713781252_9060_7_jpg.jpg?v=1759119622,1,,,,,,g,,,,,active
bowling-bag-21-in-gold-lambskin,,,,,,,,,,,,,,,,,,,,,,,,,https://cdn.shopify.com/s/files/1/0912/9351/6071/files/img_b2706193_20240422_i1713781252_3095_6_jpg.jpg?v=1759119622,2,,,,,,,,,,,
bowling-bag-21-in-gold-lambskin,,,,,,,,,,,,,,,,,,,,,,,,,https://cdn.shopify.com/s/files/1/0912/9351/6071/files/img_b2706193_20240422_i1713781252_4604_1_jpg.jpg?v=1759119622,3,,,,,,,,,,,
bowling-bag-21-in-gold-lambskin,,,,,,,,,,,,,,,,,,,,,,,,,https://cdn.shopify.com/s/files/1/0912/9351/6071/files/img_b2706193_20240422_i1713781252_5639_2_jpg.jpg?v=1759119622,4,,,,,,,,,,,
bowling-bag-21-in-gold-lambskin,,,,,,,,,,,,,,,,,,,,,,,,,https://cdn.shopify.com/s/files/1/0912/9351/6071/files/img_b2706193_20240422_i1713781252_9794_5_jpg.jpg?v=1759119622,5,,,,,,,,,,,
bowling-bag-21-in-gold-lambskin,,,,,,,,,,,,,,,,,,,,,,,,,https://cdn.shopify.com/s/files/1/0912/9351/6071/files/img_b2706193_20240422_i1713781252_453_8_jpg.jpg?v=1759119622,6,,,,,,,,,,,
bowling-bag-21-in-gold-lambskin,,,,,,,,,,,,,,,,,,,,,,,,,https://cdn.shopify.com/s/files/1/0912/9351/6071/files/img_b2706193_20240422_i1713781252_5608_4_jpg.jpg?v=1759119622,7,,,,,,,,,,,
bowling-bag-21-in-gold-lambskin,,,,,,,,,,,,,,,,,,,,,,,,,https://cdn.shopify.com/s/files/1/0912/9351/6071/files/img_b2706193_20240422_i1713781252_6734_3_jpg.jpg?v=1759119622,8,,,,,,,,,,,
bowling-bag-21-in-gold-lambskin,,,,,,,,,,,,,,,,,,,,,,,,,https://cdn.shopify.com/s/files/1/0912/9351/6071/files/img_b2706193_20240422_i1713781252_9800_0_jpg.jpg?v=1759119622,9,,,,,,,,,,,
tote-30-handbag-in-black-calfskin,TOTE 30 HANDBAG IN BLACK CALFSKIN,"<ul>
<li><span data-mce-fragment=""1"">Color: Black<br><br></span></li>
<li><span data-mce-fragment=""1""><span>Size: 30 x 30 cm<br><br></span></span></li>
<li>
<span data-mce-fragment=""1""><span>Material : Calfskin<br></span></span><span data-mce-fragment=""1""><span><br></span></span><span data-mce-fragment=""1""><span></span></span>
</li>
<li> The products are 1:1 copies of the original version and they are the same from every detail.<br><br>
</li>
<li>Support return and exchange in 1 month if the product is defective or the customer is not satisfied with the product.
<div class=""chat-box-input-container"" id=""chat-box-input-container-id"">
<div class=""chat-box-input--audit-2023 chat-box-input--to-focus win32"" id=""chatInput"">
<div class=""chat-input-container--audit-2023"" id=""chat-input-container-id"">
<div class=""chat-input-container--audit-2023__left-layout"">
<div class=""chat-input-scrollable"" id=""chat-input-scroller-id"">
<div class=""chat-input-wrapper"">
<div class=""chat-input-content"" id=""chat-input-content-id""></div>
</div>
</div>
</div>
</div>
</div>
</div>
</li>
</ul>
<p> </p>
<ul></ul>",miumiu bag,,bag,"shoulder bags, tote bag",TRUE,Title,Default Title,,,,,,0,,0,deny,manual,273.00,,TRUE,FALSE,,https://cdn.shopify.com/s/files/1/0912/9351/6071/files/20240531_i1717168022_181_5_jpg.jpg?v=1759119598,1,,,,,,g,,,,,active
tote-30-handbag-in-black-calfskin,,,,,,,,,,,,,,,,,,,,,,,,,https://cdn.shopify.com/s/files/1/0912/9351/6071/files/20240531_i1717168022_4371_4_jpg.jpg?v=1759119598,2,,,,,,,,,,,
tote-30-handbag-in-black-calfskin,,,,,,,,,,,,,,,,,,,,,,,,,https://cdn.shopify.com/s/files/1/0912/9351/6071/files/20240531_i1717168022_3301_3_jpg.jpg?v=1759119598,3,,,,,,,,,,,
tote-30-handbag-in-black-calfskin,,,,,,,,,,,,,,,,,,,,,,,,,https://cdn.shopify.com/s/files/1/0912/9351/6071/files/20240531_i1717168022_3146_2_jpg.jpg?v=1759119598,4,,,,,,,,,,,
tote-30-handbag-in-black-calfskin,,,,,,,,,,,,,,,,,,,,,,,,,https://cdn.shopify.com/s/files/1/0912/9351/6071/files/20240531_i1717168022_3922_6_jpg.jpg?v=1759119598,5,,,,,,,,,,,
hobo-24-bag-in-black-lambskin,HOBO 24 BAG IN BLACK LAMBSKIN,"<ul>
<li><span data-mce-fragment=""1"">Color: Black<br><br></span></li>
<li><span data-mce-fragment=""1""><span>Size: 24 x 21 cm<br><br></span></span></li>
<li>
<span data-mce-fragment=""1""><span>Material : Lambskin<br></span></span><span data-mce-fragment=""1""><span><br></span></span><span data-mce-fragment=""1""><span></span></span>
</li>
<li> The products are 1:1 copies of the original version and they are the same from every detail.<br><br>
</li>
<li>Support return and exchange in 1 month if the product is defective or the customer is not satisfied with the product.
<div class=""chat-box-input-container"" id=""chat-box-input-container-id"">
<div class=""chat-box-input--audit-2023 chat-box-input--to-focus win32"" id=""chatInput"">
<div class=""chat-input-container--audit-2023"" id=""chat-input-container-id"">
<div class=""chat-input-container--audit-2023__left-layout"">
<div class=""chat-input-scrollable"" id=""chat-input-scroller-id"">
<div class=""chat-input-wrapper"">
<div class=""chat-input-content"" id=""chat-input-content-id""></div>
</div>
</div>
</div>
</div>
</div>
</div>
</li>
</ul>
<p> </p>
<ul></ul>",miumiu bag,,bag,"hobo bag, shoulder bags, top handle",TRUE,Title,Default Title,,,,,,0,,0,deny,manual,315.00,,TRUE,FALSE,,https://cdn.shopify.com/s/files/1/0912/9351/6071/files/img_454a87ad_20240515_i1715779350_4327_0_jpg.jpg?v=1759119569,1,,,,,,g,,,,,active
hobo-24-bag-in-black-lambskin,,,,,,,,,,,,,,,,,,,,,,,,,https://cdn.shopify.com/s/files/1/0912/9351/6071/files/img_454a87ad_20240515_i1715779350_474_0_jpg.jpg?v=1759119570,2,,,,,,,,,,,
hobo-24-bag-in-black-lambskin,,,,,,,,,,,,,,,,,,,,,,,,,https://cdn.shopify.com/s/files/1/0912/9351/6071/files/img_454a87ad_20240515_i1715779350_4390_0_jpg.jpg?v=1759119570,3,,,,,,,,,,,
hobo-24-bag-in-black-lambskin,,,,,,,,,,,,,,,,,,,,,,,,,https://cdn.shopify.com/s/files/1/0912/9351/6071/files/img_454a87ad_20240515_i1715779350_5738_0_jpg.jpg?v=1759119570,4,,,,,,,,,,,
hobo-24-bag-in-black-lambskin,,,,,,,,,,,,,,,,,,,,,,,,,https://cdn.shopify.com/s/files/1/0912/9351/6071/files/img_454a87ad_20240515_i1715779350_1391_0_jpg.jpg?v=1759119570,5,,,,,,,,,,,
hobo-24-bag-in-black-lambskin,,,,,,,,,,,,,,,,,,,,,,,,,https://cdn.shopify.com/s/files/1/0912/9351/6071/files/img_454a87ad_20240515_i1715779350_3137_0_jpg.jpg?v=1759119570,6,,,,,,,,,,,
hobo-24-bag-in-black-lambskin,,,,,,,,,,,,,,,,,,,,,,,,,https://cdn.shopify.com/s/files/1/0912/9351/6071/files/img_454a87ad_20240515_i1715779350_2981_0_jpg.jpg?v=1759119570,7,,,,,,,,,,,
hobo-24-bag-in-black-lambskin,,,,,,,,,,,,,,,,,,,,,,,,,https://cdn.shopify.com/s/files/1/0912/9351/6071/files/img_454a87ad_20240515_i1715779350_9882_0_jpg.jpg?v=1759119570,8,,,,,,,,,,,
hobo-24-bag-in-black-lambskin,,,,,,,,,,,,,,,,,,,,,,,,,https://cdn.shopify.com/s/files/1/0912/9351/6071/files/img_454a87ad_20240515_i1715779350_5041_0_jpg.jpg?v=1759119570,9,,,,,,,,,,,
tote-38-bag-in-beige-brown-straw-woven,TOTE 38 BAG IN BEIGE BROWN STRAW WOVEN,"<ul>
<li><span data-mce-fragment=""1"">Color: Beige Brown<br><br></span></li>
<li><span data-mce-fragment=""1""><span>Size: 38 x 36 cm<br><br></span></span></li>
<li>
<span data-mce-fragment=""1""><span>Material : Straw Woven<br></span></span><span data-mce-fragment=""1""><span><br></span></span><span data-mce-fragment=""1""><span></span></span>
</li>
<li> The products are 1:1 copies of the original version and they are the same from every detail.<br><br>
</li>
<li>Support return and exchange in 1 month if the product is defective or the customer is not satisfied with the product.
<div id=""chat-box-input-container-id"" class=""chat-box-input-container"">
<div id=""chatInput"" class=""chat-box-input--audit-2023 chat-box-input--to-focus win32"">
<div id=""chat-input-container-id"" class=""chat-input-container--audit-2023"">
<div class=""chat-input-container--audit-2023__left-layout"">
<div id=""chat-input-scroller-id"" class=""chat-input-scrollable"">
<div class=""chat-input-wrapper"">
<div id=""chat-input-content-id"" class=""chat-input-content""></div>
</div>
</div>
</div>
</div>
</div>
</div>
</li>
</ul>
<p> </p>
<ul></ul>",miumiu bag,,bag,"top handle, tote bag",TRUE,Title,Default Title,,,,,,0,,0,deny,manual,283.50,,TRUE,FALSE,,https://cdn.shopify.com/s/files/1/0912/9351/6071/files/img_d1f4d0ab_20240523_i1716471352_1225_2_jpg.jpg?v=1759119581,1,,,,,,g,,,,,active
tote-38-bag-in-beige-brown-straw-woven,,,,,,,,,,,,,,,,,,,,,,,,,https://cdn.shopify.com/s/files/1/0912/9351/6071/files/img_d1f4d0ab_20240523_i1716471352_1837_1_jpg.jpg?v=1759119581,2,,,,,,,,,,,
tote-38-bag-in-beige-brown-straw-woven,,,,,,,,,,,,,,,,,,,,,,,,,https://cdn.shopify.com/s/files/1/0912/9351/6071/files/img_d1f4d0ab_20240523_i1716471352_2197_4_jpg.jpg?v=1759119581,3,,,,,,,,,,,
tote-38-bag-in-beige-brown-straw-woven,,,,,,,,,,,,,,,,,,,,,,,,,https://cdn.shopify.com/s/files/1/0912/9351/6071/files/img_d1f4d0ab_20240523_i1716471352_6452_7_jpg.jpg?v=1759119581,4,,,,,,,,,,,
tote-38-bag-in-beige-brown-straw-woven,,,,,,,,,,,,,,,,,,,,,,,,,https://cdn.shopify.com/s/files/1/0912/9351/6071/files/img_d1f4d0ab_20240523_i1716471352_3454_3_jpg.jpg?v=1759119581,5,,,,,,,,,,,
tote-38-bag-in-beige-brown-straw-woven,,,,,,,,,,,,,,,,,,,,,,,,,https://cdn.shopify.com/s/files/1/0912/9351/6071/files/img_d1f4d0ab_20240523_i1716471357_9844_0_jpg.jpg?v=1759119581,6,,,,,,,,,,,
tote-38-bag-in-beige-brown-straw-woven,,,,,,,,,,,,,,,,,,,,,,,,,https://cdn.shopify.com/s/files/1/0912/9351/6071/files/img_d1f4d0ab_20240523_i1716471352_7402_5_jpg.jpg?v=1759119581,7,,,,,,,,,,,
tote-38-bag-in-beige-brown-straw-woven,,,,,,,,,,,,,,,,,,,,,,,,,https://cdn.shopify.com/s/files/1/0912/9351/6071/files/img_d1f4d0ab_20240523_i1716471352_385_6_jpg.jpg?v=1759119581,8,,,,,,,,,,,
tote-38-bag-in-beige-brown-straw-woven,,,,,,,,,,,,,,,,,,,,,,,,,https://cdn.shopify.com/s/files/1/0912/9351/6071/files/img_d1f4d0ab_20240523_i1716471352_3502_0_jpg.jpg?v=1759119581,9,,,,,,,,,,,
hobo-24-bag-in-beige-cream-lambskin,HOBO 24 BAG IN BEIGE CREAM LAMBSKIN,"<ul>
<li><span data-mce-fragment=""1"">Color: Beige Cream<br><br></span></li>
<li><span data-mce-fragment=""1""><span>Size: 24 x 21 cm<br><br></span></span></li>
<li>
<span data-mce-fragment=""1""><span>Material : Lambskin<br></span></span><span data-mce-fragment=""1""><span><br></span></span><span data-mce-fragment=""1""><span></span></span>
</li>
<li> The products are 1:1 copies of the original version and they are the same from every detail.<br><br>
</li>
<li>Support return and exchange in 1 month if the product is defective or the customer is not satisfied with the product.
<div id=""chat-box-input-container-id"" class=""chat-box-input-container"">
<div id=""chatInput"" class=""chat-box-input--audit-2023 chat-box-input--to-focus win32"">
<div id=""chat-input-container-id"" class=""chat-input-container--audit-2023"">
<div class=""chat-input-container--audit-2023__left-layout"">
<div id=""chat-input-scroller-id"" class=""chat-input-scrollable"">
<div class=""chat-input-wrapper"">
<div id=""chat-input-content-id"" class=""chat-input-content""></div>
</div>
</div>
</div>
</div>
</div>
</div>
</li>
</ul>
<p> </p>
<ul></ul>",miumiu bag,,bag,"hobo bag, shoulder bags, top handle",TRUE,Title,Default Title,,,,,,0,,0,deny,manual,315.00,,TRUE,FALSE,,https://cdn.shopify.com/s/files/1/0912/9351/6071/files/img_9af7c1b1_20240515_i1715780331_564_4_jpg.jpg?v=1759119559,1,,,,,,g,,,,,active
hobo-24-bag-in-beige-cream-lambskin,,,,,,,,,,,,,,,,,,,,,,,,,https://cdn.shopify.com/s/files/1/0912/9351/6071/files/img_9af7c1b1_20240515_i1715780331_1281_3_jpg.jpg?v=1759119559,2,,,,,,,,,,,
hobo-24-bag-in-beige-cream-lambskin,,,,,,,,,,,,,,,,,,,,,,,,,https://cdn.shopify.com/s/files/1/0912/9351/6071/files/img_9af7c1b1_20240515_i1715780331_3926_8_jpg.jpg?v=1759119559,3,,,,,,,,,,,
hobo-24-bag-in-beige-cream-lambskin,,,,,,,,,,,,,,,,,,,,,,,,,https://cdn.shopify.com/s/files/1/0912/9351/6071/files/img_9af7c1b1_20240515_i1715780331_8243_1_jpg.jpg?v=1759119559,4,,,,,,,,,,,
hobo-24-bag-in-beige-cream-lambskin,,,,,,,,,,,,,,,,,,,,,,,,,https://cdn.shopify.com/s/files/1/0912/9351/6071/files/img_9af7c1b1_20240515_i1715780331_3092_2_jpg.jpg?v=1759119559,5,,,,,,,,,,,
hobo-24-bag-in-beige-cream-lambskin,,,,,,,,,,,,,,,,,,,,,,,,,https://cdn.shopify.com/s/files/1/0912/9351/6071/files/img_9af7c1b1_20240515_i1715780331_3326_0_jpg.jpg?v=1759119559,6,,,,,,,,,,,
hobo-24-bag-in-beige-cream-lambskin,,,,,,,,,,,,,,,,,,,,,,,,,https://cdn.shopify.com/s/files/1/0912/9351/6071/files/img_9af7c1b1_20240515_i1715780331_4227_7_jpg.jpg?v=1759119559,7,,,,,,,,,,,
hobo-24-bag-in-beige-cream-lambskin,,,,,,,,,,,,,,,,,,,,,,,,,https://cdn.shopify.com/s/files/1/0912/9351/6071/files/img_9af7c1b1_20240515_i1715780331_4962_6_jpg.jpg?v=1759119559,8,,,,,,,,,,,
hobo-24-bag-in-beige-cream-lambskin,,,,,,,,,,,,,,,,,,,,,,,,,https://cdn.shopify.com/s/files/1/0912/9351/6071/files/img_9af7c1b1_20240515_i1715780331_734_5_jpg.jpg?v=1759119559,9,,,,,,,,,,,
small-cardholder-10-in-blue-pastel-lambskin,SMALL CARDHOLDER 10 IN BLUE PASTEL LAMBSKIN,"<ul>
<li><span data-mce-fragment=""1"">Color: Blue Pastel<br><br></span></li>
<li><span data-mce-fragment=""1""><span>Size: 8 x 10.5 cm<br><br></span></span></li>
<li>
<span data-mce-fragment=""1""><span>Material : Lambskin<br></span></span><span data-mce-fragment=""1""><span><br></span></span><span data-mce-fragment=""1""><span></span></span>
</li>
<li> The products are 1:1 copies of the original version and they are the same from every detail.<br><br>
</li>
<li>Support return and exchange in 1 month if the product is defective or the customer is not satisfied with the product.
<div id=""chat-box-input-container-id"" class=""chat-box-input-container"">
<div id=""chatInput"" class=""chat-box-input--audit-2023 chat-box-input--to-focus win32"">
<div id=""chat-input-container-id"" class=""chat-input-container--audit-2023"">
<div class=""chat-input-container--audit-2023__left-layout"">
<div id=""chat-input-scroller-id"" class=""chat-input-scrollable"">
<div class=""chat-input-wrapper"">
<div id=""chat-input-content-id"" class=""chat-input-content""></div>
</div>
</div>
</div>
</div>
</div>
</div>
</li>
</ul>
<p> </p>
<ul></ul>",miumiu bag,,bag,wallet,TRUE,Title,Default Title,,,,,,0,,0,deny,manual,110.25,,TRUE,FALSE,,https://cdn.shopify.com/s/files/1/0912/9351/6071/files/img_aebee8f5_20240512_i1715524471_7712_7_jpg.jpg?v=1759119526,1,,,,,,g,,,,,active
small-cardholder-10-in-blue-pastel-lambskin,,,,,,,,,,,,,,,,,,,,,,,,,https://cdn.shopify.com/s/files/1/0912/9351/6071/files/img_aebee8f5_20240512_i1715524471_7298_8_jpg.jpg?v=1759119526,2,,,,,,,,,,,
small-cardholder-10-in-blue-pastel-lambskin,,,,,,,,,,,,,,,,,,,,,,,,,https://cdn.shopify.com/s/files/1/0912/9351/6071/files/img_aebee8f5_20240512_i1715524471_5921_1_jpg.jpg?v=1759119526,3,,,,,,,,,,,
small-cardholder-10-in-blue-pastel-lambskin,,,,,,,,,,,,,,,,,,,,,,,,,https://cdn.shopify.com/s/files/1/0912/9351/6071/files/img_aebee8f5_20240512_i1715524471_2931_4_jpg.jpg?v=1759119526,4,,,,,,,,,,,
small-cardholder-10-in-blue-pastel-lambskin,,,,,,,,,,,,,,,,,,,,,,,,,https://cdn.shopify.com/s/files/1/0912/9351/6071/files/img_aebee8f5_20240512_i1715524471_8950_3_jpg.jpg?v=1759119526,5,,,,,,,,,,,
small-cardholder-10-in-blue-pastel-lambskin,,,,,,,,,,,,,,,,,,,,,,,,,https://cdn.shopify.com/s/files/1/0912/9351/6071/files/img_aebee8f5_20240512_i1715524471_1046_5_jpg.jpg?v=1759119526,6,,,,,,,,,,,
small-cardholder-10-in-blue-pastel-lambskin,,,,,,,,,,,,,,,,,,,,,,,,,https://cdn.shopify.com/s/files/1/0912/9351/6071/files/img_aebee8f5_20240512_i1715524471_2808_6_jpg.jpg?v=1759119526,7,,,,,,,,,,,
small-cardholder-10-in-blue-pastel-lambskin,,,,,,,,,,,,,,,,,,,,,,,,,https://cdn.shopify.com/s/files/1/0912/9351/6071/files/img_aebee8f5_20240512_i1715524471_3705_0_jpg.jpg?v=1759119526,8,,,,,,,,,,,
small-cardholder-10-in-blue-pastel-lambskin,,,,,,,,,,,,,,,,,,,,,,,,,https://cdn.shopify.com/s/files/1/0912/9351/6071/files/img_aebee8f5_20240512_i1715524471_8482_2_jpg.jpg?v=1759119526,9,,,,,,,,,,,
small-cardholder-10-in-black-lambskin,SMALL CARDHOLDER 10 IN BLACK LAMBSKIN,"<ul>
<li><span data-mce-fragment=""1"">Color: Black<br><br></span></li>
<li><span data-mce-fragment=""1""><span>Size: 8 x 10.5 cm<br><br></span></span></li>
<li>
<span data-mce-fragment=""1""><span>Material : Lambskin<br></span></span><span data-mce-fragment=""1""><span><br></span></span><span data-mce-fragment=""1""><span></span></span>
</li>
<li> The products are 1:1 copies of the original version and they are the same from every detail.<br><br>
</li>
<li>Support return and exchange in 1 month if the product is defective or the customer is not satisfied with the product.
<div class=""chat-box-input-container"" id=""chat-box-input-container-id"">
<div class=""chat-box-input--audit-2023 chat-box-input--to-focus win32"" id=""chatInput"">
<div class=""chat-input-container--audit-2023"" id=""chat-input-container-id"">
<div class=""chat-input-container--audit-2023__left-layout"">
<div class=""chat-input-scrollable"" id=""chat-input-scroller-id"">
<div class=""chat-input-wrapper"">
<div class=""chat-input-content"" id=""chat-input-content-id""></div>
</div>
</div>
</div>
</div>
</div>
</div>
</li>
</ul>
<p> </p>
<ul></ul>",miumiu bag,,bag,wallet,TRUE,Title,Default Title,,,,,,0,,0,deny,manual,110.25,,TRUE,FALSE,,https://cdn.shopify.com/s/files/1/0912/9351/6071/files/img_aebee8f5_20240512_i1715524486_12_8_jpg.jpg?v=1759119537,1,,,,,,g,,,,,active
small-cardholder-10-in-black-lambskin,,,,,,,,,,,,,,,,,,,,,,,,,https://cdn.shopify.com/s/files/1/0912/9351/6071/files/img_aebee8f5_20240512_i1715524486_1452_5_jpg.jpg?v=1759119537,2,,,,,,,,,,,
small-cardholder-10-in-black-lambskin,,,,,,,,,,,,,,,,,,,,,,,,,https://cdn.shopify.com/s/files/1/0912/9351/6071/files/img_aebee8f5_20240512_i1715524486_3839_4_jpg.jpg?v=1759119537,3,,,,,,,,,,,
small-cardholder-10-in-black-lambskin,,,,,,,,,,,,,,,,,,,,,,,,,https://cdn.shopify.com/s/files/1/0912/9351/6071/files/img_aebee8f5_20240512_i1715524486_2472_0_jpg.jpg?v=1759119537,4,,,,,,,,,,,
small-cardholder-10-in-black-lambskin,,,,,,,,,,,,,,,,,,,,,,,,,https://cdn.shopify.com/s/files/1/0912/9351/6071/files/img_aebee8f5_20240512_i1715524486_7181_1_jpg.jpg?v=1759119537,5,,,,,,,,,,,
small-cardholder-10-in-black-lambskin,,,,,,,,,,,,,,,,,,,,,,,,,https://cdn.shopify.com/s/files/1/0912/9351/6071/files/img_aebee8f5_20240512_i1715524486_9544_6_jpg.jpg?v=1759119537,6,,,,,,,,,,,
small-cardholder-10-in-black-lambskin,,,,,,,,,,,,,,,,,,,,,,,,,https://cdn.shopify.com/s/files/1/0912/9351/6071/files/img_aebee8f5_20240512_i1715524486_2789_7_jpg.jpg?v=1759119537,7,,,,,,,,,,,
small-cardholder-10-in-black-lambskin,,,,,,,,,,,,,,,,,,,,,,,,,https://cdn.shopify.com/s/files/1/0912/9351/6071/files/img_aebee8f5_20240512_i1715524486_9158_2_jpg.jpg?v=1759119537,8,,,,,,,,,,,
small-cardholder-10-in-black-lambskin,,,,,,,,,,,,,,,,,,,,,,,,,https://cdn.shopify.com/s/files/1/0912/9351/6071/files/img_aebee8f5_20240512_i1715524486_887_3_jpg.jpg?v=1759119537,9,,,,,,,,,,,
beau-34-bag-in-sand-coffee-calfskin,BEAU 34 BAG IN SAND/COFFEE CALFSKIN,"<ul>
<li><span data-mce-fragment=""1"">Color: Sand/Coffee<br><br></span></li>
<li><span data-mce-fragment=""1""><span>Size: 34 x 23 cm<br><br></span></span></li>
<li>
<span data-mce-fragment=""1""><span>Material : Calfskin<br></span></span><span data-mce-fragment=""1""><span><br></span></span><span data-mce-fragment=""1""><span></span></span>
</li>
<li> The products are 1:1 copies of the original version and they are the same from every detail.<br><br>
</li>
<li>Support return and exchange in 1 month if the product is defective or the customer is not satisfied with the product.
<div class=""chat-box-input-container"" id=""chat-box-input-container-id"">
<div class=""chat-box-input--audit-2023 chat-box-input--to-focus win32"" id=""chatInput"">
<div class=""chat-input-container--audit-2023"" id=""chat-input-container-id"">
<div class=""chat-input-container--audit-2023__left-layout"">
<div class=""chat-input-scrollable"" id=""chat-input-scroller-id"">
<div class=""chat-input-wrapper"">
<div class=""chat-input-content"" id=""chat-input-content-id""></div>
</div>
</div>
</div>
</div>
</div>
</div>
</li>
</ul>
<p> </p>
<ul></ul>",miumiu bag,,bag,top handle,TRUE,Title,Default Title,,,,,,0,,0,deny,manual,378.00,,TRUE,FALSE,,https://cdn.shopify.com/s/files/1/0912/9351/6071/files/img_085a3710_20240424_i1713952742_4716_4_jpg.jpg?v=1759119504,1,,,,,,g,,,,,active
beau-34-bag-in-sand-coffee-calfskin,,,,,,,,,,,,,,,,,,,,,,,,,https://cdn.shopify.com/s/files/1/0912/9351/6071/files/img_085a3710_20240424_i1713952742_5745_8_jpg.jpg?v=1759119504,2,,,,,,,,,,,
beau-34-bag-in-sand-coffee-calfskin,,,,,,,,,,,,,,,,,,,,,,,,,https://cdn.shopify.com/s/files/1/0912/9351/6071/files/img_085a3710_20240424_i1713952742_8678_5_jpg.jpg?v=1759119504,3,,,,,,,,,,,
beau-34-bag-in-sand-coffee-calfskin,,,,,,,,,,,,,,,,,,,,,,,,,https://cdn.shopify.com/s/files/1/0912/9351/6071/files/img_085a3710_20240424_i1713952742_9329_3_jpg.jpg?v=1759119504,4,,,,,,,,,,,
beau-34-bag-in-sand-coffee-calfskin,,,,,,,,,,,,,,,,,,,,,,,,,https://cdn.shopify.com/s/files/1/0912/9351/6071/files/img_085a3710_20240424_i1713952742_5312_1_jpg.jpg?v=1759119504,5,,,,,,,,,,,
beau-34-bag-in-sand-coffee-calfskin,,,,,,,,,,,,,,,,,,,,,,,,,https://cdn.shopify.com/s/files/1/0912/9351/6071/files/img_085a3710_20240424_i1713952742_8216_6_jpg.jpg?v=1759119504,6,,,,,,,,,,,
beau-34-bag-in-sand-coffee-calfskin,,,,,,,,,,,,,,,,,,,,,,,,,https://cdn.shopify.com/s/files/1/0912/9351/6071/files/img_085a3710_20240424_i1713952742_9329_7_jpg.jpg?v=1759119504,7,,,,,,,,,,,
beau-34-bag-in-sand-coffee-calfskin,,,,,,,,,,,,,,,,,,,,,,,,,https://cdn.shopify.com/s/files/1/0912/9351/6071/files/img_085a3710_20240424_i1713952742_6363_2_jpg.jpg?v=1759119504,8,,,,,,,,,,,
beau-34-bag-in-sand-coffee-calfskin,,,,,,,,,,,,,,,,,,,,,,,,,https://cdn.shopify.com/s/files/1/0912/9351/6071/files/img_085a3710_20240424_i1713952742_3167_0_jpg_285b1452-66a9-4efd-9bdd-3f7bbe4b45bc.jpg?v=1759119504,9,,,,,,,,,,,
beau-bag-34-in-black-calfskin,BEAU BAG 34 IN BLACK CALFSKIN,"<ul>
<li><span data-mce-fragment=""1"">Color: Black<br><br></span></li>
<li><span data-mce-fragment=""1""><span>Size: 34 x 27 cm<br><br></span></span></li>
<li>
<span data-mce-fragment=""1""><span>Material : Calfskin<br></span></span><span data-mce-fragment=""1""><span><br></span></span><span data-mce-fragment=""1""><span></span></span>
</li>
<li> The products are 1:1 copies of the original version and they are the same from every detail.<br><br>
</li>
<li>Support return and exchange in 1 month if the product is defective or the customer is not satisfied with the product.
<div id=""chat-box-input-container-id"" class=""chat-box-input-container"">
<div id=""chatInput"" class=""chat-box-input--audit-2023 chat-box-input--to-focus win32"">
<div id=""chat-input-container-id"" class=""chat-input-container--audit-2023"">
<div class=""chat-input-container--audit-2023__left-layout"">
<div id=""chat-input-scroller-id"" class=""chat-input-scrollable"">
<div class=""chat-input-wrapper"">
<div id=""chat-input-content-id"" class=""chat-input-content""></div>
</div>
</div>
</div>
</div>
</div>
</div>
</li>
</ul>
<p> </p>
<ul></ul>",miumiu bag,,bag,top handle,TRUE,Title,Default Title,,,,,,0,,0,deny,manual,367.50,,TRUE,FALSE,,https://cdn.shopify.com/s/files/1/0912/9351/6071/files/img_9af7c1b1_20240422_i1713756774_5018_5_jpg.jpg?v=1759119492,1,,,,,,g,,,,,active
beau-bag-34-in-black-calfskin,,,,,,,,,,,,,,,,,,,,,,,,,https://cdn.shopify.com/s/files/1/0912/9351/6071/files/img_9af7c1b1_20240422_i1713756774_4255_6_jpg.jpg?v=1759119492,2,,,,,,,,,,,
beau-bag-34-in-black-calfskin,,,,,,,,,,,,,,,,,,,,,,,,,https://cdn.shopify.com/s/files/1/0912/9351/6071/files/img_9af7c1b1_20240422_i1713756773_5601_0_jpg.jpg?v=1759119492,3,,,,,,,,,,,
beau-bag-34-in-black-calfskin,,,,,,,,,,,,,,,,,,,,,,,,,https://cdn.shopify.com/s/files/1/0912/9351/6071/files/img_9af7c1b1_20240422_i1713756774_9198_3_jpg.jpg?v=1759119492,4,,,,,,,,,,,
beau-bag-34-in-black-calfskin,,,,,,,,,,,,,,,,,,,,,,,,,https://cdn.shopify.com/s/files/1/0912/9351/6071/files/img_9af7c1b1_20240422_i1713756774_198_2_jpg.jpg?v=1759119492,5,,,,,,,,,,,
beau-bag-34-in-black-calfskin,,,,,,,,,,,,,,,,,,,,,,,,,https://cdn.shopify.com/s/files/1/0912/9351/6071/files/img_9af7c1b1_20240422_i1713756774_7480_4_jpg.jpg?v=1759119492,6,,,,,,,,,,,
beau-bag-34-in-black-calfskin,,,,,,,,,,,,,,,,,,,,,,,,,https://cdn.shopify.com/s/files/1/0912/9351/6071/files/img_9af7c1b1_20240422_i1713756773_744_1_jpg.jpg?v=1759119492,7,,,,,,,,,,,
beau-bag-34-in-black-calfskin,,,,,,,,,,,,,,,,,,,,,,,,,https://cdn.shopify.com/s/files/1/0912/9351/6071/files/img_9af7c1b1_20240422_i1713756774_2597_8_jpg.jpg?v=1759119492,8,,,,,,,,,,,
beau-bag-34-in-black-calfskin,,,,,,,,,,,,,,,,,,,,,,,,,https://cdn.shopify.com/s/files/1/0912/9351/6071/files/img_9af7c1b1_20240422_i1713756774_1888_7_jpg.jpg?v=1759119492,9,,,,,,,,,,,
hobo-20-bag-in-black-lambskin,HOBO 20 BAG IN BLACK LAMBSKIN,"<ul>
<li><span data-mce-fragment=""1"">Color: Black<br><br></span></li>
<li><span data-mce-fragment=""1""><span>Size: 20 X 16 cm<br><br></span></span></li>
<li>
<span data-mce-fragment=""1""><span>Material : Lambskin<br></span></span><span data-mce-fragment=""1""><span><br></span></span><span data-mce-fragment=""1""><span></span></span>
</li>
<li> The products are 1:1 copies of the original version and they are the same from every detail.<br><br>
</li>
<li>Support return and exchange in 1 month if the product is defective or the customer is not satisfied with the product.
<div class=""chat-box-input-container"" id=""chat-box-input-container-id"">
<div class=""chat-box-input--audit-2023 chat-box-input--to-focus win32"" id=""chatInput"">
<div class=""chat-input-container--audit-2023"" id=""chat-input-container-id"">
<div class=""chat-input-container--audit-2023__left-layout"">
<div class=""chat-input-scrollable"" id=""chat-input-scroller-id"">
<div class=""chat-input-wrapper"">
<div class=""chat-input-content"" id=""chat-input-content-id""></div>
</div>
</div>
</div>
</div>
</div>
</div>
</li>
</ul>
<p> </p>
<ul></ul>",miumiu bag,,bag,"hobo bag, top handle",TRUE,Title,Default Title,,,,,,0,,0,deny,manual,283.50,,TRUE,FALSE,,https://cdn.shopify.com/s/files/1/0912/9351/6071/files/img_789d3f88_20240414_i1713105449_2953_3_jpg.jpg?v=1759119482,1,,,,,,g,,,,,active
hobo-20-bag-in-black-lambskin,,,,,,,,,,,,,,,,,,,,,,,,,https://cdn.shopify.com/s/files/1/0912/9351/6071/files/img_789d3f88_20240414_i1713105449_31_6_jpg.jpg?v=1759119482,2,,,,,,,,,,,
hobo-20-bag-in-black-lambskin,,,,,,,,,,,,,,,,,,,,,,,,,https://cdn.shopify.com/s/files/1/0912/9351/6071/files/img_789d3f88_20240414_i1713105449_6523_0_jpg.jpg?v=1759119482,3,,,,,,,,,,,
hobo-20-bag-in-black-lambskin,,,,,,,,,,,,,,,,,,,,,,,,,https://cdn.shopify.com/s/files/1/0912/9351/6071/files/img_789d3f88_20240414_i1713105449_4128_7_jpg.jpg?v=1759119482,4,,,,,,,,,,,
hobo-20-bag-in-black-lambskin,,,,,,,,,,,,,,,,,,,,,,,,,https://cdn.shopify.com/s/files/1/0912/9351/6071/files/img_789d3f88_20240414_i1713105449_7991_2_jpg.jpg?v=1759119482,5,,,,,,,,,,,
hobo-20-bag-in-black-lambskin,,,,,,,,,,,,,,,,,,,,,,,,,https://cdn.shopify.com/s/files/1/0912/9351/6071/files/img_789d3f88_20240414_i1713105449_6617_5_jpg.jpg?v=1759119482,6,,,,,,,,,,,
hobo-20-bag-in-black-lambskin,,,,,,,,,,,,,,,,,,,,,,,,,https://cdn.shopify.com/s/files/1/0912/9351/6071/files/img_789d3f88_20240414_i1713105449_7473_1_jpg.jpg?v=1759119482,7,,,,,,,,,,,
hobo-20-bag-in-black-lambskin,,,,,,,,,,,,,,,,,,,,,,,,,https://cdn.shopify.com/s/files/1/0912/9351/6071/files/img_789d3f88_20240414_i1713105449_7076_8_jpg.jpg?v=1759119482,8,,,,,,,,,,,
hobo-20-bag-in-black-lambskin,,,,,,,,,,,,,,,,,,,,,,,,,https://cdn.shopify.com/s/files/1/0912/9351/6071/files/img_789d3f88_20240414_i1713105449_1354_4_jpg.jpg?v=1759119482,9,,,,,,,,,,,
arcadie-22-bag-in-silver-calfskin,ARCADIE 22 BAG IN SILVER CALFSKIN,"<ul>
<li><span data-mce-fragment=""1"">Color: Silver<br><br></span></li>
<li><span data-mce-fragment=""1""><span>Size: 22 x 12 cm<br><br></span></span></li>
<li>
<span data-mce-fragment=""1""><span>Material :Calfskin<br></span></span><span data-mce-fragment=""1""><span><br></span></span><span data-mce-fragment=""1""><span></span></span>
</li>
<li> The products are 1:1 copies of the original version and they are the same from every detail.<br><br>
</li>
<li>Support return and exchange in 1 month if the product is defective or the customer is not satisfied with the product.
<div class=""chat-box-input-container"" id=""chat-box-input-container-id"">
<div class=""chat-box-input--audit-2023 chat-box-input--to-focus win32"" id=""chatInput"">
<div class=""chat-input-container--audit-2023"" id=""chat-input-container-id"">
<div class=""chat-input-container--audit-2023__left-layout"">
<div class=""chat-input-scrollable"" id=""chat-input-scroller-id"">
<div class=""chat-input-wrapper"">
<div class=""chat-input-content"" id=""chat-input-content-id""></div>
</div>
</div>
</div>
</div>
</div>
</div>
</li>
</ul>
<p> </p>
<ul></ul>",miumiu bag,,bag,"cross body bags, top handle",TRUE,Title,Default Title,,,,,,0,,0,deny,manual,283.50,,TRUE,FALSE,,https://cdn.shopify.com/s/files/1/0912/9351/6071/files/img_bafc4fa4_20240520_i1716178200_4028_1_jpg.jpg?v=1759119459,1,,,,,,g,,,,,active
arcadie-22-bag-in-silver-calfskin,,,,,,,,,,,,,,,,,,,,,,,,,https://cdn.shopify.com/s/files/1/0912/9351/6071/files/img_bafc4fa4_20240520_i1716178200_9778_3_jpg.jpg?v=1759119459,2,,,,,,,,,,,
arcadie-22-bag-in-silver-calfskin,,,,,,,,,,,,,,,,,,,,,,,,,https://cdn.shopify.com/s/files/1/0912/9351/6071/files/img_bafc4fa4_20240520_i1716178200_7910_4_jpg.jpg?v=1759119459,3,,,,,,,,,,,
arcadie-22-bag-in-silver-calfskin,,,,,,,,,,,,,,,,,,,,,,,,,https://cdn.shopify.com/s/files/1/0912/9351/6071/files/img_bafc4fa4_20240520_i1716178200_1201_7_jpg.jpg?v=1759119459,4,,,,,,,,,,,
arcadie-22-bag-in-silver-calfskin,,,,,,,,,,,,,,,,,,,,,,,,,https://cdn.shopify.com/s/files/1/0912/9351/6071/files/img_bafc4fa4_20240520_i1716178200_2724_8_jpg.jpg?v=1759119460,5,,,,,,,,,,,
arcadie-22-bag-in-silver-calfskin,,,,,,,,,,,,,,,,,,,,,,,,,https://cdn.shopify.com/s/files/1/0912/9351/6071/files/img_bafc4fa4_20240520_i1716178200_9288_0_jpg.jpg?v=1759119460,6,,,,,,,,,,,
arcadie-22-bag-in-silver-calfskin,,,,,,,,,,,,,,,,,,,,,,,,,https://cdn.shopify.com/s/files/1/0912/9351/6071/files/img_bafc4fa4_20240520_i1716178200_170_2_jpg.jpg?v=1759119460,7,,,,,,,,,,,
arcadie-22-bag-in-silver-calfskin,,,,,,,,,,,,,,,,,,,,,,,,,https://cdn.shopify.com/s/files/1/0912/9351/6071/files/img_bafc4fa4_20240520_i1716178200_4159_5_jpg.jpg?v=1759119460,8,,,,,,,,,,,
arcadie-22-bag-in-silver-calfskin,,,,,,,,,,,,,,,,,,,,,,,,,https://cdn.shopify.com/s/files/1/0912/9351/6071/files/img_bafc4fa4_20240520_i1716178200_4511_6_jpg.jpg?v=1759119460,9,,,,,,,,,,,
arcadie-25-bag-in-golden-calfskin,ARCADIE 25 BAG IN GOLDEN CALFSKIN,"<ul>
<li><span data-mce-fragment=""1"">Color: Golden<br><br></span></li>
<li><span data-mce-fragment=""1""><span>Size: 25 x 14 cm<br><br></span></span></li>
<li>
<span data-mce-fragment=""1""><span>Material :Calfskin<br></span></span><span data-mce-fragment=""1""><span><br></span></span><span data-mce-fragment=""1""><span></span></span>
</li>
<li> The products are 1:1 copies of the original version and they are the same from every detail.<br><br>
</li>
<li>Support return and exchange in 1 month if the product is defective or the customer is not satisfied with the product.
<div id=""chat-box-input-container-id"" class=""chat-box-input-container"">
<div id=""chatInput"" class=""chat-box-input--audit-2023 chat-box-input--to-focus win32"">
<div id=""chat-input-container-id"" class=""chat-input-container--audit-2023"">
<div class=""chat-input-container--audit-2023__left-layout"">
<div id=""chat-input-scroller-id"" class=""chat-input-scrollable"">
<div class=""chat-input-wrapper"">
<div id=""chat-input-content-id"" class=""chat-input-content""></div>
</div>
</div>
</div>
</div>
</div>
</div>
</li>
</ul>
<p> </p>
<ul></ul>",miumiu bag,,bag,"cross body bags, top handle",TRUE,Title,Default Title,,,,,,0,,0,deny,manual,283.50,,TRUE,FALSE,,https://cdn.shopify.com/s/files/1/0912/9351/6071/files/img_3d0a2c68_20240522_i1716379378_5684_7_jpg.jpg?v=1759119472,1,,,,,,g,,,,,active
arcadie-25-bag-in-golden-calfskin,,,,,,,,,,,,,,,,,,,,,,,,,https://cdn.shopify.com/s/files/1/0912/9351/6071/files/img_3d0a2c68_20240522_i1716379580_1173_0_jpg.jpg?v=1759119472,2,,,,,,,,,,,
arcadie-25-bag-in-golden-calfskin,,,,,,,,,,,,,,,,,,,,,,,,,https://cdn.shopify.com/s/files/1/0912/9351/6071/files/img_3d0a2c68_20240522_i1716379378_4534_3_jpg.jpg?v=1759119472,3,,,,,,,,,,,
arcadie-25-bag-in-golden-calfskin,,,,,,,,,,,,,,,,,,,,,,,,,https://cdn.shopify.com/s/files/1/0912/9351/6071/files/img_3d0a2c68_20240522_i1716379378_401_1_jpg.jpg?v=1759119472,4,,,,,,,,,,,
arcadie-25-bag-in-golden-calfskin,,,,,,,,,,,,,,,,,,,,,,,,,https://cdn.shopify.com/s/files/1/0912/9351/6071/files/img_3d0a2c68_20240522_i1716379580_8478_0_jpg.jpg?v=1759119472,5,,,,,,,,,,,
arcadie-25-bag-in-golden-calfskin,,,,,,,,,,,,,,,,,,,,,,,,,https://cdn.shopify.com/s/files/1/0912/9351/6071/files/img_3d0a2c68_20240522_i1716379378_8673_0_jpg.jpg?v=1759119472,6,,,,,,,,,,,
arcadie-25-bag-in-golden-calfskin,,,,,,,,,,,,,,,,,,,,,,,,,https://cdn.shopify.com/s/files/1/0912/9351/6071/files/img_3d0a2c68_20240522_i1716379378_384_2_jpg.jpg?v=1759119472,7,,,,,,,,,,,
arcadie-25-bag-in-golden-calfskin,,,,,,,,,,,,,,,,,,,,,,,,,https://cdn.shopify.com/s/files/1/0912/9351/6071/files/img_3d0a2c68_20240522_i1716379378_4294_6_jpg.jpg?v=1759119472,8,,,,,,,,,,,
arcadie-25-bag-in-golden-calfskin,,,,,,,,,,,,,,,,,,,,,,,,,https://cdn.shopify.com/s/files/1/0912/9351/6071/files/img_3d0a2c68_20240522_i1716379378_8128_4_jpg.jpg?v=1759119472,9,,,,,,,,,,,
arcadie-22-bag-in-light-pink-calfskin,ARCADIE 22 BAG IN LIGHT PINK CALFSKIN,"<ul>
<li><span data-mce-fragment=""1"">Color: Light Pink<br><br></span></li>
<li><span data-mce-fragment=""1""><span>Size: 22 x 12 cm<br><br></span></span></li>
<li>
<span data-mce-fragment=""1""><span>Material :Calfskin<br></span></span><span data-mce-fragment=""1""><span><br></span></span><span data-mce-fragment=""1""><span></span></span>
</li>
<li> The products are 1:1 copies of the original version and they are the same from every detail.<br><br>
</li>
<li>Support return and exchange in 1 month if the product is defective or the customer is not satisfied with the product.
<div id=""chat-box-input-container-id"" class=""chat-box-input-container"">
<div id=""chatInput"" class=""chat-box-input--audit-2023 chat-box-input--to-focus win32"">
<div id=""chat-input-container-id"" class=""chat-input-container--audit-2023"">
<div class=""chat-input-container--audit-2023__left-layout"">
<div id=""chat-input-scroller-id"" class=""chat-input-scrollable"">
<div class=""chat-input-wrapper"">
<div id=""chat-input-content-id"" class=""chat-input-content""></div>
</div>
</div>
</div>
</div>
</div>
</div>
</li>
</ul>
<p> </p>
<ul></ul>",miumiu bag,,bag,"cross body bags, top handle",TRUE,Title,Default Title,,,,,,0,,0,deny,manual,283.50,,TRUE,FALSE,,https://cdn.shopify.com/s/files/1/0912/9351/6071/files/img_bafc4fa4_20240520_i1716178263_42_4_jpg.jpg?v=1759119448,1,,,,,,g,,,,,active
arcadie-22-bag-in-light-pink-calfskin,,,,,,,,,,,,,,,,,,,,,,,,,https://cdn.shopify.com/s/files/1/0912/9351/6071/files/img_bafc4fa4_20240520_i1716178263_4306_2_jpg.jpg?v=1759119448,2,,,,,,,,,,,
arcadie-22-bag-in-light-pink-calfskin,,,,,,,,,,,,,,,,,,,,,,,,,https://cdn.shopify.com/s/files/1/0912/9351/6071/files/img_bafc4fa4_20240520_i1716178263_9061_6_jpg.jpg?v=1759119448,3,,,,,,,,,,,
arcadie-22-bag-in-light-pink-calfskin,,,,,,,,,,,,,,,,,,,,,,,,,https://cdn.shopify.com/s/files/1/0912/9351/6071/files/img_bafc4fa4_20240520_i1716178263_1339_7_jpg.jpg?v=1759119448,4,,,,,,,,,,,
arcadie-22-bag-in-light-pink-calfskin,,,,,,,,,,,,,,,,,,,,,,,,,https://cdn.shopify.com/s/files/1/0912/9351/6071/files/img_bafc4fa4_20240520_i1716178263_1062_3_jpg.jpg?v=1759119448,5,,,,,,,,,,,
arcadie-22-bag-in-light-pink-calfskin,,,,,,,,,,,,,,,,,,,,,,,,,https://cdn.shopify.com/s/files/1/0912/9351/6071/files/img_bafc4fa4_20240520_i1716178263_986_8_jpg.jpg?v=1759119448,6,,,,,,,,,,,
arcadie-22-bag-in-light-pink-calfskin,,,,,,,,,,,,,,,,,,,,,,,,,https://cdn.shopify.com/s/files/1/0912/9351/6071/files/img_bafc4fa4_20240520_i1716178263_9085_1_jpg.jpg?v=1759119448,7,,,,,,,,,,,
arcadie-22-bag-in-light-pink-calfskin,,,,,,,,,,,,,,,,,,,,,,,,,https://cdn.shopify.com/s/files/1/0912/9351/6071/files/img_bafc4fa4_20240520_i1716178263_285_0_jpg.jpg?v=1759119448,8,,,,,,,,,,,
arcadie-22-bag-in-light-pink-calfskin,,,,,,,,,,,,,,,,,,,,,,,,,https://cdn.shopify.com/s/files/1/0912/9351/6071/files/img_bafc4fa4_20240520_i1716178263_516_5_jpg.jpg?v=1759119448,9,,,,,,,,,,,
arcadie-27-in-black-nappa-leather,ARCADIE 27 IN BLACK NAPPA LEATHER,"<ul>
<li><span data-mce-fragment=""1"">Color: Black<br><br></span></li>
<li><span data-mce-fragment=""1""><span>Size: 25 x 7 x 11 cm<br><br></span></span></li>
<li>
<span data-mce-fragment=""1""><span>Material : Nappa Leather <br></span></span><span data-mce-fragment=""1""><span><br></span></span><span data-mce-fragment=""1""><span></span></span>
</li>
<li> The products are 1:1 copies of the original version and they are the same from every detail.<br><br>
</li>
<li>Support return and exchange in 1 month if the product is defective or the customer is not satisfied with the product.
<div id=""chat-box-input-container-id"" class=""chat-box-input-container"">
<div id=""chatInput"" class=""chat-box-input--audit-2023 chat-box-input--to-focus win32"">
<div id=""chat-input-container-id"" class=""chat-input-container--audit-2023"">
<div class=""chat-input-container--audit-2023__left-layout"">
<div id=""chat-input-scroller-id"" class=""chat-input-scrollable"">
<div class=""chat-input-wrapper"">
<div id=""chat-input-content-id"" class=""chat-input-content""></div>
</div>
</div>
</div>
</div>
</div>
</div>
</li>
</ul>
<p> </p>
<ul></ul>",miumiu bag,,bag,cross body bags,TRUE,Title,Default Title,,,,,,0,,0,deny,manual,283.50,,TRUE,FALSE,,https://cdn.shopify.com/s/files/1/0912/9351/6071/files/img_047ee742_20240619_i1718773138_587_7_jpg.jpg?v=1759119418,1,,,,,,g,,,,,active
arcadie-27-in-black-nappa-leather,,,,,,,,,,,,,,,,,,,,,,,,,https://cdn.shopify.com/s/files/1/0912/9351/6071/files/img_047ee742_20240619_i1718773138_1637_1_jpg.jpg?v=1759119418,2,,,,,,,,,,,
arcadie-27-in-black-nappa-leather,,,,,,,,,,,,,,,,,,,,,,,,,https://cdn.shopify.com/s/files/1/0912/9351/6071/files/img_047ee742_20240619_i1718773138_3921_0_jpg.jpg?v=1759119418,3,,,,,,,,,,,
arcadie-27-in-black-nappa-leather,,,,,,,,,,,,,,,,,,,,,,,,,https://cdn.shopify.com/s/files/1/0912/9351/6071/files/img_047ee742_20240619_i1718773138_1612_6_jpg.jpg?v=1759119418,4,,,,,,,,,,,
arcadie-27-in-black-nappa-leather,,,,,,,,,,,,,,,,,,,,,,,,,https://cdn.shopify.com/s/files/1/0912/9351/6071/files/img_047ee742_20240619_i1718773138_2365_8_jpg.jpg?v=1759119418,5,,,,,,,,,,,
arcadie-27-in-black-nappa-leather,,,,,,,,,,,,,,,,,,,,,,,,,https://cdn.shopify.com/s/files/1/0912/9351/6071/files/img_047ee742_20240619_i1718773138_3537_5_jpg.jpg?v=1759119418,6,,,,,,,,,,,
arcadie-27-in-black-nappa-leather,,,,,,,,,,,,,,,,,,,,,,,,,https://cdn.shopify.com/s/files/1/0912/9351/6071/files/img_047ee742_20240619_i1718773138_6818_4_jpg.jpg?v=1759119418,7,,,,,,,,,,,
arcadie-27-in-black-nappa-leather,,,,,,,,,,,,,,,,,,,,,,,,,https://cdn.shopify.com/s/files/1/0912/9351/6071/files/img_047ee742_20240619_i1718773138_7348_2_jpg.jpg?v=1759119418,8,,,,,,,,,,,
arcadie-27-in-black-nappa-leather,,,,,,,,,,,,,,,,,,,,,,,,,https://cdn.shopify.com/s/files/1/0912/9351/6071/files/img_047ee742_20240619_i1718773138_9225_3_jpg.jpg?v=1759119418,9,,,,,,,,,,,
baguette-25-bag-in-cinnamon-brown-calfskin,BAGUETTE 25 BAG IN CINNAMON BROWN CALFSKIN,"<ul>
<li><span data-mce-fragment=""1"">Color: Cinnamon Brown<br><br></span></li>
<li><span data-mce-fragment=""1""><span>Size: 25 x 13 cm<br><br></span></span></li>
<li>
<span data-mce-fragment=""1""><span>Material : Calfskin<br></span></span><span data-mce-fragment=""1""><span><br></span></span><span data-mce-fragment=""1""><span></span></span>
</li>
<li> The products are 1:1 copies of the original version and they are the same from every detail.<br><br>
</li>
<li>Support return and exchange in 1 month if the product is defective or the customer is not satisfied with the product.
<div id=""chat-box-input-container-id"" class=""chat-box-input-container"">
<div id=""chatInput"" class=""chat-box-input--audit-2023 chat-box-input--to-focus win32"">
<div id=""chat-input-container-id"" class=""chat-input-container--audit-2023"">
<div class=""chat-input-container--audit-2023__left-layout"">
<div id=""chat-input-scroller-id"" class=""chat-input-scrollable"">
<div class=""chat-input-wrapper"">
<div id=""chat-input-content-id"" class=""chat-input-content""></div>
</div>
</div>
</div>
</div>
</div>
</div>
</li>
</ul>
<p> </p>
<ul></ul>",miumiu bag,,bag,cross body bags,TRUE,Title,Default Title,,,,,,0,,0,deny,manual,262.50,,TRUE,FALSE,,https://cdn.shopify.com/s/files/1/0912/9351/6071/files/img_87a49aa8_20240518_i1716001095_4289_7_jpg.jpg?v=1759119428,1,,,,,,g,,,,,active
baguette-25-bag-in-cinnamon-brown-calfskin,,,,,,,,,,,,,,,,,,,,,,,,,https://cdn.shopify.com/s/files/1/0912/9351/6071/files/img_87a49aa8_20240518_i1716001102_5217_0_jpg.jpg?v=1759119428,2,,,,,,,,,,,
baguette-25-bag-in-cinnamon-brown-calfskin,,,,,,,,,,,,,,,,,,,,,,,,,https://cdn.shopify.com/s/files/1/0912/9351/6071/files/img_87a49aa8_20240518_i1716001095_7888_2_jpg.jpg?v=1759119428,3,,,,,,,,,,,
baguette-25-bag-in-cinnamon-brown-calfskin,,,,,,,,,,,,,,,,,,,,,,,,,https://cdn.shopify.com/s/files/1/0912/9351/6071/files/img_87a49aa8_20240518_i1716001095_8163_3_jpg.jpg?v=1759119428,4,,,,,,,,,,,
baguette-25-bag-in-cinnamon-brown-calfskin,,,,,,,,,,,,,,,,,,,,,,,,,https://cdn.shopify.com/s/files/1/0912/9351/6071/files/img_87a49aa8_20240518_i1716001095_1608_8_jpg.jpg?v=1759119428,5,,,,,,,,,,,
baguette-25-bag-in-cinnamon-brown-calfskin,,,,,,,,,,,,,,,,,,,,,,,,,https://cdn.shopify.com/s/files/1/0912/9351/6071/files/img_87a49aa8_20240518_i1716001095_3712_5_jpg.jpg?v=1759119428,6,,,,,,,,,,,
baguette-25-bag-in-cinnamon-brown-calfskin,,,,,,,,,,,,,,,,,,,,,,,,,https://cdn.shopify.com/s/files/1/0912/9351/6071/files/img_87a49aa8_20240518_i1716001095_5831_0_jpg.jpg?v=1759119428,7,,,,,,,,,,,
baguette-25-bag-in-cinnamon-brown-calfskin,,,,,,,,,,,,,,,,,,,,,,,,,https://cdn.shopify.com/s/files/1/0912/9351/6071/files/img_87a49aa8_20240518_i1716001095_7464_1_jpg.jpg?v=1759119428,8,,,,,,,,,,,
baguette-25-bag-in-cinnamon-brown-calfskin,,,,,,,,,,,,,,,,,,,,,,,,,https://cdn.shopify.com/s/files/1/0912/9351/6071/files/img_87a49aa8_20240518_i1716001095_2289_6_jpg.jpg?v=1759119428,9,,,,,,,,,,,
tote-23-bag-in-beige-brown-woven-straw,TOTE 23 BAG IN BEIGE BROWN WOVEN STRAW,"<ul>
<li><span data-mce-fragment=""1"">Color:Beige Brown<br><br></span></li>
<li><span data-mce-fragment=""1""><span>Size: 23 x 15 cm<br><br></span></span></li>
<li>
<span data-mce-fragment=""1""><span>Material : Woven Straw <br></span></span><span data-mce-fragment=""1""><span><br></span></span><span data-mce-fragment=""1""><span></span></span>
</li>
<li> The products are 1:1 copies of the original version and they are the same from every detail.<br><br>
</li>
<li>Support return and exchange in 1 month if the product is defective or the customer is not satisfied with the product.
<div class=""chat-box-input-container"" id=""chat-box-input-container-id"">
<div class=""chat-box-input--audit-2023 chat-box-input--to-focus win32"" id=""chatInput"">
<div class=""chat-input-container--audit-2023"" id=""chat-input-container-id"">
<div class=""chat-input-container--audit-2023__left-layout"">
<div class=""chat-input-scrollable"" id=""chat-input-scroller-id"">
<div class=""chat-input-wrapper"">
<div class=""chat-input-content"" id=""chat-input-content-id""></div>
</div>
</div>
</div>
</div>
</div>
</div>
</li>
</ul>
<p> </p>
<ul></ul>",miumiu bag,,bag,"top handle, tote bag",TRUE,Title,Default Title,,,,,,0,,0,deny,manual,273.00,,TRUE,FALSE,,https://cdn.shopify.com/s/files/1/0912/9351/6071/files/img_ae4ae3ac_20240428_i1714270042_9777_7_jpg.jpg?v=1759119407,1,,,,,,g,,,,,active
tote-23-bag-in-beige-brown-woven-straw,,,,,,,,,,,,,,,,,,,,,,,,,https://cdn.shopify.com/s/files/1/0912/9351/6071/files/img_ae4ae3ac_20240428_i1714270041_5214_1_jpg.jpg?v=1759119407,2,,,,,,,,,,,
tote-23-bag-in-beige-brown-woven-straw,,,,,,,,,,,,,,,,,,,,,,,,,https://cdn.shopify.com/s/files/1/0912/9351/6071/files/img_ae4ae3ac_20240428_i1714270042_9871_8_jpg.jpg?v=1759119407,3,,,,,,,,,,,
tote-23-bag-in-beige-brown-woven-straw,,,,,,,,,,,,,,,,,,,,,,,,,https://cdn.shopify.com/s/files/1/0912/9351/6071/files/img_ae4ae3ac_20240428_i1714270042_5772_5_jpg.jpg?v=1759119407,4,,,,,,,,,,,
tote-23-bag-in-beige-brown-woven-straw,,,,,,,,,,,,,,,,,,,,,,,,,https://cdn.shopify.com/s/files/1/0912/9351/6071/files/img_ae4ae3ac_20240428_i1714270041_1598_0_jpg.jpg?v=1759119407,5,,,,,,,,,,,
tote-23-bag-in-beige-brown-woven-straw,,,,,,,,,,,,,,,,,,,,,,,,,https://cdn.shopify.com/s/files/1/0912/9351/6071/files/img_ae4ae3ac_20240428_i1714270041_2093_3_jpg.jpg?v=1759119407,6,,,,,,,,,,,
tote-23-bag-in-beige-brown-woven-straw,,,,,,,,,,,,,,,,,,,,,,,,,https://cdn.shopify.com/s/files/1/0912/9351/6071/files/img_ae4ae3ac_20240428_i1714270041_5178_4_jpg.jpg?v=1759119407,7,,,,,,,,,,,
tote-23-bag-in-beige-brown-woven-straw,,,,,,,,,,,,,,,,,,,,,,,,,https://cdn.shopify.com/s/files/1/0912/9351/6071/files/img_ae4ae3ac_20240428_i1714270042_725_6_jpg.jpg?v=1759119407,8,,,,,,,,,,,
crystal-chain-25-bag-in-baby-blue-lambskin,CRYSTAL CHAIN 25 BAG IN BABY BLUE LAMBSKIN,"<ul>
<li><span data-mce-fragment=""1"">Color: Baby Blue<br><br></span></li>
<li><span data-mce-fragment=""1""><span>Size: 25 x 15 cm<br><br></span></span></li>
<li>
<span data-mce-fragment=""1""><span>Material : Lambskin<br></span></span><span data-mce-fragment=""1""><span><br></span></span><span data-mce-fragment=""1""><span></span></span>
</li>
<li> The products are 1:1 copies of the original version and they are the same from every detail.<br><br>
</li>
<li>Support return and exchange in 1 month if the product is defective or the customer is not satisfied with the product.
<div class=""chat-box-input-container"" id=""chat-box-input-container-id"">
<div class=""chat-box-input--audit-2023 chat-box-input--to-focus win32"" id=""chatInput"">
<div class=""chat-input-container--audit-2023"" id=""chat-input-container-id"">
<div class=""chat-input-container--audit-2023__left-layout"">
<div class=""chat-input-scrollable"" id=""chat-input-scroller-id"">
<div class=""chat-input-wrapper"">
<div class=""chat-input-content"" id=""chat-input-content-id""></div>
</div>
</div>
</div>
</div>
</div>
</div>
</li>
</ul>
<p> </p>
<ul></ul>",miumiu bag,,bag,"cross body bags, hobo bag",TRUE,Title,Default Title,,,,,,0,,0,deny,manual,283.50,,TRUE,FALSE,,https://cdn.shopify.com/s/files/1/0912/9351/6071/files/img_4e898954_20240409_i1712655412_2748_5_jpg.jpg?v=1759119374,1,,,,,,g,,,,,active
crystal-chain-25-bag-in-baby-blue-lambskin,,,,,,,,,,,,,,,,,,,,,,,,,https://cdn.shopify.com/s/files/1/0912/9351/6071/files/img_4e898954_20240409_i1712655412_4824_1_jpg.jpg?v=1759119374,2,,,,,,,,,,,
crystal-chain-25-bag-in-baby-blue-lambskin,,,,,,,,,,,,,,,,,,,,,,,,,https://cdn.shopify.com/s/files/1/0912/9351/6071/files/img_4e898954_20240409_i1712655412_6348_4_jpg.jpg?v=1759119374,3,,,,,,,,,,,
crystal-chain-25-bag-in-baby-blue-lambskin,,,,,,,,,,,,,,,,,,,,,,,,,https://cdn.shopify.com/s/files/1/0912/9351/6071/files/img_4e898954_20240409_i1712655412_6453_7_jpg.jpg?v=1759119374,4,,,,,,,,,,,
crystal-chain-25-bag-in-baby-blue-lambskin,,,,,,,,,,,,,,,,,,,,,,,,,https://cdn.shopify.com/s/files/1/0912/9351/6071/files/img_4e898954_20240409_i1712655412_8577_6_jpg.jpg?v=1759119374,5,,,,,,,,,,,
crystal-chain-25-bag-in-baby-blue-lambskin,,,,,,,,,,,,,,,,,,,,,,,,,https://cdn.shopify.com/s/files/1/0912/9351/6071/files/img_4e898954_20240409_i1712655412_2774_2_jpg.jpg?v=1759119374,6,,,,,,,,,,,
crystal-chain-25-bag-in-baby-blue-lambskin,,,,,,,,,,,,,,,,,,,,,,,,,https://cdn.shopify.com/s/files/1/0912/9351/6071/files/img_4e898954_20240409_i1712655412_2051_0_jpg.jpg?v=1759119374,7,,,,,,,,,,,
crystal-chain-25-bag-in-baby-blue-lambskin,,,,,,,,,,,,,,,,,,,,,,,,,https://cdn.shopify.com/s/files/1/0912/9351/6071/files/img_4e898954_20240409_i1712655412_4728_3_jpg.jpg?v=1759119374,8,,,,,,,,,,,
crystal-chain-25-bag-in-baby-blue-lambskin,,,,,,,,,,,,,,,,,,,,,,,,,https://cdn.shopify.com/s/files/1/0912/9351/6071/files/img_4e898954_20240409_i1712655412_7156_8_jpg.jpg?v=1759119374,9,,,,,,,,,,,
tote-22-bag-in-black-denim,TOTE 22 BAG IN BLACK DENIM,"<ul>
<li><span data-mce-fragment=""1"">Color: Black Denim<br><br></span></li>
<li><span data-mce-fragment=""1""><span>Size: 16 x 22 cm<br><br></span></span></li>
<li>
<span data-mce-fragment=""1""><span>Material : Denim<br></span></span><span data-mce-fragment=""1""><span><br></span></span><span data-mce-fragment=""1""><span></span></span>
</li>
<li> The products are 1:1 copies of the original version and they are the same from every detail.<br><br>
</li>
<li>Support return and exchange in 1 month if the product is defective or the customer is not satisfied with the product.
<div id=""chat-box-input-container-id"" class=""chat-box-input-container"">
<div id=""chatInput"" class=""chat-box-input--audit-2023 chat-box-input--to-focus win32"">
<div id=""chat-input-container-id"" class=""chat-input-container--audit-2023"">
<div class=""chat-input-container--audit-2023__left-layout"">
<div id=""chat-input-scroller-id"" class=""chat-input-scrollable"">
<div class=""chat-input-wrapper"">
<div id=""chat-input-content-id"" class=""chat-input-content""></div>
</div>
</div>
</div>
</div>
</div>
</div>
</li>
</ul>
<p> </p>
<ul></ul>",miumiu bag,,bag,"shoulder bags, tote bag",TRUE,Title,Default Title,,,,,,0,,0,deny,manual,241.50,,TRUE,FALSE,,https://cdn.shopify.com/s/files/1/0912/9351/6071/files/20240508_i1715163822_3063_4_jpg.jpg?v=1759119385,1,,,,,,g,,,,,active
tote-22-bag-in-black-denim,,,,,,,,,,,,,,,,,,,,,,,,,https://cdn.shopify.com/s/files/1/0912/9351/6071/files/20240508_i1715163822_0_0_jpg.jpg?v=1759119385,2,,,,,,,,,,,
tote-22-bag-in-black-denim,,,,,,,,,,,,,,,,,,,,,,,,,https://cdn.shopify.com/s/files/1/0912/9351/6071/files/20240508_i1715163822_2889_6_jpg.jpg?v=1759119385,3,,,,,,,,,,,
tote-22-bag-in-black-denim,,,,,,,,,,,,,,,,,,,,,,,,,https://cdn.shopify.com/s/files/1/0912/9351/6071/files/20240508_i1715163822_4111_2_jpg.jpg?v=1759119385,4,,,,,,,,,,,
tote-22-bag-in-black-denim,,,,,,,,,,,,,,,,,,,,,,,,,https://cdn.shopify.com/s/files/1/0912/9351/6071/files/20240508_i1715163822_4017_3_jpg.jpg?v=1759119385,5,,,,,,,,,,,
tote-22-bag-in-black-denim,,,,,,,,,,,,,,,,,,,,,,,,,https://cdn.shopify.com/s/files/1/0912/9351/6071/files/20240508_i1715163822_9525_5_jpg.jpg?v=1759119385,6,,,,,,,,,,,
tote-22-bag-in-black-denim,,,,,,,,,,,,,,,,,,,,,,,,,https://cdn.shopify.com/s/files/1/0912/9351/6071/files/20240508_i1715163822_604_7_jpg.jpg?v=1759119385,7,,,,,,,,,,,
tote-22-bag-in-black-denim,,,,,,,,,,,,,,,,,,,,,,,,,https://cdn.shopify.com/s/files/1/0912/9351/6071/files/20240508_i1715163822_973_8_jpg.jpg?v=1759119385,8,,,,,,,,,,,
tote-22-bag-in-black-denim,,,,,,,,,,,,,,,,,,,,,,,,,https://cdn.shopify.com/s/files/1/0912/9351/6071/files/20240508_i1715163822_9722_1_jpg.jpg?v=1759119385,9,,,,,,,,,,,
half-moon-bag-23-in-caramel-brown-calfskin,HALF - MOON BAG 23 IN CARAMEL BROWN CALFSKIN,"<ul>
<li><span data-mce-fragment=""1"">Color: Caramel Brown<br><br></span></li>
<li><span data-mce-fragment=""1""><span>Size: 23 x 15 cm<br><br></span></span></li>
<li>
<span data-mce-fragment=""1""><span>Material : Calfskin<br></span></span><span data-mce-fragment=""1""><span><br></span></span><span data-mce-fragment=""1""><span></span></span>
</li>
<li> The products are 1:1 copies of the original version and they are the same from every detail.<br><br>
</li>
<li>Support return and exchange in 1 month if the product is defective or the customer is not satisfied with the product.
<div id=""chat-box-input-container-id"" class=""chat-box-input-container"">
<div id=""chatInput"" class=""chat-box-input--audit-2023 chat-box-input--to-focus win32"">
<div id=""chat-input-container-id"" class=""chat-input-container--audit-2023"">
<div class=""chat-input-container--audit-2023__left-layout"">
<div id=""chat-input-scroller-id"" class=""chat-input-scrollable"">
<div class=""chat-input-wrapper"">
<div id=""chat-input-content-id"" class=""chat-input-content""></div>
</div>
</div>
</div>
</div>
</div>
</div>
</li>
</ul>
<p> </p>
<ul></ul>",miumiu bag,,bag,"cross body bags, top handle",TRUE,Title,Default Title,,,,,,0,,0,deny,manual,283.50,,TRUE,FALSE,,https://cdn.shopify.com/s/files/1/0912/9351/6071/files/img_f3148535_20240618_i1718708933_1687_0_jpg.jpg?v=1759119346,1,,,,,,g,,,,,active
half-moon-bag-23-in-caramel-brown-calfskin,,,,,,,,,,,,,,,,,,,,,,,,,https://cdn.shopify.com/s/files/1/0912/9351/6071/files/img_f3148535_20240618_i1718708933_9325_0_jpg.jpg?v=1759119346,2,,,,,,,,,,,
half-moon-bag-23-in-caramel-brown-calfskin,,,,,,,,,,,,,,,,,,,,,,,,,https://cdn.shopify.com/s/files/1/0912/9351/6071/files/img_f3148535_20240618_i1718708933_2085_0_jpg.jpg?v=1759119347,3,,,,,,,,,,,
half-moon-bag-23-in-caramel-brown-calfskin,,,,,,,,,,,,,,,,,,,,,,,,,https://cdn.shopify.com/s/files/1/0912/9351/6071/files/img_f3148535_20240618_i1718708933_5769_0_jpg.jpg?v=1759119347,4,,,,,,,,,,,
half-moon-bag-23-in-caramel-brown-calfskin,,,,,,,,,,,,,,,,,,,,,,,,,https://cdn.shopify.com/s/files/1/0912/9351/6071/files/img_f3148535_20240618_i1718708933_3899_0_jpg.jpg?v=1759119347,5,,,,,,,,,,,
half-moon-bag-23-in-caramel-brown-calfskin,,,,,,,,,,,,,,,,,,,,,,,,,https://cdn.shopify.com/s/files/1/0912/9351/6071/files/img_f3148535_20240618_i1718708933_4698_0_jpg.jpg?v=1759119347,6,,,,,,,,,,,
half-moon-bag-23-in-caramel-brown-calfskin,,,,,,,,,,,,,,,,,,,,,,,,,https://cdn.shopify.com/s/files/1/0912/9351/6071/files/img_f3148535_20240618_i1718708933_2835_0_jpg.jpg?v=1759119347,7,,,,,,,,,,,
half-moon-bag-23-in-caramel-brown-calfskin,,,,,,,,,,,,,,,,,,,,,,,,,https://cdn.shopify.com/s/files/1/0912/9351/6071/files/img_f3148535_20240618_i1718708933_3122_0_jpg.jpg?v=1759119347,8,,,,,,,,,,,
half-moon-bag-23-in-caramel-brown-calfskin,,,,,,,,,,,,,,,,,,,,,,,,,https://cdn.shopify.com/s/files/1/0912/9351/6071/files/img_f3148535_20240618_i1718708933_8379_0_jpg.jpg?v=1759119347,9,,,,,,,,,,,
half-moon-bag-18-in-black-calfskin,HALF - MOON BAG 18 IN BLACK CALFSKIN,"<ul>
<li><span data-mce-fragment=""1"">Color: Black<br><br></span></li>
<li><span data-mce-fragment=""1""><span>Size: 18 x 11 cm<br><br></span></span></li>
<li>
<span data-mce-fragment=""1""><span>Material : Calfskin<br></span></span><span data-mce-fragment=""1""><span><br></span></span><span data-mce-fragment=""1""><span></span></span>
</li>
<li> The products are 1:1 copies of the original version and they are the same from every detail.<br><br>
</li>
<li>Support return and exchange in 1 month if the product is defective or the customer is not satisfied with the product.
<div class=""chat-box-input-container"" id=""chat-box-input-container-id"">
<div class=""chat-box-input--audit-2023 chat-box-input--to-focus win32"" id=""chatInput"">
<div class=""chat-input-container--audit-2023"" id=""chat-input-container-id"">
<div class=""chat-input-container--audit-2023__left-layout"">
<div class=""chat-input-scrollable"" id=""chat-input-scroller-id"">
<div class=""chat-input-wrapper"">
<div class=""chat-input-content"" id=""chat-input-content-id""></div>
</div>
</div>
</div>
</div>
</div>
</div>
</li>
</ul>
<p> </p>
<ul></ul>",miumiu bag,,bag,"cross body bags, top handle",TRUE,Title,Default Title,,,,,,0,,0,deny,manual,262.50,,TRUE,FALSE,,https://cdn.shopify.com/s/files/1/0912/9351/6071/files/img_f3148535_20240618_i1718708824_641_2_jpg.jpg?v=1759119360,1,,,,,,g,,,,,active
half-moon-bag-18-in-black-calfskin,,,,,,,,,,,,,,,,,,,,,,,,,https://cdn.shopify.com/s/files/1/0912/9351/6071/files/img_f3148535_20240618_i1718708824_9898_8_jpg.jpg?v=1759119360,2,,,,,,,,,,,
half-moon-bag-18-in-black-calfskin,,,,,,,,,,,,,,,,,,,,,,,,,https://cdn.shopify.com/s/files/1/0912/9351/6071/files/img_f3148535_20240618_i1718708824_6476_6_jpg.jpg?v=1759119363,3,,,,,,,,,,,
half-moon-bag-18-in-black-calfskin,,,,,,,,,,,,,,,,,,,,,,,,,https://cdn.shopify.com/s/files/1/0912/9351/6071/files/img_f3148535_20240618_i1718708824_4493_3_jpg.jpg?v=1759119363,4,,,,,,,,,,,
half-moon-bag-18-in-black-calfskin,,,,,,,,,,,,,,,,,,,,,,,,,https://cdn.shopify.com/s/files/1/0912/9351/6071/files/img_f3148535_20240618_i1718708824_3347_7_jpg.jpg?v=1759119363,5,,,,,,,,,,,
half-moon-bag-18-in-black-calfskin,,,,,,,,,,,,,,,,,,,,,,,,,https://cdn.shopify.com/s/files/1/0912/9351/6071/files/img_f3148535_20240618_i1718708824_4871_1_jpg.jpg?v=1759119363,6,,,,,,,,,,,
half-moon-bag-18-in-black-calfskin,,,,,,,,,,,,,,,,,,,,,,,,,https://cdn.shopify.com/s/files/1/0912/9351/6071/files/img_f3148535_20240618_i1718708824_5694_0_jpg.jpg?v=1759119363,7,,,,,,,,,,,
half-moon-bag-18-in-black-calfskin,,,,,,,,,,,,,,,,,,,,,,,,,https://cdn.shopify.com/s/files/1/0912/9351/6071/files/img_f3148535_20240618_i1718708824_7784_5_jpg.jpg?v=1759119363,8,,,,,,,,,,,
half-moon-bag-18-in-black-calfskin,,,,,,,,,,,,,,,,,,,,,,,,,https://cdn.shopify.com/s/files/1/0912/9351/6071/files/img_f3148535_20240618_i1718708824_3147_4_jpg.jpg?v=1759119363,9,,,,,,,,,,,
basket-20-bag-in-brown-beige-wicker-and-leather,BASKET 20 BAG IN BROWN BEIGE WICKER AND LEATHER,"<ul>
<li>
<span data-mce-fragment=""1"">Color: Brown Beige<br></span><span data-mce-fragment=""1""></span>
</li>
<li><span data-mce-fragment=""1""><span>Size: 15 X 20 X 8.5 cm<br><br></span></span></li>
<li>
<span data-mce-fragment=""1""><span>Material : Wicker and Leather <br></span></span><span data-mce-fragment=""1""><span><br></span></span><span data-mce-fragment=""1""><span></span></span>
</li>
<li> The products are 1:1 copies of the original version and they are the same from every detail.<br><br>
</li>
<li>Support return and exchange in 1 month if the product is defective or the customer is not satisfied with the product.
<div class=""chat-box-input-container"" id=""chat-box-input-container-id"">
<div class=""chat-box-input--audit-2023 chat-box-input--to-focus win32"" id=""chatInput"">
<div class=""chat-input-container--audit-2023"" id=""chat-input-container-id"">
<div class=""chat-input-container--audit-2023__left-layout"">
<div class=""chat-input-scrollable"" id=""chat-input-scroller-id"">
<div class=""chat-input-wrapper"">
<div class=""chat-input-content"" id=""chat-input-content-id""></div>
</div>
</div>
</div>
</div>
</div>
</div>
</li>
</ul>
<p> </p>
<ul></ul>",miumiu bag,,bag,"shoulder bags, top handle",TRUE,Title,Default Title,,,,,,0,,0,deny,manual,330.75,,TRUE,FALSE,,https://cdn.shopify.com/s/files/1/0912/9351/6071/files/20240622_i1719046624_1525_1_jpg_93ef6742-53b8-4bfd-838c-31a1900363de.jpg?v=1779412164,1,,,,,,g,,,,,active
basket-20-bag-in-brown-beige-wicker-and-leather,,,,,,,,,,,,,,,,,,,,,,,,,https://cdn.shopify.com/s/files/1/0912/9351/6071/files/20240622_i1719046624_1124_0_jpg_5e8c3321-2637-4a8c-831c-a2283f6a621d.jpg?v=1779412164,2,,,,,,,,,,,
basket-20-bag-in-brown-beige-wicker-and-leather,,,,,,,,,,,,,,,,,,,,,,,,,https://cdn.shopify.com/s/files/1/0912/9351/6071/files/20240622_i1719046624_6562_2_jpg_5b11ccaa-a2ff-4e4e-887d-44a7a2d14dfd.jpg?v=1779412164,3,,,,,,,,,,,
basket-20-bag-in-brown-beige-wicker-and-leather,,,,,,,,,,,,,,,,,,,,,,,,,https://cdn.shopify.com/s/files/1/0912/9351/6071/files/20240622_i1719046624_8828_3_jpg_b9e8d40b-b0e7-4aee-8a79-7f3658fe56db.jpg?v=1779412165,4,,,,,,,,,,,
basket-20-bag-in-brown-beige-wicker-and-leather,,,,,,,,,,,,,,,,,,,,,,,,,https://cdn.shopify.com/s/files/1/0912/9351/6071/files/20240622_i1719046624_1661_8_jpg_3ac5f02b-0a53-47df-9a53-11ae541dcf1d.jpg?v=1779412164,5,,,,,,,,,,,
basket-20-bag-in-brown-beige-wicker-and-leather,,,,,,,,,,,,,,,,,,,,,,,,,https://cdn.shopify.com/s/files/1/0912/9351/6071/files/20240622_i1719046624_2392_6_jpg_6c6fe196-bf8a-42d0-8f91-d578d061aa7f.jpg?v=1779412164,6,,,,,,,,,,,
basket-20-bag-in-brown-beige-wicker-and-leather,,,,,,,,,,,,,,,,,,,,,,,,,https://cdn.shopify.com/s/files/1/0912/9351/6071/files/20240622_i1719046624_2564_4_jpg_7cf15579-ab20-4632-b21f-784eab62637d.jpg?v=1779412164,7,,,,,,,,,,,
basket-20-bag-in-brown-beige-wicker-and-leather,,,,,,,,,,,,,,,,,,,,,,,,,https://cdn.shopify.com/s/files/1/0912/9351/6071/files/20240622_i1719046624_3387_7_jpg_1be80947-7d91-41c3-b7ea-cb311289cd8a.jpg?v=1779412164,8,,,,,,,,,,,
basket-20-bag-in-brown-beige-wicker-and-leather,,,,,,,,,,,,,,,,,,,,,,,,,https://cdn.shopify.com/s/files/1/0912/9351/6071/files/20240622_i1719046624_4691_5_jpg_c00aa8fd-882b-4c55-aa9f-a59dab3e83cb.jpg?v=1779412164,9,,,,,,,,,,,
hobo-24-bag-in-cognac-leather-patchwork,HOBO 24 BAG IN COGNAC LEATHER PATCHWORK,"<ul>
<li><span data-mce-fragment=""1"">Color: Cognac<br><br></span></li>
<li><span data-mce-fragment=""1""><span>Size: 24  x 11.5 x 7 cm<br><br></span></span></li>
<li>
<span data-mce-fragment=""1""><span>Material : Leather PAtchwork<br></span></span><span data-mce-fragment=""1""><span><br></span></span><span data-mce-fragment=""1""><span></span></span>
</li>
<li> The products are 1:1 copies of the original version and they are the same from every detail.<br><br>
</li>
<li>Support return and exchange in 1 month if the product is defective or the customer is not satisfied with the product.
<div class=""chat-box-input-container"" id=""chat-box-input-container-id"">
<div class=""chat-box-input--audit-2023 chat-box-input--to-focus win32"" id=""chatInput"">
<div class=""chat-input-container--audit-2023"" id=""chat-input-container-id"">
<div class=""chat-input-container--audit-2023__left-layout"">
<div class=""chat-input-scrollable"" id=""chat-input-scroller-id"">
<div class=""chat-input-wrapper"">
<div class=""chat-input-content"" id=""chat-input-content-id""></div>
</div>
</div>
</div>
</div>
</div>
</div>
</li>
</ul>
<p> </p>
<ul></ul>",miumiu bag,,bag,"hobo bag, shoulder bags",TRUE,Title,Default Title,,,,,,0,,0,deny,manual,325.50,,TRUE,FALSE,,https://cdn.shopify.com/s/files/1/0912/9351/6071/files/20240527_i1716794445_2677_1_jpg.jpg?v=1759119335,1,,,,,,g,,,,,active
hobo-24-bag-in-cognac-leather-patchwork,,,,,,,,,,,,,,,,,,,,,,,,,https://cdn.shopify.com/s/files/1/0912/9351/6071/files/20240527_i1716794445_2879_0_jpg.jpg?v=1759119335,2,,,,,,,,,,,
hobo-24-bag-in-cognac-leather-patchwork,,,,,,,,,,,,,,,,,,,,,,,,,https://cdn.shopify.com/s/files/1/0912/9351/6071/files/20240527_i1716794445_2275_2_jpg.jpg?v=1759119335,3,,,,,,,,,,,
hobo-24-bag-in-cognac-leather-patchwork,,,,,,,,,,,,,,,,,,,,,,,,,https://cdn.shopify.com/s/files/1/0912/9351/6071/files/20240527_i1716794445_8787_7_jpg.jpg?v=1759119335,4,,,,,,,,,,,
hobo-24-bag-in-cognac-leather-patchwork,,,,,,,,,,,,,,,,,,,,,,,,,https://cdn.shopify.com/s/files/1/0912/9351/6071/files/20240527_i1716794445_4139_5_jpg.jpg?v=1759119335,5,,,,,,,,,,,
hobo-24-bag-in-cognac-leather-patchwork,,,,,,,,,,,,,,,,,,,,,,,,,https://cdn.shopify.com/s/files/1/0912/9351/6071/files/20240527_i1716794445_4839_4_jpg.jpg?v=1759119335,6,,,,,,,,,,,
hobo-24-bag-in-cognac-leather-patchwork,,,,,,,,,,,,,,,,,,,,,,,,,https://cdn.shopify.com/s/files/1/0912/9351/6071/files/20240527_i1716794445_5016_6_jpg.jpg?v=1759119335,7,,,,,,,,,,,
hobo-24-bag-in-cognac-leather-patchwork,,,,,,,,,,,,,,,,,,,,,,,,,https://cdn.shopify.com/s/files/1/0912/9351/6071/files/20240527_i1716794445_6679_3_jpg.jpg?v=1759119335,8,,,,,,,,,,,
hobo-24-bag-in-cognac-leather-patchwork,,,,,,,,,,,,,,,,,,,,,,,,,https://cdn.shopify.com/s/files/1/0912/9351/6071/files/20240527_i1716794445_7405_8_jpg.jpg?v=1759119335,9,,,,,,,,,,,
large-handbag-40-in-black-calfskin,LARGE HANDBAG 40 IN BLACK CALFSKIN,"<ul>
<li><span data-mce-fragment=""1"">Color: Black<br><br></span></li>
<li><span data-mce-fragment=""1""><span>Size: 31 x 40 x 13 cm<br><br></span></span></li>
<li>
<span data-mce-fragment=""1""><span>Material : Calfskin<br></span></span><span data-mce-fragment=""1""><span><br></span></span><span data-mce-fragment=""1""><span></span></span>
</li>
<li> The products are 1:1 copies of the original version and they are the same from every detail.<br><br>
</li>
<li>Support return and exchange in 1 month if the product is defective or the customer is not satisfied with the product.
<div class=""chat-box-input-container"" id=""chat-box-input-container-id"">
<div class=""chat-box-input--audit-2023 chat-box-input--to-focus win32"" id=""chatInput"">
<div class=""chat-input-container--audit-2023"" id=""chat-input-container-id"">
<div class=""chat-input-container--audit-2023__left-layout"">
<div class=""chat-input-scrollable"" id=""chat-input-scroller-id"">
<div class=""chat-input-wrapper"">
<div class=""chat-input-content"" id=""chat-input-content-id""></div>
</div>
</div>
</div>
</div>
</div>
</div>
</li>
</ul>
<p> </p>
<ul></ul>",miumiu bag,,bag,"shoulder bags, top handle",TRUE,Title,Default Title,,,,,,0,,0,deny,manual,483.00,,TRUE,FALSE,,https://cdn.shopify.com/s/files/1/0912/9351/6071/files/20240613_i1718262392_7027_0_jpg.jpg?v=1780914374,1,,,,,,g,,,,,active
large-handbag-40-in-black-calfskin,,,,,,,,,,,,,,,,,,,,,,,,,https://cdn.shopify.com/s/files/1/0912/9351/6071/files/20240613_i1718262392_7820_1_jpg.jpg?v=1780914373,2,,,,,,,,,,,
large-handbag-40-in-black-calfskin,,,,,,,,,,,,,,,,,,,,,,,,,https://cdn.shopify.com/s/files/1/0912/9351/6071/files/20240613_i1718262392_284_6_jpg_2f167cf5-de70-414b-8e7c-f35a6688be33.jpg?v=1780914374,3,,,,,,,,,,,
large-handbag-40-in-black-calfskin,,,,,,,,,,,,,,,,,,,,,,,,,https://cdn.shopify.com/s/files/1/0912/9351/6071/files/20240613_i1718262392_1344_3_jpg_2e575e24-4ea1-48ac-9187-2dcb28884dcf.jpg?v=1780914373,4,,,,,,,,,,,
large-handbag-40-in-black-calfskin,,,,,,,,,,,,,,,,,,,,,,,,,https://cdn.shopify.com/s/files/1/0912/9351/6071/files/20240613_i1718262392_2665_4_jpg_c940f31a-3548-4869-a1b4-7fa512ac8dde.jpg?v=1780914373,5,,,,,,,,,,,
large-handbag-40-in-black-calfskin,,,,,,,,,,,,,,,,,,,,,,,,,https://cdn.shopify.com/s/files/1/0912/9351/6071/files/20240613_i1718262392_5194_8_jpg_32f204a3-cfff-4e20-a2f7-6c5145c92189.jpg?v=1780914373,6,,,,,,,,,,,
large-handbag-40-in-black-calfskin,,,,,,,,,,,,,,,,,,,,,,,,,https://cdn.shopify.com/s/files/1/0912/9351/6071/files/20240613_i1718262392_6071_2_jpg_7b264b02-046d-40d9-8d0f-5d4856e2b441.jpg?v=1780914374,7,,,,,,,,,,,
large-handbag-40-in-black-calfskin,,,,,,,,,,,,,,,,,,,,,,,,,https://cdn.shopify.com/s/files/1/0912/9351/6071/files/20240613_i1718262392_6227_7_jpg_ee5d8dd3-1def-461c-9705-830c924b8fe1.jpg?v=1780914373,8,,,,,,,,,,,
large-handbag-40-in-black-calfskin,,,,,,,,,,,,,,,,,,,,,,,,,https://cdn.shopify.com/s/files/1/0912/9351/6071/files/20240613_i1718262392_7906_5_jpg_20ca1574-be64-458d-a0d6-a3a981ff1a21.jpg?v=1780914373,9,,,,,,,,,,,
mini-hobo-17-bag-in-silver-sheepskin,MINI HOBO 17 BAG IN SILVER SHEEPSKIN,"<ul>
<li><span data-mce-fragment=""1"">Color: Silver<br><br></span></li>
<li><span data-mce-fragment=""1""><span>Size: 17. x 5.5 x 14 cm<br><br></span></span></li>
<li>
<span data-mce-fragment=""1""><span>Material : Sheepskin<br></span></span><span data-mce-fragment=""1""><span><br></span></span><span data-mce-fragment=""1""><span></span></span>
</li>
<li> The products are 1:1 copies of the original version and they are the same from every detail.<br><br>
</li>
<li>Support return and exchange in 1 month if the product is defective or the customer is not satisfied with the product.
<div id=""chat-box-input-container-id"" class=""chat-box-input-container"">
<div id=""chatInput"" class=""chat-box-input--audit-2023 chat-box-input--to-focus win32"">
<div id=""chat-input-container-id"" class=""chat-input-container--audit-2023"">
<div class=""chat-input-container--audit-2023__left-layout"">
<div id=""chat-input-scroller-id"" class=""chat-input-scrollable"">
<div class=""chat-input-wrapper"">
<div id=""chat-input-content-id"" class=""chat-input-content""></div>
</div>
</div>
</div>
</div>
</div>
</div>
</li>
</ul>
<p> </p>
<ul></ul>",miumiu bag,,bag,"cross body bags, top handle",TRUE,Title,Default Title,,,,,,0,,0,deny,manual,336.00,,TRUE,FALSE,,https://cdn.shopify.com/s/files/1/0912/9351/6071/files/20230411_i1681195611_1691_0_jpg.jpg?v=1779877553,1,,,,,,g,,,,,active
mini-hobo-17-bag-in-silver-sheepskin,,,,,,,,,,,,,,,,,,,,,,,,,https://cdn.shopify.com/s/files/1/0912/9351/6071/files/20230411_i1681195611_2502_4_jpg_c16c7bf0-76f1-4652-ad43-ea7b411f6b8a.jpg?v=1779877553,2,,,,,,,,,,,
mini-hobo-17-bag-in-silver-sheepskin,,,,,,,,,,,,,,,,,,,,,,,,,https://cdn.shopify.com/s/files/1/0912/9351/6071/files/20230411_i1681195611_3723_1_jpg_f1ac8ba0-5451-414d-be84-24adf86619f8.jpg?v=1779877553,3,,,,,,,,,,,
mini-hobo-17-bag-in-silver-sheepskin,,,,,,,,,,,,,,,,,,,,,,,,,https://cdn.shopify.com/s/files/1/0912/9351/6071/files/20230411_i1681195611_6749_2_jpg_87df4151-7d8c-4ebb-8f2e-f3479453e2eb.jpg?v=1779877553,4,,,,,,,,,,,
mini-hobo-17-bag-in-silver-sheepskin,,,,,,,,,,,,,,,,,,,,,,,,,https://cdn.shopify.com/s/files/1/0912/9351/6071/files/20230411_i1681195611_2259_8_jpg_c9bdcb27-ec0b-4d20-aadb-c279806c7f41.jpg?v=1779877553,5,,,,,,,,,,,
mini-hobo-17-bag-in-silver-sheepskin,,,,,,,,,,,,,,,,,,,,,,,,,https://cdn.shopify.com/s/files/1/0912/9351/6071/files/20230411_i1681195611_5004_6_jpg_544752b2-ecc5-42da-92dc-68d7897cef12.jpg?v=1779877553,6,,,,,,,,,,,
mini-hobo-17-bag-in-silver-sheepskin,,,,,,,,,,,,,,,,,,,,,,,,,https://cdn.shopify.com/s/files/1/0912/9351/6071/files/20230411_i1681195611_3170_7_jpg_1cd6f2f4-f01c-42fb-a231-abe9b995f03c.jpg?v=1779877553,7,,,,,,,,,,,
mini-hobo-17-bag-in-silver-sheepskin,,,,,,,,,,,,,,,,,,,,,,,,,https://cdn.shopify.com/s/files/1/0912/9351/6071/files/20230411_i1681195611_1972_3_jpg_89710a43-4846-4a80-8d3c-83796d11f6b8.jpg?v=1779877553,8,,,,,,,,,,,
mini-hobo-17-bag-in-silver-sheepskin,,,,,,,,,,,,,,,,,,,,,,,,,https://cdn.shopify.com/s/files/1/0912/9351/6071/files/20230411_i1681195611_3709_5_jpg.jpg?v=1779877553,9,,,,,,,,,,,
wander-28-bag-in-green-eco-friendly-nylon,WANDER 28 BAG IN GREEN ECO - FRIENDLY NYLON,"<ul>
<li><span data-mce-fragment=""1"">Color: Green<br><br></span></li>
<li>
<span data-mce-fragment=""1""><span>Size: 28X14X9 cm<br><br></span></span><span data-mce-fragment=""1""><span></span></span>
</li>
<li>
<span data-mce-fragment=""1""><span>Material : ECO - FRIENDLY NYLON<br></span></span><span data-mce-fragment=""1""><span><br></span></span><span data-mce-fragment=""1""><span></span></span>
</li>
<li> The products are 1:1 copies of the original version and they are the same from every detail.<br><br>
</li>
<li>Support return and exchange in 1 month if the product is defective or the customer is not satisfied with the product.
<div id=""chat-box-input-container-id"" class=""chat-box-input-container"">
<div id=""chatInput"" class=""chat-box-input--audit-2023 chat-box-input--to-focus win32"">
<div id=""chat-input-container-id"" class=""chat-input-container--audit-2023"">
<div class=""chat-input-container--audit-2023__left-layout"">
<div id=""chat-input-scroller-id"" class=""chat-input-scrollable"">
<div class=""chat-input-wrapper"">
<div id=""chat-input-content-id"" class=""chat-input-content""></div>
</div>
</div>
</div>
</div>
</div>
</div>
</li>
</ul>
<p> </p>
<ul></ul>",miumiu bag,,bag,"shoulder bags, top handle",TRUE,Title,Default Title,,,,,,0,,0,deny,manual,346.50,,TRUE,FALSE,,https://cdn.shopify.com/s/files/1/0912/9351/6071/files/20220504_a1651648155849_1514_jpg.jpg?v=1759119238,1,,,,,,g,,,,,active
wander-28-bag-in-green-eco-friendly-nylon,,,,,,,,,,,,,,,,,,,,,,,,,https://cdn.shopify.com/s/files/1/0912/9351/6071/files/20220504_a1651648155982_0454_jpg.jpg?v=1759119238,2,,,,,,,,,,,
wander-28-bag-in-green-eco-friendly-nylon,,,,,,,,,,,,,,,,,,,,,,,,,https://cdn.shopify.com/s/files/1/0912/9351/6071/files/20220504_a1651648156057_5164_jpg.jpg?v=1759119238,3,,,,,,,,,,,
wander-28-bag-in-green-eco-friendly-nylon,,,,,,,,,,,,,,,,,,,,,,,,,https://cdn.shopify.com/s/files/1/0912/9351/6071/files/20220504_a1651648156153_3411_jpg.jpg?v=1759119238,4,,,,,,,,,,,
wander-28-bag-in-green-eco-friendly-nylon,,,,,,,,,,,,,,,,,,,,,,,,,https://cdn.shopify.com/s/files/1/0912/9351/6071/files/20220504_a1651648156255_4676_jpg.jpg?v=1759119238,5,,,,,,,,,,,
wander-28-bag-in-green-eco-friendly-nylon,,,,,,,,,,,,,,,,,,,,,,,,,https://cdn.shopify.com/s/files/1/0912/9351/6071/files/20220504_a1651648156352_3153_jpg.jpg?v=1759119238,6,,,,,,,,,,,
wander-28-bag-in-green-eco-friendly-nylon,,,,,,,,,,,,,,,,,,,,,,,,,https://cdn.shopify.com/s/files/1/0912/9351/6071/files/20220504_a1651648156544_5621_jpg.jpg?v=1759119238,7,,,,,,,,,,,
wander-28-bag-in-green-eco-friendly-nylon,,,,,,,,,,,,,,,,,,,,,,,,,https://cdn.shopify.com/s/files/1/0912/9351/6071/files/20220504_a1651648156764_1134_jpg.jpg?v=1759119238,8,,,,,,,,,,,
wander-28-bag-in-green-eco-friendly-nylon,,,,,,,,,,,,,,,,,,,,,,,,,https://cdn.shopify.com/s/files/1/0912/9351/6071/files/20220504_a1651648157240_8348_jpg.jpg?v=1759119238,9,,,,,,,,,,,
wander-28-bag-in-white-eco-friendly-nylon,WANDER 28 BAG IN WHITE ECO - FRIENDLY NYLON,"<ul>
<li><span data-mce-fragment=""1"">Color: White<br><br></span></li>
<li>
<span data-mce-fragment=""1""><span>Size: 28 X 14 X 9 cm<br><br></span></span><span data-mce-fragment=""1""><span></span></span>
</li>
<li>
<span data-mce-fragment=""1""><span>Material : ECO - FRIENDLY NYLON<br></span></span><span data-mce-fragment=""1""><span><br></span></span><span data-mce-fragment=""1""><span></span></span>
</li>
<li> The products are 1:1 copies of the original version and they are the same from every detail.<br><br>
</li>
<li>Support return and exchange in 1 month if the product is defective or the customer is not satisfied with the product.
<div id=""chat-box-input-container-id"" class=""chat-box-input-container"">
<div id=""chatInput"" class=""chat-box-input--audit-2023 chat-box-input--to-focus win32"">
<div id=""chat-input-container-id"" class=""chat-input-container--audit-2023"">
<div class=""chat-input-container--audit-2023__left-layout"">
<div id=""chat-input-scroller-id"" class=""chat-input-scrollable"">
<div class=""chat-input-wrapper"">
<div id=""chat-input-content-id"" class=""chat-input-content""></div>
</div>
</div>
</div>
</div>
</div>
</div>
</li>
</ul>
<p> </p>
<ul></ul>",miumiu bag,,bag,"shoulder bags, top handle",TRUE,Title,Default Title,,,,,,0,,0,deny,manual,273.00,,TRUE,FALSE,,https://cdn.shopify.com/s/files/1/0912/9351/6071/files/20220504_a1651648136479_5435_jpg.jpg?v=1759119215,1,,,,,,g,,,,,active
wander-28-bag-in-white-eco-friendly-nylon,,,,,,,,,,,,,,,,,,,,,,,,,https://cdn.shopify.com/s/files/1/0912/9351/6071/files/20220504_a1651648136589_1722_jpg.jpg?v=1759119215,2,,,,,,,,,,,
wander-28-bag-in-white-eco-friendly-nylon,,,,,,,,,,,,,,,,,,,,,,,,,https://cdn.shopify.com/s/files/1/0912/9351/6071/files/20220504_a1651648136788_1241_jpg.jpg?v=1759119215,3,,,,,,,,,,,
wander-28-bag-in-white-eco-friendly-nylon,,,,,,,,,,,,,,,,,,,,,,,,,https://cdn.shopify.com/s/files/1/0912/9351/6071/files/20220504_a1651648136677_0326_jpg.jpg?v=1759119215,4,,,,,,,,,,,
wander-28-bag-in-white-eco-friendly-nylon,,,,,,,,,,,,,,,,,,,,,,,,,https://cdn.shopify.com/s/files/1/0912/9351/6071/files/20220504_a1651648137064_6132_jpg.jpg?v=1759119215,5,,,,,,,,,,,
wander-28-bag-in-white-eco-friendly-nylon,,,,,,,,,,,,,,,,,,,,,,,,,https://cdn.shopify.com/s/files/1/0912/9351/6071/files/20220504_a1651648137162_7860_jpg.jpg?v=1759119215,6,,,,,,,,,,,
wander-28-bag-in-white-eco-friendly-nylon,,,,,,,,,,,,,,,,,,,,,,,,,https://cdn.shopify.com/s/files/1/0912/9351/6071/files/20220504_a1651648136917_0406_jpg.jpg?v=1759119215,7,,,,,,,,,,,
wander-28-bag-in-white-eco-friendly-nylon,,,,,,,,,,,,,,,,,,,,,,,,,https://cdn.shopify.com/s/files/1/0912/9351/6071/files/20220504_a1651648137165_1551_jpg.jpg?v=1759119215,8,,,,,,,,,,,
wander-28-bag-in-white-eco-friendly-nylon,,,,,,,,,,,,,,,,,,,,,,,,,https://cdn.shopify.com/s/files/1/0912/9351/6071/files/20220504_a1651648136986_2148_jpg.jpg?v=1759119215,9,,,,,,,,,,,
wander-28-bag-in-blue-mint-eco-friendly-nylon,WANDER 28 BAG IN BLUE MINT ECO - FRIENDLY NYLON,"<ul>
<li><span data-mce-fragment=""1"">Color: Blue Mint<br><br></span></li>
<li>
<span data-mce-fragment=""1""><span>Size: 28 X 14 X 9 cm<br><br></span></span><span data-mce-fragment=""1""><span></span></span>
</li>
<li>
<span data-mce-fragment=""1""><span>Material : ECO - FRIENDLY NYLON<br></span></span><span data-mce-fragment=""1""><span><br></span></span><span data-mce-fragment=""1""><span></span></span>
</li>
<li> The products are 1:1 copies of the original version and they are the same from every detail.<br><br>
</li>
<li>Support return and exchange in 1 month if the product is defective or the customer is not satisfied with the product.
<div class=""chat-box-input-container"" id=""chat-box-input-container-id"">
<div class=""chat-box-input--audit-2023 chat-box-input--to-focus win32"" id=""chatInput"">
<div class=""chat-input-container--audit-2023"" id=""chat-input-container-id"">
<div class=""chat-input-container--audit-2023__left-layout"">
<div class=""chat-input-scrollable"" id=""chat-input-scroller-id"">
<div class=""chat-input-wrapper"">
<div class=""chat-input-content"" id=""chat-input-content-id""></div>
</div>
</div>
</div>
</div>
</div>
</div>
</li>
</ul>
<p> </p>
<ul></ul>",miumiu bag,,bag,"shoulder bags, top handle",TRUE,Title,Default Title,,,,,,0,,0,deny,manual,273.00,,TRUE,FALSE,,https://cdn.shopify.com/s/files/1/0912/9351/6071/files/20220504_a1651648117327_0584_jpg.jpg?v=1759119203,1,,,,,,g,,,,,active
wander-28-bag-in-blue-mint-eco-friendly-nylon,,,,,,,,,,,,,,,,,,,,,,,,,https://cdn.shopify.com/s/files/1/0912/9351/6071/files/20220504_a1651648117471_5564_jpg.jpg?v=1759119203,2,,,,,,,,,,,
wander-28-bag-in-blue-mint-eco-friendly-nylon,,,,,,,,,,,,,,,,,,,,,,,,,https://cdn.shopify.com/s/files/1/0912/9351/6071/files/20220504_a1651648117600_6103_jpg.jpg?v=1759119203,3,,,,,,,,,,,
wander-28-bag-in-blue-mint-eco-friendly-nylon,,,,,,,,,,,,,,,,,,,,,,,,,https://cdn.shopify.com/s/files/1/0912/9351/6071/files/20220504_a1651648118354_7070_jpg.jpg?v=1759119203,4,,,,,,,,,,,
wander-28-bag-in-blue-mint-eco-friendly-nylon,,,,,,,,,,,,,,,,,,,,,,,,,https://cdn.shopify.com/s/files/1/0912/9351/6071/files/20220504_a1651648118457_5163_jpg.jpg?v=1759119203,5,,,,,,,,,,,
wander-28-bag-in-blue-mint-eco-friendly-nylon,,,,,,,,,,,,,,,,,,,,,,,,,https://cdn.shopify.com/s/files/1/0912/9351/6071/files/20220504_a1651648117712_3178_jpg.jpg?v=1759119203,6,,,,,,,,,,,
wander-28-bag-in-blue-mint-eco-friendly-nylon,,,,,,,,,,,,,,,,,,,,,,,,,https://cdn.shopify.com/s/files/1/0912/9351/6071/files/20220504_a1651648117810_1236_jpg.jpg?v=1759119203,7,,,,,,,,,,,
wander-28-bag-in-blue-mint-eco-friendly-nylon,,,,,,,,,,,,,,,,,,,,,,,,,https://cdn.shopify.com/s/files/1/0912/9351/6071/files/20220504_a1651648117924_5323_jpg.jpg?v=1759119203,8,,,,,,,,,,,
wander-28-bag-in-blue-mint-eco-friendly-nylon,,,,,,,,,,,,,,,,,,,,,,,,,https://cdn.shopify.com/s/files/1/0912/9351/6071/files/20220504_a1651648117970_8685_jpg.jpg?v=1759119203,9,,,,,,,,,,,
lady-20-handbag-in-crocodile-pattern-white-calfskin,LADY 20 HANDBAG IN CROCODILE PATTERN WHITE CALFSKIN,"<ul>
<li><span data-mce-fragment=""1"">Color: White <br><br></span></li>
<li>
<span data-mce-fragment=""1""><span>Size: 20 X 14.5 X 7 cm<br><br></span></span><span data-mce-fragment=""1""><span></span></span>
</li>
<li>
<span data-mce-fragment=""1""><span>Material : Calfskin<br></span></span><span data-mce-fragment=""1""><span><br></span></span><span data-mce-fragment=""1""><span></span></span>
</li>
<li> The products are 1:1 copies of the original version and they are the same from every detail.<br><br>
</li>
<li>Support return and exchange in 1 month if the product is defective or the customer is not satisfied with the product.
<div id=""chat-box-input-container-id"" class=""chat-box-input-container"">
<div id=""chatInput"" class=""chat-box-input--audit-2023 chat-box-input--to-focus win32"">
<div id=""chat-input-container-id"" class=""chat-input-container--audit-2023"">
<div class=""chat-input-container--audit-2023__left-layout"">
<div id=""chat-input-scroller-id"" class=""chat-input-scrollable"">
<div class=""chat-input-wrapper"">
<div id=""chat-input-content-id"" class=""chat-input-content""></div>
</div>
</div>
</div>
</div>
</div>
</div>
</li>
</ul>
<p> </p>
<ul></ul>",miumiu bag,,bag,"cross body bags, top handle",TRUE,Title,Default Title,,,,,,0,,0,deny,manual,304.50,,TRUE,FALSE,,https://cdn.shopify.com/s/files/1/0912/9351/6071/files/20210801_a1627748028892_0681_jpg.jpg?v=1759119169,1,,,,,,g,,,,,active
lady-20-handbag-in-crocodile-pattern-white-calfskin,,,,,,,,,,,,,,,,,,,,,,,,,https://cdn.shopify.com/s/files/1/0912/9351/6071/files/20210801_a1627748029014_3070_jpg.jpg?v=1759119169,2,,,,,,,,,,,
lady-20-handbag-in-crocodile-pattern-white-calfskin,,,,,,,,,,,,,,,,,,,,,,,,,https://cdn.shopify.com/s/files/1/0912/9351/6071/files/20210801_a1627748029388_4114_jpg.jpg?v=1759119169,3,,,,,,,,,,,
lady-20-handbag-in-crocodile-pattern-white-calfskin,,,,,,,,,,,,,,,,,,,,,,,,,https://cdn.shopify.com/s/files/1/0912/9351/6071/files/20210801_a1627748029180_3821_jpg.jpg?v=1759119169,4,,,,,,,,,,,
lady-20-handbag-in-crocodile-pattern-white-calfskin,,,,,,,,,,,,,,,,,,,,,,,,,https://cdn.shopify.com/s/files/1/0912/9351/6071/files/20210801_a1627748029097_5666_jpg.jpg?v=1759119169,5,,,,,,,,,,,
lady-20-handbag-in-crocodile-pattern-white-calfskin,,,,,,,,,,,,,,,,,,,,,,,,,https://cdn.shopify.com/s/files/1/0912/9351/6071/files/20210801_a1627748029289_0721_jpg.jpg?v=1759119169,6,,,,,,,,,,,
lady-20-handbag-in-crocodile-pattern-white-calfskin,,,,,,,,,,,,,,,,,,,,,,,,,https://cdn.shopify.com/s/files/1/0912/9351/6071/files/20210801_a1627748029554_1266_jpg.jpg?v=1759119169,7,,,,,,,,,,,
lady-20-handbag-in-crocodile-pattern-white-calfskin,,,,,,,,,,,,,,,,,,,,,,,,,https://cdn.shopify.com/s/files/1/0912/9351/6071/files/20210801_a1627748029803_0652_jpg.jpg?v=1759119169,8,,,,,,,,,,,
lady-20-handbag-in-crocodile-pattern-white-calfskin,,,,,,,,,,,,,,,,,,,,,,,,,https://cdn.shopify.com/s/files/1/0912/9351/6071/files/20210801_a1627748029472_5407_jpg.jpg?v=1759119169,9,,,,,,,,,,,
lady-20-handbag-in-crocodile-pattern-blue-mint-calfskin,LADY 20 HANDBAG IN CROCODILE PATTERN BLUE MINT CALFSKIN,"<ul>
<li><span data-mce-fragment=""1"">Color: Blue Mint<br><br></span></li>
<li>
<span data-mce-fragment=""1""><span>Size: 20 X 14.5 X 7 cm<br><br></span></span><span data-mce-fragment=""1""><span></span></span>
</li>
<li>
<span data-mce-fragment=""1""><span>Material : Calfskin<br></span></span><span data-mce-fragment=""1""><span><br></span></span><span data-mce-fragment=""1""><span></span></span>
</li>
<li> The products are 1:1 copies of the original version and they are the same from every detail.<br><br>
</li>
<li>Support return and exchange in 1 month if the product is defective or the customer is not satisfied with the product.
<div id=""chat-box-input-container-id"" class=""chat-box-input-container"">
<div id=""chatInput"" class=""chat-box-input--audit-2023 chat-box-input--to-focus win32"">
<div id=""chat-input-container-id"" class=""chat-input-container--audit-2023"">
<div class=""chat-input-container--audit-2023__left-layout"">
<div id=""chat-input-scroller-id"" class=""chat-input-scrollable"">
<div class=""chat-input-wrapper"">
<div id=""chat-input-content-id"" class=""chat-input-content""></div>
</div>
</div>
</div>
</div>
</div>
</div>
</li>
</ul>
<p> </p>
<ul></ul>",miumiu bag,,bag,"cross body bags, top handle",TRUE,Title,Default Title,,,,,,0,,0,deny,manual,304.50,,TRUE,FALSE,,https://cdn.shopify.com/s/files/1/0912/9351/6071/files/20210801_a1627748124142_6126_jpg.jpg?v=1759119192,1,,,,,,g,,,,,active
lady-20-handbag-in-crocodile-pattern-blue-mint-calfskin,,,,,,,,,,,,,,,,,,,,,,,,,https://cdn.shopify.com/s/files/1/0912/9351/6071/files/20210801_a1627748124211_5503_jpg.jpg?v=1759119192,2,,,,,,,,,,,
lady-20-handbag-in-crocodile-pattern-blue-mint-calfskin,,,,,,,,,,,,,,,,,,,,,,,,,https://cdn.shopify.com/s/files/1/0912/9351/6071/files/20210801_a1627748124292_3746_jpg.jpg?v=1759119192,3,,,,,,,,,,,
lady-20-handbag-in-crocodile-pattern-blue-mint-calfskin,,,,,,,,,,,,,,,,,,,,,,,,,https://cdn.shopify.com/s/files/1/0912/9351/6071/files/20210801_a1627748124566_4746_jpg.jpg?v=1759119192,4,,,,,,,,,,,
lady-20-handbag-in-crocodile-pattern-blue-mint-calfskin,,,,,,,,,,,,,,,,,,,,,,,,,https://cdn.shopify.com/s/files/1/0912/9351/6071/files/20210801_a1627748124475_3003_jpg.jpg?v=1759119192,5,,,,,,,,,,,
lady-20-handbag-in-crocodile-pattern-blue-mint-calfskin,,,,,,,,,,,,,,,,,,,,,,,,,https://cdn.shopify.com/s/files/1/0912/9351/6071/files/20210801_a1627748124640_0651_jpg.jpg?v=1759119192,6,,,,,,,,,,,
lady-20-handbag-in-crocodile-pattern-blue-mint-calfskin,,,,,,,,,,,,,,,,,,,,,,,,,https://cdn.shopify.com/s/files/1/0912/9351/6071/files/20210801_a1627748124742_5548_jpg.jpg?v=1759119192,7,,,,,,,,,,,
lady-20-handbag-in-crocodile-pattern-blue-mint-calfskin,,,,,,,,,,,,,,,,,,,,,,,,,https://cdn.shopify.com/s/files/1/0912/9351/6071/files/20210801_a1627748125017_8301_jpg.jpg?v=1759119192,8,,,,,,,,,,,
lady-20-handbag-in-crocodile-pattern-blue-mint-calfskin,,,,,,,,,,,,,,,,,,,,,,,,,https://cdn.shopify.com/s/files/1/0912/9351/6071/files/20210801_a1627748124377_4678_jpg.jpg?v=1759119192,9,,,,,,,,,,,
lady-20-handbag-in-crocodile-pattern-pink-pastel-calfskin,LADY 20 HANDBAG IN CROCODILE PATTERN PINK PASTEL CALFSKIN,"<ul>
<li><span data-mce-fragment=""1"">Color: Pink Pastel<br><br></span></li>
<li>
<span data-mce-fragment=""1""><span>Size: 20 X 14.5 X 7 cm<br><br></span></span><span data-mce-fragment=""1""><span></span></span>
</li>
<li>
<span data-mce-fragment=""1""><span>Material : Calfskin<br></span></span><span data-mce-fragment=""1""><span><br></span></span><span data-mce-fragment=""1""><span></span></span>
</li>
<li> The products are 1:1 copies of the original version and they are the same from every detail.<br><br>
</li>
<li>Support return and exchange in 1 month if the product is defective or the customer is not satisfied with the product.
<div class=""chat-box-input-container"" id=""chat-box-input-container-id"">
<div class=""chat-box-input--audit-2023 chat-box-input--to-focus win32"" id=""chatInput"">
<div class=""chat-input-container--audit-2023"" id=""chat-input-container-id"">
<div class=""chat-input-container--audit-2023__left-layout"">
<div class=""chat-input-scrollable"" id=""chat-input-scroller-id"">
<div class=""chat-input-wrapper"">
<div class=""chat-input-content"" id=""chat-input-content-id""></div>
</div>
</div>
</div>
</div>
</div>
</div>
</li>
</ul>
<p> </p>
<ul></ul>",miumiu bag,,bag,"cross body bags, top handle",TRUE,Title,Default Title,,,,,,0,,0,deny,manual,304.50,,TRUE,FALSE,,https://cdn.shopify.com/s/files/1/0912/9351/6071/files/20210801_a1627748066588_6056_jpg.jpg?v=1759119180,1,,,,,,g,,,,,active
lady-20-handbag-in-crocodile-pattern-pink-pastel-calfskin,,,,,,,,,,,,,,,,,,,,,,,,,https://cdn.shopify.com/s/files/1/0912/9351/6071/files/20210801_a1627748067361_6101_jpg.jpg?v=1759119180,2,,,,,,,,,,,
lady-20-handbag-in-crocodile-pattern-pink-pastel-calfskin,,,,,,,,,,,,,,,,,,,,,,,,,https://cdn.shopify.com/s/files/1/0912/9351/6071/files/20210801_a1627748066688_5053_jpg.jpg?v=1759119180,3,,,,,,,,,,,
lady-20-handbag-in-crocodile-pattern-pink-pastel-calfskin,,,,,,,,,,,,,,,,,,,,,,,,,https://cdn.shopify.com/s/files/1/0912/9351/6071/files/20210801_a1627748066855_1713_jpg.jpg?v=1759119180,4,,,,,,,,,,,
lady-20-handbag-in-crocodile-pattern-pink-pastel-calfskin,,,,,,,,,,,,,,,,,,,,,,,,,https://cdn.shopify.com/s/files/1/0912/9351/6071/files/20210801_a1627748066775_0857_jpg.jpg?v=1759119180,5,,,,,,,,,,,
lady-20-handbag-in-crocodile-pattern-pink-pastel-calfskin,,,,,,,,,,,,,,,,,,,,,,,,,https://cdn.shopify.com/s/files/1/0912/9351/6071/files/20210801_a1627748066945_5108_jpg.jpg?v=1759119180,6,,,,,,,,,,,
lady-20-handbag-in-crocodile-pattern-pink-pastel-calfskin,,,,,,,,,,,,,,,,,,,,,,,,,https://cdn.shopify.com/s/files/1/0912/9351/6071/files/20210801_a1627748067155_4138_jpg.jpg?v=1759119180,7,,,,,,,,,,,
lady-20-handbag-in-crocodile-pattern-pink-pastel-calfskin,,,,,,,,,,,,,,,,,,,,,,,,,https://cdn.shopify.com/s/files/1/0912/9351/6071/files/20210801_a1627748067702_4223_jpg.jpg?v=1759119180,8,,,,,,,,,,,
lady-20-handbag-in-crocodile-pattern-pink-pastel-calfskin,,,,,,,,,,,,,,,,,,,,,,,,,https://cdn.shopify.com/s/files/1/0912/9351/6071/files/20210801_a1627748067018_3400_jpg.jpg?v=1759119180,9,,,,,,,,,,,
handbag-19-in-black-calfskin-with-crystal,HANDBAG 19 IN BLACK CALFSKIN WITH CRYSTAL,"<ul>
<li><span data-mce-fragment=""1"">Color: Black <br><br></span></li>
<li>
<span data-mce-fragment=""1""><span>Size: Bottom length 19 cm, Opening width 25.5 cm, Height 14 cm, Bottom width 10 cm<br><br></span></span><span data-mce-fragment=""1""><span></span></span>
</li>
<li>
<span data-mce-fragment=""1""><span>Material : Calfskin<br></span></span><span data-mce-fragment=""1""><span><br></span></span><span data-mce-fragment=""1""><span></span></span>
</li>
<li> The products are 1:1 copies of the original version and they are the same from every detail.<br><br>
</li>
<li>Support return and exchange in 1 month if the product is defective or the customer is not satisfied with the product.
<div class=""chat-box-input-container"" id=""chat-box-input-container-id"">
<div class=""chat-box-input--audit-2023 chat-box-input--to-focus win32"" id=""chatInput"">
<div class=""chat-input-container--audit-2023"" id=""chat-input-container-id"">
<div class=""chat-input-container--audit-2023__left-layout"">
<div class=""chat-input-scrollable"" id=""chat-input-scroller-id"">
<div class=""chat-input-wrapper"">
<div class=""chat-input-content"" id=""chat-input-content-id""></div>
</div>
</div>
</div>
</div>
</div>
</div>
</li>
</ul>
<p> </p>
<ul></ul>",miumiu bag,,bag,shoulder bags,TRUE,Title,Default Title,,,,,,0,,0,deny,manual,283.50,,TRUE,FALSE,,https://cdn.shopify.com/s/files/1/0912/9351/6071/files/20220120_a1642658227242_5412_jpg.jpg?v=1759119158,1,,,,,,g,,,,,active
handbag-19-in-black-calfskin-with-crystal,,,,,,,,,,,,,,,,,,,,,,,,,https://cdn.shopify.com/s/files/1/0912/9351/6071/files/20220120_a1642658227368_6857_jpg.jpg?v=1759119158,2,,,,,,,,,,,
handbag-19-in-black-calfskin-with-crystal,,,,,,,,,,,,,,,,,,,,,,,,,https://cdn.shopify.com/s/files/1/0912/9351/6071/files/20220120_a1642658227453_3088_jpg.jpg?v=1759119158,3,,,,,,,,,,,
handbag-19-in-black-calfskin-with-crystal,,,,,,,,,,,,,,,,,,,,,,,,,https://cdn.shopify.com/s/files/1/0912/9351/6071/files/20220120_a1642658227674_6572_jpg.jpg?v=1759119158,4,,,,,,,,,,,
handbag-19-in-black-calfskin-with-crystal,,,,,,,,,,,,,,,,,,,,,,,,,https://cdn.shopify.com/s/files/1/0912/9351/6071/files/20220120_a1642658227834_6074_jpg.jpg?v=1759119158,5,,,,,,,,,,,
handbag-19-in-black-calfskin-with-crystal,,,,,,,,,,,,,,,,,,,,,,,,,https://cdn.shopify.com/s/files/1/0912/9351/6071/files/20220120_a1642658228188_6016_jpg.jpg?v=1759119158,6,,,,,,,,,,,
handbag-19-in-black-calfskin-with-crystal,,,,,,,,,,,,,,,,,,,,,,,,,https://cdn.shopify.com/s/files/1/0912/9351/6071/files/20220120_a1642658227751_7533_jpg.jpg?v=1759119158,7,,,,,,,,,,,
handbag-19-in-black-calfskin-with-crystal,,,,,,,,,,,,,,,,,,,,,,,,,https://cdn.shopify.com/s/files/1/0912/9351/6071/files/20220120_a1642658227977_5440_jpg.jpg?v=1759119158,8,,,,,,,,,,,
handbag-19-in-black-calfskin-with-crystal,,,,,,,,,,,,,,,,,,,,,,,,,https://cdn.shopify.com/s/files/1/0912/9351/6071/files/20220120_a1642658227546_0057_jpg.jpg?v=1759119158,9,,,,,,,,,,,
matelasse-21-bag-in-navy-blue-denim,MATELASSÉ 21 BAG IN NAVY BLUE DENIM,"<ul>
<li><span data-mce-fragment=""1"">Color: Navy Blue<br><br></span></li>
<li>
<span data-mce-fragment=""1""><span>Size: 16.5 x 21 x 5.5 cm<br><br></span></span><span data-mce-fragment=""1""><span></span></span>
</li>
<li>
<span data-mce-fragment=""1""><span>Material : Denim<br></span></span><span data-mce-fragment=""1""><span><br></span></span><span data-mce-fragment=""1""><span></span></span>
</li>
<li> The products are 1:1 copies of the original version and they are the same from every detail.<br><br>
</li>
<li>Support return and exchange in 1 month if the product is defective or the customer is not satisfied with the product.
<div class=""chat-box-input-container"" id=""chat-box-input-container-id"">
<div class=""chat-box-input--audit-2023 chat-box-input--to-focus win32"" id=""chatInput"">
<div class=""chat-input-container--audit-2023"" id=""chat-input-container-id"">
<div class=""chat-input-container--audit-2023__left-layout"">
<div class=""chat-input-scrollable"" id=""chat-input-scroller-id"">
<div class=""chat-input-wrapper"">
<div class=""chat-input-content"" id=""chat-input-content-id""></div>
</div>
</div>
</div>
</div>
</div>
</div>
</li>
</ul>
<p> </p>
<ul></ul>",miumiu bag,,bag,"hobo bag, shoulder bags",TRUE,Title,Default Title,,,,,,0,,0,deny,manual,262.50,,TRUE,FALSE,,https://cdn.shopify.com/s/files/1/0912/9351/6071/files/20220118_a1642479975059_2401_jpg.jpg?v=1759119146,1,,,,,,g,,,,,active
matelasse-21-bag-in-navy-blue-denim,,,,,,,,,,,,,,,,,,,,,,,,,https://cdn.shopify.com/s/files/1/0912/9351/6071/files/20220118_a1642479975245_3076_jpg.jpg?v=1759119146,2,,,,,,,,,,,
matelasse-21-bag-in-navy-blue-denim,,,,,,,,,,,,,,,,,,,,,,,,,https://cdn.shopify.com/s/files/1/0912/9351/6071/files/20220118_a1642479975144_1315_jpg.jpg?v=1759119146,3,,,,,,,,,,,
matelasse-21-bag-in-navy-blue-denim,,,,,,,,,,,,,,,,,,,,,,,,,https://cdn.shopify.com/s/files/1/0912/9351/6071/files/20220118_a1642479975341_2112_jpg.jpg?v=1759119146,4,,,,,,,,,,,
matelasse-21-bag-in-navy-blue-denim,,,,,,,,,,,,,,,,,,,,,,,,,https://cdn.shopify.com/s/files/1/0912/9351/6071/files/20220118_a1642479975466_3531_jpg.jpg?v=1759119146,5,,,,,,,,,,,
matelasse-21-bag-in-navy-blue-denim,,,,,,,,,,,,,,,,,,,,,,,,,https://cdn.shopify.com/s/files/1/0912/9351/6071/files/20220118_a1642479975540_1800_jpg.jpg?v=1759119146,6,,,,,,,,,,,
matelasse-21-bag-in-navy-blue-denim,,,,,,,,,,,,,,,,,,,,,,,,,https://cdn.shopify.com/s/files/1/0912/9351/6071/files/20220118_a1642479975617_3588_jpg.jpg?v=1759119146,7,,,,,,,,,,,
matelasse-21-bag-in-navy-blue-denim,,,,,,,,,,,,,,,,,,,,,,,,,https://cdn.shopify.com/s/files/1/0912/9351/6071/files/20220118_a1642479975753_0702_jpg.jpg?v=1759119146,8,,,,,,,,,,,
tote-18-bag-in-navy-blue-denim,TOTE 18 BAG IN NAVY BLUE DENIM,"<ul>
<li><span data-mce-fragment=""1"">Color: Navy Blue <br><br></span></li>
<li>
<span data-mce-fragment=""1""><span>Size: 18 x 15 x 5 cm<br><br></span></span><span data-mce-fragment=""1""><span></span></span>
</li>
<li>
<span data-mce-fragment=""1""><span>Material : Denim<br></span></span><span data-mce-fragment=""1""><span><br></span></span><span data-mce-fragment=""1""><span></span></span>
</li>
<li> The products are 1:1 copies of the original version and they are the same from every detail.<br><br>
</li>
<li>Support return and exchange in 1 month if the product is defective or the customer is not satisfied with the product.
<div id=""chat-box-input-container-id"" class=""chat-box-input-container"">
<div id=""chatInput"" class=""chat-box-input--audit-2023 chat-box-input--to-focus win32"">
<div id=""chat-input-container-id"" class=""chat-input-container--audit-2023"">
<div class=""chat-input-container--audit-2023__left-layout"">
<div id=""chat-input-scroller-id"" class=""chat-input-scrollable"">
<div class=""chat-input-wrapper"">
<div id=""chat-input-content-id"" class=""chat-input-content""></div>
</div>
</div>
</div>
</div>
</div>
</div>
</li>
</ul>
<p> </p>
<ul></ul>",miumiu bag,,bag,"shoulder bags, top handle",TRUE,Title,Default Title,,,,,,0,,0,deny,manual,262.50,,TRUE,FALSE,,https://cdn.shopify.com/s/files/1/0912/9351/6071/files/20220118_a1642479291199_3407_jpg.jpg?v=1759119124,1,,,,,,g,,,,,active
tote-18-bag-in-navy-blue-denim,,,,,,,,,,,,,,,,,,,,,,,,,https://cdn.shopify.com/s/files/1/0912/9351/6071/files/20220118_a1642479291336_6038_jpg.jpg?v=1759119124,2,,,,,,,,,,,
tote-18-bag-in-navy-blue-denim,,,,,,,,,,,,,,,,,,,,,,,,,https://cdn.shopify.com/s/files/1/0912/9351/6071/files/20220118_a1642479291467_8131_jpg.jpg?v=1759119124,3,,,,,,,,,,,
tote-18-bag-in-navy-blue-denim,,,,,,,,,,,,,,,,,,,,,,,,,https://cdn.shopify.com/s/files/1/0912/9351/6071/files/20220118_a1642479291723_1040_jpg.jpg?v=1759119124,4,,,,,,,,,,,
tote-18-bag-in-navy-blue-denim,,,,,,,,,,,,,,,,,,,,,,,,,https://cdn.shopify.com/s/files/1/0912/9351/6071/files/20220118_a1642479291524_0865_jpg.jpg?v=1759119124,5,,,,,,,,,,,
tote-18-bag-in-navy-blue-denim,,,,,,,,,,,,,,,,,,,,,,,,,https://cdn.shopify.com/s/files/1/0912/9351/6071/files/20220118_a1642479291823_1424_jpg.jpg?v=1759119124,6,,,,,,,,,,,
tote-18-bag-in-navy-blue-denim,,,,,,,,,,,,,,,,,,,,,,,,,https://cdn.shopify.com/s/files/1/0912/9351/6071/files/20220118_a1642479291657_7343_jpg.jpg?v=1759119124,7,,,,,,,,,,,
tote-18-bag-in-navy-blue-denim,,,,,,,,,,,,,,,,,,,,,,,,,https://cdn.shopify.com/s/files/1/0912/9351/6071/files/20220118_a1642479291921_7562_jpg.jpg?v=1759119124,8,,,,,,,,,,,
tote-18-bag-in-navy-blue-denim,,,,,,,,,,,,,,,,,,,,,,,,,https://cdn.shopify.com/s/files/1/0912/9351/6071/files/20220118_a1642479292014_5818_jpg.jpg?v=1759119124,9,,,,,,,,,,,
matelasse-21-bag-in-white-satin,MATELASSÉ 21 BAG IN WHITE SATIN,"<ul>
<li><span data-mce-fragment=""1"">Color: White<br><br></span></li>
<li>
<span data-mce-fragment=""1""><span>Size: 16.5 x 21 x 5.5 cm<br><br></span></span><span data-mce-fragment=""1""><span></span></span>
</li>
<li>
<span data-mce-fragment=""1""><span>Material : Satin<br></span></span><span data-mce-fragment=""1""><span><br></span></span><span data-mce-fragment=""1""><span></span></span>
</li>
<li> The products are 1:1 copies of the original version and they are the same from every detail.<br><br>
</li>
<li>Support return and exchange in 1 month if the product is defective or the customer is not satisfied with the product.
<div id=""chat-box-input-container-id"" class=""chat-box-input-container"">
<div id=""chatInput"" class=""chat-box-input--audit-2023 chat-box-input--to-focus win32"">
<div id=""chat-input-container-id"" class=""chat-input-container--audit-2023"">
<div class=""chat-input-container--audit-2023__left-layout"">
<div id=""chat-input-scroller-id"" class=""chat-input-scrollable"">
<div class=""chat-input-wrapper"">
<div id=""chat-input-content-id"" class=""chat-input-content""></div>
</div>
</div>
</div>
</div>
</div>
</div>
</li>
</ul>
<p> </p>
<ul></ul>",miumiu bag,,bag,"hobo bag, shoulder bags",TRUE,Title,Default Title,,,,,,0,,0,deny,manual,262.50,,TRUE,FALSE,,https://cdn.shopify.com/s/files/1/0912/9351/6071/files/20220118_a1642479856821_3543_jpg.jpg?v=1759119135,1,,,,,,g,,,,,active
matelasse-21-bag-in-white-satin,,,,,,,,,,,,,,,,,,,,,,,,,https://cdn.shopify.com/s/files/1/0912/9351/6071/files/20220118_a1642479856735_7854_jpg.jpg?v=1759119135,2,,,,,,,,,,,
matelasse-21-bag-in-white-satin,,,,,,,,,,,,,,,,,,,,,,,,,https://cdn.shopify.com/s/files/1/0912/9351/6071/files/20220118_a1642479856948_1731_jpg.jpg?v=1759119135,3,,,,,,,,,,,
matelasse-21-bag-in-white-satin,,,,,,,,,,,,,,,,,,,,,,,,,https://cdn.shopify.com/s/files/1/0912/9351/6071/files/20220118_a1642479857022_1200_jpg.jpg?v=1759119135,4,,,,,,,,,,,
matelasse-21-bag-in-white-satin,,,,,,,,,,,,,,,,,,,,,,,,,https://cdn.shopify.com/s/files/1/0912/9351/6071/files/20220118_a1642479857100_8378_jpg.jpg?v=1759119135,5,,,,,,,,,,,
matelasse-21-bag-in-white-satin,,,,,,,,,,,,,,,,,,,,,,,,,https://cdn.shopify.com/s/files/1/0912/9351/6071/files/20220118_a1642479857190_1138_jpg.jpg?v=1759119135,6,,,,,,,,,,,
matelasse-21-bag-in-white-satin,,,,,,,,,,,,,,,,,,,,,,,,,https://cdn.shopify.com/s/files/1/0912/9351/6071/files/20220118_a1642479857262_7571_jpg.jpg?v=1759119135,7,,,,,,,,,,,
matelasse-21-bag-in-white-satin,,,,,,,,,,,,,,,,,,,,,,,,,https://cdn.shopify.com/s/files/1/0912/9351/6071/files/20220118_a1642479857348_3555_jpg.jpg?v=1759119135,8,,,,,,,,,,,
matelasse-21-bag-in-white-satin,,,,,,,,,,,,,,,,,,,,,,,,,https://cdn.shopify.com/s/files/1/0912/9351/6071/files/20220118_a1642479857548_3001_jpg.jpg?v=1759119135,9,,,,,,,,,,,
tote-18-bag-in-white-calfskin,TOTE 18 BAG IN WHITE CALFSKIN,"<ul>
<li><span data-mce-fragment=""1"">Color: White<br><br></span></li>
<li>
<span data-mce-fragment=""1""><span>Size: 18 x 15 x 5 cm<br><br></span></span><span data-mce-fragment=""1""><span></span></span>
</li>
<li>
<span data-mce-fragment=""1""><span>Material : Calfskin<br></span></span><span data-mce-fragment=""1""><span><br></span></span><span data-mce-fragment=""1""><span></span></span>
</li>
<li> The products are 1:1 copies of the original version and they are the same from every detail.<br><br>
</li>
<li>Support return and exchange in 1 month if the product is defective or the customer is not satisfied with the product.
<div class=""chat-box-input-container"" id=""chat-box-input-container-id"">
<div class=""chat-box-input--audit-2023 chat-box-input--to-focus win32"" id=""chatInput"">
<div class=""chat-input-container--audit-2023"" id=""chat-input-container-id"">
<div class=""chat-input-container--audit-2023__left-layout"">
<div class=""chat-input-scrollable"" id=""chat-input-scroller-id"">
<div class=""chat-input-wrapper"">
<div class=""chat-input-content"" id=""chat-input-content-id""></div>
</div>
</div>
</div>
</div>
</div>
</div>
</li>
</ul>
<p> </p>
<ul></ul>",miumiu bag,,bag,"shoulder bags, top handle",TRUE,Title,Default Title,,,,,,0,,0,deny,manual,262.50,,TRUE,FALSE,,https://cdn.shopify.com/s/files/1/0912/9351/6071/files/20220118_a1642479123229_1104_jpg.jpg?v=1759119111,1,,,,,,g,,,,,active
tote-18-bag-in-white-calfskin,,,,,,,,,,,,,,,,,,,,,,,,,https://cdn.shopify.com/s/files/1/0912/9351/6071/files/20220118_a1642479123321_2014_jpg.jpg?v=1759119111,2,,,,,,,,,,,
tote-18-bag-in-white-calfskin,,,,,,,,,,,,,,,,,,,,,,,,,https://cdn.shopify.com/s/files/1/0912/9351/6071/files/20220118_a1642479123411_2763_jpg.jpg?v=1759119111,3,,,,,,,,,,,
tote-18-bag-in-white-calfskin,,,,,,,,,,,,,,,,,,,,,,,,,https://cdn.shopify.com/s/files/1/0912/9351/6071/files/20220118_a1642479123567_7244_jpg.jpg?v=1759119111,4,,,,,,,,,,,
tote-18-bag-in-white-calfskin,,,,,,,,,,,,,,,,,,,,,,,,,https://cdn.shopify.com/s/files/1/0912/9351/6071/files/20220118_a1642479123484_4246_jpg.jpg?v=1759119111,5,,,,,,,,,,,
tote-18-bag-in-white-calfskin,,,,,,,,,,,,,,,,,,,,,,,,,https://cdn.shopify.com/s/files/1/0912/9351/6071/files/20220118_a1642479123636_5257_jpg.jpg?v=1759119111,6,,,,,,,,,,,
tote-18-bag-in-white-calfskin,,,,,,,,,,,,,,,,,,,,,,,,,https://cdn.shopify.com/s/files/1/0912/9351/6071/files/20220118_a1642479123766_8508_jpg.jpg?v=1759119111,7,,,,,,,,,,,
tote-18-bag-in-white-calfskin,,,,,,,,,,,,,,,,,,,,,,,,,https://cdn.shopify.com/s/files/1/0912/9351/6071/files/20220118_a1642479123698_4026_jpg.jpg?v=1759119111,8,,,,,,,,,,,
tote-18-bag-in-white-calfskin,,,,,,,,,,,,,,,,,,,,,,,,,https://cdn.shopify.com/s/files/1/0912/9351/6071/files/20220118_a1642479123837_4687_jpg.jpg?v=1759119111,9,,,,,,,,,,,
lady-20-handbag-in-crocodile-pattern-black-calfskin,LADY 20 HANDBAG IN CROCODILE PATTERN BLACK CALFSKIN,"<ul>
<li><span data-mce-fragment=""1"">Color: Black<br><br></span></li>
<li>
<span data-mce-fragment=""1""><span>Size: 12.5 x 20 x 5.5 cm<br><br></span></span><span data-mce-fragment=""1""><span></span></span>
</li>
<li>
<span data-mce-fragment=""1""><span>Material :Calfskin<br></span></span><span data-mce-fragment=""1""><span><br></span></span><span data-mce-fragment=""1""><span></span></span>
</li>
<li> The products are 1:1 copies of the original version and they are the same from every detail.<br><br>
</li>
<li>Support return and exchange in 1 month if the product is defective or the customer is not satisfied with the product.
<div id=""chat-box-input-container-id"" class=""chat-box-input-container"">
<div id=""chatInput"" class=""chat-box-input--audit-2023 chat-box-input--to-focus win32"">
<div id=""chat-input-container-id"" class=""chat-input-container--audit-2023"">
<div class=""chat-input-container--audit-2023__left-layout"">
<div id=""chat-input-scroller-id"" class=""chat-input-scrollable"">
<div class=""chat-input-wrapper"">
<div id=""chat-input-content-id"" class=""chat-input-content""></div>
</div>
</div>
</div>
</div>
</div>
</div>
</li>
</ul>
<p> </p>
<ul></ul>",miumiu bag,,bag,cross body bags,TRUE,Title,Default Title,,,,,,0,,0,deny,manual,283.50,,TRUE,FALSE,,https://cdn.shopify.com/s/files/1/0912/9351/6071/files/20210801_a1627748302293_5480_jpg.jpg?v=1759119098,1,,,,,,g,,,,,active
lady-20-handbag-in-crocodile-pattern-black-calfskin,,,,,,,,,,,,,,,,,,,,,,,,,https://cdn.shopify.com/s/files/1/0912/9351/6071/files/20210801_a1627748302392_5504_jpg.jpg?v=1759119098,2,,,,,,,,,,,
lady-20-handbag-in-crocodile-pattern-black-calfskin,,,,,,,,,,,,,,,,,,,,,,,,,https://cdn.shopify.com/s/files/1/0912/9351/6071/files/20210801_a1627748302991_1560_jpg.jpg?v=1759119098,3,,,,,,,,,,,
lady-20-handbag-in-crocodile-pattern-black-calfskin,,,,,,,,,,,,,,,,,,,,,,,,,https://cdn.shopify.com/s/files/1/0912/9351/6071/files/20210801_a1627748302492_3524_jpg.jpg?v=1759119098,4,,,,,,,,,,,
lady-20-handbag-in-crocodile-pattern-black-calfskin,,,,,,,,,,,,,,,,,,,,,,,,,https://cdn.shopify.com/s/files/1/0912/9351/6071/files/20210801_a1627748302575_7407_jpg.jpg?v=1759119098,5,,,,,,,,,,,
lady-20-handbag-in-crocodile-pattern-black-calfskin,,,,,,,,,,,,,,,,,,,,,,,,,https://cdn.shopify.com/s/files/1/0912/9351/6071/files/20210801_a1627748302757_8130_jpg.jpg?v=1759119098,6,,,,,,,,,,,
lady-20-handbag-in-crocodile-pattern-black-calfskin,,,,,,,,,,,,,,,,,,,,,,,,,https://cdn.shopify.com/s/files/1/0912/9351/6071/files/20210801_a1627748303584_6871_jpg.jpg?v=1759119098,7,,,,,,,,,,,
lady-20-handbag-in-crocodile-pattern-black-calfskin,,,,,,,,,,,,,,,,,,,,,,,,,https://cdn.shopify.com/s/files/1/0912/9351/6071/files/20210801_a1627748302680_8863_jpg.jpg?v=1759119098,8,,,,,,,,,,,
lady-20-handbag-in-crocodile-pattern-black-calfskin,,,,,,,,,,,,,,,,,,,,,,,,,https://cdn.shopify.com/s/files/1/0912/9351/6071/files/20210801_a1627748302861_6611_jpg.jpg?v=1759119098,9,,,,,,,,,,,
lady-20-handbag-in-crocodile-pattern-light-pink-calfskin,LADY 20 HANDBAG IN CROCODILE PATTERN LIGHT PINK CALFSKIN,"<ul>
<li><span data-mce-fragment=""1"">Color: Light Pink<br><br></span></li>
<li>
<span data-mce-fragment=""1""><span>Size: 12.5 x 20 x 5.5 cm<br><br></span></span><span data-mce-fragment=""1""><span></span></span>
</li>
<li>
<span data-mce-fragment=""1""><span>Material :Calfskin<br></span></span><span data-mce-fragment=""1""><span><br></span></span><span data-mce-fragment=""1""><span></span></span>
</li>
<li> The products are 1:1 copies of the original version and they are the same from every detail.<br><br>
</li>
<li>Support return and exchange in 1 month if the product is defective or the customer is not satisfied with the product.
<div class=""chat-box-input-container"" id=""chat-box-input-container-id"">
<div class=""chat-box-input--audit-2023 chat-box-input--to-focus win32"" id=""chatInput"">
<div class=""chat-input-container--audit-2023"" id=""chat-input-container-id"">
<div class=""chat-input-container--audit-2023__left-layout"">
<div class=""chat-input-scrollable"" id=""chat-input-scroller-id"">
<div class=""chat-input-wrapper"">
<div class=""chat-input-content"" id=""chat-input-content-id""></div>
</div>
</div>
</div>
</div>
</div>
</div>
</li>
</ul>
<p> </p>
<ul></ul>",miumiu bag,,bag,cross body bags,TRUE,Title,Default Title,,,,,,0,,0,deny,manual,283.50,,TRUE,FALSE,,https://cdn.shopify.com/s/files/1/0912/9351/6071/files/20210801_a1627748263116_1027_jpg.jpg?v=1759119087,1,,,,,,g,,,,,active
lady-20-handbag-in-crocodile-pattern-light-pink-calfskin,,,,,,,,,,,,,,,,,,,,,,,,,https://cdn.shopify.com/s/files/1/0912/9351/6071/files/20210801_a1627748263207_7415_jpg.jpg?v=1759119087,2,,,,,,,,,,,
lady-20-handbag-in-crocodile-pattern-light-pink-calfskin,,,,,,,,,,,,,,,,,,,,,,,,,https://cdn.shopify.com/s/files/1/0912/9351/6071/files/20210801_a1627748263554_6870_jpg.jpg?v=1759119087,3,,,,,,,,,,,
lady-20-handbag-in-crocodile-pattern-light-pink-calfskin,,,,,,,,,,,,,,,,,,,,,,,,,https://cdn.shopify.com/s/files/1/0912/9351/6071/files/20210801_a1627748263289_7856_jpg.jpg?v=1759119087,4,,,,,,,,,,,
lady-20-handbag-in-crocodile-pattern-light-pink-calfskin,,,,,,,,,,,,,,,,,,,,,,,,,https://cdn.shopify.com/s/files/1/0912/9351/6071/files/20210801_a1627748263376_0510_jpg.jpg?v=1759119087,5,,,,,,,,,,,
lady-20-handbag-in-crocodile-pattern-light-pink-calfskin,,,,,,,,,,,,,,,,,,,,,,,,,https://cdn.shopify.com/s/files/1/0912/9351/6071/files/20210801_a1627748263636_7760_jpg.jpg?v=1759119087,6,,,,,,,,,,,
lady-20-handbag-in-crocodile-pattern-light-pink-calfskin,,,,,,,,,,,,,,,,,,,,,,,,,https://cdn.shopify.com/s/files/1/0912/9351/6071/files/20210801_a1627748263459_7246_jpg.jpg?v=1759119087,7,,,,,,,,,,,
lady-20-handbag-in-crocodile-pattern-light-pink-calfskin,,,,,,,,,,,,,,,,,,,,,,,,,https://cdn.shopify.com/s/files/1/0912/9351/6071/files/20210801_a1627748263721_7530_jpg.jpg?v=1759119087,8,,,,,,,,,,,
lady-20-handbag-in-crocodile-pattern-light-pink-calfskin,,,,,,,,,,,,,,,,,,,,,,,,,https://cdn.shopify.com/s/files/1/0912/9351/6071/files/20210801_a1627748263884_0057_jpg.jpg?v=1759119088,9,,,,,,,,,,,
lady-20-handbag-in-crocodile-pattern-blue-pastel-calfskin,LADY 20 HANDBAG IN CROCODILE PATTERN BLUE PASTEL CALFSKIN,"<ul>
<li><span data-mce-fragment=""1"">Color: Blue Pastel<br><br></span></li>
<li>
<span data-mce-fragment=""1""><span>Size: 12.5 x 20 x 5.5 cm<br><br></span></span><span data-mce-fragment=""1""><span></span></span>
</li>
<li>
<span data-mce-fragment=""1""><span>Material : Calfskin<br></span></span><span data-mce-fragment=""1""><span><br></span></span><span data-mce-fragment=""1""><span></span></span>
</li>
<li> The products are 1:1 copies of the original version and they are the same from every detail.<br><br>
</li>
<li>Support return and exchange in 1 month if the product is defective or the customer is not satisfied with the product.
<div class=""chat-box-input-container"" id=""chat-box-input-container-id"">
<div class=""chat-box-input--audit-2023 chat-box-input--to-focus win32"" id=""chatInput"">
<div class=""chat-input-container--audit-2023"" id=""chat-input-container-id"">
<div class=""chat-input-container--audit-2023__left-layout"">
<div class=""chat-input-scrollable"" id=""chat-input-scroller-id"">
<div class=""chat-input-wrapper"">
<div class=""chat-input-content"" id=""chat-input-content-id""></div>
</div>
</div>
</div>
</div>
</div>
</div>
</li>
</ul>
<p> </p>
<ul></ul>",miumiu bag,,bag,cross body bags,TRUE,Title,Default Title,,,,,,0,,0,deny,manual,283.50,,TRUE,FALSE,,https://cdn.shopify.com/s/files/1/0912/9351/6071/files/20210801_a1627748243850_5207_jpg.jpg?v=1759119065,1,,,,,,g,,,,,active
lady-20-handbag-in-crocodile-pattern-blue-pastel-calfskin,,,,,,,,,,,,,,,,,,,,,,,,,https://cdn.shopify.com/s/files/1/0912/9351/6071/files/20210801_a1627748243952_0101_jpg.jpg?v=1759119065,2,,,,,,,,,,,
lady-20-handbag-in-crocodile-pattern-blue-pastel-calfskin,,,,,,,,,,,,,,,,,,,,,,,,,https://cdn.shopify.com/s/files/1/0912/9351/6071/files/20210801_a1627748244391_0804_jpg.jpg?v=1759119065,3,,,,,,,,,,,
lady-20-handbag-in-crocodile-pattern-blue-pastel-calfskin,,,,,,,,,,,,,,,,,,,,,,,,,https://cdn.shopify.com/s/files/1/0912/9351/6071/files/20210801_a1627748244135_2280_jpg.jpg?v=1759119065,4,,,,,,,,,,,
lady-20-handbag-in-crocodile-pattern-blue-pastel-calfskin,,,,,,,,,,,,,,,,,,,,,,,,,https://cdn.shopify.com/s/files/1/0912/9351/6071/files/20210801_a1627748244051_2724_jpg.jpg?v=1759119065,5,,,,,,,,,,,
lady-20-handbag-in-crocodile-pattern-blue-pastel-calfskin,,,,,,,,,,,,,,,,,,,,,,,,,https://cdn.shopify.com/s/files/1/0912/9351/6071/files/20210801_a1627748244243_8385_jpg.jpg?v=1759119065,6,,,,,,,,,,,
lady-20-handbag-in-crocodile-pattern-blue-pastel-calfskin,,,,,,,,,,,,,,,,,,,,,,,,,https://cdn.shopify.com/s/files/1/0912/9351/6071/files/20210801_a1627748244567_8672_jpg.jpg?v=1759119065,7,,,,,,,,,,,
lady-20-handbag-in-crocodile-pattern-blue-pastel-calfskin,,,,,,,,,,,,,,,,,,,,,,,,,https://cdn.shopify.com/s/files/1/0912/9351/6071/files/20210801_a1627748244895_2236_jpg.jpg?v=1759119065,8,,,,,,,,,,,
lady-20-handbag-in-crocodile-pattern-blue-pastel-calfskin,,,,,,,,,,,,,,,,,,,,,,,,,https://cdn.shopify.com/s/files/1/0912/9351/6071/files/20210801_a1627748244300_6823_jpg.jpg?v=1759119065,9,,,,,,,,,,,
lady-20-handbag-in-crocodile-pattern-white-cream-calfskin,LADY 20 HANDBAG IN CROCODILE PATTERN WHITE CREAM CALFSKIN,"<ul>
<li><span data-mce-fragment=""1"">Color: White<br><br></span></li>
<li>
<span data-mce-fragment=""1""><span>Size: 12.5 x 20 x 5.5 cm<br><br></span></span><span data-mce-fragment=""1""><span></span></span>
</li>
<li>
<span data-mce-fragment=""1""><span>Material : Calfskin<br></span></span><span data-mce-fragment=""1""><span><br></span></span><span data-mce-fragment=""1""><span></span></span>
</li>
<li> The products are 1:1 copies of the original version and they are the same from every detail.<br><br>
</li>
<li>Support return and exchange in 1 month if the product is defective or the customer is not satisfied with the product.
<div id=""chat-box-input-container-id"" class=""chat-box-input-container"">
<div id=""chatInput"" class=""chat-box-input--audit-2023 chat-box-input--to-focus win32"">
<div id=""chat-input-container-id"" class=""chat-input-container--audit-2023"">
<div class=""chat-input-container--audit-2023__left-layout"">
<div id=""chat-input-scroller-id"" class=""chat-input-scrollable"">
<div class=""chat-input-wrapper"">
<div id=""chat-input-content-id"" class=""chat-input-content""></div>
</div>
</div>
</div>
</div>
</div>
</div>
</li>
</ul>
<p> </p>
<ul></ul>",miumiu bag,,bag,cross body bags,TRUE,Title,Default Title,,,,,,0,,0,deny,manual,283.50,,TRUE,FALSE,,https://cdn.shopify.com/s/files/1/0912/9351/6071/files/20210801_a1627748281558_4810_jpg.jpg?v=1759119076,1,,,,,,g,,,,,active
lady-20-handbag-in-crocodile-pattern-white-cream-calfskin,,,,,,,,,,,,,,,,,,,,,,,,,https://cdn.shopify.com/s/files/1/0912/9351/6071/files/20210801_a1627748281652_4553_jpg.jpg?v=1759119076,2,,,,,,,,,,,
lady-20-handbag-in-crocodile-pattern-white-cream-calfskin,,,,,,,,,,,,,,,,,,,,,,,,,https://cdn.shopify.com/s/files/1/0912/9351/6071/files/20210801_a1627748281752_3467_jpg.jpg?v=1759119076,3,,,,,,,,,,,
lady-20-handbag-in-crocodile-pattern-white-cream-calfskin,,,,,,,,,,,,,,,,,,,,,,,,,https://cdn.shopify.com/s/files/1/0912/9351/6071/files/20210801_a1627748281843_2637_jpg.jpg?v=1759119076,4,,,,,,,,,,,
lady-20-handbag-in-crocodile-pattern-white-cream-calfskin,,,,,,,,,,,,,,,,,,,,,,,,,https://cdn.shopify.com/s/files/1/0912/9351/6071/files/20210801_a1627748282016_6226_jpg.jpg?v=1759119076,5,,,,,,,,,,,
lady-20-handbag-in-crocodile-pattern-white-cream-calfskin,,,,,,,,,,,,,,,,,,,,,,,,,https://cdn.shopify.com/s/files/1/0912/9351/6071/files/20210801_a1627748281917_0351_jpg.jpg?v=1759119076,6,,,,,,,,,,,
lady-20-handbag-in-crocodile-pattern-white-cream-calfskin,,,,,,,,,,,,,,,,,,,,,,,,,https://cdn.shopify.com/s/files/1/0912/9351/6071/files/20210801_a1627748282100_3031_jpg.jpg?v=1759119076,7,,,,,,,,,,,
lady-20-handbag-in-crocodile-pattern-white-cream-calfskin,,,,,,,,,,,,,,,,,,,,,,,,,https://cdn.shopify.com/s/files/1/0912/9351/6071/files/20210801_a1627748282320_4416_jpg.jpg?v=1759119076,8,,,,,,,,,,,
lady-20-handbag-in-crocodile-pattern-white-cream-calfskin,,,,,,,,,,,,,,,,,,,,,,,,,https://cdn.shopify.com/s/files/1/0912/9351/6071/files/20210801_a1627748282766_7140_jpg.jpg?v=1759119076,9,,,,,,,,,,,
miuwander-hobo-23-silver-metalic-matelasse-leather,miuwander hobo 23 silver metalic matelasse leather,"<p style=""text-align: left;""><strong>DESCRIPTION</strong></p>
<p style=""text-align: left;""><span data-mce-fragment=""1"">• Color : Silver, Gold Hardware</span></p>
<p style=""text-align: left;""><span data-mce-fragment=""1"">• Material : Lambskin</span></p>
<p style=""text-align: left;""><bdo dir=""ltr""><bdo data-mce-fragment=""1"" dir=""ltr""><span data-mce-fragment=""1"">• </span>(Length x Height x Width) : 23</bdo></bdo><bdo dir=""ltr""> x 13 x 7 cm</bdo></p>
<p>• The products are 1:1 copies of the original version and they are the same from every detail.</p>
<p>• Support return and exchange in 1 month if the product is defective or the customer is not satisfied with the product.</p>",miumiu bag,,bag,"hobo bag, top handle",TRUE,Title,Default Title,,,,,,0,,0,deny,manual,262.50,,FALSE,FALSE,,https://cdn.shopify.com/s/files/1/0912/9351/6071/files/20230505_a1683252353680_7551_jpg.jpg?v=1759119053,1,,,,,,g,,,,,active
miuwander-hobo-23-silver-metalic-matelasse-leather,,,,,,,,,,,,,,,,,,,,,,,,,https://cdn.shopify.com/s/files/1/0912/9351/6071/files/20230505_a1683252353254_5752_jpg.jpg?v=1759119053,2,,,,,,,,,,,
miuwander-hobo-23-silver-metalic-matelasse-leather,,,,,,,,,,,,,,,,,,,,,,,,,https://cdn.shopify.com/s/files/1/0912/9351/6071/files/20230505_a1683252353475_1620_jpg.jpg?v=1759119053,3,,,,,,,,,,,
miuwander-hobo-23-silver-metalic-matelasse-leather,,,,,,,,,,,,,,,,,,,,,,,,,https://cdn.shopify.com/s/files/1/0912/9351/6071/files/20230505_a1683252354788_1054_jpg.jpg?v=1759119053,4,,,,,,,,,,,
miuwander-hobo-23-silver-metalic-matelasse-leather,,,,,,,,,,,,,,,,,,,,,,,,,https://cdn.shopify.com/s/files/1/0912/9351/6071/files/20230505_a1683252354788_3516_jpg.jpg?v=1759119053,5,,,,,,,,,,,
miuwander-hobo-23-silver-metalic-matelasse-leather,,,,,,,,,,,,,,,,,,,,,,,,,https://cdn.shopify.com/s/files/1/0912/9351/6071/files/20230505_a1683252357080_8717_jpg.jpg?v=1759119053,6,,,,,,,,,,,
miuwander-hobo-23-silver-metalic-matelasse-leather,,,,,,,,,,,,,,,,,,,,,,,,,https://cdn.shopify.com/s/files/1/0912/9351/6071/files/20230505_a1683252357083_5163_jpg.jpg?v=1759119053,7,,,,,,,,,,,
miuwander-hobo-23-silver-metalic-matelasse-leather,,,,,,,,,,,,,,,,,,,,,,,,,https://cdn.shopify.com/s/files/1/0912/9351/6071/files/20230505_a1683252353868_3705_jpg.jpg?v=1759119053,8,,,,,,,,,,,
miuwander-hobo-23-silver-metalic-matelasse-leather,,,,,,,,,,,,,,,,,,,,,,,,,https://cdn.shopify.com/s/files/1/0912/9351/6071/files/20230505_a1683252357087_7475_jpg.jpg?v=1759119053,9,,,,,,,,,,,
miuwander-hobo-23-pink-matelasse-leather,miuwander hobo 23 pink matelasse leather,"<p style=""text-align: left;""><strong>DESCRIPTION</strong></p>
<p style=""text-align: left;""><span data-mce-fragment=""1"">• Color : Pink, Gold Hardware</span></p>
<p style=""text-align: left;""><span data-mce-fragment=""1"">• Material : Lambskin</span></p>
<p style=""text-align: left;""><bdo dir=""ltr""><bdo data-mce-fragment=""1"" dir=""ltr""><span data-mce-fragment=""1"">• </span>(Length x Height x Width) : 23</bdo></bdo><bdo dir=""ltr""> x 13 x 7 cm</bdo></p>
<p>• The products are 1:1 copies of the original version and they are the same from every detail.</p>
<p>• Support return and exchange in 1 month if the product is defective or the customer is not satisfied with the product.</p>",miumiu bag,,bag,"hobo bag, top handle",TRUE,Title,Default Title,,,,,,0,,0,deny,manual,262.50,,FALSE,FALSE,,https://cdn.shopify.com/s/files/1/0912/9351/6071/files/20230524_i1684860520_2635_0_jpg.jpg?v=1759119041,1,,,,,,g,,,,,active
miuwander-hobo-23-pink-matelasse-leather,,,,,,,,,,,,,,,,,,,,,,,,,https://cdn.shopify.com/s/files/1/0912/9351/6071/files/20230524_i1684860520_1711_6_jpg.jpg?v=1759119041,2,,,,,,,,,,,
miuwander-hobo-23-pink-matelasse-leather,,,,,,,,,,,,,,,,,,,,,,,,,https://cdn.shopify.com/s/files/1/0912/9351/6071/files/20230524_i1684860520_428_3_jpg.jpg?v=1759119041,3,,,,,,,,,,,
miuwander-hobo-23-pink-matelasse-leather,,,,,,,,,,,,,,,,,,,,,,,,,https://cdn.shopify.com/s/files/1/0912/9351/6071/files/20230524_i1684860520_4555_4_jpg.jpg?v=1759119041,4,,,,,,,,,,,
miuwander-hobo-23-pink-matelasse-leather,,,,,,,,,,,,,,,,,,,,,,,,,https://cdn.shopify.com/s/files/1/0912/9351/6071/files/20230524_i1684860520_5620_5_jpg.jpg?v=1759119041,5,,,,,,,,,,,
miuwander-hobo-23-pink-matelasse-leather,,,,,,,,,,,,,,,,,,,,,,,,,https://cdn.shopify.com/s/files/1/0912/9351/6071/files/20230524_i1684860520_5686_7_jpg.jpg?v=1759119041,6,,,,,,,,,,,
miuwander-hobo-23-pink-matelasse-leather,,,,,,,,,,,,,,,,,,,,,,,,,https://cdn.shopify.com/s/files/1/0912/9351/6071/files/20230524_i1684860520_6970_1_jpg.jpg?v=1759119041,7,,,,,,,,,,,
miuwander-hobo-23-pink-matelasse-leather,,,,,,,,,,,,,,,,,,,,,,,,,https://cdn.shopify.com/s/files/1/0912/9351/6071/files/20230524_i1684860520_9185_8_jpg.jpg?v=1759119042,8,,,,,,,,,,,
miuwander-hobo-23-pink-matelasse-leather,,,,,,,,,,,,,,,,,,,,,,,,,https://cdn.shopify.com/s/files/1/0912/9351/6071/files/20230524_i1684860520_9844_2_jpg.jpg?v=1759119042,9,,,,,,,,,,,
miuwander-hobo-23-green-matelasse-leather,miuwander hobo 23 green matelasse leather,"<p style=""text-align: left;""><strong>DESCRIPTION</strong></p>
<p style=""text-align: left;""><span data-mce-fragment=""1"">• Color : Green, Gold Hardware</span></p>
<p style=""text-align: left;""><span data-mce-fragment=""1"">• Material : Lambskin</span></p>
<p style=""text-align: left;""><bdo dir=""ltr""><bdo data-mce-fragment=""1"" dir=""ltr""><span data-mce-fragment=""1"">• </span>(Length x Height x Width) : 23</bdo></bdo><bdo dir=""ltr""> x 13 x 7 cm</bdo></p>
<p>• The products are 1:1 copies of the original version and they are the same from every detail.</p>
<p>• Support return and exchange in 1 month if the product is defective or the customer is not satisfied with the product.</p>",miumiu bag,,bag,"hobo bag, top handle",TRUE,Title,Default Title,,,,,,0,,0,deny,manual,262.50,,FALSE,FALSE,,https://cdn.shopify.com/s/files/1/0912/9351/6071/files/20230628_i1687908574_8465_0_jpg.jpg?v=1759119005,1,,,,,,g,,,,,active
miuwander-hobo-23-green-matelasse-leather,,,,,,,,,,,,,,,,,,,,,,,,,https://cdn.shopify.com/s/files/1/0912/9351/6071/files/20230628_i1687908574_1796_1_jpg.jpg?v=1759119005,2,,,,,,,,,,,
miuwander-hobo-23-green-matelasse-leather,,,,,,,,,,,,,,,,,,,,,,,,,https://cdn.shopify.com/s/files/1/0912/9351/6071/files/20230628_i1687908574_2223_8_jpg.jpg?v=1759119005,3,,,,,,,,,,,
miuwander-hobo-23-green-matelasse-leather,,,,,,,,,,,,,,,,,,,,,,,,,https://cdn.shopify.com/s/files/1/0912/9351/6071/files/20230628_i1687908574_4813_2_jpg.jpg?v=1759119005,4,,,,,,,,,,,
miuwander-hobo-23-green-matelasse-leather,,,,,,,,,,,,,,,,,,,,,,,,,https://cdn.shopify.com/s/files/1/0912/9351/6071/files/20230628_i1687908574_5234_7_jpg.jpg?v=1759119005,5,,,,,,,,,,,
miuwander-hobo-23-green-matelasse-leather,,,,,,,,,,,,,,,,,,,,,,,,,https://cdn.shopify.com/s/files/1/0912/9351/6071/files/20230628_i1687908574_5446_3_jpg.jpg?v=1759119005,6,,,,,,,,,,,
miuwander-hobo-23-green-matelasse-leather,,,,,,,,,,,,,,,,,,,,,,,,,https://cdn.shopify.com/s/files/1/0912/9351/6071/files/20230628_i1687908574_6814_6_jpg.jpg?v=1759119005,7,,,,,,,,,,,
miuwander-hobo-23-green-matelasse-leather,,,,,,,,,,,,,,,,,,,,,,,,,https://cdn.shopify.com/s/files/1/0912/9351/6071/files/20230628_i1687908574_7898_4_jpg.jpg?v=1759119005,8,,,,,,,,,,,
miuwander-hobo-23-green-matelasse-leather,,,,,,,,,,,,,,,,,,,,,,,,,https://cdn.shopify.com/s/files/1/0912/9351/6071/files/20230628_i1687908574_9156_5_jpg.jpg?v=1759119005,9,,,,,,,,,,,
miuwander-hobo-23-beige-matelasse-leather,miuwander hobo 23 beige matelasse leather,"<p style=""text-align: left;""><strong>DESCRIPTION</strong></p>
<p style=""text-align: left;""><span data-mce-fragment=""1"">• Color : Beige, Gold Hardware</span></p>
<p style=""text-align: left;""><span data-mce-fragment=""1"">• Material : Lambskin</span></p>
<p style=""text-align: left;""><bdo dir=""ltr""><bdo data-mce-fragment=""1"" dir=""ltr""><span data-mce-fragment=""1"">• </span>(Length x Height x Width) : 23</bdo></bdo><bdo dir=""ltr""> x 13 x 7 cm</bdo></p>
<p>• The products are 1:1 copies of the original version and they are the same from every detail.</p>
<p>• Support return and exchange in 1 month if the product is defective or the customer is not satisfied with the product.</p>",miumiu bag,,bag,"hobo bag, top handle",TRUE,Title,Default Title,,,,,,0,,0,deny,manual,262.50,,FALSE,FALSE,,https://cdn.shopify.com/s/files/1/0912/9351/6071/files/20230628_i1687908560_8193_0_jpg.jpg?v=1759119017,1,,,,,,g,,,,,active
miuwander-hobo-23-beige-matelasse-leather,,,,,,,,,,,,,,,,,,,,,,,,,https://cdn.shopify.com/s/files/1/0912/9351/6071/files/20230628_i1687908560_1137_8_jpg.jpg?v=1759119017,2,,,,,,,,,,,
miuwander-hobo-23-beige-matelasse-leather,,,,,,,,,,,,,,,,,,,,,,,,,https://cdn.shopify.com/s/files/1/0912/9351/6071/files/20230628_i1687908560_4066_5_jpg.jpg?v=1759119017,3,,,,,,,,,,,
miuwander-hobo-23-beige-matelasse-leather,,,,,,,,,,,,,,,,,,,,,,,,,https://cdn.shopify.com/s/files/1/0912/9351/6071/files/20230628_i1687908560_4753_6_jpg.jpg?v=1759119017,4,,,,,,,,,,,
miuwander-hobo-23-beige-matelasse-leather,,,,,,,,,,,,,,,,,,,,,,,,,https://cdn.shopify.com/s/files/1/0912/9351/6071/files/20230628_i1687908560_7136_4_jpg.jpg?v=1759119017,5,,,,,,,,,,,
miuwander-hobo-23-beige-matelasse-leather,,,,,,,,,,,,,,,,,,,,,,,,,https://cdn.shopify.com/s/files/1/0912/9351/6071/files/20230628_i1687908560_9566_3_jpg.jpg?v=1759119017,6,,,,,,,,,,,
miuwander-hobo-23-beige-matelasse-leather,,,,,,,,,,,,,,,,,,,,,,,,,https://cdn.shopify.com/s/files/1/0912/9351/6071/files/20230628_i1687908560_4201_1_jpg.jpg?v=1759119017,7,,,,,,,,,,,
miuwander-hobo-23-beige-matelasse-leather,,,,,,,,,,,,,,,,,,,,,,,,,https://cdn.shopify.com/s/files/1/0912/9351/6071/files/20230628_i1687908560_6188_7_jpg.jpg?v=1759119017,8,,,,,,,,,,,
miuwander-hobo-23-beige-matelasse-leather,,,,,,,,,,,,,,,,,,,,,,,,,https://cdn.shopify.com/s/files/1/0912/9351/6071/files/20230628_i1687908560_6213_2_jpg.jpg?v=1759119017,9,,,,,,,,,,,
miuwander-hobo-23-light-sea-green-matelasse-leather,miuwander hobo 23 light sea green matelasse leather,"<p style=""text-align: left;""><strong>DESCRIPTION</strong></p>
<p style=""text-align: left;""><span data-mce-fragment=""1"">• Color : Light Sea Green, Gold Hardware</span></p>
<p style=""text-align: left;""><span data-mce-fragment=""1"">• Material : Lambskin</span></p>
<p style=""text-align: left;""><bdo dir=""ltr""><bdo data-mce-fragment=""1"" dir=""ltr""><span data-mce-fragment=""1"">• </span>(Length x Height x Width) : 23</bdo></bdo><bdo dir=""ltr""> x 13 x 7 cm</bdo></p>
<p>• The products are 1:1 copies of the original version and they are the same from every detail.</p>
<p>• Support return and exchange in 1 month if the product is defective or the customer is not satisfied with the product.</p>",miumiu bag,,bag,"hobo bag, top handle",TRUE,Title,Default Title,,,,,,0,,0,deny,manual,262.50,,FALSE,FALSE,,https://cdn.shopify.com/s/files/1/0912/9351/6071/files/20230712_a1689142319582_4334_jpg.jpg?v=1759118972,1,,,,,,g,,,,,active
miuwander-hobo-23-light-sea-green-matelasse-leather,,,,,,,,,,,,,,,,,,,,,,,,,https://cdn.shopify.com/s/files/1/0912/9351/6071/files/20230712_a1689142319782_4650_jpg.jpg?v=1759118972,2,,,,,,,,,,,
miuwander-hobo-23-light-sea-green-matelasse-leather,,,,,,,,,,,,,,,,,,,,,,,,,https://cdn.shopify.com/s/files/1/0912/9351/6071/files/20230712_a1689142319966_5524_jpg.jpg?v=1759118972,3,,,,,,,,,,,
miuwander-hobo-23-light-sea-green-matelasse-leather,,,,,,,,,,,,,,,,,,,,,,,,,https://cdn.shopify.com/s/files/1/0912/9351/6071/files/20230712_a1689142320090_3250_jpg.jpg?v=1759118972,4,,,,,,,,,,,
miuwander-hobo-23-light-sea-green-matelasse-leather,,,,,,,,,,,,,,,,,,,,,,,,,https://cdn.shopify.com/s/files/1/0912/9351/6071/files/20230712_a1689142320281_0872_jpg.jpg?v=1759118972,5,,,,,,,,,,,
miuwander-hobo-23-light-sea-green-matelasse-leather,,,,,,,,,,,,,,,,,,,,,,,,,https://cdn.shopify.com/s/files/1/0912/9351/6071/files/20230712_a1689142320395_6123_jpg.jpg?v=1759118972,6,,,,,,,,,,,
miuwander-hobo-23-light-sea-green-matelasse-leather,,,,,,,,,,,,,,,,,,,,,,,,,https://cdn.shopify.com/s/files/1/0912/9351/6071/files/20230712_a1689142320599_5728_jpg.jpg?v=1759118972,7,,,,,,,,,,,
miuwander-hobo-23-light-sea-green-matelasse-leather,,,,,,,,,,,,,,,,,,,,,,,,,https://cdn.shopify.com/s/files/1/0912/9351/6071/files/20230712_a1689142320866_4832_jpg.jpg?v=1759118972,8,,,,,,,,,,,
miuwander-hobo-23-light-sea-green-matelasse-leather,,,,,,,,,,,,,,,,,,,,,,,,,https://cdn.shopify.com/s/files/1/0912/9351/6071/files/20230712_a1689142321066_3802_jpg.jpg?v=1759118972,9,,,,,,,,,,,
miuwander-hobo-23-gold-matelasse-leather,miuwander hobo 23 gold matelasse leather,"<p style=""text-align: left;""><strong>DESCRIPTION</strong></p>
<p style=""text-align: left;""><span data-mce-fragment=""1"">• Color : Gold, Gold Hardware</span></p>
<p style=""text-align: left;""><span data-mce-fragment=""1"">• Material : Lambskin</span></p>
<p style=""text-align: left;""><bdo dir=""ltr""><bdo data-mce-fragment=""1"" dir=""ltr""><span data-mce-fragment=""1"">• </span>(Length x Height x Width) : 23</bdo></bdo><bdo dir=""ltr""> x 13 x 7 cm</bdo></p>
<p>• The products are 1:1 copies of the original version and they are the same from every detail.</p>
<p>• Support return and exchange in 1 month if the product is defective or the customer is not satisfied with the product.</p>",miumiu bag,,bag,"hobo bag, top handle",TRUE,Title,Default Title,,,,,,0,,0,deny,manual,262.50,,FALSE,FALSE,,https://cdn.shopify.com/s/files/1/0912/9351/6071/files/img_c54953ce_20231129_a1701225634190_8327_jpg.jpg?v=1759118948,1,,,,,,g,,,,,active
miuwander-hobo-23-gold-matelasse-leather,,,,,,,,,,,,,,,,,,,,,,,,,https://cdn.shopify.com/s/files/1/0912/9351/6071/files/img_c54953ce_20231129_a1701225618171_1325_jpg.jpg?v=1759118948,2,,,,,,,,,,,
miuwander-hobo-23-gold-matelasse-leather,,,,,,,,,,,,,,,,,,,,,,,,,https://cdn.shopify.com/s/files/1/0912/9351/6071/files/img_c54953ce_20231129_a1701225618264_6576_jpg.jpg?v=1759118948,3,,,,,,,,,,,
miuwander-hobo-23-gold-matelasse-leather,,,,,,,,,,,,,,,,,,,,,,,,,https://cdn.shopify.com/s/files/1/0912/9351/6071/files/img_c54953ce_20231129_a1701225618344_7657_jpg.jpg?v=1759118948,4,,,,,,,,,,,
miuwander-hobo-23-gold-matelasse-leather,,,,,,,,,,,,,,,,,,,,,,,,,https://cdn.shopify.com/s/files/1/0912/9351/6071/files/img_c54953ce_20231129_a1701225648624_5168_jpg.jpg?v=1759118948,5,,,,,,,,,,,
miuwander-hobo-23-gold-matelasse-leather,,,,,,,,,,,,,,,,,,,,,,,,,https://cdn.shopify.com/s/files/1/0912/9351/6071/files/img_c54953ce_20231129_a1701225648634_1570_jpg.jpg?v=1759118948,6,,,,,,,,,,,
miuwander-hobo-23-gold-matelasse-leather,,,,,,,,,,,,,,,,,,,,,,,,,https://cdn.shopify.com/s/files/1/0912/9351/6071/files/img_c54953ce_20231129_a1701225648651_5060_jpg.jpg?v=1759118948,7,,,,,,,,,,,
miuwander-hobo-23-gold-matelasse-leather,,,,,,,,,,,,,,,,,,,,,,,,,https://cdn.shopify.com/s/files/1/0912/9351/6071/files/img_c54953ce_20231129_a1701225650275_2225_jpg.jpg?v=1759118948,8,,,,,,,,,,,
miuwander-hobo-23-gold-matelasse-leather,,,,,,,,,,,,,,,,,,,,,,,,,https://cdn.shopify.com/s/files/1/0912/9351/6071/files/img_c54953ce_20231129_a1701225650275_6144_jpg.jpg?v=1759118948,9,,,,,,,,,,,
miuwander-hobo-23-yellow-matelasse-leather,miuwander hobo 23 yellow matelasse leather,"<p style=""text-align: left;""><strong>DESCRIPTION</strong></p>
<p style=""text-align: left;""><span data-mce-fragment=""1"">• Color : Yellow, Gold Hardware</span></p>
<p style=""text-align: left;""><span data-mce-fragment=""1"">• Material : Lambskin</span></p>
<p style=""text-align: left;""><bdo dir=""ltr""><bdo data-mce-fragment=""1"" dir=""ltr""><span data-mce-fragment=""1"">• </span>(Length x Height x Width) : 23</bdo></bdo><bdo dir=""ltr""> x 13 x 7 cm</bdo></p>
<p>• The products are 1:1 copies of the original version and they are the same from every detail.</p>
<p>• Support return and exchange in 1 month if the product is defective or the customer is not satisfied with the product.</p>",miumiu bag,,bag,"hobo bag, top handle",TRUE,Title,Default Title,,,,,,0,,0,deny,manual,262.50,,FALSE,FALSE,,https://cdn.shopify.com/s/files/1/0912/9351/6071/files/img_945c7e4a_20231104_a1699029548751_1520_jpg.jpg?v=1759118960,1,,,,,,g,,,,,active
miuwander-hobo-23-yellow-matelasse-leather,,,,,,,,,,,,,,,,,,,,,,,,,https://cdn.shopify.com/s/files/1/0912/9351/6071/files/img_945c7e4a_20231104_a1699029548843_3225_jpg.jpg?v=1759118960,2,,,,,,,,,,,
miuwander-hobo-23-yellow-matelasse-leather,,,,,,,,,,,,,,,,,,,,,,,,,https://cdn.shopify.com/s/files/1/0912/9351/6071/files/img_945c7e4a_20231104_a1699029548942_0734_jpg.jpg?v=1759118960,3,,,,,,,,,,,
miuwander-hobo-23-yellow-matelasse-leather,,,,,,,,,,,,,,,,,,,,,,,,,https://cdn.shopify.com/s/files/1/0912/9351/6071/files/img_945c7e4a_20231104_a1699029549106_5201_jpg.jpg?v=1759118960,4,,,,,,,,,,,
miuwander-hobo-23-yellow-matelasse-leather,,,,,,,,,,,,,,,,,,,,,,,,,https://cdn.shopify.com/s/files/1/0912/9351/6071/files/img_945c7e4a_20231104_a1699029549271_3587_jpg.jpg?v=1759118960,5,,,,,,,,,,,
miuwander-hobo-23-yellow-matelasse-leather,,,,,,,,,,,,,,,,,,,,,,,,,https://cdn.shopify.com/s/files/1/0912/9351/6071/files/img_945c7e4a_20231104_a1699029549342_0414_jpg.jpg?v=1759118960,6,,,,,,,,,,,
miuwander-hobo-23-yellow-matelasse-leather,,,,,,,,,,,,,,,,,,,,,,,,,https://cdn.shopify.com/s/files/1/0912/9351/6071/files/img_945c7e4a_20231104_a1699029549519_6025_jpg.jpg?v=1759118960,7,,,,,,,,,,,
miuwander-hobo-23-yellow-matelasse-leather,,,,,,,,,,,,,,,,,,,,,,,,,https://cdn.shopify.com/s/files/1/0912/9351/6071/files/img_945c7e4a_20231104_a1699029549670_4715_jpg.jpg?v=1759118960,8,,,,,,,,,,,
miuwander-hobo-23-yellow-matelasse-leather,,,,,,,,,,,,,,,,,,,,,,,,,https://cdn.shopify.com/s/files/1/0912/9351/6071/files/img_945c7e4a_20231104_a1699029549871_8314_jpg.jpg?v=1759118960,9,,,,,,,,,,,