name,image,category,brand,images,whatsapp_text,badge
TOTE BAG 25 IN CHERRY WOOD SUEDE GOLD LOGO,https://cdn.shopify.com/s/files/1/0912/9351/6071/files/img_d707740b_20240819_i1724045061_7078_0_jpg_4d36830d-b2f0-45b6-a7bc-2622b44e746c.jpg?v=1781928261,handbags,prada,https://cdn.shopify.com/s/files/1/0912/9351/6071/files/img_d707740b_20240819_i1724045061_7078_0_jpg_4d36830d-b2f0-45b6-a7bc-2622b44e746c.jpg?v=1781928261|https://cdn.shopify.com/s/files/1/0912/9351/6071/files/img_d707740b_20240819_i1724045061_2011_6_jpg_c0aa3f36-2ce9-4af7-9733-da862b33181a.jpg?v=1781928262|https://cdn.shopify.com/s/files/1/0912/9351/6071/files/img_d707740b_20240819_i1724045061_2105_3_jpg_c0de379d-b13a-46fc-bfd2-a772f31ca557.jpg?v=1781928261|https://cdn.shopify.com/s/files/1/0912/9351/6071/files/img_d707740b_20240819_i1724045061_2851_8_jpg_5b6daf82-3963-49bb-b986-5270e88a07a9.jpg?v=1781928261|https://cdn.shopify.com/s/files/1/0912/9351/6071/files/img_d707740b_20240819_i1724045061_5496_5_jpg_76980445-aeb0-4d7b-a1bf-a02519ebf7aa.jpg?v=1781928261|https://cdn.shopify.com/s/files/1/0912/9351/6071/files/img_d707740b_20240819_i1724045061_5997_4_jpg_8203304a-3948-4e0d-8ef6-f8d731a3146a.jpg?v=1781928261|https://cdn.shopify.com/s/files/1/0912/9351/6071/files/img_d707740b_20240819_i1724045061_6007_7_jpg_87630484-b3c4-4a12-ae82-a41b43a3f222.jpg?v=1781928261|https://cdn.shopify.com/s/files/1/0912/9351/6071/files/img_d707740b_20240819_i1724045061_7016_2_jpg_334e9876-0c39-4467-a7f4-ed5b30017979.jpg?v=1781928261|https://cdn.shopify.com/s/files/1/0912/9351/6071/files/img_d707740b_20240819_i1724045061_8085_1_jpg_881a81e0-9371-44ff-9cb2-a90f0291fd46.jpg?v=1781928261,Hi I want TOTE BAG 25 IN CHERRY WOOD SUEDE GOLD LOGO,New
TOTE BAG WITH BELT 42 IN RUSSET BROWN SUEDE GOLD HARDWARE,https://cdn.shopify.com/s/files/1/0912/9351/6071/files/img_d707740b_20240926_i1727288310_2419_0_jpg_1bb89b40-9397-47db-af5c-240cac789752.jpg?v=1763875768,handbags,prada,https://cdn.shopify.com/s/files/1/0912/9351/6071/files/img_d707740b_20240926_i1727288310_2419_0_jpg_1bb89b40-9397-47db-af5c-240cac789752.jpg?v=1763875768|https://cdn.shopify.com/s/files/1/0912/9351/6071/files/img_d707740b_20240926_i1727288310_579_1_jpg_33870f60-0e0f-46ea-89dd-3e832ef768a1.jpg?v=1763875768|https://cdn.shopify.com/s/files/1/0912/9351/6071/files/img_d707740b_20240926_i1727288310_946_6_jpg_c04e9de9-3329-4186-9d20-b8ba5645d985.jpg?v=1763875768|https://cdn.shopify.com/s/files/1/0912/9351/6071/files/img_d707740b_20240926_i1727288310_1832_4_jpg_f29a17f0-6e44-4be4-a570-bf46163b7cfd.jpg?v=1763875768|https://cdn.shopify.com/s/files/1/0912/9351/6071/files/img_d707740b_20240926_i1727288310_2677_3_jpg_8c1f6e59-c5c7-4483-a769-b32a4c0cae7c.jpg?v=1763875768|https://cdn.shopify.com/s/files/1/0912/9351/6071/files/img_d707740b_20240926_i1727288310_3317_7_jpg_750228e4-82c3-4c00-98f6-babfed1452cf.jpg?v=1763875768|https://cdn.shopify.com/s/files/1/0912/9351/6071/files/img_d707740b_20240926_i1727288310_4151_5_jpg_9c04399e-391b-4849-9cf9-b8d6938f9e5c.jpg?v=1763875768|https://cdn.shopify.com/s/files/1/0912/9351/6071/files/img_d707740b_20240926_i1727288310_5888_8_jpg_5657b618-a41f-4db0-8c9f-f1711f36ddbd.jpg?v=1763875768|https://cdn.shopify.com/s/files/1/0912/9351/6071/files/img_d707740b_20240926_i1727288310_6580_2_jpg_25d68cfa-bfed-4719-8c20-32a0736e0205.jpg?v=1763875768,Hi I want TOTE BAG WITH BELT 42 IN RUSSET BROWN SUEDE GOLD HARDWARE,New
PRA 55 TRAVEL BAG IN BLACK WATERPROOF FABRIC,https://cdn.shopify.com/s/files/1/0912/9351/6071/files/20200618_i1592415821_7072_2_jpg_adb73485-b7f6-4385-8084-943bdc91232d.jpg?v=1776508769,handbags,prada,https://cdn.shopify.com/s/files/1/0912/9351/6071/files/20200618_i1592415821_7072_2_jpg_adb73485-b7f6-4385-8084-943bdc91232d.jpg?v=1776508769|https://cdn.shopify.com/s/files/1/0912/9351/6071/files/20200618_i1592415821_646_3_jpg_e4a9f0db-80a2-491a-abd4-d494c72827ca.jpg?v=1776508768|https://cdn.shopify.com/s/files/1/0912/9351/6071/files/20200618_i1592415821_5919_1_jpg_6858b6a8-d589-4848-bd14-392efdc6e494.jpg?v=1776508769|https://cdn.shopify.com/s/files/1/0912/9351/6071/files/20200618_i1592415821_6614_5_jpg_dc71dfed-662d-4a8e-a967-340b1e55cf62.jpg?v=1776508769|https://cdn.shopify.com/s/files/1/0912/9351/6071/files/20200618_i1592415821_4188_6_jpg_7cb7e9bc-9cdc-47fe-85f1-3956a90cf123.jpg?v=1776508768|https://cdn.shopify.com/s/files/1/0912/9351/6071/files/20200618_i1592415821_9025_8_jpg_fca91f79-99f4-43ed-bd39-4ff07c14b186.jpg?v=1776508768|https://cdn.shopify.com/s/files/1/0912/9351/6071/files/20200618_i1592415821_3484_7_jpg_18618f0b-c79a-40cc-8bc7-3632663e60cb.jpg?v=1776508768|https://cdn.shopify.com/s/files/1/0912/9351/6071/files/20200618_i1592415821_1075_4_jpg_4c47012e-4c5e-4961-a0cc-63acf8bb58b8.jpg?v=1776508768,Hi I want PRA 55 TRAVEL BAG IN BLACK WATERPROOF FABRIC,
PRA bucket bag 19 burgundy nylon fabric 280831,https://cdn.shopify.com/s/files/1/0912/9351/6071/files/20250818_i1755499148_8957_0_jpg.jpg?v=1759118293,handbags,prada,https://cdn.shopify.com/s/files/1/0912/9351/6071/files/20250818_i1755499148_8957_0_jpg.jpg?v=1759118293|https://cdn.shopify.com/s/files/1/0912/9351/6071/files/20250818_i1755499204_8781_0_jpg.jpg?v=1759118293|https://cdn.shopify.com/s/files/1/0912/9351/6071/files/20250818_i1755499148_286_3_jpg.jpg?v=1759118294|https://cdn.shopify.com/s/files/1/0912/9351/6071/files/20250818_i1755499148_1494_1_jpg.jpg?v=1759118294|https://cdn.shopify.com/s/files/1/0912/9351/6071/files/20250818_i1755499148_4465_5_jpg.jpg?v=1759118294|https://cdn.shopify.com/s/files/1/0912/9351/6071/files/20250818_i1755499148_4604_4_jpg.jpg?v=1759118294|https://cdn.shopify.com/s/files/1/0912/9351/6071/files/20250818_i1755499148_5980_2_jpg.jpg?v=1759118294|https://cdn.shopify.com/s/files/1/0912/9351/6071/files/20250818_i1755499148_8626_6_jpg.jpg?v=1759118294,Hi I want PRA bucket bag 19 burgundy nylon fabric 280831,New
Prada Black Re-Nylon belt bag,https://cdn.shopify.com/s/files/1/0912/9351/6071/files/WeixinImage_2025-07-02_102936_182_6b6083f1-2932-4429-b905-0d5e6caee58f.jpg?v=1759125263,handbags,prada,https://cdn.shopify.com/s/files/1/0912/9351/6071/files/WeixinImage_2025-07-02_102936_182_6b6083f1-2932-4429-b905-0d5e6caee58f.jpg?v=1759125263|https://cdn.shopify.com/s/files/1/0912/9351/6071/files/WeixinImage_2025-07-02_102946_102_8172518c-cc59-4413-8e88-ff464f264afa.jpg?v=1759125263|https://cdn.shopify.com/s/files/1/0912/9351/6071/files/WeixinImage_2025-07-02_102944_199_95e1f38e-9f58-453c-9eb5-634e9c943a52.jpg?v=1759125263|https://cdn.shopify.com/s/files/1/0912/9351/6071/files/WeixinImage_2025-07-02_102942_118_afbda98a-6517-4cf3-9177-46f85160444f.jpg?v=1759125263|https://cdn.shopify.com/s/files/1/0912/9351/6071/files/WeixinImage_2025-07-02_102940_126_b311e34c-8e35-4c14-b2d3-f6621612c64a.jpg?v=1759125263|https://cdn.shopify.com/s/files/1/0912/9351/6071/files/WeixinImage_2025-07-02_102938_453_02f9d685-f2ca-4624-ac31-5601f124aaba.jpg?v=1759125263|https://cdn.shopify.com/s/files/1/0912/9351/6071/files/WeixinImage_2025-07-02_102934_406_00b8b9c2-8efd-4e2a-b6d1-1020b3489093.jpg?v=1759125263,Hi I want Prada Black Re-Nylon belt bag,New
BUCKET BAG 19 IN BLACK RE-NYLON AND CALFSKIN HANDLE,https://cdn.shopify.com/s/files/1/0912/9351/6071/files/img_d707740b_20240424_i1713897791_5147_0_jpg.jpg?v=1759123540,handbags,prada,https://cdn.shopify.com/s/files/1/0912/9351/6071/files/img_d707740b_20240424_i1713897791_5147_0_jpg.jpg?v=1759123540|https://cdn.shopify.com/s/files/1/0912/9351/6071/files/img_d707740b_20240424_i1713897594_7899_1_jpg.jpg?v=1759123540|https://cdn.shopify.com/s/files/1/0912/9351/6071/files/img_d707740b_20240424_i1713897594_934_7_jpg.jpg?v=1759123540|https://cdn.shopify.com/s/files/1/0912/9351/6071/files/img_d707740b_20240424_i1713897594_1348_8_jpg.jpg?v=1759123540|https://cdn.shopify.com/s/files/1/0912/9351/6071/files/img_d707740b_20240424_i1713897594_1511_3_jpg.jpg?v=1759123540|https://cdn.shopify.com/s/files/1/0912/9351/6071/files/img_d707740b_20240424_i1713897594_3734_4_jpg.jpg?v=1759123540|https://cdn.shopify.com/s/files/1/0912/9351/6071/files/img_d707740b_20240424_i1713897594_7889_5_jpg.jpg?v=1759123540|https://cdn.shopify.com/s/files/1/0912/9351/6071/files/img_d707740b_20240424_i1713897594_8522_2_jpg.jpg?v=1759123540|https://cdn.shopify.com/s/files/1/0912/9351/6071/files/img_d707740b_20240424_i1713897594_9041_6_jpg.jpg?v=1759123540,Hi I want BUCKET BAG 19 IN BLACK RE-NYLON AND CALFSKIN HANDLE,New
MINI TOTE BAG 18 IN RED BROWN SUEDE GOLD LOGO,https://cdn.shopify.com/s/files/1/0912/9351/6071/files/img_db9945f8_20240916_i1726427308_2335_5_jpg.jpg?v=1759123665,handbags,prada,https://cdn.shopify.com/s/files/1/0912/9351/6071/files/img_db9945f8_20240916_i1726427308_2335_5_jpg.jpg?v=1759123665|https://cdn.shopify.com/s/files/1/0912/9351/6071/files/img_db9945f8_20240916_i1726427308_1301_1_jpg.jpg?v=1759123665|https://cdn.shopify.com/s/files/1/0912/9351/6071/files/img_db9945f8_20240916_i1726427308_5939_0_jpg.jpg?v=1759123665|https://cdn.shopify.com/s/files/1/0912/9351/6071/files/img_db9945f8_20240916_i1726427308_5969_3_jpg.jpg?v=1759123665|https://cdn.shopify.com/s/files/1/0912/9351/6071/files/img_db9945f8_20240916_i1726427308_6827_4_jpg.jpg?v=1759123665|https://cdn.shopify.com/s/files/1/0912/9351/6071/files/img_db9945f8_20240916_i1726427308_8656_2_jpg.jpg?v=1759123665|https://cdn.shopify.com/s/files/1/0912/9351/6071/files/img_db9945f8_20240916_i1726427309_457_8_jpg.jpg?v=1759123665|https://cdn.shopify.com/s/files/1/0912/9351/6071/files/img_db9945f8_20240916_i1726427309_1225_7_jpg.jpg?v=1759123665|https://cdn.shopify.com/s/files/1/0912/9351/6071/files/img_db9945f8_20240916_i1726427309_4556_6_jpg.jpg?v=1759123666,Hi I want MINI TOTE BAG 18 IN RED BROWN SUEDE GOLD LOGO,New
PRA bucket bag 23 burgundy nylon fabric 280826,https://cdn.shopify.com/s/files/1/0912/9351/6071/files/20250815_i1755246036_4920_0.jpg_1.jpg?v=1759118333,handbags,prada,https://cdn.shopify.com/s/files/1/0912/9351/6071/files/20250815_i1755246036_4920_0.jpg_1.jpg?v=1759118333|https://cdn.shopify.com/s/files/1/0912/9351/6071/files/20250815_i1755246036_487_8_jpg.jpg?v=1759118333|https://cdn.shopify.com/s/files/1/0912/9351/6071/files/20250815_i1755246036_806_1_jpg.jpg?v=1759118333|https://cdn.shopify.com/s/files/1/0912/9351/6071/files/20250815_i1755246036_487_8.jpg_1.jpg?v=1759118333|https://cdn.shopify.com/s/files/1/0912/9351/6071/files/20250815_i1755246036_806_1.jpg_1.jpg?v=1759118333|https://cdn.shopify.com/s/files/1/0912/9351/6071/files/20250815_i1755246036_1983_7.jpg_1.jpg?v=1759118333|https://cdn.shopify.com/s/files/1/0912/9351/6071/files/20250815_i1755246036_2585_5.jpg_1.jpg?v=1759118333|https://cdn.shopify.com/s/files/1/0912/9351/6071/files/20250815_i1755246036_2840_6.jpg_1.jpg?v=1759118333|https://cdn.shopify.com/s/files/1/0912/9351/6071/files/20250815_i1755246036_3305_2.jpg_1.jpg?v=1759118333|https://cdn.shopify.com/s/files/1/0912/9351/6071/files/20250815_i1755246036_3789_4.jpg_1.jpg?v=1759118333|https://cdn.shopify.com/s/files/1/0912/9351/6071/files/20250815_i1755246036_5743_3.jpg_1.jpg?v=1759118333,Hi I want PRA bucket bag 23 burgundy nylon fabric 280826,New
PRA BACKPACK 39 IN BLACK RE-NYLON AND SAFFIANO LEATHER,https://cdn.shopify.com/s/files/1/0912/9351/6071/files/20200615_i1592203531_8237_0_jpg.jpg?v=1759121128,handbags,prada,https://cdn.shopify.com/s/files/1/0912/9351/6071/files/20200615_i1592203531_8237_0_jpg.jpg?v=1759121128|https://cdn.shopify.com/s/files/1/0912/9351/6071/files/20200615_i1592203531_8029_1_jpg.jpg?v=1759121128|https://cdn.shopify.com/s/files/1/0912/9351/6071/files/20200615_i1592203531_7375_2_jpg.jpg?v=1759121128|https://cdn.shopify.com/s/files/1/0912/9351/6071/files/20200615_i1592203531_7172_3_jpg.jpg?v=1759121128|https://cdn.shopify.com/s/files/1/0912/9351/6071/files/20200615_i1592203531_1864_7_jpg.jpg?v=1759121128|https://cdn.shopify.com/s/files/1/0912/9351/6071/files/20200615_i1592203531_6236_4_jpg.jpg?v=1759121128|https://cdn.shopify.com/s/files/1/0912/9351/6071/files/20200615_i1592203531_6803_5_jpg.jpg?v=1759121128|https://cdn.shopify.com/s/files/1/0912/9351/6071/files/20200615_i1592203531_7986_6_jpg.jpg?v=1759121128|https://cdn.shopify.com/s/files/1/0912/9351/6071/files/20200615_i1592203531_8137_8_jpg.jpg?v=1759121128,Hi I want PRA BACKPACK 39 IN BLACK RE-NYLON AND SAFFIANO LEATHER,
WOVEN HOBO BAG 23 IN BEIGE RAFFIA GOLD HARDWARE TRIANGLE LOGO,https://cdn.shopify.com/s/files/1/0912/9351/6071/files/img_db9945f8_20231231_i1703996882_5992_0_jpg.jpg?v=1780914356,handbags,prada,https://cdn.shopify.com/s/files/1/0912/9351/6071/files/img_db9945f8_20231231_i1703996882_5992_0_jpg.jpg?v=1780914356|https://cdn.shopify.com/s/files/1/0912/9351/6071/files/img_db9945f8_20231231_i1703996882_3476_0_jpg.jpg?v=1780914356|https://cdn.shopify.com/s/files/1/0912/9351/6071/files/img_db9945f8_20231231_i1703996882_1422_0_jpg.jpg?v=1780914355|https://cdn.shopify.com/s/files/1/0912/9351/6071/files/img_db9945f8_20231231_i1703996882_1881_0_jpg.jpg?v=1780914356|https://cdn.shopify.com/s/files/1/0912/9351/6071/files/img_db9945f8_20231231_i1703996882_2699_0_jpg.jpg?v=1780914356|https://cdn.shopify.com/s/files/1/0912/9351/6071/files/img_db9945f8_20231231_i1703996882_2957_0_jpg.jpg?v=1780914356|https://cdn.shopify.com/s/files/1/0912/9351/6071/files/img_db9945f8_20231231_i1703996882_5543_0_jpg.jpg?v=1780914355|https://cdn.shopify.com/s/files/1/0912/9351/6071/files/img_db9945f8_20231231_i1703996882_7089_0_jpg.jpg?v=1780914356|https://cdn.shopify.com/s/files/1/0912/9351/6071/files/img_db9945f8_20231231_i1703996882_9028_0_jpg.jpg?v=1780914355,Hi I want WOVEN HOBO BAG 23 IN BEIGE RAFFIA GOLD HARDWARE TRIANGLE LOGO,New
PRA Cross pattern envelope bag black leather 341148,https://cdn.shopify.com/s/files/1/0912/9351/6071/files/img_2aeb7024_20250801_i1754029795_9765_8_jpg_de04f6e4-8810-4e7a-8788-7a9ada5c0361.jpg?v=1755505348,handbags,prada,https://cdn.shopify.com/s/files/1/0912/9351/6071/files/img_2aeb7024_20250801_i1754029795_9765_8_jpg_de04f6e4-8810-4e7a-8788-7a9ada5c0361.jpg?v=1755505348|https://cdn.shopify.com/s/files/1/0912/9351/6071/files/img_2aeb7024_20250801_i1754029795_9_0_jpg_85c2f8bd-af1d-4c4c-acb7-ef9ad7f02dbf.jpg?v=1755505348|https://cdn.shopify.com/s/files/1/0912/9351/6071/files/img_2aeb7024_20250801_i1754029795_984_7_jpg_2df9a975-7a2f-44be-b152-0f489aff73ba.jpg?v=1755505348|https://cdn.shopify.com/s/files/1/0912/9351/6071/files/img_2aeb7024_20250801_i1754029795_1039_1_jpg_cbd330bc-8b81-41fe-9a84-78d9a7caa8cc.jpg?v=1755505348|https://cdn.shopify.com/s/files/1/0912/9351/6071/files/img_2aeb7024_20250801_i1754029795_1813_2_jpg_b87d6821-08e1-423a-9b44-cc3728fd32a4.jpg?v=1755505348|https://cdn.shopify.com/s/files/1/0912/9351/6071/files/img_2aeb7024_20250801_i1754029795_2675_3_jpg_35c29a84-b971-49d6-9768-fd985d0ba0f4.jpg?v=1755505348|https://cdn.shopify.com/s/files/1/0912/9351/6071/files/img_2aeb7024_20250801_i1754029795_3979_4_jpg_fc39aa25-6f1b-4b0c-bd2c-c23c76450695.jpg?v=1755505348|https://cdn.shopify.com/s/files/1/0912/9351/6071/files/img_2aeb7024_20250801_i1754029795_7528_6_jpg_8166d5aa-b216-4fb3-a5a0-2ccdc9b53d9b.jpg?v=1755505348|https://cdn.shopify.com/s/files/1/0912/9351/6071/files/img_2aeb7024_20250801_i1754029795_9830_5_jpg_506e83e0-114f-41de-a649-d2fa278fd7e1.jpg?v=1755505348,Hi I want PRA Cross pattern envelope bag black leather 341148,New
PRA Explorer Bag Brown Suede 341105,https://cdn.shopify.com/s/files/1/0912/9351/6071/files/img_2aeb7024_20250730_i1753852644_912_3_jpg.jpg?v=1754466453,handbags,prada,https://cdn.shopify.com/s/files/1/0912/9351/6071/files/img_2aeb7024_20250730_i1753852644_912_3_jpg.jpg?v=1754466453|https://cdn.shopify.com/s/files/1/0912/9351/6071/files/img_2aeb7024_20250730_i1753852644_1045_5_jpg.jpg?v=1754466453|https://cdn.shopify.com/s/files/1/0912/9351/6071/files/img_2aeb7024_20250730_i1753852644_6752_2_jpg.jpg?v=1754466453|https://cdn.shopify.com/s/files/1/0912/9351/6071/files/img_2aeb7024_20250730_i1753852644_6807_6_jpg.jpg?v=1754466453|https://cdn.shopify.com/s/files/1/0912/9351/6071/files/img_2aeb7024_20250730_i1753852644_7256_0_jpg.jpg?v=1754466453|https://cdn.shopify.com/s/files/1/0912/9351/6071/files/img_2aeb7024_20250730_i1753852644_7459_4_jpg.jpg?v=1754466453|https://cdn.shopify.com/s/files/1/0912/9351/6071/files/img_2aeb7024_20250730_i1753852644_9225_1_jpg.jpg?v=1754466453|https://cdn.shopify.com/s/files/1/0912/9351/6071/files/img_2aeb7024_20250730_i1753852645_9016_8_jpg.jpg?v=1754466453|https://cdn.shopify.com/s/files/1/0912/9351/6071/files/img_2aeb7024_20250730_i1753852645_9688_7_jpg.jpg?v=1754466453,Hi I want PRA Explorer Bag Brown Suede 341105,New
LARGE SHOULDER BAG 40 IN RUSSET BROWN SUEDE,https://cdn.shopify.com/s/files/1/0912/9351/6071/files/img_d707740b_20241006_i1728155216_5952_2_jpg.jpg?v=1759123804,handbags,prada,https://cdn.shopify.com/s/files/1/0912/9351/6071/files/img_d707740b_20241006_i1728155216_5952_2_jpg.jpg?v=1759123804|https://cdn.shopify.com/s/files/1/0912/9351/6071/files/img_d707740b_20241006_i1728155216_7794_0_jpg.jpg?v=1759123805|https://cdn.shopify.com/s/files/1/0912/9351/6071/files/img_d707740b_20241006_i1728155216_2609_5_jpg.jpg?v=1759123805|https://cdn.shopify.com/s/files/1/0912/9351/6071/files/img_d707740b_20241006_i1728155216_2785_3_jpg.jpg?v=1759123805|https://cdn.shopify.com/s/files/1/0912/9351/6071/files/img_d707740b_20241006_i1728155216_3482_4_jpg.jpg?v=1759123805|https://cdn.shopify.com/s/files/1/0912/9351/6071/files/img_d707740b_20241006_i1728155216_3595_6_jpg.jpg?v=1759123805|https://cdn.shopify.com/s/files/1/0912/9351/6071/files/img_d707740b_20241006_i1728155216_4047_7_jpg.jpg?v=1759123805|https://cdn.shopify.com/s/files/1/0912/9351/6071/files/img_d707740b_20241006_i1728155216_8924_8_jpg.jpg?v=1759123805|https://cdn.shopify.com/s/files/1/0912/9351/6071/files/img_d707740b_20241006_i1728155216_9227_1_jpg.jpg?v=1759123805,Hi I want LARGE SHOULDER BAG 40 IN RUSSET BROWN SUEDE,New
DARLING HANDBAG 25 IN RUSSET BROWN SOFT GRAIN LAMBSKIN,https://cdn.shopify.com/s/files/1/0912/9351/6071/files/20240503_i1714727979_2566_0_jpg.jpg?v=1759124000,handbags,prada,https://cdn.shopify.com/s/files/1/0912/9351/6071/files/20240503_i1714727979_2566_0_jpg.jpg?v=1759124000|https://cdn.shopify.com/s/files/1/0912/9351/6071/files/20240503_i1714727979_3883_8_jpg.jpg?v=1759124000|https://cdn.shopify.com/s/files/1/0912/9351/6071/files/20240503_i1714727979_6766_7_jpg.jpg?v=1759124000|https://cdn.shopify.com/s/files/1/0912/9351/6071/files/20240503_i1714727979_7079_3_jpg.jpg?v=1759124000|https://cdn.shopify.com/s/files/1/0912/9351/6071/files/20240503_i1714727979_7976_4_jpg.jpg?v=1759124000|https://cdn.shopify.com/s/files/1/0912/9351/6071/files/20240503_i1714727979_8227_5_jpg.jpg?v=1759124000|https://cdn.shopify.com/s/files/1/0912/9351/6071/files/20240503_i1714727979_9123_6_jpg.jpg?v=1759124000|https://cdn.shopify.com/s/files/1/0912/9351/6071/files/20240503_i1714727979_232_2_jpg.jpg?v=1759124000|https://cdn.shopify.com/s/files/1/0912/9351/6071/files/20240503_i1714727979_9043_1_jpg.jpg?v=1759124000,Hi I want DARLING HANDBAG 25 IN RUSSET BROWN SOFT GRAIN LAMBSKIN,New
BACKPACK 34.5 IN BLACK RE-NYLON AND SAFFIANO LEATHER TRIM,https://cdn.shopify.com/s/files/1/0912/9351/6071/files/Image_20251029083813_69_35.jpg?v=1761797343,handbags,prada,https://cdn.shopify.com/s/files/1/0912/9351/6071/files/Image_20251029083813_69_35.jpg?v=1761797343|https://cdn.shopify.com/s/files/1/0912/9351/6071/files/Image_20251029083824_73_35.jpg?v=1761797342|https://cdn.shopify.com/s/files/1/0912/9351/6071/files/Image_20251029083828_74_35.jpg?v=1761797342|https://cdn.shopify.com/s/files/1/0912/9351/6071/files/Image_20251029083831_75_35.jpg?v=1761797343|https://cdn.shopify.com/s/files/1/0912/9351/6071/files/Image_20251029083834_76_35.jpg?v=1761797342|https://cdn.shopify.com/s/files/1/0912/9351/6071/files/Image_20251029083816_70_35.jpg?v=1761797342|https://cdn.shopify.com/s/files/1/0912/9351/6071/files/Image_20251029083819_71_35.jpg?v=1761797343|https://cdn.shopify.com/s/files/1/0912/9351/6071/files/Image_20251029083822_72_35.jpg?v=1761797342|https://cdn.shopify.com/s/files/1/0912/9351/6071/files/Image_20251029083837_77_35.jpg?v=1761797342,Hi I want BACKPACK 34.5 IN BLACK RE-NYLON AND SAFFIANO LEATHER TRIM,New
PRA Shoulder Bag 22 burgundy nylon fabric 280825,https://cdn.shopify.com/s/files/1/0912/9351/6071/files/20250815_i1755246256_4954_0_jpg.jpg?v=1759118344,handbags,prada,https://cdn.shopify.com/s/files/1/0912/9351/6071/files/20250815_i1755246256_4954_0_jpg.jpg?v=1759118344|https://cdn.shopify.com/s/files/1/0912/9351/6071/files/20250815_i1755246256_412_3_jpg.jpg?v=1759118344|https://cdn.shopify.com/s/files/1/0912/9351/6071/files/20250815_i1755246256_2412_5_jpg.jpg?v=1759118344|https://cdn.shopify.com/s/files/1/0912/9351/6071/files/20250815_i1755246256_3119_4_jpg.jpg?v=1759118344|https://cdn.shopify.com/s/files/1/0912/9351/6071/files/20250815_i1755246256_4104_6_jpg.jpg?v=1759118344|https://cdn.shopify.com/s/files/1/0912/9351/6071/files/20250815_i1755246256_6111_7_jpg.jpg?v=1759118344|https://cdn.shopify.com/s/files/1/0912/9351/6071/files/20250815_i1755246256_6996_2_jpg.jpg?v=1759118344|https://cdn.shopify.com/s/files/1/0912/9351/6071/files/20250815_i1755246256_7816_1_jpg.jpg?v=1759118344|https://cdn.shopify.com/s/files/1/0912/9351/6071/files/20250815_i1755246256_9829_8_jpg.jpg?v=1759118344,Hi I want PRA Shoulder Bag 22 burgundy nylon fabric 280825,New
PRA BEIGE CROCHET TOTE BAG 40CM,https://cdn.shopify.com/s/files/1/0912/9351/6071/files/20230717_i1689570650_2844_1_jpg.jpg?v=1759120748,handbags,prada,https://cdn.shopify.com/s/files/1/0912/9351/6071/files/20230717_i1689570650_2844_1_jpg.jpg?v=1759120748|https://cdn.shopify.com/s/files/1/0912/9351/6071/files/20230717_i1689570650_5999_0_jpg.jpg?v=1759120748|https://cdn.shopify.com/s/files/1/0912/9351/6071/files/20230717_i1689570650_614_6_jpg.jpg?v=1759120748|https://cdn.shopify.com/s/files/1/0912/9351/6071/files/20230717_i1689570650_6386_7_jpg.jpg?v=1759120748|https://cdn.shopify.com/s/files/1/0912/9351/6071/files/20230717_i1689570650_7002_5_jpg.jpg?v=1759120748|https://cdn.shopify.com/s/files/1/0912/9351/6071/files/20230717_i1689570650_73_2_jpg.jpg?v=1759120748|https://cdn.shopify.com/s/files/1/0912/9351/6071/files/20230717_i1689570650_7565_8_jpg.jpg?v=1759120748|https://cdn.shopify.com/s/files/1/0912/9351/6071/files/20230717_i1689570650_8218_3_jpg.jpg?v=1759120748|https://cdn.shopify.com/s/files/1/0912/9351/6071/files/20230717_i1689570650_9410_4_jpg.jpg?v=1759120748,Hi I want PRA BEIGE CROCHET TOTE BAG 40CM,
PRA GALLERIA 28 BAG IN LIGHT PINK SAFFIANO LEATHER,https://cdn.shopify.com/s/files/1/0912/9351/6071/files/img_8300df26_20231227_a1703676436754_1667_jpg.jpg?v=1759120945,handbags,prada,https://cdn.shopify.com/s/files/1/0912/9351/6071/files/img_8300df26_20231227_a1703676436754_1667_jpg.jpg?v=1759120945|https://cdn.shopify.com/s/files/1/0912/9351/6071/files/img_8300df26_20231227_a1703676437027_5537_jpg.jpg?v=1759120945|https://cdn.shopify.com/s/files/1/0912/9351/6071/files/img_8300df26_20231227_a1703676436842_4367_jpg.jpg?v=1759120945|https://cdn.shopify.com/s/files/1/0912/9351/6071/files/img_8300df26_20231227_a1703676436969_3661_jpg.jpg?v=1759120945|https://cdn.shopify.com/s/files/1/0912/9351/6071/files/img_8300df26_20231227_a1703676437041_1231_jpg.jpg?v=1759120945|https://cdn.shopify.com/s/files/1/0912/9351/6071/files/img_8300df26_20231227_a1703676438402_4826_jpg.jpg?v=1759120945|https://cdn.shopify.com/s/files/1/0912/9351/6071/files/img_8300df26_20231227_a1703676438406_3444_jpg.jpg?v=1759120945|https://cdn.shopify.com/s/files/1/0912/9351/6071/files/img_8300df26_20231227_a1703676436885_2483_jpg.jpg?v=1759120945|https://cdn.shopify.com/s/files/1/0912/9351/6071/files/img_8300df26_20231227_a1703676438401_5835_jpg.jpg?v=1759120945,Hi I want PRA GALLERIA 28 BAG IN LIGHT PINK SAFFIANO LEATHER,
PRA ARQUÉ 22 SHOULDER BAG IN BLACK LEATHER,https://cdn.shopify.com/s/files/1/0912/9351/6071/files/img_4963d6eb_20231031_i1698767226_7753_0_jpg.jpg?v=1759121317,handbags,prada,https://cdn.shopify.com/s/files/1/0912/9351/6071/files/img_4963d6eb_20231031_i1698767226_7753_0_jpg.jpg?v=1759121317|https://cdn.shopify.com/s/files/1/0912/9351/6071/files/img_4963d6eb_20231031_i1698767226_5318_1_jpg.jpg?v=1759121317|https://cdn.shopify.com/s/files/1/0912/9351/6071/files/img_4963d6eb_20231031_i1698767226_825_2_jpg.jpg?v=1759121317|https://cdn.shopify.com/s/files/1/0912/9351/6071/files/img_4963d6eb_20231031_i1698767226_9297_8_jpg.jpg?v=1759121317|https://cdn.shopify.com/s/files/1/0912/9351/6071/files/img_4963d6eb_20231031_i1698767226_5799_7_jpg.jpg?v=1759121317|https://cdn.shopify.com/s/files/1/0912/9351/6071/files/img_4963d6eb_20231031_i1698767226_9797_5_jpg.jpg?v=1759121317|https://cdn.shopify.com/s/files/1/0912/9351/6071/files/img_4963d6eb_20231031_i1698767226_7398_3_jpg.jpg?v=1759121317|https://cdn.shopify.com/s/files/1/0912/9351/6071/files/img_4963d6eb_20231031_i1698767226_1695_6_jpg.jpg?v=1759121317|https://cdn.shopify.com/s/files/1/0912/9351/6071/files/img_4963d6eb_20231031_i1698767226_1607_4_jpg.jpg?v=1759121317,Hi I want PRA ARQUÉ 22 SHOULDER BAG IN BLACK LEATHER,
PRA CLUTCH 12 IN LIGHT PINK RE-NYLON,https://cdn.shopify.com/s/files/1/0912/9351/6071/files/20231025_i1698213982_4676_0_jpg.jpg?v=1759121335,handbags,prada,https://cdn.shopify.com/s/files/1/0912/9351/6071/files/20231025_i1698213982_4676_0_jpg.jpg?v=1759121335|https://cdn.shopify.com/s/files/1/0912/9351/6071/files/20231025_i1698213982_8890_1_jpg.jpg?v=1759121335|https://cdn.shopify.com/s/files/1/0912/9351/6071/files/20231025_i1698213982_7469_3_jpg.jpg?v=1759121335|https://cdn.shopify.com/s/files/1/0912/9351/6071/files/20231025_i1698213982_7266_7_jpg.jpg?v=1759121335|https://cdn.shopify.com/s/files/1/0912/9351/6071/files/20231025_i1698213982_1010_8_jpg.jpg?v=1759121335|https://cdn.shopify.com/s/files/1/0912/9351/6071/files/20231025_i1698213982_934_2_jpg.jpg?v=1759121335|https://cdn.shopify.com/s/files/1/0912/9351/6071/files/20231025_i1698213982_932_5_jpg.jpg?v=1759121335,Hi I want PRA CLUTCH 12 IN LIGHT PINK RE-NYLON,
Pra Mini Pouch With Crystal Black Satin,https://cdn.shopify.com/s/files/1/0912/9351/6071/files/Image_20241227141100.jpg?v=1759121671,handbags,prada,https://cdn.shopify.com/s/files/1/0912/9351/6071/files/Image_20241227141100.jpg?v=1759121671|https://cdn.shopify.com/s/files/1/0912/9351/6071/files/Image_20241227141111.jpg?v=1759121671|https://cdn.shopify.com/s/files/1/0912/9351/6071/files/Image_20241227141112.jpg?v=1759121671|https://cdn.shopify.com/s/files/1/0912/9351/6071/files/Image_20241227141113.jpg?v=1759121671|https://cdn.shopify.com/s/files/1/0912/9351/6071/files/Image_20241227141114.jpg?v=1759121671|https://cdn.shopify.com/s/files/1/0912/9351/6071/files/Image_20241227141115.jpg?v=1759121671|https://cdn.shopify.com/s/files/1/0912/9351/6071/files/Image_202412271411151.jpg?v=1759121671|https://cdn.shopify.com/s/files/1/0912/9351/6071/files/Image_20241227141116.jpg?v=1759121671|https://cdn.shopify.com/s/files/1/0912/9351/6071/files/Image_20241227141117.jpg?v=1759121671,Hi I want Pra Mini Pouch With Crystal Black Satin,
BUCKET BAG 19 IN BEIGE RE-NYLON AND SAFFIANO LEATHER HANDLE,https://cdn.shopify.com/s/files/1/0912/9351/6071/files/20240320_i1710912741_8866_0_jpg.jpg?v=1759121727,handbags,prada,https://cdn.shopify.com/s/files/1/0912/9351/6071/files/20240320_i1710912741_8866_0_jpg.jpg?v=1759121727|https://cdn.shopify.com/s/files/1/0912/9351/6071/files/20240320_i1710912741_960_8_jpg.jpg?v=1759121727|https://cdn.shopify.com/s/files/1/0912/9351/6071/files/20240320_i1710912741_987_1_jpg.jpg?v=1759121727|https://cdn.shopify.com/s/files/1/0912/9351/6071/files/20240320_i1710912741_1112_5_jpg.jpg?v=1759121727|https://cdn.shopify.com/s/files/1/0912/9351/6071/files/20240320_i1710912741_1294_2_jpg.jpg?v=1759121727|https://cdn.shopify.com/s/files/1/0912/9351/6071/files/20240320_i1710912741_4629_3_jpg.jpg?v=1759121727|https://cdn.shopify.com/s/files/1/0912/9351/6071/files/20240320_i1710912741_5415_6_jpg.jpg?v=1759121727|https://cdn.shopify.com/s/files/1/0912/9351/6071/files/20240320_i1710912741_6501_4_jpg.jpg?v=1759121727|https://cdn.shopify.com/s/files/1/0912/9351/6071/files/20240320_i1710912741_6942_7_jpg.jpg?v=1759121727,Hi I want BUCKET BAG 19 IN BEIGE RE-NYLON AND SAFFIANO LEATHER HANDLE,
TOP HANDLE BAG 32 IN LEOPARD PRINT LEATHER,https://cdn.shopify.com/s/files/1/0912/9351/6071/files/20241120_i1732082338_988_0_jpg.jpg?v=1759121856,handbags,prada,https://cdn.shopify.com/s/files/1/0912/9351/6071/files/20241120_i1732082338_988_0_jpg.jpg?v=1759121856|https://cdn.shopify.com/s/files/1/0912/9351/6071/files/20241120_i1732082338_4718_3_jpg.jpg?v=1759121856|https://cdn.shopify.com/s/files/1/0912/9351/6071/files/20241120_i1732082338_110_8_jpg.jpg?v=1759121856|https://cdn.shopify.com/s/files/1/0912/9351/6071/files/20241120_i1732082338_3905_2_jpg.jpg?v=1759121856|https://cdn.shopify.com/s/files/1/0912/9351/6071/files/20241120_i1732082338_4683_5_jpg.jpg?v=1759121856|https://cdn.shopify.com/s/files/1/0912/9351/6071/files/20241120_i1732082338_6222_4_jpg.jpg?v=1759121856|https://cdn.shopify.com/s/files/1/0912/9351/6071/files/20241120_i1732082338_8426_6_jpg.jpg?v=1759121856|https://cdn.shopify.com/s/files/1/0912/9351/6071/files/20241120_i1732082338_9475_7_jpg.jpg?v=1759121856|https://cdn.shopify.com/s/files/1/0912/9351/6071/files/20241120_i1732082338_9568_1_jpg.jpg?v=1759121856,Hi I want TOP HANDLE BAG 32 IN LEOPARD PRINT LEATHER,
CROSSBODY BAG 20 IN BLACK RE-NYLON AND SAFFIANO LEATHER TRIM,https://cdn.shopify.com/s/files/1/0912/9351/6071/files/20200507_i1588838717_5331_0_jpg.jpg?v=1759122619,handbags,prada,https://cdn.shopify.com/s/files/1/0912/9351/6071/files/20200507_i1588838717_5331_0_jpg.jpg?v=1759122619|https://cdn.shopify.com/s/files/1/0912/9351/6071/files/20200507_i1588838717_1019_7_jpg.jpg?v=1759122619|https://cdn.shopify.com/s/files/1/0912/9351/6071/files/20200507_i1588838717_2496_4_jpg.jpg?v=1759122619|https://cdn.shopify.com/s/files/1/0912/9351/6071/files/20200507_i1588838717_5802_3_jpg.jpg?v=1759122619|https://cdn.shopify.com/s/files/1/0912/9351/6071/files/20200507_i1588838717_6551_1_jpg.jpg?v=1759122619|https://cdn.shopify.com/s/files/1/0912/9351/6071/files/20200507_i1588838717_7834_8_jpg.jpg?v=1759122619|https://cdn.shopify.com/s/files/1/0912/9351/6071/files/20200507_i1588838717_8155_2_jpg.jpg?v=1759122619|https://cdn.shopify.com/s/files/1/0912/9351/6071/files/20200507_i1588838717_8437_5_jpg.jpg?v=1759122619|https://cdn.shopify.com/s/files/1/0912/9351/6071/files/20200507_i1588838717_8565_6_jpg.jpg?v=1759122619,Hi I want CROSSBODY BAG 20 IN BLACK RE-NYLON AND SAFFIANO LEATHER TRIM,
TRIANGLE PATTERN TOTE BAG 33 IN BLACK QUILTED RE-NYLON,https://cdn.shopify.com/s/files/1/0912/9351/6071/files/20211226_i1640503626_4162_1_jpg.jpg?v=1759123170,handbags,prada,https://cdn.shopify.com/s/files/1/0912/9351/6071/files/20211226_i1640503626_4162_1_jpg.jpg?v=1759123170|https://cdn.shopify.com/s/files/1/0912/9351/6071/files/20211226_i1640503626_865_4_jpg.jpg?v=1759123170|https://cdn.shopify.com/s/files/1/0912/9351/6071/files/20211226_i1640503626_1636_8_jpg.jpg?v=1759123170|https://cdn.shopify.com/s/files/1/0912/9351/6071/files/20211226_i1640503626_3345_0_jpg.jpg?v=1759123170|https://cdn.shopify.com/s/files/1/0912/9351/6071/files/20211226_i1640503626_5998_5_jpg.jpg?v=1759123170|https://cdn.shopify.com/s/files/1/0912/9351/6071/files/20211226_i1640503626_7694_2_jpg.jpg?v=1759123170|https://cdn.shopify.com/s/files/1/0912/9351/6071/files/20211226_i1640503626_7828_6_jpg.jpg?v=1759123170|https://cdn.shopify.com/s/files/1/0912/9351/6071/files/20211226_i1640503626_9242_7_jpg.jpg?v=1759123170|https://cdn.shopify.com/s/files/1/0912/9351/6071/files/20240531_i1717132870_2512_0_jpg.jpg?v=1759123170,Hi I want TRIANGLE PATTERN TOTE BAG 33 IN BLACK QUILTED RE-NYLON,
SMALL BACKPACK 28 IN BLACK PARACHUTE FABRIC,https://cdn.shopify.com/s/files/1/0912/9351/6071/files/20200925_i1601010520_8987_0_jpg.jpg?v=1759123404,handbags,prada,https://cdn.shopify.com/s/files/1/0912/9351/6071/files/20200925_i1601010520_8987_0_jpg.jpg?v=1759123404|https://cdn.shopify.com/s/files/1/0912/9351/6071/files/20200925_i1601010520_195_4_jpg.jpg?v=1759123404|https://cdn.shopify.com/s/files/1/0912/9351/6071/files/20200925_i1601010520_3264_7_jpg.jpg?v=1759123404|https://cdn.shopify.com/s/files/1/0912/9351/6071/files/20200925_i1601010520_7790_1_jpg.jpg?v=1759123405|https://cdn.shopify.com/s/files/1/0912/9351/6071/files/20200925_i1601010520_7822_6_jpg.jpg?v=1759123405|https://cdn.shopify.com/s/files/1/0912/9351/6071/files/20200925_i1601010520_8266_5_jpg.jpg?v=1759123405|https://cdn.shopify.com/s/files/1/0912/9351/6071/files/20200925_i1601010520_8617_3_jpg.jpg?v=1759123405|https://cdn.shopify.com/s/files/1/0912/9351/6071/files/20200925_i1601010520_9776_2_jpg.jpg?v=1759123405|https://cdn.shopify.com/s/files/1/0912/9351/6071/files/20200925_i1601010527_4484_0_jpg.jpg?v=1759123405,Hi I want SMALL BACKPACK 28 IN BLACK PARACHUTE FABRIC,
MINI FLAP BAG 20 IN BLACK SAFFIANO LEATHER GOLD HARDWARE,https://cdn.shopify.com/s/files/1/0912/9351/6071/files/img_cad1e969_20240403_i1712077491_3254_2_jpg.jpg?v=1759123436,handbags,prada,https://cdn.shopify.com/s/files/1/0912/9351/6071/files/img_cad1e969_20240403_i1712077491_3254_2_jpg.jpg?v=1759123436|https://cdn.shopify.com/s/files/1/0912/9351/6071/files/img_cad1e969_20240403_i1712077491_3916_5_jpg.jpg?v=1759123436|https://cdn.shopify.com/s/files/1/0912/9351/6071/files/img_cad1e969_20240403_i1712077491_6585_3_jpg.jpg?v=1759123436|https://cdn.shopify.com/s/files/1/0912/9351/6071/files/img_cad1e969_20240403_i1712077491_517_8_jpg.jpg?v=1759123436|https://cdn.shopify.com/s/files/1/0912/9351/6071/files/img_cad1e969_20240403_i1712077491_1542_7_jpg.jpg?v=1759123436|https://cdn.shopify.com/s/files/1/0912/9351/6071/files/img_cad1e969_20240403_i1712077491_7004_6_jpg.jpg?v=1759123436|https://cdn.shopify.com/s/files/1/0912/9351/6071/files/img_cad1e969_20240403_i1712077491_9785_0_jpg.jpg?v=1759123436|https://cdn.shopify.com/s/files/1/0912/9351/6071/files/img_cad1e969_20240403_i1712077491_9932_1_jpg.jpg?v=1759123436|https://cdn.shopify.com/s/files/1/0912/9351/6071/files/img_cad1e969_20240403_i1712077491_5919_4_jpg.jpg?v=1759123436,Hi I want MINI FLAP BAG 20 IN BLACK SAFFIANO LEATHER GOLD HARDWARE,
MESSENGER BAG 22 IN BLACK RE-NYLON,https://cdn.shopify.com/s/files/1/0912/9351/6071/files/20200427_i1587992449_2457_0_jpg.jpg?v=1759123600,handbags,prada,https://cdn.shopify.com/s/files/1/0912/9351/6071/files/20200427_i1587992449_2457_0_jpg.jpg?v=1759123600|https://cdn.shopify.com/s/files/1/0912/9351/6071/files/20200427_i1587992449_24_7_jpg.jpg?v=1759123600|https://cdn.shopify.com/s/files/1/0912/9351/6071/files/20200427_i1587992449_2849_3_jpg.jpg?v=1759123600|https://cdn.shopify.com/s/files/1/0912/9351/6071/files/20200427_i1587992449_3077_6_jpg.jpg?v=1759123600|https://cdn.shopify.com/s/files/1/0912/9351/6071/files/20200427_i1587992449_3444_5_jpg.jpg?v=1759123601|https://cdn.shopify.com/s/files/1/0912/9351/6071/files/20200427_i1587992449_4823_8_jpg.jpg?v=1759123601|https://cdn.shopify.com/s/files/1/0912/9351/6071/files/20200427_i1587992449_5586_4_jpg.jpg?v=1759123601|https://cdn.shopify.com/s/files/1/0912/9351/6071/files/20200427_i1587992449_7056_2_jpg.jpg?v=1759123601|https://cdn.shopify.com/s/files/1/0912/9351/6071/files/20200427_i1587992449_7175_1_jpg.jpg?v=1759123601,Hi I want MESSENGER BAG 22 IN BLACK RE-NYLON,New
MINI FLAP BAG 20 IN BABY PINK SAFFIANO LEATHER GOLD HARDWARE,https://cdn.shopify.com/s/files/1/0912/9351/6071/files/img_cad1e969_20240403_i1712077711_3945_1_jpg.jpg?v=1759123611,handbags,prada,https://cdn.shopify.com/s/files/1/0912/9351/6071/files/img_cad1e969_20240403_i1712077711_3945_1_jpg.jpg?v=1759123611|https://cdn.shopify.com/s/files/1/0912/9351/6071/files/img_cad1e969_20240403_i1712077711_2773_7_jpg.jpg?v=1759123611|https://cdn.shopify.com/s/files/1/0912/9351/6071/files/img_cad1e969_20240403_i1712077711_2148_4_jpg.jpg?v=1759123611|https://cdn.shopify.com/s/files/1/0912/9351/6071/files/img_cad1e969_20240403_i1712077711_3074_3_jpg.jpg?v=1759123611|https://cdn.shopify.com/s/files/1/0912/9351/6071/files/img_cad1e969_20240403_i1712077711_4575_0_jpg.jpg?v=1759123611|https://cdn.shopify.com/s/files/1/0912/9351/6071/files/img_cad1e969_20240403_i1712077711_5472_2_jpg.jpg?v=1759123611|https://cdn.shopify.com/s/files/1/0912/9351/6071/files/img_cad1e969_20240403_i1712077711_8464_5_jpg.jpg?v=1759123611|https://cdn.shopify.com/s/files/1/0912/9351/6071/files/img_cad1e969_20240403_i1712077711_9010_6_jpg.jpg?v=1759123611|https://cdn.shopify.com/s/files/1/0912/9351/6071/files/img_cad1e969_20240403_i1712077711_9203_8_jpg.jpg?v=1759123612,Hi I want MINI FLAP BAG 20 IN BABY PINK SAFFIANO LEATHER GOLD HARDWARE,New
BOWLING BAG 25 IN ASH BROWN SUEDE AND CALFSKIN TRIM GOLD LOGO,https://cdn.shopify.com/s/files/1/0912/9351/6071/files/img_db9945f8_20240901_i1725134803_433_2_jpg_70077785-d66a-4970-81a9-0d0b2134223e.jpg?v=1783650468,handbags,prada,https://cdn.shopify.com/s/files/1/0912/9351/6071/files/img_db9945f8_20240901_i1725134803_433_2_jpg_70077785-d66a-4970-81a9-0d0b2134223e.jpg?v=1783650468|https://cdn.shopify.com/s/files/1/0912/9351/6071/files/img_db9945f8_20240901_i1725134803_910_8_jpg_73c93530-7392-4e72-b6dc-d6e819eb64dd.jpg?v=1783650468|https://cdn.shopify.com/s/files/1/0912/9351/6071/files/img_db9945f8_20240901_i1725134803_1801_1_jpg_11a22397-15e0-435f-85d3-946d339e4282.jpg?v=1783650468|https://cdn.shopify.com/s/files/1/0912/9351/6071/files/img_db9945f8_20240901_i1725134803_3460_4_jpg_5e9b6290-ab8d-438a-8ac1-2ea7458e2679.jpg?v=1783650468|https://cdn.shopify.com/s/files/1/0912/9351/6071/files/img_db9945f8_20240901_i1725134803_3976_0_jpg_10397f76-f7c6-4d3b-8a55-78fb684f8b0a.jpg?v=1783650468|https://cdn.shopify.com/s/files/1/0912/9351/6071/files/img_db9945f8_20240901_i1725134803_4105_3_jpg_0c3a09e1-d8a2-4988-a070-a88500046ca1.jpg?v=1783650468|https://cdn.shopify.com/s/files/1/0912/9351/6071/files/img_db9945f8_20240901_i1725134803_4527_5_jpg_f2f5bf5d-1ed7-45ac-ad80-4cfa1534ce30.jpg?v=1783650468|https://cdn.shopify.com/s/files/1/0912/9351/6071/files/img_db9945f8_20240901_i1725134803_8601_6_jpg_07a851dd-ba32-420f-aaa6-9ecf8b79c922.jpg?v=1783650468|https://cdn.shopify.com/s/files/1/0912/9351/6071/files/img_db9945f8_20240901_i1725134803_9749_7_jpg_0615c195-2fe0-491e-bb28-8586f95553f1.jpg?v=1783650468,Hi I want BOWLING BAG 25 IN ASH BROWN SUEDE AND CALFSKIN TRIM GOLD LOGO,New
BUCKET BAG 20 IN BEIGE WOVEN RAFFIA EMBOSSED LOGO,https://cdn.shopify.com/s/files/1/0912/9351/6071/files/img_4ebdbb7c_20231229_i1703815639_3375_0_jpg.jpg?v=1759123714,handbags,prada,https://cdn.shopify.com/s/files/1/0912/9351/6071/files/img_4ebdbb7c_20231229_i1703815639_3375_0_jpg.jpg?v=1759123714|https://cdn.shopify.com/s/files/1/0912/9351/6071/files/img_4ebdbb7c_20231229_i1703815639_2601_0_jpg.jpg?v=1759123714|https://cdn.shopify.com/s/files/1/0912/9351/6071/files/img_4ebdbb7c_20231229_i1703815639_5570_0_jpg.jpg?v=1759123714|https://cdn.shopify.com/s/files/1/0912/9351/6071/files/img_4ebdbb7c_20231229_i1703815639_8981_0_jpg.jpg?v=1759123714|https://cdn.shopify.com/s/files/1/0912/9351/6071/files/img_4ebdbb7c_20231229_i1703815639_9747_0_jpg.jpg?v=1759123714|https://cdn.shopify.com/s/files/1/0912/9351/6071/files/img_4ebdbb7c_20231229_i1703815639_3926_0_jpg.jpg?v=1759123714|https://cdn.shopify.com/s/files/1/0912/9351/6071/files/img_4ebdbb7c_20231229_i1703815639_5394_0_jpg.jpg?v=1759123714|https://cdn.shopify.com/s/files/1/0912/9351/6071/files/img_4ebdbb7c_20231229_i1703815639_8199_0_jpg.jpg?v=1759123714|https://cdn.shopify.com/s/files/1/0912/9351/6071/files/img_4ebdbb7c_20231229_i1703815639_9278_0_jpg.jpg?v=1759123714,Hi I want BUCKET BAG 20 IN BEIGE WOVEN RAFFIA EMBOSSED LOGO,New
TOTE BAG WITH BELT 42 IN BLACK OIL WAX LAMBSKIN GOLD HARDWARE,https://cdn.shopify.com/s/files/1/0912/9351/6071/files/img_d707740b_20240123_i1706017966_5984_0_jpg_6059a92d-7659-4430-81b9-39bfed33a105.jpg?v=1782294815,handbags,prada,https://cdn.shopify.com/s/files/1/0912/9351/6071/files/img_d707740b_20240123_i1706017966_5984_0_jpg_6059a92d-7659-4430-81b9-39bfed33a105.jpg?v=1782294815|https://cdn.shopify.com/s/files/1/0912/9351/6071/files/img_d707740b_20240123_i1706017966_2668_2_jpg_4fe43989-cfc1-4462-a827-92839c1f77e1.jpg?v=1782294815|https://cdn.shopify.com/s/files/1/0912/9351/6071/files/img_d707740b_20240123_i1706017966_3772_4_jpg_5ce81af4-aa74-4e09-821a-9c760758a596.jpg?v=1782294815|https://cdn.shopify.com/s/files/1/0912/9351/6071/files/img_d707740b_20240123_i1706017966_4373_8_jpg_f2798f4e-b15d-43e3-bf0e-f620b4c20f43.jpg?v=1782294815|https://cdn.shopify.com/s/files/1/0912/9351/6071/files/img_d707740b_20240123_i1706017966_5031_3_jpg_7b12a74e-1b46-4292-b85c-0e6c13655bfa.jpg?v=1782294815|https://cdn.shopify.com/s/files/1/0912/9351/6071/files/img_d707740b_20240123_i1706017966_7018_7_jpg_7644d758-a4f0-49e3-9e07-ea1d72fce3a9.jpg?v=1782294815|https://cdn.shopify.com/s/files/1/0912/9351/6071/files/img_d707740b_20240123_i1706017966_7272_5_jpg_e72f991e-0cf6-4a5f-9a1c-02aa26d76160.jpg?v=1782294815|https://cdn.shopify.com/s/files/1/0912/9351/6071/files/img_d707740b_20240123_i1706017966_8154_1_jpg_ec164504-cd18-44f6-beca-af926b489761.jpg?v=1782294815|https://cdn.shopify.com/s/files/1/0912/9351/6071/files/img_d707740b_20240123_i1706017966_8621_6_jpg_a13d1d9d-e6b0-4703-94f3-3ef95658f831.jpg?v=1782294815,Hi I want TOTE BAG WITH BELT 42 IN BLACK OIL WAX LAMBSKIN GOLD HARDWARE,New
PRA SMALL LOGO RAFIA TOTE 38CM,https://cdn.shopify.com/s/files/1/0912/9351/6071/files/13354890799427765_895de6b7-12e8-4c64-8c9c-cd7eb84a2467.jpg?v=1759125375,handbags,prada,https://cdn.shopify.com/s/files/1/0912/9351/6071/files/13354890799427765_895de6b7-12e8-4c64-8c9c-cd7eb84a2467.jpg?v=1759125375|https://cdn.shopify.com/s/files/1/0912/9351/6071/files/13354890840146399_59a441b4-bbcb-4392-bb5e-11b2cb659b3d.jpg?v=1759125375|https://cdn.shopify.com/s/files/1/0912/9351/6071/files/13354890842054296_be478846-c08a-4733-a933-a0f761fadeac.jpg?v=1759125375|https://cdn.shopify.com/s/files/1/0912/9351/6071/files/13354890843958242_80b7ad79-2fd2-43b3-b8c6-4d71a3594ad7.jpg?v=1759125375|https://cdn.shopify.com/s/files/1/0912/9351/6071/files/13354890845685719_412289eb-09d9-4f2c-86ca-02d36f301c13.jpg?v=1759125375|https://cdn.shopify.com/s/files/1/0912/9351/6071/files/13354890847569309_b87ea809-e1e4-4e26-a66d-4474443b990c.jpg?v=1759125375|https://cdn.shopify.com/s/files/1/0912/9351/6071/files/13354890849353766_d773df72-8da1-4a80-96a4-a7dfbec61f1a.jpg?v=1759125375|https://cdn.shopify.com/s/files/1/0912/9351/6071/files/13354890851269066_c35a515c-39d3-4c91-be84-72bdc8447611.jpg?v=1759125375|https://cdn.shopify.com/s/files/1/0912/9351/6071/files/13354890853155168_d77cdbdd-c3fb-4225-a4a3-3cae8ebcd0ad.jpg?v=1759125375,Hi I want PRA SMALL LOGO RAFIA TOTE 38CM,
MEDIUM GALLERIA 28 BROWN SAFFIANO LEATHER,https://cdn.shopify.com/s/files/1/0912/9351/6071/files/13348508495854411_c6d09274-b549-4e8e-9fbe-e21d863c62fd.jpg?v=1759125444,handbags,prada,https://cdn.shopify.com/s/files/1/0912/9351/6071/files/13348508495854411_c6d09274-b549-4e8e-9fbe-e21d863c62fd.jpg?v=1759125444|https://cdn.shopify.com/s/files/1/0912/9351/6071/files/13348508511374823_d1634993-f5eb-4853-8e27-34c4350ff720.jpg?v=1759125444|https://cdn.shopify.com/s/files/1/0912/9351/6071/files/13348508513209524_d6d6065f-8c78-4b1c-aa6a-504c491b09fe.jpg?v=1759125444|https://cdn.shopify.com/s/files/1/0912/9351/6071/files/13348508515332142_3e12f1d4-4406-4f97-b16d-2a2f07be62f4.jpg?v=1759125444|https://cdn.shopify.com/s/files/1/0912/9351/6071/files/13348508517023448_f9cd1198-7718-4157-95be-16b8561f48ef.jpg?v=1759125444|https://cdn.shopify.com/s/files/1/0912/9351/6071/files/13348508519139233_b5aa3c85-8c80-4cde-a445-7871e5b2a25f.jpg?v=1759125444|https://cdn.shopify.com/s/files/1/0912/9351/6071/files/13348508521192394_ab383dde-8344-4ecd-94fd-b80b85cde2b8.jpg?v=1759125444|https://cdn.shopify.com/s/files/1/0912/9351/6071/files/13348508523178189_d9be2883-0f6d-4684-807d-a1f3570bfa94.jpg?v=1759125444|https://cdn.shopify.com/s/files/1/0912/9351/6071/files/13348508525026918_00ee03dc-9022-4b73-a46b-b8beb4219d67.jpg?v=1759125444,Hi I want MEDIUM GALLERIA 28 BROWN SAFFIANO LEATHER,
MINI FLAP BAG 11 IN BLACK DUCHESSE FABRIC ATTACHED FULL CRYSTALS SILVER CHAIN,https://cdn.shopify.com/s/files/1/0912/9351/6071/files/20231113_i1699856341_9000_0_jpg.jpg?v=1780914346,handbags,prada,https://cdn.shopify.com/s/files/1/0912/9351/6071/files/20231113_i1699856341_9000_0_jpg.jpg?v=1780914346|https://cdn.shopify.com/s/files/1/0912/9351/6071/files/20231113_i1699856341_802_7_jpg.jpg?v=1780914346|https://cdn.shopify.com/s/files/1/0912/9351/6071/files/20231113_i1699856341_7132_5_jpg.jpg?v=1780914346|https://cdn.shopify.com/s/files/1/0912/9351/6071/files/20231113_i1699856341_1225_3_jpg.jpg?v=1780914346|https://cdn.shopify.com/s/files/1/0912/9351/6071/files/20231113_i1699856341_2114_2_jpg.jpg?v=1780914346|https://cdn.shopify.com/s/files/1/0912/9351/6071/files/20231113_i1699856341_2387_8_jpg.jpg?v=1780914346|https://cdn.shopify.com/s/files/1/0912/9351/6071/files/20231113_i1699856341_2431_1_jpg.jpg?v=1780914346|https://cdn.shopify.com/s/files/1/0912/9351/6071/files/20231113_i1699856341_7821_6_jpg.jpg?v=1780914346|https://cdn.shopify.com/s/files/1/0912/9351/6071/files/20231113_i1699856341_9475_4_jpg.jpg?v=1780914346,Hi I want MINI FLAP BAG 11 IN BLACK DUCHESSE FABRIC ATTACHED FULL CRYSTALS SILVER CHAIN,
Prada Striped Bucket Bag Frabic,https://cdn.shopify.com/s/files/1/0912/9351/6071/files/20250530_i1748580655_2546_0.jpg_1.jpg?v=1782294822,handbags,prada,https://cdn.shopify.com/s/files/1/0912/9351/6071/files/20250530_i1748580655_2546_0.jpg_1.jpg?v=1782294822|https://cdn.shopify.com/s/files/1/0912/9351/6071/files/20250530_i1748578928_5307_1_jpg.jpg?v=1782294822|https://cdn.shopify.com/s/files/1/0912/9351/6071/files/20250530_i1748580337_9142_6_jpg.jpg?v=1782294822|https://cdn.shopify.com/s/files/1/0912/9351/6071/files/20250530_i1748580337_5737_5_jpg.jpg?v=1782294822|https://cdn.shopify.com/s/files/1/0912/9351/6071/files/20250530_i1748580337_1697_2_jpg.jpg?v=1782294822|https://cdn.shopify.com/s/files/1/0912/9351/6071/files/20250530_i1748580337_3910_4_jpg.jpg?v=1782294822|https://cdn.shopify.com/s/files/1/0912/9351/6071/files/20250530_i1748580337_4221_1_jpg.jpg?v=1782294822|https://cdn.shopify.com/s/files/1/0912/9351/6071/files/20250530_i1748580337_7880_0_jpg.jpg?v=1782294822|https://cdn.shopify.com/s/files/1/0912/9351/6071/files/20250530_i1748578928_1139_0_jpg.jpg?v=1782294822|https://cdn.shopify.com/s/files/1/0912/9351/6071/files/20250530_i1748578928_3831_3_jpg.jpg?v=1782294822,Hi I want Prada Striped Bucket Bag Frabic,New
Prada Cloud Bag 25cm Black Sheepskin,https://cdn.shopify.com/s/files/1/0912/9351/6071/files/Image_20250731120054_4402.jpg?v=1759125296,handbags,prada,https://cdn.shopify.com/s/files/1/0912/9351/6071/files/Image_20250731120054_4402.jpg?v=1759125296|https://cdn.shopify.com/s/files/1/0912/9351/6071/files/Image_20250731120054_4403.jpg?v=1759125296|https://cdn.shopify.com/s/files/1/0912/9351/6071/files/Image_20250731120054_4404.jpg?v=1759125296|https://cdn.shopify.com/s/files/1/0912/9351/6071/files/Image_20250731120054_4405.jpg?v=1759125296|https://cdn.shopify.com/s/files/1/0912/9351/6071/files/Image_20250731120054_4406.jpg?v=1759125296|https://cdn.shopify.com/s/files/1/0912/9351/6071/files/Image_20250731120054_4407.jpg?v=1759125296|https://cdn.shopify.com/s/files/1/0912/9351/6071/files/Image_20250731120054_4411.jpg?v=1759125296|https://cdn.shopify.com/s/files/1/0912/9351/6071/files/Image_20250731120055_4408.jpg?v=1759125296|https://cdn.shopify.com/s/files/1/0912/9351/6071/files/Image_20250731120055_4409.jpg?v=1759125297,Hi I want Prada Cloud Bag 25cm Black Sheepskin,New
PRA Backpack 32 burgundy nylon fabric 280832,https://cdn.shopify.com/s/files/1/0912/9351/6071/files/20250830_i1756552402_5998_0_jpg.jpg?v=1759118283,handbags,prada,https://cdn.shopify.com/s/files/1/0912/9351/6071/files/20250830_i1756552402_5998_0_jpg.jpg?v=1759118283|https://cdn.shopify.com/s/files/1/0912/9351/6071/files/20250830_i1756552402_1769_1_jpg.jpg?v=1759118283|https://cdn.shopify.com/s/files/1/0912/9351/6071/files/20250830_i1756552402_8322_7_jpg.jpg?v=1759118283|https://cdn.shopify.com/s/files/1/0912/9351/6071/files/20250830_i1756552402_856_2_jpg.jpg?v=1759118283|https://cdn.shopify.com/s/files/1/0912/9351/6071/files/20250830_i1756552402_2082_4_jpg.jpg?v=1759118283|https://cdn.shopify.com/s/files/1/0912/9351/6071/files/20250830_i1756552402_2536_3_jpg.jpg?v=1759118283|https://cdn.shopify.com/s/files/1/0912/9351/6071/files/20250830_i1756552402_4553_5_jpg.jpg?v=1759118283|https://cdn.shopify.com/s/files/1/0912/9351/6071/files/20250830_i1756552402_6606_6_jpg.jpg?v=1759118283,Hi I want PRA Backpack 32 burgundy nylon fabric 280832,New
Prada Re-Nylon Black Shoulder Bag,https://cdn.shopify.com/s/files/1/0912/9351/6071/files/WeixinImage_2025-06-27_111913_935_8d8092e7-7e6a-4920-af4d-582141b0c81a.jpg?v=1759125222,handbags,prada,https://cdn.shopify.com/s/files/1/0912/9351/6071/files/WeixinImage_2025-06-27_111913_935_8d8092e7-7e6a-4920-af4d-582141b0c81a.jpg?v=1759125222|https://cdn.shopify.com/s/files/1/0912/9351/6071/files/WeixinImage_2025-06-27_111933_743_b7837414-3234-4b75-bb52-4dad91cc47b2.jpg?v=1759125222|https://cdn.shopify.com/s/files/1/0912/9351/6071/files/WeixinImage_2025-06-27_111931_976_0314dbaa-4480-480d-adfa-212861d89695.jpg?v=1759125222|https://cdn.shopify.com/s/files/1/0912/9351/6071/files/WeixinImage_2025-06-27_111929_615_0c885128-d486-47e0-bb71-af5346ed4815.jpg?v=1759125222|https://cdn.shopify.com/s/files/1/0912/9351/6071/files/WeixinImage_2025-06-27_111927_503_820510dd-4518-467d-ba63-4a51452cbc98.jpg?v=1759125222|https://cdn.shopify.com/s/files/1/0912/9351/6071/files/WeixinImage_2025-06-27_111923_022_b07f3508-1033-4105-a4d6-0696d7e8e2fe.jpg?v=1759125222|https://cdn.shopify.com/s/files/1/0912/9351/6071/files/WeixinImage_2025-06-27_111920_479_9ccaaeff-fc0b-4688-a3bc-2579316786a4.jpg?v=1759125222|https://cdn.shopify.com/s/files/1/0912/9351/6071/files/WeixinImage_2025-06-27_111918_543_07bc3cdc-7766-4227-b4f7-673a545b076e.jpg?v=1759125222|https://cdn.shopify.com/s/files/1/0912/9351/6071/files/WeixinImage_2025-06-27_111916_231_2f9c3c9e-79bd-4da5-9be4-507ce3b50445.jpg?v=1759125222,Hi I want Prada Re-Nylon Black Shoulder Bag,New
PRA CINI 23 MEDIUM BAG IN BLACK RE-NYLON WITH STRAP,https://cdn.shopify.com/s/files/1/0912/9351/6071/files/20221015_i1665835504_4559_1_jpg.jpg?v=1759120921,handbags,prada,https://cdn.shopify.com/s/files/1/0912/9351/6071/files/20221015_i1665835504_4559_1_jpg.jpg?v=1759120921|https://cdn.shopify.com/s/files/1/0912/9351/6071/files/20221015_i1665835504_6925_6_jpg.jpg?v=1759120921|https://cdn.shopify.com/s/files/1/0912/9351/6071/files/20221015_i1665835504_6995_3_jpg.jpg?v=1759120921|https://cdn.shopify.com/s/files/1/0912/9351/6071/files/20221015_i1665835504_9971_0_jpg.jpg?v=1759120921|https://cdn.shopify.com/s/files/1/0912/9351/6071/files/20221015_i1665835504_8518_5_jpg.jpg?v=1759120921|https://cdn.shopify.com/s/files/1/0912/9351/6071/files/20221015_i1665835504_4802_4_jpg.jpg?v=1759120921|https://cdn.shopify.com/s/files/1/0912/9351/6071/files/20221015_i1665835504_4247_8_jpg.jpg?v=1759120921|https://cdn.shopify.com/s/files/1/0912/9351/6071/files/20221015_i1665835504_5861_7_jpg.jpg?v=1759120921|https://cdn.shopify.com/s/files/1/0912/9351/6071/files/20221015_i1665835504_7277_2_jpg.jpg?v=1759120921,Hi I want PRA CINI 23 MEDIUM BAG IN BLACK RE-NYLON WITH STRAP,
PRA CLUTCH 12 IN BLACK RE-NYLON,https://cdn.shopify.com/s/files/1/0912/9351/6071/files/20231019_i1697702355_4845_1_jpg_a7dc3590-f1fd-4204-b57e-e5237b1289bc.jpg?v=1777025551,handbags,prada,https://cdn.shopify.com/s/files/1/0912/9351/6071/files/20231019_i1697702355_4845_1_jpg_a7dc3590-f1fd-4204-b57e-e5237b1289bc.jpg?v=1777025551|https://cdn.shopify.com/s/files/1/0912/9351/6071/files/20231019_i1697702355_8950_0_jpg_49cdb0cf-8b82-4bb8-b0ea-191acd837b6c.jpg?v=1777025551|https://cdn.shopify.com/s/files/1/0912/9351/6071/files/20231019_i1697702355_8086_4_jpg_c3720a0c-eaee-4416-a7a5-8ae4e81a9d0d.jpg?v=1777025551|https://cdn.shopify.com/s/files/1/0912/9351/6071/files/20231019_i1697702355_7400_2_jpg_744b2d35-f611-4342-8984-98b09e326408.jpg?v=1777025551|https://cdn.shopify.com/s/files/1/0912/9351/6071/files/20231019_i1697702355_8121_7_jpg_e8120e0d-d3e9-4a12-b43d-b51fad1a1798.jpg?v=1777025551|https://cdn.shopify.com/s/files/1/0912/9351/6071/files/20231019_i1697702355_7686_6_jpg_36fd3217-11f2-4179-8158-dffa254c2fc0.jpg?v=1777025551|https://cdn.shopify.com/s/files/1/0912/9351/6071/files/20231019_i1697702355_936_3_jpg_f152e25f-2593-4a8a-8b69-6c1c23402e1b.jpg?v=1777025551|https://cdn.shopify.com/s/files/1/0912/9351/6071/files/20231019_i1697702355_6145_5_jpg_6558d606-c9bf-4dc6-915f-c33b2c6a3d25.jpg?v=1777025551|https://cdn.shopify.com/s/files/1/0912/9351/6071/files/20231019_i1697702355_5259_8_jpg_f00191aa-9f25-48c1-8d14-33218d749e4f.jpg?v=1777025551,Hi I want PRA CLUTCH 12 IN BLACK RE-NYLON,
PRA 30 CLEO SHOULDER BAG IN BLACK BRUSHED LEATHER,https://cdn.shopify.com/s/files/1/0912/9351/6071/files/img_b75fc290_20240410_i1712678584_1991_0_jpg.jpg?v=1759121458,handbags,prada,https://cdn.shopify.com/s/files/1/0912/9351/6071/files/img_b75fc290_20240410_i1712678584_1991_0_jpg.jpg?v=1759121458|https://cdn.shopify.com/s/files/1/0912/9351/6071/files/img_b75fc290_20240410_i1712678585_9994_6_jpg.jpg?v=1759121458|https://cdn.shopify.com/s/files/1/0912/9351/6071/files/img_b75fc290_20240410_i1712678585_4818_5_jpg.jpg?v=1759121458|https://cdn.shopify.com/s/files/1/0912/9351/6071/files/img_b75fc290_20240410_i1712678584_6938_2_jpg.jpg?v=1759121458|https://cdn.shopify.com/s/files/1/0912/9351/6071/files/img_b75fc290_20240410_i1712678585_8309_4_jpg.jpg?v=1759121458|https://cdn.shopify.com/s/files/1/0912/9351/6071/files/img_b75fc290_20240410_i1712678585_7522_7_jpg.jpg?v=1759121458|https://cdn.shopify.com/s/files/1/0912/9351/6071/files/img_b75fc290_20240410_i1712678585_485_8_jpg.jpg?v=1759121458|https://cdn.shopify.com/s/files/1/0912/9351/6071/files/img_b75fc290_20240410_i1712678584_2763_3_jpg.jpg?v=1759121458|https://cdn.shopify.com/s/files/1/0912/9351/6071/files/img_b75fc290_20240410_i1712678584_3747_1_jpg.jpg?v=1759121458,Hi I want PRA 30 CLEO SHOULDER BAG IN BLACK BRUSHED LEATHER,
PRA LARGE 39 TOTE IN BLACK CALFSKIN GOLD HARDWARE,https://cdn.shopify.com/s/files/1/0912/9351/6071/files/20221028_i1666887690_1607_0_jpg.jpg?v=1759121608,handbags,prada,https://cdn.shopify.com/s/files/1/0912/9351/6071/files/20221028_i1666887690_1607_0_jpg.jpg?v=1759121608|https://cdn.shopify.com/s/files/1/0912/9351/6071/files/20221028_i1666887690_3843_4_jpg.jpg?v=1759121608|https://cdn.shopify.com/s/files/1/0912/9351/6071/files/20221028_i1666887690_3341_2_jpg.jpg?v=1759121608|https://cdn.shopify.com/s/files/1/0912/9351/6071/files/20221028_i1666887690_7369_1_jpg.jpg?v=1759121608|https://cdn.shopify.com/s/files/1/0912/9351/6071/files/20221028_i1666887690_2265_6_jpg.jpg?v=1759121608|https://cdn.shopify.com/s/files/1/0912/9351/6071/files/20221028_i1666887690_9138_5_jpg.jpg?v=1759121608|https://cdn.shopify.com/s/files/1/0912/9351/6071/files/20221028_i1666887690_8010_7_jpg.jpg?v=1759121608|https://cdn.shopify.com/s/files/1/0912/9351/6071/files/20221028_i1666887690_9986_3_jpg.jpg?v=1759121608|https://cdn.shopify.com/s/files/1/0912/9351/6071/files/20221028_i1666887690_8932_8_jpg.jpg?v=1759121608,Hi I want PRA LARGE 39 TOTE IN BLACK CALFSKIN GOLD HARDWARE,
TRIANGLE LOGO SHOULDER BAG 24 IN BLACK SMOOTH CALFSKIN,https://cdn.shopify.com/s/files/1/0912/9351/6071/files/20241115_i1731650726_8597_1_jpg.jpg?v=1759121866,handbags,prada,https://cdn.shopify.com/s/files/1/0912/9351/6071/files/20241115_i1731650726_8597_1_jpg.jpg?v=1759121866|https://cdn.shopify.com/s/files/1/0912/9351/6071/files/20241115_i1731650726_784_8_jpg.jpg?v=1759121866|https://cdn.shopify.com/s/files/1/0912/9351/6071/files/20241115_i1731650726_7008_7_jpg.jpg?v=1759121866|https://cdn.shopify.com/s/files/1/0912/9351/6071/files/20241115_i1731650726_359_2_jpg.jpg?v=1759121866|https://cdn.shopify.com/s/files/1/0912/9351/6071/files/20241115_i1731650726_457_6_jpg.jpg?v=1759121866|https://cdn.shopify.com/s/files/1/0912/9351/6071/files/20241115_i1731650726_6125_5_jpg.jpg?v=1759121866|https://cdn.shopify.com/s/files/1/0912/9351/6071/files/20241115_i1731650726_7719_4_jpg.jpg?v=1759121866|https://cdn.shopify.com/s/files/1/0912/9351/6071/files/20241115_i1731650726_9035_0_jpg.jpg?v=1759121866|https://cdn.shopify.com/s/files/1/0912/9351/6071/files/20241115_i1731650726_9938_3_jpg.jpg?v=1759121866,Hi I want TRIANGLE LOGO SHOULDER BAG 24 IN BLACK SMOOTH CALFSKIN,
TRIANGLE LOGO CROSSBODY BAG 25 IN BLACK RE-NYLON AND SAFFIANO LEATHER TRIM,https://cdn.shopify.com/s/files/1/0912/9351/6071/files/20200507_i1588837361_2190_0_jpg.jpg?v=1759122606,handbags,prada,https://cdn.shopify.com/s/files/1/0912/9351/6071/files/20200507_i1588837361_2190_0_jpg.jpg?v=1759122606|https://cdn.shopify.com/s/files/1/0912/9351/6071/files/20200507_i1588837361_1342_5_jpg.jpg?v=1759122606|https://cdn.shopify.com/s/files/1/0912/9351/6071/files/20200507_i1588837361_2444_6_jpg.jpg?v=1759122606|https://cdn.shopify.com/s/files/1/0912/9351/6071/files/20200507_i1588837361_2734_4_jpg.jpg?v=1759122606|https://cdn.shopify.com/s/files/1/0912/9351/6071/files/20200507_i1588837361_2923_7_jpg.jpg?v=1759122606|https://cdn.shopify.com/s/files/1/0912/9351/6071/files/20200507_i1588837361_5871_2_jpg.jpg?v=1759122606|https://cdn.shopify.com/s/files/1/0912/9351/6071/files/20200507_i1588837361_9750_8_jpg.jpg?v=1759122606|https://cdn.shopify.com/s/files/1/0912/9351/6071/files/20200507_i1588837361_2150_1_jpg.jpg?v=1759122606|https://cdn.shopify.com/s/files/1/0912/9351/6071/files/20200507_i1588837361_5678_3_jpg.jpg?v=1759122606,Hi I want TRIANGLE LOGO CROSSBODY BAG 25 IN BLACK RE-NYLON AND SAFFIANO LEATHER TRIM,
PHONE BAG 19 IN BLACK RE-NYLON AND SAFFIANO LEATHER TRIM,https://cdn.shopify.com/s/files/1/0912/9351/6071/files/20240407_i1712465703_5207_0_jpg.jpg?v=1759122631,handbags,prada,https://cdn.shopify.com/s/files/1/0912/9351/6071/files/20240407_i1712465703_5207_0_jpg.jpg?v=1759122631|https://cdn.shopify.com/s/files/1/0912/9351/6071/files/20240407_i1712465703_143_6_jpg.jpg?v=1759122631|https://cdn.shopify.com/s/files/1/0912/9351/6071/files/20240407_i1712465703_787_1_jpg.jpg?v=1759122632|https://cdn.shopify.com/s/files/1/0912/9351/6071/files/20240407_i1712465703_2467_2_jpg.jpg?v=1759122632|https://cdn.shopify.com/s/files/1/0912/9351/6071/files/20240407_i1712465703_3828_7_jpg.jpg?v=1759122632|https://cdn.shopify.com/s/files/1/0912/9351/6071/files/20240407_i1712465703_4749_4_jpg.jpg?v=1759122632|https://cdn.shopify.com/s/files/1/0912/9351/6071/files/20240407_i1712465703_4879_3_jpg.jpg?v=1759122632|https://cdn.shopify.com/s/files/1/0912/9351/6071/files/20240407_i1712465703_8818_5_jpg.jpg?v=1759122632|https://cdn.shopify.com/s/files/1/0912/9351/6071/files/20240407_i1712465726_2933_0_jpg.jpg?v=1759122632,Hi I want PHONE BAG 19 IN BLACK RE-NYLON AND SAFFIANO LEATHER TRIM,
MEDIUM FLAP BAG 24 IN BLACK TRIANGULAR QUILTED PATTERN RE-NYLON,https://cdn.shopify.com/s/files/1/0912/9351/6071/files/20230409_i1681024823_2345_0_jpg_589d033c-694f-47e3-a652-df832a9c9c40.jpg?v=1776854084,handbags,prada,https://cdn.shopify.com/s/files/1/0912/9351/6071/files/20230409_i1681024823_2345_0_jpg_589d033c-694f-47e3-a652-df832a9c9c40.jpg?v=1776854084|https://cdn.shopify.com/s/files/1/0912/9351/6071/files/20230409_i1681024823_1106_3_jpg_e284c8c0-cb67-4618-90e4-503362873305.jpg?v=1776854084|https://cdn.shopify.com/s/files/1/0912/9351/6071/files/20230409_i1681024823_4911_6_jpg_f27a640e-9838-4350-b13b-f6de5dd8c18f.jpg?v=1776854084|https://cdn.shopify.com/s/files/1/0912/9351/6071/files/20230409_i1681024823_7061_7_jpg_ed8aeffe-63d5-4b16-b737-e7ae472638af.jpg?v=1776854084|https://cdn.shopify.com/s/files/1/0912/9351/6071/files/20230409_i1681024823_9360_5_jpg_6c2450a9-7898-48d9-9e9b-49b685ecac4e.jpg?v=1776854084|https://cdn.shopify.com/s/files/1/0912/9351/6071/files/20230409_i1681024845_7093_0_jpg_097a830d-5d60-4b0a-97c1-20ba157151f9.jpg?v=1776854084|https://cdn.shopify.com/s/files/1/0912/9351/6071/files/20230409_i1681024823_2383_1_jpg_fa4c696c-7d3a-4d60-b943-76c345bc6d7e.jpg?v=1776854084|https://cdn.shopify.com/s/files/1/0912/9351/6071/files/20230409_i1681024823_3982_4_jpg_e6c73fc3-26de-4054-ad6d-b32656ab04d2.jpg?v=1776854084|https://cdn.shopify.com/s/files/1/0912/9351/6071/files/20230409_i1681024823_6931_2_jpg_846df34f-9777-4559-8748-61bf9e9da4e5.jpg?v=1776854084,Hi I want MEDIUM FLAP BAG 24 IN BLACK TRIANGULAR QUILTED PATTERN RE-NYLON,
TRIANGLE LOGO BACKPACK 40 IN BLACK RE-NYLON,https://cdn.shopify.com/s/files/1/0912/9351/6071/files/1535777307_2910243187_0.jpg?v=1759123372,handbags,prada,https://cdn.shopify.com/s/files/1/0912/9351/6071/files/1535777307_2910243187_0.jpg?v=1759123372|https://cdn.shopify.com/s/files/1/0912/9351/6071/files/1535777307_908656920_2.jpg?v=1759123372|https://cdn.shopify.com/s/files/1/0912/9351/6071/files/1535777307_4247634614_1.jpg?v=1759123372|https://cdn.shopify.com/s/files/1/0912/9351/6071/files/1535777308_545435356_3.jpg?v=1759123372|https://cdn.shopify.com/s/files/1/0912/9351/6071/files/1535777309_1444760128_5.jpg?v=1759123372|https://cdn.shopify.com/s/files/1/0912/9351/6071/files/1535777309_2411927186_4.jpg?v=1759123372|https://cdn.shopify.com/s/files/1/0912/9351/6071/files/1535777310_858987000_7.jpg?v=1759123372|https://cdn.shopify.com/s/files/1/0912/9351/6071/files/1535777310_2515053967_6.jpg?v=1759123372,Hi I want TRIANGLE LOGO BACKPACK 40 IN BLACK RE-NYLON,
BACKPACK 45 IN BLACK RE-NYLON AND SAFFIANO LEATHER TRIM,https://cdn.shopify.com/s/files/1/0912/9351/6071/files/img_cad1e969_20231016_i1697456914_6646_0_jpg_ad2f3a2d-b404-4f37-9f7f-2d703ad42555.jpg?v=1782699359,handbags,prada,https://cdn.shopify.com/s/files/1/0912/9351/6071/files/img_cad1e969_20231016_i1697456914_6646_0_jpg_ad2f3a2d-b404-4f37-9f7f-2d703ad42555.jpg?v=1782699359|https://cdn.shopify.com/s/files/1/0912/9351/6071/files/img_cad1e969_20231016_i1697456914_930_4_jpg_fa30a0e1-9cdd-4952-987c-f99a9f1d4051.jpg?v=1782699359|https://cdn.shopify.com/s/files/1/0912/9351/6071/files/img_cad1e969_20231016_i1697456914_3385_6_jpg_5f29d760-72b3-417c-a3c2-93cbf4a2a940.jpg?v=1782699359|https://cdn.shopify.com/s/files/1/0912/9351/6071/files/img_cad1e969_20231016_i1697456914_4296_3_jpg_aac1783f-5eac-4460-8b0f-89f6b28056b4.jpg?v=1782699359|https://cdn.shopify.com/s/files/1/0912/9351/6071/files/img_cad1e969_20231016_i1697456914_4442_2_jpg_cfdc84dd-406c-4ab2-b500-0a0fd2698e60.jpg?v=1782699359|https://cdn.shopify.com/s/files/1/0912/9351/6071/files/img_cad1e969_20231016_i1697456914_4587_5_jpg_b3e7eb5a-a3e1-4129-9be2-6612d37c2b4f.jpg?v=1782699359|https://cdn.shopify.com/s/files/1/0912/9351/6071/files/img_cad1e969_20231016_i1697456914_5771_8_jpg_449fbb78-80fb-4121-9875-af8aaa649a9b.jpg?v=1782699359|https://cdn.shopify.com/s/files/1/0912/9351/6071/files/img_cad1e969_20231016_i1697456914_9853_1_jpg_1c2b6d34-40af-4b58-8940-5e51e9cc4826.jpg?v=1782699359|https://cdn.shopify.com/s/files/1/0912/9351/6071/files/img_cad1e969_20231016_i1697456914_9970_7_jpg_3a2972ad-08e1-4e80-a194-432fec6277e9.jpg?v=1782699359,Hi I want BACKPACK 45 IN BLACK RE-NYLON AND SAFFIANO LEATHER TRIM,New
SMALL TOTE BAG WITH BELT 32 IN RUSSET BROWN SUEDE,https://cdn.shopify.com/s/files/1/0912/9351/6071/files/img_db9945f8_20240911_i1725994299_9223_0_jpg.jpg?v=1759123675,handbags,prada,https://cdn.shopify.com/s/files/1/0912/9351/6071/files/img_db9945f8_20240911_i1725994299_9223_0_jpg.jpg?v=1759123675|https://cdn.shopify.com/s/files/1/0912/9351/6071/files/img_db9945f8_20240911_i1725994299_2474_2_jpg.jpg?v=1759123675|https://cdn.shopify.com/s/files/1/0912/9351/6071/files/img_db9945f8_20240911_i1725994299_5501_1_jpg.jpg?v=1759123675|https://cdn.shopify.com/s/files/1/0912/9351/6071/files/img_db9945f8_20240911_i1725994300_3486_7_jpg.jpg?v=1759123675|https://cdn.shopify.com/s/files/1/0912/9351/6071/files/img_db9945f8_20240911_i1725994300_3638_6_jpg.jpg?v=1759123675|https://cdn.shopify.com/s/files/1/0912/9351/6071/files/img_db9945f8_20240911_i1725994300_4442_5_jpg.jpg?v=1759123675|https://cdn.shopify.com/s/files/1/0912/9351/6071/files/img_db9945f8_20240911_i1725994300_4499_4_jpg.jpg?v=1759123675|https://cdn.shopify.com/s/files/1/0912/9351/6071/files/img_db9945f8_20240911_i1725994300_6698_8_jpg.jpg?v=1759123675|https://cdn.shopify.com/s/files/1/0912/9351/6071/files/img_db9945f8_20240911_i1725994300_9083_3_jpg.jpg?v=1759123675,Hi I want SMALL TOTE BAG WITH BELT 32 IN RUSSET BROWN SUEDE,New
HOBO BAG 23 IN BLACK SMOOTH NAPPA LAMBSKIN GOLD HARDWARE,https://cdn.shopify.com/s/files/1/0912/9351/6071/files/img_db9945f8_20240922_i1726950746_3382_2_jpg.jpg?v=1759123694,handbags,prada,https://cdn.shopify.com/s/files/1/0912/9351/6071/files/img_db9945f8_20240922_i1726950746_3382_2_jpg.jpg?v=1759123694|https://cdn.shopify.com/s/files/1/0912/9351/6071/files/img_db9945f8_20240922_i1726950746_692_8_jpg.jpg?v=1759123694|https://cdn.shopify.com/s/files/1/0912/9351/6071/files/img_db9945f8_20240922_i1726950746_760_5_jpg.jpg?v=1759123694|https://cdn.shopify.com/s/files/1/0912/9351/6071/files/img_db9945f8_20240922_i1726950746_4764_0_jpg.jpg?v=1759123694|https://cdn.shopify.com/s/files/1/0912/9351/6071/files/img_db9945f8_20240922_i1726950746_8406_4_jpg.jpg?v=1759123694|https://cdn.shopify.com/s/files/1/0912/9351/6071/files/img_db9945f8_20240922_i1726950746_8599_6_jpg.jpg?v=1759123694|https://cdn.shopify.com/s/files/1/0912/9351/6071/files/img_db9945f8_20240922_i1726950746_9067_3_jpg.jpg?v=1759123694|https://cdn.shopify.com/s/files/1/0912/9351/6071/files/img_db9945f8_20240922_i1726950746_9384_7_jpg.jpg?v=1759123694|https://cdn.shopify.com/s/files/1/0912/9351/6071/files/img_db9945f8_20240922_i1726950746_9764_1_jpg.jpg?v=1759123694,Hi I want HOBO BAG 23 IN BLACK SMOOTH NAPPA LAMBSKIN GOLD HARDWARE,New
TRIANGLE LOGO BACKPACK 42 IN BLACK RE-NYLON,https://cdn.shopify.com/s/files/1/0912/9351/6071/files/img_d707740b_20240515_i1715708795_5773_0_jpg_29162537-924d-47e4-b639-042967c78828.jpg?v=1779758812,handbags,prada,https://cdn.shopify.com/s/files/1/0912/9351/6071/files/img_d707740b_20240515_i1715708795_5773_0_jpg_29162537-924d-47e4-b639-042967c78828.jpg?v=1779758812|https://cdn.shopify.com/s/files/1/0912/9351/6071/files/img_d707740b_20240329_i1711723746_1972_1_jpg_739b5498-0d1a-46fa-bd94-809493b3d2b5.jpg?v=1779758812|https://cdn.shopify.com/s/files/1/0912/9351/6071/files/img_d707740b_20240329_i1711723746_6193_8_jpg_53cedfe2-1f66-459a-841d-ff7900f2a0e8.jpg?v=1779758812|https://cdn.shopify.com/s/files/1/0912/9351/6071/files/img_d707740b_20240515_i1715708795_4899_1_jpg_d910ea2b-741b-4a32-9470-55ce0324dfa3.jpg?v=1779758812|https://cdn.shopify.com/s/files/1/0912/9351/6071/files/img_d707740b_20240515_i1715708873_3203_0_jpg_31c6f02e-d101-48c7-9f84-8d402d143ea3.jpg?v=1779758812|https://cdn.shopify.com/s/files/1/0912/9351/6071/files/img_d707740b_20240515_i1715709396_2100_1_jpg_17992e47-9644-4133-a61b-83c0c9db5ee3.jpg?v=1779758812|https://cdn.shopify.com/s/files/1/0912/9351/6071/files/img_d707740b_20240515_i1715709396_6735_0_jpg_2390a23c-6c42-463c-b638-a1ab95bf74e6.jpg?v=1779758812|https://cdn.shopify.com/s/files/1/0912/9351/6071/files/img_d707740b_20240515_i1715709469_2289_0_jpg_347b4102-1257-4522-9c31-666620681a1e.jpg?v=1779758812|https://cdn.shopify.com/s/files/1/0912/9351/6071/files/img_d707740b_20240515_i1715709597_9409_0_jpg_4577a08e-43d5-4930-8874-94dbbfb484d0.jpg?v=1779758812,Hi I want TRIANGLE LOGO BACKPACK 42 IN BLACK RE-NYLON,New
TOTE BAG WITH BELT 32 IN WHITE IMPORTED CALFSKIN,https://cdn.shopify.com/s/files/1/0912/9351/6071/files/img_2568964b_20240402_i1712048207_1435_0_jpg.jpg?v=1759123911,handbags,prada,https://cdn.shopify.com/s/files/1/0912/9351/6071/files/img_2568964b_20240402_i1712048207_1435_0_jpg.jpg?v=1759123911|https://cdn.shopify.com/s/files/1/0912/9351/6071/files/img_2568964b_20240402_i1712048203_452_0_jpg.jpg?v=1759123911|https://cdn.shopify.com/s/files/1/0912/9351/6071/files/img_2568964b_20240402_i1712048203_1556_4_jpg.jpg?v=1759123911|https://cdn.shopify.com/s/files/1/0912/9351/6071/files/img_2568964b_20240402_i1712048203_2218_7_jpg.jpg?v=1759123911|https://cdn.shopify.com/s/files/1/0912/9351/6071/files/img_2568964b_20240402_i1712048203_4672_3_jpg.jpg?v=1759123911|https://cdn.shopify.com/s/files/1/0912/9351/6071/files/img_2568964b_20240402_i1712048203_5169_2_jpg.jpg?v=1759123911|https://cdn.shopify.com/s/files/1/0912/9351/6071/files/img_2568964b_20240402_i1712048203_9443_6_jpg.jpg?v=1759123911|https://cdn.shopify.com/s/files/1/0912/9351/6071/files/img_2568964b_20240402_i1712048203_9871_8_jpg.jpg?v=1759123911,Hi I want TOTE BAG WITH BELT 32 IN WHITE IMPORTED CALFSKIN,New
TOTE BAG WITH BELT 32 IN CIDER BROWN IMPORTED CALFSKIN,https://cdn.shopify.com/s/files/1/0912/9351/6071/files/img_2568964b_20240402_i1712048492_3047_7_jpg_e2fa4d8e-8d21-488f-ae76-3bd43dfbdfd2.jpg?v=1782531958,handbags,prada,https://cdn.shopify.com/s/files/1/0912/9351/6071/files/img_2568964b_20240402_i1712048492_3047_7_jpg_e2fa4d8e-8d21-488f-ae76-3bd43dfbdfd2.jpg?v=1782531958|https://cdn.shopify.com/s/files/1/0912/9351/6071/files/img_2568964b_20240402_i1712048492_24_1_jpg_4133aae2-9e6a-4043-b8f9-e3f93ee77216.jpg?v=1782531958|https://cdn.shopify.com/s/files/1/0912/9351/6071/files/img_2568964b_20240402_i1712048492_1971_0_jpg_5bb61edc-2cf7-4050-b3ae-f9b1ed3e3985.jpg?v=1782531958|https://cdn.shopify.com/s/files/1/0912/9351/6071/files/img_2568964b_20240402_i1712048492_5381_6_jpg_e240a6ee-724a-4ec3-9f0b-ae51afa4f2d4.jpg?v=1782531958|https://cdn.shopify.com/s/files/1/0912/9351/6071/files/img_2568964b_20240402_i1712048492_6234_5_jpg_d7d8d536-4192-4255-a4ca-b58e31812957.jpg?v=1782531958|https://cdn.shopify.com/s/files/1/0912/9351/6071/files/img_2568964b_20240402_i1712048492_8737_3_jpg_73adc02f-b165-4e2c-ba6b-4ea47ef57175.jpg?v=1782531958|https://cdn.shopify.com/s/files/1/0912/9351/6071/files/img_2568964b_20240402_i1712048492_1359_2_jpg_0b3692e0-814d-4fed-9ed6-cf87164af100.jpg?v=1782531958|https://cdn.shopify.com/s/files/1/0912/9351/6071/files/img_2568964b_20240402_i1712048492_4704_4_jpg_24c0c91d-73b6-4dd3-a9ee-15dc356ab83b.jpg?v=1782531958|https://cdn.shopify.com/s/files/1/0912/9351/6071/files/img_2568964b_20240402_i1712048492_6586_8_jpg_21d07eba-ea32-4aa9-a71c-b6fd793ebe03.jpg?v=1782531958,Hi I want TOTE BAG WITH BELT 32 IN CIDER BROWN IMPORTED CALFSKIN,New
VANITY CASE 18 IN BLACK GRAINED CALFSKIN GOLD HARDWARE,https://cdn.shopify.com/s/files/1/0912/9351/6071/files/20230603_i1685786490_6321_0_jpg.jpg?v=1759123990,handbags,prada,https://cdn.shopify.com/s/files/1/0912/9351/6071/files/20230603_i1685786490_6321_0_jpg.jpg?v=1759123990|https://cdn.shopify.com/s/files/1/0912/9351/6071/files/20230603_i1685786490_937_1_jpg.jpg?v=1759123990|https://cdn.shopify.com/s/files/1/0912/9351/6071/files/20230603_i1685786490_6660_7_jpg.jpg?v=1759123990|https://cdn.shopify.com/s/files/1/0912/9351/6071/files/20230603_i1685786490_6785_4_jpg.jpg?v=1759123990|https://cdn.shopify.com/s/files/1/0912/9351/6071/files/20230603_i1685786490_6807_2_jpg.jpg?v=1759123990|https://cdn.shopify.com/s/files/1/0912/9351/6071/files/20230603_i1685786490_7816_5_jpg.jpg?v=1759123990|https://cdn.shopify.com/s/files/1/0912/9351/6071/files/20230603_i1685786490_7916_3_jpg.jpg?v=1759123990|https://cdn.shopify.com/s/files/1/0912/9351/6071/files/20230603_i1685786490_8795_8_jpg.jpg?v=1759123990|https://cdn.shopify.com/s/files/1/0912/9351/6071/files/20230603_i1685786490_9951_6_jpg.jpg?v=1759123990,Hi I want VANITY CASE 18 IN BLACK GRAINED CALFSKIN GOLD HARDWARE,New
HANDBAG 32 IN BLACK SOFT SMOOTH LAMBSKIN,https://cdn.shopify.com/s/files/1/0912/9351/6071/files/img_2568964b_20240905_i1725518688_1647_0_jpg_43fbdfac-5795-431b-9325-d9abb82021cf.jpg?v=1778316011,handbags,prada,https://cdn.shopify.com/s/files/1/0912/9351/6071/files/img_2568964b_20240905_i1725518688_1647_0_jpg_43fbdfac-5795-431b-9325-d9abb82021cf.jpg?v=1778316011|https://cdn.shopify.com/s/files/1/0912/9351/6071/files/img_2568964b_20240905_i1725518688_1654_2_jpg_b4eb02f6-22aa-47f6-befa-abc0b662114b.jpg?v=1778316011|https://cdn.shopify.com/s/files/1/0912/9351/6071/files/img_2568964b_20240905_i1725518688_3881_1_jpg_ec1f1960-46fd-4860-8a46-168cc9a3cfd9.jpg?v=1778316011|https://cdn.shopify.com/s/files/1/0912/9351/6071/files/img_2568964b_20240905_i1725518688_7467_4_jpg_fb86529d-6d89-4bb2-8152-3aeddeb4b8f8.jpg?v=1778316011|https://cdn.shopify.com/s/files/1/0912/9351/6071/files/img_2568964b_20240905_i1725518688_8109_3_jpg_c1ebd40b-44c0-4d6c-947e-4427b452117b.jpg?v=1778316010|https://cdn.shopify.com/s/files/1/0912/9351/6071/files/img_2568964b_20240905_i1725518688_9238_8_jpg_7a14c73f-b2e9-4e3b-85fe-fc0f4377e182.jpg?v=1778316011|https://cdn.shopify.com/s/files/1/0912/9351/6071/files/img_2568964b_20240905_i1725518688_6064_6_jpg_aa0fe2da-4f1a-4042-bdad-17dff97be414.jpg?v=1778316011|https://cdn.shopify.com/s/files/1/0912/9351/6071/files/img_2568964b_20240905_i1725518688_6466_5_jpg_b4c72702-4651-44f4-87d5-de9d7ceb0dd2.jpg?v=1778316011|https://cdn.shopify.com/s/files/1/0912/9351/6071/files/img_2568964b_20240905_i1725518688_7543_7_jpg_31866b89-f690-4bfd-b19a-74be3f9dd0ef.jpg?v=1778316011,Hi I want HANDBAG 32 IN BLACK SOFT SMOOTH LAMBSKIN,New
LARGE TOP HANDLE BAG 35 IN CHERRY WOOD NYLON AND CALFSKIN TRIM,https://cdn.shopify.com/s/files/1/0912/9351/6071/files/img_2568964b_20240520_i1716208138_5185_7_jpg.jpg?v=1759124074,handbags,prada,https://cdn.shopify.com/s/files/1/0912/9351/6071/files/img_2568964b_20240520_i1716208138_5185_7_jpg.jpg?v=1759124074|https://cdn.shopify.com/s/files/1/0912/9351/6071/files/img_2568964b_20240520_i1716208138_514_2_jpg.jpg?v=1759124074|https://cdn.shopify.com/s/files/1/0912/9351/6071/files/img_2568964b_20240520_i1716208138_619_8_jpg.jpg?v=1759124074|https://cdn.shopify.com/s/files/1/0912/9351/6071/files/img_2568964b_20240520_i1716208138_1202_1_jpg.jpg?v=1759124074|https://cdn.shopify.com/s/files/1/0912/9351/6071/files/img_2568964b_20240520_i1716208138_1315_4_jpg.jpg?v=1759124074|https://cdn.shopify.com/s/files/1/0912/9351/6071/files/img_2568964b_20240520_i1716208138_1347_5_jpg.jpg?v=1759124074|https://cdn.shopify.com/s/files/1/0912/9351/6071/files/img_2568964b_20240520_i1716208138_4976_0_jpg.jpg?v=1759124074|https://cdn.shopify.com/s/files/1/0912/9351/6071/files/img_2568964b_20240520_i1716208138_6594_6_jpg.jpg?v=1759124074|https://cdn.shopify.com/s/files/1/0912/9351/6071/files/img_2568964b_20240520_i1716208138_6819_3_jpg.jpg?v=1759124074,Hi I want LARGE TOP HANDLE BAG 35 IN CHERRY WOOD NYLON AND CALFSKIN TRIM,New
Prada Baby Bag Black Re-nylon,https://cdn.shopify.com/s/files/1/0912/9351/6071/files/1445ac03-4211-464b-b79c-12033b897525_70208d5c-665c-4455-9e1f-a6a1ae1391c4.jpg?v=1782531940,handbags,prada,https://cdn.shopify.com/s/files/1/0912/9351/6071/files/1445ac03-4211-464b-b79c-12033b897525_70208d5c-665c-4455-9e1f-a6a1ae1391c4.jpg?v=1782531940|https://cdn.shopify.com/s/files/1/0912/9351/6071/files/e860b233-9b59-4088-ae3c-f762f973ccc4_82118ebf-45af-49a9-9c07-f93ce5eeee62.jpg?v=1782531940|https://cdn.shopify.com/s/files/1/0912/9351/6071/files/9c856039-71ba-4803-b68a-a3f7edda5903_6da0e766-9625-4fce-b744-884bbe307edc.jpg?v=1782531940|https://cdn.shopify.com/s/files/1/0912/9351/6071/files/ca593721-6dd1-4942-9541-6a186a33a874_2b370ce9-a17e-4704-a3b6-7a5b0667762d.jpg?v=1782531940|https://cdn.shopify.com/s/files/1/0912/9351/6071/files/798d9e50-a69c-4e9c-b53f-89a3f0f95498_3aa08940-0b72-4f69-b0c4-c6b883923d19.jpg?v=1782531940|https://cdn.shopify.com/s/files/1/0912/9351/6071/files/47f7d1d5-83b4-425b-b3a4-befbd120f8c1.jpg?v=1782531940|https://cdn.shopify.com/s/files/1/0912/9351/6071/files/908121c2-9bed-4480-973d-e1a36136b5b2_e54a673a-e514-4c85-9766-b3ffdd1e7c23.jpg?v=1782531940|https://cdn.shopify.com/s/files/1/0912/9351/6071/files/2144f039-768d-4bc6-ba58-31b8dbdcfd8c_880e183f-b87e-4cdd-b1c4-81591b0769b5.jpg?v=1782531940,Hi I want Prada Baby Bag Black Re-nylon,New
crochet tote bag 40cm black raffia,https://cdn.shopify.com/s/files/1/0912/9351/6071/files/Image_20240423102130_2bc8b5d8-c4c0-484e-aa31-41f96ea85346.jpg?v=1759125328,handbags,prada,https://cdn.shopify.com/s/files/1/0912/9351/6071/files/Image_20240423102130_2bc8b5d8-c4c0-484e-aa31-41f96ea85346.jpg?v=1759125328|https://cdn.shopify.com/s/files/1/0912/9351/6071/files/Image_20240423102152_a6e264a0-0b0c-4a10-a918-59ee631637e4.jpg?v=1759125328|https://cdn.shopify.com/s/files/1/0912/9351/6071/files/Image_20240423102153_38cecbd1-7fcd-416c-bd59-ee23fd731aaf.jpg?v=1759125328|https://cdn.shopify.com/s/files/1/0912/9351/6071/files/Image_20240423102154_c9bb722f-febe-4e82-83c8-cc2c0b0e6e78.jpg?v=1759125328|https://cdn.shopify.com/s/files/1/0912/9351/6071/files/Image_20240423102155_42877160-71da-4cac-8f6e-d89d144677dd.jpg?v=1759125328|https://cdn.shopify.com/s/files/1/0912/9351/6071/files/Image_20240423102156_f89b5cb3-a425-48a6-a612-0ec15a145628.jpg?v=1759125328|https://cdn.shopify.com/s/files/1/0912/9351/6071/files/Image_202404231021531_f37d07b6-3cd1-4af6-ba72-37aeda0bc0ed.jpg?v=1759125328|https://cdn.shopify.com/s/files/1/0912/9351/6071/files/Image_202404231021541_5aeb8cb5-e969-4fe2-9ca2-6f37baaaff10.jpg?v=1759125328,Hi I want crochet tote bag 40cm black raffia,
CLEO 30 BLACK BRUSHED LEATHER SHOULDER BAG,https://cdn.shopify.com/s/files/1/0912/9351/6071/files/13348512032314525_e1e747fe-cf42-4a68-bc81-a50287e4c29c.jpg?v=1759125553,handbags,prada,https://cdn.shopify.com/s/files/1/0912/9351/6071/files/13348512032314525_e1e747fe-cf42-4a68-bc81-a50287e4c29c.jpg?v=1759125553|https://cdn.shopify.com/s/files/1/0912/9351/6071/files/13348512082345837_74bd2da2-54af-424b-942d-a95a028a3b07.jpg?v=1759125553|https://cdn.shopify.com/s/files/1/0912/9351/6071/files/13348512083825307_2f422aa4-7bc8-46f7-9515-c051240da021.jpg?v=1759125553|https://cdn.shopify.com/s/files/1/0912/9351/6071/files/13348512085242408_43e76578-a4d2-45ab-8194-114433d797a4.jpg?v=1759125553|https://cdn.shopify.com/s/files/1/0912/9351/6071/files/13348512086532688_345842b0-be37-43f7-9d47-73ea91ee0107.jpg?v=1759125553|https://cdn.shopify.com/s/files/1/0912/9351/6071/files/13348512087942273_cd78c179-339a-4a4c-8c39-669839f4e619.jpg?v=1759125553|https://cdn.shopify.com/s/files/1/0912/9351/6071/files/13348512089410400_fa945d11-f33d-4096-adfe-ad6476bba685.jpg?v=1759125553|https://cdn.shopify.com/s/files/1/0912/9351/6071/files/13348512090906480_e0238182-df05-42cd-856f-ecfc91e37bf9.jpg?v=1759125553|https://cdn.shopify.com/s/files/1/0912/9351/6071/files/13348512092342171_3892a562-a279-42f0-9bd8-2994398b19d5.jpg?v=1759125553,Hi I want CLEO 30 BLACK BRUSHED LEATHER SHOULDER BAG,
Prada 2026 Tote Bag 35cm Grained Leather 282678,https://cdn.shopify.com/s/files/1/0912/9351/6071/files/i1767085398_2592_0_662ba927-dce0-4b4d-a42f-768ddeb59bd9.jpg?v=1779868184,handbags,prada,https://cdn.shopify.com/s/files/1/0912/9351/6071/files/i1767085398_2592_0_662ba927-dce0-4b4d-a42f-768ddeb59bd9.jpg?v=1779868184|https://cdn.shopify.com/s/files/1/0912/9351/6071/files/i1767080514_4794_0_15fe0863-583a-43a4-8515-40dfff72fda6.jpg?v=1779868184|https://cdn.shopify.com/s/files/1/0912/9351/6071/files/i1767080514_7438_3_0340c2f7-72a9-45a5-bd35-c80a3a227c23.jpg?v=1779868183|https://cdn.shopify.com/s/files/1/0912/9351/6071/files/i1767084492_8231_4_1c717fc8-ce1a-4f96-9026-ffd5484c3c9c.jpg?v=1779868183|https://cdn.shopify.com/s/files/1/0912/9351/6071/files/i1767084492_8646_0_ca50e11c-2e47-4004-a9b9-5fb1393bea0d.jpg?v=1779868184|https://cdn.shopify.com/s/files/1/0912/9351/6071/files/i1767084936_7561_2_bdb9687b-ad1a-478d-b4ba-9d8614f0b5f4.jpg?v=1779868183|https://cdn.shopify.com/s/files/1/0912/9351/6071/files/i1767084936_7458_0_85db5423-51d9-43d6-8e2b-e500ff0f741a.jpg?v=1779868184|https://cdn.shopify.com/s/files/1/0912/9351/6071/files/i1767085134_819_1_7d112805-5719-4393-ada0-4cb5ee48705f.jpg?v=1779868184|https://cdn.shopify.com/s/files/1/0912/9351/6071/files/i1767085134_1318_0_5119327f-eed8-4149-8615-4a98d23265ef.jpg?v=1779868183,Hi I want Prada 2026 Tote Bag 35cm Grained Leather 282678,New
Prada 2026 Dada Shoulder Bag Soft Nappa Leather 282771,https://cdn.shopify.com/s/files/1/0912/9351/6071/files/i1750145735_3201_0.jpg?v=1779781161,handbags,prada,https://cdn.shopify.com/s/files/1/0912/9351/6071/files/i1750145735_3201_0.jpg?v=1779781161|https://cdn.shopify.com/s/files/1/0912/9351/6071/files/i1750145566_4623_0_c3813952-3687-42d6-a649-691e7fd0d94e.jpg?v=1779781162|https://cdn.shopify.com/s/files/1/0912/9351/6071/files/i1750145010_9203_0_6b745d6a-5a97-4b27-868e-aa7d19f73bab.jpg?v=1779781161|https://cdn.shopify.com/s/files/1/0912/9351/6071/files/i1750145279_8853_0_2fa1647b-6a65-40ed-9097-fcd4a3c404bd.jpg?v=1779781161|https://cdn.shopify.com/s/files/1/0912/9351/6071/files/i1750060720_5394_0_ce0baab6-3aa3-4253-9c70-70e611edfdd1.jpg?v=1779781162|https://cdn.shopify.com/s/files/1/0912/9351/6071/files/i1750061489_310_0.jpg?v=1779781162|https://cdn.shopify.com/s/files/1/0912/9351/6071/files/i1750061559_240_6_6a4c82a0-309c-4ec0-be7f-ce5c0d902758.jpg?v=1779781161,Hi I want Prada 2026 Dada Shoulder Bag Soft Nappa Leather 282771,New
Prada 2026 Jardinière Tote Bag 43cm Cotton Canvas,https://cdn.shopify.com/s/files/1/0912/9351/6071/files/cmp_i1755806501410_6811_0_0_fc82db62-db60-4cc0-a71b-ed622ecb524d.jpg?v=1781759358,handbags,prada,https://cdn.shopify.com/s/files/1/0912/9351/6071/files/cmp_i1755806501410_6811_0_0_fc82db62-db60-4cc0-a71b-ed622ecb524d.jpg?v=1781759358|https://cdn.shopify.com/s/files/1/0912/9351/6071/files/cmp_i1755806691335_8938_0_5_72646b44-8e42-402f-9481-135c881254fb.jpg?v=1781759358|https://cdn.shopify.com/s/files/1/0912/9351/6071/files/cmp_i1755806695129_207_0_4_ca78a5a1-25f4-4cd8-907d-b306abfd3ff3.jpg?v=1781759358|https://cdn.shopify.com/s/files/1/0912/9351/6071/files/cmp_i1755806691341_2052_0_0_f3c8d3b0-7d50-4e1f-a2f6-1a64fbe7e1c7.jpg?v=1781759358|https://cdn.shopify.com/s/files/1/0912/9351/6071/files/cmp_i1755806186547_8786_0_7_3e18ba61-072b-4787-8d20-43c78e27cd4d.jpg?v=1781759358|https://cdn.shopify.com/s/files/1/0912/9351/6071/files/cmp_i1755806186547_5143_0_1_6b0c87fe-1cc4-42c7-9415-278cdbfa2479.jpg?v=1781759361|https://cdn.shopify.com/s/files/1/0912/9351/6071/files/cmp_i1755806186547_6674_0_0_0a87c5bf-20b6-4ec5-a7ce-01a43284f7cb.jpg?v=1781759358|https://cdn.shopify.com/s/files/1/0912/9351/6071/files/cmp_i1755806502846_9025_0_2_70fcfb9e-4ca2-47dd-80bf-586ed7a40a97.jpg?v=1781759358|https://cdn.shopify.com/s/files/1/0912/9351/6071/files/cmp_i1755806502847_3291_0_1_be405d5a-9fdc-4c31-866b-c12e858aa60d.jpg?v=1781759358,Hi I want Prada 2026 Jardinière Tote Bag 43cm Cotton Canvas,New
Prada 2026 Sienna Bag Brown Black Calfskin 345782,https://cdn.shopify.com/s/files/1/0912/9351/6071/files/cmp_i1750749493510_8247_0_0_e7ae061e-db0c-40aa-b22c-0e337954c18f.jpg?v=1779868185,handbags,prada,https://cdn.shopify.com/s/files/1/0912/9351/6071/files/cmp_i1750749493510_8247_0_0_e7ae061e-db0c-40aa-b22c-0e337954c18f.jpg?v=1779868185|https://cdn.shopify.com/s/files/1/0912/9351/6071/files/cmp_i1750749308405_5336_0_0_875029a9-df1b-48ed-a312-d1a647170e96.jpg?v=1779868185|https://cdn.shopify.com/s/files/1/0912/9351/6071/files/cmp_i1750749497614_5941_0_7_e1b43e51-3b3a-4f66-9328-e744a5c7b4a1.jpg?v=1779868185|https://cdn.shopify.com/s/files/1/0912/9351/6071/files/cmp_i1750749493483_9104_0_4_b42a8a70-0e54-4fc3-aa65-a5387087c55d.jpg?v=1779868185|https://cdn.shopify.com/s/files/1/0912/9351/6071/files/cmp_i1750749497636_3650_0_8_da4db373-352d-4e0e-8add-254f5aa3467d.jpg?v=1779868185|https://cdn.shopify.com/s/files/1/0912/9351/6071/files/cmp_i1750749305600_6729_0_4_5642bfdc-2798-4f47-acc5-09e92b72b2f1.jpg?v=1779868185|https://cdn.shopify.com/s/files/1/0912/9351/6071/files/cmp_i1750749305596_9972_0_3_640cada8-05e6-45bf-a95d-9ceaa7cfa1b4.jpg?v=1779868185|https://cdn.shopify.com/s/files/1/0912/9351/6071/files/cmp_i1750749308410_5310_0_2_b0f89c46-7f2e-4818-b38b-2fee5d96681b.jpg?v=1779868185|https://cdn.shopify.com/s/files/1/0912/9351/6071/files/cmp_i1750749305564_4744_0_1_c915dfc7-76ea-43a8-a63d-80acbbe48c8c.jpg?v=1779868185,Hi I want Prada 2026 Sienna Bag Brown Black Calfskin 345782,New
Prada 2026 Explore Shoulder Bag 30cm With Flap Black Re-Nylon,https://cdn.shopify.com/s/files/1/0912/9351/6071/files/img_d707740b_20250706_i1751736010912_933_0_0_jpg.jpg?v=1774248119,handbags,prada,https://cdn.shopify.com/s/files/1/0912/9351/6071/files/img_d707740b_20250706_i1751736010912_933_0_0_jpg.jpg?v=1774248119|https://cdn.shopify.com/s/files/1/0912/9351/6071/files/img_d707740b_20250706_i1751736010961_5755_0_8_jpg.jpg?v=1774248119|https://cdn.shopify.com/s/files/1/0912/9351/6071/files/img_d707740b_20250706_i1751736003344_7055_0_7_jpg.jpg?v=1774248119|https://cdn.shopify.com/s/files/1/0912/9351/6071/files/img_d707740b_20250706_i1751736003379_6645_0_2_jpg.jpg?v=1774248119|https://cdn.shopify.com/s/files/1/0912/9351/6071/files/img_d707740b_20250706_i1751736003387_4212_0_5_jpg.jpg?v=1774248119|https://cdn.shopify.com/s/files/1/0912/9351/6071/files/img_d707740b_20250706_i1751736003448_9549_0_4_jpg.jpg?v=1774248119|https://cdn.shopify.com/s/files/1/0912/9351/6071/files/img_d707740b_20250706_i1751736003464_6432_0_6_jpg.jpg?v=1774248119|https://cdn.shopify.com/s/files/1/0912/9351/6071/files/img_d707740b_20250706_i1751736010917_1020_0_1_jpg.jpg?v=1774248119|https://cdn.shopify.com/s/files/1/0912/9351/6071/files/img_d707740b_20250706_i1751736010944_7246_0_3_jpg.jpg?v=1774248119,Hi I want Prada 2026 Explore Shoulder Bag 30cm With Flap Black Re-Nylon,New
PRA Tumulte bag 24 white leather 280839,https://cdn.shopify.com/s/files/1/0912/9351/6071/files/20250901_i1756712868_2072_0.jpg_1_2473b450-0090-4d1f-aa3f-1001f29072a2.jpg?v=1775555114,handbags,prada,https://cdn.shopify.com/s/files/1/0912/9351/6071/files/20250901_i1756712868_2072_0.jpg_1_2473b450-0090-4d1f-aa3f-1001f29072a2.jpg?v=1775555114|https://cdn.shopify.com/s/files/1/0912/9351/6071/files/20250901_i1756712882_7022_0.jpg_1_f6ee5f47-82e5-40d1-ab3d-0955c194bcd6.jpg?v=1775555114|https://cdn.shopify.com/s/files/1/0912/9351/6071/files/20250901_i1756712868_3537_6_jpg_a3360eb6-7414-491d-b3ea-51ca1cf499e5.jpg?v=1775555114|https://cdn.shopify.com/s/files/1/0912/9351/6071/files/20250901_i1756712868_937_3.jpg_1_029756fd-85da-473f-8808-fbe2c7d6e438.jpg?v=1775555114|https://cdn.shopify.com/s/files/1/0912/9351/6071/files/20250901_i1756712868_2424_5.jpg_1_9385c929-9064-4b40-864c-39218779848d.jpg?v=1775555114|https://cdn.shopify.com/s/files/1/0912/9351/6071/files/20250901_i1756712868_3537_6.jpg_1_866e81ed-0d7e-4839-a084-1be2fbe1e90a.jpg?v=1775555114|https://cdn.shopify.com/s/files/1/0912/9351/6071/files/20250901_i1756712868_6453_1.jpg_1_c63a6a52-4e9b-4662-90eb-eb24620ccc2a.jpg?v=1775555114|https://cdn.shopify.com/s/files/1/0912/9351/6071/files/20250901_i1756712868_7114_2.jpg_1_db7c433f-3bf3-43a8-8442-1a6968b182ea.jpg?v=1775555114|https://cdn.shopify.com/s/files/1/0912/9351/6071/files/20250901_i1756712868_7148_7.jpg_1_769d7261-7ea0-4de5-b37d-dd9115750198.jpg?v=1775555114|https://cdn.shopify.com/s/files/1/0912/9351/6071/files/20250901_i1756712868_7306_4.jpg_1_328d401b-0610-43ab-8d37-c0d215575af4.jpg?v=1775555114,Hi I want PRA Tumulte bag 24 white leather 280839,New
PRA Galleria handbag 21 burgundy leather 280837,https://cdn.shopify.com/s/files/1/0912/9351/6071/files/20250830_i1756552732_5803_0_jpg_dee97009-cb0c-4385-83c0-27aa660a3e9b.jpg?v=1759118273,handbags,prada,https://cdn.shopify.com/s/files/1/0912/9351/6071/files/20250830_i1756552732_5803_0_jpg_dee97009-cb0c-4385-83c0-27aa660a3e9b.jpg?v=1759118273|https://cdn.shopify.com/s/files/1/0912/9351/6071/files/20250830_i1756552732_4073_6_jpg_044f6417-abb9-4f9e-bf50-4cd8c25a929e.jpg?v=1759118273|https://cdn.shopify.com/s/files/1/0912/9351/6071/files/20250830_i1756552732_4506_8_jpg_50f572e8-101b-4133-8ec9-5054eba1b2dc.jpg?v=1759118273|https://cdn.shopify.com/s/files/1/0912/9351/6071/files/20250830_i1756552732_4647_7_jpg_3b13ce1c-7f67-4c22-9774-b29a7a74e5c8.jpg?v=1759118274|https://cdn.shopify.com/s/files/1/0912/9351/6071/files/20250830_i1756552732_4649_3_jpg_187da802-60b5-4866-9d5f-ccbf180acea3.jpg?v=1759118274|https://cdn.shopify.com/s/files/1/0912/9351/6071/files/20250830_i1756552732_5489_5_jpg_1d37484e-7b57-4aff-90dc-cd50f6be7838.jpg?v=1759118274|https://cdn.shopify.com/s/files/1/0912/9351/6071/files/20250830_i1756552732_8459_1_jpg_33a7ee03-47c7-4650-b6a2-91c9b893611e.jpg?v=1759118274|https://cdn.shopify.com/s/files/1/0912/9351/6071/files/20250830_i1756552732_9484_4_jpg_de4d15de-7e79-4a44-ac84-359492dff15d.jpg?v=1759118274|https://cdn.shopify.com/s/files/1/0912/9351/6071/files/20250830_i1756552732_9880_2_jpg_ec63c908-2898-440c-87d2-24e3f765351a.jpg?v=1759118274,Hi I want PRA Galleria handbag 21 burgundy leather 280837,New
PRA backpack 28 burgundy nylon fabric gold hardware,https://cdn.shopify.com/s/files/1/0912/9351/6071/files/20250815_i1755245145_1264_0_jpg.jpg?v=1759118305,handbags,prada,https://cdn.shopify.com/s/files/1/0912/9351/6071/files/20250815_i1755245145_1264_0_jpg.jpg?v=1759118305|https://cdn.shopify.com/s/files/1/0912/9351/6071/files/20250815_i1755245145_1149_4_jpg.jpg?v=1759118305|https://cdn.shopify.com/s/files/1/0912/9351/6071/files/20250815_i1755245145_1400_2_jpg.jpg?v=1759118305|https://cdn.shopify.com/s/files/1/0912/9351/6071/files/20250815_i1755245145_2443_6_jpg.jpg?v=1759118305|https://cdn.shopify.com/s/files/1/0912/9351/6071/files/20250815_i1755245145_3173_7_jpg.jpg?v=1759118305|https://cdn.shopify.com/s/files/1/0912/9351/6071/files/20250815_i1755245145_6731_5_jpg.jpg?v=1759118305|https://cdn.shopify.com/s/files/1/0912/9351/6071/files/20250815_i1755245145_7659_3_jpg.jpg?v=1759118305|https://cdn.shopify.com/s/files/1/0912/9351/6071/files/20250815_i1755245145_9902_1_jpg.jpg?v=1759118305|https://cdn.shopify.com/s/files/1/0912/9351/6071/files/20250815_i1755245152_8889_0_jpg.jpg?v=1759118305,Hi I want PRA backpack 28 burgundy nylon fabric gold hardware,New
PRA clutch large 17 burgundy nylon fabric,https://cdn.shopify.com/s/files/1/0912/9351/6071/files/20250815_i1755246476_5736_0_jpg.jpg?v=1759118317,handbags,prada,https://cdn.shopify.com/s/files/1/0912/9351/6071/files/20250815_i1755246476_5736_0_jpg.jpg?v=1759118317|https://cdn.shopify.com/s/files/1/0912/9351/6071/files/20250815_i1755246476_2290_1_jpg.jpg?v=1759118317|https://cdn.shopify.com/s/files/1/0912/9351/6071/files/20250815_i1755246476_4907_7_jpg.jpg?v=1759118317|https://cdn.shopify.com/s/files/1/0912/9351/6071/files/20250815_i1755246476_5570_4_jpg.jpg?v=1759118317|https://cdn.shopify.com/s/files/1/0912/9351/6071/files/20250815_i1755246476_5938_2_jpg.jpg?v=1759118317|https://cdn.shopify.com/s/files/1/0912/9351/6071/files/20250815_i1755246476_7194_5_jpg.jpg?v=1759118317|https://cdn.shopify.com/s/files/1/0912/9351/6071/files/20250815_i1755246476_7213_3_jpg.jpg?v=1759118317|https://cdn.shopify.com/s/files/1/0912/9351/6071/files/20250815_i1755246476_7745_6_jpg.jpg?v=1759118317|https://cdn.shopify.com/s/files/1/0912/9351/6071/files/20250815_i1755246476_8478_8_jpg.jpg?v=1759118317,Hi I want PRA clutch large 17 burgundy nylon fabric,New
PRA New killer bag black calfskin 340495,https://cdn.shopify.com/s/files/1/0912/9351/6071/files/20250108_i1736319533_7942_0_jpg.jpg?v=1754466419,handbags,prada,https://cdn.shopify.com/s/files/1/0912/9351/6071/files/20250108_i1736319533_7942_0_jpg.jpg?v=1754466419|https://cdn.shopify.com/s/files/1/0912/9351/6071/files/20250108_i1736319533_4308_3_jpg.jpg?v=1754466419|https://cdn.shopify.com/s/files/1/0912/9351/6071/files/20250108_i1736319533_310_6_jpg.jpg?v=1754466419|https://cdn.shopify.com/s/files/1/0912/9351/6071/files/20250108_i1736319533_2677_5_jpg.jpg?v=1754466419|https://cdn.shopify.com/s/files/1/0912/9351/6071/files/20250108_i1736319533_3247_4_jpg.jpg?v=1754466419|https://cdn.shopify.com/s/files/1/0912/9351/6071/files/20250108_i1736319533_7575_1_jpg.jpg?v=1754466419|https://cdn.shopify.com/s/files/1/0912/9351/6071/files/20250108_i1736319533_7911_7_jpg.jpg?v=1754466419|https://cdn.shopify.com/s/files/1/0912/9351/6071/files/20250108_i1736319533_8275_2_jpg.jpg?v=1754466419,Hi I want PRA New killer bag black calfskin 340495,New
Prada Medium Leather Tote Bag Caramel Calfskin,https://cdn.shopify.com/s/files/1/0912/9351/6071/files/Image_2025-07-06_100401_699.jpg?v=1759125292,handbags,prada,https://cdn.shopify.com/s/files/1/0912/9351/6071/files/Image_2025-07-06_100401_699.jpg?v=1759125292|https://cdn.shopify.com/s/files/1/0912/9351/6071/files/Image_2025-07-06_100421_475.jpg?v=1759125292|https://cdn.shopify.com/s/files/1/0912/9351/6071/files/Image_2025-07-06_100419_459.jpg?v=1759125292|https://cdn.shopify.com/s/files/1/0912/9351/6071/files/Image_2025-07-06_100417_235.jpg?v=1759125292|https://cdn.shopify.com/s/files/1/0912/9351/6071/files/Image_2025-07-06_100412_947.jpg?v=1759125292|https://cdn.shopify.com/s/files/1/0912/9351/6071/files/Image_2025-07-06_100410_787.jpg?v=1759125292|https://cdn.shopify.com/s/files/1/0912/9351/6071/files/Image_2025-07-06_100408_683.jpg?v=1759125292|https://cdn.shopify.com/s/files/1/0912/9351/6071/files/Image_2025-07-06_100406_555.jpg?v=1759125292|https://cdn.shopify.com/s/files/1/0912/9351/6071/files/Image_2025-07-06_100404_731.jpg?v=1759125292,Hi I want Prada Medium Leather Tote Bag Caramel Calfskin,New
Prada Woven Tote Bag Beige Raffia,https://cdn.shopify.com/s/files/1/0912/9351/6071/files/Image_2025-07-05_144927_880.jpg?v=1759125282,handbags,prada,https://cdn.shopify.com/s/files/1/0912/9351/6071/files/Image_2025-07-05_144927_880.jpg?v=1759125282|https://cdn.shopify.com/s/files/1/0912/9351/6071/files/Image_2025-07-05_144929_807.jpg?v=1759125282|https://cdn.shopify.com/s/files/1/0912/9351/6071/files/Image_2025-07-05_144931_616.jpg?v=1759125282|https://cdn.shopify.com/s/files/1/0912/9351/6071/files/Image_2025-07-05_144944_807.jpg?v=1759125282|https://cdn.shopify.com/s/files/1/0912/9351/6071/files/Image_2025-07-05_144941_111.jpg?v=1759125282|https://cdn.shopify.com/s/files/1/0912/9351/6071/files/Image_2025-07-05_144939_304.jpg?v=1759125282|https://cdn.shopify.com/s/files/1/0912/9351/6071/files/Image_2025-07-05_144937_591.jpg?v=1759125282|https://cdn.shopify.com/s/files/1/0912/9351/6071/files/Image_2025-07-05_144933_623.jpg?v=1759125282,Hi I want Prada Woven Tote Bag Beige Raffia,New
PRA 24 BAG WITH STRAP IN WHITE CALFSKIN,https://cdn.shopify.com/s/files/1/0912/9351/6071/files/20220326_i1648307429_630_0_jpg.jpg?v=1759120810,handbags,prada,https://cdn.shopify.com/s/files/1/0912/9351/6071/files/20220326_i1648307429_630_0_jpg.jpg?v=1759120810|https://cdn.shopify.com/s/files/1/0912/9351/6071/files/20220326_i1648307429_9747_1_jpg.jpg?v=1759120810|https://cdn.shopify.com/s/files/1/0912/9351/6071/files/20220326_i1648307429_5011_4_jpg.jpg?v=1759120810|https://cdn.shopify.com/s/files/1/0912/9351/6071/files/20220326_i1648307429_7340_3_jpg.jpg?v=1759120810|https://cdn.shopify.com/s/files/1/0912/9351/6071/files/20220326_i1648307429_365_7_jpg.jpg?v=1759120810|https://cdn.shopify.com/s/files/1/0912/9351/6071/files/20220326_i1648307429_9868_2_jpg.jpg?v=1759120810|https://cdn.shopify.com/s/files/1/0912/9351/6071/files/20220326_i1648307429_4544_6_jpg.jpg?v=1759120810|https://cdn.shopify.com/s/files/1/0912/9351/6071/files/20220326_i1648307429_8098_5_jpg.jpg?v=1759120810,Hi I want PRA 24 BAG WITH STRAP IN WHITE CALFSKIN,
PRA 10 CARD HOLDER IN CHERRY RED CALFSKIN,https://cdn.shopify.com/s/files/1/0912/9351/6071/files/img_80e46a01_20240727_i1722060056_9508_3_jpg.jpg?v=1759120841,handbags,prada,https://cdn.shopify.com/s/files/1/0912/9351/6071/files/img_80e46a01_20240727_i1722060056_9508_3_jpg.jpg?v=1759120841|https://cdn.shopify.com/s/files/1/0912/9351/6071/files/img_80e46a01_20240727_i1722060056_7436_0_jpg.jpg?v=1759120841|https://cdn.shopify.com/s/files/1/0912/9351/6071/files/img_80e46a01_20240727_i1722060057_4294_5_jpg.jpg?v=1759120841|https://cdn.shopify.com/s/files/1/0912/9351/6071/files/img_80e46a01_20240727_i1722060056_2675_1_jpg.jpg?v=1759120841|https://cdn.shopify.com/s/files/1/0912/9351/6071/files/img_80e46a01_20240727_i1722060056_799_2_jpg.jpg?v=1759120841|https://cdn.shopify.com/s/files/1/0912/9351/6071/files/img_80e46a01_20240727_i1722060057_407_6_jpg.jpg?v=1759120841|https://cdn.shopify.com/s/files/1/0912/9351/6071/files/img_80e46a01_20240727_i1722060057_1663_7_jpg.jpg?v=1759120841|https://cdn.shopify.com/s/files/1/0912/9351/6071/files/img_80e46a01_20240727_i1722060057_6050_8_jpg.jpg?v=1759120841|https://cdn.shopify.com/s/files/1/0912/9351/6071/files/img_80e46a01_20240727_i1722060056_3472_4_jpg.jpg?v=1759120841,Hi I want PRA 10 CARD HOLDER IN CHERRY RED CALFSKIN,
PRA 10 CARD HOLDER IN LIGHT PINK CALFSKIN,https://cdn.shopify.com/s/files/1/0912/9351/6071/files/img_80e46a01_20240727_i1722059736_2252_6_jpg.jpg?v=1759120891,handbags,prada,https://cdn.shopify.com/s/files/1/0912/9351/6071/files/img_80e46a01_20240727_i1722059736_2252_6_jpg.jpg?v=1759120891|https://cdn.shopify.com/s/files/1/0912/9351/6071/files/img_80e46a01_20240727_i1722059736_9095_0_jpg.jpg?v=1759120891|https://cdn.shopify.com/s/files/1/0912/9351/6071/files/img_80e46a01_20240727_i1722059736_2782_8_jpg.jpg?v=1759120891|https://cdn.shopify.com/s/files/1/0912/9351/6071/files/img_80e46a01_20240727_i1722059736_1792_3_jpg.jpg?v=1759120891|https://cdn.shopify.com/s/files/1/0912/9351/6071/files/img_80e46a01_20240727_i1722059736_5068_1_jpg.jpg?v=1759120891|https://cdn.shopify.com/s/files/1/0912/9351/6071/files/img_80e46a01_20240727_i1722059736_3991_7_jpg.jpg?v=1759120891|https://cdn.shopify.com/s/files/1/0912/9351/6071/files/img_80e46a01_20240727_i1722059736_5886_4_jpg.jpg?v=1759120891|https://cdn.shopify.com/s/files/1/0912/9351/6071/files/img_80e46a01_20240727_i1722059736_3146_2_jpg.jpg?v=1759120891|https://cdn.shopify.com/s/files/1/0912/9351/6071/files/img_80e46a01_20240727_i1722059736_58_5_jpg.jpg?v=1759120891,Hi I want PRA 10 CARD HOLDER IN LIGHT PINK CALFSKIN,
PRA GALLERIA 28 BAG IN DARK GREY SAFFIANO LEATHER,https://cdn.shopify.com/s/files/1/0912/9351/6071/files/img_8300df26_20231227_a1703676416449_0277_jpg.jpg?v=1759120956,handbags,prada,https://cdn.shopify.com/s/files/1/0912/9351/6071/files/img_8300df26_20231227_a1703676416449_0277_jpg.jpg?v=1759120956|https://cdn.shopify.com/s/files/1/0912/9351/6071/files/img_8300df26_20231227_a1703676416441_0282_jpg.jpg?v=1759120956|https://cdn.shopify.com/s/files/1/0912/9351/6071/files/img_8300df26_20231227_a1703676416324_7562_jpg.jpg?v=1759120956|https://cdn.shopify.com/s/files/1/0912/9351/6071/files/img_8300df26_20231227_a1703676416269_4636_jpg.jpg?v=1759120956|https://cdn.shopify.com/s/files/1/0912/9351/6071/files/img_8300df26_20231227_a1703676416441_3682_jpg.jpg?v=1759120956|https://cdn.shopify.com/s/files/1/0912/9351/6071/files/img_8300df26_20231227_a1703676416285_4245_jpg.jpg?v=1759120956|https://cdn.shopify.com/s/files/1/0912/9351/6071/files/img_8300df26_20231227_a1703676418105_5701_jpg.jpg?v=1759120956|https://cdn.shopify.com/s/files/1/0912/9351/6071/files/img_8300df26_20231227_a1703676418057_4611_jpg.jpg?v=1759120956|https://cdn.shopify.com/s/files/1/0912/9351/6071/files/img_8300df26_20231227_a1703676418029_1773_jpg.jpg?v=1759120956,Hi I want PRA GALLERIA 28 BAG IN DARK GREY SAFFIANO LEATHER,
PRA GALLERIA 28 BAG IN BLACK SAFFIANO LEATHER,https://cdn.shopify.com/s/files/1/0912/9351/6071/files/img_8300df26_20231227_a1703676396745_0568_jpg_958b47c6-abdd-471e-8275-efd74f8a29c6.jpg?v=1776249460,handbags,prada,https://cdn.shopify.com/s/files/1/0912/9351/6071/files/img_8300df26_20231227_a1703676396745_0568_jpg_958b47c6-abdd-471e-8275-efd74f8a29c6.jpg?v=1776249460|https://cdn.shopify.com/s/files/1/0912/9351/6071/files/img_8300df26_20231227_a1703676396854_1262_jpg_0bd1f217-88a5-4b10-b173-b223101a4326.jpg?v=1776249460|https://cdn.shopify.com/s/files/1/0912/9351/6071/files/img_8300df26_20231227_a1703676396787_7304_jpg_71c41962-d500-41b9-b9bd-e34c2b7193b6.jpg?v=1776249460|https://cdn.shopify.com/s/files/1/0912/9351/6071/files/img_8300df26_20231227_a1703676396795_7767_jpg_9c4722d8-651f-4067-abc4-761c8b27e34d.jpg?v=1776249460|https://cdn.shopify.com/s/files/1/0912/9351/6071/files/img_8300df26_20231227_a1703676398586_7818_jpg_0cd8f73d-f055-4272-83c2-5c3e24a45fe3.jpg?v=1776249460|https://cdn.shopify.com/s/files/1/0912/9351/6071/files/img_8300df26_20231227_a1703676396984_6707_jpg_ace6823b-a521-43b5-a647-b84411fc1713.jpg?v=1776249460|https://cdn.shopify.com/s/files/1/0912/9351/6071/files/img_8300df26_20231227_a1703676398569_8381_jpg_766506bf-6a76-43ca-8376-9242de2f1c9c.jpg?v=1776249460|https://cdn.shopify.com/s/files/1/0912/9351/6071/files/img_8300df26_20231227_a1703676398560_6070_jpg_237ee796-690d-45f4-800d-3fb0545e79ca.jpg?v=1776249460|https://cdn.shopify.com/s/files/1/0912/9351/6071/files/img_8300df26_20231227_a1703676396707_7443_jpg_07e2e4f5-5a76-4f30-9fe8-49c8412ecb5e.jpg?v=1776249460,Hi I want PRA GALLERIA 28 BAG IN BLACK SAFFIANO LEATHER,
PRA 26 SHOULDER BAG IN BLACK RE-NYLON AND SAFFIANO LEATHER,https://cdn.shopify.com/s/files/1/0912/9351/6071/files/img_b0657124_20230921_i1695229881_8477_1_jpg.jpg?v=1759121023,handbags,prada,https://cdn.shopify.com/s/files/1/0912/9351/6071/files/img_b0657124_20230921_i1695229881_8477_1_jpg.jpg?v=1759121023|https://cdn.shopify.com/s/files/1/0912/9351/6071/files/img_b0657124_20230921_i1695229881_8019_0_jpg.jpg?v=1759121023|https://cdn.shopify.com/s/files/1/0912/9351/6071/files/img_b0657124_20230921_i1695229881_4383_2_jpg.jpg?v=1759121023|https://cdn.shopify.com/s/files/1/0912/9351/6071/files/img_b0657124_20230921_i1695229881_3987_8_jpg.jpg?v=1759121023|https://cdn.shopify.com/s/files/1/0912/9351/6071/files/img_b0657124_20230921_i1695229881_1721_6_jpg.jpg?v=1759121023|https://cdn.shopify.com/s/files/1/0912/9351/6071/files/img_b0657124_20230921_i1695229881_1425_5_jpg.jpg?v=1759121023|https://cdn.shopify.com/s/files/1/0912/9351/6071/files/img_b0657124_20230921_i1695229881_1399_7_jpg.jpg?v=1759121023|https://cdn.shopify.com/s/files/1/0912/9351/6071/files/img_b0657124_20230921_i1695229881_931_4_jpg.jpg?v=1759121023|https://cdn.shopify.com/s/files/1/0912/9351/6071/files/img_b0657124_20230921_i1695229881_681_3_jpg.jpg?v=1759121023,Hi I want PRA 26 SHOULDER BAG IN BLACK RE-NYLON AND SAFFIANO LEATHER,
PRA HOBO 22 BAG IN COOL GREEN RE-NYLON,https://cdn.shopify.com/s/files/1/0912/9351/6071/files/20200408_i1586361469_365_0_jpg.jpg?v=1759121253,handbags,prada,https://cdn.shopify.com/s/files/1/0912/9351/6071/files/20200408_i1586361469_365_0_jpg.jpg?v=1759121253|https://cdn.shopify.com/s/files/1/0912/9351/6071/files/20200408_i1586361469_3336_2_jpg.jpg?v=1759121253|https://cdn.shopify.com/s/files/1/0912/9351/6071/files/20200408_i1586361469_7106_3_jpg.jpg?v=1759121253|https://cdn.shopify.com/s/files/1/0912/9351/6071/files/20200408_i1586361469_7827_1_jpg.jpg?v=1759121253|https://cdn.shopify.com/s/files/1/0912/9351/6071/files/20200408_i1586361469_9285_6_jpg.jpg?v=1759121253|https://cdn.shopify.com/s/files/1/0912/9351/6071/files/20200408_i1586361469_6193_5_jpg.jpg?v=1759121253|https://cdn.shopify.com/s/files/1/0912/9351/6071/files/20200408_i1586361469_4314_7_jpg.jpg?v=1759121254|https://cdn.shopify.com/s/files/1/0912/9351/6071/files/20200408_i1586361469_6723_8_jpg.jpg?v=1759121254|https://cdn.shopify.com/s/files/1/0912/9351/6071/files/20200408_i1586361469_7358_4_jpg.jpg?v=1759121254,Hi I want PRA HOBO 22 BAG IN COOL GREEN RE-NYLON,
PRA ARQUÉ 22 SHOULDER BAG IN COGNAC BROWN LEATHER,https://cdn.shopify.com/s/files/1/0912/9351/6071/files/img_4963d6eb_20231103_i1698969860_3942_0_jpg.jpg?v=1759121307,handbags,prada,https://cdn.shopify.com/s/files/1/0912/9351/6071/files/img_4963d6eb_20231103_i1698969860_3942_0_jpg.jpg?v=1759121307|https://cdn.shopify.com/s/files/1/0912/9351/6071/files/img_4963d6eb_20231103_i1698969860_480_1_jpg.jpg?v=1759121307|https://cdn.shopify.com/s/files/1/0912/9351/6071/files/img_4963d6eb_20231103_i1698969860_8154_2_jpg.jpg?v=1759121307|https://cdn.shopify.com/s/files/1/0912/9351/6071/files/img_4963d6eb_20231103_i1698969860_9723_7_jpg.jpg?v=1759121307|https://cdn.shopify.com/s/files/1/0912/9351/6071/files/img_4963d6eb_20231103_i1698969860_4001_6_jpg.jpg?v=1759121307|https://cdn.shopify.com/s/files/1/0912/9351/6071/files/img_4963d6eb_20231103_i1698969860_8153_8_jpg.jpg?v=1759121307|https://cdn.shopify.com/s/files/1/0912/9351/6071/files/img_4963d6eb_20231103_i1698969860_9777_5_jpg.jpg?v=1759121307|https://cdn.shopify.com/s/files/1/0912/9351/6071/files/img_4963d6eb_20231103_i1698969860_5439_3_jpg.jpg?v=1759121307|https://cdn.shopify.com/s/files/1/0912/9351/6071/files/img_4963d6eb_20231103_i1698969860_4629_4_jpg.jpg?v=1759121307,Hi I want PRA ARQUÉ 22 SHOULDER BAG IN COGNAC BROWN LEATHER,
PRA CLUTCH 12 IN LIGHT GREY RE-NYLON,https://cdn.shopify.com/s/files/1/0912/9351/6071/files/20231025_i1698214047_7584_0_jpg.jpg?v=1759121327,handbags,prada,https://cdn.shopify.com/s/files/1/0912/9351/6071/files/20231025_i1698214047_7584_0_jpg.jpg?v=1759121327|https://cdn.shopify.com/s/files/1/0912/9351/6071/files/20231025_i1698214047_2340_1_jpg.jpg?v=1759121327|https://cdn.shopify.com/s/files/1/0912/9351/6071/files/20231025_i1698214047_6337_2_jpg.jpg?v=1759121327|https://cdn.shopify.com/s/files/1/0912/9351/6071/files/20231025_i1698214047_1412_4_jpg.jpg?v=1759121327|https://cdn.shopify.com/s/files/1/0912/9351/6071/files/20231025_i1698214047_9246_3_jpg.jpg?v=1759121327|https://cdn.shopify.com/s/files/1/0912/9351/6071/files/20231025_i1698214047_4866_6_jpg.jpg?v=1759121327|https://cdn.shopify.com/s/files/1/0912/9351/6071/files/20231025_i1698214047_1589_5_jpg.jpg?v=1759121327|https://cdn.shopify.com/s/files/1/0912/9351/6071/files/20231025_i1698214047_7450_8_jpg.jpg?v=1759121327|https://cdn.shopify.com/s/files/1/0912/9351/6071/files/20231025_i1698214047_4713_7_jpg.jpg?v=1759121327,Hi I want PRA CLUTCH 12 IN LIGHT GREY RE-NYLON,
PRA 25 BASKET BAG IN WHITE CALFSKIN,https://cdn.shopify.com/s/files/1/0912/9351/6071/files/img_f407789a_20240818_i1723977027_8419_0_jpg.jpg?v=1759121479,handbags,prada,https://cdn.shopify.com/s/files/1/0912/9351/6071/files/img_f407789a_20240818_i1723977027_8419_0_jpg.jpg?v=1759121479|https://cdn.shopify.com/s/files/1/0912/9351/6071/files/img_f407789a_20240818_i1723977027_2484_0_jpg.jpg?v=1759121479|https://cdn.shopify.com/s/files/1/0912/9351/6071/files/img_f407789a_20240818_i1723977027_874_0_jpg.jpg?v=1759121479|https://cdn.shopify.com/s/files/1/0912/9351/6071/files/img_f407789a_20240818_i1723977027_8770_0_jpg.jpg?v=1759121479|https://cdn.shopify.com/s/files/1/0912/9351/6071/files/img_f407789a_20240818_i1723977027_7308_0_jpg.jpg?v=1759121479|https://cdn.shopify.com/s/files/1/0912/9351/6071/files/img_f407789a_20240818_i1723977027_3518_0_jpg.jpg?v=1759121479|https://cdn.shopify.com/s/files/1/0912/9351/6071/files/img_f407789a_20240818_i1723977027_2421_0_jpg.jpg?v=1759121479|https://cdn.shopify.com/s/files/1/0912/9351/6071/files/img_f407789a_20240818_i1723977027_1826_0_jpg.jpg?v=1759121479|https://cdn.shopify.com/s/files/1/0912/9351/6071/files/img_f407789a_20240818_i1723977027_945_0_jpg.jpg?v=1759121479,Hi I want PRA 25 BASKET BAG IN WHITE CALFSKIN,
PRA 32 BACKPACK IN BLACK RE-NYLON,https://cdn.shopify.com/s/files/1/0912/9351/6071/files/img_3c0188e3_20240825_i1724576549_7448_6_jpg_5da3b951-5889-406b-a4d6-837fbc587b85.jpg?v=1765362417,handbags,prada,https://cdn.shopify.com/s/files/1/0912/9351/6071/files/img_3c0188e3_20240825_i1724576549_7448_6_jpg_5da3b951-5889-406b-a4d6-837fbc587b85.jpg?v=1765362417|https://cdn.shopify.com/s/files/1/0912/9351/6071/files/img_3c0188e3_20240825_i1724576549_6387_8_jpg_60adf048-b236-4def-8aa2-141f486e3583.jpg?v=1765362417|https://cdn.shopify.com/s/files/1/0912/9351/6071/files/img_3c0188e3_20240825_i1724576549_9223_3_jpg_a199fca9-ee91-4f19-8dfc-a9266a885541.jpg?v=1765362417|https://cdn.shopify.com/s/files/1/0912/9351/6071/files/img_3c0188e3_20240825_i1724576549_8934_7_jpg_c8414815-ece5-46b0-970d-631124267033.jpg?v=1765362418|https://cdn.shopify.com/s/files/1/0912/9351/6071/files/img_3c0188e3_20240825_i1724576549_8880_1_jpg_c3acacb0-4b19-46ea-9e44-1dd66a20cffe.jpg?v=1765362417|https://cdn.shopify.com/s/files/1/0912/9351/6071/files/img_3c0188e3_20240825_i1724576549_7357_2_jpg_ac94b1b4-12bb-4bfc-8d28-66346d0079ed.jpg?v=1765362417|https://cdn.shopify.com/s/files/1/0912/9351/6071/files/img_3c0188e3_20240825_i1724576549_5869_0_jpg_e0e7b27d-ee1d-400c-adba-4dd2a1625749.jpg?v=1765362417|https://cdn.shopify.com/s/files/1/0912/9351/6071/files/img_3c0188e3_20240825_i1724576549_4815_4_jpg_7fc4b683-747e-4e02-823e-f92e6c3b08bd.jpg?v=1765362418|https://cdn.shopify.com/s/files/1/0912/9351/6071/files/img_3c0188e3_20240825_i1724576549_3350_5_jpg_919a86ff-543d-4ca2-9c33-73c37bf78130.jpg?v=1765362417,Hi I want PRA 32 BACKPACK IN BLACK RE-NYLON,
PRA 18 DYNAMIQUE LOGO TOTE BAG IN WHITE CALFSKIN,https://cdn.shopify.com/s/files/1/0912/9351/6071/files/20220516_i1652698534_333_0_jpg.jpg?v=1759121640,handbags,prada,https://cdn.shopify.com/s/files/1/0912/9351/6071/files/20220516_i1652698534_333_0_jpg.jpg?v=1759121640|https://cdn.shopify.com/s/files/1/0912/9351/6071/files/20220516_i1652698534_5087_1_jpg.jpg?v=1759121640|https://cdn.shopify.com/s/files/1/0912/9351/6071/files/20220516_i1652698534_2200_2_jpg.jpg?v=1759121640|https://cdn.shopify.com/s/files/1/0912/9351/6071/files/20220516_i1652698534_5940_8_jpg.jpg?v=1759121640|https://cdn.shopify.com/s/files/1/0912/9351/6071/files/20220516_i1652698534_5326_3_jpg.jpg?v=1759121640|https://cdn.shopify.com/s/files/1/0912/9351/6071/files/20220516_i1652698534_2692_7_jpg.jpg?v=1759121640|https://cdn.shopify.com/s/files/1/0912/9351/6071/files/20220516_i1652698534_3326_4_jpg.jpg?v=1759121640|https://cdn.shopify.com/s/files/1/0912/9351/6071/files/20220516_i1652698534_6124_6_jpg.jpg?v=1759121640|https://cdn.shopify.com/s/files/1/0912/9351/6071/files/20220516_i1652698534_7144_5_jpg.jpg?v=1759121640,Hi I want PRA 18 DYNAMIQUE LOGO TOTE BAG IN WHITE CALFSKIN,
MINI BUCKET BAG 10 IN RED RE-NYLON AND SAFFIANO LEATHER STRAP,https://cdn.shopify.com/s/files/1/0912/9351/6071/files/20240910_i1725901686_332_1_jpg.jpg?v=1759121703,handbags,prada,https://cdn.shopify.com/s/files/1/0912/9351/6071/files/20240910_i1725901686_332_1_jpg.jpg?v=1759121703|https://cdn.shopify.com/s/files/1/0912/9351/6071/files/20240910_i1725901686_1221_4_jpg.jpg?v=1759121703|https://cdn.shopify.com/s/files/1/0912/9351/6071/files/20240910_i1725901686_2326_5_jpg.jpg?v=1759121703|https://cdn.shopify.com/s/files/1/0912/9351/6071/files/20240910_i1725901686_2928_0_jpg.jpg?v=1759121703|https://cdn.shopify.com/s/files/1/0912/9351/6071/files/20240910_i1725901686_4079_7_jpg.jpg?v=1759121703|https://cdn.shopify.com/s/files/1/0912/9351/6071/files/20240910_i1725901686_4355_3_jpg.jpg?v=1759121703|https://cdn.shopify.com/s/files/1/0912/9351/6071/files/20240910_i1725901686_7463_6_jpg.jpg?v=1759121703|https://cdn.shopify.com/s/files/1/0912/9351/6071/files/20240910_i1725901686_8299_2_jpg.jpg?v=1759121703|https://cdn.shopify.com/s/files/1/0912/9351/6071/files/20240910_i1725901715_4155_0_jpg.jpg?v=1759121704,Hi I want MINI BUCKET BAG 10 IN RED RE-NYLON AND SAFFIANO LEATHER STRAP,
MINI HAND BAG 11 WITH GOLD STRAP IN BLACK PATENT CALFSKIN,https://cdn.shopify.com/s/files/1/0912/9351/6071/files/20240204_i1707027751_4744_1_jpg.jpg?v=1759121786,handbags,prada,https://cdn.shopify.com/s/files/1/0912/9351/6071/files/20240204_i1707027751_4744_1_jpg.jpg?v=1759121786|https://cdn.shopify.com/s/files/1/0912/9351/6071/files/20240204_i1707027751_9240_8_jpg.jpg?v=1759121786|https://cdn.shopify.com/s/files/1/0912/9351/6071/files/20240204_i1707027751_1119_2_jpg.jpg?v=1759121786|https://cdn.shopify.com/s/files/1/0912/9351/6071/files/20240204_i1707027751_1903_7_jpg.jpg?v=1759121786|https://cdn.shopify.com/s/files/1/0912/9351/6071/files/20240204_i1707027751_3196_5_jpg.jpg?v=1759121786|https://cdn.shopify.com/s/files/1/0912/9351/6071/files/20240204_i1707027751_5136_6_jpg.jpg?v=1759121786|https://cdn.shopify.com/s/files/1/0912/9351/6071/files/20240204_i1707027751_6474_3_jpg.jpg?v=1759121786|https://cdn.shopify.com/s/files/1/0912/9351/6071/files/20240204_i1707027806_7014_0_jpg.jpg?v=1759121786|https://cdn.shopify.com/s/files/1/0912/9351/6071/files/20240204_i1707028240_4808_0_jpg.jpg?v=1759121786,Hi I want MINI HAND BAG 11 WITH GOLD STRAP IN BLACK PATENT CALFSKIN,
MINI HAND BAG 11 WITH GOLD STRAP IN WHITE PATENT CALFSKIN,https://cdn.shopify.com/s/files/1/0912/9351/6071/files/20240316_i1710563533_4501_0_jpg.jpg?v=1759121809,handbags,prada,https://cdn.shopify.com/s/files/1/0912/9351/6071/files/20240316_i1710563533_4501_0_jpg.jpg?v=1759121809|https://cdn.shopify.com/s/files/1/0912/9351/6071/files/20240316_i1710563533_698_5_jpg.jpg?v=1759121809|https://cdn.shopify.com/s/files/1/0912/9351/6071/files/20240316_i1710563533_3913_6_jpg.jpg?v=1759121809|https://cdn.shopify.com/s/files/1/0912/9351/6071/files/20240316_i1710563533_5330_4_jpg.jpg?v=1759121809|https://cdn.shopify.com/s/files/1/0912/9351/6071/files/20240316_i1710563533_8770_8_jpg.jpg?v=1759121809|https://cdn.shopify.com/s/files/1/0912/9351/6071/files/20240316_i1710563533_8905_7_jpg.jpg?v=1759121809|https://cdn.shopify.com/s/files/1/0912/9351/6071/files/20240316_i1710563533_4687_1_jpg.jpg?v=1759121809|https://cdn.shopify.com/s/files/1/0912/9351/6071/files/20240316_i1710563533_6732_2_jpg.jpg?v=1759121809|https://cdn.shopify.com/s/files/1/0912/9351/6071/files/20240316_i1710563533_8985_3_jpg.jpg?v=1759121809,Hi I want MINI HAND BAG 11 WITH GOLD STRAP IN WHITE PATENT CALFSKIN,
HOBO BAG 23 IN BEIGE RABBIT FUR,https://cdn.shopify.com/s/files/1/0912/9351/6071/files/20241201_i1733037538_1124_1_jpg_1568b445-cf3a-40ed-ba40-a3bf334770d8.jpg?v=1759121926,handbags,prada,https://cdn.shopify.com/s/files/1/0912/9351/6071/files/20241201_i1733037538_1124_1_jpg_1568b445-cf3a-40ed-ba40-a3bf334770d8.jpg?v=1759121926|https://cdn.shopify.com/s/files/1/0912/9351/6071/files/20241201_i1733037538_306_7_jpg_a9c6c892-94b1-4c29-8d31-84bb85e6aa49.jpg?v=1759121926|https://cdn.shopify.com/s/files/1/0912/9351/6071/files/20241201_i1733037538_1164_3_jpg_e551d3eb-2e93-48e1-8a3b-b5b64add60fd.jpg?v=1759121926|https://cdn.shopify.com/s/files/1/0912/9351/6071/files/20241201_i1733037538_1809_5_jpg_4093c520-8498-46ce-ad46-894135cd18b5.jpg?v=1759121926|https://cdn.shopify.com/s/files/1/0912/9351/6071/files/20241201_i1733037538_1984_2_jpg_a137df23-6c0a-44cd-9bf2-2fac7268beae.jpg?v=1759121926|https://cdn.shopify.com/s/files/1/0912/9351/6071/files/20241201_i1733037538_5543_8_jpg_1db9e180-031e-40ff-b0c7-0dea225c71ca.jpg?v=1759121926|https://cdn.shopify.com/s/files/1/0912/9351/6071/files/20241201_i1733037538_8281_4_jpg_5712b6c8-cfdf-45bf-85cd-8230f29219dc.jpg?v=1759121926|https://cdn.shopify.com/s/files/1/0912/9351/6071/files/20241201_i1733037538_8314_6_jpg_b5147c19-da3d-40a7-84ca-4db63a41174d.jpg?v=1759121926|https://cdn.shopify.com/s/files/1/0912/9351/6071/files/20241201_i1733037580_4948_0_jpg_bda9a889-d311-4b14-841d-be367cabd7a9.jpg?v=1759121926,Hi I want HOBO BAG 23 IN BEIGE RABBIT FUR,
HOBO BAG 35 IN BLACK OIL WAX LAMBSKIN SILVER LOGO,https://cdn.shopify.com/s/files/1/0912/9351/6071/files/20241203_i1733208094_258_1_jpg.jpg?v=1759121963,handbags,prada,https://cdn.shopify.com/s/files/1/0912/9351/6071/files/20241203_i1733208094_258_1_jpg.jpg?v=1759121963|https://cdn.shopify.com/s/files/1/0912/9351/6071/files/20241203_i1733208094_1786_2_jpg.jpg?v=1759121963|https://cdn.shopify.com/s/files/1/0912/9351/6071/files/20241203_i1733208094_2591_7_jpg.jpg?v=1759121963|https://cdn.shopify.com/s/files/1/0912/9351/6071/files/20241203_i1733208094_3857_3_jpg.jpg?v=1759121963|https://cdn.shopify.com/s/files/1/0912/9351/6071/files/20241203_i1733208094_3992_5_jpg.jpg?v=1759121963|https://cdn.shopify.com/s/files/1/0912/9351/6071/files/20241203_i1733208094_4250_0_jpg.jpg?v=1759121963|https://cdn.shopify.com/s/files/1/0912/9351/6071/files/20241203_i1733208094_7085_6_jpg.jpg?v=1759121963|https://cdn.shopify.com/s/files/1/0912/9351/6071/files/20241203_i1733208094_8346_4_jpg.jpg?v=1759121963|https://cdn.shopify.com/s/files/1/0912/9351/6071/files/20241203_i1733208101_2632_0_jpg.jpg?v=1759121963,Hi I want HOBO BAG 35 IN BLACK OIL WAX LAMBSKIN SILVER LOGO,
MINI BAG 14 IN AZURE BLUE DENIM GOLD HARDWARE,https://cdn.shopify.com/s/files/1/0912/9351/6071/files/20241024_i1729752626_19_0_jpg.jpg?v=1759121974,handbags,prada,https://cdn.shopify.com/s/files/1/0912/9351/6071/files/20241024_i1729752626_19_0_jpg.jpg?v=1759121974|https://cdn.shopify.com/s/files/1/0912/9351/6071/files/20241024_i1729752626_1191_4_jpg.jpg?v=1759121974|https://cdn.shopify.com/s/files/1/0912/9351/6071/files/20241024_i1729752626_2716_6_jpg.jpg?v=1759121974|https://cdn.shopify.com/s/files/1/0912/9351/6071/files/20241024_i1729752626_4378_5_jpg.jpg?v=1759121974|https://cdn.shopify.com/s/files/1/0912/9351/6071/files/20241024_i1729752626_5273_3_jpg.jpg?v=1759121974|https://cdn.shopify.com/s/files/1/0912/9351/6071/files/20241024_i1729752626_7056_7_jpg.jpg?v=1759121974|https://cdn.shopify.com/s/files/1/0912/9351/6071/files/20241024_i1729752626_8037_2_jpg.jpg?v=1759121974|https://cdn.shopify.com/s/files/1/0912/9351/6071/files/20241024_i1729752626_8780_1_jpg.jpg?v=1759121974|https://cdn.shopify.com/s/files/1/0912/9351/6071/files/20241024_i1729752681_7317_0_jpg.jpg?v=1759121974,Hi I want MINI BAG 14 IN AZURE BLUE DENIM GOLD HARDWARE,
CAMERA BAG 22 IN BLACK TRIANGLE PATTERN QUILTED LAMBSKIN GOLD HARDWARE,https://cdn.shopify.com/s/files/1/0912/9351/6071/files/20230323_i1679554891_3100_1_jpg.jpg?v=1759122533,handbags,prada,https://cdn.shopify.com/s/files/1/0912/9351/6071/files/20230323_i1679554891_3100_1_jpg.jpg?v=1759122533|https://cdn.shopify.com/s/files/1/0912/9351/6071/files/20230323_i1679554891_376_6_jpg.jpg?v=1759122533|https://cdn.shopify.com/s/files/1/0912/9351/6071/files/20230323_i1679554891_3930_4_jpg.jpg?v=1759122533|https://cdn.shopify.com/s/files/1/0912/9351/6071/files/20230323_i1679554891_4776_0_jpg.jpg?v=1759122533|https://cdn.shopify.com/s/files/1/0912/9351/6071/files/20230323_i1679554891_5207_7_jpg.jpg?v=1759122533|https://cdn.shopify.com/s/files/1/0912/9351/6071/files/20230323_i1679554891_5820_5_jpg.jpg?v=1759122533|https://cdn.shopify.com/s/files/1/0912/9351/6071/files/20230323_i1679554891_7479_8_jpg.jpg?v=1759122533|https://cdn.shopify.com/s/files/1/0912/9351/6071/files/20230323_i1679554891_8085_2_jpg.jpg?v=1759122533|https://cdn.shopify.com/s/files/1/0912/9351/6071/files/20230323_i1679554891_8952_3_jpg.jpg?v=1759122533,Hi I want CAMERA BAG 22 IN BLACK TRIANGLE PATTERN QUILTED LAMBSKIN GOLD HARDWARE,
SPARKLING HOBO BAG 23 IN BLACK NYLON ATTACHED FULLY CRYSTALS,https://cdn.shopify.com/s/files/1/0912/9351/6071/files/20201217_i1608191363_521_1_jpg.jpg?v=1759122736,handbags,prada,https://cdn.shopify.com/s/files/1/0912/9351/6071/files/20201217_i1608191363_521_1_jpg.jpg?v=1759122736|https://cdn.shopify.com/s/files/1/0912/9351/6071/files/20201217_i1608191363_131_6_jpg.jpg?v=1759122736|https://cdn.shopify.com/s/files/1/0912/9351/6071/files/20201217_i1608191363_2595_4_jpg.jpg?v=1759122736|https://cdn.shopify.com/s/files/1/0912/9351/6071/files/20201217_i1608191363_4295_7_jpg.jpg?v=1759122736|https://cdn.shopify.com/s/files/1/0912/9351/6071/files/20201217_i1608191363_4671_5_jpg.jpg?v=1759122736|https://cdn.shopify.com/s/files/1/0912/9351/6071/files/20201217_i1608191363_7608_3_jpg.jpg?v=1759122736|https://cdn.shopify.com/s/files/1/0912/9351/6071/files/20201217_i1608191363_7787_2_jpg.jpg?v=1759122736|https://cdn.shopify.com/s/files/1/0912/9351/6071/files/20201217_i1608191363_9508_8_jpg.jpg?v=1759122736|https://cdn.shopify.com/s/files/1/0912/9351/6071/files/20210311_i1615444870_773_0_jpg.jpg?v=1759122736,Hi I want SPARKLING HOBO BAG 23 IN BLACK NYLON ATTACHED FULLY CRYSTALS,
BACKPACK 45 IN CIDER BROWN RE-NYLON AND CALFSKIN TRIM,https://cdn.shopify.com/s/files/1/0912/9351/6071/files/20240615_i1718437308_9886_0_jpg.jpg?v=1759122796,handbags,prada,https://cdn.shopify.com/s/files/1/0912/9351/6071/files/20240615_i1718437308_9886_0_jpg.jpg?v=1759122796|https://cdn.shopify.com/s/files/1/0912/9351/6071/files/20240615_i1718437308_657_6_jpg.jpg?v=1759122796|https://cdn.shopify.com/s/files/1/0912/9351/6071/files/20240615_i1718437308_861_5_jpg.jpg?v=1759122796|https://cdn.shopify.com/s/files/1/0912/9351/6071/files/20240615_i1718437308_984_3_jpg.jpg?v=1759122796|https://cdn.shopify.com/s/files/1/0912/9351/6071/files/20240615_i1718437308_1022_1_jpg.jpg?v=1759122796|https://cdn.shopify.com/s/files/1/0912/9351/6071/files/20240615_i1718437308_1746_7_jpg.jpg?v=1759122796|https://cdn.shopify.com/s/files/1/0912/9351/6071/files/20240615_i1718437308_6367_8_jpg.jpg?v=1759122796|https://cdn.shopify.com/s/files/1/0912/9351/6071/files/20240615_i1718437308_6745_4_jpg.jpg?v=1759122796|https://cdn.shopify.com/s/files/1/0912/9351/6071/files/20240615_i1718437308_7025_2_jpg.jpg?v=1759122796,Hi I want BACKPACK 45 IN CIDER BROWN RE-NYLON AND CALFSKIN TRIM,
BELT BAG 18 IN SEPIA BROWN RE-NYLON AND CALFSKIN TRIM,https://cdn.shopify.com/s/files/1/0912/9351/6071/files/20240603_i1717399687_5130_0_jpg.jpg?v=1759122830,handbags,prada,https://cdn.shopify.com/s/files/1/0912/9351/6071/files/20240603_i1717399687_5130_0_jpg.jpg?v=1759122830|https://cdn.shopify.com/s/files/1/0912/9351/6071/files/20240603_i1717399687_1538_2_jpg.jpg?v=1759122830|https://cdn.shopify.com/s/files/1/0912/9351/6071/files/20240603_i1717399687_3616_3_jpg.jpg?v=1759122830|https://cdn.shopify.com/s/files/1/0912/9351/6071/files/20240603_i1717399687_3657_1_jpg.jpg?v=1759122830|https://cdn.shopify.com/s/files/1/0912/9351/6071/files/20240603_i1717399687_4134_7_jpg.jpg?v=1759122830|https://cdn.shopify.com/s/files/1/0912/9351/6071/files/20240603_i1717399687_5145_8_jpg.jpg?v=1759122830|https://cdn.shopify.com/s/files/1/0912/9351/6071/files/20240603_i1717399687_7064_5_jpg.jpg?v=1759122830|https://cdn.shopify.com/s/files/1/0912/9351/6071/files/20240603_i1717399687_7363_4_jpg.jpg?v=1759122830|https://cdn.shopify.com/s/files/1/0912/9351/6071/files/20240603_i1717399687_8715_6_jpg.jpg?v=1759122830,Hi I want BELT BAG 18 IN SEPIA BROWN RE-NYLON AND CALFSKIN TRIM,
MINI BUCKET BAG 18 IN BLACK SAFFIANO LEATHER,https://cdn.shopify.com/s/files/1/0912/9351/6071/files/20240429_i1714374445_7758_0_jpg.jpg?v=1759122953,handbags,prada,https://cdn.shopify.com/s/files/1/0912/9351/6071/files/20240429_i1714374445_7758_0_jpg.jpg?v=1759122953|https://cdn.shopify.com/s/files/1/0912/9351/6071/files/20240429_i1714374445_1687_7_jpg.jpg?v=1759122953|https://cdn.shopify.com/s/files/1/0912/9351/6071/files/20240429_i1714374445_1863_3_jpg.jpg?v=1759122953|https://cdn.shopify.com/s/files/1/0912/9351/6071/files/20240429_i1714374445_2803_6_jpg.jpg?v=1759122953|https://cdn.shopify.com/s/files/1/0912/9351/6071/files/20240429_i1714374445_5544_4_jpg.jpg?v=1759122953|https://cdn.shopify.com/s/files/1/0912/9351/6071/files/20240429_i1714374445_5961_1_jpg.jpg?v=1759122953|https://cdn.shopify.com/s/files/1/0912/9351/6071/files/20240429_i1714374445_7016_5_jpg.jpg?v=1759122953|https://cdn.shopify.com/s/files/1/0912/9351/6071/files/20240429_i1714374445_7946_2_jpg.jpg?v=1759122953|https://cdn.shopify.com/s/files/1/0912/9351/6071/files/20240429_i1714374452_8682_0_jpg.jpg?v=1759122953,Hi I want MINI BUCKET BAG 18 IN BLACK SAFFIANO LEATHER,
BRIEFCASE 38 IN BLACK SMOOTH LAMBSKIN,https://cdn.shopify.com/s/files/1/0912/9351/6071/files/1516074889_159297956_8.jpg?v=1759123019,handbags,prada,https://cdn.shopify.com/s/files/1/0912/9351/6071/files/1516074889_159297956_8.jpg?v=1759123019|https://cdn.shopify.com/s/files/1/0912/9351/6071/files/1516074889_3240408121_2.jpg?v=1759123019|https://cdn.shopify.com/s/files/1/0912/9351/6071/files/1516074888_2761110531_0.jpg?v=1759123019|https://cdn.shopify.com/s/files/1/0912/9351/6071/files/1516074889_82844315_6.jpg?v=1759123019|https://cdn.shopify.com/s/files/1/0912/9351/6071/files/1516074889_1461014221_5.jpg?v=1759123019|https://cdn.shopify.com/s/files/1/0912/9351/6071/files/1516074889_2143932613_1.jpg?v=1759123019|https://cdn.shopify.com/s/files/1/0912/9351/6071/files/1516074889_3305769502_3.jpg?v=1759123019|https://cdn.shopify.com/s/files/1/0912/9351/6071/files/1516074889_3909301321_7.jpg?v=1759123019,Hi I want BRIEFCASE 38 IN BLACK SMOOTH LAMBSKIN,
HOBO BAG 24 IN BLACK TRIANGULAR QUILTED PATTERN RE-NYLON,https://cdn.shopify.com/s/files/1/0912/9351/6071/files/20201225_i1608877399_4307_0_jpg.jpg?v=1759123218,handbags,prada,https://cdn.shopify.com/s/files/1/0912/9351/6071/files/20201225_i1608877399_4307_0_jpg.jpg?v=1759123218|https://cdn.shopify.com/s/files/1/0912/9351/6071/files/20201225_i1608877399_366_7_jpg.jpg?v=1759123218|https://cdn.shopify.com/s/files/1/0912/9351/6071/files/20201225_i1608877399_428_4_jpg.jpg?v=1759123218|https://cdn.shopify.com/s/files/1/0912/9351/6071/files/20201225_i1608877399_1706_5_jpg.jpg?v=1759123218|https://cdn.shopify.com/s/files/1/0912/9351/6071/files/20201225_i1608877399_3822_8_jpg.jpg?v=1759123218|https://cdn.shopify.com/s/files/1/0912/9351/6071/files/20201225_i1608877399_4958_2_jpg.jpg?v=1759123218|https://cdn.shopify.com/s/files/1/0912/9351/6071/files/20201225_i1608877399_7290_3_jpg.jpg?v=1759123218|https://cdn.shopify.com/s/files/1/0912/9351/6071/files/20201225_i1608877399_7443_6_jpg.jpg?v=1759123218|https://cdn.shopify.com/s/files/1/0912/9351/6071/files/20201225_i1608877399_7723_1_jpg.jpg?v=1759123218,Hi I want HOBO BAG 24 IN BLACK TRIANGULAR QUILTED PATTERN RE-NYLON,
MOON HANDBAG 22 IN RUSSET BROWN SUEDE,https://cdn.shopify.com/s/files/1/0912/9351/6071/files/img_db9945f8_20240907_i1725648023_6401_5_jpg.jpg?v=1759123622,handbags,prada,https://cdn.shopify.com/s/files/1/0912/9351/6071/files/img_db9945f8_20240907_i1725648023_6401_5_jpg.jpg?v=1759123622|https://cdn.shopify.com/s/files/1/0912/9351/6071/files/img_db9945f8_20240907_i1725648022_374_4_jpg.jpg?v=1759123622|https://cdn.shopify.com/s/files/1/0912/9351/6071/files/img_db9945f8_20240907_i1725648022_5064_2_jpg.jpg?v=1759123622|https://cdn.shopify.com/s/files/1/0912/9351/6071/files/img_db9945f8_20240907_i1725648022_5471_3_jpg.jpg?v=1759123622|https://cdn.shopify.com/s/files/1/0912/9351/6071/files/img_db9945f8_20240907_i1725648022_6593_1_jpg.jpg?v=1759123623|https://cdn.shopify.com/s/files/1/0912/9351/6071/files/img_db9945f8_20240907_i1725648022_9522_0_jpg.jpg?v=1759123623|https://cdn.shopify.com/s/files/1/0912/9351/6071/files/img_db9945f8_20240907_i1725648023_4214_8_jpg.jpg?v=1759123623|https://cdn.shopify.com/s/files/1/0912/9351/6071/files/img_db9945f8_20240907_i1725648023_4702_7_jpg.jpg?v=1759123623|https://cdn.shopify.com/s/files/1/0912/9351/6071/files/img_db9945f8_20240907_i1725648023_6401_6_jpg.jpg?v=1759123623,Hi I want MOON HANDBAG 22 IN RUSSET BROWN SUEDE,New
MEDIUM TOTE BAG WITH BELT 35 IN RUSSET BROWN SUEDE,https://cdn.shopify.com/s/files/1/0912/9351/6071/files/img_db9945f8_20240921_i1726866429_1264_4_jpg.jpg?v=1759123685,handbags,prada,https://cdn.shopify.com/s/files/1/0912/9351/6071/files/img_db9945f8_20240921_i1726866429_1264_4_jpg.jpg?v=1759123685|https://cdn.shopify.com/s/files/1/0912/9351/6071/files/img_db9945f8_20240921_i1726866429_70_2_jpg.jpg?v=1759123685|https://cdn.shopify.com/s/files/1/0912/9351/6071/files/img_db9945f8_20240921_i1726866429_434_6_jpg.jpg?v=1759123685|https://cdn.shopify.com/s/files/1/0912/9351/6071/files/img_db9945f8_20240921_i1726866429_510_8_jpg.jpg?v=1759123685|https://cdn.shopify.com/s/files/1/0912/9351/6071/files/img_db9945f8_20240921_i1726866429_2295_5_jpg.jpg?v=1759123685|https://cdn.shopify.com/s/files/1/0912/9351/6071/files/img_db9945f8_20240921_i1726866429_3966_3_jpg.jpg?v=1759123685|https://cdn.shopify.com/s/files/1/0912/9351/6071/files/img_db9945f8_20240921_i1726866429_4554_7_jpg.jpg?v=1759123685|https://cdn.shopify.com/s/files/1/0912/9351/6071/files/img_db9945f8_20240921_i1726866429_5782_0_jpg.jpg?v=1759123685|https://cdn.shopify.com/s/files/1/0912/9351/6071/files/img_db9945f8_20240921_i1726866429_6174_1_jpg.jpg?v=1759123685,Hi I want MEDIUM TOTE BAG WITH BELT 35 IN RUSSET BROWN SUEDE,New
BUCKET BAG 22 IN RUSSET BROWN SOFT SUEDE,https://cdn.shopify.com/s/files/1/0912/9351/6071/files/img_d707740b_20241001_i1727723106_7272_0_jpg.jpg?v=1759123770,handbags,prada,https://cdn.shopify.com/s/files/1/0912/9351/6071/files/img_d707740b_20241001_i1727723106_7272_0_jpg.jpg?v=1759123770|https://cdn.shopify.com/s/files/1/0912/9351/6071/files/img_d707740b_20241001_i1727723042_1227_4_jpg.jpg?v=1759123770|https://cdn.shopify.com/s/files/1/0912/9351/6071/files/img_d707740b_20241001_i1727723042_4446_5_jpg.jpg?v=1759123770|https://cdn.shopify.com/s/files/1/0912/9351/6071/files/img_d707740b_20241001_i1727723042_5666_8_jpg.jpg?v=1759123770|https://cdn.shopify.com/s/files/1/0912/9351/6071/files/img_d707740b_20241001_i1727723042_6233_6_jpg.jpg?v=1759123770|https://cdn.shopify.com/s/files/1/0912/9351/6071/files/img_d707740b_20241001_i1727723042_9172_3_jpg.jpg?v=1759123770|https://cdn.shopify.com/s/files/1/0912/9351/6071/files/img_d707740b_20241001_i1727723042_9860_7_jpg.jpg?v=1759123770|https://cdn.shopify.com/s/files/1/0912/9351/6071/files/img_d707740b_20241001_i1727723042_316_1_jpg.jpg?v=1759123770|https://cdn.shopify.com/s/files/1/0912/9351/6071/files/img_d707740b_20241001_i1727723042_851_2_jpg.jpg?v=1759123770,Hi I want BUCKET BAG 22 IN RUSSET BROWN SOFT SUEDE,New
LARGE TOP HANDLE BAG 35 IN BLACK NYLON AND CALFSKIN TRIM,https://cdn.shopify.com/s/files/1/0912/9351/6071/files/img_2568964b_20240512_i1715510500_277_3_jpg.jpg?v=1759123840,handbags,prada,https://cdn.shopify.com/s/files/1/0912/9351/6071/files/img_2568964b_20240512_i1715510500_277_3_jpg.jpg?v=1759123840|https://cdn.shopify.com/s/files/1/0912/9351/6071/files/img_2568964b_20240512_i1715510500_1535_2_jpg.jpg?v=1759123840|https://cdn.shopify.com/s/files/1/0912/9351/6071/files/img_2568964b_20240512_i1715510500_4602_4_jpg.jpg?v=1759123840|https://cdn.shopify.com/s/files/1/0912/9351/6071/files/img_2568964b_20240512_i1715510500_5025_8_jpg.jpg?v=1759123840|https://cdn.shopify.com/s/files/1/0912/9351/6071/files/img_2568964b_20240512_i1715510500_5044_0_jpg.jpg?v=1759123840|https://cdn.shopify.com/s/files/1/0912/9351/6071/files/img_2568964b_20240512_i1715510500_5985_5_jpg.jpg?v=1759123840|https://cdn.shopify.com/s/files/1/0912/9351/6071/files/img_2568964b_20240512_i1715510500_6597_7_jpg.jpg?v=1759123840|https://cdn.shopify.com/s/files/1/0912/9351/6071/files/img_2568964b_20240512_i1715510500_7378_6_jpg.jpg?v=1759123840|https://cdn.shopify.com/s/files/1/0912/9351/6071/files/img_2568964b_20240512_i1715510500_8675_1_jpg.jpg?v=1759123840,Hi I want LARGE TOP HANDLE BAG 35 IN BLACK NYLON AND CALFSKIN TRIM,New
VANITY CASE 18 IN RUSSET BROWN GRAINED CALFSKIN GOLD HARDWARE,https://cdn.shopify.com/s/files/1/0912/9351/6071/files/20230603_i1685782056_7461_0_jpg.jpg?v=1759123968,handbags,prada,https://cdn.shopify.com/s/files/1/0912/9351/6071/files/20230603_i1685782056_7461_0_jpg.jpg?v=1759123968|https://cdn.shopify.com/s/files/1/0912/9351/6071/files/20230603_i1685782056_552_7_jpg.jpg?v=1759123968|https://cdn.shopify.com/s/files/1/0912/9351/6071/files/20230603_i1685782056_892_5_jpg.jpg?v=1759123968|https://cdn.shopify.com/s/files/1/0912/9351/6071/files/20230603_i1685782056_1507_2_jpg.jpg?v=1759123968|https://cdn.shopify.com/s/files/1/0912/9351/6071/files/20230603_i1685782056_1740_8_jpg.jpg?v=1759123968|https://cdn.shopify.com/s/files/1/0912/9351/6071/files/20230603_i1685782056_4088_1_jpg.jpg?v=1759123968|https://cdn.shopify.com/s/files/1/0912/9351/6071/files/20230603_i1685782056_6759_6_jpg.jpg?v=1759123968|https://cdn.shopify.com/s/files/1/0912/9351/6071/files/20230603_i1685782056_7757_4_jpg.jpg?v=1759123968|https://cdn.shopify.com/s/files/1/0912/9351/6071/files/20230603_i1685782056_7893_3_jpg.jpg?v=1759123968,Hi I want VANITY CASE 18 IN RUSSET BROWN GRAINED CALFSKIN GOLD HARDWARE,New
MINI BUCKET BAG 19 IN CHOCOLATE SOFT SUEDE GOLD HARDWARE,https://cdn.shopify.com/s/files/1/0912/9351/6071/files/img_2568964b_20240905_i1725517094_65_2_jpg.jpg?v=1759124041,handbags,prada,https://cdn.shopify.com/s/files/1/0912/9351/6071/files/img_2568964b_20240905_i1725517094_65_2_jpg.jpg?v=1759124041|https://cdn.shopify.com/s/files/1/0912/9351/6071/files/img_2568964b_20240905_i1725517094_2260_0_jpg.jpg?v=1759124041|https://cdn.shopify.com/s/files/1/0912/9351/6071/files/img_2568964b_20240905_i1725517094_6513_6_jpg.jpg?v=1759124041|https://cdn.shopify.com/s/files/1/0912/9351/6071/files/img_2568964b_20240905_i1725517094_7617_1_jpg.jpg?v=1759124041|https://cdn.shopify.com/s/files/1/0912/9351/6071/files/img_2568964b_20240905_i1725517094_7989_8_jpg.jpg?v=1759124041|https://cdn.shopify.com/s/files/1/0912/9351/6071/files/img_2568964b_20240905_i1725517094_8088_7_jpg.jpg?v=1759124041|https://cdn.shopify.com/s/files/1/0912/9351/6071/files/img_2568964b_20240905_i1725517094_8730_5_jpg.jpg?v=1759124041|https://cdn.shopify.com/s/files/1/0912/9351/6071/files/img_2568964b_20240905_i1725517094_8792_3_jpg.jpg?v=1759124041|https://cdn.shopify.com/s/files/1/0912/9351/6071/files/img_2568964b_20240905_i1725517094_9983_4_jpg.jpg?v=1759124041,Hi I want MINI BUCKET BAG 19 IN CHOCOLATE SOFT SUEDE GOLD HARDWARE,New
MEDIUM TOP HANDLE BAG 30 IN CHERRY WOOD NYLON AND CALFSKIN TRIM,https://cdn.shopify.com/s/files/1/0912/9351/6071/files/img_2568964b_20240520_i1716207586_2302_5_jpg.jpg?v=1759124085,handbags,prada,https://cdn.shopify.com/s/files/1/0912/9351/6071/files/img_2568964b_20240520_i1716207586_2302_5_jpg.jpg?v=1759124085|https://cdn.shopify.com/s/files/1/0912/9351/6071/files/img_2568964b_20240520_i1716207586_6479_2_jpg.jpg?v=1759124085|https://cdn.shopify.com/s/files/1/0912/9351/6071/files/img_2568964b_20240520_i1716207586_3174_3_jpg.jpg?v=1759124085|https://cdn.shopify.com/s/files/1/0912/9351/6071/files/img_2568964b_20240520_i1716207586_4477_8_jpg.jpg?v=1759124085|https://cdn.shopify.com/s/files/1/0912/9351/6071/files/img_2568964b_20240520_i1716207586_5246_0_jpg.jpg?v=1759124085|https://cdn.shopify.com/s/files/1/0912/9351/6071/files/img_2568964b_20240520_i1716207586_7606_1_jpg.jpg?v=1759124085|https://cdn.shopify.com/s/files/1/0912/9351/6071/files/img_2568964b_20240520_i1716207586_8258_7_jpg.jpg?v=1759124085|https://cdn.shopify.com/s/files/1/0912/9351/6071/files/img_2568964b_20240520_i1716207586_9520_6_jpg.jpg?v=1759124085|https://cdn.shopify.com/s/files/1/0912/9351/6071/files/img_2568964b_20240520_i1716207586_9967_4_jpg.jpg?v=1759124085,Hi I want MEDIUM TOP HANDLE BAG 30 IN CHERRY WOOD NYLON AND CALFSKIN TRIM,New
CHAIN TOTE 39 SOFT BEIGE CALFSKIN SILVER HARDWARE,https://cdn.shopify.com/s/files/1/0912/9351/6071/files/img_db9d4425_20231105_a1699161835074_1781_jpg_bb8177e2-658d-4995-80d3-d841479e2469.jpg?v=1759125363,handbags,prada,https://cdn.shopify.com/s/files/1/0912/9351/6071/files/img_db9d4425_20231105_a1699161835074_1781_jpg_bb8177e2-658d-4995-80d3-d841479e2469.jpg?v=1759125363|https://cdn.shopify.com/s/files/1/0912/9351/6071/files/img_db9d4425_20231105_a1699161835181_8717_jpg_b93fa85e-ec3e-4714-b796-20817780beea.jpg?v=1759125363|https://cdn.shopify.com/s/files/1/0912/9351/6071/files/img_db9d4425_20231105_a1699161835288_8130_jpg_f4b3d99b-39cb-4528-afaf-3b10ead71bd8.jpg?v=1759125363|https://cdn.shopify.com/s/files/1/0912/9351/6071/files/img_db9d4425_20231105_a1699161835377_2018_jpg_9eb85f08-bf26-4349-a894-a7ccdcc58809.jpg?v=1759125363|https://cdn.shopify.com/s/files/1/0912/9351/6071/files/img_db9d4425_20231105_a1699161835512_7452_jpg_b5dbb3b7-bd51-4864-a1a5-34c2405f8efa.jpg?v=1759125363|https://cdn.shopify.com/s/files/1/0912/9351/6071/files/img_db9d4425_20231105_a1699161835548_5304_jpg_97094504-26c1-43a8-b393-ce9086b8d1a4.jpg?v=1759125363|https://cdn.shopify.com/s/files/1/0912/9351/6071/files/img_db9d4425_20231105_a1699161835664_6820_jpg_20db5dbc-c133-48ba-b0de-462e3ddd08fb.jpg?v=1759125363|https://cdn.shopify.com/s/files/1/0912/9351/6071/files/img_db9d4425_20231105_a1699161835763_7823_jpg_3aecb69f-ade0-43d0-8992-da005d229852.jpg?v=1759125363|https://cdn.shopify.com/s/files/1/0912/9351/6071/files/img_db9d4425_20231105_a1699161835863_1056_jpg_0dd8893f-c67b-4961-bdd3-eacb2b3ad074.jpg?v=1759125363,Hi I want CHAIN TOTE 39 SOFT BEIGE CALFSKIN SILVER HARDWARE,
Prada 2026 Messenger Bag 34cm Navy Blue Canvas,https://cdn.shopify.com/s/files/1/0912/9351/6071/files/Image_20260629105038_4033_7.jpg?v=1782720129,handbags,prada,https://cdn.shopify.com/s/files/1/0912/9351/6071/files/Image_20260629105038_4033_7.jpg?v=1782720129|https://cdn.shopify.com/s/files/1/0912/9351/6071/files/Image_20260629105047_4040_7.jpg?v=1782720129|https://cdn.shopify.com/s/files/1/0912/9351/6071/files/Image_20260629105039_4034_7.jpg?v=1782720129|https://cdn.shopify.com/s/files/1/0912/9351/6071/files/Image_20260629105041_4035_7.jpg?v=1782720129|https://cdn.shopify.com/s/files/1/0912/9351/6071/files/Image_20260629105045_4038_7.jpg?v=1782720129|https://cdn.shopify.com/s/files/1/0912/9351/6071/files/Image_20260629105046_4039_7.jpg?v=1782720129|https://cdn.shopify.com/s/files/1/0912/9351/6071/files/Image_20260629105042_4036_7.jpg?v=1782720129|https://cdn.shopify.com/s/files/1/0912/9351/6071/files/Image_20260629105043_4037_7.jpg?v=1782720129,Hi I want Prada 2026 Messenger Bag 34cm Navy Blue Canvas,New
Prada 2026 Messenger Bag 34cm Black Leather,https://cdn.shopify.com/s/files/1/0912/9351/6071/files/Image_20260629105118_4044_7.jpg?v=1782720131,handbags,prada,https://cdn.shopify.com/s/files/1/0912/9351/6071/files/Image_20260629105118_4044_7.jpg?v=1782720131|https://cdn.shopify.com/s/files/1/0912/9351/6071/files/Image_20260629105121_4046_7.jpg?v=1782720131|https://cdn.shopify.com/s/files/1/0912/9351/6071/files/Image_20260629105126_4050_7.jpg?v=1782720131|https://cdn.shopify.com/s/files/1/0912/9351/6071/files/Image_20260629105124_4049_7.jpg?v=1782720131|https://cdn.shopify.com/s/files/1/0912/9351/6071/files/Image_20260629105123_4048_7.jpg?v=1782720131|https://cdn.shopify.com/s/files/1/0912/9351/6071/files/Image_20260629105127_4051_7.jpg?v=1782720131|https://cdn.shopify.com/s/files/1/0912/9351/6071/files/Image_20260629105119_4045_7.jpg?v=1782720131|https://cdn.shopify.com/s/files/1/0912/9351/6071/files/Image_20260629105122_4047_7.jpg?v=1782720131|https://cdn.shopify.com/s/files/1/0912/9351/6071/files/Image_20260629105047_4040_7_4f1ca52d-1aa1-492d-a1f0-81567634a3ae.jpg?v=1782720131,Hi I want Prada 2026 Messenger Bag 34cm Black Leather,New
SPARKLING HOBO BAG 23 IN BEIGE NYLON ATTACHED FULLY CRYSTALS,https://cdn.shopify.com/s/files/1/0912/9351/6071/files/20210115_i1610695286_6832_1_jpg_e407f8fb-9543-43b3-bbe2-6532d6487088.jpg?v=1780914352,handbags,prada,https://cdn.shopify.com/s/files/1/0912/9351/6071/files/20210115_i1610695286_6832_1_jpg_e407f8fb-9543-43b3-bbe2-6532d6487088.jpg?v=1780914352|https://cdn.shopify.com/s/files/1/0912/9351/6071/files/20210115_i1610695286_1774_7_jpg_aa23aa19-d32f-4267-bb3b-0d3044fbfb5d.jpg?v=1780914352|https://cdn.shopify.com/s/files/1/0912/9351/6071/files/20210115_i1610695286_3230_3_jpg_d4abe7a6-af66-4b79-905b-d436b7773921.jpg?v=1780914352|https://cdn.shopify.com/s/files/1/0912/9351/6071/files/20210115_i1610695286_3678_6_jpg_198f4f69-4468-472f-b34d-f39e72ca4500.jpg?v=1780914352|https://cdn.shopify.com/s/files/1/0912/9351/6071/files/20210115_i1610695286_4350_5_jpg_1386d34c-3762-48be-902d-d80c6851783a.jpg?v=1780914352|https://cdn.shopify.com/s/files/1/0912/9351/6071/files/20210115_i1610695286_5483_4_jpg_624ebc0d-0b32-43b0-addb-28a18ee6fe35.jpg?v=1780914352|https://cdn.shopify.com/s/files/1/0912/9351/6071/files/20210115_i1610695286_7619_8_jpg_ca98d11e-a3fc-4ce8-bd1c-ec9b8c17fd31.jpg?v=1780914352|https://cdn.shopify.com/s/files/1/0912/9351/6071/files/20210115_i1610695286_5916_2_jpg_53ca0785-8286-46d7-a25d-d900e99b0859.jpg?v=1780914352|https://cdn.shopify.com/s/files/1/0912/9351/6071/files/20210115_i1610695286_6001_0_jpg_e3fbc75e-8d65-4a91-972e-43abd9103226.jpg?v=1780914352,Hi I want SPARKLING HOBO BAG 23 IN BEIGE NYLON ATTACHED FULLY CRYSTALS,
TRIANGLE BAG 26 IN BEIGE WOVEN RAFFIA GOLD CHAIN,https://cdn.shopify.com/s/files/1/0912/9351/6071/files/img_2568964b_20230927_i1695804411_4280_0_jpg_ee339228-c0b5-4a25-af76-bf65d7dbeb1c.jpg?v=1780914349,handbags,prada,https://cdn.shopify.com/s/files/1/0912/9351/6071/files/img_2568964b_20230927_i1695804411_4280_0_jpg_ee339228-c0b5-4a25-af76-bf65d7dbeb1c.jpg?v=1780914349|https://cdn.shopify.com/s/files/1/0912/9351/6071/files/img_2568964b_20230927_i1695804411_460_8_jpg_17e36697-2d79-41d1-89c8-ec7555517024.jpg?v=1780914349|https://cdn.shopify.com/s/files/1/0912/9351/6071/files/img_2568964b_20230927_i1695804411_705_2_jpg_824afa9a-1d36-428d-abf0-2007d7c6df4c.jpg?v=1780914349|https://cdn.shopify.com/s/files/1/0912/9351/6071/files/img_2568964b_20230927_i1695804411_747_4_jpg_6d4c1467-c908-4bdd-81a8-595f1c58c3c8.jpg?v=1780914349|https://cdn.shopify.com/s/files/1/0912/9351/6071/files/img_2568964b_20230927_i1695804411_4345_3_jpg_8ca9ff24-e1aa-4d31-b434-68146b3f1e3e.jpg?v=1780914349|https://cdn.shopify.com/s/files/1/0912/9351/6071/files/img_2568964b_20230927_i1695804411_4856_5_jpg_9e869fef-9c5d-4f9c-b8f4-4ca6c94f2e8d.jpg?v=1780914349|https://cdn.shopify.com/s/files/1/0912/9351/6071/files/img_2568964b_20230927_i1695804411_5340_1_jpg_9c57f3f8-ba39-4514-8eb0-cc12195bd28b.jpg?v=1780914349|https://cdn.shopify.com/s/files/1/0912/9351/6071/files/img_2568964b_20230927_i1695804411_5639_6_jpg_5f8623a5-6066-48f8-9fa9-9ed1b4d743e2.jpg?v=1780914349|https://cdn.shopify.com/s/files/1/0912/9351/6071/files/img_2568964b_20230927_i1695804411_9317_7_jpg_130f3ac6-76f5-4c2a-b7d3-82961f35df7b.jpg?v=1780914349,Hi I want TRIANGLE BAG 26 IN BEIGE WOVEN RAFFIA GOLD CHAIN,
LARGE TOTE BAG 37 IN WHITE MIX BEIGE RAFFIA AND BROWN CALFSKIN HANDLE,https://cdn.shopify.com/s/files/1/0912/9351/6071/files/img_2568964b_20231101_i1698829278_1564_0_jpg_6489f0f8-af68-48b3-bd64-76b5e3cb9511.jpg?v=1780914348,handbags,prada,https://cdn.shopify.com/s/files/1/0912/9351/6071/files/img_2568964b_20231101_i1698829278_1564_0_jpg_6489f0f8-af68-48b3-bd64-76b5e3cb9511.jpg?v=1780914348|https://cdn.shopify.com/s/files/1/0912/9351/6071/files/img_2568964b_20231101_i1698829278_178_5_jpg_aa8ebedb-aedd-486d-9c08-8709cb98c9cb.jpg?v=1780914348|https://cdn.shopify.com/s/files/1/0912/9351/6071/files/img_2568964b_20231101_i1698829278_694_8_jpg_acb36fbc-66af-4061-8a8d-506f5cc32488.jpg?v=1780914348|https://cdn.shopify.com/s/files/1/0912/9351/6071/files/img_2568964b_20231101_i1698829278_1344_4_jpg_573adf09-cb3e-4e33-b3b5-2ddedd19c3eb.jpg?v=1780914348|https://cdn.shopify.com/s/files/1/0912/9351/6071/files/img_2568964b_20231101_i1698829278_2996_6_jpg_08f33878-3220-4482-ad57-cb76f0280c29.jpg?v=1780914348|https://cdn.shopify.com/s/files/1/0912/9351/6071/files/img_2568964b_20231101_i1698829278_5524_7_jpg_3d0c9823-dec7-4afc-a83e-7a65f0873981.jpg?v=1780914348|https://cdn.shopify.com/s/files/1/0912/9351/6071/files/img_2568964b_20231101_i1698829278_1502_2_jpg_37b4615e-46e3-4c8d-8ab4-3b8795365763.jpg?v=1780914349|https://cdn.shopify.com/s/files/1/0912/9351/6071/files/img_2568964b_20231101_i1698829278_2233_3_jpg_e4e1f0a4-5484-47a8-a00b-953a3e59bab8.jpg?v=1780914348|https://cdn.shopify.com/s/files/1/0912/9351/6071/files/img_2568964b_20231101_i1698829278_7544_1_jpg_5683b128-9df7-4222-91fa-c3efe037e390.jpg?v=1780914348,Hi I want LARGE TOTE BAG 37 IN WHITE MIX BEIGE RAFFIA AND BROWN CALFSKIN HANDLE,
MESSENGER BAG 25 IN ORANGE MIX CREAM TRIANGLE PATTERN EMBROIDERED FABRIC,https://cdn.shopify.com/s/files/1/0912/9351/6071/files/20250121_i1737446204_4551_0_jpg.jpg?v=1780914348,handbags,prada,https://cdn.shopify.com/s/files/1/0912/9351/6071/files/20250121_i1737446204_4551_0_jpg.jpg?v=1780914348|https://cdn.shopify.com/s/files/1/0912/9351/6071/files/20250121_i1737446204_525_4_jpg.jpg?v=1780914348|https://cdn.shopify.com/s/files/1/0912/9351/6071/files/20250121_i1737446204_783_3_jpg.jpg?v=1780914348|https://cdn.shopify.com/s/files/1/0912/9351/6071/files/20250121_i1737446204_3499_2_jpg.jpg?v=1780914348|https://cdn.shopify.com/s/files/1/0912/9351/6071/files/20250121_i1737446204_4090_1_jpg.jpg?v=1780914348|https://cdn.shopify.com/s/files/1/0912/9351/6071/files/20250121_i1737446204_7704_6_jpg.jpg?v=1780914348|https://cdn.shopify.com/s/files/1/0912/9351/6071/files/20250121_i1737446204_8160_7_jpg.jpg?v=1780914348|https://cdn.shopify.com/s/files/1/0912/9351/6071/files/20250121_i1737446204_9973_5_jpg.jpg?v=1780914348|https://cdn.shopify.com/s/files/1/0912/9351/6071/files/20250121_i1737446213_2910_0_jpg.jpg?v=1780914348,Hi I want MESSENGER BAG 25 IN ORANGE MIX CREAM TRIANGLE PATTERN EMBROIDERED FABRIC,
PRA MINI 23 BAG IN BLACK SAFFIANO LEATHER,https://cdn.shopify.com/s/files/1/0912/9351/6071/files/20200529_i1590725246_6357_0_jpg_11867bff-94af-459e-ad41-1c317c5255fc.jpg?v=1780914344,handbags,prada,https://cdn.shopify.com/s/files/1/0912/9351/6071/files/20200529_i1590725246_6357_0_jpg_11867bff-94af-459e-ad41-1c317c5255fc.jpg?v=1780914344|https://cdn.shopify.com/s/files/1/0912/9351/6071/files/20200529_i1590725246_3583_2_jpg_2e099f62-d266-4403-8a20-ab5c567fc161.jpg?v=1780914344|https://cdn.shopify.com/s/files/1/0912/9351/6071/files/20200529_i1590725246_3555_4_jpg_a99d63eb-ce1d-43da-9b0e-390abceedee0.jpg?v=1780914344|https://cdn.shopify.com/s/files/1/0912/9351/6071/files/20200529_i1590725246_6200_7_jpg_913a00c4-17e9-424a-89dc-95233e44ec33.jpg?v=1780914344|https://cdn.shopify.com/s/files/1/0912/9351/6071/files/20200529_i1590725246_7047_6_jpg_29c3f6a1-22ec-4c62-af03-4accf9f9e27f.jpg?v=1780914344|https://cdn.shopify.com/s/files/1/0912/9351/6071/files/20200529_i1590725246_664_8_jpg_e5fc881c-fbf7-435b-9183-0d59cb9bdd3f.jpg?v=1780914344|https://cdn.shopify.com/s/files/1/0912/9351/6071/files/20200529_i1590725246_479_1_jpg_c481e0d1-1df6-4e87-a6df-df7835db63fd.jpg?v=1780914344|https://cdn.shopify.com/s/files/1/0912/9351/6071/files/20200529_i1590725246_1048_5_jpg_ae1c41aa-91b7-4c97-9b5b-b00792a3f45e.jpg?v=1780914344|https://cdn.shopify.com/s/files/1/0912/9351/6071/files/20200529_i1590725246_1364_3_jpg_333f6798-59c4-40f8-b733-e4711144776a.jpg?v=1780914344,Hi I want PRA MINI 23 BAG IN BLACK SAFFIANO LEATHER,
Prada 2026 Bonnie Bag 38cm Blue Brown Denim Leather 351797,https://cdn.shopify.com/s/files/1/0912/9351/6071/files/20260130_i1769757343_7821_0_jpg.jpg?v=1774348500,handbags,prada,https://cdn.shopify.com/s/files/1/0912/9351/6071/files/20260130_i1769757343_7821_0_jpg.jpg?v=1774348500|https://cdn.shopify.com/s/files/1/0912/9351/6071/files/20260130_i1769757343_490_5_jpg.jpg?v=1774348500|https://cdn.shopify.com/s/files/1/0912/9351/6071/files/20260130_i1769757343_3115_6_jpg.jpg?v=1774348500|https://cdn.shopify.com/s/files/1/0912/9351/6071/files/20260130_i1769757343_3990_7_jpg.jpg?v=1774348500|https://cdn.shopify.com/s/files/1/0912/9351/6071/files/20260130_i1769757343_4575_8_jpg.jpg?v=1774348500|https://cdn.shopify.com/s/files/1/0912/9351/6071/files/20260130_i1769757343_8387_4_jpg.jpg?v=1774348500|https://cdn.shopify.com/s/files/1/0912/9351/6071/files/20260130_i1769757343_6473_3_jpg.jpg?v=1774348500|https://cdn.shopify.com/s/files/1/0912/9351/6071/files/20260130_i1769757343_9122_1_jpg.jpg?v=1774348500|https://cdn.shopify.com/s/files/1/0912/9351/6071/files/20260130_i1769757343_9411_2_jpg.jpg?v=1774348500,Hi I want Prada 2026 Bonnie Bag 38cm Blue Brown Denim Leather 351797,New
Prada 2026 Bonnie Bag 32cm Blue Brown Denim Leather 351805,https://cdn.shopify.com/s/files/1/0912/9351/6071/files/20260130_i1769759503_8752_0_jpg.jpg?v=1774348497,handbags,prada,https://cdn.shopify.com/s/files/1/0912/9351/6071/files/20260130_i1769759503_8752_0_jpg.jpg?v=1774348497|https://cdn.shopify.com/s/files/1/0912/9351/6071/files/20260130_i1769759503_340_8_jpg.jpg?v=1774348497|https://cdn.shopify.com/s/files/1/0912/9351/6071/files/20260130_i1769759503_1032_6_jpg.jpg?v=1774348498|https://cdn.shopify.com/s/files/1/0912/9351/6071/files/20260130_i1769759503_1196_3_jpg.jpg?v=1774348497|https://cdn.shopify.com/s/files/1/0912/9351/6071/files/20260130_i1769759503_6774_4_jpg.jpg?v=1774348497|https://cdn.shopify.com/s/files/1/0912/9351/6071/files/20260130_i1769759503_7496_1_jpg.jpg?v=1774348497|https://cdn.shopify.com/s/files/1/0912/9351/6071/files/20260130_i1769759503_8167_7_jpg.jpg?v=1774348497|https://cdn.shopify.com/s/files/1/0912/9351/6071/files/20260130_i1769759503_9084_2_jpg.jpg?v=1774348497|https://cdn.shopify.com/s/files/1/0912/9351/6071/files/20260130_i1769759503_9140_5_jpg.jpg?v=1774348497,Hi I want Prada 2026 Bonnie Bag 32cm Blue Brown Denim Leather 351805,New
Prada 2026 Carry Bag 21cm Black White Brown Calfskin 351841,https://cdn.shopify.com/s/files/1/0912/9351/6071/files/20260321_i1774075100_3652_0_jpg_7a95eb79-7dcf-4fd3-b798-72ea014d0667.jpg?v=1775471639,handbags,prada,https://cdn.shopify.com/s/files/1/0912/9351/6071/files/20260321_i1774075100_3652_0_jpg_7a95eb79-7dcf-4fd3-b798-72ea014d0667.jpg?v=1775471639|https://cdn.shopify.com/s/files/1/0912/9351/6071/files/i1774074183_6027_0_609fa417-e28e-47c9-9c37-61bab2f48984.jpg?v=1775471639|https://cdn.shopify.com/s/files/1/0912/9351/6071/files/i1774074910_3689_0_5a80f4c3-6268-437b-b888-85f4358f9fb8.jpg?v=1775471639|https://cdn.shopify.com/s/files/1/0912/9351/6071/files/i1774074183_1186_4_45d0e389-edf0-42ef-bd50-a3e24d766be2.jpg?v=1775471639|https://cdn.shopify.com/s/files/1/0912/9351/6071/files/i1774074183_4066_5_499e22c0-4882-4921-a322-6c1e45dbf5c4.jpg?v=1775471639|https://cdn.shopify.com/s/files/1/0912/9351/6071/files/i1774074752_221_8_889032b4-d371-461c-9831-a5b1bce50717.jpg?v=1775471640|https://cdn.shopify.com/s/files/1/0912/9351/6071/files/i1774074752_9865_0_60b64440-a379-4c3a-bb71-629a0a5a06a2.jpg?v=1775471639|https://cdn.shopify.com/s/files/1/0912/9351/6071/files/i1774074910_7432_2_3ad93f8f-c521-4a81-8d71-775005c74874.jpg?v=1775471639|https://cdn.shopify.com/s/files/1/0912/9351/6071/files/i1774074910_1680_1_bb5453ab-3754-4ab0-9b4c-28bdc28f50d4.jpg?v=1775471639,Hi I want Prada 2026 Carry Bag 21cm Black White Brown Calfskin 351841,New
Prada 2026 Backpack 39cm Black Lambskin 351845,https://cdn.shopify.com/s/files/1/0912/9351/6071/files/20260320_i1773990988_8657_0_jpg.jpg?v=1774348490,handbags,prada,https://cdn.shopify.com/s/files/1/0912/9351/6071/files/20260320_i1773990988_8657_0_jpg.jpg?v=1774348490|https://cdn.shopify.com/s/files/1/0912/9351/6071/files/20260320_i1773990927_2167_4_jpg.jpg?v=1774348489|https://cdn.shopify.com/s/files/1/0912/9351/6071/files/20260320_i1773990927_2666_7_jpg.jpg?v=1774348490|https://cdn.shopify.com/s/files/1/0912/9351/6071/files/20260320_i1773990927_5459_5_jpg.jpg?v=1774348490|https://cdn.shopify.com/s/files/1/0912/9351/6071/files/20260320_i1773990927_8113_6_jpg.jpg?v=1774348490|https://cdn.shopify.com/s/files/1/0912/9351/6071/files/20260320_i1773990927_8761_8_jpg.jpg?v=1774348490|https://cdn.shopify.com/s/files/1/0912/9351/6071/files/20260320_i1773990927_9267_3_jpg.jpg?v=1774348490|https://cdn.shopify.com/s/files/1/0912/9351/6071/files/20260320_i1773990927_3113_1_jpg.jpg?v=1774348490|https://cdn.shopify.com/s/files/1/0912/9351/6071/files/20260320_i1773990927_6912_2_jpg.jpg?v=1774348490,Hi I want Prada 2026 Backpack 39cm Black Lambskin 351845,New
Prada 2026 Explore Bag 43cm Black and Brown Calfskin 351855,https://cdn.shopify.com/s/files/1/0912/9351/6071/files/i1771034995_2698_0.jpg?v=1774348487,handbags,prada,https://cdn.shopify.com/s/files/1/0912/9351/6071/files/i1771034995_2698_0.jpg?v=1774348487|https://cdn.shopify.com/s/files/1/0912/9351/6071/files/i1774161257_2607_4.jpg?v=1774348487|https://cdn.shopify.com/s/files/1/0912/9351/6071/files/i1774161257_416_5.jpg?v=1774348487|https://cdn.shopify.com/s/files/1/0912/9351/6071/files/i1774161257_6424_7.jpg?v=1774348487|https://cdn.shopify.com/s/files/1/0912/9351/6071/files/i1774161257_7713_1.jpg?v=1774348487|https://cdn.shopify.com/s/files/1/0912/9351/6071/files/i1774161257_8878_0.jpg?v=1774348487|https://cdn.shopify.com/s/files/1/0912/9351/6071/files/i1771034995_8240_3.jpg?v=1774348487|https://cdn.shopify.com/s/files/1/0912/9351/6071/files/i1771034995_8413_2.jpg?v=1774348487|https://cdn.shopify.com/s/files/1/0912/9351/6071/files/i1771034995_2461_1.jpg?v=1774348487,Hi I want Prada 2026 Explore Bag 43cm Black and Brown Calfskin 351855,New
Prada 2026 Black Beige and Grey Fabric With Saffiano Leather 351880,https://cdn.shopify.com/s/files/1/0912/9351/6071/files/i1587713380_2631_0.jpg?v=1774348484,handbags,prada,https://cdn.shopify.com/s/files/1/0912/9351/6071/files/i1587713380_2631_0.jpg?v=1774348484|https://cdn.shopify.com/s/files/1/0912/9351/6071/files/i1587108936_5547_3.jpg?v=1774348484|https://cdn.shopify.com/s/files/1/0912/9351/6071/files/i1587108936_833_5.jpg?v=1774348484|https://cdn.shopify.com/s/files/1/0912/9351/6071/files/i1587108936_672_1.jpg?v=1774348484|https://cdn.shopify.com/s/files/1/0912/9351/6071/files/i1587108936_4469_0.jpg?v=1774348484|https://cdn.shopify.com/s/files/1/0912/9351/6071/files/i1587713380_7203_3.jpg?v=1774348484|https://cdn.shopify.com/s/files/1/0912/9351/6071/files/i1587713380_7384_2.jpg?v=1774348484|https://cdn.shopify.com/s/files/1/0912/9351/6071/files/i1587713380_1458_1.jpg?v=1774348484,Hi I want Prada 2026 Black Beige and Grey Fabric With Saffiano Leather 351880,New
Prada 2026 Bonnie Bag 24cm Blue Brown Denim Leather,https://cdn.shopify.com/s/files/1/0912/9351/6071/files/img_adf25900_20260308_i1772958434056_1406_0_13_jpg_57f4b11f-1220-4c03-bcb9-9dc7d18e9c7b.jpg?v=1774348431,handbags,prada,https://cdn.shopify.com/s/files/1/0912/9351/6071/files/img_adf25900_20260308_i1772958434056_1406_0_13_jpg_57f4b11f-1220-4c03-bcb9-9dc7d18e9c7b.jpg?v=1774348431|https://cdn.shopify.com/s/files/1/0912/9351/6071/files/img_adf25900_20260308_i1772956265562_4012_0_10_jpg_68b04c29-2490-40e9-a338-9824055dde3e.jpg?v=1774348431|https://cdn.shopify.com/s/files/1/0912/9351/6071/files/img_adf25900_20260308_i1772956265613_7776_0_12_jpg_163e3760-3c87-4ac6-9ccf-cc7de32bd8ce.jpg?v=1774348431|https://cdn.shopify.com/s/files/1/0912/9351/6071/files/img_adf25900_20260308_i1772956266774_5364_0_13_jpg_6cb30630-6687-4b8d-b14d-973eca5968b3.jpg?v=1774348431|https://cdn.shopify.com/s/files/1/0912/9351/6071/files/img_adf25900_20260308_i1772956266837_133_0_14_jpg_591a782d-3556-4479-a9e6-9fdb7f91cf5c.jpg?v=1774348431|https://cdn.shopify.com/s/files/1/0912/9351/6071/files/img_adf25900_20260308_i1772956267201_7302_0_9_jpg_ca5d5175-6dac-46e2-b09b-fa74a93bd3e7.jpg?v=1774348431|https://cdn.shopify.com/s/files/1/0912/9351/6071/files/img_adf25900_20260308_i1772956267441_5185_0_11_jpg_ad13f1bf-b8f8-4f68-aa56-36d8641f4734.jpg?v=1774348431|https://cdn.shopify.com/s/files/1/0912/9351/6071/files/img_adf25900_20260308_i1772958434145_177_0_16_jpg_b53c8559-344d-4233-968d-44e43b9aad21.jpg?v=1774348432|https://cdn.shopify.com/s/files/1/0912/9351/6071/files/img_adf25900_20260308_i1772959004899_3505_0_1_jpg_1ff09ae4-c925-410e-8c86-e6a0c9a471c9.jpg?v=1774348431,Hi I want Prada 2026 Bonnie Bag 24cm Blue Brown Denim Leather,New
Prada 2026 Bonnie Bag 24cm Gray Leather,https://cdn.shopify.com/s/files/1/0912/9351/6071/files/img_79693ae8_20260320_i1773971569309_2655_0_0_jpg.jpg?v=1774248133,handbags,prada,https://cdn.shopify.com/s/files/1/0912/9351/6071/files/img_79693ae8_20260320_i1773971569309_2655_0_0_jpg.jpg?v=1774248133|https://cdn.shopify.com/s/files/1/0912/9351/6071/files/img_79693ae8_20260320_i1773971569339_8906_0_6_jpg.jpg?v=1774248133|https://cdn.shopify.com/s/files/1/0912/9351/6071/files/img_79693ae8_20260320_i1773971570474_2383_0_8_jpg.jpg?v=1774248134|https://cdn.shopify.com/s/files/1/0912/9351/6071/files/img_79693ae8_20260320_i1773971569292_8959_0_4_jpg.jpg?v=1774248133|https://cdn.shopify.com/s/files/1/0912/9351/6071/files/img_79693ae8_20260320_i1773971569370_3102_0_3_jpg.jpg?v=1774248133|https://cdn.shopify.com/s/files/1/0912/9351/6071/files/img_79693ae8_20260320_i1773971570507_1852_0_2_jpg.jpg?v=1774248133|https://cdn.shopify.com/s/files/1/0912/9351/6071/files/img_79693ae8_20260320_i1773971570534_9993_0_7_jpg.jpg?v=1774248133|https://cdn.shopify.com/s/files/1/0912/9351/6071/files/img_79693ae8_20260320_i1773971570559_9109_0_1_jpg.jpg?v=1774248133|https://cdn.shopify.com/s/files/1/0912/9351/6071/files/img_79693ae8_20260320_i1773971578550_2078_0_8_jpg.jpg?v=1774248133,Hi I want Prada 2026 Bonnie Bag 24cm Gray Leather,New
Prada 2026 Quilted Symbole Tote Bag Black Calfskin,https://cdn.shopify.com/s/files/1/0912/9351/6071/files/i1725776837_7095_0.jpg?v=1774248130,handbags,prada,https://cdn.shopify.com/s/files/1/0912/9351/6071/files/i1725776837_7095_0.jpg?v=1774248130|https://cdn.shopify.com/s/files/1/0912/9351/6071/files/20240908_i1725776579_552_4_jpg.jpg?v=1774248130|https://cdn.shopify.com/s/files/1/0912/9351/6071/files/20240908_i1725776579_2089_0_jpg.jpg?v=1774248130|https://cdn.shopify.com/s/files/1/0912/9351/6071/files/20240908_i1725776579_3591_5_jpg.jpg?v=1774248130|https://cdn.shopify.com/s/files/1/0912/9351/6071/files/20240908_i1725776579_3761_8_jpg.jpg?v=1774248130|https://cdn.shopify.com/s/files/1/0912/9351/6071/files/20240908_i1725776579_5775_3_jpg.jpg?v=1774248130|https://cdn.shopify.com/s/files/1/0912/9351/6071/files/20240908_i1725776579_7359_1_jpg.jpg?v=1774248130|https://cdn.shopify.com/s/files/1/0912/9351/6071/files/20240908_i1725776579_7887_7_jpg.jpg?v=1774248130|https://cdn.shopify.com/s/files/1/0912/9351/6071/files/20240908_i1725776579_8002_2_jpg.jpg?v=1774248130,Hi I want Prada 2026 Quilted Symbole Tote Bag Black Calfskin,New
Prada 2026 Etude Tote Bag 31cm Black Calfskin 345464,https://cdn.shopify.com/s/files/1/0912/9351/6071/files/20250413_i1744527902_8375_0_jpg.jpg?v=1774248127,handbags,prada,https://cdn.shopify.com/s/files/1/0912/9351/6071/files/20250413_i1744527902_8375_0_jpg.jpg?v=1774248127|https://cdn.shopify.com/s/files/1/0912/9351/6071/files/20250413_i1744527902_747_5_jpg.jpg?v=1774248127|https://cdn.shopify.com/s/files/1/0912/9351/6071/files/20250413_i1744527902_3091_6_jpg.jpg?v=1774248127|https://cdn.shopify.com/s/files/1/0912/9351/6071/files/20250413_i1744527902_4623_1_jpg.jpg?v=1774248127|https://cdn.shopify.com/s/files/1/0912/9351/6071/files/20250413_i1744527902_5645_7_jpg.jpg?v=1774248127|https://cdn.shopify.com/s/files/1/0912/9351/6071/files/20250413_i1744527902_6752_2_jpg.jpg?v=1774248127|https://cdn.shopify.com/s/files/1/0912/9351/6071/files/20250413_i1744527902_8219_3_jpg.jpg?v=1774248127|https://cdn.shopify.com/s/files/1/0912/9351/6071/files/20250413_i1744527902_9338_8_jpg.jpg?v=1774248127|https://cdn.shopify.com/s/files/1/0912/9351/6071/files/20250413_i1744527902_9959_4_jpg.jpg?v=1774248127,Hi I want Prada 2026 Etude Tote Bag 31cm Black Calfskin 345464,New
Prada Re-Edition 2005 Bag 22cm Saffiano Leather,https://cdn.shopify.com/s/files/1/0912/9351/6071/files/i1748215886439_9332_0_0.jpg?v=1774248126,handbags,prada,https://cdn.shopify.com/s/files/1/0912/9351/6071/files/i1748215886439_9332_0_0.jpg?v=1774248126|https://cdn.shopify.com/s/files/1/0912/9351/6071/files/i1748188938928_2745_0_5.jpg?v=1774248125|https://cdn.shopify.com/s/files/1/0912/9351/6071/files/i1748188940828_9246_0_0.jpg?v=1774248125|https://cdn.shopify.com/s/files/1/0912/9351/6071/files/i1748189899931_4929_0_3.jpg?v=1774248125|https://cdn.shopify.com/s/files/1/0912/9351/6071/files/i1748189898652_8512_0_0.jpg?v=1774248125|https://cdn.shopify.com/s/files/1/0912/9351/6071/files/i1748215886526_9494_0_2.jpg?v=1774248125|https://cdn.shopify.com/s/files/1/0912/9351/6071/files/i1748215928134_209_0_1.jpg?v=1774248125|https://cdn.shopify.com/s/files/1/0912/9351/6071/files/i1748215928212_9749_0_0.jpg?v=1774248126,Hi I want Prada Re-Edition 2005 Bag 22cm Saffiano Leather,New
Prada 2026 Shoulder Bag 31cm Black Leather 345568,https://cdn.shopify.com/s/files/1/0912/9351/6071/files/img_d707740b_20240825_i1724518071_8762_1_jpg.jpg?v=1774248123,handbags,prada,https://cdn.shopify.com/s/files/1/0912/9351/6071/files/img_d707740b_20240825_i1724518071_8762_1_jpg.jpg?v=1774248123|https://cdn.shopify.com/s/files/1/0912/9351/6071/files/img_d707740b_20240825_i1724518071_1048_7_jpg.jpg?v=1774248123|https://cdn.shopify.com/s/files/1/0912/9351/6071/files/img_d707740b_20240825_i1724518071_7324_8_jpg.jpg?v=1774248123|https://cdn.shopify.com/s/files/1/0912/9351/6071/files/img_d707740b_20240825_i1724518071_514_6_jpg.jpg?v=1774248123|https://cdn.shopify.com/s/files/1/0912/9351/6071/files/img_d707740b_20240825_i1724518071_1655_4_jpg.jpg?v=1774248123|https://cdn.shopify.com/s/files/1/0912/9351/6071/files/img_d707740b_20240825_i1724518071_2839_2_jpg.jpg?v=1774248123|https://cdn.shopify.com/s/files/1/0912/9351/6071/files/img_d707740b_20240825_i1724518071_3814_5_jpg.jpg?v=1774248123|https://cdn.shopify.com/s/files/1/0912/9351/6071/files/img_d707740b_20240825_i1724518071_9645_3_jpg.jpg?v=1774248123,Hi I want Prada 2026 Shoulder Bag 31cm Black Leather 345568,New
Prada 2026 Explore Shoulder Bag 30cm With Flap Sienna Re-Nylon,https://cdn.shopify.com/s/files/1/0912/9351/6071/files/imgHD_d707740b_20251229_cmp_i1766939823505_347_0_0_jpg.jpg?v=1774248117,handbags,prada,https://cdn.shopify.com/s/files/1/0912/9351/6071/files/imgHD_d707740b_20251229_cmp_i1766939823505_347_0_0_jpg.jpg?v=1774248117|https://cdn.shopify.com/s/files/1/0912/9351/6071/files/imgHD_d707740b_20251229_cmp_i1766939797555_5322_0_7_jpg.jpg?v=1774248117|https://cdn.shopify.com/s/files/1/0912/9351/6071/files/imgHD_d707740b_20251229_cmp_i1766939797555_4196_0_4_jpg.jpg?v=1774248117|https://cdn.shopify.com/s/files/1/0912/9351/6071/files/imgHD_d707740b_20251229_cmp_i1766939797555_6107_0_2_jpg.jpg?v=1774248117|https://cdn.shopify.com/s/files/1/0912/9351/6071/files/imgHD_d707740b_20251229_cmp_i1766939797776_8789_0_8_jpg.jpg?v=1774248117|https://cdn.shopify.com/s/files/1/0912/9351/6071/files/imgHD_d707740b_20251229_cmp_i1766939797776_9524_0_6_jpg.jpg?v=1774248117|https://cdn.shopify.com/s/files/1/0912/9351/6071/files/imgHD_d707740b_20251229_cmp_i1766939823496_739_0_3_jpg.jpg?v=1774248117|https://cdn.shopify.com/s/files/1/0912/9351/6071/files/imgHD_d707740b_20251229_cmp_i1766939823507_7829_0_1_jpg.jpg?v=1774248117|https://cdn.shopify.com/s/files/1/0912/9351/6071/files/imgHD_d707740b_20251229_cmp_i1766939823512_9179_0_5_jpg.jpg?v=1774248117,Hi I want Prada 2026 Explore Shoulder Bag 30cm With Flap Sienna Re-Nylon,New
Prada 2026 Shoulder Bag 25cm Black Brown Grained Leather,https://cdn.shopify.com/s/files/1/0912/9351/6071/files/cmp_i1750583581805_5991_0_0.jpg?v=1774248115,handbags,prada,https://cdn.shopify.com/s/files/1/0912/9351/6071/files/cmp_i1750583581805_5991_0_0.jpg?v=1774248115|https://cdn.shopify.com/s/files/1/0912/9351/6071/files/cmp_i1750583581804_6365_0_3.jpg?v=1774248115|https://cdn.shopify.com/s/files/1/0912/9351/6071/files/cmp_i1750583578630_2224_0_7.jpg?v=1774248115|https://cdn.shopify.com/s/files/1/0912/9351/6071/files/cmp_i1750583578632_1960_0_8.jpg?v=1774248115|https://cdn.shopify.com/s/files/1/0912/9351/6071/files/cmp_i1750583578637_282_0_5.jpg?v=1774248115|https://cdn.shopify.com/s/files/1/0912/9351/6071/files/cmp_i1750583665539_3991_0_8.jpg?v=1774248115|https://cdn.shopify.com/s/files/1/0912/9351/6071/files/cmp_i1750583626504_6897_0_2.jpg?v=1774248115|https://cdn.shopify.com/s/files/1/0912/9351/6071/files/cmp_i1750583625660_5015_0_1.jpg?v=1774248115|https://cdn.shopify.com/s/files/1/0912/9351/6071/files/cmp_i1750583626502_8698_0_0.jpg?v=1774248115,Hi I want Prada 2026 Shoulder Bag 25cm Black Brown Grained Leather,New
Prada 2026 Vitello Daino Messenger Bag Black Grained Calfskin,https://cdn.shopify.com/s/files/1/0912/9351/6071/files/imgHD_be0aa6f4_20250513_cmp_i1747148033865_770_0_0_jpg.jpg?v=1774248112,handbags,prada,https://cdn.shopify.com/s/files/1/0912/9351/6071/files/imgHD_be0aa6f4_20250513_cmp_i1747148033865_770_0_0_jpg.jpg?v=1774248112|https://cdn.shopify.com/s/files/1/0912/9351/6071/files/imgHD_be0aa6f4_20250513_cmp_i1747148031759_6609_0_3_jpg.jpg?v=1774248113|https://cdn.shopify.com/s/files/1/0912/9351/6071/files/imgHD_be0aa6f4_20250513_cmp_i1747148031760_4373_0_1_jpg.jpg?v=1774248112|https://cdn.shopify.com/s/files/1/0912/9351/6071/files/imgHD_be0aa6f4_20250513_cmp_i1747148031764_6830_0_5_jpg.jpg?v=1774248113|https://cdn.shopify.com/s/files/1/0912/9351/6071/files/imgHD_be0aa6f4_20250513_cmp_i1747148031766_9609_0_2_jpg.jpg?v=1774248113|https://cdn.shopify.com/s/files/1/0912/9351/6071/files/imgHD_be0aa6f4_20250513_cmp_i1747148031766_9979_0_8_jpg.jpg?v=1774248113|https://cdn.shopify.com/s/files/1/0912/9351/6071/files/imgHD_be0aa6f4_20250513_cmp_i1747148033858_1790_0_7_jpg.jpg?v=1774248112|https://cdn.shopify.com/s/files/1/0912/9351/6071/files/imgHD_be0aa6f4_20250513_cmp_i1747148033859_8432_0_6_jpg.jpg?v=1774248113|https://cdn.shopify.com/s/files/1/0912/9351/6071/files/imgHD_be0aa6f4_20250513_cmp_i1747148033865_6934_0_4_jpg.jpg?v=1774248112|https://cdn.shopify.com/s/files/1/0912/9351/6071/files/cmp_i1750749497614_5941_0_7_933e9ece-b499-40d7-b7d6-1a07d747e319.jpg?v=1774248113,Hi I want Prada 2026 Vitello Daino Messenger Bag Black Grained Calfskin,New
Prada 2026 Backpack Brown Black Saffiano Leather 345785,https://cdn.shopify.com/s/files/1/0912/9351/6071/files/cmp_i1750583360922_244_0_0.jpg?v=1774248109,handbags,prada,https://cdn.shopify.com/s/files/1/0912/9351/6071/files/cmp_i1750583360922_244_0_0.jpg?v=1774248109|https://cdn.shopify.com/s/files/1/0912/9351/6071/files/cmp_i1750583047004_1856_0_0.jpg?v=1774248109|https://cdn.shopify.com/s/files/1/0912/9351/6071/files/cmp_i1750583366251_380_0_7.jpg?v=1774248108|https://cdn.shopify.com/s/files/1/0912/9351/6071/files/cmp_i1750583360923_5069_0_5.jpg?v=1774248108|https://cdn.shopify.com/s/files/1/0912/9351/6071/files/cmp_i1750583366253_424_0_4.jpg?v=1774248109|https://cdn.shopify.com/s/files/1/0912/9351/6071/files/cmp_i1750583050474_1252_0_8.jpg?v=1774248108|https://cdn.shopify.com/s/files/1/0912/9351/6071/files/cmp_i1750583050472_381_0_3.jpg?v=1774248109|https://cdn.shopify.com/s/files/1/0912/9351/6071/files/cmp_i1750583047004_3344_0_2.jpg?v=1774248109|https://cdn.shopify.com/s/files/1/0912/9351/6071/files/cmp_i1750583047004_6428_0_1.jpg?v=1774248109,Hi I want Prada 2026 Backpack Brown Black Saffiano Leather 345785,New
Prada 2026 Tote Bag 38cm Grained Leather 282657,https://cdn.shopify.com/s/files/1/0912/9351/6071/files/i1766479324_4475_0.jpg?v=1774248106,handbags,prada,https://cdn.shopify.com/s/files/1/0912/9351/6071/files/i1766479324_4475_0.jpg?v=1774248106|https://cdn.shopify.com/s/files/1/0912/9351/6071/files/i1766478441_5790_0.jpg?v=1774248106|https://cdn.shopify.com/s/files/1/0912/9351/6071/files/i1766478612_8820_0.jpg?v=1774248106|https://cdn.shopify.com/s/files/1/0912/9351/6071/files/i1765959375_7690_0.jpg?v=1774248106|https://cdn.shopify.com/s/files/1/0912/9351/6071/files/i1765958917_2942_1.jpg?v=1774248106|https://cdn.shopify.com/s/files/1/0912/9351/6071/files/i1765958917_7307_0.jpg?v=1774248107|https://cdn.shopify.com/s/files/1/0912/9351/6071/files/i1766478441_8652_4.jpg?v=1774248107|https://cdn.shopify.com/s/files/1/0912/9351/6071/files/i1766478612_4239_1.jpg?v=1774248107,Hi I want Prada 2026 Tote Bag 38cm Grained Leather 282657,New
Prada 2026 Aimée Bag 36cm Grained Leather 282667,https://cdn.shopify.com/s/files/1/0912/9351/6071/files/i1765610919_9968_0.jpg?v=1774248104,handbags,prada,https://cdn.shopify.com/s/files/1/0912/9351/6071/files/i1765610919_9968_0.jpg?v=1774248104|https://cdn.shopify.com/s/files/1/0912/9351/6071/files/i1765091627_7810_0.jpg?v=1774248104|https://cdn.shopify.com/s/files/1/0912/9351/6071/files/i1765092314_9828_0.jpg?v=1774248105|https://cdn.shopify.com/s/files/1/0912/9351/6071/files/i1765610664_9716_0.jpg?v=1774248104|https://cdn.shopify.com/s/files/1/0912/9351/6071/files/i1765091627_9094_1.jpg?v=1774248105|https://cdn.shopify.com/s/files/1/0912/9351/6071/files/i1765092314_1905_6.jpg?v=1774248104|https://cdn.shopify.com/s/files/1/0912/9351/6071/files/i1765092314_7305_3.jpg?v=1774248104|https://cdn.shopify.com/s/files/1/0912/9351/6071/files/i1765610664_4847_2.jpg?v=1774248104|https://cdn.shopify.com/s/files/1/0912/9351/6071/files/i1765610664_3291_1.jpg?v=1774248104,Hi I want Prada 2026 Aimée Bag 36cm Grained Leather 282667,New
Prada 2026 Mobile Phone Chest Bag Blue Brown Recycled Nylon With Saffiano Leather,https://cdn.shopify.com/s/files/1/0912/9351/6071/files/20250427_i1745742325_9528_1_jpg.jpg?v=1774248098,handbags,prada,https://cdn.shopify.com/s/files/1/0912/9351/6071/files/20250427_i1745742325_9528_1_jpg.jpg?v=1774248098|https://cdn.shopify.com/s/files/1/0912/9351/6071/files/20250427_i1745742325_2821_6_jpg.jpg?v=1774248098|https://cdn.shopify.com/s/files/1/0912/9351/6071/files/20250427_i1745742325_4173_5_jpg.jpg?v=1774248098|https://cdn.shopify.com/s/files/1/0912/9351/6071/files/20250427_i1745742325_9060_7_jpg.jpg?v=1774248098|https://cdn.shopify.com/s/files/1/0912/9351/6071/files/20250427_i1745742325_9332_8_jpg.jpg?v=1774248098|https://cdn.shopify.com/s/files/1/0912/9351/6071/files/20250427_i1745742325_1523_2_jpg.jpg?v=1774248098|https://cdn.shopify.com/s/files/1/0912/9351/6071/files/20250427_i1745742325_2036_3_jpg.jpg?v=1774248099|https://cdn.shopify.com/s/files/1/0912/9351/6071/files/20250427_i1745742325_2044_4_jpg.jpg?v=1774248098|https://cdn.shopify.com/s/files/1/0912/9351/6071/files/20250427_i1745742325_2518_0_jpg.jpg?v=1774248098,Hi I want Prada 2026 Mobile Phone Chest Bag Blue Brown Recycled Nylon With Saffiano Leather,New
Prada 2026 Smartphone Case 18cm Denim Leather 282792,https://cdn.shopify.com/s/files/1/0912/9351/6071/files/20240818_i1723965881_1259_0_jpg.jpg?v=1774248096,handbags,prada,https://cdn.shopify.com/s/files/1/0912/9351/6071/files/20240818_i1723965881_1259_0_jpg.jpg?v=1774248096|https://cdn.shopify.com/s/files/1/0912/9351/6071/files/20240818_i1723965907_8927_0_jpg.jpg?v=1774248097|https://cdn.shopify.com/s/files/1/0912/9351/6071/files/20240818_i1723965881_1945_1_jpg.jpg?v=1774248097|https://cdn.shopify.com/s/files/1/0912/9351/6071/files/20240818_i1723965881_1993_2_jpg.jpg?v=1774248097|https://cdn.shopify.com/s/files/1/0912/9351/6071/files/20240818_i1723965881_2564_5_jpg.jpg?v=1774248097|https://cdn.shopify.com/s/files/1/0912/9351/6071/files/20240818_i1723965881_2738_3_jpg.jpg?v=1774248097|https://cdn.shopify.com/s/files/1/0912/9351/6071/files/20240818_i1723965881_4875_7_jpg.jpg?v=1774248097|https://cdn.shopify.com/s/files/1/0912/9351/6071/files/20240818_i1723965881_5276_4_jpg.jpg?v=1774248097|https://cdn.shopify.com/s/files/1/0912/9351/6071/files/20240818_i1723965881_7244_6_jpg.jpg?v=1774248096,Hi I want Prada 2026 Smartphone Case 18cm Denim Leather 282792,New
Prada 2026 Passage Bag 28cm Black Leather 282812,https://cdn.shopify.com/s/files/1/0912/9351/6071/files/20260212_i1770879394_9688_0_jpg_2b0f1db1-a1a4-4bdc-b9a4-34ef910e142e.jpg?v=1774248095,handbags,prada,https://cdn.shopify.com/s/files/1/0912/9351/6071/files/20260212_i1770879394_9688_0_jpg_2b0f1db1-a1a4-4bdc-b9a4-34ef910e142e.jpg?v=1774248095|https://cdn.shopify.com/s/files/1/0912/9351/6071/files/20260212_i1770879394_8924_7_jpg_95c24e17-d968-4504-9c88-be9043185110.jpg?v=1774248095|https://cdn.shopify.com/s/files/1/0912/9351/6071/files/20260212_i1770879404_4139_0_jpg.jpg?v=1774248095|https://cdn.shopify.com/s/files/1/0912/9351/6071/files/20260212_i1770879394_1843_2_jpg.jpg?v=1774248095|https://cdn.shopify.com/s/files/1/0912/9351/6071/files/20260212_i1770879394_2795_1_jpg.jpg?v=1774248095|https://cdn.shopify.com/s/files/1/0912/9351/6071/files/20260212_i1770879394_4159_5_jpg.jpg?v=1774248095|https://cdn.shopify.com/s/files/1/0912/9351/6071/files/20260212_i1770879394_7263_3_jpg.jpg?v=1774248095|https://cdn.shopify.com/s/files/1/0912/9351/6071/files/20260212_i1770879394_7504_4_jpg.jpg?v=1774248095|https://cdn.shopify.com/s/files/1/0912/9351/6071/files/20260212_i1770879394_9269_6_jpg.jpg?v=1774248095,Hi I want Prada 2026 Passage Bag 28cm Black Leather 282812,New
Prada 2026 Passage Bag 28cm Brown Leather 282814,https://cdn.shopify.com/s/files/1/0912/9351/6071/files/20260311_i1773212991_4777_0_jpg_ed5292f3-ee30-40ef-8b56-3d1057c6414f.jpg?v=1774248092,handbags,prada,https://cdn.shopify.com/s/files/1/0912/9351/6071/files/20260311_i1773212991_4777_0_jpg_ed5292f3-ee30-40ef-8b56-3d1057c6414f.jpg?v=1774248092|https://cdn.shopify.com/s/files/1/0912/9351/6071/files/20260311_i1773212991_990_5_jpg.jpg?v=1774248093|https://cdn.shopify.com/s/files/1/0912/9351/6071/files/20260311_i1773212991_1475_4_jpg_e458a611-0ea7-48be-b10b-181f94362a6f.jpg?v=1774248092|https://cdn.shopify.com/s/files/1/0912/9351/6071/files/20260311_i1773212991_1507_2_jpg_d4cf70b2-fe23-4c85-b1eb-141cddf9fac8.jpg?v=1774248092|https://cdn.shopify.com/s/files/1/0912/9351/6071/files/20260311_i1773212991_1638_6_jpg_4123aa17-61b6-4dd0-8ad5-79da36b5f34d.jpg?v=1774248092|https://cdn.shopify.com/s/files/1/0912/9351/6071/files/20260311_i1773212991_6892_8_jpg.jpg?v=1774248092|https://cdn.shopify.com/s/files/1/0912/9351/6071/files/20260311_i1773212991_7514_1_jpg.jpg?v=1774248092|https://cdn.shopify.com/s/files/1/0912/9351/6071/files/20260311_i1773212991_8798_3_jpg.jpg?v=1774248092|https://cdn.shopify.com/s/files/1/0912/9351/6071/files/20260311_i1773212991_9019_7_jpg_3937cc30-3ccf-4d40-9488-28e080192498.jpg?v=1774248092,Hi I want Prada 2026 Passage Bag 28cm Brown Leather 282814,New
TOTE BAG WITH BELT 32 IN RUSSET BROWN SUEDE GOLD HARDWARE,https://cdn.shopify.com/s/files/1/0912/9351/6071/files/Image_20251123114049_2965_20.jpg?v=1763886441,handbags,prada,https://cdn.shopify.com/s/files/1/0912/9351/6071/files/Image_20251123114049_2965_20.jpg?v=1763886441|https://cdn.shopify.com/s/files/1/0912/9351/6071/files/Image_20251123114050_2966_20.jpg?v=1763886441|https://cdn.shopify.com/s/files/1/0912/9351/6071/files/Image_20251123114052_2967_20.jpg?v=1763886441|https://cdn.shopify.com/s/files/1/0912/9351/6071/files/Image_20251123114054_2969_20.jpg?v=1763886441|https://cdn.shopify.com/s/files/1/0912/9351/6071/files/Image_20251123114056_2970_20.jpg?v=1763886441|https://cdn.shopify.com/s/files/1/0912/9351/6071/files/Image_20251123114057_2971_20.jpg?v=1763886441|https://cdn.shopify.com/s/files/1/0912/9351/6071/files/Image_20251123114059_2972_20.jpg?v=1763886441|https://cdn.shopify.com/s/files/1/0912/9351/6071/files/Image_20251123114101_2973_20.jpg?v=1763886441|https://cdn.shopify.com/s/files/1/0912/9351/6071/files/Image_20251123114102_2974_20.jpg?v=1763886441,Hi I want TOTE BAG WITH BELT 32 IN RUSSET BROWN SUEDE GOLD HARDWARE,New
PRA Tumulte bag 24 red leather 280840,https://cdn.shopify.com/s/files/1/0912/9351/6071/files/20250903_i1756885999_2502_0_jpg.jpg?v=1759118239,handbags,prada,https://cdn.shopify.com/s/files/1/0912/9351/6071/files/20250903_i1756885999_2502_0_jpg.jpg?v=1759118239|https://cdn.shopify.com/s/files/1/0912/9351/6071/files/20250903_i1756885999_1507_7_jpg.jpg?v=1759118239|https://cdn.shopify.com/s/files/1/0912/9351/6071/files/20250903_i1756885999_3614_4_jpg.jpg?v=1759118239|https://cdn.shopify.com/s/files/1/0912/9351/6071/files/20250903_i1756885999_3845_2_jpg.jpg?v=1759118239|https://cdn.shopify.com/s/files/1/0912/9351/6071/files/20250903_i1756885999_4908_5_jpg.jpg?v=1759118239|https://cdn.shopify.com/s/files/1/0912/9351/6071/files/20250903_i1756885999_6215_3_jpg.jpg?v=1759118239|https://cdn.shopify.com/s/files/1/0912/9351/6071/files/20250903_i1756885999_8827_6_jpg.jpg?v=1759118239|https://cdn.shopify.com/s/files/1/0912/9351/6071/files/20250903_i1756885999_8857_1_jpg.jpg?v=1759118239|https://cdn.shopify.com/s/files/1/0912/9351/6071/files/20250903_i1756886007_4746_0_jpg.jpg?v=1759118239,Hi I want PRA Tumulte bag 24 red leather 280840,New
PRA Tumulte bag 24 black leather 280838,https://cdn.shopify.com/s/files/1/0912/9351/6071/files/20250901_i1756712077_9233_0_jpg.jpg?v=1759118263,handbags,prada,https://cdn.shopify.com/s/files/1/0912/9351/6071/files/20250901_i1756712077_9233_0_jpg.jpg?v=1759118263|https://cdn.shopify.com/s/files/1/0912/9351/6071/files/20250901_i1756712077_455_5_jpg.jpg?v=1759118263|https://cdn.shopify.com/s/files/1/0912/9351/6071/files/20250901_i1756712077_2625_1_jpg.jpg?v=1759118263|https://cdn.shopify.com/s/files/1/0912/9351/6071/files/20250901_i1756712077_4977_3_jpg.jpg?v=1759118263|https://cdn.shopify.com/s/files/1/0912/9351/6071/files/20250901_i1756712077_6887_6_jpg.jpg?v=1759118264|https://cdn.shopify.com/s/files/1/0912/9351/6071/files/20250901_i1756712077_9014_4_jpg.jpg?v=1759118264|https://cdn.shopify.com/s/files/1/0912/9351/6071/files/20250901_i1756712077_9751_2_jpg.jpg?v=1759118264|https://cdn.shopify.com/s/files/1/0912/9351/6071/files/20250901_i1756712092_4275_0_jpg.jpg?v=1759118264|https://cdn.shopify.com/s/files/1/0912/9351/6071/files/20250901_i1756712937_8771_0_jpg.jpg?v=1759118264,Hi I want PRA Tumulte bag 24 black leather 280838,New
PRA Hobo Underarm Bag burgundy nylon fabric,https://cdn.shopify.com/s/files/1/0912/9351/6071/files/20250826_i1756196753_1476_0_jpg.jpg?v=1759118356,handbags,prada,https://cdn.shopify.com/s/files/1/0912/9351/6071/files/20250826_i1756196753_1476_0_jpg.jpg?v=1759118356|https://cdn.shopify.com/s/files/1/0912/9351/6071/files/20250826_i1756196753_429_3_jpg.jpg?v=1759118356|https://cdn.shopify.com/s/files/1/0912/9351/6071/files/20250826_i1756196753_2938_2_jpg.jpg?v=1759118356|https://cdn.shopify.com/s/files/1/0912/9351/6071/files/20250826_i1756196753_3107_4_jpg.jpg?v=1759118356|https://cdn.shopify.com/s/files/1/0912/9351/6071/files/20250826_i1756196753_5157_8_jpg.jpg?v=1759118356|https://cdn.shopify.com/s/files/1/0912/9351/6071/files/20250826_i1756196753_5761_1_jpg.jpg?v=1759118356|https://cdn.shopify.com/s/files/1/0912/9351/6071/files/20250826_i1756196753_6759_7_jpg.jpg?v=1759118356|https://cdn.shopify.com/s/files/1/0912/9351/6071/files/20250826_i1756196753_7246_6_jpg.jpg?v=1759118356|https://cdn.shopify.com/s/files/1/0912/9351/6071/files/20250826_i1756196753_9727_5_jpg.jpg?v=1759118356,Hi I want PRA Hobo Underarm Bag burgundy nylon fabric,New
PRA vintage shoulder bag burgundy nylon fabric 280823,https://cdn.shopify.com/s/files/1/0912/9351/6071/files/20250827_i1756275665_8285_0_jpg.jpg?v=1759118366,handbags,prada,https://cdn.shopify.com/s/files/1/0912/9351/6071/files/20250827_i1756275665_8285_0_jpg.jpg?v=1759118366|https://cdn.shopify.com/s/files/1/0912/9351/6071/files/20250827_i1756275665_1609_8_jpg.jpg?v=1759118366|https://cdn.shopify.com/s/files/1/0912/9351/6071/files/20250827_i1756275665_3602_7_jpg.jpg?v=1759118367|https://cdn.shopify.com/s/files/1/0912/9351/6071/files/20250827_i1756275665_5363_2_jpg.jpg?v=1759118367|https://cdn.shopify.com/s/files/1/0912/9351/6071/files/20250827_i1756275665_5995_5_jpg.jpg?v=1759118367|https://cdn.shopify.com/s/files/1/0912/9351/6071/files/20250827_i1756275665_6126_1_jpg.jpg?v=1759118367|https://cdn.shopify.com/s/files/1/0912/9351/6071/files/20250827_i1756275665_7313_3_jpg.jpg?v=1759118367|https://cdn.shopify.com/s/files/1/0912/9351/6071/files/20250827_i1756275665_9311_6_jpg.jpg?v=1759118367|https://cdn.shopify.com/s/files/1/0912/9351/6071/files/20250827_i1756275665_9740_4_jpg.jpg?v=1759118367,Hi I want PRA vintage shoulder bag burgundy nylon fabric 280823,New
PRA vintage long shoulder bag burgundy nylon fabric,https://cdn.shopify.com/s/files/1/0912/9351/6071/files/20250901_i1756711224_81_1_jpg.jpg?v=1759118377,handbags,prada,https://cdn.shopify.com/s/files/1/0912/9351/6071/files/20250901_i1756711224_81_1_jpg.jpg?v=1759118377|https://cdn.shopify.com/s/files/1/0912/9351/6071/files/20250901_i1756711224_123_5_jpg.jpg?v=1759118377|https://cdn.shopify.com/s/files/1/0912/9351/6071/files/20250901_i1756711224_3748_3_jpg.jpg?v=1759118377|https://cdn.shopify.com/s/files/1/0912/9351/6071/files/20250901_i1756711224_4945_2_jpg.jpg?v=1759118377|https://cdn.shopify.com/s/files/1/0912/9351/6071/files/20250901_i1756711224_5433_6_jpg.jpg?v=1759118377|https://cdn.shopify.com/s/files/1/0912/9351/6071/files/20250901_i1756711224_6250_0_jpg.jpg?v=1759118377|https://cdn.shopify.com/s/files/1/0912/9351/6071/files/20250901_i1756711224_6832_4_jpg.jpg?v=1759118377|https://cdn.shopify.com/s/files/1/0912/9351/6071/files/20250901_i1756711224_9408_7_jpg.jpg?v=1759118377|https://cdn.shopify.com/s/files/1/0912/9351/6071/files/20250901_i1756711234_1815_0_jpg.jpg?v=1759118377,Hi I want PRA vintage long shoulder bag burgundy nylon fabric,New
PRA Cross pattern envelope bag blue leather 341158,https://cdn.shopify.com/s/files/1/0912/9351/6071/files/img_2aeb7024_20250801_i1754030006_4326_6_jpg_037d6886-c4d0-4e58-898f-20f1fe160c10.jpg?v=1755505369,handbags,prada,https://cdn.shopify.com/s/files/1/0912/9351/6071/files/img_2aeb7024_20250801_i1754030006_4326_6_jpg_037d6886-c4d0-4e58-898f-20f1fe160c10.jpg?v=1755505369|https://cdn.shopify.com/s/files/1/0912/9351/6071/files/img_2aeb7024_20250801_i1754030005_3013_0_jpg_900ffcd4-7297-447e-9bee-0593d54a9900.jpg?v=1755505369|https://cdn.shopify.com/s/files/1/0912/9351/6071/files/img_2aeb7024_20250801_i1754030005_4626_4_jpg_8307d5b9-d5e8-4022-8667-b6990127cf5b.jpg?v=1755505369|https://cdn.shopify.com/s/files/1/0912/9351/6071/files/img_2aeb7024_20250801_i1754030005_5551_1_jpg_033cb788-5b8c-4d9e-9fca-9ee147b29714.jpg?v=1755505369|https://cdn.shopify.com/s/files/1/0912/9351/6071/files/img_2aeb7024_20250801_i1754030005_5781_5_jpg_6ba69618-f897-4f32-85bd-57a1a8e492b7.jpg?v=1755505369|https://cdn.shopify.com/s/files/1/0912/9351/6071/files/img_2aeb7024_20250801_i1754030005_7405_2_jpg_ca123f0e-91b1-414e-b01c-1dffcfdf15c1.jpg?v=1755505369|https://cdn.shopify.com/s/files/1/0912/9351/6071/files/img_2aeb7024_20250801_i1754030005_9145_3_jpg_0c572950-43e8-454d-903d-2a1435b6537c.jpg?v=1755505369|https://cdn.shopify.com/s/files/1/0912/9351/6071/files/img_2aeb7024_20250801_i1754030006_266_7_jpg_4db4345d-fe72-4974-b0db-1a830050c851.jpg?v=1755505369|https://cdn.shopify.com/s/files/1/0912/9351/6071/files/img_2aeb7024_20250801_i1754030006_7283_8_jpg_da5c8c6c-d742-4619-b607-17d61933e341.jpg?v=1755505369,Hi I want PRA Cross pattern envelope bag blue leather 341158,New
PRA Cross pattern envelope bag pink leather 341153,https://cdn.shopify.com/s/files/1/0912/9351/6071/files/img_2aeb7024_20250801_i1754029655_7235_0_jpg_14971539-203d-4d92-88e9-186ec9805313.jpg?v=1755505359,handbags,prada,https://cdn.shopify.com/s/files/1/0912/9351/6071/files/img_2aeb7024_20250801_i1754029655_7235_0_jpg_14971539-203d-4d92-88e9-186ec9805313.jpg?v=1755505359|https://cdn.shopify.com/s/files/1/0912/9351/6071/files/img_2aeb7024_20250801_i1754029655_369_8_jpg_51231078-5ac0-47b6-bbb5-907f26cb1495.jpg?v=1755505359|https://cdn.shopify.com/s/files/1/0912/9351/6071/files/img_2aeb7024_20250801_i1754029655_4063_1_jpg_7c76fc88-0e4b-4838-903d-25bd759a2bc5.jpg?v=1755505359|https://cdn.shopify.com/s/files/1/0912/9351/6071/files/img_2aeb7024_20250801_i1754029655_4922_7_jpg_e9ba630c-f734-4c53-81aa-6068aece250f.jpg?v=1755505359|https://cdn.shopify.com/s/files/1/0912/9351/6071/files/img_2aeb7024_20250801_i1754029655_6181_6_jpg_5829964b-3530-49fc-9521-8e10f4ba341f.jpg?v=1755505359|https://cdn.shopify.com/s/files/1/0912/9351/6071/files/img_2aeb7024_20250801_i1754029655_7013_5_jpg_308730d3-1252-4c69-b1f5-5c6c033cd0c7.jpg?v=1755505359|https://cdn.shopify.com/s/files/1/0912/9351/6071/files/img_2aeb7024_20250801_i1754029655_7458_3_jpg_71f3dd33-7628-4c97-baa8-28bd5405ebb1.jpg?v=1755505359|https://cdn.shopify.com/s/files/1/0912/9351/6071/files/img_2aeb7024_20250801_i1754029655_7939_4_jpg_57095bf8-add6-4e87-82c8-3c325a92d945.jpg?v=1755505359|https://cdn.shopify.com/s/files/1/0912/9351/6071/files/img_2aeb7024_20250801_i1754029655_7967_2_jpg_34ac4b96-2ff9-4d25-80da-606dc4987bc3.jpg?v=1755505359,Hi I want PRA Cross pattern envelope bag pink leather 341153,New
PRA bucket bag iron chain belt black leather 341179,https://cdn.shopify.com/s/files/1/0912/9351/6071/files/20250519_i1747643502_846_0_jpg.jpg?v=1754466508,handbags,prada,https://cdn.shopify.com/s/files/1/0912/9351/6071/files/20250519_i1747643502_846_0_jpg.jpg?v=1754466508|https://cdn.shopify.com/s/files/1/0912/9351/6071/files/20250519_i1747643502_3948_3_jpg.jpg?v=1754466508|https://cdn.shopify.com/s/files/1/0912/9351/6071/files/20250519_i1747643502_1280_6_jpg.jpg?v=1754466508|https://cdn.shopify.com/s/files/1/0912/9351/6071/files/20250519_i1747643502_3069_5_jpg.jpg?v=1754466508|https://cdn.shopify.com/s/files/1/0912/9351/6071/files/20250519_i1747643502_3409_4_jpg.jpg?v=1754466508|https://cdn.shopify.com/s/files/1/0912/9351/6071/files/20250519_i1747643502_3845_7_jpg.jpg?v=1754466508|https://cdn.shopify.com/s/files/1/0912/9351/6071/files/20250519_i1747643502_5674_2_jpg.jpg?v=1754466508|https://cdn.shopify.com/s/files/1/0912/9351/6071/files/20250519_i1747643543_2931_0_jpg.jpg?v=1754466508|https://cdn.shopify.com/s/files/1/0912/9351/6071/files/20250519_i1747643502_9606_1_jpg.jpg?v=1754466508,Hi I want PRA bucket bag iron chain belt black leather 341179,New
PRA Shoulder Bag Dark Brown Sheepskin 341138,https://cdn.shopify.com/s/files/1/0912/9351/6071/files/img_2aeb7024_20250801_i1754029342_2292_0_jpg.jpg?v=1754466497,handbags,prada,https://cdn.shopify.com/s/files/1/0912/9351/6071/files/img_2aeb7024_20250801_i1754029342_2292_0_jpg.jpg?v=1754466497|https://cdn.shopify.com/s/files/1/0912/9351/6071/files/img_2aeb7024_20250801_i1754029337_3223_0_jpg.jpg?v=1754466497|https://cdn.shopify.com/s/files/1/0912/9351/6071/files/img_2aeb7024_20250801_i1754029337_5737_8_jpg.jpg?v=1754466497|https://cdn.shopify.com/s/files/1/0912/9351/6071/files/img_2aeb7024_20250801_i1754029337_6919_4_jpg.jpg?v=1754466497|https://cdn.shopify.com/s/files/1/0912/9351/6071/files/img_2aeb7024_20250801_i1754029337_7402_2_jpg.jpg?v=1754466497|https://cdn.shopify.com/s/files/1/0912/9351/6071/files/img_2aeb7024_20250801_i1754029341_8882_0_jpg.jpg?v=1754466497|https://cdn.shopify.com/s/files/1/0912/9351/6071/files/img_2aeb7024_20250801_i1754029342_1932_0_jpg.jpg?v=1754466497|https://cdn.shopify.com/s/files/1/0912/9351/6071/files/img_2aeb7024_20250801_i1754029342_5104_0_jpg.jpg?v=1754466497|https://cdn.shopify.com/s/files/1/0912/9351/6071/files/img_2aeb7024_20250801_i1754029342_8908_0_jpg.jpg?v=1754466497,Hi I want PRA Shoulder Bag Dark Brown Sheepskin 341138,New
PRA Shoulder Bag Black Sheepskin 341130,https://cdn.shopify.com/s/files/1/0912/9351/6071/files/img_2aeb7024_20250801_i1754029439_6448_1_jpg.jpg?v=1754466487,handbags,prada,https://cdn.shopify.com/s/files/1/0912/9351/6071/files/img_2aeb7024_20250801_i1754029439_6448_1_jpg.jpg?v=1754466487|https://cdn.shopify.com/s/files/1/0912/9351/6071/files/img_2aeb7024_20250801_i1754029439_241_8_jpg.jpg?v=1754466487|https://cdn.shopify.com/s/files/1/0912/9351/6071/files/img_2aeb7024_20250801_i1754029439_1928_2_jpg.jpg?v=1754466487|https://cdn.shopify.com/s/files/1/0912/9351/6071/files/img_2aeb7024_20250801_i1754029439_2114_7_jpg.jpg?v=1754466487|https://cdn.shopify.com/s/files/1/0912/9351/6071/files/img_2aeb7024_20250801_i1754029439_2316_5_jpg.jpg?v=1754466487|https://cdn.shopify.com/s/files/1/0912/9351/6071/files/img_2aeb7024_20250801_i1754029439_5758_3_jpg.jpg?v=1754466487|https://cdn.shopify.com/s/files/1/0912/9351/6071/files/img_2aeb7024_20250801_i1754029439_5830_0_jpg.jpg?v=1754466487|https://cdn.shopify.com/s/files/1/0912/9351/6071/files/img_2aeb7024_20250801_i1754029439_7901_4_jpg.jpg?v=1754466487|https://cdn.shopify.com/s/files/1/0912/9351/6071/files/img_2aeb7024_20250801_i1754029439_9533_6_jpg.jpg?v=1754466487,Hi I want PRA Shoulder Bag Black Sheepskin 341130,New
PRA Shoulder Bag Brown Re-Nylon and Saffiano Leather,https://cdn.shopify.com/s/files/1/0912/9351/6071/files/img_2aeb7024_20250730_i1753852869_7544_5_jpg.jpg?v=1754466473,handbags,prada,https://cdn.shopify.com/s/files/1/0912/9351/6071/files/img_2aeb7024_20250730_i1753852869_7544_5_jpg.jpg?v=1754466473|https://cdn.shopify.com/s/files/1/0912/9351/6071/files/img_2aeb7024_20250730_i1753852869_397_6_jpg.jpg?v=1754466473|https://cdn.shopify.com/s/files/1/0912/9351/6071/files/img_2aeb7024_20250730_i1753852869_999_1_jpg.jpg?v=1754466473|https://cdn.shopify.com/s/files/1/0912/9351/6071/files/img_2aeb7024_20250730_i1753852869_1671_2_jpg.jpg?v=1754466473|https://cdn.shopify.com/s/files/1/0912/9351/6071/files/img_2aeb7024_20250730_i1753852869_3162_3_jpg.jpg?v=1754466473|https://cdn.shopify.com/s/files/1/0912/9351/6071/files/img_2aeb7024_20250730_i1753852869_4152_0_jpg.jpg?v=1754466473|https://cdn.shopify.com/s/files/1/0912/9351/6071/files/img_2aeb7024_20250730_i1753852869_5007_4_jpg.jpg?v=1754466473|https://cdn.shopify.com/s/files/1/0912/9351/6071/files/img_2aeb7024_20250730_i1753852881_944_1_jpg.jpg?v=1754466473,Hi I want PRA Shoulder Bag Brown Re-Nylon and Saffiano Leather,New
PRA mini catwalk model gray leather and top-grade hardware 339955,https://cdn.shopify.com/s/files/1/0912/9351/6071/files/img_2aeb7024_20250707_i1751863617_4972_8_jpg.jpg?v=1754466463,handbags,prada,https://cdn.shopify.com/s/files/1/0912/9351/6071/files/img_2aeb7024_20250707_i1751863617_4972_8_jpg.jpg?v=1754466463|https://cdn.shopify.com/s/files/1/0912/9351/6071/files/img_2aeb7024_20250707_i1751863617_3014_7_jpg.jpg?v=1754466463|https://cdn.shopify.com/s/files/1/0912/9351/6071/files/img_2aeb7024_20250707_i1751863616_4262_0_jpg.jpg?v=1754466463|https://cdn.shopify.com/s/files/1/0912/9351/6071/files/img_2aeb7024_20250707_i1751863616_8617_1_jpg.jpg?v=1754466463|https://cdn.shopify.com/s/files/1/0912/9351/6071/files/img_2aeb7024_20250707_i1751863616_8851_3_jpg.jpg?v=1754466463|https://cdn.shopify.com/s/files/1/0912/9351/6071/files/img_2aeb7024_20250707_i1751863616_9998_2_jpg.jpg?v=1754466463|https://cdn.shopify.com/s/files/1/0912/9351/6071/files/img_2aeb7024_20250707_i1751863617_1021_4_jpg.jpg?v=1754466463|https://cdn.shopify.com/s/files/1/0912/9351/6071/files/img_2aeb7024_20250707_i1751863617_2726_5_jpg.jpg?v=1754466463|https://cdn.shopify.com/s/files/1/0912/9351/6071/files/img_2aeb7024_20250707_i1751863617_4855_6_jpg.jpg?v=1754466463,Hi I want PRA mini catwalk model gray leather and top-grade hardware 339955,New
PRA New killer bag light beige calfskin 340514,https://cdn.shopify.com/s/files/1/0912/9351/6071/files/20250726_i1753514518_9846_0.jpg_1.jpg?v=1754466441,handbags,prada,https://cdn.shopify.com/s/files/1/0912/9351/6071/files/20250726_i1753514518_9846_0.jpg_1.jpg?v=1754466441|https://cdn.shopify.com/s/files/1/0912/9351/6071/files/20250726_i1753514518_47_1.jpg_1.jpg?v=1754466441|https://cdn.shopify.com/s/files/1/0912/9351/6071/files/20250726_i1753514518_2304_4.jpg_1.jpg?v=1754466441|https://cdn.shopify.com/s/files/1/0912/9351/6071/files/20250726_i1753514518_3894_2.jpg_1.jpg?v=1754466441|https://cdn.shopify.com/s/files/1/0912/9351/6071/files/20250726_i1753514518_4575_5.jpg_1.jpg?v=1754466441|https://cdn.shopify.com/s/files/1/0912/9351/6071/files/20250726_i1753514518_7687_6.jpg_1.jpg?v=1754466441|https://cdn.shopify.com/s/files/1/0912/9351/6071/files/20250726_i1753514518_8951_3.jpg_1.jpg?v=1754466441|https://cdn.shopify.com/s/files/1/0912/9351/6071/files/20250726_i1753514518_9800_7.jpg_1.jpg?v=1754466441|https://cdn.shopify.com/s/files/1/0912/9351/6071/files/20250726_i1753514518_47_1_jpg.jpg?v=1754466441|https://cdn.shopify.com/s/files/1/0912/9351/6071/files/20250726_i1753514518_2304_4_jpg.jpg?v=1754466441,Hi I want PRA New killer bag light beige calfskin 340514,New
PRA New killer bag brown calfskin 326426,https://cdn.shopify.com/s/files/1/0912/9351/6071/files/20250108_i1736320542_8890_0_jpg.jpg?v=1754466430,handbags,prada,https://cdn.shopify.com/s/files/1/0912/9351/6071/files/20250108_i1736320542_8890_0_jpg.jpg?v=1754466430|https://cdn.shopify.com/s/files/1/0912/9351/6071/files/20250108_i1736320542_3023_5_jpg.jpg?v=1754466430|https://cdn.shopify.com/s/files/1/0912/9351/6071/files/20250108_i1736320542_3519_3_jpg.jpg?v=1754466430|https://cdn.shopify.com/s/files/1/0912/9351/6071/files/20250108_i1736320542_3694_6_jpg.jpg?v=1754466430|https://cdn.shopify.com/s/files/1/0912/9351/6071/files/20250108_i1736320542_4419_1_jpg.jpg?v=1754466430|https://cdn.shopify.com/s/files/1/0912/9351/6071/files/20250108_i1736320542_6541_2_jpg.jpg?v=1754466430|https://cdn.shopify.com/s/files/1/0912/9351/6071/files/20250108_i1736320542_6742_4_jpg.jpg?v=1754466430|https://cdn.shopify.com/s/files/1/0912/9351/6071/files/20250108_i1736320542_7549_7_jpg.jpg?v=1754466430|https://cdn.shopify.com/s/files/1/0912/9351/6071/files/20250108_i1736320548_454_0_jpg.jpg?v=1754466430,Hi I want PRA New killer bag brown calfskin 326426,New
PRA New killer bag white calfskin 340497,https://cdn.shopify.com/s/files/1/0912/9351/6071/files/20250606_i1749197214_7450_0_jpg.jpg?v=1754466409,handbags,prada,https://cdn.shopify.com/s/files/1/0912/9351/6071/files/20250606_i1749197214_7450_0_jpg.jpg?v=1754466409|https://cdn.shopify.com/s/files/1/0912/9351/6071/files/20250606_i1749197214_1590_2_jpg.jpg?v=1754466409|https://cdn.shopify.com/s/files/1/0912/9351/6071/files/20250606_i1749197214_2976_5_jpg.jpg?v=1754466409|https://cdn.shopify.com/s/files/1/0912/9351/6071/files/20250606_i1749197214_3393_4_jpg.jpg?v=1754466409|https://cdn.shopify.com/s/files/1/0912/9351/6071/files/20250606_i1749197214_4139_6_jpg.jpg?v=1754466409|https://cdn.shopify.com/s/files/1/0912/9351/6071/files/20250606_i1749197214_6410_3_jpg.jpg?v=1754466409|https://cdn.shopify.com/s/files/1/0912/9351/6071/files/20250606_i1749197214_7985_1_jpg.jpg?v=1754466409|https://cdn.shopify.com/s/files/1/0912/9351/6071/files/20250606_i1749197214_9086_7_jpg.jpg?v=1754466409|https://cdn.shopify.com/s/files/1/0912/9351/6071/files/20250606_i1749197224_1405_0_jpg.jpg?v=1754466409,Hi I want PRA New killer bag white calfskin 340497,New
CHEST BAG 20 IN CLASSIC BLUE SAFFIANO LEATHER,https://cdn.shopify.com/s/files/1/0912/9351/6071/files/20241014_i1728886086_4264_0_jpg_986d5b08-6593-45c1-ba4c-f824bccfd74a.jpg?v=1759122112,handbags,prada,https://cdn.shopify.com/s/files/1/0912/9351/6071/files/20241014_i1728886086_4264_0_jpg_986d5b08-6593-45c1-ba4c-f824bccfd74a.jpg?v=1759122112|https://cdn.shopify.com/s/files/1/0912/9351/6071/files/20241014_i1728886086_48_3_jpg_2edf025d-b783-4a4e-bd5f-50e26cbcf085.jpg?v=1759122112|https://cdn.shopify.com/s/files/1/0912/9351/6071/files/20241014_i1728886086_2561_7_jpg_8ef76d8b-ea83-44ae-96d0-af9bb8d7d425.jpg?v=1759122112|https://cdn.shopify.com/s/files/1/0912/9351/6071/files/20241014_i1728886086_3338_8_jpg_a99004f5-9432-4823-bd7d-6fca0fea609c.jpg?v=1759122112|https://cdn.shopify.com/s/files/1/0912/9351/6071/files/20241014_i1728886086_4734_4_jpg_99c79240-91eb-414b-8a20-71bca13858ee.jpg?v=1759122113|https://cdn.shopify.com/s/files/1/0912/9351/6071/files/20241014_i1728886086_6278_1_jpg_822981cc-44b0-4f78-a256-8d7ddae47f38.jpg?v=1759122113|https://cdn.shopify.com/s/files/1/0912/9351/6071/files/20241014_i1728886086_7382_6_jpg_4dd83975-1920-4fec-8700-66b85cc3c3b5.jpg?v=1759122113|https://cdn.shopify.com/s/files/1/0912/9351/6071/files/20241014_i1728886086_8456_5_jpg_1a2ee56b-18fa-4cab-80b4-265d2e464b02.jpg?v=1759122113|https://cdn.shopify.com/s/files/1/0912/9351/6071/files/20241014_i1728886086_9738_2_jpg_692977da-0ec1-4dfb-97ec-af31adabe548.jpg?v=1759122113,Hi I want CHEST BAG 20 IN CLASSIC BLUE SAFFIANO LEATHER,
Prada Triangle-Logo Zipped Backpack Black Saffiano leather,https://cdn.shopify.com/s/files/1/0912/9351/6071/files/WeixinImage_2025-06-28_152447_017_03040e94-3b47-4b9d-96d5-31ede12e80ff.jpg?v=1759125233,handbags,prada,https://cdn.shopify.com/s/files/1/0912/9351/6071/files/WeixinImage_2025-06-28_152447_017_03040e94-3b47-4b9d-96d5-31ede12e80ff.jpg?v=1759125233|https://cdn.shopify.com/s/files/1/0912/9351/6071/files/WeixinImage_2025-06-28_152506_193_001f7051-d1b5-43a3-9ec5-6ec23fe2fa29.jpg?v=1759125233|https://cdn.shopify.com/s/files/1/0912/9351/6071/files/WeixinImage_2025-06-28_152503_753_52e0d5da-05d6-4c93-b2d3-fb6d1133c1d4.jpg?v=1759125233|https://cdn.shopify.com/s/files/1/0912/9351/6071/files/WeixinImage_2025-06-28_152501_776_d710ad44-4f08-4195-8629-6decbc1b52fb.jpg?v=1759125233|https://cdn.shopify.com/s/files/1/0912/9351/6071/files/WeixinImage_2025-06-28_152459_408_5e0b49a9-dde5-48a6-97be-d6629f77c02a.jpg?v=1759125233|https://cdn.shopify.com/s/files/1/0912/9351/6071/files/WeixinImage_2025-06-28_152457_448_91d81943-8508-49bd-af4c-83ad96aa2e1a.jpg?v=1759125233|https://cdn.shopify.com/s/files/1/0912/9351/6071/files/WeixinImage_2025-06-28_152453_577_dbb11930-3bfb-4877-a702-249b601d8e6f.jpg?v=1759125233|https://cdn.shopify.com/s/files/1/0912/9351/6071/files/WeixinImage_2025-06-28_152451_664_d6107db4-5911-4c85-8ff5-b7b2a6f05aa4.jpg?v=1759125233|https://cdn.shopify.com/s/files/1/0912/9351/6071/files/WeixinImage_2025-06-28_152449_689_7402db3b-636a-40e1-97f7-88e450579c16.jpg?v=1759125233,Hi I want Prada Triangle-Logo Zipped Backpack Black Saffiano leather,New
Prada Gold Chain Bag Black Re-Nylon,https://cdn.shopify.com/s/files/1/0912/9351/6071/files/Image_2025-07-05_105640_014_4ae41612-838d-48ed-9d47-cdfed72a3d13.jpg?v=1759125272,handbags,prada,https://cdn.shopify.com/s/files/1/0912/9351/6071/files/Image_2025-07-05_105640_014_4ae41612-838d-48ed-9d47-cdfed72a3d13.jpg?v=1759125272|https://cdn.shopify.com/s/files/1/0912/9351/6071/files/Image_2025-07-05_105654_895_a325cd31-42b3-4e2f-bfde-894c05209e91.jpg?v=1759125272|https://cdn.shopify.com/s/files/1/0912/9351/6071/files/Image_2025-07-05_105653_102_2fba7c22-9224-4d07-b94e-0b598951e5b7.jpg?v=1759125272|https://cdn.shopify.com/s/files/1/0912/9351/6071/files/Image_2025-07-05_105650_911_81bdd90c-1bdb-4756-9251-92debb0333a9.jpg?v=1759125272|https://cdn.shopify.com/s/files/1/0912/9351/6071/files/Image_2025-07-05_105649_182_7c577446-b143-4aef-b218-5741022316b4.jpg?v=1759125272|https://cdn.shopify.com/s/files/1/0912/9351/6071/files/Image_2025-07-05_105647_254_3fdf7b81-17c9-4f5b-8c2d-2643e7d99d21.jpg?v=1759125272|https://cdn.shopify.com/s/files/1/0912/9351/6071/files/Image_2025-07-05_105645_367_5b30c17d-e3be-4a79-918c-e6d7b875693f.jpg?v=1759125272|https://cdn.shopify.com/s/files/1/0912/9351/6071/files/Image_2025-07-05_105643_118_64bd3db7-19b3-460c-8669-3a9548186411.jpg?v=1759125272,Hi I want Prada Gold Chain Bag Black Re-Nylon,New
pra hobo bag 22cm re-edition 2005 black calfskin,https://cdn.shopify.com/s/files/1/0912/9351/6071/files/Image_20240721163629.jpg?v=1759120727,handbags,prada,https://cdn.shopify.com/s/files/1/0912/9351/6071/files/Image_20240721163629.jpg?v=1759120727|https://cdn.shopify.com/s/files/1/0912/9351/6071/files/Image_20240721164116.jpg?v=1759120727|https://cdn.shopify.com/s/files/1/0912/9351/6071/files/Image_20240721164117.jpg?v=1759120727|https://cdn.shopify.com/s/files/1/0912/9351/6071/files/Image_20240721164118.jpg?v=1759120727|https://cdn.shopify.com/s/files/1/0912/9351/6071/files/Image_20240721164119.jpg?v=1759120727|https://cdn.shopify.com/s/files/1/0912/9351/6071/files/Image_20240721164120.jpg?v=1759120727|https://cdn.shopify.com/s/files/1/0912/9351/6071/files/Image_20240721164121.jpg?v=1759120727|https://cdn.shopify.com/s/files/1/0912/9351/6071/files/Image_20240721164122.jpg?v=1759120727|https://cdn.shopify.com/s/files/1/0912/9351/6071/files/Image_20240721164123.jpg?v=1759120727,Hi I want pra hobo bag 22cm re-edition 2005 black calfskin,
PRA 24 BAG WITH STRAP IN TAN BROWN CALFSKIN,https://cdn.shopify.com/s/files/1/0912/9351/6071/files/20220326_i1648307455_8383_1_jpg.jpg?v=1759120821,handbags,prada,https://cdn.shopify.com/s/files/1/0912/9351/6071/files/20220326_i1648307455_8383_1_jpg.jpg?v=1759120821|https://cdn.shopify.com/s/files/1/0912/9351/6071/files/20220326_i1648307455_4965_3_jpg.jpg?v=1759120821|https://cdn.shopify.com/s/files/1/0912/9351/6071/files/20220326_i1648307455_703_0_jpg.jpg?v=1759120821|https://cdn.shopify.com/s/files/1/0912/9351/6071/files/20220326_i1648307455_7405_4_jpg.jpg?v=1759120821|https://cdn.shopify.com/s/files/1/0912/9351/6071/files/20220326_i1648307455_2721_7_jpg.jpg?v=1759120821|https://cdn.shopify.com/s/files/1/0912/9351/6071/files/20220326_i1648307455_4044_2_jpg.jpg?v=1759120821|https://cdn.shopify.com/s/files/1/0912/9351/6071/files/20220326_i1648307455_298_6_jpg.jpg?v=1759120821|https://cdn.shopify.com/s/files/1/0912/9351/6071/files/20220326_i1648307455_1667_5_jpg.jpg?v=1759120821,Hi I want PRA 24 BAG WITH STRAP IN TAN BROWN CALFSKIN,
PRA 24 BAG WITH STRAP IN BLACK CALFSKIN,https://cdn.shopify.com/s/files/1/0912/9351/6071/files/20220326_i1648307472_9868_0_jpg_296eda54-965f-4bd6-b268-54bd13b4f282.jpg?v=1759120831,handbags,prada,https://cdn.shopify.com/s/files/1/0912/9351/6071/files/20220326_i1648307472_9868_0_jpg_296eda54-965f-4bd6-b268-54bd13b4f282.jpg?v=1759120831|https://cdn.shopify.com/s/files/1/0912/9351/6071/files/20220326_i1648307472_2446_1_jpg_d030238c-68f8-416d-a339-cd0ac9e3369f.jpg?v=1759120831|https://cdn.shopify.com/s/files/1/0912/9351/6071/files/20220326_i1648307472_3037_3_jpg_d800bf45-db7f-49cc-96d0-af85b7820fae.jpg?v=1759120831|https://cdn.shopify.com/s/files/1/0912/9351/6071/files/20220326_i1648307472_6955_2_jpg_84e7092a-dfc9-4967-b7bc-c1ed330a53d2.jpg?v=1759120831|https://cdn.shopify.com/s/files/1/0912/9351/6071/files/20220326_i1648307472_8955_4_jpg_672062d8-7eda-4ed4-9c2e-23c59980a535.jpg?v=1759120831|https://cdn.shopify.com/s/files/1/0912/9351/6071/files/20220326_i1648307472_9297_7_jpg_6bb7d446-d23a-45c4-a2d1-c724f3463952.jpg?v=1759120831|https://cdn.shopify.com/s/files/1/0912/9351/6071/files/20220326_i1648307472_9440_6_jpg_e8d3ef52-ab8f-4500-844c-637494ec16a4.jpg?v=1759120831|https://cdn.shopify.com/s/files/1/0912/9351/6071/files/20220326_i1648307472_3560_5_jpg_476dde01-e611-4901-8e89-bef6199c035b.jpg?v=1759120831,Hi I want PRA 24 BAG WITH STRAP IN BLACK CALFSKIN,
PRA 10 CARD HOLDER IN SKY BLUE CALFSKIN,https://cdn.shopify.com/s/files/1/0912/9351/6071/files/img_80e46a01_20240727_i1722059996_279_5_jpg.jpg?v=1759120852,handbags,prada,https://cdn.shopify.com/s/files/1/0912/9351/6071/files/img_80e46a01_20240727_i1722059996_279_5_jpg.jpg?v=1759120852|https://cdn.shopify.com/s/files/1/0912/9351/6071/files/img_80e46a01_20240727_i1722059996_970_7_jpg.jpg?v=1759120852|https://cdn.shopify.com/s/files/1/0912/9351/6071/files/img_80e46a01_20240727_i1722059996_5166_6_jpg.jpg?v=1759120852|https://cdn.shopify.com/s/files/1/0912/9351/6071/files/img_80e46a01_20240727_i1722059996_2798_2_jpg.jpg?v=1759120852|https://cdn.shopify.com/s/files/1/0912/9351/6071/files/img_80e46a01_20240727_i1722059996_3389_0_jpg.jpg?v=1759120852|https://cdn.shopify.com/s/files/1/0912/9351/6071/files/img_80e46a01_20240727_i1722059996_6393_3_jpg.jpg?v=1759120852|https://cdn.shopify.com/s/files/1/0912/9351/6071/files/img_80e46a01_20240727_i1722059996_6849_1_jpg.jpg?v=1759120852|https://cdn.shopify.com/s/files/1/0912/9351/6071/files/img_80e46a01_20240727_i1722059996_6879_4_jpg.jpg?v=1759120852|https://cdn.shopify.com/s/files/1/0912/9351/6071/files/img_80e46a01_20240727_i1722059996_6682_8_jpg.jpg?v=1759120852,Hi I want PRA 10 CARD HOLDER IN SKY BLUE CALFSKIN,
PRA 10 CARD HOLDER IN COFFEE BROWN CALFSKIN,https://cdn.shopify.com/s/files/1/0912/9351/6071/files/img_80e46a01_20240727_i1722059958_9174_0_jpg.jpg?v=1759120862,handbags,prada,https://cdn.shopify.com/s/files/1/0912/9351/6071/files/img_80e46a01_20240727_i1722059958_9174_0_jpg.jpg?v=1759120862|https://cdn.shopify.com/s/files/1/0912/9351/6071/files/img_80e46a01_20240727_i1722059957_8292_0_jpg.jpg?v=1759120862|https://cdn.shopify.com/s/files/1/0912/9351/6071/files/img_80e46a01_20240727_i1722059957_3896_0_jpg.jpg?v=1759120862|https://cdn.shopify.com/s/files/1/0912/9351/6071/files/img_80e46a01_20240727_i1722059958_2257_0_jpg.jpg?v=1759120862|https://cdn.shopify.com/s/files/1/0912/9351/6071/files/img_80e46a01_20240727_i1722059958_2796_0_jpg.jpg?v=1759120862|https://cdn.shopify.com/s/files/1/0912/9351/6071/files/img_80e46a01_20240727_i1722059957_5077_0_jpg.jpg?v=1759120862|https://cdn.shopify.com/s/files/1/0912/9351/6071/files/img_80e46a01_20240727_i1722059957_1080_0_jpg.jpg?v=1759120862|https://cdn.shopify.com/s/files/1/0912/9351/6071/files/img_80e46a01_20240727_i1722059946_904_8_jpg.jpg?v=1759120862|https://cdn.shopify.com/s/files/1/0912/9351/6071/files/img_80e46a01_20240727_i1722059958_2340_0_jpg.jpg?v=1759120862,Hi I want PRA 10 CARD HOLDER IN COFFEE BROWN CALFSKIN,
PRA 10 CARD HOLDER IN SEAFOAM GREEN CALFSKIN,https://cdn.shopify.com/s/files/1/0912/9351/6071/files/img_80e46a01_20240727_i1722059859_3316_1_jpg.jpg?v=1759120871,handbags,prada,https://cdn.shopify.com/s/files/1/0912/9351/6071/files/img_80e46a01_20240727_i1722059859_3316_1_jpg.jpg?v=1759120871|https://cdn.shopify.com/s/files/1/0912/9351/6071/files/img_80e46a01_20240727_i1722059859_2160_0_jpg.jpg?v=1759120871|https://cdn.shopify.com/s/files/1/0912/9351/6071/files/img_80e46a01_20240727_i1722059859_1014_6_jpg.jpg?v=1759120871|https://cdn.shopify.com/s/files/1/0912/9351/6071/files/img_80e46a01_20240727_i1722059859_514_4_jpg.jpg?v=1759120871|https://cdn.shopify.com/s/files/1/0912/9351/6071/files/img_80e46a01_20240727_i1722059859_3063_2_jpg.jpg?v=1759120872|https://cdn.shopify.com/s/files/1/0912/9351/6071/files/img_80e46a01_20240727_i1722059859_8649_3_jpg.jpg?v=1759120872|https://cdn.shopify.com/s/files/1/0912/9351/6071/files/img_80e46a01_20240727_i1722059859_2907_8_jpg.jpg?v=1759120872|https://cdn.shopify.com/s/files/1/0912/9351/6071/files/img_80e46a01_20240727_i1722059859_6431_5_jpg.jpg?v=1759120872|https://cdn.shopify.com/s/files/1/0912/9351/6071/files/img_80e46a01_20240727_i1722059859_3972_7_jpg.jpg?v=1759120872,Hi I want PRA 10 CARD HOLDER IN SEAFOAM GREEN CALFSKIN,
PRA 10 CARD HOLDER IN WHITE CALFSKIN,https://cdn.shopify.com/s/files/1/0912/9351/6071/files/img_80e46a01_20240727_i1722059813_8002_0_jpg.jpg?v=1759120881,handbags,prada,https://cdn.shopify.com/s/files/1/0912/9351/6071/files/img_80e46a01_20240727_i1722059813_8002_0_jpg.jpg?v=1759120881|https://cdn.shopify.com/s/files/1/0912/9351/6071/files/img_80e46a01_20240727_i1722059813_4103_7_jpg.jpg?v=1759120881|https://cdn.shopify.com/s/files/1/0912/9351/6071/files/img_80e46a01_20240727_i1722059813_3189_1_jpg.jpg?v=1759120881|https://cdn.shopify.com/s/files/1/0912/9351/6071/files/img_80e46a01_20240727_i1722059813_2070_3_jpg.jpg?v=1759120881|https://cdn.shopify.com/s/files/1/0912/9351/6071/files/img_80e46a01_20240727_i1722059813_4816_4_jpg.jpg?v=1759120881|https://cdn.shopify.com/s/files/1/0912/9351/6071/files/img_80e46a01_20240727_i1722059813_8100_5_jpg.jpg?v=1759120881|https://cdn.shopify.com/s/files/1/0912/9351/6071/files/img_80e46a01_20240727_i1722059813_4262_6_jpg.jpg?v=1759120881|https://cdn.shopify.com/s/files/1/0912/9351/6071/files/img_80e46a01_20240727_i1722059813_8103_2_jpg.jpg?v=1759120881|https://cdn.shopify.com/s/files/1/0912/9351/6071/files/img_80e46a01_20240727_i1722059813_3753_8_jpg.jpg?v=1759120881,Hi I want PRA 10 CARD HOLDER IN WHITE CALFSKIN,
PRA 10 CARD HOLDER IN BLACK CALFSKIN,https://cdn.shopify.com/s/files/1/0912/9351/6071/files/img_80e46a01_20240727_i1722059625_8905_2_jpg.jpg?v=1759120900,handbags,prada,https://cdn.shopify.com/s/files/1/0912/9351/6071/files/img_80e46a01_20240727_i1722059625_8905_2_jpg.jpg?v=1759120900|https://cdn.shopify.com/s/files/1/0912/9351/6071/files/img_80e46a01_20240727_i1722059625_7413_0_jpg.jpg?v=1759120900|https://cdn.shopify.com/s/files/1/0912/9351/6071/files/img_80e46a01_20240727_i1722059625_4355_3_jpg.jpg?v=1759120900|https://cdn.shopify.com/s/files/1/0912/9351/6071/files/img_80e46a01_20240727_i1722059625_6072_1_jpg.jpg?v=1759120900|https://cdn.shopify.com/s/files/1/0912/9351/6071/files/img_80e46a01_20240727_i1722059625_5940_4_jpg.jpg?v=1759120900|https://cdn.shopify.com/s/files/1/0912/9351/6071/files/img_80e46a01_20240727_i1722059625_3235_6_jpg.jpg?v=1759120900|https://cdn.shopify.com/s/files/1/0912/9351/6071/files/img_80e46a01_20240727_i1722059625_3989_8_jpg.jpg?v=1759120900|https://cdn.shopify.com/s/files/1/0912/9351/6071/files/img_80e46a01_20240727_i1722059625_523_7_jpg.jpg?v=1759120900|https://cdn.shopify.com/s/files/1/0912/9351/6071/files/img_80e46a01_20240727_i1722059625_302_5_jpg.jpg?v=1759120900,Hi I want PRA 10 CARD HOLDER IN BLACK CALFSKIN,
PRA CINI 23 MEDIUM BAG IN FLAX YELLOW RE-NYLON WITH STRAP,https://cdn.shopify.com/s/files/1/0912/9351/6071/files/20230602_i1685690820_3327_0_jpg.jpg?v=1759120911,handbags,prada,https://cdn.shopify.com/s/files/1/0912/9351/6071/files/20230602_i1685690820_3327_0_jpg.jpg?v=1759120911|https://cdn.shopify.com/s/files/1/0912/9351/6071/files/20230602_i1685690820_5160_3_jpg.jpg?v=1759120911|https://cdn.shopify.com/s/files/1/0912/9351/6071/files/20230602_i1685690820_8608_1_jpg.jpg?v=1759120911|https://cdn.shopify.com/s/files/1/0912/9351/6071/files/20230602_i1685690820_4570_5_jpg.jpg?v=1759120911|https://cdn.shopify.com/s/files/1/0912/9351/6071/files/20230602_i1685690820_9976_6_jpg.jpg?v=1759120911|https://cdn.shopify.com/s/files/1/0912/9351/6071/files/20230602_i1685690820_5847_7_jpg.jpg?v=1759120911|https://cdn.shopify.com/s/files/1/0912/9351/6071/files/20230602_i1685690820_6408_2_jpg.jpg?v=1759120911|https://cdn.shopify.com/s/files/1/0912/9351/6071/files/20230602_i1685690820_9935_4_jpg.jpg?v=1759120911|https://cdn.shopify.com/s/files/1/0912/9351/6071/files/20230602_i1685690820_2348_8_jpg.jpg?v=1759120911,Hi I want PRA CINI 23 MEDIUM BAG IN FLAX YELLOW RE-NYLON WITH STRAP,
PRA GALLERIA 28 BAG IN WHITE SAFFIANO LEATHER,https://cdn.shopify.com/s/files/1/0912/9351/6071/files/img_8300df26_20231227_a1703676062256_1140_jpg.jpg?v=1759121001,handbags,prada,https://cdn.shopify.com/s/files/1/0912/9351/6071/files/img_8300df26_20231227_a1703676062256_1140_jpg.jpg?v=1759121001|https://cdn.shopify.com/s/files/1/0912/9351/6071/files/img_8300df26_20231227_a1703676062329_5835_jpg.jpg?v=1759121001|https://cdn.shopify.com/s/files/1/0912/9351/6071/files/img_8300df26_20231227_a1703676062216_5503_jpg.jpg?v=1759121001|https://cdn.shopify.com/s/files/1/0912/9351/6071/files/img_8300df26_20231227_a1703676062227_6445_jpg.jpg?v=1759121001|https://cdn.shopify.com/s/files/1/0912/9351/6071/files/img_8300df26_20231227_a1703676062285_1342_jpg.jpg?v=1759121001|https://cdn.shopify.com/s/files/1/0912/9351/6071/files/img_8300df26_20231227_a1703676063843_8051_jpg.jpg?v=1759121001|https://cdn.shopify.com/s/files/1/0912/9351/6071/files/img_8300df26_20231227_a1703676063842_8421_jpg.jpg?v=1759121001|https://cdn.shopify.com/s/files/1/0912/9351/6071/files/img_8300df26_20231227_a1703676062178_7124_jpg.jpg?v=1759121001|https://cdn.shopify.com/s/files/1/0912/9351/6071/files/img_8300df26_20231227_a1703676063833_4068_jpg.jpg?v=1759121001,Hi I want PRA GALLERIA 28 BAG IN WHITE SAFFIANO LEATHER,
PRA SMALL 27 SHOULDER BAG IN BLACK RE-NYLON,https://cdn.shopify.com/s/files/1/0912/9351/6071/files/20210719_i1626665729_3915_0_jpg.jpg?v=1759121044,handbags,prada,https://cdn.shopify.com/s/files/1/0912/9351/6071/files/20210719_i1626665729_3915_0_jpg.jpg?v=1759121044|https://cdn.shopify.com/s/files/1/0912/9351/6071/files/20210719_i1626665729_3843_1_jpg.jpg?v=1759121044|https://cdn.shopify.com/s/files/1/0912/9351/6071/files/20210719_i1626665729_3248_2_jpg.jpg?v=1759121044|https://cdn.shopify.com/s/files/1/0912/9351/6071/files/20210719_i1626665729_5740_6_jpg.jpg?v=1759121044|https://cdn.shopify.com/s/files/1/0912/9351/6071/files/20210719_i1626665729_2525_5_jpg.jpg?v=1759121044|https://cdn.shopify.com/s/files/1/0912/9351/6071/files/20210719_i1626665729_8527_4_jpg.jpg?v=1759121045|https://cdn.shopify.com/s/files/1/0912/9351/6071/files/20210719_i1626665729_2622_7_jpg.jpg?v=1759121045|https://cdn.shopify.com/s/files/1/0912/9351/6071/files/20210719_i1626665729_4608_8_jpg.jpg?v=1759121045|https://cdn.shopify.com/s/files/1/0912/9351/6071/files/20210719_i1626665729_5818_3_jpg.jpg?v=1759121045,Hi I want PRA SMALL 27 SHOULDER BAG IN BLACK RE-NYLON,
PRA SMALL 26 SHOULDERBAG IN BLACK SAFFIANO LEATHER,https://cdn.shopify.com/s/files/1/0912/9351/6071/files/img_b0657124_20230921_i1695229881_8019_0_jpg_8ec35ad1-4d3b-4d30-bbb8-f09a1153c041.jpg?v=1759121057,handbags,prada,https://cdn.shopify.com/s/files/1/0912/9351/6071/files/img_b0657124_20230921_i1695229881_8019_0_jpg_8ec35ad1-4d3b-4d30-bbb8-f09a1153c041.jpg?v=1759121057|https://cdn.shopify.com/s/files/1/0912/9351/6071/files/img_b0657124_20230921_i1695229881_931_4_jpg_b40db168-cfc6-4f67-984a-3a3e9eb80a39.jpg?v=1759121057|https://cdn.shopify.com/s/files/1/0912/9351/6071/files/img_b0657124_20230921_i1695229881_8477_1_jpg_527f7257-ce97-45cf-a7f7-0ba939c8d1df.jpg?v=1759121057|https://cdn.shopify.com/s/files/1/0912/9351/6071/files/img_b0657124_20230921_i1695229881_1721_6_jpg_c9e6baee-ab90-4ebf-9dde-f0ec83d5e613.jpg?v=1759121057|https://cdn.shopify.com/s/files/1/0912/9351/6071/files/img_b0657124_20230921_i1695229881_3987_8_jpg_c9074032-177d-4cbf-a368-effcc750ee97.jpg?v=1759121057|https://cdn.shopify.com/s/files/1/0912/9351/6071/files/img_b0657124_20230921_i1695229881_4383_2_jpg_b90424e6-b080-4ea9-b15a-f0fa5dd488d1.jpg?v=1759121057|https://cdn.shopify.com/s/files/1/0912/9351/6071/files/img_b0657124_20230921_i1695229881_1399_7_jpg_3b5ddfbe-f9a9-424e-956e-841eef69c7d3.jpg?v=1759121057|https://cdn.shopify.com/s/files/1/0912/9351/6071/files/img_b0657124_20230921_i1695229881_681_3_jpg_d1292778-8fa8-4825-9f84-f2a4f9a0f59b.jpg?v=1759121057|https://cdn.shopify.com/s/files/1/0912/9351/6071/files/img_b0657124_20230921_i1695229881_1425_5_jpg_ddc9a350-d3d4-4257-9494-3dfa57cdb3be.jpg?v=1759121057,Hi I want PRA SMALL 26 SHOULDERBAG IN BLACK SAFFIANO LEATHER,
PRA GALLERIA 32 BAG IN BLACK SAFFIANO LEATHER,https://cdn.shopify.com/s/files/1/0912/9351/6071/files/20191119_i1574093505_5468_0_jpg.jpg?v=1759121069,handbags,prada,https://cdn.shopify.com/s/files/1/0912/9351/6071/files/20191119_i1574093505_5468_0_jpg.jpg?v=1759121069|https://cdn.shopify.com/s/files/1/0912/9351/6071/files/20191119_i1574093505_5213_2_jpg.jpg?v=1759121069|https://cdn.shopify.com/s/files/1/0912/9351/6071/files/20191119_i1574093505_5494_1_jpg.jpg?v=1759121069|https://cdn.shopify.com/s/files/1/0912/9351/6071/files/20191119_i1574093505_4915_4_jpg.jpg?v=1759121069|https://cdn.shopify.com/s/files/1/0912/9351/6071/files/20191119_i1574093505_8581_5_jpg.jpg?v=1759121069|https://cdn.shopify.com/s/files/1/0912/9351/6071/files/20191119_i1574093505_6925_7_jpg.jpg?v=1759121069|https://cdn.shopify.com/s/files/1/0912/9351/6071/files/20191119_i1574093505_6078_3_jpg.jpg?v=1759121069|https://cdn.shopify.com/s/files/1/0912/9351/6071/files/20191119_i1574093505_8609_6_jpg.jpg?v=1759121069|https://cdn.shopify.com/s/files/1/0912/9351/6071/files/20191119_i1574094287_9565_0_jpg.jpg?v=1759121069,Hi I want PRA GALLERIA 32 BAG IN BLACK SAFFIANO LEATHER,
PRA GALLERIA 32 BAG IN CHERRY RED SAFFIANO LEATHER,https://cdn.shopify.com/s/files/1/0912/9351/6071/files/20191119_i1574093464_8828_0_jpg.jpg?v=1759121080,handbags,prada,https://cdn.shopify.com/s/files/1/0912/9351/6071/files/20191119_i1574093464_8828_0_jpg.jpg?v=1759121080|https://cdn.shopify.com/s/files/1/0912/9351/6071/files/20191119_i1574093464_9654_1_jpg.jpg?v=1759121080|https://cdn.shopify.com/s/files/1/0912/9351/6071/files/20191119_i1574093464_2537_2_jpg.jpg?v=1759121080|https://cdn.shopify.com/s/files/1/0912/9351/6071/files/20191119_i1574093464_7054_4_jpg.jpg?v=1759121080|https://cdn.shopify.com/s/files/1/0912/9351/6071/files/20191119_i1574093464_1141_6_jpg.jpg?v=1759121080|https://cdn.shopify.com/s/files/1/0912/9351/6071/files/20191119_i1574093464_3120_5_jpg.jpg?v=1759121080|https://cdn.shopify.com/s/files/1/0912/9351/6071/files/20191119_i1574093464_4524_7_jpg.jpg?v=1759121080|https://cdn.shopify.com/s/files/1/0912/9351/6071/files/20191119_i1574093464_7212_3_jpg.jpg?v=1759121080|https://cdn.shopify.com/s/files/1/0912/9351/6071/files/20191119_i1574093464_7368_8_jpg.jpg?v=1759121080,Hi I want PRA GALLERIA 32 BAG IN CHERRY RED SAFFIANO LEATHER,
PRA GALLERIA 32 BAG IN BRONZE ORANGE SAFFIANO LEATHER,https://cdn.shopify.com/s/files/1/0912/9351/6071/files/20191119_i1574093406_3751_0_jpg_7f13e87a-b4bd-4aaf-8899-5728f98c51a9.jpg?v=1759121102,handbags,prada,https://cdn.shopify.com/s/files/1/0912/9351/6071/files/20191119_i1574093406_3751_0_jpg_7f13e87a-b4bd-4aaf-8899-5728f98c51a9.jpg?v=1759121102|https://cdn.shopify.com/s/files/1/0912/9351/6071/files/20191119_i1574093406_2018_2_jpg_332a8284-2f9d-4785-987a-db0cdb8879eb.jpg?v=1759121102|https://cdn.shopify.com/s/files/1/0912/9351/6071/files/20191119_i1574093406_105_1_jpg_d6a27ddb-49b3-4c62-ab95-19f008d7280f.jpg?v=1759121102|https://cdn.shopify.com/s/files/1/0912/9351/6071/files/20191119_i1574093406_4901_4_jpg_24360fff-7c24-4104-a465-c4de38941db4.jpg?v=1759121102|https://cdn.shopify.com/s/files/1/0912/9351/6071/files/20191119_i1574093406_72_3_jpg_7b19bb97-50f6-44e4-a002-a525091ccf51.jpg?v=1759121102|https://cdn.shopify.com/s/files/1/0912/9351/6071/files/20191119_i1574093406_2990_5_jpg_a9823446-7d0f-4d44-9148-cee417ba43f6.jpg?v=1759121102|https://cdn.shopify.com/s/files/1/0912/9351/6071/files/20191119_i1574093406_3524_7_jpg_99de298d-98e5-4690-9eaf-f52aef3e108c.jpg?v=1759121102|https://cdn.shopify.com/s/files/1/0912/9351/6071/files/20191119_i1574093406_4773_6_jpg_c7bd4538-cd85-4a91-b791-8956d99a48dc.jpg?v=1759121102|https://cdn.shopify.com/s/files/1/0912/9351/6071/files/20191119_i1574093406_6146_8_jpg_7bf70fa5-d7b0-4bd0-be1f-34d2e906155d.jpg?v=1759121102,Hi I want PRA GALLERIA 32 BAG IN BRONZE ORANGE SAFFIANO LEATHER,
PRA GALLERIA 32 BAG IN NAVY BLUE SAFFIANO LEATHER,https://cdn.shopify.com/s/files/1/0912/9351/6071/files/20191119_i1574093351_3556_0_jpg.jpg?v=1759121115,handbags,prada,https://cdn.shopify.com/s/files/1/0912/9351/6071/files/20191119_i1574093351_3556_0_jpg.jpg?v=1759121115|https://cdn.shopify.com/s/files/1/0912/9351/6071/files/20191119_i1574093351_1687_1_jpg.jpg?v=1759121115|https://cdn.shopify.com/s/files/1/0912/9351/6071/files/20191119_i1574093351_8320_2_jpg.jpg?v=1759121115|https://cdn.shopify.com/s/files/1/0912/9351/6071/files/20191119_i1574093351_4513_4_jpg.jpg?v=1759121115|https://cdn.shopify.com/s/files/1/0912/9351/6071/files/20191119_i1574093351_7408_5_jpg.jpg?v=1759121115|https://cdn.shopify.com/s/files/1/0912/9351/6071/files/20191119_i1574093351_2446_6_jpg.jpg?v=1759121115|https://cdn.shopify.com/s/files/1/0912/9351/6071/files/20191119_i1574093351_350_3_jpg.jpg?v=1759121115|https://cdn.shopify.com/s/files/1/0912/9351/6071/files/20191119_i1574093351_4570_8_jpg.jpg?v=1759121115|https://cdn.shopify.com/s/files/1/0912/9351/6071/files/20191119_i1574093351_9613_7_jpg.jpg?v=1759121115,Hi I want PRA GALLERIA 32 BAG IN NAVY BLUE SAFFIANO LEATHER,
PRA MINI 23 BAG IN SUNNY YELLOW SAFFIANO LEATHER,https://cdn.shopify.com/s/files/1/0912/9351/6071/files/20200529_i1590725393_1368_0_jpg.jpg?v=1759121150,handbags,prada,https://cdn.shopify.com/s/files/1/0912/9351/6071/files/20200529_i1590725393_1368_0_jpg.jpg?v=1759121150|https://cdn.shopify.com/s/files/1/0912/9351/6071/files/20200529_i1590725393_7776_2_jpg.jpg?v=1759121150|https://cdn.shopify.com/s/files/1/0912/9351/6071/files/20200529_i1590725393_5984_4_jpg.jpg?v=1759121150|https://cdn.shopify.com/s/files/1/0912/9351/6071/files/20200529_i1590725393_8487_7_jpg.jpg?v=1759121150|https://cdn.shopify.com/s/files/1/0912/9351/6071/files/20200529_i1590725393_3505_6_jpg.jpg?v=1759121150|https://cdn.shopify.com/s/files/1/0912/9351/6071/files/20200529_i1590725393_4977_8_jpg.jpg?v=1759121150|https://cdn.shopify.com/s/files/1/0912/9351/6071/files/20200529_i1590725393_5930_5_jpg.jpg?v=1759121150|https://cdn.shopify.com/s/files/1/0912/9351/6071/files/20200529_i1590725393_2885_3_jpg.jpg?v=1759121151,Hi I want PRA MINI 23 BAG IN SUNNY YELLOW SAFFIANO LEATHER,
PRA HOBO 22 BAG IN BLACK RE-NYLON WITH RED LOGO,https://cdn.shopify.com/s/files/1/0912/9351/6071/files/20200410_i1586450532_2679_4_jpg.jpg?v=1759121210,handbags,prada,https://cdn.shopify.com/s/files/1/0912/9351/6071/files/20200410_i1586450532_2679_4_jpg.jpg?v=1759121210|https://cdn.shopify.com/s/files/1/0912/9351/6071/files/20200410_i1586450532_1624_1_jpg.jpg?v=1759121210|https://cdn.shopify.com/s/files/1/0912/9351/6071/files/20200410_i1586450532_2365_0_jpg.jpg?v=1759121210|https://cdn.shopify.com/s/files/1/0912/9351/6071/files/20200410_i1586450532_9374_5_jpg.jpg?v=1759121210|https://cdn.shopify.com/s/files/1/0912/9351/6071/files/20200410_i1586450532_8960_3_jpg.jpg?v=1759121210|https://cdn.shopify.com/s/files/1/0912/9351/6071/files/20200410_i1586450532_9709_2_jpg.jpg?v=1759121210|https://cdn.shopify.com/s/files/1/0912/9351/6071/files/20200410_i1586450532_6402_6_jpg.jpg?v=1759121210|https://cdn.shopify.com/s/files/1/0912/9351/6071/files/20200410_i1586450532_6533_7_jpg.jpg?v=1759121210|https://cdn.shopify.com/s/files/1/0912/9351/6071/files/20200410_i1586450532_6656_8_jpg.jpg?v=1759121210,Hi I want PRA HOBO 22 BAG IN BLACK RE-NYLON WITH RED LOGO,
PRA HOBO 22 BAG IN CERULEAN BLUE RE-NYLON,https://cdn.shopify.com/s/files/1/0912/9351/6071/files/20200421_i1587484662_8651_0_jpg.jpg?v=1759121221,handbags,prada,https://cdn.shopify.com/s/files/1/0912/9351/6071/files/20200421_i1587484662_8651_0_jpg.jpg?v=1759121221|https://cdn.shopify.com/s/files/1/0912/9351/6071/files/20200421_i1587484662_7475_1_jpg.jpg?v=1759121221|https://cdn.shopify.com/s/files/1/0912/9351/6071/files/20200421_i1587484662_3530_2_jpg.jpg?v=1759121221|https://cdn.shopify.com/s/files/1/0912/9351/6071/files/20200421_i1587484662_2392_4_jpg.jpg?v=1759121221|https://cdn.shopify.com/s/files/1/0912/9351/6071/files/20200421_i1587484662_492_6_jpg.jpg?v=1759121221|https://cdn.shopify.com/s/files/1/0912/9351/6071/files/20200421_i1587484662_2861_8_jpg.jpg?v=1759121221|https://cdn.shopify.com/s/files/1/0912/9351/6071/files/20200421_i1587484662_3348_7_jpg.jpg?v=1759121221|https://cdn.shopify.com/s/files/1/0912/9351/6071/files/20200421_i1587484662_3820_3_jpg.jpg?v=1759121221|https://cdn.shopify.com/s/files/1/0912/9351/6071/files/20200421_i1587484662_9986_5_jpg.jpg?v=1759121221,Hi I want PRA HOBO 22 BAG IN CERULEAN BLUE RE-NYLON,
PRA HOBO 22 BAG IN AMBER YELLOW RE-NYLON,https://cdn.shopify.com/s/files/1/0912/9351/6071/files/20200408_i1586361493_4819_3_jpg.jpg?v=1759121242,handbags,prada,https://cdn.shopify.com/s/files/1/0912/9351/6071/files/20200408_i1586361493_4819_3_jpg.jpg?v=1759121242|https://cdn.shopify.com/s/files/1/0912/9351/6071/files/20200408_i1586361493_6515_1_jpg.jpg?v=1759121242|https://cdn.shopify.com/s/files/1/0912/9351/6071/files/20200408_i1586361493_8982_0_jpg.jpg?v=1759121242|https://cdn.shopify.com/s/files/1/0912/9351/6071/files/20200408_i1586361493_6752_2_jpg.jpg?v=1759121242|https://cdn.shopify.com/s/files/1/0912/9351/6071/files/20200408_i1586361493_236_4_jpg.jpg?v=1759121242|https://cdn.shopify.com/s/files/1/0912/9351/6071/files/20200408_i1586361493_8166_5_jpg.jpg?v=1759121242|https://cdn.shopify.com/s/files/1/0912/9351/6071/files/20200408_i1586361493_1978_7_jpg.jpg?v=1759121242|https://cdn.shopify.com/s/files/1/0912/9351/6071/files/20200408_i1586361493_9814_6_jpg.jpg?v=1759121242|https://cdn.shopify.com/s/files/1/0912/9351/6071/files/20200408_i1586361493_3686_8_jpg.jpg?v=1759121243,Hi I want PRA HOBO 22 BAG IN AMBER YELLOW RE-NYLON,
PRA HOBO 22 BAG IN DARK PINK RE-NYLON,https://cdn.shopify.com/s/files/1/0912/9351/6071/files/20200408_i1586361449_5236_2_jpg.jpg?v=1759121264,handbags,prada,https://cdn.shopify.com/s/files/1/0912/9351/6071/files/20200408_i1586361449_5236_2_jpg.jpg?v=1759121264|https://cdn.shopify.com/s/files/1/0912/9351/6071/files/20200408_i1586361449_4520_0_jpg.jpg?v=1759121264|https://cdn.shopify.com/s/files/1/0912/9351/6071/files/20200408_i1586361449_9079_4_jpg.jpg?v=1759121264|https://cdn.shopify.com/s/files/1/0912/9351/6071/files/20200408_i1586361449_9874_1_jpg.jpg?v=1759121264|https://cdn.shopify.com/s/files/1/0912/9351/6071/files/20200408_i1586361449_215_6_jpg.jpg?v=1759121264|https://cdn.shopify.com/s/files/1/0912/9351/6071/files/20200408_i1586361449_2806_8_jpg.jpg?v=1759121264|https://cdn.shopify.com/s/files/1/0912/9351/6071/files/20200408_i1586361449_6004_5_jpg.jpg?v=1759121264|https://cdn.shopify.com/s/files/1/0912/9351/6071/files/20200408_i1586361449_2228_3_jpg.jpg?v=1759121264|https://cdn.shopify.com/s/files/1/0912/9351/6071/files/20200408_i1586361449_3963_7_jpg.jpg?v=1759121264,Hi I want PRA HOBO 22 BAG IN DARK PINK RE-NYLON,
PRA HOBO 22 BAG IN FLAX YELLOW RE-NYLON,https://cdn.shopify.com/s/files/1/0912/9351/6071/files/20200408_i1586361370_3761_3_jpg.jpg?v=1759121285,handbags,prada,https://cdn.shopify.com/s/files/1/0912/9351/6071/files/20200408_i1586361370_3761_3_jpg.jpg?v=1759121285|https://cdn.shopify.com/s/files/1/0912/9351/6071/files/20200408_i1586361370_154_0_jpg.jpg?v=1759121285|https://cdn.shopify.com/s/files/1/0912/9351/6071/files/20200408_i1586361370_9008_2_jpg.jpg?v=1759121285|https://cdn.shopify.com/s/files/1/0912/9351/6071/files/20200408_i1586361370_8655_1_jpg.jpg?v=1759121285|https://cdn.shopify.com/s/files/1/0912/9351/6071/files/20200408_i1586361370_9036_6_jpg.jpg?v=1759121285|https://cdn.shopify.com/s/files/1/0912/9351/6071/files/20200408_i1586361370_2979_4_jpg.jpg?v=1759121285|https://cdn.shopify.com/s/files/1/0912/9351/6071/files/20200408_i1586361370_3658_7_jpg.jpg?v=1759121285|https://cdn.shopify.com/s/files/1/0912/9351/6071/files/20200408_i1586361370_5768_5_jpg.jpg?v=1759121285|https://cdn.shopify.com/s/files/1/0912/9351/6071/files/20200408_i1586361370_4953_8_jpg.jpg?v=1759121285,Hi I want PRA HOBO 22 BAG IN FLAX YELLOW RE-NYLON,
PRA HOBO 22 BAG IN SAPPHIRE BLUE RE-NYLON,https://cdn.shopify.com/s/files/1/0912/9351/6071/files/20200408_i1586361335_6921_3_jpg.jpg?v=1759121296,handbags,prada,https://cdn.shopify.com/s/files/1/0912/9351/6071/files/20200408_i1586361335_6921_3_jpg.jpg?v=1759121296|https://cdn.shopify.com/s/files/1/0912/9351/6071/files/20200408_i1586361335_9854_0_jpg.jpg?v=1759121296|https://cdn.shopify.com/s/files/1/0912/9351/6071/files/20200408_i1586361335_1653_1_jpg.jpg?v=1759121296|https://cdn.shopify.com/s/files/1/0912/9351/6071/files/20200408_i1586361335_989_2_jpg.jpg?v=1759121296|https://cdn.shopify.com/s/files/1/0912/9351/6071/files/20200408_i1586361335_692_5_jpg.jpg?v=1759121296|https://cdn.shopify.com/s/files/1/0912/9351/6071/files/20200408_i1586361335_7344_8_jpg.jpg?v=1759121296|https://cdn.shopify.com/s/files/1/0912/9351/6071/files/20200408_i1586361335_5707_6_jpg.jpg?v=1759121296|https://cdn.shopify.com/s/files/1/0912/9351/6071/files/20200408_i1586361335_1997_4_jpg.jpg?v=1759121296|https://cdn.shopify.com/s/files/1/0912/9351/6071/files/20200408_i1586361335_1917_7_jpg.jpg?v=1759121296,Hi I want PRA HOBO 22 BAG IN SAPPHIRE BLUE RE-NYLON,
PRA CLUTCH 12 IN CERULEAN BLUE RE-NYLON,https://cdn.shopify.com/s/files/1/0912/9351/6071/files/20231025_i1698213678_9606_1_jpg.jpg?v=1759121348,handbags,prada,https://cdn.shopify.com/s/files/1/0912/9351/6071/files/20231025_i1698213678_9606_1_jpg.jpg?v=1759121348|https://cdn.shopify.com/s/files/1/0912/9351/6071/files/20231025_i1698213678_1473_0_jpg.jpg?v=1759121348|https://cdn.shopify.com/s/files/1/0912/9351/6071/files/20231025_i1698213678_685_2_jpg.jpg?v=1759121348|https://cdn.shopify.com/s/files/1/0912/9351/6071/files/20231025_i1698213678_3552_4_jpg.jpg?v=1759121348|https://cdn.shopify.com/s/files/1/0912/9351/6071/files/20231025_i1698213678_8088_8_jpg.jpg?v=1759121348|https://cdn.shopify.com/s/files/1/0912/9351/6071/files/20231025_i1698213678_7227_7_jpg.jpg?v=1759121348|https://cdn.shopify.com/s/files/1/0912/9351/6071/files/20231025_i1698213678_8511_6_jpg.jpg?v=1759121348|https://cdn.shopify.com/s/files/1/0912/9351/6071/files/20231025_i1698213678_9328_3_jpg.jpg?v=1759121348|https://cdn.shopify.com/s/files/1/0912/9351/6071/files/20231025_i1698213678_5898_5_jpg.jpg?v=1759121348,Hi I want PRA CLUTCH 12 IN CERULEAN BLUE RE-NYLON,
PRA CLUTCH 12 IN TAN BROWN RE-NYLON,https://cdn.shopify.com/s/files/1/0912/9351/6071/files/20231025_i1698213299_4922_0_jpg.jpg?v=1759121357,handbags,prada,https://cdn.shopify.com/s/files/1/0912/9351/6071/files/20231025_i1698213299_4922_0_jpg.jpg?v=1759121357|https://cdn.shopify.com/s/files/1/0912/9351/6071/files/20231025_i1698213299_7830_1_jpg.jpg?v=1759121357|https://cdn.shopify.com/s/files/1/0912/9351/6071/files/20231025_i1698213299_7710_2_jpg.jpg?v=1759121357|https://cdn.shopify.com/s/files/1/0912/9351/6071/files/20231025_i1698213299_5906_7_jpg.jpg?v=1759121357|https://cdn.shopify.com/s/files/1/0912/9351/6071/files/20231025_i1698213299_9731_3_jpg.jpg?v=1759121357|https://cdn.shopify.com/s/files/1/0912/9351/6071/files/20231025_i1698213299_139_5_jpg.jpg?v=1759121357|https://cdn.shopify.com/s/files/1/0912/9351/6071/files/20231025_i1698213299_8863_6_jpg.jpg?v=1759121357|https://cdn.shopify.com/s/files/1/0912/9351/6071/files/20231025_i1698213299_4816_4_jpg.jpg?v=1759121357|https://cdn.shopify.com/s/files/1/0912/9351/6071/files/20231025_i1698213299_3506_8_jpg.jpg?v=1759121357,Hi I want PRA CLUTCH 12 IN TAN BROWN RE-NYLON,
PRA TRIANGLE 26 SHOULDER BAG IN BLACK CALFSKIN,https://cdn.shopify.com/s/files/1/0912/9351/6071/files/img_9b6b7120_20240818_i1723965008_9317_5_jpg.jpg?v=1759121377,handbags,prada,https://cdn.shopify.com/s/files/1/0912/9351/6071/files/img_9b6b7120_20240818_i1723965008_9317_5_jpg.jpg?v=1759121377|https://cdn.shopify.com/s/files/1/0912/9351/6071/files/img_9b6b7120_20240818_i1723965008_2981_3_jpg.jpg?v=1759121377|https://cdn.shopify.com/s/files/1/0912/9351/6071/files/img_9b6b7120_20240818_i1723965007_5543_0_jpg.jpg?v=1759121377|https://cdn.shopify.com/s/files/1/0912/9351/6071/files/img_9b6b7120_20240818_i1723965008_8945_4_jpg.jpg?v=1759121377|https://cdn.shopify.com/s/files/1/0912/9351/6071/files/img_9b6b7120_20240818_i1723965007_2908_1_jpg.jpg?v=1759121377|https://cdn.shopify.com/s/files/1/0912/9351/6071/files/img_9b6b7120_20240818_i1723965008_7370_8_jpg.jpg?v=1759121377|https://cdn.shopify.com/s/files/1/0912/9351/6071/files/img_9b6b7120_20240818_i1723965008_6348_7_jpg.jpg?v=1759121377|https://cdn.shopify.com/s/files/1/0912/9351/6071/files/img_9b6b7120_20240818_i1723965008_4915_6_jpg.jpg?v=1759121377|https://cdn.shopify.com/s/files/1/0912/9351/6071/files/img_9b6b7120_20240818_i1723965008_4166_2_jpg.jpg?v=1759121377,Hi I want PRA TRIANGLE 26 SHOULDER BAG IN BLACK CALFSKIN,
PRA CYLINDRICAL 20 BAG IN BLACK RE-NYLON SILVER HARDWARE,https://cdn.shopify.com/s/files/1/0912/9351/6071/files/img_b75fc290_20240527_i1716819727_579_0_jpg.jpg?v=1759121387,handbags,prada,https://cdn.shopify.com/s/files/1/0912/9351/6071/files/img_b75fc290_20240527_i1716819727_579_0_jpg.jpg?v=1759121387|https://cdn.shopify.com/s/files/1/0912/9351/6071/files/img_b75fc290_20240527_i1716819728_6155_8_jpg.jpg?v=1759121387|https://cdn.shopify.com/s/files/1/0912/9351/6071/files/img_b75fc290_20240527_i1716819727_7888_5_jpg.jpg?v=1759121387|https://cdn.shopify.com/s/files/1/0912/9351/6071/files/img_b75fc290_20240527_i1716819727_5924_1_jpg.jpg?v=1759121387|https://cdn.shopify.com/s/files/1/0912/9351/6071/files/img_b75fc290_20240527_i1716819727_4406_7_jpg.jpg?v=1759121387|https://cdn.shopify.com/s/files/1/0912/9351/6071/files/img_b75fc290_20240527_i1716819727_1765_6_jpg.jpg?v=1759121387|https://cdn.shopify.com/s/files/1/0912/9351/6071/files/img_b75fc290_20240527_i1716819727_677_2_jpg.jpg?v=1759121387|https://cdn.shopify.com/s/files/1/0912/9351/6071/files/img_b75fc290_20240527_i1716819727_625_3_jpg.jpg?v=1759121387|https://cdn.shopify.com/s/files/1/0912/9351/6071/files/img_b75fc290_20240527_i1716819727_160_4_jpg.jpg?v=1759121387,Hi I want PRA CYLINDRICAL 20 BAG IN BLACK RE-NYLON SILVER HARDWARE,
PRA TRIANGLE 27 SHOULDER BAG IN BLACK CALFSKIN WITH STRAP,https://cdn.shopify.com/s/files/1/0912/9351/6071/files/img_b75fc290_20240527_i1716819434_3860_8_jpg.jpg?v=1759121410,handbags,prada,https://cdn.shopify.com/s/files/1/0912/9351/6071/files/img_b75fc290_20240527_i1716819434_3860_8_jpg.jpg?v=1759121410|https://cdn.shopify.com/s/files/1/0912/9351/6071/files/img_b75fc290_20240527_i1716819434_9805_6_jpg.jpg?v=1759121410|https://cdn.shopify.com/s/files/1/0912/9351/6071/files/img_b75fc290_20240527_i1716819434_5847_7_jpg.jpg?v=1759121410|https://cdn.shopify.com/s/files/1/0912/9351/6071/files/img_b75fc290_20240527_i1716819434_7391_1_jpg.jpg?v=1759121410|https://cdn.shopify.com/s/files/1/0912/9351/6071/files/img_b75fc290_20240527_i1716819434_6268_2_jpg.jpg?v=1759121410|https://cdn.shopify.com/s/files/1/0912/9351/6071/files/img_b75fc290_20240527_i1716819434_5512_3_jpg.jpg?v=1759121410|https://cdn.shopify.com/s/files/1/0912/9351/6071/files/img_b75fc290_20240527_i1716819434_4764_4_jpg.jpg?v=1759121411|https://cdn.shopify.com/s/files/1/0912/9351/6071/files/img_b75fc290_20240527_i1716819434_4596_0_jpg.jpg?v=1759121411|https://cdn.shopify.com/s/files/1/0912/9351/6071/files/img_b75fc290_20240527_i1716819434_2874_5_jpg.jpg?v=1759121411,Hi I want PRA TRIANGLE 27 SHOULDER BAG IN BLACK CALFSKIN WITH STRAP,
PRA 25 CLEO FLAP SHOULDER BAG IN WHITE BRUSHED LEATHER,https://cdn.shopify.com/s/files/1/0912/9351/6071/files/img_b75fc290_20240410_i1712678843_3553_7_jpg.jpg?v=1759121421,handbags,prada,https://cdn.shopify.com/s/files/1/0912/9351/6071/files/img_b75fc290_20240410_i1712678843_3553_7_jpg.jpg?v=1759121421|https://cdn.shopify.com/s/files/1/0912/9351/6071/files/img_b75fc290_20240410_i1712678842_723_0_jpg.jpg?v=1759121421|https://cdn.shopify.com/s/files/1/0912/9351/6071/files/img_b75fc290_20240410_i1712678842_4171_1_jpg.jpg?v=1759121421|https://cdn.shopify.com/s/files/1/0912/9351/6071/files/img_b75fc290_20240410_i1712678842_6039_2_jpg.jpg?v=1759121421|https://cdn.shopify.com/s/files/1/0912/9351/6071/files/img_b75fc290_20240410_i1712678842_3090_4_jpg.jpg?v=1759121421|https://cdn.shopify.com/s/files/1/0912/9351/6071/files/img_b75fc290_20240410_i1712678843_9329_6_jpg.jpg?v=1759121421|https://cdn.shopify.com/s/files/1/0912/9351/6071/files/img_b75fc290_20240410_i1712678843_8917_5_jpg.jpg?v=1759121421|https://cdn.shopify.com/s/files/1/0912/9351/6071/files/img_b75fc290_20240410_i1712678843_3841_8_jpg.jpg?v=1759121421|https://cdn.shopify.com/s/files/1/0912/9351/6071/files/img_b75fc290_20240410_i1712678842_4121_3_jpg.jpg?v=1759121421,Hi I want PRA 25 CLEO FLAP SHOULDER BAG IN WHITE BRUSHED LEATHER,
PRA 25 CLEO FLAP SHOULDER BAG IN BLACK BRUSHED LEATHER,https://cdn.shopify.com/s/files/1/0912/9351/6071/files/img_b75fc290_20240410_i1712678779_6868_6_jpg.jpg?v=1759121432,handbags,prada,https://cdn.shopify.com/s/files/1/0912/9351/6071/files/img_b75fc290_20240410_i1712678779_6868_6_jpg.jpg?v=1759121432|https://cdn.shopify.com/s/files/1/0912/9351/6071/files/img_b75fc290_20240410_i1712678779_7704_1_jpg.jpg?v=1759121432|https://cdn.shopify.com/s/files/1/0912/9351/6071/files/img_b75fc290_20240410_i1712678779_542_7_jpg.jpg?v=1759121432|https://cdn.shopify.com/s/files/1/0912/9351/6071/files/img_b75fc290_20240410_i1712678779_7827_5_jpg.jpg?v=1759121432|https://cdn.shopify.com/s/files/1/0912/9351/6071/files/img_b75fc290_20240410_i1712678779_5384_4_jpg.jpg?v=1759121432|https://cdn.shopify.com/s/files/1/0912/9351/6071/files/img_b75fc290_20240410_i1712678779_82_0_jpg.jpg?v=1759121432|https://cdn.shopify.com/s/files/1/0912/9351/6071/files/img_b75fc290_20240410_i1712678779_9494_8_jpg.jpg?v=1759121432|https://cdn.shopify.com/s/files/1/0912/9351/6071/files/img_b75fc290_20240410_i1712678779_8789_3_jpg.jpg?v=1759121432|https://cdn.shopify.com/s/files/1/0912/9351/6071/files/img_b75fc290_20240410_i1712678779_2314_2_jpg.jpg?v=1759121432,Hi I want PRA 25 CLEO FLAP SHOULDER BAG IN BLACK BRUSHED LEATHER,
PRA 30 CLEO SHOULDER BAG IN WHITE BRUSHED LEATHER,https://cdn.shopify.com/s/files/1/0912/9351/6071/files/img_b75fc290_20240410_i1712678646_8991_4_jpg_e60ee8a2-1361-499d-8114-cec4eae1e45b.jpg?v=1782531935,handbags,prada,https://cdn.shopify.com/s/files/1/0912/9351/6071/files/img_b75fc290_20240410_i1712678646_8991_4_jpg_e60ee8a2-1361-499d-8114-cec4eae1e45b.jpg?v=1782531935|https://cdn.shopify.com/s/files/1/0912/9351/6071/files/img_b75fc290_20240410_i1712678646_9168_7_jpg_cc02abe9-174c-4019-aab3-60fb81be2374.jpg?v=1782531935|https://cdn.shopify.com/s/files/1/0912/9351/6071/files/img_b75fc290_20240410_i1712678646_9877_6_jpg_a808c4e2-e762-438f-800e-66c7da10c41e.jpg?v=1782531935|https://cdn.shopify.com/s/files/1/0912/9351/6071/files/img_b75fc290_20240410_i1712678646_9738_8_jpg_b91e897b-72ea-407a-9f71-b274d7b79255.jpg?v=1782531935|https://cdn.shopify.com/s/files/1/0912/9351/6071/files/img_b75fc290_20240410_i1712678646_8878_3_jpg_6527bfa4-ecaf-47ea-b3e9-48d48a446521.jpg?v=1782531935|https://cdn.shopify.com/s/files/1/0912/9351/6071/files/img_b75fc290_20240410_i1712678646_4184_1_jpg_a46b4ec7-e515-432f-a857-468541c4ac15.jpg?v=1782531935|https://cdn.shopify.com/s/files/1/0912/9351/6071/files/img_b75fc290_20240410_i1712678646_4128_2_jpg_5c6eb2cd-710a-4736-b282-34ff16fde717.jpg?v=1782531935|https://cdn.shopify.com/s/files/1/0912/9351/6071/files/img_b75fc290_20240410_i1712678646_54_5_jpg_91f783b3-12cb-4ec2-9aac-c73e3358625b.jpg?v=1782531935|https://cdn.shopify.com/s/files/1/0912/9351/6071/files/img_b75fc290_20240410_i1712678645_1193_0_jpg_01e98bf0-316c-4e5e-943d-ca0e627c1855.jpg?v=1782531934,Hi I want PRA 30 CLEO SHOULDER BAG IN WHITE BRUSHED LEATHER,
PRA 25 BASKET BAG IN BLACK CALFSKIN,https://cdn.shopify.com/s/files/1/0912/9351/6071/files/img_f407789a_20240818_i1723977104_8848_0_jpg.jpg?v=1759121468,handbags,prada,https://cdn.shopify.com/s/files/1/0912/9351/6071/files/img_f407789a_20240818_i1723977104_8848_0_jpg.jpg?v=1759121468|https://cdn.shopify.com/s/files/1/0912/9351/6071/files/img_f407789a_20240818_i1723977104_6316_0_jpg.jpg?v=1759121468|https://cdn.shopify.com/s/files/1/0912/9351/6071/files/img_f407789a_20240818_i1723977104_9058_0_jpg.jpg?v=1759121468|https://cdn.shopify.com/s/files/1/0912/9351/6071/files/img_f407789a_20240818_i1723977104_6054_0_jpg.jpg?v=1759121468|https://cdn.shopify.com/s/files/1/0912/9351/6071/files/img_f407789a_20240818_i1723977104_4497_0_jpg.jpg?v=1759121468|https://cdn.shopify.com/s/files/1/0912/9351/6071/files/img_f407789a_20240818_i1723977104_3682_0_jpg.jpg?v=1759121468|https://cdn.shopify.com/s/files/1/0912/9351/6071/files/img_f407789a_20240818_i1723977104_3424_0_jpg.jpg?v=1759121468|https://cdn.shopify.com/s/files/1/0912/9351/6071/files/img_f407789a_20240818_i1723977104_1323_0_jpg.jpg?v=1759121468|https://cdn.shopify.com/s/files/1/0912/9351/6071/files/img_f407789a_20240818_i1723977104_938_0_jpg.jpg?v=1759121468,Hi I want PRA 25 BASKET BAG IN BLACK CALFSKIN,
PRA 22 MOON PADDED BAG IN BLACK CALFSKIN WITH STRAP,https://cdn.shopify.com/s/files/1/0912/9351/6071/files/img_4d18497c_20240816_i1723781563_8232_0_jpg.jpg?v=1759121489,handbags,prada,https://cdn.shopify.com/s/files/1/0912/9351/6071/files/img_4d18497c_20240816_i1723781563_8232_0_jpg.jpg?v=1759121489|https://cdn.shopify.com/s/files/1/0912/9351/6071/files/img_4d18497c_20240816_i1723781563_7777_5_jpg.jpg?v=1759121489|https://cdn.shopify.com/s/files/1/0912/9351/6071/files/img_4d18497c_20240816_i1723781563_7497_2_jpg.jpg?v=1759121489|https://cdn.shopify.com/s/files/1/0912/9351/6071/files/img_4d18497c_20240816_i1723781563_7220_1_jpg.jpg?v=1759121489|https://cdn.shopify.com/s/files/1/0912/9351/6071/files/img_4d18497c_20240816_i1723781563_6123_3_jpg.jpg?v=1759121490|https://cdn.shopify.com/s/files/1/0912/9351/6071/files/img_4d18497c_20240816_i1723781563_5244_6_jpg.jpg?v=1759121490|https://cdn.shopify.com/s/files/1/0912/9351/6071/files/img_4d18497c_20240816_i1723781563_3471_8_jpg.jpg?v=1759121490|https://cdn.shopify.com/s/files/1/0912/9351/6071/files/img_4d18497c_20240816_i1723781563_3169_4_jpg.jpg?v=1759121490|https://cdn.shopify.com/s/files/1/0912/9351/6071/files/img_4d18497c_20240816_i1723781563_637_7_jpg.jpg?v=1759121490,Hi I want PRA 22 MOON PADDED BAG IN BLACK CALFSKIN WITH STRAP,
PRA 22 SATIN MINI-BAG WITH FULLY RHINSTONES,https://cdn.shopify.com/s/files/1/0912/9351/6071/files/img_4d18497c_20240814_i1723608971_4464_0_jpg.jpg?v=1759121500,handbags,prada,https://cdn.shopify.com/s/files/1/0912/9351/6071/files/img_4d18497c_20240814_i1723608971_4464_0_jpg.jpg?v=1759121500|https://cdn.shopify.com/s/files/1/0912/9351/6071/files/img_4d18497c_20240814_i1723608966_4263_7_jpg.jpg?v=1759121500|https://cdn.shopify.com/s/files/1/0912/9351/6071/files/img_4d18497c_20240814_i1723608971_7575_0_jpg.jpg?v=1759121500|https://cdn.shopify.com/s/files/1/0912/9351/6071/files/img_4d18497c_20240814_i1723608971_366_0_jpg.jpg?v=1759121500|https://cdn.shopify.com/s/files/1/0912/9351/6071/files/img_4d18497c_20240814_i1723608972_6915_0_jpg.jpg?v=1759121500|https://cdn.shopify.com/s/files/1/0912/9351/6071/files/img_4d18497c_20240814_i1723608972_6211_0_jpg.jpg?v=1759121500|https://cdn.shopify.com/s/files/1/0912/9351/6071/files/img_4d18497c_20240814_i1723608972_5498_0_jpg.jpg?v=1759121500|https://cdn.shopify.com/s/files/1/0912/9351/6071/files/img_4d18497c_20240814_i1723608971_9124_0_jpg.jpg?v=1759121500|https://cdn.shopify.com/s/files/1/0912/9351/6071/files/img_4d18497c_20240814_i1723608966_2135_3_jpg.jpg?v=1759121500,Hi I want PRA 22 SATIN MINI-BAG WITH FULLY RHINSTONES,
PRA DUMA 32 BACKPACK IN BLACK RE-NYLON,https://cdn.shopify.com/s/files/1/0912/9351/6071/files/img_655a8ca4_20240813_i1723559029_7401_5_jpg.jpg?v=1759121521,handbags,prada,https://cdn.shopify.com/s/files/1/0912/9351/6071/files/img_655a8ca4_20240813_i1723559029_7401_5_jpg.jpg?v=1759121521|https://cdn.shopify.com/s/files/1/0912/9351/6071/files/img_655a8ca4_20240813_i1723559029_7793_1_jpg.jpg?v=1759121521|https://cdn.shopify.com/s/files/1/0912/9351/6071/files/img_655a8ca4_20240813_i1723559029_3608_7_jpg.jpg?v=1759121521|https://cdn.shopify.com/s/files/1/0912/9351/6071/files/img_655a8ca4_20240813_i1723559072_6953_0_jpg.jpg?v=1759121521|https://cdn.shopify.com/s/files/1/0912/9351/6071/files/img_655a8ca4_20240813_i1723559029_6164_6_jpg.jpg?v=1759121521|https://cdn.shopify.com/s/files/1/0912/9351/6071/files/img_655a8ca4_20240813_i1723559029_7147_3_jpg.jpg?v=1759121522|https://cdn.shopify.com/s/files/1/0912/9351/6071/files/img_655a8ca4_20240813_i1723559029_8416_4_jpg.jpg?v=1759121522|https://cdn.shopify.com/s/files/1/0912/9351/6071/files/img_655a8ca4_20240813_i1723559029_4550_2_jpg.jpg?v=1759121522|https://cdn.shopify.com/s/files/1/0912/9351/6071/files/img_655a8ca4_20240813_i1723559029_1058_0_jpg.jpg?v=1759121522,Hi I want PRA DUMA 32 BACKPACK IN BLACK RE-NYLON,
PRA 23 MOON PADDED BAG WHITE CALFSKIN WITH STRAP,https://cdn.shopify.com/s/files/1/0912/9351/6071/files/img_3870440b_20240808_i1723102529_9592_5_jpg.jpg?v=1759121532,handbags,prada,https://cdn.shopify.com/s/files/1/0912/9351/6071/files/img_3870440b_20240808_i1723102529_9592_5_jpg.jpg?v=1759121532|https://cdn.shopify.com/s/files/1/0912/9351/6071/files/img_3870440b_20240808_i1723102529_878_1_jpg.jpg?v=1759121532|https://cdn.shopify.com/s/files/1/0912/9351/6071/files/img_3870440b_20240808_i1723102529_6680_0_jpg.jpg?v=1759121532|https://cdn.shopify.com/s/files/1/0912/9351/6071/files/img_3870440b_20240808_i1723102529_1080_8_jpg.jpg?v=1759121532|https://cdn.shopify.com/s/files/1/0912/9351/6071/files/img_3870440b_20240808_i1723102529_3719_3_jpg.jpg?v=1759121532|https://cdn.shopify.com/s/files/1/0912/9351/6071/files/img_3870440b_20240808_i1723102529_7680_7_jpg.jpg?v=1759121532|https://cdn.shopify.com/s/files/1/0912/9351/6071/files/img_3870440b_20240808_i1723102529_5257_4_jpg.jpg?v=1759121532|https://cdn.shopify.com/s/files/1/0912/9351/6071/files/img_3870440b_20240808_i1723102529_3853_6_jpg.jpg?v=1759121532|https://cdn.shopify.com/s/files/1/0912/9351/6071/files/img_3870440b_20240808_i1723102529_105_2_jpg.jpg?v=1759121532,Hi I want PRA 23 MOON PADDED BAG WHITE CALFSKIN WITH STRAP,
PRA 22 BAG IN BLACK SATIN WITH RHINSTONE SILVER HARDWARE,https://cdn.shopify.com/s/files/1/0912/9351/6071/files/img_4d18497c_20240816_i1723781042_9828_0_jpg.jpg?v=1759121554,handbags,prada,https://cdn.shopify.com/s/files/1/0912/9351/6071/files/img_4d18497c_20240816_i1723781042_9828_0_jpg.jpg?v=1759121554|https://cdn.shopify.com/s/files/1/0912/9351/6071/files/img_4d18497c_20240816_i1723781041_3178_0_jpg.jpg?v=1759121554|https://cdn.shopify.com/s/files/1/0912/9351/6071/files/img_4d18497c_20240816_i1723781042_2282_0_jpg.jpg?v=1759121554|https://cdn.shopify.com/s/files/1/0912/9351/6071/files/img_4d18497c_20240816_i1723781042_8601_0_jpg.jpg?v=1759121554|https://cdn.shopify.com/s/files/1/0912/9351/6071/files/img_4d18497c_20240816_i1723781041_4083_0_jpg.jpg?v=1759121554|https://cdn.shopify.com/s/files/1/0912/9351/6071/files/img_4d18497c_20240816_i1723781042_6810_0_jpg.jpg?v=1759121554|https://cdn.shopify.com/s/files/1/0912/9351/6071/files/img_4d18497c_20240816_i1723781042_8969_0_jpg.jpg?v=1759121554|https://cdn.shopify.com/s/files/1/0912/9351/6071/files/img_4d18497c_20240816_i1723781042_5391_0_jpg.jpg?v=1759121554|https://cdn.shopify.com/s/files/1/0912/9351/6071/files/img_4d18497c_20240816_i1723781042_1160_0_jpg.jpg?v=1759121554,Hi I want PRA 22 BAG IN BLACK SATIN WITH RHINSTONE SILVER HARDWARE,
PRA 23 BAG IN LIGHT PINK CALFSKIN SILVER HARDWARE,https://cdn.shopify.com/s/files/1/0912/9351/6071/files/20221112_i1668240061_7261_0_jpg.jpg?v=1759121574,handbags,prada,https://cdn.shopify.com/s/files/1/0912/9351/6071/files/20221112_i1668240061_7261_0_jpg.jpg?v=1759121574|https://cdn.shopify.com/s/files/1/0912/9351/6071/files/20221112_i1668240061_9699_2_jpg.jpg?v=1759121574|https://cdn.shopify.com/s/files/1/0912/9351/6071/files/20221112_i1668240061_1294_1_jpg.jpg?v=1759121574|https://cdn.shopify.com/s/files/1/0912/9351/6071/files/20221112_i1668240061_4294_4_jpg.jpg?v=1759121574|https://cdn.shopify.com/s/files/1/0912/9351/6071/files/20221112_i1668240061_3392_6_jpg.jpg?v=1759121574|https://cdn.shopify.com/s/files/1/0912/9351/6071/files/20221112_i1668240061_5894_5_jpg.jpg?v=1759121574|https://cdn.shopify.com/s/files/1/0912/9351/6071/files/20221112_i1668240061_792_7_jpg.jpg?v=1759121574|https://cdn.shopify.com/s/files/1/0912/9351/6071/files/20221112_i1668240061_632_8_jpg.jpg?v=1759121574,Hi I want PRA 23 BAG IN LIGHT PINK CALFSKIN SILVER HARDWARE,
PRA 23 BAG IN BLACK CALFSKIN SILVER HARDWARE,https://cdn.shopify.com/s/files/1/0912/9351/6071/files/20221112_i1668240008_4576_0_jpg.jpg?v=1759121584,handbags,prada,https://cdn.shopify.com/s/files/1/0912/9351/6071/files/20221112_i1668240008_4576_0_jpg.jpg?v=1759121584|https://cdn.shopify.com/s/files/1/0912/9351/6071/files/20221112_i1668240008_7452_2_jpg.jpg?v=1759121584|https://cdn.shopify.com/s/files/1/0912/9351/6071/files/20221112_i1668240008_9095_4_jpg.jpg?v=1759121584|https://cdn.shopify.com/s/files/1/0912/9351/6071/files/20221112_i1668240008_5226_6_jpg.jpg?v=1759121584|https://cdn.shopify.com/s/files/1/0912/9351/6071/files/20221112_i1668240008_8999_7_jpg.jpg?v=1759121584|https://cdn.shopify.com/s/files/1/0912/9351/6071/files/20221112_i1668240008_5065_3_jpg.jpg?v=1759121584|https://cdn.shopify.com/s/files/1/0912/9351/6071/files/20221112_i1668240008_1231_5_jpg.jpg?v=1759121584|https://cdn.shopify.com/s/files/1/0912/9351/6071/files/20221112_i1668240008_189_8_jpg.jpg?v=1759121584,Hi I want PRA 23 BAG IN BLACK CALFSKIN SILVER HARDWARE,
PRA 23 BAG IN BLACK CALFSKIN SILVER HARDWARE,https://cdn.shopify.com/s/files/1/0912/9351/6071/files/20221112_i1668239846_1546_0_jpg.jpg?v=1759121596,handbags,prada,https://cdn.shopify.com/s/files/1/0912/9351/6071/files/20221112_i1668239846_1546_0_jpg.jpg?v=1759121596|https://cdn.shopify.com/s/files/1/0912/9351/6071/files/20221112_i1668239846_235_2_jpg.jpg?v=1759121596|https://cdn.shopify.com/s/files/1/0912/9351/6071/files/20221112_i1668239846_3764_1_jpg.jpg?v=1759121596|https://cdn.shopify.com/s/files/1/0912/9351/6071/files/20221112_i1668239846_3297_7_jpg.jpg?v=1759121596|https://cdn.shopify.com/s/files/1/0912/9351/6071/files/20221112_i1668239846_6314_4_jpg.jpg?v=1759121596|https://cdn.shopify.com/s/files/1/0912/9351/6071/files/20221112_i1668239846_1686_5_jpg.jpg?v=1759121596|https://cdn.shopify.com/s/files/1/0912/9351/6071/files/20221112_i1668239846_7808_6_jpg_f3ac9c6d-538b-4a1a-9e80-f6b8d29b8b2b.jpg?v=1759121596|https://cdn.shopify.com/s/files/1/0912/9351/6071/files/20221112_i1668239846_7207_8_jpg.jpg?v=1759121596|https://cdn.shopify.com/s/files/1/0912/9351/6071/files/20221112_i1668239846_3943_3_jpg.jpg?v=1759121596,Hi I want PRA 23 BAG IN BLACK CALFSKIN SILVER HARDWARE,
PRA HOBO BAG 23 IN BEIGE MIX ORANGE RAFFIA WITH WHITE LOGO GOLD HARDWARE,https://cdn.shopify.com/s/files/1/0912/9351/6071/files/20220716_i1657953659_6801_0_jpg.jpg?v=1759121629,handbags,prada,https://cdn.shopify.com/s/files/1/0912/9351/6071/files/20220716_i1657953659_6801_0_jpg.jpg?v=1759121629|https://cdn.shopify.com/s/files/1/0912/9351/6071/files/20220716_i1657953659_526_3_jpg.jpg?v=1759121629|https://cdn.shopify.com/s/files/1/0912/9351/6071/files/20220716_i1657953659_3628_2_jpg.jpg?v=1759121629|https://cdn.shopify.com/s/files/1/0912/9351/6071/files/20220716_i1657953659_4810_1_jpg.jpg?v=1759121629|https://cdn.shopify.com/s/files/1/0912/9351/6071/files/20220716_i1657953659_972_6_jpg.jpg?v=1759121629|https://cdn.shopify.com/s/files/1/0912/9351/6071/files/20220716_i1657953659_5827_4_jpg.jpg?v=1759121629|https://cdn.shopify.com/s/files/1/0912/9351/6071/files/20220716_i1657953659_7522_5_jpg.jpg?v=1759121629|https://cdn.shopify.com/s/files/1/0912/9351/6071/files/20220716_i1657953659_7598_8_jpg.jpg?v=1759121629|https://cdn.shopify.com/s/files/1/0912/9351/6071/files/20220716_i1657953659_9241_7_jpg.jpg?v=1759121629,Hi I want PRA HOBO BAG 23 IN BEIGE MIX ORANGE RAFFIA WITH WHITE LOGO GOLD HARDWARE,
PRA 18 DYNAMIQUE LOGO TOTE BAG IN BLACK CALFSKIN,https://cdn.shopify.com/s/files/1/0912/9351/6071/files/20220516_i1652698491_5897_0_jpg.jpg?v=1759121651,handbags,prada,https://cdn.shopify.com/s/files/1/0912/9351/6071/files/20220516_i1652698491_5897_0_jpg.jpg?v=1759121651|https://cdn.shopify.com/s/files/1/0912/9351/6071/files/20220516_i1652698491_2010_1_jpg.jpg?v=1759121651|https://cdn.shopify.com/s/files/1/0912/9351/6071/files/20220516_i1652698491_2311_8_jpg.jpg?v=1759121651|https://cdn.shopify.com/s/files/1/0912/9351/6071/files/20220516_i1652698491_4764_4_jpg.jpg?v=1759121651|https://cdn.shopify.com/s/files/1/0912/9351/6071/files/20220516_i1652698491_5882_5_jpg.jpg?v=1759121651|https://cdn.shopify.com/s/files/1/0912/9351/6071/files/20220516_i1652698491_9046_2_jpg.jpg?v=1759121651|https://cdn.shopify.com/s/files/1/0912/9351/6071/files/20220516_i1652698491_8897_6_jpg.jpg?v=1759121651|https://cdn.shopify.com/s/files/1/0912/9351/6071/files/20220516_i1652698491_7860_3_jpg.jpg?v=1759121651|https://cdn.shopify.com/s/files/1/0912/9351/6071/files/20220516_i1652698575_7714_0_jpg.jpg?v=1759121651,Hi I want PRA 18 DYNAMIQUE LOGO TOTE BAG IN BLACK CALFSKIN,
Pra Arque Small Bag 22.5cm Beige Calfkskin,https://cdn.shopify.com/s/files/1/0912/9351/6071/files/Image_20241227114628.jpg?v=1759121661,handbags,prada,https://cdn.shopify.com/s/files/1/0912/9351/6071/files/Image_20241227114628.jpg?v=1759121661|https://cdn.shopify.com/s/files/1/0912/9351/6071/files/Image_20241227114643.jpg?v=1759121661|https://cdn.shopify.com/s/files/1/0912/9351/6071/files/Image_20241227114644.jpg?v=1759121661|https://cdn.shopify.com/s/files/1/0912/9351/6071/files/Image_20241227114645.jpg?v=1759121661|https://cdn.shopify.com/s/files/1/0912/9351/6071/files/Image_20241227114646.jpg?v=1759121661|https://cdn.shopify.com/s/files/1/0912/9351/6071/files/Image_202412271146461.jpg?v=1759121661|https://cdn.shopify.com/s/files/1/0912/9351/6071/files/Image_20241227114649.jpg?v=1759121661|https://cdn.shopify.com/s/files/1/0912/9351/6071/files/Image_20241227114647.jpg?v=1759121661|https://cdn.shopify.com/s/files/1/0912/9351/6071/files/Image_20241227114648.jpg?v=1759121661,Hi I want Pra Arque Small Bag 22.5cm Beige Calfkskin,
Pra Mini Drawstring Pouch Black Brown Calfskin,https://cdn.shopify.com/s/files/1/0912/9351/6071/files/Image_20241227141446.jpg?v=1759121681,handbags,prada,https://cdn.shopify.com/s/files/1/0912/9351/6071/files/Image_20241227141446.jpg?v=1759121681|https://cdn.shopify.com/s/files/1/0912/9351/6071/files/Image_20241227141447.jpg?v=1759121681|https://cdn.shopify.com/s/files/1/0912/9351/6071/files/Image_20241227141449.jpg?v=1759121681|https://cdn.shopify.com/s/files/1/0912/9351/6071/files/Image_20241227141451.jpg?v=1759121681|https://cdn.shopify.com/s/files/1/0912/9351/6071/files/Image_20241227141454.jpg?v=1759121681|https://cdn.shopify.com/s/files/1/0912/9351/6071/files/Image_20241227141431.jpg?v=1759121681|https://cdn.shopify.com/s/files/1/0912/9351/6071/files/Image_20241227141450.jpg?v=1759121681|https://cdn.shopify.com/s/files/1/0912/9351/6071/files/Image_20241227141453.jpg?v=1759121681|https://cdn.shopify.com/s/files/1/0912/9351/6071/files/Image_20241227141455.jpg?v=1759121681,Hi I want Pra Mini Drawstring Pouch Black Brown Calfskin,
MINI BUCKET BAG 10 IN BLACK RE-NYLON AND SAFFIANO LEATHER STRAP,https://cdn.shopify.com/s/files/1/0912/9351/6071/files/20240910_i1725900257_3489_1_jpg.jpg?v=1759121692,handbags,prada,https://cdn.shopify.com/s/files/1/0912/9351/6071/files/20240910_i1725900257_3489_1_jpg.jpg?v=1759121692|https://cdn.shopify.com/s/files/1/0912/9351/6071/files/20240910_i1725900257_1181_5_jpg.jpg?v=1759121692|https://cdn.shopify.com/s/files/1/0912/9351/6071/files/20240910_i1725900257_1627_4_jpg.jpg?v=1759121692|https://cdn.shopify.com/s/files/1/0912/9351/6071/files/20240910_i1725900257_2971_0_jpg.jpg?v=1759121692|https://cdn.shopify.com/s/files/1/0912/9351/6071/files/20240910_i1725900257_3427_2_jpg.jpg?v=1759121692|https://cdn.shopify.com/s/files/1/0912/9351/6071/files/20240910_i1725900257_4734_6_jpg.jpg?v=1759121692|https://cdn.shopify.com/s/files/1/0912/9351/6071/files/20240910_i1725900257_5901_3_jpg.jpg?v=1759121692|https://cdn.shopify.com/s/files/1/0912/9351/6071/files/20240910_i1725901562_784_0_jpg.jpg?v=1759121692|https://cdn.shopify.com/s/files/1/0912/9351/6071/files/20240910_i1725901562_2337_1_jpg.jpg?v=1759121692,Hi I want MINI BUCKET BAG 10 IN BLACK RE-NYLON AND SAFFIANO LEATHER STRAP,
BUCKET BAG 19 IN CANDY PINK RE-NYLON AND SAFFIANO LEATHER HANDLE,https://cdn.shopify.com/s/files/1/0912/9351/6071/files/20240320_i1710912805_3899_0_jpg.jpg?v=1759121738,handbags,prada,https://cdn.shopify.com/s/files/1/0912/9351/6071/files/20240320_i1710912805_3899_0_jpg.jpg?v=1759121738|https://cdn.shopify.com/s/files/1/0912/9351/6071/files/20240320_i1710912805_522_5_jpg.jpg?v=1759121738|https://cdn.shopify.com/s/files/1/0912/9351/6071/files/20240320_i1710912805_543_8_jpg.jpg?v=1759121738|https://cdn.shopify.com/s/files/1/0912/9351/6071/files/20240320_i1710912805_1082_4_jpg.jpg?v=1759121738|https://cdn.shopify.com/s/files/1/0912/9351/6071/files/20240320_i1710912805_3289_2_jpg.jpg?v=1759121738|https://cdn.shopify.com/s/files/1/0912/9351/6071/files/20240320_i1710912805_3560_3_jpg.jpg?v=1759121738|https://cdn.shopify.com/s/files/1/0912/9351/6071/files/20240320_i1710912805_3619_6_jpg.jpg?v=1759121738|https://cdn.shopify.com/s/files/1/0912/9351/6071/files/20240320_i1710912805_3950_1_jpg.jpg?v=1759121738|https://cdn.shopify.com/s/files/1/0912/9351/6071/files/20240320_i1710912805_7956_7_jpg.jpg?v=1759121738,Hi I want BUCKET BAG 19 IN CANDY PINK RE-NYLON AND SAFFIANO LEATHER HANDLE,
BUCKET BAG 19 IN APPLE GREEN RE-NYLON AND SAFFIANO LEATHER HANDLE,https://cdn.shopify.com/s/files/1/0912/9351/6071/files/20240403_i1712118120_480_0_jpg.jpg?v=1759121750,handbags,prada,https://cdn.shopify.com/s/files/1/0912/9351/6071/files/20240403_i1712118120_480_0_jpg.jpg?v=1759121750|https://cdn.shopify.com/s/files/1/0912/9351/6071/files/20240403_i1712118120_2277_7_jpg.jpg?v=1759121750|https://cdn.shopify.com/s/files/1/0912/9351/6071/files/20240403_i1712118120_4481_2_jpg.jpg?v=1759121750|https://cdn.shopify.com/s/files/1/0912/9351/6071/files/20240403_i1712118120_4860_3_jpg.jpg?v=1759121750|https://cdn.shopify.com/s/files/1/0912/9351/6071/files/20240403_i1712118120_7454_1_jpg.jpg?v=1759121750|https://cdn.shopify.com/s/files/1/0912/9351/6071/files/20240403_i1712118120_8082_4_jpg.jpg?v=1759121750|https://cdn.shopify.com/s/files/1/0912/9351/6071/files/20240403_i1712118120_8359_6_jpg.jpg?v=1759121750|https://cdn.shopify.com/s/files/1/0912/9351/6071/files/20240403_i1712118120_8859_8_jpg.jpg?v=1759121750|https://cdn.shopify.com/s/files/1/0912/9351/6071/files/20240403_i1712118120_8933_5_jpg.jpg?v=1759121750,Hi I want BUCKET BAG 19 IN APPLE GREEN RE-NYLON AND SAFFIANO LEATHER HANDLE,
CLEO SHOULDER BAG 22 IN BLACK BRUSHED LAMBSKIN WITH CLASP CLOSURE,https://cdn.shopify.com/s/files/1/0912/9351/6071/files/20241113_i1731484534_2339_0_jpg.jpg?v=1759121762,handbags,prada,https://cdn.shopify.com/s/files/1/0912/9351/6071/files/20241113_i1731484534_2339_0_jpg.jpg?v=1759121762|https://cdn.shopify.com/s/files/1/0912/9351/6071/files/20241113_i1731484534_246_1_jpg.jpg?v=1759121762|https://cdn.shopify.com/s/files/1/0912/9351/6071/files/20241113_i1731484534_2757_5_jpg.jpg?v=1759121762|https://cdn.shopify.com/s/files/1/0912/9351/6071/files/20241113_i1731484534_3521_4_jpg.jpg?v=1759121762|https://cdn.shopify.com/s/files/1/0912/9351/6071/files/20241113_i1731484534_3612_7_jpg.jpg?v=1759121762|https://cdn.shopify.com/s/files/1/0912/9351/6071/files/20241113_i1731484534_4898_6_jpg.jpg?v=1759121762|https://cdn.shopify.com/s/files/1/0912/9351/6071/files/20241113_i1731484534_5145_3_jpg.jpg?v=1759121762|https://cdn.shopify.com/s/files/1/0912/9351/6071/files/20241113_i1731484534_8037_2_jpg.jpg?v=1759121762|https://cdn.shopify.com/s/files/1/0912/9351/6071/files/20241113_i1731484543_8973_0_jpg.jpg?v=1759121762,Hi I want CLEO SHOULDER BAG 22 IN BLACK BRUSHED LAMBSKIN WITH CLASP CLOSURE,
CLEO SHOULDER BAG 22 IN WHITE BRUSHED LAMBSKIN WITH CLASP CLOSURE,https://cdn.shopify.com/s/files/1/0912/9351/6071/files/20241113_i1731484816_6868_0_jpg.jpg?v=1759121774,handbags,prada,https://cdn.shopify.com/s/files/1/0912/9351/6071/files/20241113_i1731484816_6868_0_jpg.jpg?v=1759121774|https://cdn.shopify.com/s/files/1/0912/9351/6071/files/20241113_i1731484816_56_8_jpg.jpg?v=1759121774|https://cdn.shopify.com/s/files/1/0912/9351/6071/files/20241113_i1731484816_934_1_jpg.jpg?v=1759121774|https://cdn.shopify.com/s/files/1/0912/9351/6071/files/20241113_i1731484816_2857_4_jpg.jpg?v=1759121774|https://cdn.shopify.com/s/files/1/0912/9351/6071/files/20241113_i1731484816_3461_7_jpg.jpg?v=1759121774|https://cdn.shopify.com/s/files/1/0912/9351/6071/files/20241113_i1731484816_4371_6_jpg.jpg?v=1759121774|https://cdn.shopify.com/s/files/1/0912/9351/6071/files/20241113_i1731484816_4960_2_jpg.jpg?v=1759121774|https://cdn.shopify.com/s/files/1/0912/9351/6071/files/20241113_i1731484816_6760_3_jpg.jpg?v=1759121774|https://cdn.shopify.com/s/files/1/0912/9351/6071/files/20241113_i1731484816_7321_5_jpg.jpg?v=1759121774,Hi I want CLEO SHOULDER BAG 22 IN WHITE BRUSHED LAMBSKIN WITH CLASP CLOSURE,
MINI ROUND BAG 8 IN BLACK GLOSSY CALFSKIN GOLD HARDWARE,https://cdn.shopify.com/s/files/1/0912/9351/6071/files/20240321_i1710994277_5845_1_jpg.jpg?v=1759121819,handbags,prada,https://cdn.shopify.com/s/files/1/0912/9351/6071/files/20240321_i1710994277_5845_1_jpg.jpg?v=1759121819|https://cdn.shopify.com/s/files/1/0912/9351/6071/files/20240321_i1710994277_354_4_jpg.jpg?v=1759121819|https://cdn.shopify.com/s/files/1/0912/9351/6071/files/20240321_i1710994277_2745_7_jpg.jpg?v=1759121819|https://cdn.shopify.com/s/files/1/0912/9351/6071/files/20240321_i1710994277_3412_2_jpg.jpg?v=1759121819|https://cdn.shopify.com/s/files/1/0912/9351/6071/files/20240321_i1710994277_5961_3_jpg.jpg?v=1759121819|https://cdn.shopify.com/s/files/1/0912/9351/6071/files/20240321_i1710994277_8291_5_jpg.jpg?v=1759121819|https://cdn.shopify.com/s/files/1/0912/9351/6071/files/20240321_i1710994277_9153_0_jpg.jpg?v=1759121819|https://cdn.shopify.com/s/files/1/0912/9351/6071/files/20240321_i1710994277_9890_6_jpg.jpg?v=1759121819|https://cdn.shopify.com/s/files/1/0912/9351/6071/files/20240321_i1710994283_7153_0_jpg.jpg?v=1759121819,Hi I want MINI ROUND BAG 8 IN BLACK GLOSSY CALFSKIN GOLD HARDWARE,
MINI ROUND BAG 8 IN WHITE GLOSSY CALFSKIN GOLD HARDWARE,https://cdn.shopify.com/s/files/1/0912/9351/6071/files/20240321_i1710995580_1463_1_jpg.jpg?v=1759121831,handbags,prada,https://cdn.shopify.com/s/files/1/0912/9351/6071/files/20240321_i1710995580_1463_1_jpg.jpg?v=1759121831|https://cdn.shopify.com/s/files/1/0912/9351/6071/files/20240321_i1710995580_1214_6_jpg.jpg?v=1759121831|https://cdn.shopify.com/s/files/1/0912/9351/6071/files/20240321_i1710995580_1736_8_jpg.jpg?v=1759121831|https://cdn.shopify.com/s/files/1/0912/9351/6071/files/20240321_i1710995580_2995_0_jpg.jpg?v=1759121831|https://cdn.shopify.com/s/files/1/0912/9351/6071/files/20240321_i1710995580_3310_7_jpg.jpg?v=1759121831|https://cdn.shopify.com/s/files/1/0912/9351/6071/files/20240321_i1710995580_3913_5_jpg.jpg?v=1759121831|https://cdn.shopify.com/s/files/1/0912/9351/6071/files/20240321_i1710995580_6926_2_jpg.jpg?v=1759121831|https://cdn.shopify.com/s/files/1/0912/9351/6071/files/20240321_i1710995580_7116_4_jpg.jpg?v=1759121831|https://cdn.shopify.com/s/files/1/0912/9351/6071/files/20240321_i1710995580_9812_3_jpg.jpg?v=1759121831,Hi I want MINI ROUND BAG 8 IN WHITE GLOSSY CALFSKIN GOLD HARDWARE,
MINI ROUND BAG 8 IN RED GLOSSY CALFSKIN GOLD HARDWARE,https://cdn.shopify.com/s/files/1/0912/9351/6071/files/20240321_i1710997189_4638_1_jpg.jpg?v=1759121842,handbags,prada,https://cdn.shopify.com/s/files/1/0912/9351/6071/files/20240321_i1710997189_4638_1_jpg.jpg?v=1759121842|https://cdn.shopify.com/s/files/1/0912/9351/6071/files/20240321_i1710997189_1517_6_jpg.jpg?v=1759121842|https://cdn.shopify.com/s/files/1/0912/9351/6071/files/20240321_i1710997189_1662_4_jpg.jpg?v=1759121842|https://cdn.shopify.com/s/files/1/0912/9351/6071/files/20240321_i1710997189_3452_0_jpg.jpg?v=1759121842|https://cdn.shopify.com/s/files/1/0912/9351/6071/files/20240321_i1710997189_3912_8_jpg.jpg?v=1759121842|https://cdn.shopify.com/s/files/1/0912/9351/6071/files/20240321_i1710997189_4535_7_jpg.jpg?v=1759121842|https://cdn.shopify.com/s/files/1/0912/9351/6071/files/20240321_i1710997189_6963_3_jpg.jpg?v=1759121842|https://cdn.shopify.com/s/files/1/0912/9351/6071/files/20240321_i1710997189_8439_2_jpg.jpg?v=1759121843|https://cdn.shopify.com/s/files/1/0912/9351/6071/files/20240321_i1710997189_8830_5_jpg.jpg?v=1759121843,Hi I want MINI ROUND BAG 8 IN RED GLOSSY CALFSKIN GOLD HARDWARE,
TRIANGLE LOGO SHOULDER BAG 24 IN PEANUT BROWN SMOOTH CALFSKIN,https://cdn.shopify.com/s/files/1/0912/9351/6071/files/20241120_i1732083156_2986_1_jpg.jpg?v=1759121878,handbags,prada,https://cdn.shopify.com/s/files/1/0912/9351/6071/files/20241120_i1732083156_2986_1_jpg.jpg?v=1759121878|https://cdn.shopify.com/s/files/1/0912/9351/6071/files/20241120_i1732083156_866_7_jpg.jpg?v=1759121878|https://cdn.shopify.com/s/files/1/0912/9351/6071/files/20241120_i1732083156_1246_4_jpg.jpg?v=1759121878|https://cdn.shopify.com/s/files/1/0912/9351/6071/files/20241120_i1732083156_1299_0_jpg.jpg?v=1759121878|https://cdn.shopify.com/s/files/1/0912/9351/6071/files/20241120_i1732083156_3353_6_jpg.jpg?v=1759121878|https://cdn.shopify.com/s/files/1/0912/9351/6071/files/20241120_i1732083156_3925_2_jpg.jpg?v=1759121878|https://cdn.shopify.com/s/files/1/0912/9351/6071/files/20241120_i1732083156_4197_8_jpg.jpg?v=1759121878|https://cdn.shopify.com/s/files/1/0912/9351/6071/files/20241120_i1732083156_4461_5_jpg.jpg?v=1759121878|https://cdn.shopify.com/s/files/1/0912/9351/6071/files/20241120_i1732083156_4858_3_jpg.jpg?v=1759121878,Hi I want TRIANGLE LOGO SHOULDER BAG 24 IN PEANUT BROWN SMOOTH CALFSKIN,
TOP HANDLE BAG 27 IN BRONZE BROWN SHEEPSKIN AND SHEARLING TRIM,https://cdn.shopify.com/s/files/1/0912/9351/6071/files/20241126_i1732606200_5145_0_jpg.jpg?v=1759121889,handbags,prada,https://cdn.shopify.com/s/files/1/0912/9351/6071/files/20241126_i1732606200_5145_0_jpg.jpg?v=1759121889|https://cdn.shopify.com/s/files/1/0912/9351/6071/files/20241126_i1732606200_4526_3_jpg.jpg?v=1759121889|https://cdn.shopify.com/s/files/1/0912/9351/6071/files/20241126_i1732606200_9294_1_jpg.jpg?v=1759121889|https://cdn.shopify.com/s/files/1/0912/9351/6071/files/20241126_i1732606200_9888_4_jpg.jpg?v=1759121889|https://cdn.shopify.com/s/files/1/0912/9351/6071/files/20241126_i1732606219_5036_1_jpg.jpg?v=1759121889|https://cdn.shopify.com/s/files/1/0912/9351/6071/files/20241126_i1732606219_5672_0_jpg.jpg?v=1759121890|https://cdn.shopify.com/s/files/1/0912/9351/6071/files/20241126_i1732606219_8104_2_jpg.jpg?v=1759121890|https://cdn.shopify.com/s/files/1/0912/9351/6071/files/20241126_i1732606248_612_0_jpg.jpg?v=1759121890|https://cdn.shopify.com/s/files/1/0912/9351/6071/files/20241126_i1732606311_4625_0_jpg.jpg?v=1759121890,Hi I want TOP HANDLE BAG 27 IN BRONZE BROWN SHEEPSKIN AND SHEARLING TRIM,
HOBO BAG 23 IN BLACK SHEARLING,https://cdn.shopify.com/s/files/1/0912/9351/6071/files/20201203_i1606984005_7493_1_jpg.jpg?v=1759121902,handbags,prada,https://cdn.shopify.com/s/files/1/0912/9351/6071/files/20201203_i1606984005_7493_1_jpg.jpg?v=1759121902|https://cdn.shopify.com/s/files/1/0912/9351/6071/files/20201203_i1606984005_149_5_jpg.jpg?v=1759121902|https://cdn.shopify.com/s/files/1/0912/9351/6071/files/20201203_i1606984005_1580_8_jpg.jpg?v=1759121902|https://cdn.shopify.com/s/files/1/0912/9351/6071/files/20201203_i1606984005_5333_7_jpg.jpg?v=1759121902|https://cdn.shopify.com/s/files/1/0912/9351/6071/files/20201203_i1606984005_6355_6_jpg.jpg?v=1759121902|https://cdn.shopify.com/s/files/1/0912/9351/6071/files/20201203_i1606984005_8663_3_jpg.jpg?v=1759121902|https://cdn.shopify.com/s/files/1/0912/9351/6071/files/20201203_i1606984005_8879_4_jpg.jpg?v=1759121903|https://cdn.shopify.com/s/files/1/0912/9351/6071/files/20201203_i1606984005_7341_0_jpg.jpg?v=1759121903|https://cdn.shopify.com/s/files/1/0912/9351/6071/files/20201203_i1606984005_8089_2_jpg.jpg?v=1759121903,Hi I want HOBO BAG 23 IN BLACK SHEARLING,
HOBO BAG 23 IN LIGHT PINK SHEARLING,https://cdn.shopify.com/s/files/1/0912/9351/6071/files/20201201_i1606804451_3669_1_jpg.jpg?v=1759121915,handbags,prada,https://cdn.shopify.com/s/files/1/0912/9351/6071/files/20201201_i1606804451_3669_1_jpg.jpg?v=1759121915|https://cdn.shopify.com/s/files/1/0912/9351/6071/files/20201201_i1606804451_7690_0_jpg.jpg?v=1759121915|https://cdn.shopify.com/s/files/1/0912/9351/6071/files/20201201_i1606804451_3417_7_jpg.jpg?v=1759121915|https://cdn.shopify.com/s/files/1/0912/9351/6071/files/20201201_i1606804451_5704_8_jpg.jpg?v=1759121915|https://cdn.shopify.com/s/files/1/0912/9351/6071/files/20201201_i1606804451_8943_6_jpg.jpg?v=1759121915|https://cdn.shopify.com/s/files/1/0912/9351/6071/files/20201201_i1606804451_63_5_jpg.jpg?v=1759121915|https://cdn.shopify.com/s/files/1/0912/9351/6071/files/20201201_i1606804451_4871_4_jpg.jpg?v=1759121915|https://cdn.shopify.com/s/files/1/0912/9351/6071/files/20201201_i1606804451_8178_3_jpg.jpg?v=1759121915|https://cdn.shopify.com/s/files/1/0912/9351/6071/files/20201201_i1606804451_9001_2_jpg.jpg?v=1759121915,Hi I want HOBO BAG 23 IN LIGHT PINK SHEARLING,
HOBO BAG 23 IN BLACK RABBIT FUR,https://cdn.shopify.com/s/files/1/0912/9351/6071/files/20211201_i1638340236_5323_1_jpg.jpg?v=1759121937,handbags,prada,https://cdn.shopify.com/s/files/1/0912/9351/6071/files/20211201_i1638340236_5323_1_jpg.jpg?v=1759121937|https://cdn.shopify.com/s/files/1/0912/9351/6071/files/20211201_i1638340236_601_5_jpg.jpg?v=1759121937|https://cdn.shopify.com/s/files/1/0912/9351/6071/files/20211201_i1638340236_2512_6_jpg.jpg?v=1759121937|https://cdn.shopify.com/s/files/1/0912/9351/6071/files/20211201_i1638340236_2890_0_jpg.jpg?v=1759121937|https://cdn.shopify.com/s/files/1/0912/9351/6071/files/20211201_i1638340236_3846_4_jpg.jpg?v=1759121937|https://cdn.shopify.com/s/files/1/0912/9351/6071/files/20211201_i1638340236_3879_3_jpg.jpg?v=1759121937|https://cdn.shopify.com/s/files/1/0912/9351/6071/files/20211201_i1638340236_5208_7_jpg.jpg?v=1759121937|https://cdn.shopify.com/s/files/1/0912/9351/6071/files/20211201_i1638340236_7721_2_jpg.jpg?v=1759121937|https://cdn.shopify.com/s/files/1/0912/9351/6071/files/20211201_i1638340236_7751_8_jpg.jpg?v=1759121937,Hi I want HOBO BAG 23 IN BLACK RABBIT FUR,
HOBO BAG 23 IN BEIGE SHEARLING,https://cdn.shopify.com/s/files/1/0912/9351/6071/files/20201209_i1607497310_1043_1_jpg.jpg?v=1759121950,handbags,prada,https://cdn.shopify.com/s/files/1/0912/9351/6071/files/20201209_i1607497310_1043_1_jpg.jpg?v=1759121950|https://cdn.shopify.com/s/files/1/0912/9351/6071/files/20201209_i1607497273_5839_0_jpg.jpg?v=1759121950|https://cdn.shopify.com/s/files/1/0912/9351/6071/files/20201209_i1607497310_233_6_jpg.jpg?v=1759121950|https://cdn.shopify.com/s/files/1/0912/9351/6071/files/20201209_i1607497310_1848_4_jpg.jpg?v=1759121950|https://cdn.shopify.com/s/files/1/0912/9351/6071/files/20201209_i1607497310_3694_7_jpg.jpg?v=1759121950|https://cdn.shopify.com/s/files/1/0912/9351/6071/files/20201209_i1607497310_4288_2_jpg.jpg?v=1759121950|https://cdn.shopify.com/s/files/1/0912/9351/6071/files/20201209_i1607497310_5083_5_jpg.jpg?v=1759121950|https://cdn.shopify.com/s/files/1/0912/9351/6071/files/20201209_i1607497310_5525_0_jpg.jpg?v=1759121950|https://cdn.shopify.com/s/files/1/0912/9351/6071/files/20201209_i1607497310_7110_3_jpg.jpg?v=1759121950,Hi I want HOBO BAG 23 IN BEIGE SHEARLING,
PANIER BUCKET BAG 16 IN BLACK CALFSKIN ATTACHED FULL CRYSTALS,https://cdn.shopify.com/s/files/1/0912/9351/6071/files/20240831_i1725087692_2292_0_jpg.jpg?v=1759122008,handbags,prada,https://cdn.shopify.com/s/files/1/0912/9351/6071/files/20240831_i1725087692_2292_0_jpg.jpg?v=1759122008|https://cdn.shopify.com/s/files/1/0912/9351/6071/files/20240831_i1725087692_5765_3_jpg.jpg?v=1759122008|https://cdn.shopify.com/s/files/1/0912/9351/6071/files/20240831_i1725087692_1344_7_jpg.jpg?v=1759122008|https://cdn.shopify.com/s/files/1/0912/9351/6071/files/20240831_i1725087692_4420_4_jpg.jpg?v=1759122008|https://cdn.shopify.com/s/files/1/0912/9351/6071/files/20240831_i1725087692_6715_5_jpg.jpg?v=1759122008|https://cdn.shopify.com/s/files/1/0912/9351/6071/files/20240831_i1725087692_7894_1_jpg.jpg?v=1759122008|https://cdn.shopify.com/s/files/1/0912/9351/6071/files/20240831_i1725087692_8668_6_jpg.jpg?v=1759122008|https://cdn.shopify.com/s/files/1/0912/9351/6071/files/20240831_i1725087692_9751_2_jpg.jpg?v=1759122008|https://cdn.shopify.com/s/files/1/0912/9351/6071/files/20240831_i1725087700_1223_0_jpg.jpg?v=1759122008,Hi I want PANIER BUCKET BAG 16 IN BLACK CALFSKIN ATTACHED FULL CRYSTALS,
BRIEFCASE 40 IN DRIED MOSS GRAINED CALFSKIN,https://cdn.shopify.com/s/files/1/0912/9351/6071/files/20241228_i1735368735_443_0_jpg.jpg?v=1759122019,handbags,prada,https://cdn.shopify.com/s/files/1/0912/9351/6071/files/20241228_i1735368735_443_0_jpg.jpg?v=1759122019|https://cdn.shopify.com/s/files/1/0912/9351/6071/files/20241228_i1735368735_2542_7_jpg.jpg?v=1759122019|https://cdn.shopify.com/s/files/1/0912/9351/6071/files/20241228_i1735368735_2842_6_jpg.jpg?v=1759122019|https://cdn.shopify.com/s/files/1/0912/9351/6071/files/20241228_i1735368735_5345_1_jpg.jpg?v=1759122019|https://cdn.shopify.com/s/files/1/0912/9351/6071/files/20241228_i1735368735_6847_2_jpg.jpg?v=1759122019|https://cdn.shopify.com/s/files/1/0912/9351/6071/files/20241228_i1735368735_7118_3_jpg.jpg?v=1759122019|https://cdn.shopify.com/s/files/1/0912/9351/6071/files/20241228_i1735368735_7575_4_jpg.jpg?v=1759122019|https://cdn.shopify.com/s/files/1/0912/9351/6071/files/20241228_i1735368735_9724_5_jpg.jpg?v=1759122019|https://cdn.shopify.com/s/files/1/0912/9351/6071/files/20241228_i1735368743_275_0_jpg.jpg?v=1759122019,Hi I want BRIEFCASE 40 IN DRIED MOSS GRAINED CALFSKIN,
MESSENGER BAG 30 IN TROUT GRAY SOFT AND SHINY CALFSKIN,https://cdn.shopify.com/s/files/1/0912/9351/6071/files/20241219_i1734589049_4720_0_jpg.jpg?v=1759122030,handbags,prada,https://cdn.shopify.com/s/files/1/0912/9351/6071/files/20241219_i1734589049_4720_0_jpg.jpg?v=1759122030|https://cdn.shopify.com/s/files/1/0912/9351/6071/files/20241219_i1734589049_2514_2_jpg.jpg?v=1759122030|https://cdn.shopify.com/s/files/1/0912/9351/6071/files/20241219_i1734589049_4853_7_jpg.jpg?v=1759122030|https://cdn.shopify.com/s/files/1/0912/9351/6071/files/20241219_i1734589049_6676_1_jpg.jpg?v=1759122030|https://cdn.shopify.com/s/files/1/0912/9351/6071/files/20241219_i1734589049_6697_5_jpg.jpg?v=1759122030|https://cdn.shopify.com/s/files/1/0912/9351/6071/files/20241219_i1734589049_8272_4_jpg.jpg?v=1759122030|https://cdn.shopify.com/s/files/1/0912/9351/6071/files/20241219_i1734589049_9309_3_jpg.jpg?v=1759122030|https://cdn.shopify.com/s/files/1/0912/9351/6071/files/20241219_i1734589049_9476_6_jpg.jpg?v=1759122030|https://cdn.shopify.com/s/files/1/0912/9351/6071/files/20241219_i1734589056_6611_0_jpg.jpg?v=1759122030,Hi I want MESSENGER BAG 30 IN TROUT GRAY SOFT AND SHINY CALFSKIN,
MINI BOW TOTE BAG 18 IN BLACK PADDED NYLON FABRIC,https://cdn.shopify.com/s/files/1/0912/9351/6071/files/20241228_i1735370262_1038_1_jpg.jpg?v=1759122041,handbags,prada,https://cdn.shopify.com/s/files/1/0912/9351/6071/files/20241228_i1735370262_1038_1_jpg.jpg?v=1759122041|https://cdn.shopify.com/s/files/1/0912/9351/6071/files/20241228_i1735370262_39_4_jpg.jpg?v=1759122041|https://cdn.shopify.com/s/files/1/0912/9351/6071/files/20241228_i1735370262_1855_2_jpg.jpg?v=1759122041|https://cdn.shopify.com/s/files/1/0912/9351/6071/files/20241228_i1735370262_6893_5_jpg.jpg?v=1759122041|https://cdn.shopify.com/s/files/1/0912/9351/6071/files/20241228_i1735370262_8188_7_jpg.jpg?v=1759122041|https://cdn.shopify.com/s/files/1/0912/9351/6071/files/20241228_i1735370262_8518_8_jpg.jpg?v=1759122041|https://cdn.shopify.com/s/files/1/0912/9351/6071/files/20241228_i1735370262_8579_6_jpg.jpg?v=1759122041|https://cdn.shopify.com/s/files/1/0912/9351/6071/files/20241228_i1735370262_9965_3_jpg.jpg?v=1759122041|https://cdn.shopify.com/s/files/1/0912/9351/6071/files/20241228_i1735370330_8167_0_jpg.jpg?v=1759122041,Hi I want MINI BOW TOTE BAG 18 IN BLACK PADDED NYLON FABRIC,
BOW HOBO BAG 22 IN BLACK RE-NYLON AND LAMBSKIN,https://cdn.shopify.com/s/files/1/0912/9351/6071/files/20241228_i1735371153_6543_0_jpg.jpg?v=1759122052,handbags,prada,https://cdn.shopify.com/s/files/1/0912/9351/6071/files/20241228_i1735371153_6543_0_jpg.jpg?v=1759122052|https://cdn.shopify.com/s/files/1/0912/9351/6071/files/20241228_i1735371153_1472_3_jpg.jpg?v=1759122052|https://cdn.shopify.com/s/files/1/0912/9351/6071/files/20241228_i1735371153_1526_1_jpg.jpg?v=1759122052|https://cdn.shopify.com/s/files/1/0912/9351/6071/files/20241228_i1735371153_3321_6_jpg.jpg?v=1759122052|https://cdn.shopify.com/s/files/1/0912/9351/6071/files/20241228_i1735371153_3840_8_jpg.jpg?v=1759122052|https://cdn.shopify.com/s/files/1/0912/9351/6071/files/20241228_i1735371153_4938_4_jpg.jpg?v=1759122053|https://cdn.shopify.com/s/files/1/0912/9351/6071/files/20241228_i1735371153_7232_2_jpg.jpg?v=1759122053|https://cdn.shopify.com/s/files/1/0912/9351/6071/files/20241228_i1735371153_8973_5_jpg.jpg?v=1759122053|https://cdn.shopify.com/s/files/1/0912/9351/6071/files/20241228_i1735371153_9251_7_jpg.jpg?v=1759122053,Hi I want BOW HOBO BAG 22 IN BLACK RE-NYLON AND LAMBSKIN,
BOW BAG 18 IN BLACK RE-NYLON AND LAMBSKIN,https://cdn.shopify.com/s/files/1/0912/9351/6071/files/20241228_i1735371975_498_0_jpg.jpg?v=1759122064,handbags,prada,https://cdn.shopify.com/s/files/1/0912/9351/6071/files/20241228_i1735371975_498_0_jpg.jpg?v=1759122064|https://cdn.shopify.com/s/files/1/0912/9351/6071/files/20241228_i1735371975_1606_4_jpg.jpg?v=1759122064|https://cdn.shopify.com/s/files/1/0912/9351/6071/files/20241228_i1735371975_2471_2_jpg.jpg?v=1759122064|https://cdn.shopify.com/s/files/1/0912/9351/6071/files/20241228_i1735371975_4493_1_jpg.jpg?v=1759122064|https://cdn.shopify.com/s/files/1/0912/9351/6071/files/20241228_i1735371975_4941_5_jpg.jpg?v=1759122064|https://cdn.shopify.com/s/files/1/0912/9351/6071/files/20241228_i1735371975_8224_3_jpg.jpg?v=1759122064|https://cdn.shopify.com/s/files/1/0912/9351/6071/files/20241228_i1735372076_4277_2_jpg.jpg?v=1759122064|https://cdn.shopify.com/s/files/1/0912/9351/6071/files/20241228_i1735372076_7875_0_jpg.jpg?v=1759122064|https://cdn.shopify.com/s/files/1/0912/9351/6071/files/20241228_i1735372076_8425_1_jpg.jpg?v=1759122064,Hi I want BOW BAG 18 IN BLACK RE-NYLON AND LAMBSKIN,
CHEST BAG 20 IN BLACK SAFFIANO LEATHER,https://cdn.shopify.com/s/files/1/0912/9351/6071/files/20231103_i1698991949_1159_0_jpg.jpg?v=1759122076,handbags,prada,https://cdn.shopify.com/s/files/1/0912/9351/6071/files/20231103_i1698991949_1159_0_jpg.jpg?v=1759122076|https://cdn.shopify.com/s/files/1/0912/9351/6071/files/20231103_i1698991949_1672_8_jpg.jpg?v=1759122076|https://cdn.shopify.com/s/files/1/0912/9351/6071/files/20231103_i1698991949_2256_5_jpg.jpg?v=1759122076|https://cdn.shopify.com/s/files/1/0912/9351/6071/files/20231103_i1698991949_2825_2_jpg.jpg?v=1759122076|https://cdn.shopify.com/s/files/1/0912/9351/6071/files/20231103_i1698991949_4719_3_jpg.jpg?v=1759122076|https://cdn.shopify.com/s/files/1/0912/9351/6071/files/20231103_i1698991949_4887_1_jpg.jpg?v=1759122076|https://cdn.shopify.com/s/files/1/0912/9351/6071/files/20231103_i1698991949_5519_6_jpg.jpg?v=1759122076|https://cdn.shopify.com/s/files/1/0912/9351/6071/files/20231103_i1698991949_6679_4_jpg.jpg?v=1759122076|https://cdn.shopify.com/s/files/1/0912/9351/6071/files/20231103_i1698991949_8249_7_jpg.jpg?v=1759122076,Hi I want CHEST BAG 20 IN BLACK SAFFIANO LEATHER,
CHEST BAG 20 IN ECHO GRAY SAFFIANO LEATHER,https://cdn.shopify.com/s/files/1/0912/9351/6071/files/20240109_i1704776100_1645_0_jpg.jpg?v=1759122088,handbags,prada,https://cdn.shopify.com/s/files/1/0912/9351/6071/files/20240109_i1704776100_1645_0_jpg.jpg?v=1759122088|https://cdn.shopify.com/s/files/1/0912/9351/6071/files/20240109_i1704776100_2444_2_jpg.jpg?v=1759122088|https://cdn.shopify.com/s/files/1/0912/9351/6071/files/20240109_i1704776100_3338_5_jpg.jpg?v=1759122088|https://cdn.shopify.com/s/files/1/0912/9351/6071/files/20240109_i1704776100_4646_7_jpg.jpg?v=1759122088|https://cdn.shopify.com/s/files/1/0912/9351/6071/files/20240109_i1704776100_5683_1_jpg.jpg?v=1759122088|https://cdn.shopify.com/s/files/1/0912/9351/6071/files/20240109_i1704776100_6394_6_jpg.jpg?v=1759122088|https://cdn.shopify.com/s/files/1/0912/9351/6071/files/20240109_i1704776100_6641_8_jpg.jpg?v=1759122088|https://cdn.shopify.com/s/files/1/0912/9351/6071/files/20240109_i1704776100_7376_4_jpg.jpg?v=1759122088|https://cdn.shopify.com/s/files/1/0912/9351/6071/files/20240109_i1704776100_9272_3_jpg.jpg?v=1759122088,Hi I want CHEST BAG 20 IN ECHO GRAY SAFFIANO LEATHER,
CHEST BAG 20 IN WHITE SAFFIANO LEATHER,https://cdn.shopify.com/s/files/1/0912/9351/6071/files/20240522_i1716359472_7271_0_jpg.jpg?v=1759122101,handbags,prada,https://cdn.shopify.com/s/files/1/0912/9351/6071/files/20240522_i1716359472_7271_0_jpg.jpg?v=1759122101|https://cdn.shopify.com/s/files/1/0912/9351/6071/files/20240522_i1716359472_677_3_jpg.jpg?v=1759122101|https://cdn.shopify.com/s/files/1/0912/9351/6071/files/20240522_i1716359472_1058_7_jpg.jpg?v=1759122101|https://cdn.shopify.com/s/files/1/0912/9351/6071/files/20240522_i1716359472_2987_5_jpg.jpg?v=1759122101|https://cdn.shopify.com/s/files/1/0912/9351/6071/files/20240522_i1716359472_8017_6_jpg.jpg?v=1759122101|https://cdn.shopify.com/s/files/1/0912/9351/6071/files/20240522_i1716359472_8026_8_jpg.jpg?v=1759122101|https://cdn.shopify.com/s/files/1/0912/9351/6071/files/20240522_i1716359472_8099_1_jpg.jpg?v=1759122101|https://cdn.shopify.com/s/files/1/0912/9351/6071/files/20240522_i1716359472_8543_4_jpg.jpg?v=1759122101|https://cdn.shopify.com/s/files/1/0912/9351/6071/files/20240522_i1716359472_9641_2_jpg.jpg?v=1759122101,Hi I want CHEST BAG 20 IN WHITE SAFFIANO LEATHER,
HOBO BAG 35 IN GINGERBREAD SUEDE SILVER LOGO,https://cdn.shopify.com/s/files/1/0912/9351/6071/files/20250109_i1736406662_1049_2_jpg.jpg?v=1759122136,handbags,prada,https://cdn.shopify.com/s/files/1/0912/9351/6071/files/20250109_i1736406662_1049_2_jpg.jpg?v=1759122136|https://cdn.shopify.com/s/files/1/0912/9351/6071/files/20250109_i1736406662_1438_0_jpg.jpg?v=1759122136|https://cdn.shopify.com/s/files/1/0912/9351/6071/files/20250109_i1736406662_1822_6_jpg.jpg?v=1759122136|https://cdn.shopify.com/s/files/1/0912/9351/6071/files/20250109_i1736406662_3504_1_jpg.jpg?v=1759122136|https://cdn.shopify.com/s/files/1/0912/9351/6071/files/20250109_i1736406662_4760_3_jpg.jpg?v=1759122136|https://cdn.shopify.com/s/files/1/0912/9351/6071/files/20250109_i1736406662_4997_4_jpg.jpg?v=1759122136|https://cdn.shopify.com/s/files/1/0912/9351/6071/files/20250109_i1736406662_7773_8_jpg.jpg?v=1759122136|https://cdn.shopify.com/s/files/1/0912/9351/6071/files/20250109_i1736406662_8634_5_jpg.jpg?v=1759122136|https://cdn.shopify.com/s/files/1/0912/9351/6071/files/20250109_i1736406662_9164_7_jpg.jpg?v=1759122136,Hi I want HOBO BAG 35 IN GINGERBREAD SUEDE SILVER LOGO,
TRAVEL BAG 40 IN BLACK WATERPROOF FABRIC GOLD PADLOCK,https://cdn.shopify.com/s/files/1/0912/9351/6071/files/20250109_i1736407494_8000_0_jpg.jpg?v=1759122149,handbags,prada,https://cdn.shopify.com/s/files/1/0912/9351/6071/files/20250109_i1736407494_8000_0_jpg.jpg?v=1759122149|https://cdn.shopify.com/s/files/1/0912/9351/6071/files/20250109_i1736407074_3684_5_jpg.jpg?v=1759122149|https://cdn.shopify.com/s/files/1/0912/9351/6071/files/20250109_i1736407074_5862_4_jpg.jpg?v=1759122149|https://cdn.shopify.com/s/files/1/0912/9351/6071/files/20250109_i1736407074_5987_2_jpg.jpg?v=1759122149|https://cdn.shopify.com/s/files/1/0912/9351/6071/files/20250109_i1736407074_7378_1_jpg.jpg?v=1759122149|https://cdn.shopify.com/s/files/1/0912/9351/6071/files/20250109_i1736407074_7555_3_jpg.jpg?v=1759122149|https://cdn.shopify.com/s/files/1/0912/9351/6071/files/20250109_i1736407074_7627_6_jpg.jpg?v=1759122149|https://cdn.shopify.com/s/files/1/0912/9351/6071/files/20250109_i1736407074_7672_7_jpg.jpg?v=1759122149|https://cdn.shopify.com/s/files/1/0912/9351/6071/files/20250109_i1736407081_2292_0_jpg.jpg?v=1759122149,Hi I want TRAVEL BAG 40 IN BLACK WATERPROOF FABRIC GOLD PADLOCK,
MESSENGER BAG 25 IN FOREST GREEN MIX CREAM TRIANGLE PATTERN EMBROIDERED FABRIC,https://cdn.shopify.com/s/files/1/0912/9351/6071/files/20250121_i1737445050_7111_0_jpg.jpg?v=1759122160,handbags,prada,https://cdn.shopify.com/s/files/1/0912/9351/6071/files/20250121_i1737445050_7111_0_jpg.jpg?v=1759122160|https://cdn.shopify.com/s/files/1/0912/9351/6071/files/20250121_i1737445050_640_6_jpg.jpg?v=1759122160|https://cdn.shopify.com/s/files/1/0912/9351/6071/files/20250121_i1737445050_1816_3_jpg.jpg?v=1759122160|https://cdn.shopify.com/s/files/1/0912/9351/6071/files/20250121_i1737445050_2835_5_jpg.jpg?v=1759122160|https://cdn.shopify.com/s/files/1/0912/9351/6071/files/20250121_i1737445050_3188_4_jpg.jpg?v=1759122160|https://cdn.shopify.com/s/files/1/0912/9351/6071/files/20250121_i1737445050_4044_7_jpg.jpg?v=1759122160|https://cdn.shopify.com/s/files/1/0912/9351/6071/files/20250121_i1737445050_5984_2_jpg.jpg?v=1759122160|https://cdn.shopify.com/s/files/1/0912/9351/6071/files/20250121_i1737445050_8083_1_jpg.jpg?v=1759122160|https://cdn.shopify.com/s/files/1/0912/9351/6071/files/20250121_i1737445059_5131_0_jpg.jpg?v=1759122160,Hi I want MESSENGER BAG 25 IN FOREST GREEN MIX CREAM TRIANGLE PATTERN EMBROIDERED FABRIC,
MESSENGER BAG 25 IN BLUE MIX WHITE TRIANGLE PATTERN EMBROIDERED FABRIC,https://cdn.shopify.com/s/files/1/0912/9351/6071/files/20250121_i1737446355_9889_0_jpg.jpg?v=1759122186,handbags,prada,https://cdn.shopify.com/s/files/1/0912/9351/6071/files/20250121_i1737446355_9889_0_jpg.jpg?v=1759122186|https://cdn.shopify.com/s/files/1/0912/9351/6071/files/20250121_i1737446355_7771_7_jpg.jpg?v=1759122186|https://cdn.shopify.com/s/files/1/0912/9351/6071/files/20250121_i1737446363_3173_0_jpg.jpg?v=1759122186|https://cdn.shopify.com/s/files/1/0912/9351/6071/files/20250121_i1737446355_4089_5_jpg.jpg?v=1759122186|https://cdn.shopify.com/s/files/1/0912/9351/6071/files/20250121_i1737446355_4295_6_jpg.jpg?v=1759122186|https://cdn.shopify.com/s/files/1/0912/9351/6071/files/20250121_i1737446355_5047_3_jpg.jpg?v=1759122186|https://cdn.shopify.com/s/files/1/0912/9351/6071/files/20250121_i1737446355_5168_4_jpg.jpg?v=1759122186|https://cdn.shopify.com/s/files/1/0912/9351/6071/files/20250121_i1737446355_5724_2_jpg.jpg?v=1759122186|https://cdn.shopify.com/s/files/1/0912/9351/6071/files/20250121_i1737446355_6168_1_jpg.jpg?v=1759122186,Hi I want MESSENGER BAG 25 IN BLUE MIX WHITE TRIANGLE PATTERN EMBROIDERED FABRIC,
MESSENGER BAG 25 IN BROWN MIX CREAM TRIANGLE PATTERN EMBROIDERED FABRIC,https://cdn.shopify.com/s/files/1/0912/9351/6071/files/20250121_i1737446569_7267_0_jpg.jpg?v=1759122202,handbags,prada,https://cdn.shopify.com/s/files/1/0912/9351/6071/files/20250121_i1737446569_7267_0_jpg.jpg?v=1759122202|https://cdn.shopify.com/s/files/1/0912/9351/6071/files/20250121_i1737446569_1768_1_jpg.jpg?v=1759122202|https://cdn.shopify.com/s/files/1/0912/9351/6071/files/20250121_i1737446569_4939_8_jpg.jpg?v=1759122202|https://cdn.shopify.com/s/files/1/0912/9351/6071/files/20250121_i1737446569_5963_4_jpg.jpg?v=1759122202|https://cdn.shopify.com/s/files/1/0912/9351/6071/files/20250121_i1737446569_7662_7_jpg.jpg?v=1759122202|https://cdn.shopify.com/s/files/1/0912/9351/6071/files/20250121_i1737446569_8122_3_jpg.jpg?v=1759122202|https://cdn.shopify.com/s/files/1/0912/9351/6071/files/20250121_i1737446569_8161_6_jpg.jpg?v=1759122202|https://cdn.shopify.com/s/files/1/0912/9351/6071/files/20250121_i1737446569_9127_5_jpg.jpg?v=1759122202|https://cdn.shopify.com/s/files/1/0912/9351/6071/files/20250121_i1737446569_9996_2_jpg.jpg?v=1759122202,Hi I want MESSENGER BAG 25 IN BROWN MIX CREAM TRIANGLE PATTERN EMBROIDERED FABRIC,
TOTE BAG 33 IN BLUE MIX WHITE TRIANGLE PATTERN EMBROIDERED FABRIC,https://cdn.shopify.com/s/files/1/0912/9351/6071/files/20250123_i1737610117_2786_3_jpg.jpg?v=1759122214,handbags,prada,https://cdn.shopify.com/s/files/1/0912/9351/6071/files/20250123_i1737610117_2786_3_jpg.jpg?v=1759122214|https://cdn.shopify.com/s/files/1/0912/9351/6071/files/20250123_i1737610117_1034_4_jpg.jpg?v=1759122214|https://cdn.shopify.com/s/files/1/0912/9351/6071/files/20250123_i1737610117_1127_7_jpg.jpg?v=1759122214|https://cdn.shopify.com/s/files/1/0912/9351/6071/files/20250123_i1737610117_7679_6_jpg.jpg?v=1759122214|https://cdn.shopify.com/s/files/1/0912/9351/6071/files/20250123_i1737610117_8899_5_jpg.jpg?v=1759122214|https://cdn.shopify.com/s/files/1/0912/9351/6071/files/20250123_i1737610117_9209_8_jpg.jpg?v=1759122214|https://cdn.shopify.com/s/files/1/0912/9351/6071/files/20250123_i1737610136_4614_0_jpg.jpg?v=1759122214|https://cdn.shopify.com/s/files/1/0912/9351/6071/files/20250123_i1737610136_6497_1_jpg.jpg?v=1759122214|https://cdn.shopify.com/s/files/1/0912/9351/6071/files/20250123_i1737610153_6595_0_jpg.jpg?v=1759122214,Hi I want TOTE BAG 33 IN BLUE MIX WHITE TRIANGLE PATTERN EMBROIDERED FABRIC,
TOTE BAG 33 IN ORANGE MIX WHITE TRIANGLE PATTERN EMBROIDERED FABRIC,https://cdn.shopify.com/s/files/1/0912/9351/6071/files/20250123_i1737613726_9651_0_jpg.jpg?v=1759122225,handbags,prada,https://cdn.shopify.com/s/files/1/0912/9351/6071/files/20250123_i1737613726_9651_0_jpg.jpg?v=1759122225|https://cdn.shopify.com/s/files/1/0912/9351/6071/files/20250123_i1737613726_4385_4_jpg.jpg?v=1759122225|https://cdn.shopify.com/s/files/1/0912/9351/6071/files/20250123_i1737613726_6647_3_jpg.jpg?v=1759122225|https://cdn.shopify.com/s/files/1/0912/9351/6071/files/20250123_i1737613726_8312_5_jpg.jpg?v=1759122225|https://cdn.shopify.com/s/files/1/0912/9351/6071/files/20250123_i1737613726_136_7_jpg.jpg?v=1759122225|https://cdn.shopify.com/s/files/1/0912/9351/6071/files/20250123_i1737613726_948_6_jpg.jpg?v=1759122225|https://cdn.shopify.com/s/files/1/0912/9351/6071/files/20250123_i1737613726_5843_2_jpg.jpg?v=1759122225|https://cdn.shopify.com/s/files/1/0912/9351/6071/files/20250123_i1737613726_6160_1_jpg.jpg?v=1759122225|https://cdn.shopify.com/s/files/1/0912/9351/6071/files/20250123_i1737613876_743_0_jpg.jpg?v=1759122225,Hi I want TOTE BAG 33 IN ORANGE MIX WHITE TRIANGLE PATTERN EMBROIDERED FABRIC,
TOTE BAG 33 IN FOREST GREEN MIX CREAM TRIANGLE PATTERN EMBROIDERED FABRIC,https://cdn.shopify.com/s/files/1/0912/9351/6071/files/20250123_i1737613594_5596_0_jpg.jpg?v=1759122237,handbags,prada,https://cdn.shopify.com/s/files/1/0912/9351/6071/files/20250123_i1737613594_5596_0_jpg.jpg?v=1759122237|https://cdn.shopify.com/s/files/1/0912/9351/6071/files/20250123_i1737613594_1117_1_jpg.jpg?v=1759122237|https://cdn.shopify.com/s/files/1/0912/9351/6071/files/20250123_i1737613594_1470_7_jpg.jpg?v=1759122237|https://cdn.shopify.com/s/files/1/0912/9351/6071/files/20250123_i1737613594_1735_2_jpg.jpg?v=1759122237|https://cdn.shopify.com/s/files/1/0912/9351/6071/files/20250123_i1737613594_2366_3_jpg.jpg?v=1759122237|https://cdn.shopify.com/s/files/1/0912/9351/6071/files/20250123_i1737613594_4283_8_jpg.jpg?v=1759122237|https://cdn.shopify.com/s/files/1/0912/9351/6071/files/20250123_i1737613594_6476_4_jpg.jpg?v=1759122237|https://cdn.shopify.com/s/files/1/0912/9351/6071/files/20250123_i1737613594_7001_5_jpg.jpg?v=1759122237|https://cdn.shopify.com/s/files/1/0912/9351/6071/files/20250123_i1737613594_9756_6_jpg.jpg?v=1759122237,Hi I want TOTE BAG 33 IN FOREST GREEN MIX CREAM TRIANGLE PATTERN EMBROIDERED FABRIC,
TOTE BAG 33 IN BROWN MIX CREAM TRIANGLE PATTERN EMBROIDERED FABRIC,https://cdn.shopify.com/s/files/1/0912/9351/6071/files/20250123_i1737614454_5978_0_jpg.jpg?v=1759122248,handbags,prada,https://cdn.shopify.com/s/files/1/0912/9351/6071/files/20250123_i1737614454_5978_0_jpg.jpg?v=1759122248|https://cdn.shopify.com/s/files/1/0912/9351/6071/files/20250123_i1737614454_1028_2_jpg.jpg?v=1759122248|https://cdn.shopify.com/s/files/1/0912/9351/6071/files/20250123_i1737614454_5852_6_jpg.jpg?v=1759122248|https://cdn.shopify.com/s/files/1/0912/9351/6071/files/20250123_i1737614454_6100_7_jpg.jpg?v=1759122248|https://cdn.shopify.com/s/files/1/0912/9351/6071/files/20250123_i1737614454_6229_1_jpg.jpg?v=1759122248|https://cdn.shopify.com/s/files/1/0912/9351/6071/files/20250123_i1737614454_6528_4_jpg.jpg?v=1759122248|https://cdn.shopify.com/s/files/1/0912/9351/6071/files/20250123_i1737614454_6665_5_jpg.jpg?v=1759122248|https://cdn.shopify.com/s/files/1/0912/9351/6071/files/20250123_i1737614454_9840_3_jpg.jpg?v=1759122248|https://cdn.shopify.com/s/files/1/0912/9351/6071/files/20250123_i1737614509_7305_0_jpg.jpg?v=1759122248,Hi I want TOTE BAG 33 IN BROWN MIX CREAM TRIANGLE PATTERN EMBROIDERED FABRIC,
BUCKET BAG 28 IN BEIGE RE-NYLON GOLD LOGO,https://cdn.shopify.com/s/files/1/0912/9351/6071/files/20250124_i1737697496_673_0_jpg.jpg?v=1759122259,handbags,prada,https://cdn.shopify.com/s/files/1/0912/9351/6071/files/20250124_i1737697496_673_0_jpg.jpg?v=1759122259|https://cdn.shopify.com/s/files/1/0912/9351/6071/files/20250124_i1737697496_2334_3_jpg.jpg?v=1759122259|https://cdn.shopify.com/s/files/1/0912/9351/6071/files/20250124_i1737697496_5583_1_jpg.jpg?v=1759122259|https://cdn.shopify.com/s/files/1/0912/9351/6071/files/20250124_i1737697496_6180_6_jpg.jpg?v=1759122259|https://cdn.shopify.com/s/files/1/0912/9351/6071/files/20250124_i1737697496_6594_2_jpg.jpg?v=1759122259|https://cdn.shopify.com/s/files/1/0912/9351/6071/files/20250124_i1737697496_6786_4_jpg.jpg?v=1759122259|https://cdn.shopify.com/s/files/1/0912/9351/6071/files/20250124_i1737697496_9011_7_jpg.jpg?v=1759122259|https://cdn.shopify.com/s/files/1/0912/9351/6071/files/20250124_i1737697496_9143_5_jpg.jpg?v=1759122259|https://cdn.shopify.com/s/files/1/0912/9351/6071/files/20250124_i1737697508_3612_0_jpg.jpg?v=1759122259,Hi I want BUCKET BAG 28 IN BEIGE RE-NYLON GOLD LOGO,
BUCKET BAG 28 IN BLACK RE-NYLON GOLD LOGO,https://cdn.shopify.com/s/files/1/0912/9351/6071/files/20250124_i1737696634_1308_0_jpg.jpg?v=1759122273,handbags,prada,https://cdn.shopify.com/s/files/1/0912/9351/6071/files/20250124_i1737696634_1308_0_jpg.jpg?v=1759122273|https://cdn.shopify.com/s/files/1/0912/9351/6071/files/20250124_i1737696634_2638_4_jpg.jpg?v=1759122273|https://cdn.shopify.com/s/files/1/0912/9351/6071/files/20250124_i1737696634_2986_6_jpg.jpg?v=1759122273|https://cdn.shopify.com/s/files/1/0912/9351/6071/files/20250124_i1737696634_8882_2_jpg.jpg?v=1759122273|https://cdn.shopify.com/s/files/1/0912/9351/6071/files/20250124_i1737696634_9133_5_jpg.jpg?v=1759122273|https://cdn.shopify.com/s/files/1/0912/9351/6071/files/20250124_i1737696634_9193_3_jpg.jpg?v=1759122273|https://cdn.shopify.com/s/files/1/0912/9351/6071/files/20250124_i1737696701_119_0_jpg.jpg?v=1759122273|https://cdn.shopify.com/s/files/1/0912/9351/6071/files/20250124_i1737696730_468_0_jpg.jpg?v=1759122273|https://cdn.shopify.com/s/files/1/0912/9351/6071/files/20250124_i1737696752_1800_0_jpg.jpg?v=1759122273,Hi I want BUCKET BAG 28 IN BLACK RE-NYLON GOLD LOGO,
BUCKET BAG 28 IN SEPIA BROWN RE-NYLON GOLD LOGO,https://cdn.shopify.com/s/files/1/0912/9351/6071/files/20250124_i1737698253_1560_0_jpg.jpg?v=1759122286,handbags,prada,https://cdn.shopify.com/s/files/1/0912/9351/6071/files/20250124_i1737698253_1560_0_jpg.jpg?v=1759122286|https://cdn.shopify.com/s/files/1/0912/9351/6071/files/20250124_i1737698253_2098_6_jpg.jpg?v=1759122286|https://cdn.shopify.com/s/files/1/0912/9351/6071/files/20250124_i1737698253_5652_5_jpg.jpg?v=1759122286|https://cdn.shopify.com/s/files/1/0912/9351/6071/files/20250124_i1737698253_6180_4_jpg.jpg?v=1759122286|https://cdn.shopify.com/s/files/1/0912/9351/6071/files/20250124_i1737698253_8110_3_jpg.jpg?v=1759122286|https://cdn.shopify.com/s/files/1/0912/9351/6071/files/20250124_i1737698312_3217_0_jpg.jpg?v=1759122286|https://cdn.shopify.com/s/files/1/0912/9351/6071/files/20250124_i1737698312_7316_1_jpg.jpg?v=1759122286|https://cdn.shopify.com/s/files/1/0912/9351/6071/files/20250124_i1737698253_999_1_jpg.jpg?v=1759122286|https://cdn.shopify.com/s/files/1/0912/9351/6071/files/20250124_i1737698253_3802_2_jpg.jpg?v=1759122286,Hi I want BUCKET BAG 28 IN SEPIA BROWN RE-NYLON GOLD LOGO,
LARGE RECTANGULAR BAG 30 IN BLACK OIL WAX LAMBSKIN GOLD HARDWARE,https://cdn.shopify.com/s/files/1/0912/9351/6071/files/20250117_i1737098433_6257_0_jpg.jpg?v=1759122297,handbags,prada,https://cdn.shopify.com/s/files/1/0912/9351/6071/files/20250117_i1737098433_6257_0_jpg.jpg?v=1759122297|https://cdn.shopify.com/s/files/1/0912/9351/6071/files/20250117_i1737098433_1263_4_jpg.jpg?v=1759122297|https://cdn.shopify.com/s/files/1/0912/9351/6071/files/20250117_i1737098433_2917_6_jpg.jpg?v=1759122297|https://cdn.shopify.com/s/files/1/0912/9351/6071/files/20250117_i1737098433_3119_5_jpg.jpg?v=1759122297|https://cdn.shopify.com/s/files/1/0912/9351/6071/files/20250117_i1737098433_6169_7_jpg.jpg?v=1759122297|https://cdn.shopify.com/s/files/1/0912/9351/6071/files/20250117_i1737098440_7051_0_jpg.jpg?v=1759122297|https://cdn.shopify.com/s/files/1/0912/9351/6071/files/20250117_i1737098433_362_1_jpg.jpg?v=1759122297|https://cdn.shopify.com/s/files/1/0912/9351/6071/files/20250117_i1737098433_6126_2_jpg.jpg?v=1759122297|https://cdn.shopify.com/s/files/1/0912/9351/6071/files/20250117_i1737098433_8592_3_jpg.jpg?v=1759122297,Hi I want LARGE RECTANGULAR BAG 30 IN BLACK OIL WAX LAMBSKIN GOLD HARDWARE,
LARGE RECTANGULAR BAG 30 IN WHITE OIL WAX LAMBSKIN GOLD HARDWARE,https://cdn.shopify.com/s/files/1/0912/9351/6071/files/20250117_i1737099277_9761_0_jpg.jpg?v=1759122310,handbags,prada,https://cdn.shopify.com/s/files/1/0912/9351/6071/files/20250117_i1737099277_9761_0_jpg.jpg?v=1759122310|https://cdn.shopify.com/s/files/1/0912/9351/6071/files/20250117_i1737099277_753_3_jpg.jpg?v=1759122310|https://cdn.shopify.com/s/files/1/0912/9351/6071/files/20250117_i1737099277_2415_5_jpg.jpg?v=1759122310|https://cdn.shopify.com/s/files/1/0912/9351/6071/files/20250117_i1737099277_2521_4_jpg.jpg?v=1759122310|https://cdn.shopify.com/s/files/1/0912/9351/6071/files/20250117_i1737099277_2842_2_jpg.jpg?v=1759122310|https://cdn.shopify.com/s/files/1/0912/9351/6071/files/20250117_i1737099277_5237_7_jpg.jpg?v=1759122310|https://cdn.shopify.com/s/files/1/0912/9351/6071/files/20250117_i1737099277_5284_8_jpg.jpg?v=1759122310|https://cdn.shopify.com/s/files/1/0912/9351/6071/files/20250117_i1737099277_6118_6_jpg.jpg?v=1759122310|https://cdn.shopify.com/s/files/1/0912/9351/6071/files/20250117_i1737099277_8177_1_jpg.jpg?v=1759122310,Hi I want LARGE RECTANGULAR BAG 30 IN WHITE OIL WAX LAMBSKIN GOLD HARDWARE,
SMALL RECTANGULAR BAG 14 IN BLACK OIL WAX LAMBSKIN GOLD HARDWARE,https://cdn.shopify.com/s/files/1/0912/9351/6071/files/20250117_i1737099516_6832_0_jpg.jpg?v=1759122326,handbags,prada,https://cdn.shopify.com/s/files/1/0912/9351/6071/files/20250117_i1737099516_6832_0_jpg.jpg?v=1759122326|https://cdn.shopify.com/s/files/1/0912/9351/6071/files/20250117_i1737099516_1649_2_jpg.jpg?v=1759122326|https://cdn.shopify.com/s/files/1/0912/9351/6071/files/20250117_i1737099516_2002_7_jpg.jpg?v=1759122326|https://cdn.shopify.com/s/files/1/0912/9351/6071/files/20250117_i1737099516_4915_1_jpg.jpg?v=1759122326|https://cdn.shopify.com/s/files/1/0912/9351/6071/files/20250117_i1737099516_5400_4_jpg.jpg?v=1759122326|https://cdn.shopify.com/s/files/1/0912/9351/6071/files/20250117_i1737099516_6609_6_jpg.jpg?v=1759122326|https://cdn.shopify.com/s/files/1/0912/9351/6071/files/20250117_i1737099516_7221_5_jpg.jpg?v=1759122326|https://cdn.shopify.com/s/files/1/0912/9351/6071/files/20250117_i1737099516_7372_3_jpg.jpg?v=1759122326|https://cdn.shopify.com/s/files/1/0912/9351/6071/files/20250117_i1737099619_4725_0_jpg.jpg?v=1759122326,Hi I want SMALL RECTANGULAR BAG 14 IN BLACK OIL WAX LAMBSKIN GOLD HARDWARE,
SMALL RECTANGULAR BAG 14 IN WHITE OIL WAX LAMBSKIN GOLD HARDWARE,https://cdn.shopify.com/s/files/1/0912/9351/6071/files/20250117_i1737100385_823_0_jpg.jpg?v=1759122337,handbags,prada,https://cdn.shopify.com/s/files/1/0912/9351/6071/files/20250117_i1737100385_823_0_jpg.jpg?v=1759122337|https://cdn.shopify.com/s/files/1/0912/9351/6071/files/20250117_i1737100385_62_8_jpg.jpg?v=1759122337|https://cdn.shopify.com/s/files/1/0912/9351/6071/files/20250117_i1737100385_523_4_jpg.jpg?v=1759122337|https://cdn.shopify.com/s/files/1/0912/9351/6071/files/20250117_i1737100385_1749_5_jpg.jpg?v=1759122337|https://cdn.shopify.com/s/files/1/0912/9351/6071/files/20250117_i1737100385_2414_3_jpg.jpg?v=1759122337|https://cdn.shopify.com/s/files/1/0912/9351/6071/files/20250117_i1737100385_3958_1_jpg.jpg?v=1759122337|https://cdn.shopify.com/s/files/1/0912/9351/6071/files/20250117_i1737100385_6902_7_jpg.jpg?v=1759122337|https://cdn.shopify.com/s/files/1/0912/9351/6071/files/20250117_i1737100385_7577_6_jpg.jpg?v=1759122337|https://cdn.shopify.com/s/files/1/0912/9351/6071/files/20250117_i1737100385_9882_2_jpg.jpg?v=1759122337,Hi I want SMALL RECTANGULAR BAG 14 IN WHITE OIL WAX LAMBSKIN GOLD HARDWARE,
CLUTCH 12 IN PASSION RED RE-NYLON,https://cdn.shopify.com/s/files/1/0912/9351/6071/files/20240614_i1718347132_7975_1_jpg.jpg?v=1759122348,handbags,prada,https://cdn.shopify.com/s/files/1/0912/9351/6071/files/20240614_i1718347132_7975_1_jpg.jpg?v=1759122348|https://cdn.shopify.com/s/files/1/0912/9351/6071/files/20240614_i1718347132_1640_4_jpg.jpg?v=1759122348|https://cdn.shopify.com/s/files/1/0912/9351/6071/files/20240614_i1718347132_3459_3_jpg.jpg?v=1759122349|https://cdn.shopify.com/s/files/1/0912/9351/6071/files/20240614_i1718347132_6806_7_jpg.jpg?v=1759122349|https://cdn.shopify.com/s/files/1/0912/9351/6071/files/20240614_i1718347132_8990_8_jpg.jpg?v=1759122349|https://cdn.shopify.com/s/files/1/0912/9351/6071/files/20240614_i1718347132_9228_5_jpg.jpg?v=1759122349|https://cdn.shopify.com/s/files/1/0912/9351/6071/files/20240614_i1718347132_9317_6_jpg.jpg?v=1759122349|https://cdn.shopify.com/s/files/1/0912/9351/6071/files/20240614_i1718347132_885_0_jpg.jpg?v=1759122349|https://cdn.shopify.com/s/files/1/0912/9351/6071/files/20240614_i1718347132_3014_2_jpg.jpg?v=1759122349,Hi I want CLUTCH 12 IN PASSION RED RE-NYLON,
CLUTCH 12 IN CANDY PINK RE-NYLON,https://cdn.shopify.com/s/files/1/0912/9351/6071/files/20240614_i1718347242_9231_2_jpg.jpg?v=1759122361,handbags,prada,https://cdn.shopify.com/s/files/1/0912/9351/6071/files/20240614_i1718347242_9231_2_jpg.jpg?v=1759122361|https://cdn.shopify.com/s/files/1/0912/9351/6071/files/20240614_i1718347242_356_7_jpg.jpg?v=1759122361|https://cdn.shopify.com/s/files/1/0912/9351/6071/files/20240614_i1718347242_3094_4_jpg.jpg?v=1759122361|https://cdn.shopify.com/s/files/1/0912/9351/6071/files/20240614_i1718347242_4567_8_jpg.jpg?v=1759122361|https://cdn.shopify.com/s/files/1/0912/9351/6071/files/20240614_i1718347242_5379_5_jpg.jpg?v=1759122361|https://cdn.shopify.com/s/files/1/0912/9351/6071/files/20240614_i1718347242_7539_6_jpg.jpg?v=1759122361|https://cdn.shopify.com/s/files/1/0912/9351/6071/files/20240614_i1718347242_9594_3_jpg.jpg?v=1759122361|https://cdn.shopify.com/s/files/1/0912/9351/6071/files/20240614_i1718347242_4453_1_jpg.jpg?v=1759122361|https://cdn.shopify.com/s/files/1/0912/9351/6071/files/20240614_i1718347242_6269_0_jpg.jpg?v=1759122361,Hi I want CLUTCH 12 IN CANDY PINK RE-NYLON,
DRAWSTRING BUCKET BAG 25 IN BLACK SOFT LAMBSKIN,https://cdn.shopify.com/s/files/1/0912/9351/6071/files/img_789d3f88_20250210_i1739196885803_1698_0_3_jpg.jpg?v=1759122386,handbags,prada,https://cdn.shopify.com/s/files/1/0912/9351/6071/files/img_789d3f88_20250210_i1739196885803_1698_0_3_jpg.jpg?v=1759122386|https://cdn.shopify.com/s/files/1/0912/9351/6071/files/img_789d3f88_20250210_i1739196883965_970_0_2_jpg.jpg?v=1759122386|https://cdn.shopify.com/s/files/1/0912/9351/6071/files/img_789d3f88_20250210_i1739196883965_1712_0_1_jpg.jpg?v=1759122386|https://cdn.shopify.com/s/files/1/0912/9351/6071/files/img_789d3f88_20250210_i1739196883965_5254_0_5_jpg.jpg?v=1759122386|https://cdn.shopify.com/s/files/1/0912/9351/6071/files/img_789d3f88_20250210_i1739196883965_6715_0_4_jpg.jpg?v=1759122386|https://cdn.shopify.com/s/files/1/0912/9351/6071/files/img_789d3f88_20250210_i1739196883965_7303_0_6_jpg.jpg?v=1759122386|https://cdn.shopify.com/s/files/1/0912/9351/6071/files/img_789d3f88_20250210_i1739196885692_9710_0_0_jpg.jpg?v=1759122386|https://cdn.shopify.com/s/files/1/0912/9351/6071/files/img_789d3f88_20250210_i1739196885722_270_0_7_jpg.jpg?v=1759122387|https://cdn.shopify.com/s/files/1/0912/9351/6071/files/img_789d3f88_20250210_i1739196885753_9438_0_8_jpg.jpg?v=1759122387,Hi I want DRAWSTRING BUCKET BAG 25 IN BLACK SOFT LAMBSKIN,
HOBO BAG 21 IN BLACK SOFT LAMBSKIN,https://cdn.shopify.com/s/files/1/0912/9351/6071/files/20230413_i1681371064_8438_0_jpg.jpg?v=1759122398,handbags,prada,https://cdn.shopify.com/s/files/1/0912/9351/6071/files/20230413_i1681371064_8438_0_jpg.jpg?v=1759122398|https://cdn.shopify.com/s/files/1/0912/9351/6071/files/20230413_i1681371064_1346_7_jpg.jpg?v=1759122398|https://cdn.shopify.com/s/files/1/0912/9351/6071/files/20230413_i1681371064_2752_3_jpg.jpg?v=1759122398|https://cdn.shopify.com/s/files/1/0912/9351/6071/files/20230413_i1681371064_6057_2_jpg.jpg?v=1759122398|https://cdn.shopify.com/s/files/1/0912/9351/6071/files/20230413_i1681371064_6121_5_jpg.jpg?v=1759122398|https://cdn.shopify.com/s/files/1/0912/9351/6071/files/20230413_i1681371064_6284_1_jpg.jpg?v=1759122398|https://cdn.shopify.com/s/files/1/0912/9351/6071/files/20230413_i1681371064_7529_8_jpg.jpg?v=1759122398|https://cdn.shopify.com/s/files/1/0912/9351/6071/files/20230413_i1681371064_8081_6_jpg.jpg?v=1759122398|https://cdn.shopify.com/s/files/1/0912/9351/6071/files/20230413_i1681371064_9621_4_jpg.jpg?v=1759122398,Hi I want HOBO BAG 21 IN BLACK SOFT LAMBSKIN,
CAMERA BAG 23 IN CASTLETON GREEN WRINKLED LAMBSKIN,https://cdn.shopify.com/s/files/1/0912/9351/6071/files/20230424_i1682321969_7194_1_jpg.jpg?v=1759122410,handbags,prada,https://cdn.shopify.com/s/files/1/0912/9351/6071/files/20230424_i1682321969_7194_1_jpg.jpg?v=1759122410|https://cdn.shopify.com/s/files/1/0912/9351/6071/files/20230424_i1682321969_381_6_jpg.jpg?v=1759122410|https://cdn.shopify.com/s/files/1/0912/9351/6071/files/20230424_i1682321969_2302_4_jpg.jpg?v=1759122410|https://cdn.shopify.com/s/files/1/0912/9351/6071/files/20230424_i1682321969_3848_7_jpg.jpg?v=1759122410|https://cdn.shopify.com/s/files/1/0912/9351/6071/files/20230424_i1682321969_4932_0_jpg.jpg?v=1759122410|https://cdn.shopify.com/s/files/1/0912/9351/6071/files/20230424_i1682321969_5246_2_jpg.jpg?v=1759122410|https://cdn.shopify.com/s/files/1/0912/9351/6071/files/20230424_i1682321969_8253_8_jpg.jpg?v=1759122410|https://cdn.shopify.com/s/files/1/0912/9351/6071/files/20230424_i1682321969_8344_5_jpg.jpg?v=1759122410|https://cdn.shopify.com/s/files/1/0912/9351/6071/files/20230424_i1682321969_8540_3_jpg.jpg?v=1759122410,Hi I want CAMERA BAG 23 IN CASTLETON GREEN WRINKLED LAMBSKIN,
CAMERA BAG 23 IN CREAM WRINKLED LAMBSKIN,https://cdn.shopify.com/s/files/1/0912/9351/6071/files/20230621_i1687335175_9962_2_jpg.jpg?v=1759122420,handbags,prada,https://cdn.shopify.com/s/files/1/0912/9351/6071/files/20230621_i1687335175_9962_2_jpg.jpg?v=1759122420|https://cdn.shopify.com/s/files/1/0912/9351/6071/files/20230621_i1687335175_7_6_jpg.jpg?v=1759122420|https://cdn.shopify.com/s/files/1/0912/9351/6071/files/20230621_i1687335175_1943_5_jpg.jpg?v=1759122420|https://cdn.shopify.com/s/files/1/0912/9351/6071/files/20230621_i1687335175_3104_0_jpg.jpg?v=1759122420|https://cdn.shopify.com/s/files/1/0912/9351/6071/files/20230621_i1687335175_3771_8_jpg.jpg?v=1759122420|https://cdn.shopify.com/s/files/1/0912/9351/6071/files/20230621_i1687335175_6383_4_jpg.jpg?v=1759122420|https://cdn.shopify.com/s/files/1/0912/9351/6071/files/20230621_i1687335175_7224_3_jpg.jpg?v=1759122420|https://cdn.shopify.com/s/files/1/0912/9351/6071/files/20230621_i1687335175_7282_7_jpg.jpg?v=1759122420|https://cdn.shopify.com/s/files/1/0912/9351/6071/files/20230621_i1687335175_9534_1_jpg.jpg?v=1759122420,Hi I want CAMERA BAG 23 IN CREAM WRINKLED LAMBSKIN,
CROCHET HOBO BAG 22 IN VOLT GREEN MIX WHITE RAFFIA SILVER HARDWARE,https://cdn.shopify.com/s/files/1/0912/9351/6071/files/20230916_i1694864168_1890_0_jpg.jpg?v=1759122477,handbags,prada,https://cdn.shopify.com/s/files/1/0912/9351/6071/files/20230916_i1694864168_1890_0_jpg.jpg?v=1759122477|https://cdn.shopify.com/s/files/1/0912/9351/6071/files/20230916_i1694864168_1912_8_jpg.jpg?v=1759122477|https://cdn.shopify.com/s/files/1/0912/9351/6071/files/20230916_i1694864168_3149_1_jpg.jpg?v=1759122477|https://cdn.shopify.com/s/files/1/0912/9351/6071/files/20230916_i1694864168_3673_5_jpg.jpg?v=1759122477|https://cdn.shopify.com/s/files/1/0912/9351/6071/files/20230916_i1694864168_4179_4_jpg.jpg?v=1759122477|https://cdn.shopify.com/s/files/1/0912/9351/6071/files/20230916_i1694864168_4431_6_jpg.jpg?v=1759122477|https://cdn.shopify.com/s/files/1/0912/9351/6071/files/20230916_i1694864168_4739_2_jpg.jpg?v=1759122477|https://cdn.shopify.com/s/files/1/0912/9351/6071/files/20230916_i1694864168_5002_7_jpg.jpg?v=1759122477|https://cdn.shopify.com/s/files/1/0912/9351/6071/files/20230916_i1694864168_5190_3_jpg.jpg?v=1759122477,Hi I want CROCHET HOBO BAG 22 IN VOLT GREEN MIX WHITE RAFFIA SILVER HARDWARE,
CROCHET HOBO BAG 22 IN PINK MIX WHITE RAFFIA SILVER HARDWARE,https://cdn.shopify.com/s/files/1/0912/9351/6071/files/20230916_i1694864637_9893_0_jpg.jpg?v=1759122486,handbags,prada,https://cdn.shopify.com/s/files/1/0912/9351/6071/files/20230916_i1694864637_9893_0_jpg.jpg?v=1759122486|https://cdn.shopify.com/s/files/1/0912/9351/6071/files/20230916_i1694864637_278_5_jpg.jpg?v=1759122487|https://cdn.shopify.com/s/files/1/0912/9351/6071/files/20230916_i1694864637_740_7_jpg.jpg?v=1759122487|https://cdn.shopify.com/s/files/1/0912/9351/6071/files/20230916_i1694864637_1559_4_jpg.jpg?v=1759122487|https://cdn.shopify.com/s/files/1/0912/9351/6071/files/20230916_i1694864637_5327_3_jpg.jpg?v=1759122487|https://cdn.shopify.com/s/files/1/0912/9351/6071/files/20230916_i1694864637_5741_8_jpg.jpg?v=1759122487|https://cdn.shopify.com/s/files/1/0912/9351/6071/files/20230916_i1694864637_7485_2_jpg.jpg?v=1759122487|https://cdn.shopify.com/s/files/1/0912/9351/6071/files/20230916_i1694864637_7808_6_jpg.jpg?v=1759122487|https://cdn.shopify.com/s/files/1/0912/9351/6071/files/20230916_i1694864637_8149_1_jpg.jpg?v=1759122487,Hi I want CROCHET HOBO BAG 22 IN PINK MIX WHITE RAFFIA SILVER HARDWARE,
SMALL TOTE BAG 27 IN WHITE MIX BEIGE RAFFIA AND BROWN CALFSKIN HANDLE,https://cdn.shopify.com/s/files/1/0912/9351/6071/files/img_2568964b_20231101_i1698826862_7402_0_jpg_ee929b4d-0c27-442a-ba7f-6d4afe54d862.jpg?v=1778316005,handbags,prada,https://cdn.shopify.com/s/files/1/0912/9351/6071/files/img_2568964b_20231101_i1698826862_7402_0_jpg_ee929b4d-0c27-442a-ba7f-6d4afe54d862.jpg?v=1778316005|https://cdn.shopify.com/s/files/1/0912/9351/6071/files/img_2568964b_20231101_i1698826862_5847_7_jpg_1ab89c00-78eb-40e9-9a73-7dd189bef2cd.jpg?v=1778316005|https://cdn.shopify.com/s/files/1/0912/9351/6071/files/img_2568964b_20231101_i1698826862_777_6_jpg_5f878368-c25a-40d7-938a-c767b34c9c32.jpg?v=1778316005|https://cdn.shopify.com/s/files/1/0912/9351/6071/files/img_2568964b_20231101_i1698826862_993_8_jpg_88186952-4096-4e41-b65c-5192ab403319.jpg?v=1778316005|https://cdn.shopify.com/s/files/1/0912/9351/6071/files/img_2568964b_20231101_i1698826862_1185_3_jpg_d66f23d8-96ae-4649-be8a-93211580b45e.jpg?v=1778316005|https://cdn.shopify.com/s/files/1/0912/9351/6071/files/img_2568964b_20231101_i1698826862_3298_5_jpg_6eec3a70-655c-41f1-81ae-684338229fe0.jpg?v=1778316005|https://cdn.shopify.com/s/files/1/0912/9351/6071/files/img_2568964b_20231101_i1698826862_5906_1_jpg_1a99282a-f5ea-468e-9ff6-b97d1a1d9045.jpg?v=1778316005|https://cdn.shopify.com/s/files/1/0912/9351/6071/files/img_2568964b_20231101_i1698826862_5970_2_jpg_fd6369d1-4063-465f-89f1-ee642ff87faa.jpg?v=1778316005|https://cdn.shopify.com/s/files/1/0912/9351/6071/files/img_2568964b_20231101_i1698826862_8696_4_jpg_0db79c7c-c082-4b44-88d5-c2f74838227e.jpg?v=1778316005,Hi I want SMALL TOTE BAG 27 IN WHITE MIX BEIGE RAFFIA AND BROWN CALFSKIN HANDLE,
BUCKET BAG 25 IN WHITE MIX BEIGE RAFFIA AND BROWN CALFSKIN HANDLE,https://cdn.shopify.com/s/files/1/0912/9351/6071/files/img_2568964b_20231116_i1700120049_5264_2_jpg.jpg?v=1759122522,handbags,prada,https://cdn.shopify.com/s/files/1/0912/9351/6071/files/img_2568964b_20231116_i1700120049_5264_2_jpg.jpg?v=1759122522|https://cdn.shopify.com/s/files/1/0912/9351/6071/files/img_2568964b_20231116_i1700120049_6870_0_jpg.jpg?v=1759122522|https://cdn.shopify.com/s/files/1/0912/9351/6071/files/img_2568964b_20231116_i1700120049_1513_1_jpg.jpg?v=1759122522|https://cdn.shopify.com/s/files/1/0912/9351/6071/files/img_2568964b_20231116_i1700120049_1344_4_jpg.jpg?v=1759122522|https://cdn.shopify.com/s/files/1/0912/9351/6071/files/img_2568964b_20231116_i1700120049_3266_8_jpg.jpg?v=1759122523|https://cdn.shopify.com/s/files/1/0912/9351/6071/files/img_2568964b_20231116_i1700120049_6171_5_jpg.jpg?v=1759122523|https://cdn.shopify.com/s/files/1/0912/9351/6071/files/img_2568964b_20231116_i1700120049_7399_3_jpg.jpg?v=1759122523|https://cdn.shopify.com/s/files/1/0912/9351/6071/files/img_2568964b_20231116_i1700120049_8269_6_jpg.jpg?v=1759122523|https://cdn.shopify.com/s/files/1/0912/9351/6071/files/img_2568964b_20231116_i1700120049_9813_7_jpg.jpg?v=1759122523,Hi I want BUCKET BAG 25 IN WHITE MIX BEIGE RAFFIA AND BROWN CALFSKIN HANDLE,
WOVEN SMALL FLAP BAG 16 IN BEIGE RAFFIA GOLD HARDWARE,https://cdn.shopify.com/s/files/1/0912/9351/6071/files/img_2568964b_20231211_i1702292128_4821_4_jpg.jpg?v=1759122543,handbags,prada,https://cdn.shopify.com/s/files/1/0912/9351/6071/files/img_2568964b_20231211_i1702292128_4821_4_jpg.jpg?v=1759122543|https://cdn.shopify.com/s/files/1/0912/9351/6071/files/img_2568964b_20231211_i1702292128_5577_3_jpg.jpg?v=1759122543|https://cdn.shopify.com/s/files/1/0912/9351/6071/files/img_2568964b_20231211_i1702292127_1228_0_jpg.jpg?v=1759122543|https://cdn.shopify.com/s/files/1/0912/9351/6071/files/img_2568964b_20231211_i1702292128_174_1_jpg.jpg?v=1759122543|https://cdn.shopify.com/s/files/1/0912/9351/6071/files/img_2568964b_20231211_i1702292128_580_2_jpg.jpg?v=1759122543|https://cdn.shopify.com/s/files/1/0912/9351/6071/files/img_2568964b_20231211_i1702292128_4127_7_jpg.jpg?v=1759122543|https://cdn.shopify.com/s/files/1/0912/9351/6071/files/img_2568964b_20231211_i1702292128_5509_8_jpg.jpg?v=1759122543|https://cdn.shopify.com/s/files/1/0912/9351/6071/files/img_2568964b_20231211_i1702292128_5984_5_jpg.jpg?v=1759122543|https://cdn.shopify.com/s/files/1/0912/9351/6071/files/img_2568964b_20231211_i1702292128_8794_6_jpg.jpg?v=1759122543,Hi I want WOVEN SMALL FLAP BAG 16 IN BEIGE RAFFIA GOLD HARDWARE,
SQUARE BAG 28 IN BLACK RE-NYLON AND SAFFIANO LEATHER TRIM,https://cdn.shopify.com/s/files/1/0912/9351/6071/files/20220712_i1657600546_2548_0_jpg.jpg?v=1759122589,handbags,prada,https://cdn.shopify.com/s/files/1/0912/9351/6071/files/20220712_i1657600546_2548_0_jpg.jpg?v=1759122589|https://cdn.shopify.com/s/files/1/0912/9351/6071/files/20220712_i1657600546_2611_1_jpg.jpg?v=1759122589|https://cdn.shopify.com/s/files/1/0912/9351/6071/files/20220712_i1657600546_3957_2_jpg.jpg?v=1759122589|https://cdn.shopify.com/s/files/1/0912/9351/6071/files/20220712_i1657600546_4941_8_jpg.jpg?v=1759122589|https://cdn.shopify.com/s/files/1/0912/9351/6071/files/20220712_i1657600546_5388_6_jpg.jpg?v=1759122589|https://cdn.shopify.com/s/files/1/0912/9351/6071/files/20220712_i1657600546_6134_7_jpg.jpg?v=1759122589|https://cdn.shopify.com/s/files/1/0912/9351/6071/files/20220712_i1657600546_6326_3_jpg.jpg?v=1759122589|https://cdn.shopify.com/s/files/1/0912/9351/6071/files/20220712_i1657600546_7209_4_jpg.jpg?v=1759122589|https://cdn.shopify.com/s/files/1/0912/9351/6071/files/20220712_i1657600546_9792_5_jpg.jpg?v=1759122589,Hi I want SQUARE BAG 28 IN BLACK RE-NYLON AND SAFFIANO LEATHER TRIM,
LARGE QUILTED FLAP BAG 23 IN BLACK RE-NYLON FABRIC GOLD CHAIN,https://cdn.shopify.com/s/files/1/0912/9351/6071/files/20231116_i1700119446_2294_1_jpg.jpg?v=1759122643,handbags,prada,https://cdn.shopify.com/s/files/1/0912/9351/6071/files/20231116_i1700119446_2294_1_jpg.jpg?v=1759122643|https://cdn.shopify.com/s/files/1/0912/9351/6071/files/20231116_i1700119446_6476_7_jpg.jpg?v=1759122643|https://cdn.shopify.com/s/files/1/0912/9351/6071/files/20231116_i1700119450_9051_0_jpg.jpg?v=1759122643|https://cdn.shopify.com/s/files/1/0912/9351/6071/files/20231116_i1700119446_1724_6_jpg.jpg?v=1759122643|https://cdn.shopify.com/s/files/1/0912/9351/6071/files/20231116_i1700119446_2951_0_jpg.jpg?v=1759122643|https://cdn.shopify.com/s/files/1/0912/9351/6071/files/20231116_i1700119446_4077_2_jpg.jpg?v=1759122643|https://cdn.shopify.com/s/files/1/0912/9351/6071/files/20231116_i1700119446_4579_5_jpg.jpg?v=1759122643|https://cdn.shopify.com/s/files/1/0912/9351/6071/files/20231116_i1700119446_6416_4_jpg.jpg?v=1759122643|https://cdn.shopify.com/s/files/1/0912/9351/6071/files/20231116_i1700119446_9169_3_jpg.jpg?v=1759122643,Hi I want LARGE QUILTED FLAP BAG 23 IN BLACK RE-NYLON FABRIC GOLD CHAIN,
SMALL QUILTED FLAP BAG 18 IN BLACK RE-NYLON FABRIC GOLD CHAIN,https://cdn.shopify.com/s/files/1/0912/9351/6071/files/20210127_i1611731670_4788_0_jpg.jpg?v=1759122655,handbags,prada,https://cdn.shopify.com/s/files/1/0912/9351/6071/files/20210127_i1611731670_4788_0_jpg.jpg?v=1759122655|https://cdn.shopify.com/s/files/1/0912/9351/6071/files/20210127_i1611731670_1669_2_jpg.jpg?v=1759122655|https://cdn.shopify.com/s/files/1/0912/9351/6071/files/20210127_i1611731670_2387_4_jpg.jpg?v=1759122655|https://cdn.shopify.com/s/files/1/0912/9351/6071/files/20210127_i1611731670_2479_6_jpg.jpg?v=1759122655|https://cdn.shopify.com/s/files/1/0912/9351/6071/files/20210127_i1611731670_2683_5_jpg.jpg?v=1759122655|https://cdn.shopify.com/s/files/1/0912/9351/6071/files/20210127_i1611731670_8208_3_jpg.jpg?v=1759122655|https://cdn.shopify.com/s/files/1/0912/9351/6071/files/20210127_i1611731685_6588_0_jpg.jpg?v=1759122655|https://cdn.shopify.com/s/files/1/0912/9351/6071/files/20210127_i1611731793_8295_0_jpg.jpg?v=1759122655|https://cdn.shopify.com/s/files/1/0912/9351/6071/files/20210127_i1611731670_4737_1_jpg.jpg?v=1759122655,Hi I want SMALL QUILTED FLAP BAG 18 IN BLACK RE-NYLON FABRIC GOLD CHAIN,
MINI QUILTED FLAP BAG 14 IN BLACK RE-NYLON FABRIC GOLD CHAIN,https://cdn.shopify.com/s/files/1/0912/9351/6071/files/20240122_i1705903313_5139_0_jpg.jpg?v=1759122667,handbags,prada,https://cdn.shopify.com/s/files/1/0912/9351/6071/files/20240122_i1705903313_5139_0_jpg.jpg?v=1759122667|https://cdn.shopify.com/s/files/1/0912/9351/6071/files/20240122_i1705903326_9477_0_jpg.jpg?v=1759122667|https://cdn.shopify.com/s/files/1/0912/9351/6071/files/20240122_i1705903313_914_1_jpg.jpg?v=1759122667|https://cdn.shopify.com/s/files/1/0912/9351/6071/files/20240122_i1705903313_1462_6_jpg.jpg?v=1759122667|https://cdn.shopify.com/s/files/1/0912/9351/6071/files/20240122_i1705903313_1947_5_jpg.jpg?v=1759122667|https://cdn.shopify.com/s/files/1/0912/9351/6071/files/20240122_i1705903313_7857_7_jpg.jpg?v=1759122667|https://cdn.shopify.com/s/files/1/0912/9351/6071/files/20240122_i1705903313_8370_2_jpg.jpg?v=1759122667|https://cdn.shopify.com/s/files/1/0912/9351/6071/files/20240122_i1705903313_9079_3_jpg.jpg?v=1759122667|https://cdn.shopify.com/s/files/1/0912/9351/6071/files/20240122_i1705903313_9926_4_jpg.jpg?v=1759122667,Hi I want MINI QUILTED FLAP BAG 14 IN BLACK RE-NYLON FABRIC GOLD CHAIN,
LARGE DRAWSTRING BAG 37 IN BLACK RE-NYLON,https://cdn.shopify.com/s/files/1/0912/9351/6071/files/20240107_i1704618307_763_0_jpg.jpg?v=1759122678,handbags,prada,https://cdn.shopify.com/s/files/1/0912/9351/6071/files/20240107_i1704618307_763_0_jpg.jpg?v=1759122678|https://cdn.shopify.com/s/files/1/0912/9351/6071/files/20240107_i1704618307_422_8_jpg.jpg?v=1759122678|https://cdn.shopify.com/s/files/1/0912/9351/6071/files/20240107_i1704618307_428_2_jpg.jpg?v=1759122678|https://cdn.shopify.com/s/files/1/0912/9351/6071/files/20240107_i1704618307_805_6_jpg.jpg?v=1759122678|https://cdn.shopify.com/s/files/1/0912/9351/6071/files/20240107_i1704618307_2955_1_jpg.jpg?v=1759122678|https://cdn.shopify.com/s/files/1/0912/9351/6071/files/20240107_i1704618307_3974_3_jpg.jpg?v=1759122678|https://cdn.shopify.com/s/files/1/0912/9351/6071/files/20240107_i1704618307_4568_4_jpg.jpg?v=1759122678|https://cdn.shopify.com/s/files/1/0912/9351/6071/files/20240107_i1704618307_4688_5_jpg.jpg?v=1759122678|https://cdn.shopify.com/s/files/1/0912/9351/6071/files/20240107_i1704618307_5796_7_jpg.jpg?v=1759122678,Hi I want LARGE DRAWSTRING BAG 37 IN BLACK RE-NYLON,
SMALL DRAWSTRING BAG 23 IN BLACK RE-NYLON,https://cdn.shopify.com/s/files/1/0912/9351/6071/files/20240107_i1704619328_6414_0_jpg.jpg?v=1759122689,handbags,prada,https://cdn.shopify.com/s/files/1/0912/9351/6071/files/20240107_i1704619328_6414_0_jpg.jpg?v=1759122689|https://cdn.shopify.com/s/files/1/0912/9351/6071/files/20240107_i1704619328_1441_2_jpg.jpg?v=1759122689|https://cdn.shopify.com/s/files/1/0912/9351/6071/files/20240107_i1704619328_1851_8_jpg.jpg?v=1759122689|https://cdn.shopify.com/s/files/1/0912/9351/6071/files/20240107_i1704619328_1999_4_jpg.jpg?v=1759122690|https://cdn.shopify.com/s/files/1/0912/9351/6071/files/20240107_i1704619328_3288_7_jpg.jpg?v=1759122690|https://cdn.shopify.com/s/files/1/0912/9351/6071/files/20240107_i1704619328_4133_3_jpg.jpg?v=1759122690|https://cdn.shopify.com/s/files/1/0912/9351/6071/files/20240107_i1704619328_4133_5_jpg.jpg?v=1759122690|https://cdn.shopify.com/s/files/1/0912/9351/6071/files/20240107_i1704619328_4472_1_jpg.jpg?v=1759122690|https://cdn.shopify.com/s/files/1/0912/9351/6071/files/20240107_i1704619328_7471_6_jpg.jpg?v=1759122690,Hi I want SMALL DRAWSTRING BAG 23 IN BLACK RE-NYLON,
LARGE FLAP BAG 30 IN SEAWEED GREEN RE-NYLON AND BROWN CALFSKIN TRIM,https://cdn.shopify.com/s/files/1/0912/9351/6071/files/20240507_i1715065264_4131_0_jpg.jpg?v=1759122785,handbags,prada,https://cdn.shopify.com/s/files/1/0912/9351/6071/files/20240507_i1715065264_4131_0_jpg.jpg?v=1759122785|https://cdn.shopify.com/s/files/1/0912/9351/6071/files/20240507_i1715065264_6112_6_jpg.jpg?v=1759122785|https://cdn.shopify.com/s/files/1/0912/9351/6071/files/20240507_i1715065264_8559_5_jpg.jpg?v=1759122785|https://cdn.shopify.com/s/files/1/0912/9351/6071/files/20240507_i1715065264_4040_1_jpg.jpg?v=1759122785|https://cdn.shopify.com/s/files/1/0912/9351/6071/files/20240507_i1715065264_4213_2_jpg.jpg?v=1759122785|https://cdn.shopify.com/s/files/1/0912/9351/6071/files/20240507_i1715065264_6575_4_jpg.jpg?v=1759122785|https://cdn.shopify.com/s/files/1/0912/9351/6071/files/20240507_i1715065264_7204_8_jpg.jpg?v=1759122785|https://cdn.shopify.com/s/files/1/0912/9351/6071/files/20240507_i1715065264_9047_3_jpg.jpg?v=1759122785|https://cdn.shopify.com/s/files/1/0912/9351/6071/files/20240507_i1715065264_9314_7_jpg.jpg?v=1759122785,Hi I want LARGE FLAP BAG 30 IN SEAWEED GREEN RE-NYLON AND BROWN CALFSKIN TRIM,
PHONE BAG 18 IN SEPIA BROWN RE-NYLON,https://cdn.shopify.com/s/files/1/0912/9351/6071/files/20240601_i1717228958_6045_0_jpg.jpg?v=1759122819,handbags,prada,https://cdn.shopify.com/s/files/1/0912/9351/6071/files/20240601_i1717228958_6045_0_jpg.jpg?v=1759122819|https://cdn.shopify.com/s/files/1/0912/9351/6071/files/20240601_i1717228958_2076_5_jpg.jpg?v=1759122819|https://cdn.shopify.com/s/files/1/0912/9351/6071/files/20240601_i1717228958_4509_1_jpg.jpg?v=1759122819|https://cdn.shopify.com/s/files/1/0912/9351/6071/files/20240601_i1717228958_4751_8_jpg.jpg?v=1759122819|https://cdn.shopify.com/s/files/1/0912/9351/6071/files/20240601_i1717228958_5584_7_jpg.jpg?v=1759122819|https://cdn.shopify.com/s/files/1/0912/9351/6071/files/20240601_i1717228958_6498_6_jpg.jpg?v=1759122819|https://cdn.shopify.com/s/files/1/0912/9351/6071/files/20240601_i1717228958_6530_4_jpg.jpg?v=1759122819|https://cdn.shopify.com/s/files/1/0912/9351/6071/files/20240601_i1717228958_8082_3_jpg.jpg?v=1759122819|https://cdn.shopify.com/s/files/1/0912/9351/6071/files/20240601_i1717228958_9456_2_jpg.jpg?v=1759122819,Hi I want PHONE BAG 18 IN SEPIA BROWN RE-NYLON,
LARGE FLAP BAG 30 IN CIDER BROWN RE-NYLON AND CALFSKIN TRIM,https://cdn.shopify.com/s/files/1/0912/9351/6071/files/20240605_i1717565973_1358_0_jpg.jpg?v=1759122843,handbags,prada,https://cdn.shopify.com/s/files/1/0912/9351/6071/files/20240605_i1717565973_1358_0_jpg.jpg?v=1759122843|https://cdn.shopify.com/s/files/1/0912/9351/6071/files/20240605_i1717565973_1991_8_jpg.jpg?v=1759122843|https://cdn.shopify.com/s/files/1/0912/9351/6071/files/20240605_i1717565973_1192_2_jpg.jpg?v=1759122843|https://cdn.shopify.com/s/files/1/0912/9351/6071/files/20240605_i1717565973_3366_1_jpg.jpg?v=1759122843|https://cdn.shopify.com/s/files/1/0912/9351/6071/files/20240605_i1717565973_6289_5_jpg.jpg?v=1759122843|https://cdn.shopify.com/s/files/1/0912/9351/6071/files/20240605_i1717565973_7327_7_jpg.jpg?v=1759122843|https://cdn.shopify.com/s/files/1/0912/9351/6071/files/20240605_i1717565973_7698_4_jpg.jpg?v=1759122843|https://cdn.shopify.com/s/files/1/0912/9351/6071/files/20240605_i1717565973_9367_3_jpg.jpg?v=1759122843|https://cdn.shopify.com/s/files/1/0912/9351/6071/files/20240605_i1717565973_9738_6_jpg.jpg?v=1759122844,Hi I want LARGE FLAP BAG 30 IN CIDER BROWN RE-NYLON AND CALFSKIN TRIM,
SMALL FLAP BAG 20 IN CIDER BROWN RE-NYLON AND CALFSKIN TRIM,https://cdn.shopify.com/s/files/1/0912/9351/6071/files/20240605_i1717566322_2208_0_jpg.jpg?v=1759122859,handbags,prada,https://cdn.shopify.com/s/files/1/0912/9351/6071/files/20240605_i1717566322_2208_0_jpg.jpg?v=1759122859|https://cdn.shopify.com/s/files/1/0912/9351/6071/files/20240605_i1717566322_721_5_jpg.jpg?v=1759122859|https://cdn.shopify.com/s/files/1/0912/9351/6071/files/20240605_i1717566322_1175_6_jpg.jpg?v=1759122859|https://cdn.shopify.com/s/files/1/0912/9351/6071/files/20240605_i1717566322_3456_2_jpg.jpg?v=1759122859|https://cdn.shopify.com/s/files/1/0912/9351/6071/files/20240605_i1717566322_4489_4_jpg.jpg?v=1759122859|https://cdn.shopify.com/s/files/1/0912/9351/6071/files/20240605_i1717566322_5794_1_jpg.jpg?v=1759122859|https://cdn.shopify.com/s/files/1/0912/9351/6071/files/20240605_i1717566322_8189_7_jpg.jpg?v=1759122859|https://cdn.shopify.com/s/files/1/0912/9351/6071/files/20240605_i1717566322_9603_3_jpg.jpg?v=1759122859|https://cdn.shopify.com/s/files/1/0912/9351/6071/files/20240605_i1717566328_3446_0_jpg.jpg?v=1759122859,Hi I want SMALL FLAP BAG 20 IN CIDER BROWN RE-NYLON AND CALFSKIN TRIM,
MESSENGER BAG 20 IN CIDER BROWN RE-NYLON AND CALFSKIN TRIM,https://cdn.shopify.com/s/files/1/0912/9351/6071/files/20240605_i1717569115_6617_5_jpg.jpg?v=1759122870,handbags,prada,https://cdn.shopify.com/s/files/1/0912/9351/6071/files/20240605_i1717569115_6617_5_jpg.jpg?v=1759122870|https://cdn.shopify.com/s/files/1/0912/9351/6071/files/20240605_i1717569115_19_8_jpg.jpg?v=1759122870|https://cdn.shopify.com/s/files/1/0912/9351/6071/files/20240605_i1717569115_126_6_jpg.jpg?v=1759122870|https://cdn.shopify.com/s/files/1/0912/9351/6071/files/20240605_i1717569115_4782_2_jpg.jpg?v=1759122870|https://cdn.shopify.com/s/files/1/0912/9351/6071/files/20240605_i1717569115_6582_7_jpg.jpg?v=1759122870|https://cdn.shopify.com/s/files/1/0912/9351/6071/files/20240605_i1717569115_7274_1_jpg.jpg?v=1759122870|https://cdn.shopify.com/s/files/1/0912/9351/6071/files/20240605_i1717569115_9017_0_jpg.jpg?v=1759122870|https://cdn.shopify.com/s/files/1/0912/9351/6071/files/20240605_i1717569182_1747_0_jpg.jpg?v=1759122870|https://cdn.shopify.com/s/files/1/0912/9351/6071/files/20240605_i1717569182_7773_1_jpg.jpg?v=1759122870,Hi I want MESSENGER BAG 20 IN CIDER BROWN RE-NYLON AND CALFSKIN TRIM,
PHONE BAG 18 IN BLACK RE-NYLON,https://cdn.shopify.com/s/files/1/0912/9351/6071/files/20220924_i1663995247_6750_0_jpg.jpg?v=1759122881,handbags,prada,https://cdn.shopify.com/s/files/1/0912/9351/6071/files/20220924_i1663995247_6750_0_jpg.jpg?v=1759122881|https://cdn.shopify.com/s/files/1/0912/9351/6071/files/20220924_i1663995247_4603_5_jpg.jpg?v=1759122881|https://cdn.shopify.com/s/files/1/0912/9351/6071/files/20220924_i1663995247_4715_3_jpg.jpg?v=1759122881|https://cdn.shopify.com/s/files/1/0912/9351/6071/files/20220924_i1663995247_4812_1_jpg.jpg?v=1759122881|https://cdn.shopify.com/s/files/1/0912/9351/6071/files/20220924_i1663995247_6123_4_jpg.jpg?v=1759122881|https://cdn.shopify.com/s/files/1/0912/9351/6071/files/20220924_i1663995247_6772_6_jpg.jpg?v=1759122881|https://cdn.shopify.com/s/files/1/0912/9351/6071/files/20220924_i1663995247_8273_8_jpg.jpg?v=1759122881|https://cdn.shopify.com/s/files/1/0912/9351/6071/files/20220924_i1663995247_9219_2_jpg.jpg?v=1759122881|https://cdn.shopify.com/s/files/1/0912/9351/6071/files/20220924_i1663995247_9918_7_jpg.jpg?v=1759122881,Hi I want PHONE BAG 18 IN BLACK RE-NYLON,
SHOPPING BAG 36 IN BLACK SAFFIANO LEATHER,https://cdn.shopify.com/s/files/1/0912/9351/6071/files/20240131_i1706685346_6180_0_jpg.jpg?v=1759122892,handbags,prada,https://cdn.shopify.com/s/files/1/0912/9351/6071/files/20240131_i1706685346_6180_0_jpg.jpg?v=1759122892|https://cdn.shopify.com/s/files/1/0912/9351/6071/files/20240131_i1706685346_2081_1_jpg.jpg?v=1759122892|https://cdn.shopify.com/s/files/1/0912/9351/6071/files/20240131_i1706685346_3951_2_jpg.jpg?v=1759122892|https://cdn.shopify.com/s/files/1/0912/9351/6071/files/20240131_i1706685346_4155_5_jpg.jpg?v=1759122892|https://cdn.shopify.com/s/files/1/0912/9351/6071/files/20240131_i1706685346_4292_4_jpg.jpg?v=1759122892|https://cdn.shopify.com/s/files/1/0912/9351/6071/files/20240131_i1706685346_6003_7_jpg.jpg?v=1759122892|https://cdn.shopify.com/s/files/1/0912/9351/6071/files/20240131_i1706685346_6151_8_jpg.jpg?v=1759122892|https://cdn.shopify.com/s/files/1/0912/9351/6071/files/20240131_i1706685346_6620_3_jpg.jpg?v=1759122892|https://cdn.shopify.com/s/files/1/0912/9351/6071/files/20240131_i1706685346_9869_6_jpg.jpg?v=1759122892,Hi I want SHOPPING BAG 36 IN BLACK SAFFIANO LEATHER,
TRIANGULAR BAG 27 IN GO GREEN SMOOTH LAMBSKIN,https://cdn.shopify.com/s/files/1/0912/9351/6071/files/20230401_i1680332524_8310_0_jpg.jpg?v=1759122904,handbags,prada,https://cdn.shopify.com/s/files/1/0912/9351/6071/files/20230401_i1680332524_8310_0_jpg.jpg?v=1759122904|https://cdn.shopify.com/s/files/1/0912/9351/6071/files/20230401_i1680332524_768_4_jpg.jpg?v=1759122904|https://cdn.shopify.com/s/files/1/0912/9351/6071/files/20230401_i1680332524_929_2_jpg.jpg?v=1759122904|https://cdn.shopify.com/s/files/1/0912/9351/6071/files/20230401_i1680332524_1967_8_jpg.jpg?v=1759122904|https://cdn.shopify.com/s/files/1/0912/9351/6071/files/20230401_i1680332524_2359_7_jpg.jpg?v=1759122904|https://cdn.shopify.com/s/files/1/0912/9351/6071/files/20230401_i1680332524_2961_1_jpg.jpg?v=1759122904|https://cdn.shopify.com/s/files/1/0912/9351/6071/files/20230401_i1680332524_3040_6_jpg.jpg?v=1759122904|https://cdn.shopify.com/s/files/1/0912/9351/6071/files/20230401_i1680332524_5407_5_jpg.jpg?v=1759122904|https://cdn.shopify.com/s/files/1/0912/9351/6071/files/20230401_i1680332524_7286_3_jpg.jpg?v=1759122904,Hi I want TRIANGULAR BAG 27 IN GO GREEN SMOOTH LAMBSKIN,
LARGE CROCHET TOTE BAG 47 IN BLACK MIX YELLOW RAFFIA,https://cdn.shopify.com/s/files/1/0912/9351/6071/files/20240622_i1719027747_1892_1_jpg.jpg?v=1759122928,handbags,prada,https://cdn.shopify.com/s/files/1/0912/9351/6071/files/20240622_i1719027747_1892_1_jpg.jpg?v=1759122928|https://cdn.shopify.com/s/files/1/0912/9351/6071/files/20240622_i1719027747_6224_8_jpg.jpg?v=1759122928|https://cdn.shopify.com/s/files/1/0912/9351/6071/files/20240622_i1719027747_5032_7_jpg.jpg?v=1759122928|https://cdn.shopify.com/s/files/1/0912/9351/6071/files/20240622_i1719027747_1080_2_jpg.jpg?v=1759122928|https://cdn.shopify.com/s/files/1/0912/9351/6071/files/20240622_i1719027747_1285_5_jpg.jpg?v=1759122928|https://cdn.shopify.com/s/files/1/0912/9351/6071/files/20240622_i1719027747_2378_4_jpg.jpg?v=1759122928|https://cdn.shopify.com/s/files/1/0912/9351/6071/files/20240622_i1719027747_3315_0_jpg.jpg?v=1759122928|https://cdn.shopify.com/s/files/1/0912/9351/6071/files/20240622_i1719027747_7889_6_jpg.jpg?v=1759122928|https://cdn.shopify.com/s/files/1/0912/9351/6071/files/20240622_i1719027747_8935_3_jpg.jpg?v=1759122928,Hi I want LARGE CROCHET TOTE BAG 47 IN BLACK MIX YELLOW RAFFIA,
SMALL CROCHET TOTE BAG 24 IN BLACK MIX YELLOW RAFFIA,https://cdn.shopify.com/s/files/1/0912/9351/6071/files/20240622_i1719028078_5541_0_jpg.jpg?v=1759122940,handbags,prada,https://cdn.shopify.com/s/files/1/0912/9351/6071/files/20240622_i1719028078_5541_0_jpg.jpg?v=1759122940|https://cdn.shopify.com/s/files/1/0912/9351/6071/files/20240622_i1719028078_1752_4_jpg.jpg?v=1759122940|https://cdn.shopify.com/s/files/1/0912/9351/6071/files/20240622_i1719028078_3297_8_jpg.jpg?v=1759122940|https://cdn.shopify.com/s/files/1/0912/9351/6071/files/20240622_i1719028078_3379_3_jpg.jpg?v=1759122940|https://cdn.shopify.com/s/files/1/0912/9351/6071/files/20240622_i1719028078_4981_6_jpg.jpg?v=1759122940|https://cdn.shopify.com/s/files/1/0912/9351/6071/files/20240622_i1719028078_4989_5_jpg.jpg?v=1759122940|https://cdn.shopify.com/s/files/1/0912/9351/6071/files/20240622_i1719028078_6599_2_jpg.jpg?v=1759122940|https://cdn.shopify.com/s/files/1/0912/9351/6071/files/20240622_i1719028078_4303_7_jpg.jpg?v=1759122940|https://cdn.shopify.com/s/files/1/0912/9351/6071/files/20240622_i1719028078_4751_1_jpg.jpg?v=1759122940,Hi I want SMALL CROCHET TOTE BAG 24 IN BLACK MIX YELLOW RAFFIA,
BUCKET BAG 23 IN BLACK SAFFIANO LEATHER,https://cdn.shopify.com/s/files/1/0912/9351/6071/files/20240620_i1718855499_9640_0_jpg_4a035991-a93e-4c15-86c2-800e4c2cb25d.jpg?v=1772014318,handbags,prada,https://cdn.shopify.com/s/files/1/0912/9351/6071/files/20240620_i1718855499_9640_0_jpg_4a035991-a93e-4c15-86c2-800e4c2cb25d.jpg?v=1772014318|https://cdn.shopify.com/s/files/1/0912/9351/6071/files/20240620_i1718855499_475_7_jpg_50e6fba4-dd68-4240-a8e1-e2e56c6e05ef.jpg?v=1772014317|https://cdn.shopify.com/s/files/1/0912/9351/6071/files/20240620_i1718855499_1057_8_jpg_85199b25-4c51-40bf-a345-8e4b3041fbd5.jpg?v=1772014317|https://cdn.shopify.com/s/files/1/0912/9351/6071/files/20240620_i1718855499_1249_5_jpg_18437b1c-19bb-48bc-b1dc-aec6aa363f83.jpg?v=1772014317|https://cdn.shopify.com/s/files/1/0912/9351/6071/files/20240620_i1718855499_1815_2_jpg_47e7b3de-8f7e-474e-86f0-65f1c8a0ea3a.jpg?v=1772014317|https://cdn.shopify.com/s/files/1/0912/9351/6071/files/20240620_i1718855499_2372_6_jpg_77d3a2ba-b4f1-4a12-842b-53557b39361c.jpg?v=1772014318|https://cdn.shopify.com/s/files/1/0912/9351/6071/files/20240620_i1718855499_5853_4_jpg_ae96d4b9-20de-4d20-8ce2-0f621a081870.jpg?v=1772014317|https://cdn.shopify.com/s/files/1/0912/9351/6071/files/20240620_i1718855499_8631_3_jpg_00c948f3-5c91-4281-bf47-4a312b88b4fe.jpg?v=1772014317|https://cdn.shopify.com/s/files/1/0912/9351/6071/files/20240620_i1718855499_9053_1_jpg_f9a073d4-bf32-4f7d-b54d-c06eb85fe703.jpg?v=1772014317,Hi I want BUCKET BAG 23 IN BLACK SAFFIANO LEATHER,
QUILTED HOBO BAG 19 IN PICKLE GREEN HANDMADE NYLON GOLD HARDWARE,https://cdn.shopify.com/s/files/1/0912/9351/6071/files/20221017_i1665986596_2259_1_jpg.jpg?v=1759122979,handbags,prada,https://cdn.shopify.com/s/files/1/0912/9351/6071/files/20221017_i1665986596_2259_1_jpg.jpg?v=1759122979|https://cdn.shopify.com/s/files/1/0912/9351/6071/files/20221017_i1665986596_158_0_jpg.jpg?v=1759122979|https://cdn.shopify.com/s/files/1/0912/9351/6071/files/20221017_i1665986596_2920_7_jpg.jpg?v=1759122979|https://cdn.shopify.com/s/files/1/0912/9351/6071/files/20221017_i1665986596_3532_5_jpg.jpg?v=1759122979|https://cdn.shopify.com/s/files/1/0912/9351/6071/files/20221017_i1665986596_3683_2_jpg.jpg?v=1759122979|https://cdn.shopify.com/s/files/1/0912/9351/6071/files/20221017_i1665986596_4567_8_jpg.jpg?v=1759122979|https://cdn.shopify.com/s/files/1/0912/9351/6071/files/20221017_i1665986596_6300_3_jpg.jpg?v=1759122979|https://cdn.shopify.com/s/files/1/0912/9351/6071/files/20221017_i1665986596_9615_4_jpg.jpg?v=1759122979|https://cdn.shopify.com/s/files/1/0912/9351/6071/files/20221017_i1665986596_9937_6_jpg.jpg?v=1759122979,Hi I want QUILTED HOBO BAG 19 IN PICKLE GREEN HANDMADE NYLON GOLD HARDWARE,
WORK BAG 36 IN BLACK GRAINED CALFSKIN,https://cdn.shopify.com/s/files/1/0912/9351/6071/files/1532403966_1270584932_0.jpg?v=1759122989,handbags,prada,https://cdn.shopify.com/s/files/1/0912/9351/6071/files/1532403966_1270584932_0.jpg?v=1759122989|https://cdn.shopify.com/s/files/1/0912/9351/6071/files/1532403966_102291548_2.jpg?v=1759122989|https://cdn.shopify.com/s/files/1/0912/9351/6071/files/1532403967_2089816275_3.jpg?v=1759122989|https://cdn.shopify.com/s/files/1/0912/9351/6071/files/1532403967_2331691614_4.jpg?v=1759122989|https://cdn.shopify.com/s/files/1/0912/9351/6071/files/1532403967_3054171078_5.jpg?v=1759122989|https://cdn.shopify.com/s/files/1/0912/9351/6071/files/1532403967_4291651157_6.jpg?v=1759122989|https://cdn.shopify.com/s/files/1/0912/9351/6071/files/1532403968_1754709313_7.jpg?v=1759122989|https://cdn.shopify.com/s/files/1/0912/9351/6071/files/1532403966_1385362703_1.jpg?v=1759122989,Hi I want WORK BAG 36 IN BLACK GRAINED CALFSKIN,
BRIEFCASE 40 IN BLACK GRAINED CALFSKIN,https://cdn.shopify.com/s/files/1/0912/9351/6071/files/1542167369_2472496289_0.jpg?v=1759122998,handbags,prada,https://cdn.shopify.com/s/files/1/0912/9351/6071/files/1542167369_2472496289_0.jpg?v=1759122998|https://cdn.shopify.com/s/files/1/0912/9351/6071/files/1542167369_4054870944_1.jpg?v=1759122998|https://cdn.shopify.com/s/files/1/0912/9351/6071/files/1542167369_4055756193_2.jpg?v=1759122998|https://cdn.shopify.com/s/files/1/0912/9351/6071/files/1542167370_3348849739_4.jpg?v=1759122998|https://cdn.shopify.com/s/files/1/0912/9351/6071/files/1542167370_3791158556_3.jpg?v=1759122998|https://cdn.shopify.com/s/files/1/0912/9351/6071/files/1542167371_1047924522_6.jpg?v=1759122998|https://cdn.shopify.com/s/files/1/0912/9351/6071/files/1542167371_1800262933_7.jpg?v=1759122998|https://cdn.shopify.com/s/files/1/0912/9351/6071/files/1542167371_2346881578_5.jpg?v=1759122998,Hi I want BRIEFCASE 40 IN BLACK GRAINED CALFSKIN,
EMBOSSED LOGO BRIEFCASE 38 IN BLACK SMOOTH CALFSKIN,https://cdn.shopify.com/s/files/1/0912/9351/6071/files/1538109495_18656148_0.jpg?v=1759123010,handbags,prada,https://cdn.shopify.com/s/files/1/0912/9351/6071/files/1538109495_18656148_0.jpg?v=1759123010|https://cdn.shopify.com/s/files/1/0912/9351/6071/files/1538109495_746233461_1.jpg?v=1759123010|https://cdn.shopify.com/s/files/1/0912/9351/6071/files/1538109495_1377512156_2.jpg?v=1759123010|https://cdn.shopify.com/s/files/1/0912/9351/6071/files/1538109495_3385510250_3.jpg?v=1759123010|https://cdn.shopify.com/s/files/1/0912/9351/6071/files/1538109503_239494599_6.jpg?v=1759123010|https://cdn.shopify.com/s/files/1/0912/9351/6071/files/1538109503_2519240833_7.jpg?v=1759123010|https://cdn.shopify.com/s/files/1/0912/9351/6071/files/1538109503_2936470208_4.jpg?v=1759123010|https://cdn.shopify.com/s/files/1/0912/9351/6071/files/1538109503_3462470521_5.jpg?v=1759123010,Hi I want EMBOSSED LOGO BRIEFCASE 38 IN BLACK SMOOTH CALFSKIN,
CLUTCH 26 IN BLACK GRAINED CALFSKIN TRIANGLE LOGO,https://cdn.shopify.com/s/files/1/0912/9351/6071/files/20191122_i1574402973_1154_2_jpg.jpg?v=1759123029,handbags,prada,https://cdn.shopify.com/s/files/1/0912/9351/6071/files/20191122_i1574402973_1154_2_jpg.jpg?v=1759123029|https://cdn.shopify.com/s/files/1/0912/9351/6071/files/20191122_i1574402973_8675_8_jpg.jpg?v=1759123029|https://cdn.shopify.com/s/files/1/0912/9351/6071/files/20191122_i1574402973_2250_6_jpg.jpg?v=1759123029|https://cdn.shopify.com/s/files/1/0912/9351/6071/files/20191122_i1574402973_2389_1_jpg.jpg?v=1759123029|https://cdn.shopify.com/s/files/1/0912/9351/6071/files/20191122_i1574402973_5394_5_jpg.jpg?v=1759123029|https://cdn.shopify.com/s/files/1/0912/9351/6071/files/20191122_i1574402973_5606_4_jpg.jpg?v=1759123029|https://cdn.shopify.com/s/files/1/0912/9351/6071/files/20191122_i1574402973_7555_0_jpg.jpg?v=1759123029|https://cdn.shopify.com/s/files/1/0912/9351/6071/files/20191122_i1574402973_7968_7_jpg.jpg?v=1759123029|https://cdn.shopify.com/s/files/1/0912/9351/6071/files/20191122_i1574402973_9303_3_jpg.jpg?v=1759123029,Hi I want CLUTCH 26 IN BLACK GRAINED CALFSKIN TRIANGLE LOGO,
CLUTCH 26 IN BLACK DEERSKIN EMBOSSED LOGO,https://cdn.shopify.com/s/files/1/0912/9351/6071/files/1533094599_368737878_0.jpg?v=1759123038,handbags,prada,https://cdn.shopify.com/s/files/1/0912/9351/6071/files/1533094599_368737878_0.jpg?v=1759123038|https://cdn.shopify.com/s/files/1/0912/9351/6071/files/1533094599_3454139653_1.jpg?v=1759123038|https://cdn.shopify.com/s/files/1/0912/9351/6071/files/1533094599_3732449472_2.jpg?v=1759123038|https://cdn.shopify.com/s/files/1/0912/9351/6071/files/1533094600_812653113_3.jpg?v=1759123038|https://cdn.shopify.com/s/files/1/0912/9351/6071/files/1533094600_828010259_6.jpg?v=1759123038|https://cdn.shopify.com/s/files/1/0912/9351/6071/files/1533094600_2801672251_4.jpg?v=1759123038|https://cdn.shopify.com/s/files/1/0912/9351/6071/files/1533094600_3856225277_5.jpg?v=1759123038|https://cdn.shopify.com/s/files/1/0912/9351/6071/files/1533094601_820635464_7.jpg?v=1759123038,Hi I want CLUTCH 26 IN BLACK DEERSKIN EMBOSSED LOGO,
CLUTCH 29 IN BLACK GRAINED CALFSKIN SILVER HARDWARE,https://cdn.shopify.com/s/files/1/0912/9351/6071/files/1532923609_2221429049_0.jpg?v=1759123048,handbags,prada,https://cdn.shopify.com/s/files/1/0912/9351/6071/files/1532923609_2221429049_0.jpg?v=1759123048|https://cdn.shopify.com/s/files/1/0912/9351/6071/files/1532923609_4151402760_2.jpg?v=1759123048|https://cdn.shopify.com/s/files/1/0912/9351/6071/files/1532923609_748105235_3.jpg?v=1759123048|https://cdn.shopify.com/s/files/1/0912/9351/6071/files/1532923609_2809258747_1.jpg?v=1759123048|https://cdn.shopify.com/s/files/1/0912/9351/6071/files/1532923610_2300851952_5.jpg?v=1759123048|https://cdn.shopify.com/s/files/1/0912/9351/6071/files/1532923610_2421156811_7.jpg?v=1759123048|https://cdn.shopify.com/s/files/1/0912/9351/6071/files/1532923610_3154384019_6.jpg?v=1759123048|https://cdn.shopify.com/s/files/1/0912/9351/6071/files/1532923610_3645006453_4.jpg?v=1759123048,Hi I want CLUTCH 29 IN BLACK GRAINED CALFSKIN SILVER HARDWARE,
ELEGANT TOTE BAG 40 IN BLACK SMOOTH CALFSKIN,https://cdn.shopify.com/s/files/1/0912/9351/6071/files/20240419_i1713503715_2126_0_jpg_450a3acc-41c4-487a-bd0e-5d983ef35b90.jpg?v=1775555094,handbags,prada,https://cdn.shopify.com/s/files/1/0912/9351/6071/files/20240419_i1713503715_2126_0_jpg_450a3acc-41c4-487a-bd0e-5d983ef35b90.jpg?v=1775555094|https://cdn.shopify.com/s/files/1/0912/9351/6071/files/20240419_i1713503722_5478_0_jpg_288a36d6-2137-40cb-809f-82ef8109edea.jpg?v=1775555094|https://cdn.shopify.com/s/files/1/0912/9351/6071/files/20240419_i1713503715_350_4_jpg_4aee8932-7121-4387-a273-526e3d95a1a6.jpg?v=1775555094|https://cdn.shopify.com/s/files/1/0912/9351/6071/files/20240419_i1713503715_2577_6_jpg_a55259a0-65f4-4da6-847d-4f8ec191b67e.jpg?v=1775555094|https://cdn.shopify.com/s/files/1/0912/9351/6071/files/20240419_i1713503715_7713_1_jpg_7ddddfa9-3a98-4be1-94f1-bb8c88873405.jpg?v=1775555094|https://cdn.shopify.com/s/files/1/0912/9351/6071/files/20240419_i1713503715_8052_3_jpg_fc881ab5-1b6a-4f36-b02d-680e387903ae.jpg?v=1775555094|https://cdn.shopify.com/s/files/1/0912/9351/6071/files/20240419_i1713503715_9409_2_jpg_aa73f5a4-4fd0-4299-ba3d-aa870b23018f.jpg?v=1775555094,Hi I want ELEGANT TOTE BAG 40 IN BLACK SMOOTH CALFSKIN,
ELEGANT TOTE BAG 40 IN CIDER BROWN SMOOTH CALFSKIN,https://cdn.shopify.com/s/files/1/0912/9351/6071/files/20240419_i1713504626_9895_1_jpg.jpg?v=1759123079,handbags,prada,https://cdn.shopify.com/s/files/1/0912/9351/6071/files/20240419_i1713504626_9895_1_jpg.jpg?v=1759123079|https://cdn.shopify.com/s/files/1/0912/9351/6071/files/20240419_i1713504626_2884_5_jpg.jpg?v=1759123079|https://cdn.shopify.com/s/files/1/0912/9351/6071/files/20240419_i1713504626_3057_6_jpg.jpg?v=1759123079|https://cdn.shopify.com/s/files/1/0912/9351/6071/files/20240419_i1713504626_3360_0_jpg.jpg?v=1759123079|https://cdn.shopify.com/s/files/1/0912/9351/6071/files/20240419_i1713504626_4443_7_jpg.jpg?v=1759123079|https://cdn.shopify.com/s/files/1/0912/9351/6071/files/20240419_i1713504626_4698_8_jpg.jpg?v=1759123080|https://cdn.shopify.com/s/files/1/0912/9351/6071/files/20240419_i1713504626_5663_3_jpg.jpg?v=1759123080|https://cdn.shopify.com/s/files/1/0912/9351/6071/files/20240419_i1713504626_5834_4_jpg.jpg?v=1759123080|https://cdn.shopify.com/s/files/1/0912/9351/6071/files/20240419_i1713504626_9637_2_jpg.jpg?v=1759123080,Hi I want ELEGANT TOTE BAG 40 IN CIDER BROWN SMOOTH CALFSKIN,
SMALL TOP HANDLE BAG 25 IN GOLDEN BROWN NYLON AND CALFSKIN TRIM,https://cdn.shopify.com/s/files/1/0912/9351/6071/files/20240511_i1715410021_272_0_jpg.jpg?v=1759123090,handbags,prada,https://cdn.shopify.com/s/files/1/0912/9351/6071/files/20240511_i1715410021_272_0_jpg.jpg?v=1759123090|https://cdn.shopify.com/s/files/1/0912/9351/6071/files/20240511_i1715410021_7478_5_jpg.jpg?v=1759123090|https://cdn.shopify.com/s/files/1/0912/9351/6071/files/20240511_i1715410079_4740_0_jpg.jpg?v=1759123090|https://cdn.shopify.com/s/files/1/0912/9351/6071/files/20240511_i1715410093_9002_0_jpg.jpg?v=1759123090|https://cdn.shopify.com/s/files/1/0912/9351/6071/files/20240511_i1715410021_767_3_jpg.jpg?v=1759123090|https://cdn.shopify.com/s/files/1/0912/9351/6071/files/20240511_i1715410021_1227_1_jpg.jpg?v=1759123090|https://cdn.shopify.com/s/files/1/0912/9351/6071/files/20240511_i1715410021_1328_4_jpg.jpg?v=1759123090|https://cdn.shopify.com/s/files/1/0912/9351/6071/files/20240511_i1715410021_5507_6_jpg.jpg?v=1759123090|https://cdn.shopify.com/s/files/1/0912/9351/6071/files/20240511_i1715410021_6810_2_jpg.jpg?v=1759123090,Hi I want SMALL TOP HANDLE BAG 25 IN GOLDEN BROWN NYLON AND CALFSKIN TRIM,
SMALL TOP HANDLE BAG 25 IN DRIED MOSS NYLON AND CALFSKIN TRIM,https://cdn.shopify.com/s/files/1/0912/9351/6071/files/20240506_i1714984784_4466_0_jpg.jpg?v=1759123103,handbags,prada,https://cdn.shopify.com/s/files/1/0912/9351/6071/files/20240506_i1714984784_4466_0_jpg.jpg?v=1759123103|https://cdn.shopify.com/s/files/1/0912/9351/6071/files/20240506_i1714984784_1867_2_jpg.jpg?v=1759123103|https://cdn.shopify.com/s/files/1/0912/9351/6071/files/20240506_i1714984784_1973_6_jpg.jpg?v=1759123103|https://cdn.shopify.com/s/files/1/0912/9351/6071/files/20240506_i1714984784_7013_4_jpg.jpg?v=1759123103|https://cdn.shopify.com/s/files/1/0912/9351/6071/files/20240506_i1714984784_7122_3_jpg.jpg?v=1759123103|https://cdn.shopify.com/s/files/1/0912/9351/6071/files/20240506_i1714984784_7897_5_jpg.jpg?v=1759123103|https://cdn.shopify.com/s/files/1/0912/9351/6071/files/20240506_i1714984784_8979_7_jpg.jpg?v=1759123103|https://cdn.shopify.com/s/files/1/0912/9351/6071/files/20240506_i1714984784_9103_8_jpg.jpg?v=1759123103|https://cdn.shopify.com/s/files/1/0912/9351/6071/files/20240506_i1714984784_9416_1_jpg.jpg?v=1759123103,Hi I want SMALL TOP HANDLE BAG 25 IN DRIED MOSS NYLON AND CALFSKIN TRIM,
MEDIUM GALLERIA BAG 28 IN CIDER BROWN SMOOTH CALFSKIN GOLD HARDWARE,https://cdn.shopify.com/s/files/1/0912/9351/6071/files/20240610_i1718000189_2536_1_jpg.jpg?v=1759123114,handbags,prada,https://cdn.shopify.com/s/files/1/0912/9351/6071/files/20240610_i1718000189_2536_1_jpg.jpg?v=1759123114|https://cdn.shopify.com/s/files/1/0912/9351/6071/files/20240610_i1718000189_162_2_jpg.jpg?v=1759123114|https://cdn.shopify.com/s/files/1/0912/9351/6071/files/20240610_i1718000189_488_7_jpg.jpg?v=1759123114|https://cdn.shopify.com/s/files/1/0912/9351/6071/files/20240610_i1718000189_781_5_jpg.jpg?v=1759123114|https://cdn.shopify.com/s/files/1/0912/9351/6071/files/20240610_i1718000189_2062_3_jpg.jpg?v=1759123114|https://cdn.shopify.com/s/files/1/0912/9351/6071/files/20240610_i1718000189_2267_8_jpg.jpg?v=1759123114|https://cdn.shopify.com/s/files/1/0912/9351/6071/files/20240610_i1718000189_4410_0_jpg.jpg?v=1759123114|https://cdn.shopify.com/s/files/1/0912/9351/6071/files/20240610_i1718000189_5205_4_jpg.jpg?v=1759123114|https://cdn.shopify.com/s/files/1/0912/9351/6071/files/20240610_i1718000189_7469_6_jpg.jpg?v=1759123114,Hi I want MEDIUM GALLERIA BAG 28 IN CIDER BROWN SMOOTH CALFSKIN GOLD HARDWARE,
LARGE GALLERIA BAG 32 IN WHITE SMOOTH CALFSKIN GOLD HARDWARE,https://cdn.shopify.com/s/files/1/0912/9351/6071/files/20240610_i1718000343_4486_1_jpg.jpg?v=1759123125,handbags,prada,https://cdn.shopify.com/s/files/1/0912/9351/6071/files/20240610_i1718000343_4486_1_jpg.jpg?v=1759123125|https://cdn.shopify.com/s/files/1/0912/9351/6071/files/20240610_i1718000343_6431_0_jpg.jpg?v=1759123125|https://cdn.shopify.com/s/files/1/0912/9351/6071/files/20240610_i1718000343_908_5_jpg.jpg?v=1759123125|https://cdn.shopify.com/s/files/1/0912/9351/6071/files/20240610_i1718000343_1690_6_jpg.jpg?v=1759123125|https://cdn.shopify.com/s/files/1/0912/9351/6071/files/20240610_i1718000343_1992_4_jpg.jpg?v=1759123125|https://cdn.shopify.com/s/files/1/0912/9351/6071/files/20240610_i1718000343_6762_2_jpg.jpg?v=1759123125|https://cdn.shopify.com/s/files/1/0912/9351/6071/files/20240610_i1718000343_6935_3_jpg.jpg?v=1759123125|https://cdn.shopify.com/s/files/1/0912/9351/6071/files/20240610_i1718000343_8400_7_jpg.jpg?v=1759123125|https://cdn.shopify.com/s/files/1/0912/9351/6071/files/20240610_i1718000353_9046_0_jpg.jpg?v=1759123125,Hi I want LARGE GALLERIA BAG 32 IN WHITE SMOOTH CALFSKIN GOLD HARDWARE,
MEDIUM GALLERIA BAG 28 IN WHITE SMOOTH CALFSKIN GOLD HARDWARE,https://cdn.shopify.com/s/files/1/0912/9351/6071/files/20240613_i1718263117_5787_1_jpg.jpg?v=1759123137,handbags,prada,https://cdn.shopify.com/s/files/1/0912/9351/6071/files/20240613_i1718263117_5787_1_jpg.jpg?v=1759123137|https://cdn.shopify.com/s/files/1/0912/9351/6071/files/20240613_i1718263117_1975_2_jpg.jpg?v=1759123137|https://cdn.shopify.com/s/files/1/0912/9351/6071/files/20240613_i1718263117_2212_5_jpg.jpg?v=1759123137|https://cdn.shopify.com/s/files/1/0912/9351/6071/files/20240613_i1718263117_2306_6_jpg.jpg?v=1759123137|https://cdn.shopify.com/s/files/1/0912/9351/6071/files/20240613_i1718263117_2605_3_jpg.jpg?v=1759123137|https://cdn.shopify.com/s/files/1/0912/9351/6071/files/20240613_i1718263117_2610_4_jpg.jpg?v=1759123137|https://cdn.shopify.com/s/files/1/0912/9351/6071/files/20240613_i1718263117_4602_8_jpg.jpg?v=1759123137|https://cdn.shopify.com/s/files/1/0912/9351/6071/files/20240613_i1718263117_4965_7_jpg.jpg?v=1759123137|https://cdn.shopify.com/s/files/1/0912/9351/6071/files/20240613_i1718263117_7036_0_jpg.jpg?v=1759123137,Hi I want MEDIUM GALLERIA BAG 28 IN WHITE SMOOTH CALFSKIN GOLD HARDWARE,
ENVELOPE FLAP BAG 20 IN BLACK SAFFIANO LEATHER,https://cdn.shopify.com/s/files/1/0912/9351/6071/files/20210420_i1618899867_644_1_jpg.jpg?v=1759123148,handbags,prada,https://cdn.shopify.com/s/files/1/0912/9351/6071/files/20210420_i1618899867_644_1_jpg.jpg?v=1759123148|https://cdn.shopify.com/s/files/1/0912/9351/6071/files/20210420_i1618899867_6458_6_jpg.jpg?v=1759123148|https://cdn.shopify.com/s/files/1/0912/9351/6071/files/20210420_i1618899867_42_5_jpg.jpg?v=1759123148|https://cdn.shopify.com/s/files/1/0912/9351/6071/files/20210420_i1618899867_1627_4_jpg.jpg?v=1759123148|https://cdn.shopify.com/s/files/1/0912/9351/6071/files/20210420_i1618899867_5220_3_jpg.jpg?v=1759123148|https://cdn.shopify.com/s/files/1/0912/9351/6071/files/20210420_i1618899867_8468_7_jpg.jpg?v=1759123148|https://cdn.shopify.com/s/files/1/0912/9351/6071/files/20210420_i1618899867_767_2_jpg.jpg?v=1759123148|https://cdn.shopify.com/s/files/1/0912/9351/6071/files/20210420_i1618899867_5112_0_jpg.jpg?v=1759123149,Hi I want ENVELOPE FLAP BAG 20 IN BLACK SAFFIANO LEATHER,
ENVELOPE FLAP BAG 20 IN WHITE SAFFIANO LEATHER,https://cdn.shopify.com/s/files/1/0912/9351/6071/files/20210421_i1618987208_7806_1_jpg.jpg?v=1759123160,handbags,prada,https://cdn.shopify.com/s/files/1/0912/9351/6071/files/20210421_i1618987208_7806_1_jpg.jpg?v=1759123160|https://cdn.shopify.com/s/files/1/0912/9351/6071/files/20210421_i1618987208_985_7_jpg.jpg?v=1759123160|https://cdn.shopify.com/s/files/1/0912/9351/6071/files/20210421_i1618987208_1460_6_jpg.jpg?v=1759123160|https://cdn.shopify.com/s/files/1/0912/9351/6071/files/20210421_i1618987208_2735_8_jpg.jpg?v=1759123160|https://cdn.shopify.com/s/files/1/0912/9351/6071/files/20210421_i1618987208_4256_4_jpg.jpg?v=1759123160|https://cdn.shopify.com/s/files/1/0912/9351/6071/files/20210421_i1618987208_7069_3_jpg.jpg?v=1759123160|https://cdn.shopify.com/s/files/1/0912/9351/6071/files/20210421_i1618987208_7770_5_jpg.jpg?v=1759123160|https://cdn.shopify.com/s/files/1/0912/9351/6071/files/20210421_i1618987208_8641_2_jpg.jpg?v=1759123160|https://cdn.shopify.com/s/files/1/0912/9351/6071/files/20210421_i1618987208_5693_0_jpg.jpg?v=1759123160,Hi I want ENVELOPE FLAP BAG 20 IN WHITE SAFFIANO LEATHER,
LARGE FLAP BAG 28 IN BLACK TRIANGULAR QUILTED PATTERN RE-NYLON,https://cdn.shopify.com/s/files/1/0912/9351/6071/files/20210126_i1611644666_3649_0_jpg_3ac5c425-fe4e-431b-bc6a-53bb7caf7917.jpg?v=1778316008,handbags,prada,https://cdn.shopify.com/s/files/1/0912/9351/6071/files/20210126_i1611644666_3649_0_jpg_3ac5c425-fe4e-431b-bc6a-53bb7caf7917.jpg?v=1778316008|https://cdn.shopify.com/s/files/1/0912/9351/6071/files/20210126_i1611644673_9684_0_jpg_83dcdb7f-4347-4d06-bec9-c14651d792aa.jpg?v=1778316008|https://cdn.shopify.com/s/files/1/0912/9351/6071/files/20210126_i1611644666_3682_3_jpg_b6349b66-18d5-4913-959e-127bdff4a17e.jpg?v=1778316008|https://cdn.shopify.com/s/files/1/0912/9351/6071/files/20210126_i1611644666_280_6_jpg_46ffea8e-faca-4d44-b8ce-da2369b77ca2.jpg?v=1778316008|https://cdn.shopify.com/s/files/1/0912/9351/6071/files/20210126_i1611644666_1225_4_jpg_27b3d4de-8bfa-4990-84e9-f931641d5bf8.jpg?v=1778316008|https://cdn.shopify.com/s/files/1/0912/9351/6071/files/20210126_i1611644666_4532_2_jpg_4706abdb-a5fe-4964-8761-76367708a055.jpg?v=1778316008|https://cdn.shopify.com/s/files/1/0912/9351/6071/files/20210126_i1611644666_5785_1_jpg_74bf6e1c-5f52-4823-bb23-65b6f9331f6d.jpg?v=1778316008|https://cdn.shopify.com/s/files/1/0912/9351/6071/files/20210126_i1611644666_8759_5_jpg_79d6eefc-b1e2-4158-a9b1-bcac03aa383a.jpg?v=1778316008,Hi I want LARGE FLAP BAG 28 IN BLACK TRIANGULAR QUILTED PATTERN RE-NYLON,
SMALL FLAP BAG 21 IN BLACK TRIANGULAR QUILTED PATTERN RE-NYLON,https://cdn.shopify.com/s/files/1/0912/9351/6071/files/20201219_i1608357128_8702_0_jpg.jpg?v=1759123193,handbags,prada,https://cdn.shopify.com/s/files/1/0912/9351/6071/files/20201219_i1608357128_8702_0_jpg.jpg?v=1759123193|https://cdn.shopify.com/s/files/1/0912/9351/6071/files/20201219_i1608357128_6462_7_jpg.jpg?v=1759123193|https://cdn.shopify.com/s/files/1/0912/9351/6071/files/20201219_i1608357128_6663_6_jpg.jpg?v=1759123193|https://cdn.shopify.com/s/files/1/0912/9351/6071/files/20201219_i1608357128_7410_2_jpg.jpg?v=1759123193|https://cdn.shopify.com/s/files/1/0912/9351/6071/files/20201219_i1608357128_7890_3_jpg.jpg?v=1759123193|https://cdn.shopify.com/s/files/1/0912/9351/6071/files/20201219_i1608357128_9304_5_jpg.jpg?v=1759123193|https://cdn.shopify.com/s/files/1/0912/9351/6071/files/20201219_i1608357128_9512_4_jpg.jpg?v=1759123193|https://cdn.shopify.com/s/files/1/0912/9351/6071/files/20201219_i1608357128_9900_1_jpg.jpg?v=1759123193|https://cdn.shopify.com/s/files/1/0912/9351/6071/files/20201219_i1608357132_3120_0_jpg.jpg?v=1759123193,Hi I want SMALL FLAP BAG 21 IN BLACK TRIANGULAR QUILTED PATTERN RE-NYLON,
BACKPACK 32 IN WHITE PARACHUTE FABRIC,https://cdn.shopify.com/s/files/1/0912/9351/6071/files/20210714_i1626243141_7765_0_jpg.jpg?v=1759123229,handbags,prada,https://cdn.shopify.com/s/files/1/0912/9351/6071/files/20210714_i1626243141_7765_0_jpg.jpg?v=1759123229|https://cdn.shopify.com/s/files/1/0912/9351/6071/files/20210714_i1626243141_669_4_jpg.jpg?v=1759123229|https://cdn.shopify.com/s/files/1/0912/9351/6071/files/20210714_i1626243141_3850_5_jpg.jpg?v=1759123229|https://cdn.shopify.com/s/files/1/0912/9351/6071/files/20210714_i1626243141_5030_3_jpg.jpg?v=1759123229|https://cdn.shopify.com/s/files/1/0912/9351/6071/files/20210714_i1626243141_5430_7_jpg.jpg?v=1759123229|https://cdn.shopify.com/s/files/1/0912/9351/6071/files/20210714_i1626243141_5708_2_jpg.jpg?v=1759123229|https://cdn.shopify.com/s/files/1/0912/9351/6071/files/20210714_i1626243141_6669_8_jpg.jpg?v=1759123229|https://cdn.shopify.com/s/files/1/0912/9351/6071/files/20210714_i1626243141_6874_6_jpg.jpg?v=1759123229|https://cdn.shopify.com/s/files/1/0912/9351/6071/files/20210714_i1626243141_7153_1_jpg.jpg?v=1759123229,Hi I want BACKPACK 32 IN WHITE PARACHUTE FABRIC,
BELT BAG 27 IN BLACK RE-NYLON,https://cdn.shopify.com/s/files/1/0912/9351/6071/files/20240315_i1710480773_6959_0_jpg.jpg?v=1759123242,handbags,prada,https://cdn.shopify.com/s/files/1/0912/9351/6071/files/20240315_i1710480773_6959_0_jpg.jpg?v=1759123242|https://cdn.shopify.com/s/files/1/0912/9351/6071/files/20240315_i1710480773_590_6_jpg.jpg?v=1759123242|https://cdn.shopify.com/s/files/1/0912/9351/6071/files/20240315_i1710480773_936_3_jpg.jpg?v=1759123242|https://cdn.shopify.com/s/files/1/0912/9351/6071/files/20240315_i1710480773_1649_5_jpg.jpg?v=1759123242|https://cdn.shopify.com/s/files/1/0912/9351/6071/files/20240315_i1710480773_3590_4_jpg.jpg?v=1759123242|https://cdn.shopify.com/s/files/1/0912/9351/6071/files/20240315_i1710480773_4567_2_jpg.jpg?v=1759123242|https://cdn.shopify.com/s/files/1/0912/9351/6071/files/20240315_i1710480773_7749_7_jpg.jpg?v=1759123242|https://cdn.shopify.com/s/files/1/0912/9351/6071/files/20240315_i1710480773_8816_1_jpg.jpg?v=1759123242|https://cdn.shopify.com/s/files/1/0912/9351/6071/files/20240315_i1710480779_8233_0_jpg.jpg?v=1759123242,Hi I want BELT BAG 27 IN BLACK RE-NYLON,
TRIANGLE LOGO BACKPACK 45 IN ASH GRAY RE-NYLON,https://cdn.shopify.com/s/files/1/0912/9351/6071/files/20240110_i1704869092_3372_0_jpg.jpg?v=1759123255,handbags,prada,https://cdn.shopify.com/s/files/1/0912/9351/6071/files/20240110_i1704869092_3372_0_jpg.jpg?v=1759123255|https://cdn.shopify.com/s/files/1/0912/9351/6071/files/20240110_i1704869092_3455_2_jpg.jpg?v=1759123255|https://cdn.shopify.com/s/files/1/0912/9351/6071/files/20240110_i1704869092_4749_6_jpg.jpg?v=1759123255|https://cdn.shopify.com/s/files/1/0912/9351/6071/files/20240110_i1704869092_5200_5_jpg.jpg?v=1759123255|https://cdn.shopify.com/s/files/1/0912/9351/6071/files/20240110_i1704869092_5367_4_jpg.jpg?v=1759123255|https://cdn.shopify.com/s/files/1/0912/9351/6071/files/20240110_i1704869092_5991_3_jpg.jpg?v=1759123255|https://cdn.shopify.com/s/files/1/0912/9351/6071/files/20240110_i1704869092_6225_1_jpg.jpg?v=1759123255|https://cdn.shopify.com/s/files/1/0912/9351/6071/files/20240110_i1704869092_6498_8_jpg.jpg?v=1759123255|https://cdn.shopify.com/s/files/1/0912/9351/6071/files/20240110_i1704869092_7487_7_jpg.jpg?v=1759123255,Hi I want TRIANGLE LOGO BACKPACK 45 IN ASH GRAY RE-NYLON,
CROSSBODY BAG 29 IN BLACK RE-NYLON AND CALFSKIN TRIM,https://cdn.shopify.com/s/files/1/0912/9351/6071/files/20231218_i1702880391_773_0_jpg.jpg?v=1759123267,handbags,prada,https://cdn.shopify.com/s/files/1/0912/9351/6071/files/20231218_i1702880391_773_0_jpg.jpg?v=1759123267|https://cdn.shopify.com/s/files/1/0912/9351/6071/files/20231218_i1702880391_902_5_jpg.jpg?v=1759123267|https://cdn.shopify.com/s/files/1/0912/9351/6071/files/20231218_i1702880391_2567_8_jpg.jpg?v=1759123267|https://cdn.shopify.com/s/files/1/0912/9351/6071/files/20231218_i1702880391_3083_7_jpg.jpg?v=1759123267|https://cdn.shopify.com/s/files/1/0912/9351/6071/files/20231218_i1702880391_3914_3_jpg.jpg?v=1759123267|https://cdn.shopify.com/s/files/1/0912/9351/6071/files/20231218_i1702880391_4155_2_jpg.jpg?v=1759123268|https://cdn.shopify.com/s/files/1/0912/9351/6071/files/20231218_i1702880391_5647_4_jpg.jpg?v=1759123268|https://cdn.shopify.com/s/files/1/0912/9351/6071/files/20231218_i1702880498_5104_0_jpg.jpg?v=1759123268|https://cdn.shopify.com/s/files/1/0912/9351/6071/files/20231218_i1702880391_6682_1_jpg.jpg?v=1759123268,Hi I want CROSSBODY BAG 29 IN BLACK RE-NYLON AND CALFSKIN TRIM,
CROSSBODY BAG 29 IN BLACK OIL WAX LAMBSKIN,https://cdn.shopify.com/s/files/1/0912/9351/6071/files/20240121_i1705814131_473_0_jpg.jpg?v=1759123282,handbags,prada,https://cdn.shopify.com/s/files/1/0912/9351/6071/files/20240121_i1705814131_473_0_jpg.jpg?v=1759123282|https://cdn.shopify.com/s/files/1/0912/9351/6071/files/20240121_i1705814131_2026_1_jpg.jpg?v=1759123282|https://cdn.shopify.com/s/files/1/0912/9351/6071/files/20240121_i1705814131_2767_7_jpg.jpg?v=1759123282|https://cdn.shopify.com/s/files/1/0912/9351/6071/files/20240121_i1705814131_3759_2_jpg.jpg?v=1759123282|https://cdn.shopify.com/s/files/1/0912/9351/6071/files/20240121_i1705814131_4376_6_jpg.jpg?v=1759123282|https://cdn.shopify.com/s/files/1/0912/9351/6071/files/20240121_i1705814131_5360_5_jpg.jpg?v=1759123282|https://cdn.shopify.com/s/files/1/0912/9351/6071/files/20240121_i1705814131_5727_8_jpg.jpg?v=1759123282|https://cdn.shopify.com/s/files/1/0912/9351/6071/files/20240121_i1705814131_6028_3_jpg.jpg?v=1759123282|https://cdn.shopify.com/s/files/1/0912/9351/6071/files/20240121_i1705814131_7038_4_jpg.jpg?v=1759123282,Hi I want CROSSBODY BAG 29 IN BLACK OIL WAX LAMBSKIN,
TOTE BAG 28 IN WHITE SHEEPSKIN GOLD LOGO,https://cdn.shopify.com/s/files/1/0912/9351/6071/files/20240320_i1710911363_3365_0_jpg.jpg?v=1759123305,handbags,prada,https://cdn.shopify.com/s/files/1/0912/9351/6071/files/20240320_i1710911363_3365_0_jpg.jpg?v=1759123305|https://cdn.shopify.com/s/files/1/0912/9351/6071/files/20240320_i1710911363_1831_3_jpg.jpg?v=1759123305|https://cdn.shopify.com/s/files/1/0912/9351/6071/files/20240320_i1710911363_1986_8_jpg.jpg?v=1759123305|https://cdn.shopify.com/s/files/1/0912/9351/6071/files/20240320_i1710911363_3966_1_jpg.jpg?v=1759123305|https://cdn.shopify.com/s/files/1/0912/9351/6071/files/20240320_i1710911363_6199_5_jpg.jpg?v=1759123305|https://cdn.shopify.com/s/files/1/0912/9351/6071/files/20240320_i1710911363_6479_2_jpg.jpg?v=1759123305|https://cdn.shopify.com/s/files/1/0912/9351/6071/files/20240320_i1710911363_9135_7_jpg.jpg?v=1759123305|https://cdn.shopify.com/s/files/1/0912/9351/6071/files/20240320_i1710911363_9689_6_jpg.jpg?v=1759123305|https://cdn.shopify.com/s/files/1/0912/9351/6071/files/20240320_i1710911363_9820_4_jpg.jpg?v=1759123305,Hi I want TOTE BAG 28 IN WHITE SHEEPSKIN GOLD LOGO,
DUMPLING BAG 30 IN WHTE CALFSKIN,https://cdn.shopify.com/s/files/1/0912/9351/6071/files/20240318_i1710744220_1424_0_jpg.jpg?v=1759123328,handbags,prada,https://cdn.shopify.com/s/files/1/0912/9351/6071/files/20240318_i1710744220_1424_0_jpg.jpg?v=1759123328|https://cdn.shopify.com/s/files/1/0912/9351/6071/files/20240318_i1710744220_989_8_jpg.jpg?v=1759123328|https://cdn.shopify.com/s/files/1/0912/9351/6071/files/20240318_i1710744220_3368_5_jpg.jpg?v=1759123328|https://cdn.shopify.com/s/files/1/0912/9351/6071/files/20240318_i1710744220_4272_6_jpg.jpg?v=1759123328|https://cdn.shopify.com/s/files/1/0912/9351/6071/files/20240318_i1710744220_5683_7_jpg.jpg?v=1759123328|https://cdn.shopify.com/s/files/1/0912/9351/6071/files/20240318_i1710744220_6552_4_jpg.jpg?v=1759123328|https://cdn.shopify.com/s/files/1/0912/9351/6071/files/20240318_i1710744220_7134_2_jpg.jpg?v=1759123328|https://cdn.shopify.com/s/files/1/0912/9351/6071/files/20240318_i1710744220_7305_1_jpg.jpg?v=1759123328,Hi I want DUMPLING BAG 30 IN WHTE CALFSKIN,
FLAP BAG 25 IN CINNAMON BROWN SMOOTH CALFSKIN TRIANGLE LOGO,https://cdn.shopify.com/s/files/1/0912/9351/6071/files/20240319_i1710827333_7905_0_jpg.jpg?v=1759123340,handbags,prada,https://cdn.shopify.com/s/files/1/0912/9351/6071/files/20240319_i1710827333_7905_0_jpg.jpg?v=1759123340|https://cdn.shopify.com/s/files/1/0912/9351/6071/files/20240319_i1710827333_4666_8_jpg.jpg?v=1759123340|https://cdn.shopify.com/s/files/1/0912/9351/6071/files/20240319_i1710827333_6295_7_jpg.jpg?v=1759123340|https://cdn.shopify.com/s/files/1/0912/9351/6071/files/20240319_i1710827333_7682_3_jpg.jpg?v=1759123340|https://cdn.shopify.com/s/files/1/0912/9351/6071/files/20240319_i1710827333_8269_5_jpg.jpg?v=1759123340|https://cdn.shopify.com/s/files/1/0912/9351/6071/files/20240319_i1710827333_9106_6_jpg.jpg?v=1759123340|https://cdn.shopify.com/s/files/1/0912/9351/6071/files/20240319_i1710827333_1042_1_jpg.jpg?v=1759123340|https://cdn.shopify.com/s/files/1/0912/9351/6071/files/20240319_i1710827333_5274_2_jpg.jpg?v=1759123340|https://cdn.shopify.com/s/files/1/0912/9351/6071/files/20240319_i1710827333_9694_4_jpg.jpg?v=1759123340,Hi I want FLAP BAG 25 IN CINNAMON BROWN SMOOTH CALFSKIN TRIANGLE LOGO,
FLAP BAG 25 IN WHITE SMOOTH CALFSKIN TRIANGLE LOGO,https://cdn.shopify.com/s/files/1/0912/9351/6071/files/20240319_i1710827833_1531_0_jpg.jpg?v=1759123352,handbags,prada,https://cdn.shopify.com/s/files/1/0912/9351/6071/files/20240319_i1710827833_1531_0_jpg.jpg?v=1759123352|https://cdn.shopify.com/s/files/1/0912/9351/6071/files/20240319_i1710827833_825_4_jpg.jpg?v=1759123352|https://cdn.shopify.com/s/files/1/0912/9351/6071/files/20240319_i1710827833_1014_2_jpg.jpg?v=1759123352|https://cdn.shopify.com/s/files/1/0912/9351/6071/files/20240319_i1710827833_1449_6_jpg.jpg?v=1759123352|https://cdn.shopify.com/s/files/1/0912/9351/6071/files/20240319_i1710827833_2635_1_jpg.jpg?v=1759123352|https://cdn.shopify.com/s/files/1/0912/9351/6071/files/20240319_i1710827833_3025_3_jpg.jpg?v=1759123352|https://cdn.shopify.com/s/files/1/0912/9351/6071/files/20240319_i1710827833_3460_7_jpg.jpg?v=1759123352|https://cdn.shopify.com/s/files/1/0912/9351/6071/files/20240319_i1710827833_3702_5_jpg.jpg?v=1759123352|https://cdn.shopify.com/s/files/1/0912/9351/6071/files/20240319_i1710827833_4045_8_jpg.jpg?v=1759123352,Hi I want FLAP BAG 25 IN WHITE SMOOTH CALFSKIN TRIANGLE LOGO,
SHOPPING BAG 40 IN BLACK NYLON FABRIC,https://cdn.shopify.com/s/files/1/0912/9351/6071/files/1546841349_542889676_0.jpg?v=1759123362,handbags,prada,https://cdn.shopify.com/s/files/1/0912/9351/6071/files/1546841349_542889676_0.jpg?v=1759123362|https://cdn.shopify.com/s/files/1/0912/9351/6071/files/1546841349_1034237503_1.jpg?v=1759123362|https://cdn.shopify.com/s/files/1/0912/9351/6071/files/1546841350_2329630192_3.jpg?v=1759123362|https://cdn.shopify.com/s/files/1/0912/9351/6071/files/1546841350_2514882249_2.jpg?v=1759123362|https://cdn.shopify.com/s/files/1/0912/9351/6071/files/1546841350_4217449464_4.jpg?v=1759123362|https://cdn.shopify.com/s/files/1/0912/9351/6071/files/1546841351_551343913_7.jpg?v=1759123362|https://cdn.shopify.com/s/files/1/0912/9351/6071/files/1546841351_2335432530_6.jpg?v=1759123362|https://cdn.shopify.com/s/files/1/0912/9351/6071/files/1546841351_3604024260_5.jpg?v=1759123362,Hi I want SHOPPING BAG 40 IN BLACK NYLON FABRIC,
CLUTCH 28 IN NAVY BLUE RE-NYLON,https://cdn.shopify.com/s/files/1/0912/9351/6071/files/1560827064_3891972166_0.jpg?v=1759123393,handbags,prada,https://cdn.shopify.com/s/files/1/0912/9351/6071/files/1560827064_3891972166_0.jpg?v=1759123393|https://cdn.shopify.com/s/files/1/0912/9351/6071/files/1560827064_922176937_4.jpg?v=1759123393|https://cdn.shopify.com/s/files/1/0912/9351/6071/files/1560827064_2686313817_6.jpg?v=1759123393|https://cdn.shopify.com/s/files/1/0912/9351/6071/files/1560827064_2801371794_2.jpg?v=1759123393|https://cdn.shopify.com/s/files/1/0912/9351/6071/files/1560827064_2938071399_7.jpg?v=1759123393|https://cdn.shopify.com/s/files/1/0912/9351/6071/files/1560827064_3148023180_3.jpg?v=1759123393|https://cdn.shopify.com/s/files/1/0912/9351/6071/files/1560827064_3810765695_1.jpg?v=1759123393|https://cdn.shopify.com/s/files/1/0912/9351/6071/files/1560827064_4236748413_5.jpg?v=1759123393|https://cdn.shopify.com/s/files/1/0912/9351/6071/files/1560827064_4266209915_8.jpg?v=1759123393,Hi I want CLUTCH 28 IN NAVY BLUE RE-NYLON,
SMALL BACKPACK 28 IN SHOELACE BEIGE PARACHUTE FABRIC,https://cdn.shopify.com/s/files/1/0912/9351/6071/files/20221103_i1667454944_4234_0_jpg.jpg?v=1759123415,handbags,prada,https://cdn.shopify.com/s/files/1/0912/9351/6071/files/20221103_i1667454944_4234_0_jpg.jpg?v=1759123415|https://cdn.shopify.com/s/files/1/0912/9351/6071/files/20220608_i1654668646_7313_7_jpg.jpg?v=1759123415|https://cdn.shopify.com/s/files/1/0912/9351/6071/files/20221103_i1667454944_278_3_jpg.jpg?v=1759123416|https://cdn.shopify.com/s/files/1/0912/9351/6071/files/20221103_i1667454944_8606_4_jpg.jpg?v=1759123416|https://cdn.shopify.com/s/files/1/0912/9351/6071/files/20221103_i1667454944_9259_5_jpg.jpg?v=1759123416|https://cdn.shopify.com/s/files/1/0912/9351/6071/files/20221103_i1667454950_8411_0_jpg.jpg?v=1759123416|https://cdn.shopify.com/s/files/1/0912/9351/6071/files/20221103_i1667454944_7753_2_jpg.jpg?v=1759123416|https://cdn.shopify.com/s/files/1/0912/9351/6071/files/20221103_i1667454944_8075_1_jpg.jpg?v=1759123416|https://cdn.shopify.com/s/files/1/0912/9351/6071/files/20221103_i1667454944_8689_6_jpg.jpg?v=1759123416,Hi I want SMALL BACKPACK 28 IN SHOELACE BEIGE PARACHUTE FABRIC,
SMALL BACKPACK 28 IN SKY BLUE PARACHUTE FABRIC,https://cdn.shopify.com/s/files/1/0912/9351/6071/files/20240502_i1714609103_7021_0_jpg.jpg?v=1759123426,handbags,prada,https://cdn.shopify.com/s/files/1/0912/9351/6071/files/20240502_i1714609103_7021_0_jpg.jpg?v=1759123426|https://cdn.shopify.com/s/files/1/0912/9351/6071/files/20240502_i1714609103_825_2_jpg.jpg?v=1759123426|https://cdn.shopify.com/s/files/1/0912/9351/6071/files/20240502_i1714609103_2502_5_jpg.jpg?v=1759123426|https://cdn.shopify.com/s/files/1/0912/9351/6071/files/20240502_i1714609103_3368_1_jpg.jpg?v=1759123426|https://cdn.shopify.com/s/files/1/0912/9351/6071/files/20240502_i1714609103_4554_6_jpg.jpg?v=1759123426|https://cdn.shopify.com/s/files/1/0912/9351/6071/files/20240502_i1714609103_4642_4_jpg.jpg?v=1759123426|https://cdn.shopify.com/s/files/1/0912/9351/6071/files/20240502_i1714609103_5768_3_jpg.jpg?v=1759123426|https://cdn.shopify.com/s/files/1/0912/9351/6071/files/20240502_i1714609127_5835_0_jpg.jpg?v=1759123426|https://cdn.shopify.com/s/files/1/0912/9351/6071/files/20240502_i1714609133_9995_0_jpg.jpg?v=1759123426,Hi I want SMALL BACKPACK 28 IN SKY BLUE PARACHUTE FABRIC,
SHOULDER BAG 27 IN BLACK RE-NYLON TRIANGLE LOGO,https://cdn.shopify.com/s/files/1/0912/9351/6071/files/img_d707740b_20240430_i1714457438_6331_0_jpg.jpg?v=1759123449,handbags,prada,https://cdn.shopify.com/s/files/1/0912/9351/6071/files/img_d707740b_20240430_i1714457438_6331_0_jpg.jpg?v=1759123449|https://cdn.shopify.com/s/files/1/0912/9351/6071/files/img_d707740b_20240430_i1714457438_4219_4_jpg.jpg?v=1759123449|https://cdn.shopify.com/s/files/1/0912/9351/6071/files/img_d707740b_20240430_i1714457438_7949_8_jpg.jpg?v=1759123449|https://cdn.shopify.com/s/files/1/0912/9351/6071/files/img_d707740b_20240430_i1714457438_9120_5_jpg.jpg?v=1759123449|https://cdn.shopify.com/s/files/1/0912/9351/6071/files/img_d707740b_20240430_i1714457438_9744_6_jpg.jpg?v=1759123449|https://cdn.shopify.com/s/files/1/0912/9351/6071/files/img_d707740b_20240430_i1714457438_1891_3_jpg.jpg?v=1759123449|https://cdn.shopify.com/s/files/1/0912/9351/6071/files/img_d707740b_20240430_i1714457438_2051_2_jpg.jpg?v=1759123449|https://cdn.shopify.com/s/files/1/0912/9351/6071/files/img_d707740b_20240430_i1714457438_7020_7_jpg.jpg?v=1759123449|https://cdn.shopify.com/s/files/1/0912/9351/6071/files/img_d707740b_20240430_i1714457438_7809_1_jpg.jpg?v=1759123449,Hi I want SHOULDER BAG 27 IN BLACK RE-NYLON TRIANGLE LOGO,
SHOULDER BAG 32 IN BLACK RE-NYLON TRIANGLE LOGO,https://cdn.shopify.com/s/files/1/0912/9351/6071/files/img_d707740b_20240430_i1714455725_8469_0_jpg.jpg?v=1759123460,handbags,prada,https://cdn.shopify.com/s/files/1/0912/9351/6071/files/img_d707740b_20240430_i1714455725_8469_0_jpg.jpg?v=1759123460|https://cdn.shopify.com/s/files/1/0912/9351/6071/files/img_d707740b_20240430_i1714455725_3712_2_jpg.jpg?v=1759123460|https://cdn.shopify.com/s/files/1/0912/9351/6071/files/img_d707740b_20240430_i1714455725_3873_7_jpg.jpg?v=1759123460|https://cdn.shopify.com/s/files/1/0912/9351/6071/files/img_d707740b_20240430_i1714455725_4344_8_jpg.jpg?v=1759123460|https://cdn.shopify.com/s/files/1/0912/9351/6071/files/img_d707740b_20240430_i1714455725_4378_4_jpg.jpg?v=1759123460|https://cdn.shopify.com/s/files/1/0912/9351/6071/files/img_d707740b_20240430_i1714455725_5711_5_jpg.jpg?v=1759123460|https://cdn.shopify.com/s/files/1/0912/9351/6071/files/img_d707740b_20240430_i1714455725_6753_3_jpg.jpg?v=1759123460|https://cdn.shopify.com/s/files/1/0912/9351/6071/files/img_d707740b_20240430_i1714455725_9042_1_jpg.jpg?v=1759123460|https://cdn.shopify.com/s/files/1/0912/9351/6071/files/img_d707740b_20240430_i1714455725_9200_6_jpg.jpg?v=1759123460,Hi I want SHOULDER BAG 32 IN BLACK RE-NYLON TRIANGLE LOGO,New
TOTE BAG 39 IN BLACK SMOOTH CALFSKIN,https://cdn.shopify.com/s/files/1/0912/9351/6071/files/img_d707740b_20240822_i1724264820_1903_0_jpg.jpg?v=1759123472,handbags,prada,https://cdn.shopify.com/s/files/1/0912/9351/6071/files/img_d707740b_20240822_i1724264820_1903_0_jpg.jpg?v=1759123472|https://cdn.shopify.com/s/files/1/0912/9351/6071/files/img_d707740b_20240822_i1724264820_740_1_jpg.jpg?v=1759123472|https://cdn.shopify.com/s/files/1/0912/9351/6071/files/img_d707740b_20240822_i1724264820_5797_8_jpg.jpg?v=1759123472|https://cdn.shopify.com/s/files/1/0912/9351/6071/files/img_d707740b_20240822_i1724264820_6207_3_jpg.jpg?v=1759123472|https://cdn.shopify.com/s/files/1/0912/9351/6071/files/img_d707740b_20240822_i1724264820_6551_7_jpg.jpg?v=1759123472|https://cdn.shopify.com/s/files/1/0912/9351/6071/files/img_d707740b_20240822_i1724264820_7546_6_jpg.jpg?v=1759123472|https://cdn.shopify.com/s/files/1/0912/9351/6071/files/img_d707740b_20240822_i1724264820_7875_5_jpg.jpg?v=1759123472|https://cdn.shopify.com/s/files/1/0912/9351/6071/files/img_d707740b_20240822_i1724264820_8324_4_jpg.jpg?v=1759123472|https://cdn.shopify.com/s/files/1/0912/9351/6071/files/img_d707740b_20240822_i1724264820_8746_2_jpg.jpg?v=1759123472,Hi I want TOTE BAG 39 IN BLACK SMOOTH CALFSKIN,New
MINI BUCKET BAG 19 IN BLACK SOFT NAPPA LAMBSKIN GOLD HARDWARE,https://cdn.shopify.com/s/files/1/0912/9351/6071/files/img_d707740b_20240822_i1724266266_5157_0_jpg.jpg?v=1759123493,handbags,prada,https://cdn.shopify.com/s/files/1/0912/9351/6071/files/img_d707740b_20240822_i1724266266_5157_0_jpg.jpg?v=1759123493|https://cdn.shopify.com/s/files/1/0912/9351/6071/files/img_d707740b_20240822_i1724266266_9323_1_jpg.jpg?v=1759123493|https://cdn.shopify.com/s/files/1/0912/9351/6071/files/img_d707740b_20240822_i1724266266_1525_4_jpg.jpg?v=1759123493|https://cdn.shopify.com/s/files/1/0912/9351/6071/files/img_d707740b_20240822_i1724266266_2180_8_jpg.jpg?v=1759123494|https://cdn.shopify.com/s/files/1/0912/9351/6071/files/img_d707740b_20240822_i1724266266_3698_5_jpg.jpg?v=1759123494|https://cdn.shopify.com/s/files/1/0912/9351/6071/files/img_d707740b_20240822_i1724266266_6266_2_jpg.jpg?v=1759123494|https://cdn.shopify.com/s/files/1/0912/9351/6071/files/img_d707740b_20240822_i1724266266_7920_6_jpg.jpg?v=1759123494|https://cdn.shopify.com/s/files/1/0912/9351/6071/files/img_d707740b_20240822_i1724266266_9423_7_jpg.jpg?v=1759123494|https://cdn.shopify.com/s/files/1/0912/9351/6071/files/img_d707740b_20240822_i1724266266_9779_3_jpg.jpg?v=1759123494,Hi I want MINI BUCKET BAG 19 IN BLACK SOFT NAPPA LAMBSKIN GOLD HARDWARE,New
MESSENGER BAG 20 IN KHAKI GREEN RE-NYLON AND BROWN CALFSKIN TRIM,https://cdn.shopify.com/s/files/1/0912/9351/6071/files/img_8300df26_20240902_a1725267362835_1122_jpg.jpg?v=1759123517,handbags,prada,https://cdn.shopify.com/s/files/1/0912/9351/6071/files/img_8300df26_20240902_a1725267362835_1122_jpg.jpg?v=1759123517|https://cdn.shopify.com/s/files/1/0912/9351/6071/files/img_8300df26_20240902_a1725267362557_6580_jpg.jpg?v=1759123517|https://cdn.shopify.com/s/files/1/0912/9351/6071/files/img_8300df26_20240902_a1725267362573_0021_jpg.jpg?v=1759123517|https://cdn.shopify.com/s/files/1/0912/9351/6071/files/img_8300df26_20240902_a1725267362743_0066_jpg.jpg?v=1759123517|https://cdn.shopify.com/s/files/1/0912/9351/6071/files/img_8300df26_20240902_a1725267362747_7675_jpg.jpg?v=1759123517|https://cdn.shopify.com/s/files/1/0912/9351/6071/files/img_8300df26_20240902_a1725267362959_3031_jpg.jpg?v=1759123517|https://cdn.shopify.com/s/files/1/0912/9351/6071/files/img_8300df26_20240902_a1725267364728_0770_jpg.jpg?v=1759123517|https://cdn.shopify.com/s/files/1/0912/9351/6071/files/img_8300df26_20240902_a1725267364730_6544_jpg.jpg?v=1759123517|https://cdn.shopify.com/s/files/1/0912/9351/6071/files/img_8300df26_20240902_a1725267364752_6857_jpg.jpg?v=1759123517,Hi I want MESSENGER BAG 20 IN KHAKI GREEN RE-NYLON AND BROWN CALFSKIN TRIM,New
CLASSIC TOTE BAG 43 IN BLACK RE-NYLON FABRIC,https://cdn.shopify.com/s/files/1/0912/9351/6071/files/img_d707740b_20240407_i1712502317_9040_0_jpg.jpg?v=1759123551,handbags,prada,https://cdn.shopify.com/s/files/1/0912/9351/6071/files/img_d707740b_20240407_i1712502317_9040_0_jpg.jpg?v=1759123551|https://cdn.shopify.com/s/files/1/0912/9351/6071/files/img_d707740b_20240407_i1712502317_1177_2_jpg.jpg?v=1759123552|https://cdn.shopify.com/s/files/1/0912/9351/6071/files/img_d707740b_20240407_i1712502317_5618_1_jpg.jpg?v=1759123552|https://cdn.shopify.com/s/files/1/0912/9351/6071/files/img_d707740b_20240407_i1712502317_6186_5_jpg.jpg?v=1759123552|https://cdn.shopify.com/s/files/1/0912/9351/6071/files/img_d707740b_20240407_i1712502317_6638_4_jpg.jpg?v=1759123552|https://cdn.shopify.com/s/files/1/0912/9351/6071/files/img_d707740b_20240407_i1712502317_7569_6_jpg.jpg?v=1759123552|https://cdn.shopify.com/s/files/1/0912/9351/6071/files/img_d707740b_20240407_i1712502317_7681_8_jpg.jpg?v=1759123552|https://cdn.shopify.com/s/files/1/0912/9351/6071/files/img_d707740b_20240407_i1712502317_8019_3_jpg.jpg?v=1759123552|https://cdn.shopify.com/s/files/1/0912/9351/6071/files/img_d707740b_20240407_i1712503630_4892_0_jpg.jpg?v=1759123552,Hi I want CLASSIC TOTE BAG 43 IN BLACK RE-NYLON FABRIC,New
MEDIUM SHOPPING BAG 40 IN BLACK RE-NYLON FABRIC,https://cdn.shopify.com/s/files/1/0912/9351/6071/files/img_d707740b_20231225_i1703504798_4107_0_jpg.jpg?v=1759123563,handbags,prada,https://cdn.shopify.com/s/files/1/0912/9351/6071/files/img_d707740b_20231225_i1703504798_4107_0_jpg.jpg?v=1759123563|https://cdn.shopify.com/s/files/1/0912/9351/6071/files/img_d707740b_20231225_i1703504798_3471_3_jpg.jpg?v=1759123563|https://cdn.shopify.com/s/files/1/0912/9351/6071/files/img_d707740b_20231225_i1703504798_4611_7_jpg.jpg?v=1759123563|https://cdn.shopify.com/s/files/1/0912/9351/6071/files/img_d707740b_20231225_i1703504798_6048_4_jpg.jpg?v=1759123563|https://cdn.shopify.com/s/files/1/0912/9351/6071/files/img_d707740b_20231225_i1703504798_7405_5_jpg.jpg?v=1759123563|https://cdn.shopify.com/s/files/1/0912/9351/6071/files/img_d707740b_20231225_i1703504798_8497_6_jpg.jpg?v=1759123563|https://cdn.shopify.com/s/files/1/0912/9351/6071/files/img_d707740b_20231225_i1703504798_9991_8_jpg.jpg?v=1759123563|https://cdn.shopify.com/s/files/1/0912/9351/6071/files/img_d707740b_20231225_i1703504798_9243_1_jpg.jpg?v=1759123563|https://cdn.shopify.com/s/files/1/0912/9351/6071/files/img_d707740b_20231225_i1703504798_9247_2_jpg.jpg?v=1759123563,Hi I want MEDIUM SHOPPING BAG 40 IN BLACK RE-NYLON FABRIC,New
MINI BACKPACK 18 IN BLACK RE-NYLON AND GLOSSY CALFSKIN GOLD HARDWARE,https://cdn.shopify.com/s/files/1/0912/9351/6071/files/img_cad1e969_20231209_i1702134656_4306_0_jpg.jpg?v=1759123574,handbags,prada,https://cdn.shopify.com/s/files/1/0912/9351/6071/files/img_cad1e969_20231209_i1702134656_4306_0_jpg.jpg?v=1759123574|https://cdn.shopify.com/s/files/1/0912/9351/6071/files/img_cad1e969_20231209_i1702134656_6607_7_jpg.jpg?v=1759123574|https://cdn.shopify.com/s/files/1/0912/9351/6071/files/img_cad1e969_20231209_i1702134656_7593_5_jpg.jpg?v=1759123574|https://cdn.shopify.com/s/files/1/0912/9351/6071/files/img_cad1e969_20231209_i1702134656_8857_8_jpg.jpg?v=1759123574|https://cdn.shopify.com/s/files/1/0912/9351/6071/files/img_cad1e969_20231209_i1702134656_9170_4_jpg.jpg?v=1759123574|https://cdn.shopify.com/s/files/1/0912/9351/6071/files/img_cad1e969_20231209_i1702134656_9935_3_jpg.jpg?v=1759123574|https://cdn.shopify.com/s/files/1/0912/9351/6071/files/img_cad1e969_20231209_i1702134656_5124_1_jpg.jpg?v=1759123574|https://cdn.shopify.com/s/files/1/0912/9351/6071/files/img_cad1e969_20231209_i1702134656_6465_2_jpg.jpg?v=1759123574|https://cdn.shopify.com/s/files/1/0912/9351/6071/files/img_cad1e969_20231209_i1702134656_8354_6_jpg.jpg?v=1759123574,Hi I want MINI BACKPACK 18 IN BLACK RE-NYLON AND GLOSSY CALFSKIN GOLD HARDWARE,New
BACKPACK 25 IN BLACK RE-NYLON AND GLOSSY CALFSKIN GOLD HARDWARE,https://cdn.shopify.com/s/files/1/0912/9351/6071/files/img_cad1e969_20231209_i1702134895_8240_1_jpg.jpg?v=1759123586,handbags,prada,https://cdn.shopify.com/s/files/1/0912/9351/6071/files/img_cad1e969_20231209_i1702134895_8240_1_jpg.jpg?v=1759123586|https://cdn.shopify.com/s/files/1/0912/9351/6071/files/img_cad1e969_20231209_i1702134895_970_5_jpg.jpg?v=1759123586|https://cdn.shopify.com/s/files/1/0912/9351/6071/files/img_cad1e969_20231209_i1702134895_2941_4_jpg.jpg?v=1759123586|https://cdn.shopify.com/s/files/1/0912/9351/6071/files/img_cad1e969_20231209_i1702134895_3278_3_jpg.jpg?v=1759123586|https://cdn.shopify.com/s/files/1/0912/9351/6071/files/img_cad1e969_20231209_i1702134895_4477_2_jpg.jpg?v=1759123586|https://cdn.shopify.com/s/files/1/0912/9351/6071/files/img_cad1e969_20231209_i1702134895_6985_6_jpg.jpg?v=1759123586|https://cdn.shopify.com/s/files/1/0912/9351/6071/files/img_cad1e969_20231209_i1702134895_7507_0_jpg.jpg?v=1759123586|https://cdn.shopify.com/s/files/1/0912/9351/6071/files/img_cad1e969_20231209_i1702134895_8721_8_jpg.jpg?v=1759123586|https://cdn.shopify.com/s/files/1/0912/9351/6071/files/img_cad1e969_20231209_i1702134895_9509_7_jpg.jpg?v=1759123586,Hi I want BACKPACK 25 IN BLACK RE-NYLON AND GLOSSY CALFSKIN GOLD HARDWARE,New
HOBO BAG 23 IN RUSSET BROWN SUEDE GOLD CHAIN,https://cdn.shopify.com/s/files/1/0912/9351/6071/files/img_db9945f8_20240830_i1724960712_6855_4_jpg.jpg?v=1759123636,handbags,prada,https://cdn.shopify.com/s/files/1/0912/9351/6071/files/img_db9945f8_20240830_i1724960712_6855_4_jpg.jpg?v=1759123636|https://cdn.shopify.com/s/files/1/0912/9351/6071/files/img_db9945f8_20240830_i1724960711_6241_0_jpg.jpg?v=1759123636|https://cdn.shopify.com/s/files/1/0912/9351/6071/files/img_db9945f8_20240830_i1724960712_58_6_jpg.jpg?v=1759123636|https://cdn.shopify.com/s/files/1/0912/9351/6071/files/img_db9945f8_20240830_i1724960712_5040_2_jpg.jpg?v=1759123636|https://cdn.shopify.com/s/files/1/0912/9351/6071/files/img_db9945f8_20240830_i1724960712_7233_5_jpg.jpg?v=1759123636|https://cdn.shopify.com/s/files/1/0912/9351/6071/files/img_db9945f8_20240830_i1724960712_9371_1_jpg.jpg?v=1759123636|https://cdn.shopify.com/s/files/1/0912/9351/6071/files/img_db9945f8_20240830_i1724960712_1779_8_jpg.jpg?v=1759123636|https://cdn.shopify.com/s/files/1/0912/9351/6071/files/img_db9945f8_20240830_i1724960712_3094_3_jpg.jpg?v=1759123636|https://cdn.shopify.com/s/files/1/0912/9351/6071/files/img_db9945f8_20240830_i1724960712_7079_7_jpg.jpg?v=1759123636,Hi I want HOBO BAG 23 IN RUSSET BROWN SUEDE GOLD CHAIN,New
SHOULDER BAG 28 IN TAWNY BROWN SUEDE GOLD LOGO,https://cdn.shopify.com/s/files/1/0912/9351/6071/files/img_db9945f8_20240803_i1722624530_5563_0_jpg.jpg?v=1778124879,handbags,prada,https://cdn.shopify.com/s/files/1/0912/9351/6071/files/img_db9945f8_20240803_i1722624530_5563_0_jpg.jpg?v=1778124879|https://cdn.shopify.com/s/files/1/0912/9351/6071/files/img_db9945f8_20240803_i1722624530_3804_3_jpg.jpg?v=1778124879|https://cdn.shopify.com/s/files/1/0912/9351/6071/files/img_db9945f8_20240803_i1722624530_8197_4_jpg.jpg?v=1778124879|https://cdn.shopify.com/s/files/1/0912/9351/6071/files/img_db9945f8_20240803_i1722624530_8716_2_jpg.jpg?v=1778124879|https://cdn.shopify.com/s/files/1/0912/9351/6071/files/img_db9945f8_20240803_i1722624531_189_6_jpg_348b098c-fcd0-4b5e-870f-f2cc21970dee.jpg?v=1778124879|https://cdn.shopify.com/s/files/1/0912/9351/6071/files/img_db9945f8_20240803_i1722624531_946_5_jpg.jpg?v=1778124879|https://cdn.shopify.com/s/files/1/0912/9351/6071/files/img_db9945f8_20240803_i1722624531_8925_8_jpg.jpg?v=1778124879|https://cdn.shopify.com/s/files/1/0912/9351/6071/files/img_db9945f8_20240803_i1722624530_5719_1_jpg.jpg?v=1778124879|https://cdn.shopify.com/s/files/1/0912/9351/6071/files/img_db9945f8_20240803_i1722624531_5744_7_jpg.jpg?v=1778124879,Hi I want SHOULDER BAG 28 IN TAWNY BROWN SUEDE GOLD LOGO,New
HOBO BAG 23 IN BLACK PATENT NAPPA LAMBSKIN GOLD HARDWARE,https://cdn.shopify.com/s/files/1/0912/9351/6071/files/img_db9945f8_20240922_i1726951630_4280_0_jpg.jpg?v=1759123704,handbags,prada,https://cdn.shopify.com/s/files/1/0912/9351/6071/files/img_db9945f8_20240922_i1726951630_4280_0_jpg.jpg?v=1759123704|https://cdn.shopify.com/s/files/1/0912/9351/6071/files/img_db9945f8_20240922_i1726951630_1906_1_jpg.jpg?v=1759123704|https://cdn.shopify.com/s/files/1/0912/9351/6071/files/img_db9945f8_20240922_i1726951630_6549_2_jpg.jpg?v=1759123704|https://cdn.shopify.com/s/files/1/0912/9351/6071/files/img_db9945f8_20240922_i1726951631_1555_4_jpg.jpg?v=1759123704|https://cdn.shopify.com/s/files/1/0912/9351/6071/files/img_db9945f8_20240922_i1726951631_2934_5_jpg.jpg?v=1759123704|https://cdn.shopify.com/s/files/1/0912/9351/6071/files/img_db9945f8_20240922_i1726951631_3392_3_jpg.jpg?v=1759123704|https://cdn.shopify.com/s/files/1/0912/9351/6071/files/img_db9945f8_20240922_i1726951631_4934_6_jpg.jpg?v=1759123704|https://cdn.shopify.com/s/files/1/0912/9351/6071/files/img_db9945f8_20240922_i1726951631_5054_7_jpg.jpg?v=1759123704|https://cdn.shopify.com/s/files/1/0912/9351/6071/files/img_db9945f8_20240922_i1726951631_5758_8_jpg.jpg?v=1759123704,Hi I want HOBO BAG 23 IN BLACK PATENT NAPPA LAMBSKIN GOLD HARDWARE,New
LARGE HOBO BAG 39 IN WHITE SOFT LAMBSKIN,https://cdn.shopify.com/s/files/1/0912/9351/6071/files/img_db9945f8_20240730_i1722274283_936_4_jpg.jpg?v=1759123739,handbags,prada,https://cdn.shopify.com/s/files/1/0912/9351/6071/files/img_db9945f8_20240730_i1722274283_936_4_jpg.jpg?v=1759123739|https://cdn.shopify.com/s/files/1/0912/9351/6071/files/img_db9945f8_20240730_i1722274291_5022_0_jpg.jpg?v=1759123739|https://cdn.shopify.com/s/files/1/0912/9351/6071/files/img_db9945f8_20240730_i1722274292_253_0_jpg.jpg?v=1759123739|https://cdn.shopify.com/s/files/1/0912/9351/6071/files/img_db9945f8_20240730_i1722274292_1122_0_jpg.jpg?v=1759123740|https://cdn.shopify.com/s/files/1/0912/9351/6071/files/img_db9945f8_20240730_i1722274292_4069_0_jpg.jpg?v=1759123740|https://cdn.shopify.com/s/files/1/0912/9351/6071/files/img_db9945f8_20240730_i1722274292_7378_0_jpg.jpg?v=1759123740|https://cdn.shopify.com/s/files/1/0912/9351/6071/files/img_db9945f8_20240730_i1722274292_7782_0_jpg.jpg?v=1759123740|https://cdn.shopify.com/s/files/1/0912/9351/6071/files/img_db9945f8_20240730_i1722274292_8751_0_jpg.jpg?v=1759123740|https://cdn.shopify.com/s/files/1/0912/9351/6071/files/img_db9945f8_20240730_i1722274292_9440_0_jpg.jpg?v=1759123740,Hi I want LARGE HOBO BAG 39 IN WHITE SOFT LAMBSKIN,New
HOBO BAG 23 IN WHITE NAPPA LAMBSKIN GOLD CHAIN,https://cdn.shopify.com/s/files/1/0912/9351/6071/files/img_d707740b_20240924_i1727112513_6716_0_jpg.jpg?v=1759123760,handbags,prada,https://cdn.shopify.com/s/files/1/0912/9351/6071/files/img_d707740b_20240924_i1727112513_6716_0_jpg.jpg?v=1759123760|https://cdn.shopify.com/s/files/1/0912/9351/6071/files/img_d707740b_20240924_i1727112513_126_7_jpg.jpg?v=1759123760|https://cdn.shopify.com/s/files/1/0912/9351/6071/files/img_d707740b_20240924_i1727112513_1266_2_jpg.jpg?v=1759123760|https://cdn.shopify.com/s/files/1/0912/9351/6071/files/img_d707740b_20240924_i1727112513_3689_3_jpg.jpg?v=1759123760|https://cdn.shopify.com/s/files/1/0912/9351/6071/files/img_d707740b_20240924_i1727112513_5929_8_jpg.jpg?v=1759123760|https://cdn.shopify.com/s/files/1/0912/9351/6071/files/img_d707740b_20240924_i1727112513_7349_5_jpg.jpg?v=1759123760|https://cdn.shopify.com/s/files/1/0912/9351/6071/files/img_d707740b_20240924_i1727112513_7910_4_jpg.jpg?v=1759123760|https://cdn.shopify.com/s/files/1/0912/9351/6071/files/img_d707740b_20240924_i1727112513_8178_6_jpg.jpg?v=1759123760|https://cdn.shopify.com/s/files/1/0912/9351/6071/files/img_d707740b_20240924_i1727112513_8677_1_jpg.jpg?v=1759123760,Hi I want HOBO BAG 23 IN WHITE NAPPA LAMBSKIN GOLD CHAIN,New
TRIANGLE LOGO BACKPACK 42 IN RHINO GRAY RE-NYLON,https://cdn.shopify.com/s/files/1/0912/9351/6071/files/img_d707740b_20240329_i1711722341_8674_0_jpg.jpg?v=1759123817,handbags,prada,https://cdn.shopify.com/s/files/1/0912/9351/6071/files/img_d707740b_20240329_i1711722341_8674_0_jpg.jpg?v=1759123817|https://cdn.shopify.com/s/files/1/0912/9351/6071/files/img_d707740b_20240329_i1711722341_349_4_jpg.jpg?v=1759123817|https://cdn.shopify.com/s/files/1/0912/9351/6071/files/img_d707740b_20240329_i1711722341_725_1_jpg.jpg?v=1759123817|https://cdn.shopify.com/s/files/1/0912/9351/6071/files/img_d707740b_20240329_i1711722341_839_2_jpg.jpg?v=1759123817|https://cdn.shopify.com/s/files/1/0912/9351/6071/files/img_d707740b_20240329_i1711722341_946_8_jpg.jpg?v=1759123817|https://cdn.shopify.com/s/files/1/0912/9351/6071/files/img_d707740b_20240329_i1711722341_2468_3_jpg.jpg?v=1759123817|https://cdn.shopify.com/s/files/1/0912/9351/6071/files/img_d707740b_20240329_i1711722341_7950_7_jpg.jpg?v=1759123817|https://cdn.shopify.com/s/files/1/0912/9351/6071/files/img_d707740b_20240329_i1711722341_8612_6_jpg.jpg?v=1759123817|https://cdn.shopify.com/s/files/1/0912/9351/6071/files/img_d707740b_20240329_i1711722341_9390_5_jpg.jpg?v=1759123817,Hi I want TRIANGLE LOGO BACKPACK 42 IN RHINO GRAY RE-NYLON,New
MEDIUM TOP HANDLE BAG 30 IN BLACK NYLON AND CALFSKIN TRIM,https://cdn.shopify.com/s/files/1/0912/9351/6071/files/img_2568964b_20240512_i1715510350_9108_6_jpg.jpg?v=1759123854,handbags,prada,https://cdn.shopify.com/s/files/1/0912/9351/6071/files/img_2568964b_20240512_i1715510350_9108_6_jpg.jpg?v=1759123854|https://cdn.shopify.com/s/files/1/0912/9351/6071/files/img_2568964b_20240512_i1715510350_461_4_jpg.jpg?v=1759123854|https://cdn.shopify.com/s/files/1/0912/9351/6071/files/img_2568964b_20240512_i1715510350_2352_1_jpg.jpg?v=1759123854|https://cdn.shopify.com/s/files/1/0912/9351/6071/files/img_2568964b_20240512_i1715510350_4778_5_jpg.jpg?v=1759123854|https://cdn.shopify.com/s/files/1/0912/9351/6071/files/img_2568964b_20240512_i1715510350_6020_7_jpg.jpg?v=1759123854|https://cdn.shopify.com/s/files/1/0912/9351/6071/files/img_2568964b_20240512_i1715510350_6715_0_jpg.jpg?v=1759123854|https://cdn.shopify.com/s/files/1/0912/9351/6071/files/img_2568964b_20240512_i1715510350_8818_2_jpg.jpg?v=1759123854|https://cdn.shopify.com/s/files/1/0912/9351/6071/files/img_2568964b_20240512_i1715510350_9736_3_jpg.jpg?v=1759123854|https://cdn.shopify.com/s/files/1/0912/9351/6071/files/img_2568964b_20240512_i1715510351_5319_8_jpg.jpg?v=1759123854,Hi I want MEDIUM TOP HANDLE BAG 30 IN BLACK NYLON AND CALFSKIN TRIM,New
MESSENGER BAG 22 IN OCADO GREEN AND BLACK EMBROIDERED FABRIC GOLD HARDWARE,https://cdn.shopify.com/s/files/1/0912/9351/6071/files/20230715_i1689405316_2262_0_jpg.jpg?v=1759123866,handbags,prada,https://cdn.shopify.com/s/files/1/0912/9351/6071/files/20230715_i1689405316_2262_0_jpg.jpg?v=1759123866|https://cdn.shopify.com/s/files/1/0912/9351/6071/files/20230715_i1689405316_93_7_jpg.jpg?v=1759123866|https://cdn.shopify.com/s/files/1/0912/9351/6071/files/20230715_i1689405316_360_6_jpg.jpg?v=1759123866|https://cdn.shopify.com/s/files/1/0912/9351/6071/files/20230715_i1689405316_657_4_jpg.jpg?v=1759123866|https://cdn.shopify.com/s/files/1/0912/9351/6071/files/20230715_i1689405316_1403_1_jpg.jpg?v=1759123866|https://cdn.shopify.com/s/files/1/0912/9351/6071/files/20230715_i1689405316_2839_3_jpg.jpg?v=1759123866|https://cdn.shopify.com/s/files/1/0912/9351/6071/files/20230715_i1689405316_2876_2_jpg.jpg?v=1759123866|https://cdn.shopify.com/s/files/1/0912/9351/6071/files/20230715_i1689405316_8395_5_jpg.jpg?v=1759123866|https://cdn.shopify.com/s/files/1/0912/9351/6071/files/20230715_i1689405316_8587_8_jpg.jpg?v=1759123866,Hi I want MESSENGER BAG 22 IN OCADO GREEN AND BLACK EMBROIDERED FABRIC GOLD HARDWARE,New
MESSENGER BAG 22 IN BLACK AND BROWN EMBROIDERED FABRIC GOLD HARDWARE,https://cdn.shopify.com/s/files/1/0912/9351/6071/files/20230715_i1689406115_2170_0_jpg.jpg?v=1759123877,handbags,prada,https://cdn.shopify.com/s/files/1/0912/9351/6071/files/20230715_i1689406115_2170_0_jpg.jpg?v=1759123877|https://cdn.shopify.com/s/files/1/0912/9351/6071/files/20230715_i1689406115_455_3_jpg.jpg?v=1759123877|https://cdn.shopify.com/s/files/1/0912/9351/6071/files/20230715_i1689406115_1456_1_jpg.jpg?v=1759123877|https://cdn.shopify.com/s/files/1/0912/9351/6071/files/20230715_i1689406115_2778_7_jpg.jpg?v=1759123877|https://cdn.shopify.com/s/files/1/0912/9351/6071/files/20230715_i1689406115_2850_5_jpg.jpg?v=1759123877|https://cdn.shopify.com/s/files/1/0912/9351/6071/files/20230715_i1689406115_3057_4_jpg.jpg?v=1759123877|https://cdn.shopify.com/s/files/1/0912/9351/6071/files/20230715_i1689406115_3668_2_jpg.jpg?v=1759123877|https://cdn.shopify.com/s/files/1/0912/9351/6071/files/20230715_i1689406115_7267_6_jpg.jpg?v=1759123877|https://cdn.shopify.com/s/files/1/0912/9351/6071/files/20230715_i1689406115_8701_8_jpg.jpg?v=1759123877,Hi I want MESSENGER BAG 22 IN BLACK AND BROWN EMBROIDERED FABRIC GOLD HARDWARE,New
TOTE BAG WITH BELT 32 IN BLACK IMPORTED CALFSKIN,https://cdn.shopify.com/s/files/1/0912/9351/6071/files/img_2568964b_20240328_i1711602591_9736_2_jpg.jpg?v=1759123934,handbags,prada,https://cdn.shopify.com/s/files/1/0912/9351/6071/files/img_2568964b_20240328_i1711602591_9736_2_jpg.jpg?v=1759123934|https://cdn.shopify.com/s/files/1/0912/9351/6071/files/img_2568964b_20240328_i1711602602_952_0_jpg.jpg?v=1759123934|https://cdn.shopify.com/s/files/1/0912/9351/6071/files/img_2568964b_20240328_i1711602602_1331_0_jpg.jpg?v=1759123934|https://cdn.shopify.com/s/files/1/0912/9351/6071/files/img_2568964b_20240328_i1711602602_2043_0_jpg.jpg?v=1759123934|https://cdn.shopify.com/s/files/1/0912/9351/6071/files/img_2568964b_20240328_i1711602602_2308_0_jpg.jpg?v=1759123934|https://cdn.shopify.com/s/files/1/0912/9351/6071/files/img_2568964b_20240328_i1711602602_6172_0_jpg.jpg?v=1759123934|https://cdn.shopify.com/s/files/1/0912/9351/6071/files/img_2568964b_20240328_i1711602602_6725_0_jpg.jpg?v=1759123934|https://cdn.shopify.com/s/files/1/0912/9351/6071/files/img_2568964b_20240328_i1711602602_6958_0_jpg.jpg?v=1759123934|https://cdn.shopify.com/s/files/1/0912/9351/6071/files/img_2568964b_20240328_i1711602602_9561_0_jpg.jpg?v=1759123934,Hi I want TOTE BAG WITH BELT 32 IN BLACK IMPORTED CALFSKIN,New
BACKPACK 25 IN BEIGE PARACHUTE FABRIC AND RABBIT FUR,https://cdn.shopify.com/s/files/1/0912/9351/6071/files/img_2568964b_20231203_i1701591557_5400_5_jpg.jpg?v=1759123945,handbags,prada,https://cdn.shopify.com/s/files/1/0912/9351/6071/files/img_2568964b_20231203_i1701591557_5400_5_jpg.jpg?v=1759123945|https://cdn.shopify.com/s/files/1/0912/9351/6071/files/img_2568964b_20231203_i1701591557_236_4_jpg.jpg?v=1759123945|https://cdn.shopify.com/s/files/1/0912/9351/6071/files/img_2568964b_20231203_i1701591557_1641_6_jpg.jpg?v=1759123945|https://cdn.shopify.com/s/files/1/0912/9351/6071/files/img_2568964b_20231203_i1701591557_3078_1_jpg.jpg?v=1759123945|https://cdn.shopify.com/s/files/1/0912/9351/6071/files/img_2568964b_20231203_i1701591557_4281_2_jpg.jpg?v=1759123945|https://cdn.shopify.com/s/files/1/0912/9351/6071/files/img_2568964b_20231203_i1701591557_4680_0_jpg.jpg?v=1759123945|https://cdn.shopify.com/s/files/1/0912/9351/6071/files/img_2568964b_20231203_i1701591557_6452_3_jpg.jpg?v=1759123945|https://cdn.shopify.com/s/files/1/0912/9351/6071/files/img_2568964b_20231203_i1701591558_5158_8_jpg.jpg?v=1759123945|https://cdn.shopify.com/s/files/1/0912/9351/6071/files/img_2568964b_20231203_i1701591558_6830_7_jpg.jpg?v=1759123945,Hi I want BACKPACK 25 IN BEIGE PARACHUTE FABRIC AND RABBIT FUR,New
VANITY CASE 18 IN WHITE GRAINED CALFSKIN GOLD HARDWARE,https://cdn.shopify.com/s/files/1/0912/9351/6071/files/20230603_i1685783067_6864_0_jpg.jpg?v=1759123979,handbags,prada,https://cdn.shopify.com/s/files/1/0912/9351/6071/files/20230603_i1685783067_6864_0_jpg.jpg?v=1759123979|https://cdn.shopify.com/s/files/1/0912/9351/6071/files/20230603_i1685783067_190_1_jpg.jpg?v=1759123979|https://cdn.shopify.com/s/files/1/0912/9351/6071/files/20230603_i1685783067_2060_3_jpg.jpg?v=1759123979|https://cdn.shopify.com/s/files/1/0912/9351/6071/files/20230603_i1685783067_2607_7_jpg.jpg?v=1759123979|https://cdn.shopify.com/s/files/1/0912/9351/6071/files/20230603_i1685783067_2787_2_jpg.jpg?v=1759123979|https://cdn.shopify.com/s/files/1/0912/9351/6071/files/20230603_i1685783067_3426_4_jpg.jpg?v=1759123979|https://cdn.shopify.com/s/files/1/0912/9351/6071/files/20230603_i1685783067_3432_5_jpg.jpg?v=1759123979|https://cdn.shopify.com/s/files/1/0912/9351/6071/files/20230603_i1685783067_3933_6_jpg.jpg?v=1759123979|https://cdn.shopify.com/s/files/1/0912/9351/6071/files/20230603_i1685783067_6020_8_jpg.jpg?v=1759123979,Hi I want VANITY CASE 18 IN WHITE GRAINED CALFSKIN GOLD HARDWARE,New
DARLING HANDBAG 25 IN WHITE SOFT GRAIN LAMBSKIN,https://cdn.shopify.com/s/files/1/0912/9351/6071/files/20240503_i1714729381_8711_0_jpg_91774587-cf05-4b37-b65c-8a04c97114ef.jpg?v=1776335137,handbags,prada,https://cdn.shopify.com/s/files/1/0912/9351/6071/files/20240503_i1714729381_8711_0_jpg_91774587-cf05-4b37-b65c-8a04c97114ef.jpg?v=1776335137|https://cdn.shopify.com/s/files/1/0912/9351/6071/files/20240503_i1714729381_1328_2_jpg_342b66af-89c6-42e6-b4b2-84ba630b5271.jpg?v=1776335137|https://cdn.shopify.com/s/files/1/0912/9351/6071/files/20240503_i1714729381_1791_7_jpg_62438a2e-c197-46e4-bda8-74a0aa92b448.jpg?v=1776335137|https://cdn.shopify.com/s/files/1/0912/9351/6071/files/20240503_i1714729381_2555_3_jpg_480a42f2-d7d3-4028-a69f-965752d90b4a.jpg?v=1776335137|https://cdn.shopify.com/s/files/1/0912/9351/6071/files/20240503_i1714729381_2996_8_jpg_8be88e57-1c8d-456c-ad90-9ef14c61f627.jpg?v=1776335137|https://cdn.shopify.com/s/files/1/0912/9351/6071/files/20240503_i1714729381_4412_5_jpg_5d9c248d-370e-4483-bef7-30032d1aa4bc.jpg?v=1776335137|https://cdn.shopify.com/s/files/1/0912/9351/6071/files/20240503_i1714729381_4949_1_jpg_e163afff-a2c4-42a9-8377-d48822e8d573.jpg?v=1776335137|https://cdn.shopify.com/s/files/1/0912/9351/6071/files/20240503_i1714729381_7244_4_jpg_80efda42-cc68-4501-b2df-bf655c362a74.jpg?v=1776335137|https://cdn.shopify.com/s/files/1/0912/9351/6071/files/20240503_i1714729381_8584_6_jpg_46130eca-78cf-448a-8d89-bae26e96d083.jpg?v=1776335137,Hi I want DARLING HANDBAG 25 IN WHITE SOFT GRAIN LAMBSKIN,New
HANDBAG 31 IN BLACK OIL WAX LAMBSKIN,https://cdn.shopify.com/s/files/1/0912/9351/6071/files/img_2568964b_20240905_i1725519023_9655_1_jpg.jpg?v=1759124031,handbags,prada,https://cdn.shopify.com/s/files/1/0912/9351/6071/files/img_2568964b_20240905_i1725519023_9655_1_jpg.jpg?v=1759124031|https://cdn.shopify.com/s/files/1/0912/9351/6071/files/img_2568964b_20240905_i1725519023_665_0_jpg.jpg?v=1759124031|https://cdn.shopify.com/s/files/1/0912/9351/6071/files/img_2568964b_20240905_i1725519023_1341_5_jpg.jpg?v=1759124031|https://cdn.shopify.com/s/files/1/0912/9351/6071/files/img_2568964b_20240905_i1725519023_2431_6_jpg.jpg?v=1759124031|https://cdn.shopify.com/s/files/1/0912/9351/6071/files/img_2568964b_20240905_i1725519023_2724_7_jpg.jpg?v=1759124031|https://cdn.shopify.com/s/files/1/0912/9351/6071/files/img_2568964b_20240905_i1725519023_6815_3_jpg.jpg?v=1759124031|https://cdn.shopify.com/s/files/1/0912/9351/6071/files/img_2568964b_20240905_i1725519023_6829_8_jpg.jpg?v=1759124031|https://cdn.shopify.com/s/files/1/0912/9351/6071/files/img_2568964b_20240905_i1725519023_9590_4_jpg.jpg?v=1759124031|https://cdn.shopify.com/s/files/1/0912/9351/6071/files/img_2568964b_20240905_i1725519023_5681_2_jpg.jpg?v=1759124031,Hi I want HANDBAG 31 IN BLACK OIL WAX LAMBSKIN,New
LARGE TOP HANDLE BAG 35 IN DRIED MOSS NYLON AND CALFSKIN TRIM,https://cdn.shopify.com/s/files/1/0912/9351/6071/files/img_2568964b_20240522_i1716365595_6469_7_jpg_1479a7d4-9427-43df-bb39-850a2b91290a.jpg?v=1759124055,handbags,prada,https://cdn.shopify.com/s/files/1/0912/9351/6071/files/img_2568964b_20240522_i1716365595_6469_7_jpg_1479a7d4-9427-43df-bb39-850a2b91290a.jpg?v=1759124055|https://cdn.shopify.com/s/files/1/0912/9351/6071/files/img_2568964b_20240522_i1716365595_1708_5_jpg_544ae3c0-a492-402e-8483-327db18ff1fc.jpg?v=1759124055|https://cdn.shopify.com/s/files/1/0912/9351/6071/files/img_2568964b_20240522_i1716365595_1760_0_jpg_8bd956b0-293c-4d21-b63f-1787a7028449.jpg?v=1759124055|https://cdn.shopify.com/s/files/1/0912/9351/6071/files/img_2568964b_20240522_i1716365595_2403_4_jpg_8987bef2-6db7-47f2-b809-d58ecaaa8cfe.jpg?v=1759124055|https://cdn.shopify.com/s/files/1/0912/9351/6071/files/img_2568964b_20240522_i1716365595_2913_3_jpg_7f750d74-336a-465b-93d4-88e5727bcfd5.jpg?v=1759124055|https://cdn.shopify.com/s/files/1/0912/9351/6071/files/img_2568964b_20240522_i1716365595_4999_1_jpg_2603a759-ce9d-4c87-b615-a6d7a795b2de.jpg?v=1759124055|https://cdn.shopify.com/s/files/1/0912/9351/6071/files/img_2568964b_20240522_i1716365595_5303_6_jpg_6e035c51-9cc1-4b46-b5ee-775661b02a31.jpg?v=1759124055|https://cdn.shopify.com/s/files/1/0912/9351/6071/files/img_2568964b_20240522_i1716365595_7398_2_jpg_1ec86ac5-693f-48e6-bfa4-f7c26f9b05e4.jpg?v=1759124055|https://cdn.shopify.com/s/files/1/0912/9351/6071/files/img_2568964b_20240522_i1716365595_8150_8_jpg_a4fbf329-fe4a-4c32-b2e7-f125c7a341d9.jpg?v=1759124055,Hi I want LARGE TOP HANDLE BAG 35 IN DRIED MOSS NYLON AND CALFSKIN TRIM,New
MEDIUM TOP HANDLE BAG 30 IN DRIED MOSS NYLON AND CALFSKIN TRIM,https://cdn.shopify.com/s/files/1/0912/9351/6071/files/img_2568964b_20240522_i1716365595_2913_3_jpg.jpg?v=1759124065,handbags,prada,https://cdn.shopify.com/s/files/1/0912/9351/6071/files/img_2568964b_20240522_i1716365595_2913_3_jpg.jpg?v=1759124065|https://cdn.shopify.com/s/files/1/0912/9351/6071/files/img_2568964b_20240522_i1716365595_6469_7_jpg.jpg?v=1759124065|https://cdn.shopify.com/s/files/1/0912/9351/6071/files/img_2568964b_20240522_i1716365595_1708_5_jpg.jpg?v=1759124065|https://cdn.shopify.com/s/files/1/0912/9351/6071/files/img_2568964b_20240522_i1716365595_1760_0_jpg.jpg?v=1759124065|https://cdn.shopify.com/s/files/1/0912/9351/6071/files/img_2568964b_20240522_i1716365595_2403_4_jpg.jpg?v=1759124065|https://cdn.shopify.com/s/files/1/0912/9351/6071/files/img_2568964b_20240522_i1716365595_4999_1_jpg.jpg?v=1759124065|https://cdn.shopify.com/s/files/1/0912/9351/6071/files/img_2568964b_20240522_i1716365595_5303_6_jpg.jpg?v=1759124065|https://cdn.shopify.com/s/files/1/0912/9351/6071/files/img_2568964b_20240522_i1716365595_7398_2_jpg.jpg?v=1759124065|https://cdn.shopify.com/s/files/1/0912/9351/6071/files/img_2568964b_20240522_i1716365595_8150_8_jpg.jpg?v=1759124065,Hi I want MEDIUM TOP HANDLE BAG 30 IN DRIED MOSS NYLON AND CALFSKIN TRIM,New
VANITY CASE 18 IN EMERALD GREEN GRAINED CALFSKIN GOLD HARDWARE,https://cdn.shopify.com/s/files/1/0912/9351/6071/files/20230603_i1685781367_6618_0_jpg.jpg?v=1759124099,handbags,prada,https://cdn.shopify.com/s/files/1/0912/9351/6071/files/20230603_i1685781367_6618_0_jpg.jpg?v=1759124099|https://cdn.shopify.com/s/files/1/0912/9351/6071/files/20230603_i1685781367_1254_3_jpg.jpg?v=1759124100|https://cdn.shopify.com/s/files/1/0912/9351/6071/files/20230603_i1685781367_1933_7_jpg.jpg?v=1759124100|https://cdn.shopify.com/s/files/1/0912/9351/6071/files/20230603_i1685781367_2079_4_jpg.jpg?v=1759124100|https://cdn.shopify.com/s/files/1/0912/9351/6071/files/20230603_i1685781367_4268_6_jpg.jpg?v=1759124100|https://cdn.shopify.com/s/files/1/0912/9351/6071/files/20230603_i1685781367_4942_8_jpg.jpg?v=1759124100|https://cdn.shopify.com/s/files/1/0912/9351/6071/files/20230603_i1685781367_6021_2_jpg.jpg?v=1759124100|https://cdn.shopify.com/s/files/1/0912/9351/6071/files/20230603_i1685781367_7665_1_jpg.jpg?v=1759124100|https://cdn.shopify.com/s/files/1/0912/9351/6071/files/20230603_i1685781367_7862_5_jpg.jpg?v=1759124100,Hi I want VANITY CASE 18 IN EMERALD GREEN GRAINED CALFSKIN GOLD HARDWARE,New
Prada Re-Edition Saffiano Leather Mini Bag,https://cdn.shopify.com/s/files/1/0912/9351/6071/files/Image_20250429104008.jpg?v=1759125185,handbags,prada,https://cdn.shopify.com/s/files/1/0912/9351/6071/files/Image_20250429104008.jpg?v=1759125185|https://cdn.shopify.com/s/files/1/0912/9351/6071/files/Image_20250429104015.jpg?v=1759125185|https://cdn.shopify.com/s/files/1/0912/9351/6071/files/Image_20250429104012.jpg?v=1759125186|https://cdn.shopify.com/s/files/1/0912/9351/6071/files/Image_20250429104027.jpg?v=1759125186|https://cdn.shopify.com/s/files/1/0912/9351/6071/files/Image_20250429104021.jpg?v=1759125186|https://cdn.shopify.com/s/files/1/0912/9351/6071/files/Image_20250429104018.jpg?v=1759125186|https://cdn.shopify.com/s/files/1/0912/9351/6071/files/Image_20250429104030.jpg?v=1759125186|https://cdn.shopify.com/s/files/1/0912/9351/6071/files/Image_20250429104024.jpg?v=1759125186,Hi I want Prada Re-Edition Saffiano Leather Mini Bag,New
CLEO 27 DARK RED BRUSHED LEATHER SHOULDER BAG,https://cdn.shopify.com/s/files/1/0912/9351/6071/files/20221110_i1668070979_6887_0_jpg_f44a647e-758e-4275-bff6-0a467890658b.jpg?v=1759125317,handbags,prada,https://cdn.shopify.com/s/files/1/0912/9351/6071/files/20221110_i1668070979_6887_0_jpg_f44a647e-758e-4275-bff6-0a467890658b.jpg?v=1759125317|https://cdn.shopify.com/s/files/1/0912/9351/6071/files/20221110_i1668070979_7206_8_jpg_a40b308f-c5be-4bc4-8526-929111149a71.jpg?v=1759125317|https://cdn.shopify.com/s/files/1/0912/9351/6071/files/20221110_i1668070979_2355_7_jpg_eea82cea-8b11-47fb-8ac5-efcbfe95ea93.jpg?v=1759125317|https://cdn.shopify.com/s/files/1/0912/9351/6071/files/20221110_i1668070979_9803_6_jpg_0c8605ed-6543-4dd3-889a-11981dfcc376.jpg?v=1759125317|https://cdn.shopify.com/s/files/1/0912/9351/6071/files/20221110_i1668070979_1850_4_jpg_a04ebd6e-9ad9-4c9c-aa91-2724e105484f.jpg?v=1759125318|https://cdn.shopify.com/s/files/1/0912/9351/6071/files/20221110_i1668070979_8413_5_jpg_c495b1a3-78e2-43ea-b929-998ab6fc5b70.jpg?v=1759125318|https://cdn.shopify.com/s/files/1/0912/9351/6071/files/20221110_i1668070979_5778_2_jpg_1841e512-b9ae-49e9-8153-0a11de92537c.jpg?v=1759125318|https://cdn.shopify.com/s/files/1/0912/9351/6071/files/20221110_i1668070979_7120_3_jpg_d5ac3ba0-814c-47aa-b721-ac2580dc564a.jpg?v=1759125318|https://cdn.shopify.com/s/files/1/0912/9351/6071/files/20221110_i1668070979_8945_1_jpg_4109f3ea-8f00-4a14-95f9-161adcb0a9a9.jpg?v=1759125318,Hi I want CLEO 27 DARK RED BRUSHED LEATHER SHOULDER BAG,
CHAIN TOTE 39 SOFT BLACK CALFSKIN SILVER HARDWARE,https://cdn.shopify.com/s/files/1/0912/9351/6071/files/img_db9d4425_20231105_a1699161822521_1343_jpg_ff5e36ff-ee69-434e-bd21-22e9a4dc9778.jpg?v=1759125352,handbags,prada,https://cdn.shopify.com/s/files/1/0912/9351/6071/files/img_db9d4425_20231105_a1699161822521_1343_jpg_ff5e36ff-ee69-434e-bd21-22e9a4dc9778.jpg?v=1759125352|https://cdn.shopify.com/s/files/1/0912/9351/6071/files/img_db9d4425_20231105_a1699161822621_6862_jpg_2878a189-e80a-44f7-9f01-9af96ba2ae85.jpg?v=1759125352|https://cdn.shopify.com/s/files/1/0912/9351/6071/files/img_db9d4425_20231105_a1699161822711_7101_jpg_d1ed78f1-13cf-41ff-9037-b5ee71a8a03c.jpg?v=1759125352|https://cdn.shopify.com/s/files/1/0912/9351/6071/files/img_db9d4425_20231105_a1699161822810_6888_jpg_8e1e1624-f970-463e-95b8-badcdaff6d8c.jpg?v=1759125352|https://cdn.shopify.com/s/files/1/0912/9351/6071/files/img_db9d4425_20231105_a1699161822898_3353_jpg_8a342fc2-1d3d-434c-8d71-df413909637a.jpg?v=1759125352|https://cdn.shopify.com/s/files/1/0912/9351/6071/files/img_db9d4425_20231105_a1699161822996_5561_jpg_e2ed36de-5b43-415b-b22f-f83f5debda4b.jpg?v=1759125352|https://cdn.shopify.com/s/files/1/0912/9351/6071/files/img_db9d4425_20231105_a1699161823093_0321_jpg_7ed6f5ec-36e1-4d42-95d9-e1120f2f8147.jpg?v=1759125352|https://cdn.shopify.com/s/files/1/0912/9351/6071/files/img_db9d4425_20231105_a1699161823194_4431_jpg_9f948f51-eb04-4100-b804-73801d9f8760.jpg?v=1759125352|https://cdn.shopify.com/s/files/1/0912/9351/6071/files/img_db9d4425_20231105_a1699161823342_6636_jpg_14954e93-152f-40ea-97d0-7967b0dda3f0.jpg?v=1759125352,Hi I want CHAIN TOTE 39 SOFT BLACK CALFSKIN SILVER HARDWARE,
MEDIUM GALLERIA 28 BLACK SAFFIANO LEATHER,https://cdn.shopify.com/s/files/1/0912/9351/6071/files/13348508827381287_26a179a0-b2b2-44e6-919e-cb9d815a3c5f.jpg?v=1759125387,handbags,prada,https://cdn.shopify.com/s/files/1/0912/9351/6071/files/13348508827381287_26a179a0-b2b2-44e6-919e-cb9d815a3c5f.jpg?v=1759125387|https://cdn.shopify.com/s/files/1/0912/9351/6071/files/13348508840854990_7dc8f51d-fbeb-494a-b718-10b633560910.jpg?v=1759125387|https://cdn.shopify.com/s/files/1/0912/9351/6071/files/13348508842312548_359f259b-47e9-45c3-bec3-7542c950ce31.jpg?v=1759125387|https://cdn.shopify.com/s/files/1/0912/9351/6071/files/13348508844166000_2f97b882-e1b7-40b5-9307-7c2cdd689f96.jpg?v=1759125387|https://cdn.shopify.com/s/files/1/0912/9351/6071/files/13348508845919842_bab07ea8-e5d2-45b1-bc2c-a9faeb064a1e.jpg?v=1759125387|https://cdn.shopify.com/s/files/1/0912/9351/6071/files/13348508847664341_710150c7-adcb-4a01-9d0f-75b09830af90.jpg?v=1759125387|https://cdn.shopify.com/s/files/1/0912/9351/6071/files/13348508849304380_9ee67120-0f30-423c-890a-1c1c37e9e114.jpg?v=1759125387|https://cdn.shopify.com/s/files/1/0912/9351/6071/files/13348508850821995_56dc07ff-85f7-497c-9b39-5417ba55fc1e.jpg?v=1759125387|https://cdn.shopify.com/s/files/1/0912/9351/6071/files/13348508853057010_0b41539a-531a-4492-9835-65076a8604b1.jpg?v=1759125387,Hi I want MEDIUM GALLERIA 28 BLACK SAFFIANO LEATHER,
MEDIUM GALLERIA 28 WHITE SAFFIANO LEATHER,https://cdn.shopify.com/s/files/1/0912/9351/6071/files/13348508671400012_7a37bda1-5020-4d79-82ab-34164ab63f24.jpg?v=1759125400,handbags,prada,https://cdn.shopify.com/s/files/1/0912/9351/6071/files/13348508671400012_7a37bda1-5020-4d79-82ab-34164ab63f24.jpg?v=1759125400|https://cdn.shopify.com/s/files/1/0912/9351/6071/files/13348508699672902_2e1f47d1-9de5-452f-b1d1-3e008a1c2e20.jpg?v=1759125400|https://cdn.shopify.com/s/files/1/0912/9351/6071/files/13348508702222610_8a3bbd78-8c6f-4dae-88c3-ae24d74ad638.jpg?v=1759125400|https://cdn.shopify.com/s/files/1/0912/9351/6071/files/13348508704464739_7e0b3ba4-61a3-4133-8102-ffd71bb17226.jpg?v=1759125400|https://cdn.shopify.com/s/files/1/0912/9351/6071/files/13348508706690281_046914c1-50be-476d-938e-9a1932b7ae74.jpg?v=1759125400|https://cdn.shopify.com/s/files/1/0912/9351/6071/files/13348508709091320_1a054900-8f01-4d31-b6cc-ff5c23901fd5.jpg?v=1759125400|https://cdn.shopify.com/s/files/1/0912/9351/6071/files/13348508710807291_fb63e7a8-2fff-4da1-b24f-b19db7305449.jpg?v=1759125400|https://cdn.shopify.com/s/files/1/0912/9351/6071/files/13348508712231722_ce01fe68-fe2d-43ab-b489-403419605f7f.jpg?v=1759125400|https://cdn.shopify.com/s/files/1/0912/9351/6071/files/13348508714422097_2e91fa06-5399-4dc3-ae4e-78754bc8f5de.jpg?v=1759125400,Hi I want MEDIUM GALLERIA 28 WHITE SAFFIANO LEATHER,
MEDIUM GALLERIA 28 RED SAFFIANO LEATHER,https://cdn.shopify.com/s/files/1/0912/9351/6071/files/13348508725047458_bc0ea270-6826-4a89-88f4-742d6525fa01.jpg?v=1759125410,handbags,prada,https://cdn.shopify.com/s/files/1/0912/9351/6071/files/13348508725047458_bc0ea270-6826-4a89-88f4-742d6525fa01.jpg?v=1759125410|https://cdn.shopify.com/s/files/1/0912/9351/6071/files/13348508743575456_92223900-a8c3-4be3-8889-87a4115a91d2.jpg?v=1759125410|https://cdn.shopify.com/s/files/1/0912/9351/6071/files/13348508759954758_fa14b18a-2f55-443f-bf13-eb5b014574c2.jpg?v=1759125410|https://cdn.shopify.com/s/files/1/0912/9351/6071/files/13348508761546745_37bad36b-bf55-4c0e-a9dd-0acc075c71b2.jpg?v=1759125410|https://cdn.shopify.com/s/files/1/0912/9351/6071/files/13348508763375169_25c745ca-6c8c-40f1-b273-38c965678b63.jpg?v=1759125410|https://cdn.shopify.com/s/files/1/0912/9351/6071/files/13348508765436720_8499a6fe-1b2a-474d-bf97-bfcd11e06922.jpg?v=1759125410|https://cdn.shopify.com/s/files/1/0912/9351/6071/files/13348508767404220_5b0530cb-f0d3-432e-b455-6b064dec7b10.jpg?v=1759125410|https://cdn.shopify.com/s/files/1/0912/9351/6071/files/13348508769071135_bd153f8b-5e8e-4b5d-94c5-2c73228a9452.jpg?v=1759125410|https://cdn.shopify.com/s/files/1/0912/9351/6071/files/13348508770923952_c9fe5d91-c6a6-4772-bba4-96b3a5b9e8ed.jpg?v=1759125410,Hi I want MEDIUM GALLERIA 28 RED SAFFIANO LEATHER,
MEDIUM GALLERIA 28 GREEN SAFFIANO LEATHER,https://cdn.shopify.com/s/files/1/0912/9351/6071/files/13348508440339190_a16bdb81-c28a-40dc-93f0-bc0f439f6fc2.jpg?v=1759125421,handbags,prada,https://cdn.shopify.com/s/files/1/0912/9351/6071/files/13348508440339190_a16bdb81-c28a-40dc-93f0-bc0f439f6fc2.jpg?v=1759125421|https://cdn.shopify.com/s/files/1/0912/9351/6071/files/13348508469590574_496ffc84-0784-4fb0-9602-739daf6f3a7a.jpg?v=1759125421|https://cdn.shopify.com/s/files/1/0912/9351/6071/files/13348508471804541_9465660f-edba-4780-bc93-060b47b4a24b.jpg?v=1759125421|https://cdn.shopify.com/s/files/1/0912/9351/6071/files/13348508473609169_54ff1be0-f609-4daf-936c-af1eab41bb35.jpg?v=1759125421|https://cdn.shopify.com/s/files/1/0912/9351/6071/files/13348508475112153_661fbdde-a5ca-4a07-a4bc-79fcb05be16f.jpg?v=1759125421|https://cdn.shopify.com/s/files/1/0912/9351/6071/files/13348508476770749_1f14e2b7-b3c6-4657-bbe9-76e872629eff.jpg?v=1759125421|https://cdn.shopify.com/s/files/1/0912/9351/6071/files/13348508478111280_f47ee9b5-94b5-4ed2-b0e5-b0c72f90ad9f.jpg?v=1759125421|https://cdn.shopify.com/s/files/1/0912/9351/6071/files/13348508479686647_9eac69e0-2bdd-47b1-937c-b9f5026bcd78.jpg?v=1759125421|https://cdn.shopify.com/s/files/1/0912/9351/6071/files/13348508481445062_db08e08d-875a-46da-923d-a89ad1529212.jpg?v=1759125421,Hi I want MEDIUM GALLERIA 28 GREEN SAFFIANO LEATHER,
MEDIUM GALLERIA 28 CLOUD BLUE SAFFIANO LEATHER,https://cdn.shopify.com/s/files/1/0912/9351/6071/files/13348508598461910_56511cae-50ab-4701-91ec-d95516b65ed0.jpg?v=1759125433,handbags,prada,https://cdn.shopify.com/s/files/1/0912/9351/6071/files/13348508598461910_56511cae-50ab-4701-91ec-d95516b65ed0.jpg?v=1759125433|https://cdn.shopify.com/s/files/1/0912/9351/6071/files/13348508647247341_1f97f72f-597c-40b9-b3c6-fc5d9de21e61.jpg?v=1759125433|https://cdn.shopify.com/s/files/1/0912/9351/6071/files/13348508648955958_ba7b7335-ae7f-486a-a531-ee5ca9bedbc9.jpg?v=1759125433|https://cdn.shopify.com/s/files/1/0912/9351/6071/files/13348508651373522_bcf8af27-0fc8-410f-bf63-1855a5bb3c54.jpg?v=1759125433|https://cdn.shopify.com/s/files/1/0912/9351/6071/files/13348508653048759_e429c454-e1c0-4b22-b081-4b0a8ab5bfd5.jpg?v=1759125433|https://cdn.shopify.com/s/files/1/0912/9351/6071/files/13348508655214382_9a2a7af3-2c1e-4978-8886-72113efb52d9.jpg?v=1759125433|https://cdn.shopify.com/s/files/1/0912/9351/6071/files/13348508656571489_bddb9da9-1628-47ed-ba6f-875d3ea81427.jpg?v=1759125433|https://cdn.shopify.com/s/files/1/0912/9351/6071/files/13348508658067518_f4f68845-af1a-4602-a44e-73c875ae1a42.jpg?v=1759125433|https://cdn.shopify.com/s/files/1/0912/9351/6071/files/13348508660296001_411091e9-ce13-4613-9056-370fb6e3c754.jpg?v=1759125433,Hi I want MEDIUM GALLERIA 28 CLOUD BLUE SAFFIANO LEATHER,
MEDIUM GALLERIA 28 PINK SAFFIANO LEATHER,https://cdn.shopify.com/s/files/1/0912/9351/6071/files/13348508902433505_7c0f82ad-569a-4945-8102-bc5e34da5387.jpg?v=1759125453,handbags,prada,https://cdn.shopify.com/s/files/1/0912/9351/6071/files/13348508902433505_7c0f82ad-569a-4945-8102-bc5e34da5387.jpg?v=1759125453|https://cdn.shopify.com/s/files/1/0912/9351/6071/files/13348508915646636_b3cd60c2-40ca-4f0f-a7cb-401aeebe1c5d.jpg?v=1759125453|https://cdn.shopify.com/s/files/1/0912/9351/6071/files/13348508917458500_20b67a7b-e1d7-4932-9e34-fdb1d916646a.jpg?v=1759125453|https://cdn.shopify.com/s/files/1/0912/9351/6071/files/13348508919918625_e7820be7-7ac6-4b21-8f5b-b08e641427fc.jpg?v=1759125453|https://cdn.shopify.com/s/files/1/0912/9351/6071/files/13348508922290757_edfff0aa-f214-4550-bf3c-26fc2a64a42e.jpg?v=1759125453|https://cdn.shopify.com/s/files/1/0912/9351/6071/files/13348508926208091_901355db-bf3c-4493-bd50-68873491a830.jpg?v=1759125453|https://cdn.shopify.com/s/files/1/0912/9351/6071/files/13348508937755229_757f4772-213d-4b7d-b8dd-48053eafaf9a.jpg?v=1759125454|https://cdn.shopify.com/s/files/1/0912/9351/6071/files/13348508939902610_a59a6662-a42a-4388-9e8b-792e623d1716.jpg?v=1759125454|https://cdn.shopify.com/s/files/1/0912/9351/6071/files/13348508941900253_673b1212-d250-4cfc-ace5-d529dbce237b.jpg?v=1759125454,Hi I want MEDIUM GALLERIA 28 PINK SAFFIANO LEATHER,
MEDIUM GALLERIA 28 GREY SAFFIANO LEATHER,https://cdn.shopify.com/s/files/1/0912/9351/6071/files/13348508864773637_d46f7687-77d4-4934-9e7e-523f7f0b2b6a.jpg?v=1759125464,handbags,prada,https://cdn.shopify.com/s/files/1/0912/9351/6071/files/13348508864773637_d46f7687-77d4-4934-9e7e-523f7f0b2b6a.jpg?v=1759125464|https://cdn.shopify.com/s/files/1/0912/9351/6071/files/13348508877780244_da063cfa-090d-4335-9307-6d606d32c0c1.jpg?v=1759125464|https://cdn.shopify.com/s/files/1/0912/9351/6071/files/13348508881076596_e3ba5d49-3fb2-4deb-a582-2b9645f5e308.jpg?v=1759125464|https://cdn.shopify.com/s/files/1/0912/9351/6071/files/13348508883093493_795cb818-d438-4612-a082-65b163715962.jpg?v=1759125464|https://cdn.shopify.com/s/files/1/0912/9351/6071/files/13348508885127520_9866fb07-76ec-47a0-9ae3-65158a03cf87.jpg?v=1759125464|https://cdn.shopify.com/s/files/1/0912/9351/6071/files/13348508886935641_cdb96bf8-6826-4b09-acee-c9f5026cdaa2.jpg?v=1759125464|https://cdn.shopify.com/s/files/1/0912/9351/6071/files/13348508888551716_626c0bf8-edca-4408-95cf-36ade73c92b4.jpg?v=1759125464|https://cdn.shopify.com/s/files/1/0912/9351/6071/files/13348508890837839_67e0b2bd-4fb1-4403-98e4-1b33f29bb727.jpg?v=1759125464|https://cdn.shopify.com/s/files/1/0912/9351/6071/files/13348508892712096_487662b2-da7e-450b-b42d-9d30913ca76d.jpg?v=1759125464,Hi I want MEDIUM GALLERIA 28 GREY SAFFIANO LEATHER,
MEDIUM GALLERIA 28 BLUE SAFFIANO LEATHER,https://cdn.shopify.com/s/files/1/0912/9351/6071/files/13348508956111375_19d8ca90-61a4-4858-a4ac-1981a3a317af.jpg?v=1759125475,handbags,prada,https://cdn.shopify.com/s/files/1/0912/9351/6071/files/13348508956111375_19d8ca90-61a4-4858-a4ac-1981a3a317af.jpg?v=1759125475|https://cdn.shopify.com/s/files/1/0912/9351/6071/files/13348508970697753_78de1abc-9c33-4707-83c4-bfceaaf52bd1.jpg?v=1759125475|https://cdn.shopify.com/s/files/1/0912/9351/6071/files/13348508972361301_85d2194d-dcbe-4c41-acca-f1e838a662ec.jpg?v=1759125475|https://cdn.shopify.com/s/files/1/0912/9351/6071/files/13348508974343775_db93a825-f3f7-44d4-b4ca-228ee223cc31.jpg?v=1759125475|https://cdn.shopify.com/s/files/1/0912/9351/6071/files/13348508976206319_a631f296-7d47-4eb6-973f-9d169b194a02.jpg?v=1759125475|https://cdn.shopify.com/s/files/1/0912/9351/6071/files/13348508978305032_35a20463-6d35-447f-8cc1-af249e3ff95c.jpg?v=1759125475|https://cdn.shopify.com/s/files/1/0912/9351/6071/files/13348508979956282_5a189789-172d-4ead-aaea-6e4f8fe5a29b.jpg?v=1759125475|https://cdn.shopify.com/s/files/1/0912/9351/6071/files/13348508981904054_1fffcc93-c794-4356-bd20-d271f2edccc0.jpg?v=1759125475|https://cdn.shopify.com/s/files/1/0912/9351/6071/files/13348508983718376_80fd7884-6d93-4263-9d55-98b94022a9bc.jpg?v=1759125475,Hi I want MEDIUM GALLERIA 28 BLUE SAFFIANO LEATHER,
MEDIUM GALLERIA 28 BEIGE SAFFIANO LEATHER,https://cdn.shopify.com/s/files/1/0912/9351/6071/files/13348508785116720_ab0ec6aa-ef17-40b1-a62d-72be22eef5b2.jpg?v=1759125485,handbags,prada,https://cdn.shopify.com/s/files/1/0912/9351/6071/files/13348508785116720_ab0ec6aa-ef17-40b1-a62d-72be22eef5b2.jpg?v=1759125485|https://cdn.shopify.com/s/files/1/0912/9351/6071/files/13348508802771989_353a26b3-785c-4aa6-997b-07a98fcdc548.jpg?v=1759125485|https://cdn.shopify.com/s/files/1/0912/9351/6071/files/13348508805144763_8aac7f3f-10cb-46fb-a6a0-ccb83b3be853.jpg?v=1759125485|https://cdn.shopify.com/s/files/1/0912/9351/6071/files/13348508807204013_3e2f8943-2c22-48f9-8393-20293756f4d4.jpg?v=1759125485|https://cdn.shopify.com/s/files/1/0912/9351/6071/files/13348508808748413_d4ed677c-de3f-4ee1-86b5-77d2dfd70b7b.jpg?v=1759125485|https://cdn.shopify.com/s/files/1/0912/9351/6071/files/13348508810989371_5f3d11b0-8ea1-4fee-bc22-f7810f877a23.jpg?v=1759125485|https://cdn.shopify.com/s/files/1/0912/9351/6071/files/13348508812634074_17d07ad4-a532-493d-9132-2541693febc7.jpg?v=1759125485|https://cdn.shopify.com/s/files/1/0912/9351/6071/files/13348508814127569_752b48d0-a00c-4e97-bf70-40810e0a0fbd.jpg?v=1759125485|https://cdn.shopify.com/s/files/1/0912/9351/6071/files/13348508816270310_a39a30b5-e544-4df4-bdcc-77374d65f7ad.jpg?v=1759125485,Hi I want MEDIUM GALLERIA 28 BEIGE SAFFIANO LEATHER,
CHAIN TOTE 39 SOFT WHITE CALFSKIN,https://cdn.shopify.com/s/files/1/0912/9351/6071/files/13348509966957951_26765440-d46e-4957-bb3b-f817b32e0e16.jpg?v=1759125495,handbags,prada,https://cdn.shopify.com/s/files/1/0912/9351/6071/files/13348509966957951_26765440-d46e-4957-bb3b-f817b32e0e16.jpg?v=1759125495|https://cdn.shopify.com/s/files/1/0912/9351/6071/files/13348509993325545_769be794-ce96-473e-a1d4-b2dd52cbaa7d.jpg?v=1759125495|https://cdn.shopify.com/s/files/1/0912/9351/6071/files/13348509994794592_9ab304ab-a692-40c5-af62-081e3f44062e.jpg?v=1759125495|https://cdn.shopify.com/s/files/1/0912/9351/6071/files/13348509996277145_ac132a79-0603-4cf8-b446-9e250a612404.jpg?v=1759125495|https://cdn.shopify.com/s/files/1/0912/9351/6071/files/13348509997673135_d72708ed-de5a-4ea3-b8dc-2a72be23b545.jpg?v=1759125495|https://cdn.shopify.com/s/files/1/0912/9351/6071/files/13348509999173927_9472808d-9022-4c6a-9668-ffe44555854e.jpg?v=1759125495|https://cdn.shopify.com/s/files/1/0912/9351/6071/files/13348510000485018_026c57e2-9bed-4fea-b597-35c77e5656dc.jpg?v=1759125495|https://cdn.shopify.com/s/files/1/0912/9351/6071/files/13348510001798054_72c0c1af-93f6-45ba-afb9-64bd26faa7fb.jpg?v=1759125495|https://cdn.shopify.com/s/files/1/0912/9351/6071/files/13348510003180282_bd43c1f9-273e-4340-a60a-7514019391c1.jpg?v=1759125495,Hi I want CHAIN TOTE 39 SOFT WHITE CALFSKIN,
CHAIN TOTE 39 SOFT BLACK CALFSKIN,https://cdn.shopify.com/s/files/1/0912/9351/6071/files/13348510032365210_6d556e3a-550e-42a3-8104-fbfee79c537a.jpg?v=1759125502,handbags,prada,https://cdn.shopify.com/s/files/1/0912/9351/6071/files/13348510032365210_6d556e3a-550e-42a3-8104-fbfee79c537a.jpg?v=1759125502|https://cdn.shopify.com/s/files/1/0912/9351/6071/files/13348510047093381_f7bf9dcd-33ee-4dbc-a833-e6fe29c81556.jpg?v=1759125502|https://cdn.shopify.com/s/files/1/0912/9351/6071/files/13348510048577675_c69b2fcc-ec7d-484a-a61b-9106ae8a0ffc.jpg?v=1759125502|https://cdn.shopify.com/s/files/1/0912/9351/6071/files/13348510049879614_e407d9ca-67a3-470f-b184-a3b0eb29a93f.jpg?v=1759125502|https://cdn.shopify.com/s/files/1/0912/9351/6071/files/13348510051207869_f4332067-6906-4c43-ae28-90a66b2bbc58.jpg?v=1759125502|https://cdn.shopify.com/s/files/1/0912/9351/6071/files/13348510052891595_2690ada8-9dff-48be-88b1-ed1802a5787d.jpg?v=1759125502,Hi I want CHAIN TOTE 39 SOFT BLACK CALFSKIN,
PRA 28 LARGE BEIGE CALFSKIN HANDBAG,https://cdn.shopify.com/s/files/1/0912/9351/6071/files/Image_20231231224348_8bb6e837-fce0-4f2f-b0b5-efe210205708.jpg?v=1759125511,handbags,prada,https://cdn.shopify.com/s/files/1/0912/9351/6071/files/Image_20231231224348_8bb6e837-fce0-4f2f-b0b5-efe210205708.jpg?v=1759125511|https://cdn.shopify.com/s/files/1/0912/9351/6071/files/Image_20231231224426_ef8d6051-64f2-4ad2-b64b-159e70f41f1e.jpg?v=1759125511|https://cdn.shopify.com/s/files/1/0912/9351/6071/files/Image_20231231224429_73adce28-82a7-400f-aae4-a1810e0b7993.jpg?v=1759125511|https://cdn.shopify.com/s/files/1/0912/9351/6071/files/Image_20231231224432_98cc2ab9-c841-4f80-b76a-24adf0085fc0.jpg?v=1759125511|https://cdn.shopify.com/s/files/1/0912/9351/6071/files/Image_20231231224441_e243f39d-6e9f-4036-a209-966d610153ca.jpg?v=1759125511|https://cdn.shopify.com/s/files/1/0912/9351/6071/files/Image_20231231224445_99863efb-dba5-4adf-8390-9fd102517713.jpg?v=1759125511|https://cdn.shopify.com/s/files/1/0912/9351/6071/files/Image_20231231224450_cedd6b1d-91eb-43d5-b89b-64744f58e4ee.jpg?v=1759125511|https://cdn.shopify.com/s/files/1/0912/9351/6071/files/Image_20231231224453_aeaa2386-91fe-40b2-96e3-7bf4807d3c52.jpg?v=1759125511|https://cdn.shopify.com/s/files/1/0912/9351/6071/files/Image_20231231224456_829d0ff0-0f6c-4e56-8615-6e7e30817269.jpg?v=1759125511,Hi I want PRA 28 LARGE BEIGE CALFSKIN HANDBAG,
PRA 28 LARGE BLACK CALFSKIN HANDBAG,https://cdn.shopify.com/s/files/1/0912/9351/6071/files/Image_20231231224842_1f496b08-0d98-4945-a0ec-e1d9e01830cb.jpg?v=1759125534,handbags,prada,https://cdn.shopify.com/s/files/1/0912/9351/6071/files/Image_20231231224842_1f496b08-0d98-4945-a0ec-e1d9e01830cb.jpg?v=1759125534|https://cdn.shopify.com/s/files/1/0912/9351/6071/files/Image_20231231224828_090a621e-851c-4568-b4b9-e7bd508acd7a.jpg?v=1759125534|https://cdn.shopify.com/s/files/1/0912/9351/6071/files/Image_20231231224845_e025d833-bfb1-4f83-88bc-7ea377aac0ce.jpg?v=1759125534|https://cdn.shopify.com/s/files/1/0912/9351/6071/files/Image_20231231224851_57504141-0a5d-4aff-a253-88fbb2ef87c3.jpg?v=1759125534|https://cdn.shopify.com/s/files/1/0912/9351/6071/files/Image_20231231224854_78819896-22cc-47b3-8625-c024407ec87a.jpg?v=1759125534|https://cdn.shopify.com/s/files/1/0912/9351/6071/files/Image_20231231224857_25b6da66-5cdf-49db-a810-1f9c67a79dbb.jpg?v=1759125534|https://cdn.shopify.com/s/files/1/0912/9351/6071/files/Image_20231231224900_f7744d18-734b-46eb-94bb-88e9ad77468a.jpg?v=1759125534|https://cdn.shopify.com/s/files/1/0912/9351/6071/files/Image_20231231224902_01d0272e-8c76-4a4d-8c61-1af4df8bd2c0.jpg?v=1759125534|https://cdn.shopify.com/s/files/1/0912/9351/6071/files/Image_20231231224905_b205ad09-2e87-4363-8cd0-0c00a80434e1.jpg?v=1759125534,Hi I want PRA 28 LARGE BLACK CALFSKIN HANDBAG,
CLEO 30 PINK BRUSHED LEATHER SHOULDER BAG,https://cdn.shopify.com/s/files/1/0912/9351/6071/files/13348512102484748_3a811884-41f5-47e0-a808-f1ce3a13aa16.jpg?v=1759125580,handbags,prada,https://cdn.shopify.com/s/files/1/0912/9351/6071/files/13348512102484748_3a811884-41f5-47e0-a808-f1ce3a13aa16.jpg?v=1759125580|https://cdn.shopify.com/s/files/1/0912/9351/6071/files/13348512113944632_5a4314af-03ff-438c-b12a-edad24fddca8.jpg?v=1759125581|https://cdn.shopify.com/s/files/1/0912/9351/6071/files/13348512115359564_dcf3bc4a-4a41-4ed1-ac62-30874a02ce59.jpg?v=1759125581|https://cdn.shopify.com/s/files/1/0912/9351/6071/files/13348512116863748_c08c1890-43bc-417a-a085-2bda3ce16f28.jpg?v=1759125581|https://cdn.shopify.com/s/files/1/0912/9351/6071/files/13348512118158558_e8ac69f1-d372-41e3-93b5-e6775d76f1e7.jpg?v=1759125581|https://cdn.shopify.com/s/files/1/0912/9351/6071/files/13348512119755080_2b9b31c9-6bf6-4711-af6d-b4c0b2081a28.jpg?v=1759125581|https://cdn.shopify.com/s/files/1/0912/9351/6071/files/13348512121144343_0f9ceef7-792f-40a3-837c-e6d1cb0f5c8d.jpg?v=1759125581|https://cdn.shopify.com/s/files/1/0912/9351/6071/files/13348512122620850_1709c2e0-baf9-4380-b2df-4b720d5366c1.jpg?v=1759125581|https://cdn.shopify.com/s/files/1/0912/9351/6071/files/13348512123890150_ce801ff7-c5f0-4c17-aabc-c54f8c6be200.jpg?v=1759125581,Hi I want CLEO 30 PINK BRUSHED LEATHER SHOULDER BAG,
CLEO 30 LIGHT GREEN BRUSHED LEATHER SHOULDER BAG,https://cdn.shopify.com/s/files/1/0912/9351/6071/files/13348512223588681_c73da3b4-ddbb-4458-bc6c-d4c999990e0b.jpg?v=1759125590,handbags,prada,https://cdn.shopify.com/s/files/1/0912/9351/6071/files/13348512223588681_c73da3b4-ddbb-4458-bc6c-d4c999990e0b.jpg?v=1759125590|https://cdn.shopify.com/s/files/1/0912/9351/6071/files/13348512241562306_ccd1c58e-5502-4b43-81ed-8400ef301fef.jpg?v=1759125590|https://cdn.shopify.com/s/files/1/0912/9351/6071/files/13348512242976819_6510416b-29db-48c1-918b-d6ab2346e92d.jpg?v=1759125590|https://cdn.shopify.com/s/files/1/0912/9351/6071/files/13348512255700657_269d3d36-351c-438d-a929-85dcdf1358b8.jpg?v=1759125590|https://cdn.shopify.com/s/files/1/0912/9351/6071/files/13348512257271751_6b7372ea-1a7b-4cff-80e5-c5c3e9dae553.jpg?v=1759125590|https://cdn.shopify.com/s/files/1/0912/9351/6071/files/13348512258661017_1cb9f504-33df-4060-81db-02b005039503.jpg?v=1759125590|https://cdn.shopify.com/s/files/1/0912/9351/6071/files/13348512260166172_abec0f01-faf8-4018-a64c-e375f132ae12.jpg?v=1759125590|https://cdn.shopify.com/s/files/1/0912/9351/6071/files/13348512261680933_941dce0f-a84c-4494-94a4-63095c48dd18.jpg?v=1759125590|https://cdn.shopify.com/s/files/1/0912/9351/6071/files/13348512263064703_a6cac7dd-18b1-4817-82d7-15e4776312be.jpg?v=1759125590,Hi I want CLEO 30 LIGHT GREEN BRUSHED LEATHER SHOULDER BAG,
CLEO 30 GREY BRUSHED LEATHER SHOULDER BAG,https://cdn.shopify.com/s/files/1/0912/9351/6071/files/13348512273081320_afada755-759f-419c-810e-d7c8e5690399.jpg?v=1759125600,handbags,prada,https://cdn.shopify.com/s/files/1/0912/9351/6071/files/13348512273081320_afada755-759f-419c-810e-d7c8e5690399.jpg?v=1759125600|https://cdn.shopify.com/s/files/1/0912/9351/6071/files/13348512284616694_dc9c3f57-51ba-4d38-b660-c85254229d66.jpg?v=1759125600|https://cdn.shopify.com/s/files/1/0912/9351/6071/files/13348512286058521_8245c0ae-07f4-43a2-bf2b-3fb0e055089c.jpg?v=1759125600|https://cdn.shopify.com/s/files/1/0912/9351/6071/files/13348512287657307_e205d7c9-ff23-422a-a3e6-8d1e061709ea.jpg?v=1759125601|https://cdn.shopify.com/s/files/1/0912/9351/6071/files/13348512289016921_0450c52e-9068-4258-a960-53dcebba1bc3.jpg?v=1759125601|https://cdn.shopify.com/s/files/1/0912/9351/6071/files/13348512290358821_eeef7bc7-4463-4d54-90d3-f2ebf521633d.jpg?v=1759125601|https://cdn.shopify.com/s/files/1/0912/9351/6071/files/13348512291749542_95f130fe-1082-4127-b3e7-8c914b644403.jpg?v=1759125601|https://cdn.shopify.com/s/files/1/0912/9351/6071/files/13348512293453742_931d6ceb-7732-4317-a97b-a0cd54560cbb.jpg?v=1759125601|https://cdn.shopify.com/s/files/1/0912/9351/6071/files/13348512295081980_de1e69f9-5f4a-475d-b468-cc110c7926c2.jpg?v=1759125601,Hi I want CLEO 30 GREY BRUSHED LEATHER SHOULDER BAG,
CLEO 24 WHITE BLACK BRUSHED LEATHER SHOULDER BAG,https://cdn.shopify.com/s/files/1/0912/9351/6071/files/Image_20231231231921_4ac2f979-1782-476b-9397-052d7e9e5cdf.jpg?v=1759125624,handbags,prada,https://cdn.shopify.com/s/files/1/0912/9351/6071/files/Image_20231231231921_4ac2f979-1782-476b-9397-052d7e9e5cdf.jpg?v=1759125624|https://cdn.shopify.com/s/files/1/0912/9351/6071/files/Image_20231231232018_801c0fbc-0cce-447f-8d5d-4a81b5f39378.jpg?v=1759125624|https://cdn.shopify.com/s/files/1/0912/9351/6071/files/Image_20231231232022_74c5712f-f4ec-4de3-a620-211ad8837e27.jpg?v=1759125624|https://cdn.shopify.com/s/files/1/0912/9351/6071/files/Image_20231231232025_0aa29dff-5217-44d0-9151-789a12a5e45a.jpg?v=1759125624|https://cdn.shopify.com/s/files/1/0912/9351/6071/files/Image_20231231232027_00a3ee98-9d5f-4af6-a115-90c3a580d6ba.jpg?v=1759125624|https://cdn.shopify.com/s/files/1/0912/9351/6071/files/Image_20231231232030_d5670c37-528f-4ba5-8a9f-0f39007693ed.jpg?v=1759125624|https://cdn.shopify.com/s/files/1/0912/9351/6071/files/Image_20231231232033_bbe14ff2-c94f-432b-92f1-ed5ae5796d89.jpg?v=1759125624|https://cdn.shopify.com/s/files/1/0912/9351/6071/files/Image_20231231232035_4e92b62a-f59a-4fed-a6c1-f5b7502125ed.jpg?v=1759125624|https://cdn.shopify.com/s/files/1/0912/9351/6071/files/Image_20231231232038_38cc9ccc-fec4-4c2c-ad4d-1f0703704d74.jpg?v=1759125624,Hi I want CLEO 24 WHITE BLACK BRUSHED LEATHER SHOULDER BAG,
CLEO 24 CLOUD BLUE BRUSHED LEATHER SHOULDER BAG,https://cdn.shopify.com/s/files/1/0912/9351/6071/files/13348513026183130_2c434a3d-929f-4d48-acba-5591a104fcd1.jpg?v=1759125634,handbags,prada,https://cdn.shopify.com/s/files/1/0912/9351/6071/files/13348513026183130_2c434a3d-929f-4d48-acba-5591a104fcd1.jpg?v=1759125634|https://cdn.shopify.com/s/files/1/0912/9351/6071/files/13348513040198378_57f4c672-97d9-4151-b3ee-7b6d85f6326a.jpg?v=1759125634|https://cdn.shopify.com/s/files/1/0912/9351/6071/files/13348513041630668_68b1393b-4116-4c34-a33a-89db0244ae85.jpg?v=1759125634|https://cdn.shopify.com/s/files/1/0912/9351/6071/files/13348513043034557_79e7447d-114f-4a3d-bbb9-dac364d1e427.jpg?v=1759125634|https://cdn.shopify.com/s/files/1/0912/9351/6071/files/13348513044409212_d91fd3c8-f42b-41de-9d75-84daaf5f235b.jpg?v=1759125634|https://cdn.shopify.com/s/files/1/0912/9351/6071/files/13348513045619217_4c1829b2-9779-411d-a105-2b11cf53e1b1.jpg?v=1759125634|https://cdn.shopify.com/s/files/1/0912/9351/6071/files/13348513047027652_8c4945f0-9130-4215-b175-67d704dfd973.jpg?v=1759125634|https://cdn.shopify.com/s/files/1/0912/9351/6071/files/13348513048371380_37278b1a-d6ff-4daa-b2d9-e8a299433451.jpg?v=1759125634|https://cdn.shopify.com/s/files/1/0912/9351/6071/files/13348513049746579_13a71ed7-4519-47d9-ae57-2a0e6384669c.jpg?v=1759125634,Hi I want CLEO 24 CLOUD BLUE BRUSHED LEATHER SHOULDER BAG,
CLEO 24 PINK BRUSHED LEATHER SHOULDER BAG,https://cdn.shopify.com/s/files/1/0912/9351/6071/files/13348513094805664_5adbb77b-7f6e-4778-9794-507800b4794c.jpg?v=1759125643,handbags,prada,https://cdn.shopify.com/s/files/1/0912/9351/6071/files/13348513094805664_5adbb77b-7f6e-4778-9794-507800b4794c.jpg?v=1759125643|https://cdn.shopify.com/s/files/1/0912/9351/6071/files/13348513106282379_35273640-958a-4d07-8982-cf699f891688.jpg?v=1759125643|https://cdn.shopify.com/s/files/1/0912/9351/6071/files/13348513107784858_aa193713-b25a-4546-aab0-2b7167fe1f3b.jpg?v=1759125643|https://cdn.shopify.com/s/files/1/0912/9351/6071/files/13348513109209803_b107cd7d-390a-49f9-8770-af173a9d2df3.jpg?v=1759125643|https://cdn.shopify.com/s/files/1/0912/9351/6071/files/13348513110569099_4865683a-e665-4f20-9adc-32829967e21e.jpg?v=1759125643|https://cdn.shopify.com/s/files/1/0912/9351/6071/files/13348513111885360_771875ac-c682-41bd-aaa8-4b856de90353.jpg?v=1759125643|https://cdn.shopify.com/s/files/1/0912/9351/6071/files/13348513113100300_d3a9c620-fc40-4953-b872-71b3b7ec40c9.jpg?v=1759125643|https://cdn.shopify.com/s/files/1/0912/9351/6071/files/13348513114652766_35198b9f-b90a-49cd-94ef-37719bea6ce7.jpg?v=1759125643|https://cdn.shopify.com/s/files/1/0912/9351/6071/files/13348513116277889_7fbd12a3-c88c-4915-9230-f3de20433d73.jpg?v=1759125643,Hi I want CLEO 24 PINK BRUSHED LEATHER SHOULDER BAG,
CLEO 24 BEIGE BRUSHED LEATHER SHOULDER BAG,https://cdn.shopify.com/s/files/1/0912/9351/6071/files/13348513125670648_e202f594-8033-467c-9574-f3d14ec7ab52.jpg?v=1759125654,handbags,prada,https://cdn.shopify.com/s/files/1/0912/9351/6071/files/13348513125670648_e202f594-8033-467c-9574-f3d14ec7ab52.jpg?v=1759125654|https://cdn.shopify.com/s/files/1/0912/9351/6071/files/13348513139317686_36afc496-967f-4608-a4cd-c5d95019ebb8.jpg?v=1759125654|https://cdn.shopify.com/s/files/1/0912/9351/6071/files/13348513140615920_d04db668-b98c-4a14-a0a3-33e7aa6ae77d.jpg?v=1759125654|https://cdn.shopify.com/s/files/1/0912/9351/6071/files/13348513142000911_51fb6edd-16cf-48d8-95e5-bd56a0d9fe27.jpg?v=1759125654|https://cdn.shopify.com/s/files/1/0912/9351/6071/files/13348513143319397_09c39f73-5960-4b1f-b82d-fe4cbde0913b.jpg?v=1759125654|https://cdn.shopify.com/s/files/1/0912/9351/6071/files/13348513144491795_8d653745-a15f-4fd8-a53e-680ab52673ad.jpg?v=1759125654|https://cdn.shopify.com/s/files/1/0912/9351/6071/files/Image_20231231231917_7dea243a-a8e9-4f5a-a5e6-3586209e9b85.jpg?v=1759125654|https://cdn.shopify.com/s/files/1/0912/9351/6071/files/Image_20231231231921_d05c7bc4-2ce1-42a6-8169-d2dc662f42d6.jpg?v=1759125654|https://cdn.shopify.com/s/files/1/0912/9351/6071/files/Image_20231231231925_18b3a90f-f029-4e39-b6e9-f3bb441ef836.jpg?v=1759125654|https://cdn.shopify.com/s/files/1/0912/9351/6071/files/Image_20231231231928_69096c1d-7d1f-406e-9a7f-c9b439e1e1f8.jpg?v=1759125654,Hi I want CLEO 24 BEIGE BRUSHED LEATHER SHOULDER BAG,
CLEO 24 BLACK BRUSHED LEATHER SHOULDER BAG,https://cdn.shopify.com/s/files/1/0912/9351/6071/files/13348513058524792_5b75128a-a0e9-46b2-8d96-60e8fd3ff958.jpg?v=1759125664,handbags,prada,https://cdn.shopify.com/s/files/1/0912/9351/6071/files/13348513058524792_5b75128a-a0e9-46b2-8d96-60e8fd3ff958.jpg?v=1759125664|https://cdn.shopify.com/s/files/1/0912/9351/6071/files/13348513071410757_918ccb04-92c6-43c4-a614-01e630fc5a6d.jpg?v=1759125664|https://cdn.shopify.com/s/files/1/0912/9351/6071/files/13348513073181151_5438f60c-ea2a-4171-815d-9b9196890b71.jpg?v=1759125664|https://cdn.shopify.com/s/files/1/0912/9351/6071/files/13348513076083306_30a4aade-284d-4524-b260-e2e4101366a4.jpg?v=1759125664|https://cdn.shopify.com/s/files/1/0912/9351/6071/files/13348513077584544_f14aee20-3027-4506-a970-7928a94afb05.jpg?v=1759125664|https://cdn.shopify.com/s/files/1/0912/9351/6071/files/13348513078985015_b1cfa2a2-81cd-4c4b-afed-c2fafc8ff8ac.jpg?v=1759125664|https://cdn.shopify.com/s/files/1/0912/9351/6071/files/13348513080386179_482c0bb3-6748-4c23-901c-f94c354d4ba3.jpg?v=1759125664|https://cdn.shopify.com/s/files/1/0912/9351/6071/files/13348513081955631_6f51121f-39e1-461a-851f-7474b8f5abcc.jpg?v=1759125664|https://cdn.shopify.com/s/files/1/0912/9351/6071/files/13348513083287080_7f23055d-268e-415c-86b5-ee9ec536e797.jpg?v=1759125664,Hi I want CLEO 24 BLACK BRUSHED LEATHER SHOULDER BAG,
