name,image,category,brand,images,whatsapp_text,badge
Hermès Clic H Bracelet,https://images.unsplash.com/photo-1611591437281-460bfbe1220a?w=600&q=80,jewelry,hermes,https://images.unsplash.com/photo-1611591437281-460bfbe1220a?w=600&q=80|https://images.unsplash.com/photo-1515562141207-7a88fb7ce338?w=600&q=80,Hi I want Hermès Clic H Bracelet,New
"HM Kelly Double Tour Pink Gold Bracelet",https://cdn.shopify.com/s/files/1/0912/9351/6071/files/20210605_i1622878846_3155_2_jpg_4a41a27c-e05f-4efb-9153-801437a098dd.jpg?v=1774230059,jewelry,hermes,"https://cdn.shopify.com/s/files/1/0912/9351/6071/files/20210605_i1622878846_3155_2_jpg_4a41a27c-e05f-4efb-9153-801437a098dd.jpg?v=1774230059|https://cdn.shopify.com/s/files/1/0912/9351/6071/files/20210605_i1622878846_601_8_jpg.jpg?v=1774230059|https://cdn.shopify.com/s/files/1/0912/9351/6071/files/20210605_i1622878846_6096_3_jpg.jpg?v=1774230058|https://cdn.shopify.com/s/files/1/0912/9351/6071/files/20210605_i1622878846_6404_4_jpg.jpg?v=1774230058|https://cdn.shopify.com/s/files/1/0912/9351/6071/files/20210605_i1622878846_8_6_jpg.jpg?v=1774230058|https://cdn.shopify.com/s/files/1/0912/9351/6071/files/20210605_i1622878846_6883_7_jpg.jpg?v=1774230059|https://cdn.shopify.com/s/files/1/0912/9351/6071/files/20210605_i1622878846_7409_5_jpg.jpg?v=1774230059|https://cdn.shopify.com/s/files/1/0912/9351/6071/files/20210605_i1622878846_7904_0_jpg.jpg?v=1774230058|https://cdn.shopify.com/s/files/1/0912/9351/6071/files/20210605_i1622878846_6752_1_jpg.jpg?v=1774230058","Hi I want HM Kelly Double Tour Pink Gold Bracelet",
"HM FARANDOLE 120 LONG SILVER NECKLACE",https://cdn.shopify.com/s/files/1/0912/9351/6071/files/luxury-women-hermes-used-accessories-p395144-002.jpg?v=1774234783,jewelry,hermes,"https://cdn.shopify.com/s/files/1/0912/9351/6071/files/luxury-women-hermes-used-accessories-p395144-002.jpg?v=1774234783|https://cdn.shopify.com/s/files/1/0912/9351/6071/files/13342159696430550.jpg?v=1774234783|https://cdn.shopify.com/s/files/1/0912/9351/6071/files/13342159713408612_fe24e1ea-0212-41ed-813f-3b70c6c416ab.jpg?v=1774234783|https://cdn.shopify.com/s/files/1/0912/9351/6071/files/13342159714758560.jpg?v=1774234783","Hi I want HM FARANDOLE 120 LONG SILVER NECKLACE",
"H BLACK BRACELET",https://cdn.shopify.com/s/files/1/0912/9351/6071/files/KH06283_f0ec36d6-e123-4202-9ffa-a5d74aafcbc7.jpg?v=1774235079,jewelry,hermes,"https://cdn.shopify.com/s/files/1/0912/9351/6071/files/KH06283_f0ec36d6-e123-4202-9ffa-a5d74aafcbc7.jpg?v=1774235079|https://cdn.shopify.com/s/files/1/0912/9351/6071/files/KH06269_fa2b7d2a-46c4-4706-9bc7-c1f5bb0c6e64.jpg?v=1774235079|https://cdn.shopify.com/s/files/1/0912/9351/6071/files/KH06294_16dd8907-4259-4434-bfde-e097b49a5717.jpg?v=1774235079|https://cdn.shopify.com/s/files/1/0912/9351/6071/files/KH06379_590233e8-1f77-4a9e-b359-bdb3c852f6b9.jpg?v=1774235080|https://cdn.shopify.com/s/files/1/0912/9351/6071/files/KH06387_636a7cbd-a68d-4fd7-b5d2-ca70ceca27be.jpg?v=1774235079|https://cdn.shopify.com/s/files/1/0912/9351/6071/files/KH06407_cd1ca9f7-9e46-4b70-96ff-72170885c4c4.jpg?v=1774235080","Hi I want H BLACK BRACELET",
"H STUD EARRINGS WITH DIAMONDS",https://cdn.shopify.com/s/files/1/0912/9351/6071/files/img_817e5e46_20250214_o_1ik2809vna64ig3rbq18351hmk2.jpeg_1.jpg?v=1774234574,jewelry,hermes,"https://cdn.shopify.com/s/files/1/0912/9351/6071/files/img_817e5e46_20250214_o_1ik2809vna64ig3rbq18351hmk2.jpeg_1.jpg?v=1774234574|https://cdn.shopify.com/s/files/1/0912/9351/6071/files/img_817e5e46_20250214_o_1ik2809vmeuir1c1pgk7i184c1.jpeg_1.jpg?v=1774234574|https://cdn.shopify.com/s/files/1/0912/9351/6071/files/img_817e5e46_20250214_o_1ik2809vm1na8g9n1qeudf41pe80.jpeg_1.jpg?v=1774234574|https://cdn.shopify.com/s/files/1/0912/9351/6071/files/img_817e5e46_20250214_o_1ik2809vof9763g18l675d1r043.jpeg_1.jpg?v=1774234574|https://cdn.shopify.com/s/files/1/0912/9351/6071/files/img_817e5e46_20250214_o_1ik2809vp14fs16n7js11ncu4534.jpeg_1.jpg?v=1774234574|https://cdn.shopify.com/s/files/1/0912/9351/6071/files/img_817e5e46_20250214_o_1ik2809vrb1t73b15t91pcf171a6.jpeg_1.jpg?v=1774234574|https://cdn.shopify.com/s/files/1/0912/9351/6071/files/img_817e5e46_20250214_o_1ik2809vp1ps15p1mjb1vav6kk5.jpeg_1.jpg?v=1774234574","Hi I want H STUD EARRINGS WITH DIAMONDS",
"H BRACELET 18MM GOLD",https://cdn.shopify.com/s/files/1/0912/9351/6071/files/clic-clac-h-bracelet--300001F01-worn-1-0-0-320-320_b_faa38e78-9eaf-41b8-941c-ccdae92a9112.jpg?v=1774235010,jewelry,hermes,"https://cdn.shopify.com/s/files/1/0912/9351/6071/files/clic-clac-h-bracelet--300001F01-worn-1-0-0-320-320_b_faa38e78-9eaf-41b8-941c-ccdae92a9112.jpg?v=1774235010|https://cdn.shopify.com/s/files/1/0912/9351/6071/files/13294925460095801_a0a97f91-9319-4407-8fe9-9f3930777ba1.jpg?v=1774235010|https://cdn.shopify.com/s/files/1/0912/9351/6071/files/13294925455777215_97ea7f78-530e-4611-bc4c-d60bcf0fdf2b.jpg?v=1774235010|https://cdn.shopify.com/s/files/1/0912/9351/6071/files/13294925456677842_1168bdbf-f247-434d-a082-2a1b207f6ed3.jpg?v=1774235010|https://cdn.shopify.com/s/files/1/0912/9351/6071/files/13294925457483008_6cca5d59-de03-4607-837d-44face4016af.jpg?v=1774235010|https://cdn.shopify.com/s/files/1/0912/9351/6071/files/13294925458378043_d695b246-d32a-4b28-8894-60e046376a34.jpg?v=1774235010|https://cdn.shopify.com/s/files/1/0912/9351/6071/files/13294925459278576_4fee19ea-ec3c-4245-97ae-398f9148c26a.jpg?v=1774235010|https://cdn.shopify.com/s/files/1/0912/9351/6071/files/13294925460982990_b54e08bc-890a-41ca-baf3-154d70da00d3.jpg?v=1774235010","Hi I want H BRACELET 18MM GOLD",
"H WHITE BRACELET",https://cdn.shopify.com/s/files/1/0912/9351/6071/files/KH06392_39a5277b-ccfd-4352-a341-953c5368e859.jpg?v=1774235043,jewelry,hermes,"https://cdn.shopify.com/s/files/1/0912/9351/6071/files/KH06392_39a5277b-ccfd-4352-a341-953c5368e859.jpg?v=1774235043|https://cdn.shopify.com/s/files/1/0912/9351/6071/files/KH06412_bc43c679-3c5e-450c-90a2-297379602cf7.jpg?v=1774235043|https://cdn.shopify.com/s/files/1/0912/9351/6071/files/KH06372_97e93731-58b0-4336-8582-9412c1c111c3.jpg?v=1774235043|https://cdn.shopify.com/s/files/1/0912/9351/6071/files/KH06274_7ae6c4e3-74ac-44ed-b646-b4f6bc4a2d2b.jpg?v=1774235043|https://cdn.shopify.com/s/files/1/0912/9351/6071/files/KH06247_1d5212c0-5b17-47de-832c-852fd0e1444c.jpg?v=1774235043|https://cdn.shopify.com/s/files/1/0912/9351/6071/files/KH06287_0086f3aa-7b9d-4a68-ad7b-57f62edddc68.jpg?v=1774235043","Hi I want H WHITE BRACELET",
"GLENAN DOUBLE TOUR GOLD LEATHER BRACELET",https://cdn.shopify.com/s/files/1/0912/9351/6071/files/13340194802105739_7c7ec187-fbe8-4f7b-984e-e3f1f76732e9.jpg?v=1774234915,jewelry,hermes,"https://cdn.shopify.com/s/files/1/0912/9351/6071/files/13340194802105739_7c7ec187-fbe8-4f7b-984e-e3f1f76732e9.jpg?v=1774234915|https://cdn.shopify.com/s/files/1/0912/9351/6071/files/13340194803683624_f5cc699d-1a64-4dbb-9b80-9d400fd61541.jpg?v=1774234915|https://cdn.shopify.com/s/files/1/0912/9351/6071/files/13340194805291358_9ed74e8d-158f-4122-a616-30356bf701b8.jpg?v=1774234915|https://cdn.shopify.com/s/files/1/0912/9351/6071/files/13340194806891821_c64bb511-bb9b-4792-9fc7-99333dfb37f9.jpg?v=1774234915|https://cdn.shopify.com/s/files/1/0912/9351/6071/files/13340194808903046_74f72174-0c41-4cdf-9e04-ad84a5bdf75c.jpg?v=1774234915|https://cdn.shopify.com/s/files/1/0912/9351/6071/files/13340194810472996_e2d35bc4-24a0-496c-87f0-4851271c3750.jpg?v=1774234915|https://cdn.shopify.com/s/files/1/0912/9351/6071/files/13340194811994972_d9e13390-32b0-412a-8a95-fc32c6cc6dd9.jpg?v=1774234915|https://cdn.shopify.com/s/files/1/0912/9351/6071/files/13340194813703393_fc6a4a69-f2f4-44c6-9f9c-32bd87176528.jpg?v=1774234915","Hi I want GLENAN DOUBLE TOUR GOLD LEATHER BRACELET",
"FARANDOLE CHAIN-LINK BRACELET",https://cdn.shopify.com/s/files/1/0912/9351/6071/files/Image_20231028135315.jpg?v=1774235129,jewelry,hermes,"https://cdn.shopify.com/s/files/1/0912/9351/6071/files/Image_20231028135315.jpg?v=1774235129|https://cdn.shopify.com/s/files/1/0912/9351/6071/files/Image_20231028135321_0264d087-748b-4150-9b97-facc6601888e.jpg?v=1774235129|https://cdn.shopify.com/s/files/1/0912/9351/6071/files/13339675936667601_c490d3ab-6234-4137-94b8-7d2f3474a00e.jpg?v=1774235129|https://cdn.shopify.com/s/files/1/0912/9351/6071/files/Image_20231028135238_3c7adf80-c2f1-448a-b76d-a5e9cb03cdb2.jpg?v=1774235129|https://cdn.shopify.com/s/files/1/0912/9351/6071/files/13339675913900769_3ccc6eb5-05da-460f-b584-4c21a8267d85.jpg?v=1774235129|https://cdn.shopify.com/s/files/1/0912/9351/6071/files/13339675934608446_9ec0307c-be87-47cf-a213-ad012d6acd7a.jpg?v=1774235129|https://cdn.shopify.com/s/files/1/0912/9351/6071/files/13339675938177786_00335804-1c83-4523-abc4-e2242c5c0c4a.jpg?v=1774235129|https://cdn.shopify.com/s/files/1/0912/9351/6071/files/13339675939644020_8b1f4402-d96b-477c-b7b9-67bf3710cf6f.jpg?v=1774235129|https://cdn.shopify.com/s/files/1/0912/9351/6071/files/13339675943063347_48f90495-58c9-481f-a8dd-16d53fb3c90a.jpg?v=1774235129|https://cdn.shopify.com/s/files/1/0912/9351/6071/files/13339675944603785_8fc39575-e1f8-48a5-9ae1-e6b3fe25a0da.jpg?v=1774235129","Hi I want FARANDOLE CHAIN-LINK BRACELET",
"ECHAPPEE MINI DIAMOND STUD EARRINGS",https://cdn.shopify.com/s/files/1/0912/9351/6071/files/64d11a103903ed823f73c49cad868b9f_9f14b5f9-40b0-4942-b1ea-e822da7e67d3.jpg?v=1774234550,jewelry,hermes,"https://cdn.shopify.com/s/files/1/0912/9351/6071/files/64d11a103903ed823f73c49cad868b9f_9f14b5f9-40b0-4942-b1ea-e822da7e67d3.jpg?v=1774234550|https://cdn.shopify.com/s/files/1/0912/9351/6071/files/13304700884069084_b7dc2d22-0c54-4fc7-8209-67aa37649e75.jpg?v=1774234551|https://cdn.shopify.com/s/files/1/0912/9351/6071/files/13304700880037939_9d41a798-ce61-4e74-826f-3b358c36f600.jpg?v=1774234551|https://cdn.shopify.com/s/files/1/0912/9351/6071/files/13304700842158607_5a32a676-10af-494e-99f8-ddec7dfe6566.jpg?v=1774234551|https://cdn.shopify.com/s/files/1/0912/9351/6071/files/13304700866094700_aa23f5c4-5e65-4f3c-96a2-523bbaf8beff.jpg?v=1774234551|https://cdn.shopify.com/s/files/1/0912/9351/6071/files/13304700868898528_00590a82-050a-4a27-afe0-1879d66861f8.jpg?v=1774234551|https://cdn.shopify.com/s/files/1/0912/9351/6071/files/13304700871646038_5aa8953e-dcbb-48d6-85e8-7a925f12673a.jpg?v=1774234551|https://cdn.shopify.com/s/files/1/0912/9351/6071/files/13304700874333438_c3884f99-be44-4760-aa12-55e1d5561008.jpg?v=1774234550|https://cdn.shopify.com/s/files/1/0912/9351/6071/files/13304700876993629_3c9d65ff-19cf-4d17-b8cb-4076ef026352.jpg?v=1774234551|https://cdn.shopify.com/s/files/1/0912/9351/6071/files/13304701161775017_c270c69e-6905-41f9-a76f-fb4d0521d1c3.jpg?v=1774234550","Hi I want ECHAPPEE MINI DIAMOND STUD EARRINGS",
"HM KELLY GREY BRACELET",https://cdn.shopify.com/s/files/1/0912/9351/6071/files/Image_20231019105504_83f12051-80ad-4a4c-b326-4ddb52d7507f.jpg?v=1774234928,jewelry,hermes,"https://cdn.shopify.com/s/files/1/0912/9351/6071/files/Image_20231019105504_83f12051-80ad-4a4c-b326-4ddb52d7507f.jpg?v=1774234928|https://cdn.shopify.com/s/files/1/0912/9351/6071/files/13342161006370939_52c46313-0c6d-4ea9-9b3a-6252fbc15301.jpg?v=1774234928|https://cdn.shopify.com/s/files/1/0912/9351/6071/files/13342161016435297_cc2c0453-4b80-4245-b8d3-398e4eb2ab6f.jpg?v=1774234928|https://cdn.shopify.com/s/files/1/0912/9351/6071/files/13342161018000183_0fef011b-9305-400f-9b88-26ba4ce7f1d5.jpg?v=1774234928","Hi I want HM KELLY GREY BRACELET",
"EVER CHAINE DIAMOND",https://cdn.shopify.com/s/files/1/0912/9351/6071/files/13294159781642531_f1a01335-5ee9-4c63-8fb0-f6b0d5fc3636.jpg?v=1774234998,jewelry,hermes,"https://cdn.shopify.com/s/files/1/0912/9351/6071/files/13294159781642531_f1a01335-5ee9-4c63-8fb0-f6b0d5fc3636.jpg?v=1774234998|https://cdn.shopify.com/s/files/1/0912/9351/6071/files/13294159799130499_0c8b86a9-2062-46cb-96b1-f92ee7edfada.jpg?v=1774234998|https://cdn.shopify.com/s/files/1/0912/9351/6071/files/13294159800029028_22ba6b9c-ecda-4b15-9a32-5f1642bf4fb1.jpg?v=1774234998|https://cdn.shopify.com/s/files/1/0912/9351/6071/files/13294159798035363_19a28947-a5bc-4e5c-b0a4-6b157deda133.jpg?v=1774234998|https://cdn.shopify.com/s/files/1/0912/9351/6071/files/13294159796031763_ceda0d48-4ba4-437d-9864-bc79f4beeaea.jpg?v=1774234998|https://cdn.shopify.com/s/files/1/0912/9351/6071/files/13294159801040205_fbd71af6-4379-4e9c-aabd-e01cfa7224b9.jpg?v=1774234998","Hi I want EVER CHAINE DIAMOND",
"H BRACELET 12MM GOLD",https://cdn.shopify.com/s/files/1/0912/9351/6071/files/13294925326997846_cf6e26f6-613b-4c18-9d3b-b2ad91e69fde.jpg?v=1774235005,jewelry,hermes,"https://cdn.shopify.com/s/files/1/0912/9351/6071/files/13294925326997846_cf6e26f6-613b-4c18-9d3b-b2ad91e69fde.jpg?v=1774235005|https://cdn.shopify.com/s/files/1/0912/9351/6071/files/13294925329581882_a97b18e4-3157-4ff0-bb22-31d3ffdd3f1b.jpg?v=1774235006|https://cdn.shopify.com/s/files/1/0912/9351/6071/files/13294925327879419_a89a94da-2155-4b72-9324-6a5ed807d455.jpg?v=1774235006|https://cdn.shopify.com/s/files/1/0912/9351/6071/files/13294925328790174_75cd5663-4dfb-4b44-8ef3-4b9065024c66.jpg?v=1774235005|https://cdn.shopify.com/s/files/1/0912/9351/6071/files/13294925330479121_481711c8-e948-4c0d-81a8-e8a1ff9714a8.jpg?v=1774235005|https://cdn.shopify.com/s/files/1/0912/9351/6071/files/13294925314187100_0a396136-3a49-48ef-889c-c2af577060e8.jpg?v=1774235005","Hi I want H BRACELET 12MM GOLD",
"H GREY BRACELET",https://cdn.shopify.com/s/files/1/0912/9351/6071/files/KH06380_b4953adc-d199-4530-b846-e24ba250b611.jpg?v=1774235061,jewelry,hermes,"https://cdn.shopify.com/s/files/1/0912/9351/6071/files/KH06380_b4953adc-d199-4530-b846-e24ba250b611.jpg?v=1774235061|https://cdn.shopify.com/s/files/1/0912/9351/6071/files/KH06398_55958675-9e25-4966-809f-b9932e3ec085.jpg?v=1774235061|https://cdn.shopify.com/s/files/1/0912/9351/6071/files/KH06280_22a96211-0f23-4b18-8893-34db933addce.jpg?v=1774235061|https://cdn.shopify.com/s/files/1/0912/9351/6071/files/KH06263_6180b9bf-eae1-4216-b8bf-9ed33d030229.jpg?v=1774235061|https://cdn.shopify.com/s/files/1/0912/9351/6071/files/KH06292_7f13700b-f163-4e2b-af48-aea15e630cbc.jpg?v=1774235061|https://cdn.shopify.com/s/files/1/0912/9351/6071/files/13286973579886134_abb265d3-65fe-4075-988d-aee872f51fe8.jpg?v=1774235061|https://cdn.shopify.com/s/files/1/0912/9351/6071/files/KH06404_fefaae38-c931-4256-97f9-6bec05138059.jpg?v=1774235061","Hi I want H GREY BRACELET",
"MINI POP H GOLD EARRINGS GREY",https://cdn.shopify.com/s/files/1/0912/9351/6071/files/hermes_mini_pop_h_earrings_1631371376_f6b363a0_e851c2d9-756c-483c-a97c-e3955102d08e.jpg?v=1774234543,jewelry,hermes,"https://cdn.shopify.com/s/files/1/0912/9351/6071/files/hermes_mini_pop_h_earrings_1631371376_f6b363a0_e851c2d9-756c-483c-a97c-e3955102d08e.jpg?v=1774234543|https://cdn.shopify.com/s/files/1/0912/9351/6071/files/13291406685499662_aed920de-b09a-4614-ba75-18c87c270448.jpg?v=1774234543|https://cdn.shopify.com/s/files/1/0912/9351/6071/files/13291406706375129_a9e70c42-468f-4a7a-9dc3-69e504afe4c8.jpg?v=1774234543|https://cdn.shopify.com/s/files/1/0912/9351/6071/files/13291406708974944_f257703f-fdca-46f2-986f-0abb3d6df0ce.jpg?v=1774234543|https://cdn.shopify.com/s/files/1/0912/9351/6071/files/13291406703096689_9e04319b-117d-47f3-b5d5-437110785142.jpg?v=1774234543|https://cdn.shopify.com/s/files/1/0912/9351/6071/files/13291406704491299_3a775123-dc6e-4706-809b-ed1aca8e82c7.jpg?v=1774234543","Hi I want MINI POP H GOLD EARRINGS GREY",
"EVER CHAINE LONG NECKLACE",https://cdn.shopify.com/s/files/1/0912/9351/6071/files/13305288408570475_7ca1a3d3-714b-4d82-bd45-e207a1e3ffd2.jpg?v=1774234636,jewelry,hermes,"https://cdn.shopify.com/s/files/1/0912/9351/6071/files/13305288408570475_7ca1a3d3-714b-4d82-bd45-e207a1e3ffd2.jpg?v=1774234636|https://cdn.shopify.com/s/files/1/0912/9351/6071/files/13305288421537806_e171bfe0-ea6e-46b4-9c73-14e48570ef24.jpg?v=1774234636|https://cdn.shopify.com/s/files/1/0912/9351/6071/files/13305288423182729_77e3f2d0-d62b-4e49-869b-e81a3ea29ff3.jpg?v=1774234636|https://cdn.shopify.com/s/files/1/0912/9351/6071/files/13305288424619918_e1bacae6-0806-4932-8d01-98e0be41bb37.jpg?v=1774234636","Hi I want EVER CHAINE LONG NECKLACE",
"POP H SILVER FULL DIAMOND NECKLACE",https://cdn.shopify.com/s/files/1/0912/9351/6071/files/Image_20230220140826_6122b4ba-8709-4eda-880b-1c0be8ea800c.jpg?v=1774234668,jewelry,hermes,"https://cdn.shopify.com/s/files/1/0912/9351/6071/files/Image_20230220140826_6122b4ba-8709-4eda-880b-1c0be8ea800c.jpg?v=1774234668|https://cdn.shopify.com/s/files/1/0912/9351/6071/files/Image_20230220140840_b227f335-94d0-493f-be6e-73ec96fcdc6b.jpg?v=1774234669|https://cdn.shopify.com/s/files/1/0912/9351/6071/files/Image_20230220140843_365b131c-de23-4f21-9344-7a38c04015c5.jpg?v=1774234668|https://cdn.shopify.com/s/files/1/0912/9351/6071/files/Image_20230220140846_3e0709d8-21b5-48f4-a86f-3de0aebebe9c.jpg?v=1774234668|https://cdn.shopify.com/s/files/1/0912/9351/6071/files/Image_20230220140849_14be0361-849e-42db-9d40-9eca231ff954.jpg?v=1774234669|https://cdn.shopify.com/s/files/1/0912/9351/6071/files/Image_20230220140852_75ae3ce0-27a5-4c63-9c10-b379cecbdde1.jpg?v=1774234668|https://cdn.shopify.com/s/files/1/0912/9351/6071/files/Image_20230220140858_46d8af79-0cbc-43dd-b2af-72bbd2e17655.jpg?v=1774234669|https://cdn.shopify.com/s/files/1/0912/9351/6071/files/Image_20230220140836_bee59889-91b5-44be-baf3-7854e4b2a3f2.jpg?v=1774234668|https://cdn.shopify.com/s/files/1/0912/9351/6071/files/Image_20230220140921_6f39fe9a-1078-41a3-b22d-3df646710956.jpg?v=1774234668","Hi I want POP H SILVER FULL DIAMOND NECKLACE",
"H BRACELET ROMANTIC BLUE 12MM",https://cdn.shopify.com/s/files/1/0912/9351/6071/files/13295619470711041_d6690973-cceb-49c4-bf98-2b6842f1ea82.jpg?v=1774234808,jewelry,hermes,"https://cdn.shopify.com/s/files/1/0912/9351/6071/files/13295619470711041_d6690973-cceb-49c4-bf98-2b6842f1ea82.jpg?v=1774234808|https://cdn.shopify.com/s/files/1/0912/9351/6071/files/13286973579886134_87975ad8-c759-467d-a494-a0441b754432.jpg?v=1774234807|https://cdn.shopify.com/s/files/1/0912/9351/6071/files/13286973580787866_3e5ca8eb-3812-42e9-be29-222f099fd13f.jpg?v=1774234807|https://cdn.shopify.com/s/files/1/0912/9351/6071/files/hermes-clic-h-bracelet-in-enamel-with-rose-gold-plated-hardware-parme-1_ff3ff08a-7f8c-4556-8841-5ccc083eaee1.jpg?v=1774234807|https://cdn.shopify.com/s/files/1/0912/9351/6071/files/ScreenShot_2026-03-05_113032_935.png?v=1774234808|https://cdn.shopify.com/s/files/1/0912/9351/6071/files/ScreenShot_2026-03-05_113045_783_6e3b5f5d-abde-47f9-af01-322e53b63949.png?v=1774234807","Hi I want H BRACELET ROMANTIC BLUE 12MM",
"CHAINE SILVER LARGE OPEN BRACELET",https://cdn.shopify.com/s/files/1/0912/9351/6071/files/13294337553495249_ab0c649f-1534-4d6d-b8fd-aeba4845b04f.jpg?v=1774235007,jewelry,hermes,"https://cdn.shopify.com/s/files/1/0912/9351/6071/files/13294337553495249_ab0c649f-1534-4d6d-b8fd-aeba4845b04f.jpg?v=1774235007|https://cdn.shopify.com/s/files/1/0912/9351/6071/files/13294337581795218_88da2eba-41ff-41c9-a362-bf8e01bd32de.jpg?v=1774235007|https://cdn.shopify.com/s/files/1/0912/9351/6071/files/13294337583494807_7173e509-8abe-4601-91d9-c8652607a590.jpg?v=1774235007|https://cdn.shopify.com/s/files/1/0912/9351/6071/files/13294337584294767_b538fee5-8c65-4a3c-8258-1461c7480ee3.jpg?v=1774235007|https://cdn.shopify.com/s/files/1/0912/9351/6071/files/13294337580893733_2b9ef23a-4039-44f2-a1f4-a691bf47e5cd.jpg?v=1774235007|https://cdn.shopify.com/s/files/1/0912/9351/6071/files/13294337582594735_bfa2b06c-945f-4e42-a96a-b08167454ad3.jpg?v=1774235007|https://cdn.shopify.com/s/files/1/0912/9351/6071/files/13294337585096884_f083d295-0e84-4be9-ae94-3cd087852b78.jpg?v=1774235007","Hi I want CHAINE SILVER LARGE OPEN BRACELET",
"KELLY SILVER DIAMOND BRACELET",https://cdn.shopify.com/s/files/1/0912/9351/6071/files/kelly-bracelet-small-model--110015B00-front-1-300-0-1000-1000_b_eb446732-97fd-464a-afa4-f2b0013e7ada.jpg?v=1774235102,jewelry,hermes,"https://cdn.shopify.com/s/files/1/0912/9351/6071/files/kelly-bracelet-small-model--110015B00-front-1-300-0-1000-1000_b_eb446732-97fd-464a-afa4-f2b0013e7ada.jpg?v=1774235102|https://cdn.shopify.com/s/files/1/0912/9351/6071/files/13308545737353490_e6b60739-0991-4452-8e5b-93c4665455fe.jpg?v=1774235103|https://cdn.shopify.com/s/files/1/0912/9351/6071/files/13308545726085202_1106bd02-bc90-40d3-8ae0-134477aacef6.jpg?v=1774235102|https://cdn.shopify.com/s/files/1/0912/9351/6071/files/13308545739878547_38b350ed-7229-444b-b767-d61e9b329971.jpg?v=1774235103|https://cdn.shopify.com/s/files/1/0912/9351/6071/files/13308545742120353_51d49210-ae32-4017-b2be-ca7b1eb4f751.jpg?v=1774235103|https://cdn.shopify.com/s/files/1/0912/9351/6071/files/13308545752983978_450ac9bd-de29-4939-968c-c148b0c4344e.jpg?v=1774235103","Hi I want KELLY SILVER DIAMOND BRACELET",
"POP H PEDANT PINK GOLD",https://cdn.shopify.com/s/files/1/0912/9351/6071/files/333770005_Switch_Jewelry_Hermes_pop_h_necklace_pink_rose_gold_d4bc73cd-c7b8-4e32-a34a-465ae7e639a4.jpg?v=1774234624,jewelry,hermes,"https://cdn.shopify.com/s/files/1/0912/9351/6071/files/333770005_Switch_Jewelry_Hermes_pop_h_necklace_pink_rose_gold_d4bc73cd-c7b8-4e32-a34a-465ae7e639a4.jpg?v=1774234624|https://cdn.shopify.com/s/files/1/0912/9351/6071/files/13286543678533173_5195c819-8ccb-4668-a673-9d50d40f2869.jpg?v=1774234624|https://cdn.shopify.com/s/files/1/0912/9351/6071/files/13286543704228213_ddde4179-d801-4d5b-9fa3-019c711c16a6.jpg?v=1774234625|https://cdn.shopify.com/s/files/1/0912/9351/6071/files/13286543706128495_f0efae5d-786e-4561-a028-7b45b308ccc2.jpg?v=1774234624|https://cdn.shopify.com/s/files/1/0912/9351/6071/files/13286543707027986_49d39345-811f-473d-96ab-72dc70440158.jpg?v=1774234624|https://cdn.shopify.com/s/files/1/0912/9351/6071/files/13286543707929674_bea8580c-b7d7-44ba-aa19-13837f9a14ff.jpg?v=1774234624|https://cdn.shopify.com/s/files/1/0912/9351/6071/files/13286543774658530_0eca3ecd-9445-4b21-9928-a1446924f315.jpg?v=1774234624|https://cdn.shopify.com/s/files/1/0912/9351/6071/files/13286543775459131_479ee30f-f7b3-4f58-bccf-5ea4e495fcc0.jpg?v=1774234624","Hi I want POP H PEDANT PINK GOLD",
"H ORANGE BRACELET",https://cdn.shopify.com/s/files/1/0912/9351/6071/files/13286974285676321_da6f8ada-5f5f-46a1-876b-0a77d106a66a.jpg?v=1774235063,jewelry,hermes,"https://cdn.shopify.com/s/files/1/0912/9351/6071/files/13286974285676321_da6f8ada-5f5f-46a1-876b-0a77d106a66a.jpg?v=1774235063|https://cdn.shopify.com/s/files/1/0912/9351/6071/files/luxury_women_hermes_used_accessories_p470115_008_master_692736be-4025-43c4-b146-6af7a8c706c0.jpg?v=1774235062|https://cdn.shopify.com/s/files/1/0912/9351/6071/files/13286973579886134_a4dfcbb5-72c0-4ac1-aa75-7e3b417929c7.jpg?v=1774235063|https://cdn.shopify.com/s/files/1/0912/9351/6071/files/13286973580787866_bea05bf0-e953-461f-8299-a9c06eb55176.jpg?v=1774235063|https://cdn.shopify.com/s/files/1/0912/9351/6071/files/ScreenShot_2026-02-26_093434_007.png?v=1774235063|https://cdn.shopify.com/s/files/1/0912/9351/6071/files/ScreenShot_2026-02-26_093202_439.png?v=1774235063|https://cdn.shopify.com/s/files/1/0912/9351/6071/files/ScreenShot_2026-02-26_093226_407.png?v=1774235062","Hi I want H ORANGE BRACELET",
"H SO BLACK 12MM",https://cdn.shopify.com/s/files/1/0912/9351/6071/files/KH06288_aca06cb6-2d97-4280-be99-b181442aed57.jpg?v=1774235119,jewelry,hermes,"https://cdn.shopify.com/s/files/1/0912/9351/6071/files/KH06288_aca06cb6-2d97-4280-be99-b181442aed57.jpg?v=1774235119|https://cdn.shopify.com/s/files/1/0912/9351/6071/files/KH06408_673fb45c-1451-4b9c-b419-c57ad9d1ab79.jpg?v=1774235119","Hi I want H SO BLACK 12MM",
"GLENAN GOLD LEATHER BRACELET",https://cdn.shopify.com/s/files/1/0912/9351/6071/files/13340195476656582_c8f9a7cb-0124-44bf-b6ad-f9642e45a229.jpg?v=1774235142,jewelry,hermes,"https://cdn.shopify.com/s/files/1/0912/9351/6071/files/13340195476656582_c8f9a7cb-0124-44bf-b6ad-f9642e45a229.jpg?v=1774235142|https://cdn.shopify.com/s/files/1/0912/9351/6071/files/13340195478457467_09d29919-8bd2-4f1e-ba99-4eeb659a0c62.jpg?v=1774235142|https://cdn.shopify.com/s/files/1/0912/9351/6071/files/13340195480236379_9de60465-0294-49a5-82bf-87dcc072ca0b.jpg?v=1774235142|https://cdn.shopify.com/s/files/1/0912/9351/6071/files/13340195481755983_4f435c54-89f8-42ba-bd87-6209d65d5f76.jpg?v=1774235142|https://cdn.shopify.com/s/files/1/0912/9351/6071/files/13340195483457093_e50d1672-7c31-444a-b1e8-4b03485e2baf.jpg?v=1774235143|https://cdn.shopify.com/s/files/1/0912/9351/6071/files/13340195485032707_4f0b26f8-e89e-41eb-b265-d3c3385c3632.jpg?v=1774235142|https://cdn.shopify.com/s/files/1/0912/9351/6071/files/13340195486531233_50b5a5f0-6610-4515-bce0-3ece8d22c92b.jpg?v=1774235142|https://cdn.shopify.com/s/files/1/0912/9351/6071/files/13340195488457370_3653573d-4e78-42a0-8c47-575601d960b3.jpg?v=1774235142","Hi I want GLENAN GOLD LEATHER BRACELET",
"KELLY MEDIUM RING",https://cdn.shopify.com/s/files/1/0912/9351/6071/files/13304602628567873_45ac3f0c-db17-46b9-90b5-bd7f90b6c91d.jpg?v=1774234486,jewelry,hermes,"https://cdn.shopify.com/s/files/1/0912/9351/6071/files/13304602628567873_45ac3f0c-db17-46b9-90b5-bd7f90b6c91d.jpg?v=1774234486|https://cdn.shopify.com/s/files/1/0912/9351/6071/files/kelly-ring-very-small-model--218671B00-front-3-300-0-320-320_b_6d7fd0b7-bf3e-437e-94a6-b865e285ec77.jpg?v=1774234486|https://cdn.shopify.com/s/files/1/0912/9351/6071/files/13304602646755098_22b6ee5f-21ca-493d-a87e-ed0225361548.jpg?v=1774234486|https://cdn.shopify.com/s/files/1/0912/9351/6071/files/13304602643243216_4a5aad0c-4eab-45a4-8f6e-effa26e03973.jpg?v=1774234486|https://cdn.shopify.com/s/files/1/0912/9351/6071/files/13304602645345969_8821b456-5f6f-4e3b-a3ff-eb768819e44f.jpg?v=1774234487","Hi I want KELLY MEDIUM RING",
"HM KELLY CLOCHETTE DOUBLE RING IN ROSE GOLD WITH DIAMONDS",https://cdn.shopify.com/s/files/1/0912/9351/6071/files/4-71-kelly-clochette_-nt-380-700-1607048514_375c6d99-7928-4f39-8c5a-3858d589b8b7.jpg?v=1774234514,jewelry,hermes,"https://cdn.shopify.com/s/files/1/0912/9351/6071/files/4-71-kelly-clochette_-nt-380-700-1607048514_375c6d99-7928-4f39-8c5a-3858d589b8b7.jpg?v=1774234514|https://cdn.shopify.com/s/files/1/0912/9351/6071/files/132927-2_20Hermes_20Kelly_20Clochette_20Double_20Ring_2018K_20Ro_2D_0002_1024x1024_743f06bc-f093-4eb5-aeba-8834ab2cacdb.webp?v=1774234514|https://cdn.shopify.com/s/files/1/0912/9351/6071/files/WeChatImage_20230302103631_dc1b81a3-2515-4971-b82d-539ae92d58c7.jpg?v=1774234514|https://cdn.shopify.com/s/files/1/0912/9351/6071/files/WeChatImage_20230302103643_c4244801-c9d0-4dbd-96c5-d3d57cd28701.jpg?v=1774234514|https://cdn.shopify.com/s/files/1/0912/9351/6071/files/WeChatImage_20230302103648_1a6ab8ed-ab4e-4a05-955d-8cdbbafad8d1.jpg?v=1774234514|https://cdn.shopify.com/s/files/1/0912/9351/6071/files/WeChatImage_20230302103650_990390f6-ed02-4319-bcf6-34be3e446521.jpg?v=1774234514|https://cdn.shopify.com/s/files/1/0912/9351/6071/files/WeChatImage_20230302103653_b42f782e-4e8c-4c71-bb39-aed89a5b4942.jpg?v=1774234514|https://cdn.shopify.com/s/files/1/0912/9351/6071/files/WeChatImage_20230302103656_63c63b86-881f-4248-a750-b1e0c85734d4.jpg?v=1774234514|https://cdn.shopify.com/s/files/1/0912/9351/6071/files/WeChatImage_20230302103659_0313e1ad-a9e4-45f0-a387-92fa003f217c.jpg?v=1774234514|https://cdn.shopify.com/s/files/1/0912/9351/6071/files/WeChatImage_20230302103701_f3b78df6-6a06-49cb-869a-e85aaf7c2f29.jpg?v=1774234514","Hi I want HM KELLY CLOCHETTE DOUBLE RING IN ROSE GOLD WITH DIAMONDS",
"OLYMPE PINK GOLD RING",https://cdn.shopify.com/s/files/1/0912/9351/6071/files/13343482319523523_c64ba7f9-7642-4f69-a0a0-140e8ac80016.jpg?v=1780215199,jewelry,hermes,"https://cdn.shopify.com/s/files/1/0912/9351/6071/files/13343482319523523_c64ba7f9-7642-4f69-a0a0-140e8ac80016.jpg?v=1780215199|https://cdn.shopify.com/s/files/1/0912/9351/6071/files/13343482350323_77bb3990-c62c-4a47-9785-c87ea49081f4.jpg?v=1780215199|https://cdn.shopify.com/s/files/1/0912/9351/6071/files/13343482343225693_cd24be98-b0eb-494c-93ce-d89c3640133b.jpg?v=1780215199|https://cdn.shopify.com/s/files/1/0912/9351/6071/files/13343482345091696_6824a2a0-5cf7-4f69-a01a-6f8a23d80748.jpg?v=1780215199|https://cdn.shopify.com/s/files/1/0912/9351/6071/files/13343482346778027_cedc0c03-39fa-4909-8f76-b64bdc02c5a5.jpg?v=1780215199|https://cdn.shopify.com/s/files/1/0912/9351/6071/files/13343482348501766_4c105253-6fe1-4677-9fa9-c0b32cbe709d.jpg?v=1780215199|https://cdn.shopify.com/s/files/1/0912/9351/6071/files/13343482350323779_981f85c3-6f79-48ed-a44e-fb9223b2c8a7.jpg?v=1780215199","Hi I want OLYMPE PINK GOLD RING",
"MINI POP H EARRINGS ORANGE",https://cdn.shopify.com/s/files/1/0912/9351/6071/files/screenshot_1666781678_5674e1c9-4ccb-44db-a31d-fce2c8b40d43.png?v=1774234546,jewelry,hermes,"https://cdn.shopify.com/s/files/1/0912/9351/6071/files/screenshot_1666781678_5674e1c9-4ccb-44db-a31d-fce2c8b40d43.png?v=1774234546|https://cdn.shopify.com/s/files/1/0912/9351/6071/files/13291406940241213_073c1340-17d9-446b-9741-bc7bf4ed70f5.jpg?v=1774234546|https://cdn.shopify.com/s/files/1/0912/9351/6071/files/13291406967340384_00ba9645-52ff-490b-aed2-e051c8205a3c.jpg?v=1774234546|https://cdn.shopify.com/s/files/1/0912/9351/6071/files/13291406970379570_ac1e754e-4d70-4f13-bd28-3d3dc16c500b.jpg?v=1774234546|https://cdn.shopify.com/s/files/1/0912/9351/6071/files/13291406972039046_2402bfc0-b477-48ed-87e8-8b7785c2b859.jpg?v=1774234546|https://cdn.shopify.com/s/files/1/0912/9351/6071/files/13291406973493142_3a8f3e4e-128c-4f3d-8813-8e2edfc2e39c.jpg?v=1774234546|https://cdn.shopify.com/s/files/1/0912/9351/6071/files/13291406975138839_00b693c3-f72b-4f02-85e4-0dcd205207ad.jpg?v=1774234546|https://cdn.shopify.com/s/files/1/0912/9351/6071/files/13291406976444723_f0d76044-980f-4fd7-9c4f-1740b3031b88.jpg?v=1774234546","Hi I want MINI POP H EARRINGS ORANGE",
"HM CHAINE D'ANCRE PENDANT NECKLACE STERLING SILVER",https://cdn.shopify.com/s/files/1/0912/9351/6071/files/f034497e647a0847e437d6a2476050d6_4fe84e01-0e3e-4d8b-a9ce-8ad7ca9ec824.jpg?v=1774234687,jewelry,hermes,"https://cdn.shopify.com/s/files/1/0912/9351/6071/files/f034497e647a0847e437d6a2476050d6_4fe84e01-0e3e-4d8b-a9ce-8ad7ca9ec824.jpg?v=1774234687|https://cdn.shopify.com/s/files/1/0912/9351/6071/files/WeChatImage_20230303155603_3dd4be58-ce7d-4dac-bf43-00b3711c126d.jpg?v=1774234687|https://cdn.shopify.com/s/files/1/0912/9351/6071/files/WeChatImage_20230303155620_e43d62bc-cdb7-485a-90c5-28fac3273c84.jpg?v=1774234687|https://cdn.shopify.com/s/files/1/0912/9351/6071/files/WeChatImage_20230303155622_fff57967-f616-40f3-bab3-730f40ed11bc.jpg?v=1774234687|https://cdn.shopify.com/s/files/1/0912/9351/6071/files/WeChatImage_20230303155623_8765ffc0-4686-4427-b8c3-98d4d0bf23ac.jpg?v=1774234687|https://cdn.shopify.com/s/files/1/0912/9351/6071/files/WeChatImage_20230303155625_be59a3eb-83a6-4e40-8749-def9eae86fbc.jpg?v=1774234687|https://cdn.shopify.com/s/files/1/0912/9351/6071/files/WeChatImage_20230303155627_faee6cea-ee37-4557-8838-4800e2fc0e41.jpg?v=1774234687|https://cdn.shopify.com/s/files/1/0912/9351/6071/files/WeChatImage_20230303155629_f42a133f-533d-41f9-b681-1e0c4e48b8e4.jpg?v=1774234687|https://cdn.shopify.com/s/files/1/0912/9351/6071/files/WeChatImage_20230303155631_6c101708-c785-49dd-b6c1-b29c3dd173cc.jpg?v=1774234687|https://cdn.shopify.com/s/files/1/0912/9351/6071/files/WeChatImage_20230303155633_d6c229ab-fa1f-410c-a310-f71bf7a53d63.jpg?v=1774234687","Hi I want HM CHAINE D'ANCRE PENDANT NECKLACE STERLING SILVER",
"H BRACELET GOLD DIAMOND",https://cdn.shopify.com/s/files/1/0912/9351/6071/files/13295959414100631_149186bf-4d6b-4ae0-a8ef-696d4ca60b3f.jpg?v=1774234765,jewelry,hermes,"https://cdn.shopify.com/s/files/1/0912/9351/6071/files/13295959414100631_149186bf-4d6b-4ae0-a8ef-696d4ca60b3f.jpg?v=1774234765|https://cdn.shopify.com/s/files/1/0912/9351/6071/files/13295959422588566_10979098-e0ec-481d-81c1-7ccca7eb2af6.jpg?v=1774234764|https://cdn.shopify.com/s/files/1/0912/9351/6071/files/13295959423490153_9ad84c47-01d4-40fa-8f3b-04a0d5818dbf.jpg?v=1774234764|https://cdn.shopify.com/s/files/1/0912/9351/6071/files/13295959424488481_e3686860-ff58-4dd1-9f92-e951634bc202.jpg?v=1774234764|https://cdn.shopify.com/s/files/1/0912/9351/6071/files/13295959425389071_92e0b96c-c5c2-4393-8bbd-229cf025a679.jpg?v=1774234764|https://cdn.shopify.com/s/files/1/0912/9351/6071/files/13295959426391389_cb04c12e-8271-42f4-a124-00a555fe46f2.jpg?v=1774234765|https://cdn.shopify.com/s/files/1/0912/9351/6071/files/13295959427386726_e97c50d6-3034-43b0-ab40-fce78cf84213.jpg?v=1774234764","Hi I want H BRACELET GOLD DIAMOND",
"H CREAM BRACELET",h,jewelry,hermes,"https://cdn.shopify.com/s/files/1/0912/9351/6071/files/20231128025352.png?v=1774234922","Hi I want H CREAM BRACELET",
"H BRACELET 18MM PINK GOLD",https://cdn.shopify.com/s/files/1/0912/9351/6071/files/clic-clac-h-bracelet--300001FO6O-front-1-300-0-800-800_b_20280196-46ee-4af5-b7b5-cd8946c37f40.jpg?v=1774235022,jewelry,hermes,"https://cdn.shopify.com/s/files/1/0912/9351/6071/files/clic-clac-h-bracelet--300001FO6O-front-1-300-0-800-800_b_20280196-46ee-4af5-b7b5-cd8946c37f40.jpg?v=1774235022|https://cdn.shopify.com/s/files/1/0912/9351/6071/files/13295958230481730_0b6a99fd-f42d-4484-8538-ed1baa25ed26.jpg?v=1774235022|https://cdn.shopify.com/s/files/1/0912/9351/6071/files/13295958258973205_fb3df007-b45d-4d58-919b-d21574ec063f.jpg?v=1774235022|https://cdn.shopify.com/s/files/1/0912/9351/6071/files/13295958268765363_51949a20-b54c-40a2-a635-10c6e3ff47ca.jpg?v=1774235022|https://cdn.shopify.com/s/files/1/0912/9351/6071/files/13295958278388882_85ae4b8f-07a8-44fe-b54a-9b5ca383cb02.jpg?v=1774235022|https://cdn.shopify.com/s/files/1/0912/9351/6071/files/13295958280802394_d17f7013-a2cb-48b6-9a05-ff5ee22d56a2.jpg?v=1774235022","Hi I want H BRACELET 18MM PINK GOLD",
"H COUVERTURES DARK BLUE BRACELET",https://cdn.shopify.com/s/files/1/0912/9351/6071/files/clic-h-couvertures-et-tenues-de-jour-bracelet--700314FB5-front-1-300-0-800-800_b_5630400b-e691-41f6-8a1b-95a080783878.jpg?v=1774235026,jewelry,hermes,"https://cdn.shopify.com/s/files/1/0912/9351/6071/files/clic-h-couvertures-et-tenues-de-jour-bracelet--700314FB5-front-1-300-0-800-800_b_5630400b-e691-41f6-8a1b-95a080783878.jpg?v=1774235026|https://cdn.shopify.com/s/files/1/0912/9351/6071/files/13294336306854237_fc273aab-242b-4fe8-ad54-3be27c894a54.jpg?v=1774235026|https://cdn.shopify.com/s/files/1/0912/9351/6071/files/13294336305157713_4b6288a1-bef6-4ce4-9dae-9f320fd30271.jpg?v=1774235026|https://cdn.shopify.com/s/files/1/0912/9351/6071/files/13294336309754656_2a437916-980c-4feb-abb6-9b7ea6075442.jpg?v=1774235026|https://cdn.shopify.com/s/files/1/0912/9351/6071/files/13294336304366755_7aeacf90-d68c-4302-ab64-ffc785d58ce6.jpg?v=1774235026|https://cdn.shopify.com/s/files/1/0912/9351/6071/files/13294336307679368_f14fb703-a84c-4d4a-b45f-4429d23af758.jpg?v=1774235026|https://cdn.shopify.com/s/files/1/0912/9351/6071/files/13294336305979682_7772e417-1b60-4bd8-af06-3a5fd0f9dc2b.jpg?v=1774235026|https://cdn.shopify.com/s/files/1/0912/9351/6071/files/13294336303570896_59083382-00f5-4b30-a84e-0eb62b7f66b3.jpg?v=1774235026|https://cdn.shopify.com/s/files/1/0912/9351/6071/files/13294336308557281_6bfb1808-3b98-40fa-a81d-d587df18efb6.jpg?v=1774235026|https://cdn.shopify.com/s/files/1/0912/9351/6071/files/13294336281759410_dd3a1df1-a05c-495e-b5a9-9bb0329b6b34.jpg?v=1774235026","Hi I want H COUVERTURES DARK BLUE BRACELET",
"H RED BRACELET",https://cdn.shopify.com/s/files/1/0912/9351/6071/files/13286975361703827_c1193b04-6f18-4698-846d-d14b0e6a414e.jpg?v=1774235052,jewelry,hermes,"https://cdn.shopify.com/s/files/1/0912/9351/6071/files/13286975361703827_c1193b04-6f18-4698-846d-d14b0e6a414e.jpg?v=1774235052|https://cdn.shopify.com/s/files/1/0912/9351/6071/files/13286973579886134_df10ef04-36d3-41c0-844b-6fc46958bbe0.jpg?v=1774235052|https://cdn.shopify.com/s/files/1/0912/9351/6071/files/13286973580787866_3df5a34c-18ef-452a-a710-fd72a05c787f.jpg?v=1774235052","Hi I want H RED BRACELET",
"H PINK BRACELET",https://cdn.shopify.com/s/files/1/0912/9351/6071/files/KH06390_918af370-e715-4339-9cf8-9b4edf09a7f0.jpg?v=1774235055,jewelry,hermes,"https://cdn.shopify.com/s/files/1/0912/9351/6071/files/KH06390_918af370-e715-4339-9cf8-9b4edf09a7f0.jpg?v=1774235055|https://cdn.shopify.com/s/files/1/0912/9351/6071/files/KH06403_4e7694f5-b42a-47c6-85a8-425f7e626728.jpg?v=1774235055|https://cdn.shopify.com/s/files/1/0912/9351/6071/files/KH06254_5a12fbb2-b997-4b55-bc1b-d4640710c6c4.jpg?v=1774235055|https://cdn.shopify.com/s/files/1/0912/9351/6071/files/KH06278_bef073df-a47d-4575-a344-06a8ca41c054.jpg?v=1774235055|https://cdn.shopify.com/s/files/1/0912/9351/6071/files/KH06293_bd766ed6-96cc-446b-bb56-4910a8182aca.jpg?v=1774235055|https://cdn.shopify.com/s/files/1/0912/9351/6071/files/KH06373_3bf58e64-7288-4ff1-b09c-c60ba0e5e595.jpg?v=1774235055","Hi I want H PINK BRACELET",
"DANCRE CHAINE BRACELET",https://cdn.shopify.com/s/files/1/0912/9351/6071/files/13305288319139161_ef1e0d5f-1f57-4fc7-8ffa-f0304d01d2f3.jpg?v=1774235112,jewelry,hermes,"https://cdn.shopify.com/s/files/1/0912/9351/6071/files/13305288319139161_ef1e0d5f-1f57-4fc7-8ffa-f0304d01d2f3.jpg?v=1774235112|https://cdn.shopify.com/s/files/1/0912/9351/6071/files/13305288289219689_765344cf-3346-4430-92e3-eebc9560f15e.jpg?v=1774235112|https://cdn.shopify.com/s/files/1/0912/9351/6071/files/13305288316242714_b420488c-266f-4eff-b193-8f2672cc6549.jpg?v=1774235112|https://cdn.shopify.com/s/files/1/0912/9351/6071/files/13305288317654133_003dcba2-c4ca-42bc-ba51-d93be4d7ee6d.jpg?v=1774235112","Hi I want DANCRE CHAINE BRACELET",
"HM Pig Nose Black Pearl Rose Gold Ring",https://cdn.shopify.com/s/files/1/0912/9351/6071/files/img_f4cb493d_20240913_a1726237483039_1107_jpg_a3e1c3e6-ef8d-4514-8f34-7b5bca40bdc2.jpg?v=1774230369,jewelry,hermes,"https://cdn.shopify.com/s/files/1/0912/9351/6071/files/img_f4cb493d_20240913_a1726237483039_1107_jpg_a3e1c3e6-ef8d-4514-8f34-7b5bca40bdc2.jpg?v=1774230369|https://cdn.shopify.com/s/files/1/0912/9351/6071/files/img_f4cb493d_20240913_a1726237483050_7803_jpg_a696e1af-2692-4ad7-ba7c-69e20be24c13.jpg?v=1774230369|https://cdn.shopify.com/s/files/1/0912/9351/6071/files/img_f4cb493d_20240913_a1726237483054_6253_jpg_8e0e4a10-6265-4d0c-94a8-359f54ed0ffd.jpg?v=1774230369|https://cdn.shopify.com/s/files/1/0912/9351/6071/files/img_f4cb493d_20240913_a1726237482853_7553_jpg_e7fe0c9c-d405-4edd-aaa2-d17e11b00480.jpg?v=1774230369|https://cdn.shopify.com/s/files/1/0912/9351/6071/files/img_f4cb493d_20240913_a1726237484193_6083_jpg_a3afbf08-d275-4a99-ac9c-e1a763f054b0.jpg?v=1774230369|https://cdn.shopify.com/s/files/1/0912/9351/6071/files/img_f4cb493d_20240913_a1726237482777_0484_jpg_4bf66f70-0c6b-452d-8110-72d148476528.jpg?v=1774230369|https://cdn.shopify.com/s/files/1/0912/9351/6071/files/img_f4cb493d_20240913_a1726237483019_6643_jpg_0518c9ee-1158-48e6-902c-f23565013a46.jpg?v=1774230370|https://cdn.shopify.com/s/files/1/0912/9351/6071/files/img_f4cb493d_20240913_a1726237484189_1430_jpg_93db35b4-1b1c-472f-81ea-c777cc00f1ea.jpg?v=1774230370","Hi I want HM Pig Nose Black Pearl Rose Gold Ring",
"Hermes Full Diamond Buckle Belt  Open Bracelet",https://cdn.shopify.com/s/files/1/0912/9351/6071/files/img_3333c5f9_20250818_i1755448232_8817_2_jpg_f0b5c4f5-9be7-453b-8819-2d1060dcdac0.jpg?v=1774230386,jewelry,hermes,"https://cdn.shopify.com/s/files/1/0912/9351/6071/files/img_3333c5f9_20250818_i1755448232_8817_2_jpg_f0b5c4f5-9be7-453b-8819-2d1060dcdac0.jpg?v=1774230386|https://cdn.shopify.com/s/files/1/0912/9351/6071/files/img_3333c5f9_20250818_i1755448232_8072_0_jpg_69a69785-906e-4d74-a834-40c5ecff671c.jpg?v=1774230385|https://cdn.shopify.com/s/files/1/0912/9351/6071/files/img_3333c5f9_20250818_i1755448232_8436_3_jpg_e4c40dc9-88d5-451a-9016-9c4d7539adc6.jpg?v=1774230385|https://cdn.shopify.com/s/files/1/0912/9351/6071/files/img_3333c5f9_20250818_i1755448232_9082_5_jpg_1e7ccbef-d968-4497-87f0-9f73d128f5b4.jpg?v=1774230385|https://cdn.shopify.com/s/files/1/0912/9351/6071/files/img_3333c5f9_20250818_i1755448232_5124_1_jpg_c07e3d9d-a2e1-40fa-83f0-be7642405e5d.jpg?v=1774230385|https://cdn.shopify.com/s/files/1/0912/9351/6071/files/img_3333c5f9_20250818_i1755448232_6977_4_jpg_05898f3e-6b23-4ede-b058-ced8f958f94d.jpg?v=1774230385","Hi I want Hermes Full Diamond Buckle Belt  Open Bracelet",
"Hermes Farandole Pig Nose Full Diamond Bracelet",https://cdn.shopify.com/s/files/1/0912/9351/6071/files/img_f4cb493d_20240418_a1713413010963_1527_jpg_9f785d17-af55-4ba3-8efb-758e5a2e6d93.jpg?v=1774230388,jewelry,hermes,"https://cdn.shopify.com/s/files/1/0912/9351/6071/files/img_f4cb493d_20240418_a1713413010963_1527_jpg_9f785d17-af55-4ba3-8efb-758e5a2e6d93.jpg?v=1774230388|https://cdn.shopify.com/s/files/1/0912/9351/6071/files/img_f4cb493d_20240418_a1713413010593_1612_jpg_201cbdc0-7244-4718-9fff-41077d0617d6.jpg?v=1774230388|https://cdn.shopify.com/s/files/1/0912/9351/6071/files/img_f4cb493d_20240418_a1713413010595_7426_jpg_1e1e08e5-1b2d-4be5-abea-86583f53f3ac.jpg?v=1774230388|https://cdn.shopify.com/s/files/1/0912/9351/6071/files/img_f4cb493d_20240418_a1713413010674_0645_jpg_bbf9c08a-cf5d-4a25-b4fb-acec4b7780ed.jpg?v=1774230388|https://cdn.shopify.com/s/files/1/0912/9351/6071/files/img_f4cb493d_20240418_a1713413010674_5074_jpg_b27a33b0-7899-4e0b-ba41-f62ad8a9f4b1.jpg?v=1774230388|https://cdn.shopify.com/s/files/1/0912/9351/6071/files/img_f4cb493d_20240418_a1713413010675_8873_jpg_9b309267-9360-4649-b158-bc3b7b430396.jpg?v=1774230388|https://cdn.shopify.com/s/files/1/0912/9351/6071/files/img_f4cb493d_20240418_a1713413012412_4304_jpg_3b12eb5a-3dd5-4149-9f66-b92c6fbeb3ce.jpg?v=1774230388|https://cdn.shopify.com/s/files/1/0912/9351/6071/files/img_f4cb493d_20240418_a1713413012551_8245_jpg_64c02173-a3c3-4dc0-96b5-070cfc33d15e.jpg?v=1774230388|https://cdn.shopify.com/s/files/1/0912/9351/6071/files/ScreenShot_2026-03-05_120307_913.png?v=1774230388","Hi I want Hermes Farandole Pig Nose Full Diamond Bracelet",
"RONDE SMALL DIAMOND RING",https://cdn.shopify.com/s/files/1/0912/9351/6071/files/13343485828652856_23b02aa1-1075-4b33-96bb-c728922854ac.jpg?v=1774234537,jewelry,hermes,"https://cdn.shopify.com/s/files/1/0912/9351/6071/files/13343485828652856_23b02aa1-1075-4b33-96bb-c728922854ac.jpg?v=1774234537|https://cdn.shopify.com/s/files/1/0912/9351/6071/files/13343485849729076_c595c7e1-371c-49ea-86d7-f1fd421d4620.jpg?v=1774234538|https://cdn.shopify.com/s/files/1/0912/9351/6071/files/org_9271dacb-d58f-4d95-97b1-5e41af973a7e.jpg?v=1774234537|https://cdn.shopify.com/s/files/1/0912/9351/6071/files/13343485841427110_b4874e99-101b-49de-aced-5942917aed33.jpg?v=1774234538|https://cdn.shopify.com/s/files/1/0912/9351/6071/files/13343485851346572_31949672-b7ab-4eea-9af4-3f919a987389.jpg?v=1774234538|https://cdn.shopify.com/s/files/1/0912/9351/6071/files/13343485842979622_e2a10db0-33b8-4997-ab19-25de87fa6ed8.jpg?v=1774234538|https://cdn.shopify.com/s/files/1/0912/9351/6071/files/13343485844777949_c1566168-d67d-4930-be9a-39661fdab954.jpg?v=1774234538|https://cdn.shopify.com/s/files/1/0912/9351/6071/files/13343485846309565_34bf95ce-7fe6-4746-976a-ede49b1134d0.jpg?v=1774234538|https://cdn.shopify.com/s/files/1/0912/9351/6071/files/13343485848084690_60e13dc1-eb1e-44fd-acf9-fd4dc7c9ce97.jpg?v=1774234538|https://cdn.shopify.com/s/files/1/0912/9351/6071/files/13343485853108145_4c1738ad-c370-4b3e-ae33-3784abf16f3e.jpg?v=1774234538","Hi I want RONDE SMALL DIAMOND RING",
"HM KELLY LIGHT PINK BRACELET",https://cdn.shopify.com/s/files/1/0912/9351/6071/files/Image_20231019105739_412f6189-a373-430e-a497-b5417615df13.jpg?v=1774234956,jewelry,hermes,"https://cdn.shopify.com/s/files/1/0912/9351/6071/files/Image_20231019105739_412f6189-a373-430e-a497-b5417615df13.jpg?v=1774234956|https://cdn.shopify.com/s/files/1/0912/9351/6071/files/13342161087329123_57c4e806-8ac2-4e05-9a9b-7f59cc7a11fb.jpg?v=1774234957|https://cdn.shopify.com/s/files/1/0912/9351/6071/files/13342161089111081_8b7b7a4b-8a73-4523-880b-88f60c70e7c3.jpg?v=1774234957|https://cdn.shopify.com/s/files/1/0912/9351/6071/files/13342161090830694_f7a66ea9-b7d7-4983-80b3-d36ecbe61fa1.jpg?v=1774234957","Hi I want HM KELLY LIGHT PINK BRACELET",
"CHAINE SILVER OPEN BRACELET",https://cdn.shopify.com/s/files/1/0912/9351/6071/files/bracelet-chaine-d-ancre-enchainee-moyen-modele--109509B00-worn-1-0-0-800-800_g.webp?v=1774234964,jewelry,hermes,"https://cdn.shopify.com/s/files/1/0912/9351/6071/files/bracelet-chaine-d-ancre-enchainee-moyen-modele--109509B00-worn-1-0-0-800-800_g.webp?v=1774234964|https://cdn.shopify.com/s/files/1/0912/9351/6071/files/13336217064759080.jpg?v=1774234964|https://cdn.shopify.com/s/files/1/0912/9351/6071/files/13336217083668318.jpg?v=1774234964|https://cdn.shopify.com/s/files/1/0912/9351/6071/files/13336217089284548.jpg?v=1774234964|https://cdn.shopify.com/s/files/1/0912/9351/6071/files/13336217093184690.jpg?v=1774234964|https://cdn.shopify.com/s/files/1/0912/9351/6071/files/13336217094973785.jpg?v=1774234964|https://cdn.shopify.com/s/files/1/0912/9351/6071/files/13336217115033317.jpg?v=1774234964|https://cdn.shopify.com/s/files/1/0912/9351/6071/files/13336217117964061.jpg?v=1774234964|https://cdn.shopify.com/s/files/1/0912/9351/6071/files/13336217119736435.jpg?v=1774234964","Hi I want CHAINE SILVER OPEN BRACELET",
"H BRACELET 20MM GOLD",https://cdn.shopify.com/s/files/1/0912/9351/6071/files/clic-clac-h-bracelet--300001F1Z-worn-1-0-0-1000-1000_b_06cbed07-cbb5-4a90-8632-76eff7f71eb2.jpg?v=1774234995,jewelry,hermes,"https://cdn.shopify.com/s/files/1/0912/9351/6071/files/clic-clac-h-bracelet--300001F1Z-worn-1-0-0-1000-1000_b_06cbed07-cbb5-4a90-8632-76eff7f71eb2.jpg?v=1774234995|https://cdn.shopify.com/s/files/1/0912/9351/6071/files/13311254811204917_520df610-9924-4137-9a77-1b4c3b22226a.jpg?v=1774234995|https://cdn.shopify.com/s/files/1/0912/9351/6071/files/13311254809713327_adb00bb5-0795-4c6b-b3ff-99f47f369db6.jpg?v=1774234995|https://cdn.shopify.com/s/files/1/0912/9351/6071/files/13311254812779852_feccf9d3-c888-4de0-bc86-0aa3d3f2628c.jpg?v=1774234995|https://cdn.shopify.com/s/files/1/0912/9351/6071/files/13311254816002237_22fb0062-ff3f-4ec4-ba02-704afb40ba93.jpg?v=1774234995|https://cdn.shopify.com/s/files/1/0912/9351/6071/files/13311254817651530_6cf682f9-1b94-4d75-bdbd-2499d748eaf3.jpg?v=1774234995|https://cdn.shopify.com/s/files/1/0912/9351/6071/files/13311254819095572_e2ad4736-fdb3-4f84-825a-277c0366c577.jpg?v=1774234995","Hi I want H BRACELET 20MM GOLD",
"H BRACELET 18MM PINK GOLD BROWN",https://cdn.shopify.com/s/files/1/0912/9351/6071/files/13295958214426807_202251b4-59f3-4f1c-a487-7c25f58b08b7.jpg?v=1774235020,jewelry,hermes,"https://cdn.shopify.com/s/files/1/0912/9351/6071/files/13295958214426807_202251b4-59f3-4f1c-a487-7c25f58b08b7.jpg?v=1774235020|https://cdn.shopify.com/s/files/1/0912/9351/6071/files/13295958198014383_dbbe99a9-7b0c-4942-a576-67d84ab789a4.jpg?v=1774235020|https://cdn.shopify.com/s/files/1/0912/9351/6071/files/13295958213519234_88ee5f16-db11-4b7e-9a0b-5d9121e10ed0.jpg?v=1774235020|https://cdn.shopify.com/s/files/1/0912/9351/6071/files/13295958215329392_317ab13d-a96e-4985-8297-bb6413debb6a.jpg?v=1774235020","Hi I want H BRACELET 18MM PINK GOLD BROWN",
"H PINK GOLD BRACELET CREAM CERAMIC",https://cdn.shopify.com/s/files/1/0912/9351/6071/files/KH06395_4724ebee-5567-4e6d-8d93-03d74f09ede4.jpg?v=1774235050,jewelry,hermes,"https://cdn.shopify.com/s/files/1/0912/9351/6071/files/KH06395_4724ebee-5567-4e6d-8d93-03d74f09ede4.jpg?v=1774235050|https://cdn.shopify.com/s/files/1/0912/9351/6071/files/KH06277_42df6892-a8f5-4480-a678-730c59ff6b32.jpg?v=1774235049","Hi I want H PINK GOLD BRACELET CREAM CERAMIC",
"H PINK GOLD BRACELET BLUE CERAMIC",https://cdn.shopify.com/s/files/1/0912/9351/6071/files/KH06393_92b09f22-3ab8-42a6-b937-2515c12b4583.jpg?v=1774235051,jewelry,hermes,"https://cdn.shopify.com/s/files/1/0912/9351/6071/files/KH06393_92b09f22-3ab8-42a6-b937-2515c12b4583.jpg?v=1774235051|https://cdn.shopify.com/s/files/1/0912/9351/6071/files/KH06264_7345ef3c-0f71-4694-8271-a054fa0b8acf.jpg?v=1774235051|https://cdn.shopify.com/s/files/1/0912/9351/6071/files/KH06241_c6e22cac-25f3-4a85-adb0-ea36529824ce.jpg?v=1774235051","Hi I want H PINK GOLD BRACELET BLUE CERAMIC",
"GLENAN DOUBLE TOUR PINK GOLD LEATHER BRACELET",https://cdn.shopify.com/s/files/1/0912/9351/6071/files/13340194253205236_3af66a27-03e8-42c9-8b92-509d4c9cc354.jpg?v=1774235131,jewelry,hermes,"https://cdn.shopify.com/s/files/1/0912/9351/6071/files/13340194253205236_3af66a27-03e8-42c9-8b92-509d4c9cc354.jpg?v=1774235131|https://cdn.shopify.com/s/files/1/0912/9351/6071/files/13340194255262955_fc1605ae-3180-44a8-bc83-0b6c2c30c4ff.jpg?v=1774235132|https://cdn.shopify.com/s/files/1/0912/9351/6071/files/13340194256799818_c0c2e274-50f7-429f-b17f-7f442eba2b73.jpg?v=1774235131|https://cdn.shopify.com/s/files/1/0912/9351/6071/files/13340194258303720_a53883a5-4472-4541-989d-de4064d77ce0.jpg?v=1774235131|https://cdn.shopify.com/s/files/1/0912/9351/6071/files/13340194259790090_561956db-0310-4b90-8b77-c1b2627d2462.jpg?v=1774235131|https://cdn.shopify.com/s/files/1/0912/9351/6071/files/13340194261482585_86af55c1-4610-45c3-8896-9d212f00e30f.jpg?v=1774235132|https://cdn.shopify.com/s/files/1/0912/9351/6071/files/13340194262903496_ddad048d-90c3-4dac-9949-f852ccf0263a.jpg?v=1774235131|https://cdn.shopify.com/s/files/1/0912/9351/6071/files/13340194264391107_29141111-ac90-473f-bdd8-92005bb11857.jpg?v=1774235131","Hi I want GLENAN DOUBLE TOUR PINK GOLD LEATHER BRACELET",
"Hermes Avalon III Pillow Wool Cashmere",https://cdn.shopify.com/s/files/1/0912/9351/6071/files/13414574745934031.jpg?v=1774230109,jewelry,hermes,"https://cdn.shopify.com/s/files/1/0912/9351/6071/files/13414574745934031.jpg?v=1774230109|https://cdn.shopify.com/s/files/1/0912/9351/6071/files/13414574755077104.jpg?v=1774230109|https://cdn.shopify.com/s/files/1/0912/9351/6071/files/13414574749671782.jpg?v=1774230109|https://cdn.shopify.com/s/files/1/0912/9351/6071/files/13414574750700346.jpg?v=1774230109|https://cdn.shopify.com/s/files/1/0912/9351/6071/files/13414574751712393.jpg?v=1774230109|https://cdn.shopify.com/s/files/1/0912/9351/6071/files/13414574752784089.jpg?v=1774230109|https://cdn.shopify.com/s/files/1/0912/9351/6071/files/13414574753917386.jpg?v=1774230109|https://cdn.shopify.com/s/files/1/0912/9351/6071/files/ScreenShot_2026-02-03_120108_693.png?v=1774230109","Hi I want Hermes Avalon III Pillow Wool Cashmere",
"HM Pig Nose Diamond Ring",https://cdn.shopify.com/s/files/1/0912/9351/6071/files/img_3333c5f9_20250905_i1757085884_1652_0_jpg_ce231999-ef12-48db-b189-23d64d663819.jpg?v=1774230372,jewelry,hermes,"https://cdn.shopify.com/s/files/1/0912/9351/6071/files/img_3333c5f9_20250905_i1757085884_1652_0_jpg_ce231999-ef12-48db-b189-23d64d663819.jpg?v=1774230372|https://cdn.shopify.com/s/files/1/0912/9351/6071/files/img_3333c5f9_20250905_i1757085884_480_2_jpg_7fd57728-8689-43e0-a31d-ab1f294cedd3.jpg?v=1774230372|https://cdn.shopify.com/s/files/1/0912/9351/6071/files/img_3333c5f9_20250905_i1757085884_6535_3_jpg_4892e9d9-16ce-4af7-b044-13de240e1ed9.jpg?v=1774230372|https://cdn.shopify.com/s/files/1/0912/9351/6071/files/img_3333c5f9_20250905_i1757085884_8102_1_jpg_53db9aaf-8ed6-4030-ab77-d234e53d5257.jpg?v=1774230372","Hi I want HM Pig Nose Diamond Ring",
"H Pig Nose Full Diamond Bracelet",https://cdn.shopify.com/s/files/1/0912/9351/6071/files/20231108_i1699429746_1754_1_jpg_1258e177-035a-4f9f-96b8-672c10b316bd.jpg?v=1774230392,jewelry,hermes,"https://cdn.shopify.com/s/files/1/0912/9351/6071/files/20231108_i1699429746_1754_1_jpg_1258e177-035a-4f9f-96b8-672c10b316bd.jpg?v=1774230392|https://cdn.shopify.com/s/files/1/0912/9351/6071/files/20231108_i1699429746_2425_2_jpg_b2ac93e9-d22b-4e67-9a2b-3e9d10ae2e45.jpg?v=1774230392|https://cdn.shopify.com/s/files/1/0912/9351/6071/files/20231108_i1699429746_1140_5_jpg_eef1ff0b-0c02-4b73-9025-a33a2bcb1fb2.jpg?v=1774230392|https://cdn.shopify.com/s/files/1/0912/9351/6071/files/20231108_i1699429746_1594_3_jpg_594cbc32-be4b-4db2-87ee-c5d301fdba6a.jpg?v=1774230392","Hi I want H Pig Nose Full Diamond Bracelet",
"H Pig Nose Diamond-Encrusted Bracelet",https://cdn.shopify.com/s/files/1/0912/9351/6071/files/20231101_i1698826945_2974_0_jpg_5257d75d-c351-42c8-9210-6e29136faa28.jpg?v=1774230394,jewelry,hermes,"https://cdn.shopify.com/s/files/1/0912/9351/6071/files/20231101_i1698826945_2974_0_jpg_5257d75d-c351-42c8-9210-6e29136faa28.jpg?v=1774230394|https://cdn.shopify.com/s/files/1/0912/9351/6071/files/20231101_i1698826945_7460_1_jpg_dbafce51-259c-43ab-b00e-1e4cf738104d.jpg?v=1774230394|https://cdn.shopify.com/s/files/1/0912/9351/6071/files/20231101_i1698826945_6531_2_jpg_0db4c279-8224-43a3-b80e-37598e1f5095.jpg?v=1774230393|https://cdn.shopify.com/s/files/1/0912/9351/6071/files/20231101_i1698826945_2178_3_jpg_13ec9ccb-71d0-4a85-a2da-f4f91db9fc68.jpg?v=1774230394","Hi I want H Pig Nose Diamond-Encrusted Bracelet",
"H Pig Nose White Bracelet",https://cdn.shopify.com/s/files/1/0912/9351/6071/files/20230819_i1692431662_6620_0_jpg_df333526-3c73-4a57-ae77-c224b632d8dc.jpg?v=1774230410,jewelry,hermes,"https://cdn.shopify.com/s/files/1/0912/9351/6071/files/20230819_i1692431662_6620_0_jpg_df333526-3c73-4a57-ae77-c224b632d8dc.jpg?v=1774230410|https://cdn.shopify.com/s/files/1/0912/9351/6071/files/20230819_i1692431662_1114_3_jpg_9d6e4148-f7fd-4719-aed5-3120b0468dae.jpg?v=1774230410|https://cdn.shopify.com/s/files/1/0912/9351/6071/files/20230819_i1692431662_6840_1_jpg_2f3e874a-fffd-48a8-b232-45e604c7667c.jpg?v=1774230409|https://cdn.shopify.com/s/files/1/0912/9351/6071/files/20230819_i1692431662_8800_2_jpg_3370ca18-3774-4ea4-a70f-4b83c8fabb17.jpg?v=1774230410","Hi I want H Pig Nose White Bracelet",
"H Pig Nose Burgundy Bracelet",https://cdn.shopify.com/s/files/1/0912/9351/6071/files/20230818_i1692322846_3143_0_jpg_d1f030f6-b8fd-4a32-b982-2c3bf22c06d2.jpg?v=1774230411,jewelry,hermes,"https://cdn.shopify.com/s/files/1/0912/9351/6071/files/20230818_i1692322846_3143_0_jpg_d1f030f6-b8fd-4a32-b982-2c3bf22c06d2.jpg?v=1774230411|https://cdn.shopify.com/s/files/1/0912/9351/6071/files/20230818_i1692322846_2204_2_jpg_172bc6af-1e57-4b82-bdd5-b5790fea6673.jpg?v=1774230411|https://cdn.shopify.com/s/files/1/0912/9351/6071/files/20230818_i1692322846_3691_3_jpg_ef70eb1f-10e0-4c8e-a167-9f544bc46ac3.jpg?v=1774230411|https://cdn.shopify.com/s/files/1/0912/9351/6071/files/20230818_i1692322846_7018_1_jpg_037b5ac4-d109-4ef8-a83d-ac5991be5462.jpg?v=1774230411","Hi I want H Pig Nose Burgundy Bracelet",
"H Pig Nose Camel Brown Bracelet",https://cdn.shopify.com/s/files/1/0912/9351/6071/files/20230818_i1692323008_1593_2.jpg_1_c803d0d9-ddb6-4537-b473-481933d1df02.jpg?v=1774230423,jewelry,hermes,"https://cdn.shopify.com/s/files/1/0912/9351/6071/files/20230818_i1692323008_1593_2.jpg_1_c803d0d9-ddb6-4537-b473-481933d1df02.jpg?v=1774230423|https://cdn.shopify.com/s/files/1/0912/9351/6071/files/20230818_i1692323008_2265_3.jpg_1_1ea0d2d6-60ec-4716-ab59-8c277b69af27.jpg?v=1774230423|https://cdn.shopify.com/s/files/1/0912/9351/6071/files/20230818_i1692323008_3722_0.jpg_1_048db92e-0059-465f-a0d7-52a4eb7c95c8.jpg?v=1774230423|https://cdn.shopify.com/s/files/1/0912/9351/6071/files/20230818_i1692323008_5817_1.jpg_1_2dfbe4b4-0714-40cc-85e0-09dece271e5d.jpg?v=1774230423|https://cdn.shopify.com/s/files/1/0912/9351/6071/files/20230818_i1692323008_1593_2_jpg_c8c4fc54-86e2-4756-8ff1-8e47a5c9151f.jpg?v=1774230423|https://cdn.shopify.com/s/files/1/0912/9351/6071/files/20230818_i1692323008_2265_3_jpg_cfcd32a9-627a-4f34-badb-6d4a37dda3ae.jpg?v=1774230423|https://cdn.shopify.com/s/files/1/0912/9351/6071/files/20230818_i1692323008_3722_0_jpg_47be7af7-10e4-47e2-b74d-af936e2aa3e1.jpg?v=1774230423|https://cdn.shopify.com/s/files/1/0912/9351/6071/files/20230818_i1692323008_5817_1_jpg_175d0bc6-2c2a-47ae-ae9d-0c15a335a3e1.jpg?v=1774230423","Hi I want H Pig Nose Camel Brown Bracelet",
"H Pig Nose Black Bracelet",https://cdn.shopify.com/s/files/1/0912/9351/6071/files/20230818_i1692323025_2423_0_jpg_78a11df3-4b2c-4af3-839e-9ccb63b8016b.jpg?v=1774230424,jewelry,hermes,"https://cdn.shopify.com/s/files/1/0912/9351/6071/files/20230818_i1692323025_2423_0_jpg_78a11df3-4b2c-4af3-839e-9ccb63b8016b.jpg?v=1774230424|https://cdn.shopify.com/s/files/1/0912/9351/6071/files/20230818_i1692323025_4923_2_jpg_354c311f-b67d-4851-a4fb-6d1725cc3124.jpg?v=1774230424|https://cdn.shopify.com/s/files/1/0912/9351/6071/files/20230818_i1692323025_1406_3_jpg_6b656670-3514-4c10-b8c7-2a54786c6d11.jpg?v=1774230424|https://cdn.shopify.com/s/files/1/0912/9351/6071/files/20230818_i1692323025_7183_1_jpg_e6966a8b-7f30-4776-bf77-e22acaa550c5.jpg?v=1774230425","Hi I want H Pig Nose Black Bracelet",
"H Enamel Bangle White Blue Red Bracelet",https://cdn.shopify.com/s/files/1/0912/9351/6071/files/20230626_i1687710866_3918_3_jpg_6ca5e3e1-3dfd-4d62-a116-95f8d7d562c8.jpg?v=1774230427,jewelry,hermes,"https://cdn.shopify.com/s/files/1/0912/9351/6071/files/20230626_i1687710866_3918_3_jpg_6ca5e3e1-3dfd-4d62-a116-95f8d7d562c8.jpg?v=1774230427|https://cdn.shopify.com/s/files/1/0912/9351/6071/files/20230626_i1687710866_4268_2_jpg_bd2c906f-8c27-4ceb-a4d3-979bcb4253b2.jpg?v=1774230427|https://cdn.shopify.com/s/files/1/0912/9351/6071/files/20230626_i1687710866_5398_0_jpg_6f5b4336-3c29-4ecd-90e2-807cce9cef81.jpg?v=1774230427|https://cdn.shopify.com/s/files/1/0912/9351/6071/files/20230626_i1687710866_5966_1_jpg_79e2cf4d-7971-4fbc-965f-8bf392ed1d5b.jpg?v=1774230427","Hi I want H Enamel Bangle White Blue Red Bracelet",
"H Enamel Bangle Light Turquoise Bracelet",https://cdn.shopify.com/s/files/1/0912/9351/6071/files/20230626_i1687710812_9970_3_jpg_9b0faeea-946e-48da-9050-4d1283033453.jpg?v=1774230431,jewelry,hermes,"https://cdn.shopify.com/s/files/1/0912/9351/6071/files/20230626_i1687710812_9970_3_jpg_9b0faeea-946e-48da-9050-4d1283033453.jpg?v=1774230431|https://cdn.shopify.com/s/files/1/0912/9351/6071/files/20230626_i1687710812_285_2_jpg_90b3ff43-042b-4264-9e28-0a317c8a9a38.jpg?v=1774230431|https://cdn.shopify.com/s/files/1/0912/9351/6071/files/20230626_i1687710812_3519_1_jpg_3bcc51a5-fe42-4a11-b4d7-3d7ed6ac207e.jpg?v=1774230431|https://cdn.shopify.com/s/files/1/0912/9351/6071/files/20230626_i1687710812_4569_0_jpg_a3433fc7-6da9-46c0-9fbb-d4a36f143653.jpg?v=1774230431","Hi I want H Enamel Bangle Light Turquoise Bracelet",
"H Enamel Bangle White Bracelet",https://cdn.shopify.com/s/files/1/0912/9351/6071/files/20230626_i1687710768_1690_3_jpg_3fccd677-33cd-445b-8ad2-3856029621a1.jpg?v=1774230432,jewelry,hermes,"https://cdn.shopify.com/s/files/1/0912/9351/6071/files/20230626_i1687710768_1690_3_jpg_3fccd677-33cd-445b-8ad2-3856029621a1.jpg?v=1774230432|https://cdn.shopify.com/s/files/1/0912/9351/6071/files/20230626_i1687710768_5847_1_jpg_6dde48fd-867b-43ea-8deb-e889e512e807.jpg?v=1774230432|https://cdn.shopify.com/s/files/1/0912/9351/6071/files/20230626_i1687710768_9649_0_jpg_bbe24b71-be9a-4ee0-8703-0f92c721ab97.jpg?v=1774230432|https://cdn.shopify.com/s/files/1/0912/9351/6071/files/20230626_i1687710768_9805_2_jpg_7dc23515-9f9f-4cf8-a5f0-0ade7a1cef08.jpg?v=1774230432","Hi I want H Enamel Bangle White Bracelet",
"HM RING DIAMOND BRACELET",https://cdn.shopify.com/s/files/1/0912/9351/6071/files/WeChatImage_20230302151922_7911b8c8-a8c0-4824-819b-a4c27290fe69.jpg?v=1774234510,jewelry,hermes,"https://cdn.shopify.com/s/files/1/0912/9351/6071/files/WeChatImage_20230302151922_7911b8c8-a8c0-4824-819b-a4c27290fe69.jpg?v=1774234510|https://cdn.shopify.com/s/files/1/0912/9351/6071/files/WeChatImage_20230302151934_29e2f561-ec30-4f80-bea8-c38776052dd0.jpg?v=1774234510|https://cdn.shopify.com/s/files/1/0912/9351/6071/files/WeChatImage_20230302151936_9d679681-1911-407e-b250-0ea23cb0ec64.jpg?v=1774234510|https://cdn.shopify.com/s/files/1/0912/9351/6071/files/WeChatImage_20230302151938_44f7893e-7bbd-4172-8884-2f9849a0103e.jpg?v=1774234510|https://cdn.shopify.com/s/files/1/0912/9351/6071/files/WeChatImage_20230302151941_169ee6ce-eb0c-4a25-b444-8a12c6b6002d.jpg?v=1774234510|https://cdn.shopify.com/s/files/1/0912/9351/6071/files/WeChatImage_20230302151943_1ee17754-7dcd-4a6b-a96b-8d8195dd8e2c.jpg?v=1774234510|https://cdn.shopify.com/s/files/1/0912/9351/6071/files/ScreenShot_2026-03-05_152003_201_a8d94ea8-5fb4-4906-97e4-95f75b787a0b.png?v=1774234510","Hi I want HM RING DIAMOND BRACELET",
"RONDE SMALL SILVER DIAMOND RING",https://cdn.shopify.com/s/files/1/0912/9351/6071/files/farandole-ring--221625B00-worn-1-0-0-800-800_g_a1a07ecf-5e9a-402a-8aa3-d8bc883d565f.webp?v=1774234519,jewelry,hermes,"https://cdn.shopify.com/s/files/1/0912/9351/6071/files/farandole-ring--221625B00-worn-1-0-0-800-800_g_a1a07ecf-5e9a-402a-8aa3-d8bc883d565f.webp?v=1774234519|https://cdn.shopify.com/s/files/1/0912/9351/6071/files/13336200135617143_513cf7c7-3431-491d-a138-c6da3617f065.jpg?v=1774234519|https://cdn.shopify.com/s/files/1/0912/9351/6071/files/13336200140852109_37b35cd4-52c1-48bc-a21a-c07a43360215.jpg?v=1774234519|https://cdn.shopify.com/s/files/1/0912/9351/6071/files/13336200137441123_232e24fa-ce2e-4d74-8776-bcdcde63522e.jpg?v=1774234519|https://cdn.shopify.com/s/files/1/0912/9351/6071/files/13336200139320587_cd7d718b-f6f1-4cd9-909c-62ab69ccd09d.jpg?v=1774234519|https://cdn.shopify.com/s/files/1/0912/9351/6071/files/13336200142316696_8e749f44-9ba4-40f5-8667-9e1d95ecc992.jpg?v=1774234519|https://cdn.shopify.com/s/files/1/0912/9351/6071/files/13336200143822767_9fc91eb4-6226-4850-9115-195339b8b647.jpg?v=1774234519|https://cdn.shopify.com/s/files/1/0912/9351/6071/files/13336200145113785_62f780d4-29d2-4cce-b72c-822b6b464cde.jpg?v=1774234519","Hi I want RONDE SMALL SILVER DIAMOND RING",
"CHAINE VERSO BLACK CERAMIC EARRINGS",https://cdn.shopify.com/s/files/1/0912/9351/6071/files/org_e5ca6f45-cbf1-4cd6-9a1e-bed51649d0b1.jpg?v=1774234541,jewelry,hermes,"https://cdn.shopify.com/s/files/1/0912/9351/6071/files/org_e5ca6f45-cbf1-4cd6-9a1e-bed51649d0b1.jpg?v=1774234541|https://cdn.shopify.com/s/files/1/0912/9351/6071/files/13298957095249391_45893c9c-19ba-4c65-97ab-1147a2d12c65.jpg?v=1774234541|https://cdn.shopify.com/s/files/1/0912/9351/6071/files/13298957119121396_e30bdff9-c2a1-4c27-a5ca-945b9e33346e.jpg?v=1774234541|https://cdn.shopify.com/s/files/1/0912/9351/6071/files/13298957132218569_15f7ec16-bce7-4846-b89c-95236e24ba27.jpg?v=1774234542|https://cdn.shopify.com/s/files/1/0912/9351/6071/files/13298957121016737_cbb77dec-31f3-4ac0-a992-ec7adbf991aa.jpg?v=1774234542|https://cdn.shopify.com/s/files/1/0912/9351/6071/files/13298957124418485_93a9acd0-6012-4108-b1a9-0d6030aa856c.jpg?v=1774234541|https://cdn.shopify.com/s/files/1/0912/9351/6071/files/13298957127623899_b6c7e3ab-f517-4ae9-a7fc-8b893d7d8b3a.jpg?v=1774234541|https://cdn.shopify.com/s/files/1/0912/9351/6071/files/13298957129116195_147d00c1-9ea3-4ab1-9214-75ef6f53c1c8.jpg?v=1774234541|https://cdn.shopify.com/s/files/1/0912/9351/6071/files/13298957130631424_7152be68-7c79-4a36-a9c0-760bf1fcaa06.jpg?v=1774234542","Hi I want CHAINE VERSO BLACK CERAMIC EARRINGS",
"MINI POP H SILVER EARRINGS PINK",https://cdn.shopify.com/s/files/1/0912/9351/6071/files/HermesPinkandSilverPopHEarrings-2_1512x_11bce5a6-b72d-4a82-99c5-5558965bddbd.jpg?v=1774234544,jewelry,hermes,"https://cdn.shopify.com/s/files/1/0912/9351/6071/files/HermesPinkandSilverPopHEarrings-2_1512x_11bce5a6-b72d-4a82-99c5-5558965bddbd.jpg?v=1774234544|https://cdn.shopify.com/s/files/1/0912/9351/6071/files/13291406739207219_4377ecba-ff7c-4c39-a013-c7e5a321e728.jpg?v=1774234545|https://cdn.shopify.com/s/files/1/0912/9351/6071/files/13291406768465725_b29bf056-5da6-4f54-a111-2892e57a66f2.jpg?v=1774234544|https://cdn.shopify.com/s/files/1/0912/9351/6071/files/13291406770425153_445c26e8-724f-43fa-871c-180221883c64.jpg?v=1774234544|https://cdn.shopify.com/s/files/1/0912/9351/6071/files/13291406773030346_c96257cc-318a-4dc6-9554-044acd960b5e.jpg?v=1774234545|https://cdn.shopify.com/s/files/1/0912/9351/6071/files/13291406774827238_930eeadb-713c-4d3c-a5bc-104dea484f6c.jpg?v=1774234544","Hi I want MINI POP H SILVER EARRINGS PINK",
"HM CHAINE D'ANCRE TWO-COLOR SILVER-PINK GOLD EARRINGS",https://cdn.shopify.com/s/files/1/0912/9351/6071/files/Image_20230220093840_3b0425c2-2c44-4630-a0b4-cdbb139aab30.jpg?v=1774234560,jewelry,hermes,"https://cdn.shopify.com/s/files/1/0912/9351/6071/files/Image_20230220093840_3b0425c2-2c44-4630-a0b4-cdbb139aab30.jpg?v=1774234560|https://cdn.shopify.com/s/files/1/0912/9351/6071/files/Image_20230220093826_42531658-869c-43cd-bf51-99ad7607ca93.jpg?v=1774234560|https://cdn.shopify.com/s/files/1/0912/9351/6071/files/Image_20230220093854_8e2095dd-57d7-4821-9c58-4e3f917baa2f.jpg?v=1774234560|https://cdn.shopify.com/s/files/1/0912/9351/6071/files/Image_20230220093857_5045df60-14c3-4e1e-b2b5-f20a557bcb7d.jpg?v=1774234560|https://cdn.shopify.com/s/files/1/0912/9351/6071/files/Image_20230220093900_c3ec8f30-09de-4b20-b54c-cb4e80a3f206.jpg?v=1774234560|https://cdn.shopify.com/s/files/1/0912/9351/6071/files/Image_20230220093904_ec75ade6-2afa-4a39-b6e0-dad874dc3748.jpg?v=1774234560|https://cdn.shopify.com/s/files/1/0912/9351/6071/files/Image_20230220093917_6e8ebfd3-51f4-4894-8531-1ec0923674d2.jpg?v=1774234560","Hi I want HM CHAINE D'ANCRE TWO-COLOR SILVER-PINK GOLD EARRINGS",
"O'KELLY GOLD EARRINGS",https://cdn.shopify.com/s/files/1/0912/9351/6071/files/Image_20230220141738_e279ad5f-1dca-42f7-8de2-870affbac84d.jpg?v=1774234570,jewelry,hermes,"https://cdn.shopify.com/s/files/1/0912/9351/6071/files/Image_20230220141738_e279ad5f-1dca-42f7-8de2-870affbac84d.jpg?v=1774234570|https://cdn.shopify.com/s/files/1/0912/9351/6071/files/Image_20230220141801_88652e4a-2c0b-480a-b1ff-8f32e129898d.jpg?v=1774234570|https://cdn.shopify.com/s/files/1/0912/9351/6071/files/Image_20230220141805_551ec78c-31e6-4bcd-8307-57ad3c7b2f82.jpg?v=1774234570","Hi I want O'KELLY GOLD EARRINGS",
"HM FULL DIAMOND PIG NOSE STUD EARRINGS",https://cdn.shopify.com/s/files/1/0912/9351/6071/files/WeChatImage_20230302102041_6b4f86f8-2be1-46a7-b0af-3a4f0daedda9.jpg?v=1774234576,jewelry,hermes,"https://cdn.shopify.com/s/files/1/0912/9351/6071/files/WeChatImage_20230302102041_6b4f86f8-2be1-46a7-b0af-3a4f0daedda9.jpg?v=1774234576|https://cdn.shopify.com/s/files/1/0912/9351/6071/files/WeChatImage_20230302102101_6e96d99f-b790-486c-b0fa-6b16f5e20520.jpg?v=1774234576|https://cdn.shopify.com/s/files/1/0912/9351/6071/files/WeChatImage_20230302102044_2e0b08e5-aca7-4209-a0a4-d777ac563fd6.jpg?v=1774234577|https://cdn.shopify.com/s/files/1/0912/9351/6071/files/WeChatImage_20230302102103_3206199a-1880-4b23-8788-bd5c36ef40c2.jpg?v=1774234576|https://cdn.shopify.com/s/files/1/0912/9351/6071/files/WeChatImage_20230302102106_7b6c4580-f521-41c7-a15d-a39c553da735.jpg?v=1774234576|https://cdn.shopify.com/s/files/1/0912/9351/6071/files/WeChatImage_20230302102046_8c672764-227c-4ee1-a3a3-5e425f22664b.jpg?v=1774234576|https://cdn.shopify.com/s/files/1/0912/9351/6071/files/WeChatImage_20230302102049_476d4b48-7123-41b9-9eb7-745bacea8e74.jpg?v=1774234576|https://cdn.shopify.com/s/files/1/0912/9351/6071/files/WeChatImage_20230302102028_7ee3569e-02b6-4fd2-a449-f225c7a70c97.jpg?v=1774234576","Hi I want HM FULL DIAMOND PIG NOSE STUD EARRINGS",
"CHAINE ANCRE EARRINGS",https://cdn.shopify.com/s/files/1/0912/9351/6071/files/13337695485098841_4f2986e8-3a34-4877-86c3-9152b939468c.jpg?v=1774234592,jewelry,hermes,"https://cdn.shopify.com/s/files/1/0912/9351/6071/files/13337695485098841_4f2986e8-3a34-4877-86c3-9152b939468c.jpg?v=1774234592|https://cdn.shopify.com/s/files/1/0912/9351/6071/files/WeChatScreenshot_20230828182358_c2389684-7b86-4b19-9879-cd8d2fe5d459.png?v=1774234592|https://cdn.shopify.com/s/files/1/0912/9351/6071/files/13337695534037572_947420fe-eb61-4111-97e0-b1bc160a59ad.jpg?v=1774234592|https://cdn.shopify.com/s/files/1/0912/9351/6071/files/13337695537343258_32437468-0426-4b31-bb68-b068796d8714.jpg?v=1774234592|https://cdn.shopify.com/s/files/1/0912/9351/6071/files/13337695538941095_478b3938-603f-4a76-afbc-560b91963583.jpg?v=1774234592|https://cdn.shopify.com/s/files/1/0912/9351/6071/files/13337695540675047_e1054ddb-2a78-4508-a8c4-8fb068494a00.jpg?v=1774234592|https://cdn.shopify.com/s/files/1/0912/9351/6071/files/13337695542234678_8eedda78-7422-4d96-8b4f-4a930993f7cb.jpg?v=1774234592|https://cdn.shopify.com/s/files/1/0912/9351/6071/files/13337695547313731_2cfe7278-5e8e-4acf-b4cc-22ddc41d1cfd.jpg?v=1774234592","Hi I want CHAINE ANCRE EARRINGS",
"POP H SKY BLUE STUD EARRINGS",https://cdn.shopify.com/s/files/1/0912/9351/6071/files/13338726981637053_f9170456-ae29-4139-a094-bde56b82973e.jpg?v=1774234596,jewelry,hermes,"https://cdn.shopify.com/s/files/1/0912/9351/6071/files/13338726981637053_f9170456-ae29-4139-a094-bde56b82973e.jpg?v=1774234596|https://cdn.shopify.com/s/files/1/0912/9351/6071/files/13338726959059992_869c9653-ee5a-4f79-b43b-1f85cb98ab97.jpg?v=1774234595|https://cdn.shopify.com/s/files/1/0912/9351/6071/files/13338726972575918_ff752b02-ce10-49e4-8ce2-999d27bfc7ab.jpg?v=1774234596|https://cdn.shopify.com/s/files/1/0912/9351/6071/files/13338726974428282_bc4ee51b-209b-4470-8bb7-9fc28e23b2b3.jpg?v=1774234611|https://cdn.shopify.com/s/files/1/0912/9351/6071/files/13338726976123966_6771e8ed-6ed1-4659-b629-bdc816abd0fe.jpg?v=1774234595|https://cdn.shopify.com/s/files/1/0912/9351/6071/files/13338726978244374_eca5b692-dc9a-4250-88ad-66ae00a50b7b.jpg?v=1774234595|https://cdn.shopify.com/s/files/1/0912/9351/6071/files/13338726980026039_b13412f7-d05e-440b-ad36-6088091b25b3.jpg?v=1774234595|https://cdn.shopify.com/s/files/1/0912/9351/6071/files/13338726983523130_a415d78d-0f46-478a-8c43-e3a019978c3e.jpg?v=1774234596|https://cdn.shopify.com/s/files/1/0912/9351/6071/files/13338726985579696_363456af-73ca-42fb-9d83-f2cf134a1d14.jpg?v=1774234595","Hi I want POP H SKY BLUE STUD EARRINGS",
"TRINITY EARRINGS",https://cdn.shopify.com/s/files/1/0912/9351/6071/files/13338727541309263_4fdee92f-1c1b-48eb-896a-ec8f35d2fb8f.jpg?v=1767945907,jewelry,hermes,"https://cdn.shopify.com/s/files/1/0912/9351/6071/files/13338727541309263_4fdee92f-1c1b-48eb-896a-ec8f35d2fb8f.jpg?v=1767945907|https://cdn.shopify.com/s/files/1/0912/9351/6071/files/13338727533403760_ad9624a7-5a82-4dc2-bcac-4a3b38df0844.jpg?v=1767945906|https://cdn.shopify.com/s/files/1/0912/9351/6071/files/13338727535304228_60978429-beae-450d-9e56-0b3c88998c1a.jpg?v=1767945907|https://cdn.shopify.com/s/files/1/0912/9351/6071/files/13338727543185816_28c4fc3d-a8af-45b9-b5e4-aa59a9ab4041.jpg?v=1767945907|https://cdn.shopify.com/s/files/1/0912/9351/6071/files/13338727545399809_19f956ab-1793-4f01-b6a1-482b087ce591.jpg?v=1767945906|https://cdn.shopify.com/s/files/1/0912/9351/6071/files/13338727547097372_f73e096a-3bd2-44c1-8b44-9abc3b4a42e2.jpg?v=1767945906|https://cdn.shopify.com/s/files/1/0912/9351/6071/files/13338727549216672_a9c2e492-23bf-4807-b7e5-d5cdf17eb01f.jpg?v=1767945907","Hi I want TRINITY EARRINGS",
"HM PIG NOSE FULL OF DIAMOND EARRINGS",https://cdn.shopify.com/s/files/1/0912/9351/6071/files/wsxc1699920175965_0.jpg?v=1774234600,jewelry,hermes,"https://cdn.shopify.com/s/files/1/0912/9351/6071/files/wsxc1699920175965_0.jpg?v=1774234600|https://cdn.shopify.com/s/files/1/0912/9351/6071/files/wsxc1699920175965_1.jpg?v=1774234600|https://cdn.shopify.com/s/files/1/0912/9351/6071/files/wsxc1699920175965_2.jpg?v=1774234600|https://cdn.shopify.com/s/files/1/0912/9351/6071/files/wsxc1699920175965_3.jpg?v=1774234600","Hi I want HM PIG NOSE FULL OF DIAMOND EARRINGS",
"CONSTANCE PEDANT DIAMOND NECKLACE",https://cdn.shopify.com/s/files/1/0912/9351/6071/files/13286543190694567_1bcd9773-1814-4beb-895b-8d42c5a74ab2.jpg?v=1774234627,jewelry,hermes,"https://cdn.shopify.com/s/files/1/0912/9351/6071/files/13286543190694567_1bcd9773-1814-4beb-895b-8d42c5a74ab2.jpg?v=1774234627|https://cdn.shopify.com/s/files/1/0912/9351/6071/files/13286543167411704_15ce2303-35b2-4ee2-b245-9533a6f805aa.jpg?v=1774234627|https://cdn.shopify.com/s/files/1/0912/9351/6071/files/13286543187696306_2b70627f-d343-41ab-b429-2882dcaa3151.jpg?v=1774234627|https://cdn.shopify.com/s/files/1/0912/9351/6071/files/13286543189794835_ead3459b-1c5b-4979-aa33-e22f72f0d3f7.jpg?v=1774234627|https://cdn.shopify.com/s/files/1/0912/9351/6071/files/13286543191595048_a2c0d90d-49e9-4ad6-8355-fc1410b6c037.jpg?v=1774234627|https://cdn.shopify.com/s/files/1/0912/9351/6071/files/13286543192400663_4906b461-d052-4659-9857-369de9523042.jpg?v=1774234627|https://cdn.shopify.com/s/files/1/0912/9351/6071/files/13286543194600585_71353c14-d2c7-4172-bb62-4d09dd462c09.jpg?v=1774234627","Hi I want CONSTANCE PEDANT DIAMOND NECKLACE",
"POP H PEDANT SILVER NECKLACE",https://cdn.shopify.com/s/files/1/0912/9351/6071/files/colgante-amulettes-constance--121324B00-worn-1-0-0-800-800_b_8d4892d7-77ce-4ed9-8a5c-bdb518a1e81c.jpg?v=1774234634,jewelry,hermes,"https://cdn.shopify.com/s/files/1/0912/9351/6071/files/colgante-amulettes-constance--121324B00-worn-1-0-0-800-800_b_8d4892d7-77ce-4ed9-8a5c-bdb518a1e81c.jpg?v=1774234634|https://cdn.shopify.com/s/files/1/0912/9351/6071/files/13309019976278524_7d1e6a99-3604-4984-8193-d3909dbfa855.jpg?v=1774234635|https://cdn.shopify.com/s/files/1/0912/9351/6071/files/13309020004090208_48400dda-987d-4a31-8c7a-80979580aa00.jpg?v=1774234635|https://cdn.shopify.com/s/files/1/0912/9351/6071/files/13309019996418525_68e496fc-31df-49ea-a642-41b7d24a5492.jpg?v=1774234634|https://cdn.shopify.com/s/files/1/0912/9351/6071/files/13309019999457363_c8d5caee-a844-49d7-b5e1-d9e0ac396513.jpg?v=1774234634|https://cdn.shopify.com/s/files/1/0912/9351/6071/files/13309020001926679_f1e217c1-eb24-4468-bfa9-9d4a01d4d3f1.jpg?v=1774234635|https://cdn.shopify.com/s/files/1/0912/9351/6071/files/13309020006174200_5fae4d9a-8bdc-4f60-b5e0-c37147deaae0.jpg?v=1774234634|https://cdn.shopify.com/s/files/1/0912/9351/6071/files/13309020008249343_f07300d6-462c-46be-8e2a-a3b09e900b59.jpg?v=1774234634|https://cdn.shopify.com/s/files/1/0912/9351/6071/files/13309020012166992_1481b06e-3f0c-417d-9f1f-2ccd78f109fa.jpg?v=1774234635","Hi I want POP H PEDANT SILVER NECKLACE",
"HM BLACK CIRCLE SILVER NECKLACE",https://cdn.shopify.com/s/files/1/0912/9351/6071/files/Image_20230220113205_bfa9fce1-19c8-4724-aa2c-3ecd05bb3a9e.jpg?v=1774234647,jewelry,hermes,"https://cdn.shopify.com/s/files/1/0912/9351/6071/files/Image_20230220113205_bfa9fce1-19c8-4724-aa2c-3ecd05bb3a9e.jpg?v=1774234647|https://cdn.shopify.com/s/files/1/0912/9351/6071/files/Image_20230220113212_4a23aa49-57ad-4bfa-84d8-c5b65a9fc841.jpg?v=1774234647|https://cdn.shopify.com/s/files/1/0912/9351/6071/files/Image_20230220113209_97c2e034-35f6-4c93-b00e-947bfc772e80.jpg?v=1774234647|https://cdn.shopify.com/s/files/1/0912/9351/6071/files/Image_20230220113226_f97e58c7-9160-4157-953c-96ac0e775878.jpg?v=1774234647|https://cdn.shopify.com/s/files/1/0912/9351/6071/files/Image_20230220113221_0eb70192-e314-4af4-8920-20865deded55.jpg?v=1774234647|https://cdn.shopify.com/s/files/1/0912/9351/6071/files/Image_20230220113216_cbb57e94-c887-4f2e-876b-dc348444dfe1.jpg?v=1774234647|https://cdn.shopify.com/s/files/1/0912/9351/6071/files/Image_20230220113202_9f36bad1-1217-4e8d-a585-1de5f3581e75.jpg?v=1774234647|https://cdn.shopify.com/s/files/1/0912/9351/6071/files/Image_20230220113146_1d782781-9436-4ca1-a12a-76787298fbf0.jpg?v=1774234647|https://cdn.shopify.com/s/files/1/0912/9351/6071/files/Image_20230220113158_bc97648a-39c6-458a-ac52-9f620c1892eb.jpg?v=1774234647","Hi I want HM BLACK CIRCLE SILVER NECKLACE",
"KELLY BELT DIAMONDS SILVER AND PINK GOLD NECKLACE",https://cdn.shopify.com/s/files/1/0912/9351/6071/files/Image_20230220115651_5d30e788-af00-4809-9f84-6c53e1b9ccae.jpg?v=1774234656,jewelry,hermes,"https://cdn.shopify.com/s/files/1/0912/9351/6071/files/Image_20230220115651_5d30e788-af00-4809-9f84-6c53e1b9ccae.jpg?v=1774234656|https://cdn.shopify.com/s/files/1/0912/9351/6071/files/Image_20230220115648_3dd637e0-2487-49e4-b9d0-146344d0fa20.jpg?v=1774234656|https://cdn.shopify.com/s/files/1/0912/9351/6071/files/Image_20230220115711_c4a0685b-302e-4ff4-b8af-dc9b2cf7d566.jpg?v=1774234656|https://cdn.shopify.com/s/files/1/0912/9351/6071/files/Image_20230220115701_f869d876-6574-44b7-b70c-f707d0c963a7.jpg?v=1774234656|https://cdn.shopify.com/s/files/1/0912/9351/6071/files/Image_20230220115704_f175d9fb-49d3-49c5-8980-64d963c3096f.jpg?v=1774234656|https://cdn.shopify.com/s/files/1/0912/9351/6071/files/Image_20230220115640_08a53779-9657-40bb-a579-588c6b4e25bd.jpg?v=1774234656","Hi I want KELLY BELT DIAMONDS SILVER AND PINK GOLD NECKLACE",
"HM NECKLACE ARRIVAL GLOSSY PIG NOSE",https://cdn.shopify.com/s/files/1/0912/9351/6071/files/WeChatImage_20230303154332_b67646a7-9c2f-4fe9-bf39-9c47e876b162.jpg?v=1774234683,jewelry,hermes,"https://cdn.shopify.com/s/files/1/0912/9351/6071/files/WeChatImage_20230303154332_b67646a7-9c2f-4fe9-bf39-9c47e876b162.jpg?v=1774234683|https://cdn.shopify.com/s/files/1/0912/9351/6071/files/WeChatImage_20230303154347_2b46f2ec-b486-4da7-b858-8eac77f8c773.jpg?v=1774234683|https://cdn.shopify.com/s/files/1/0912/9351/6071/files/WeChatImage_20230303154350_589a03ac-8182-445b-a692-2e5d2c6e51b3.jpg?v=1774234683|https://cdn.shopify.com/s/files/1/0912/9351/6071/files/WeChatImage_20230303154352_24d5e5c5-8c8d-4c2b-838b-0c61505f0167.jpg?v=1774234683","Hi I want HM NECKLACE ARRIVAL GLOSSY PIG NOSE",
"HM CLIC RED ENAMEL GOLD NECKLACE",https://cdn.shopify.com/s/files/1/0912/9351/6071/files/147992F66_worn_1_9e34906c-3da2-4f79-b729-180a154af30e.jpg?v=1774234691,jewelry,hermes,"https://cdn.shopify.com/s/files/1/0912/9351/6071/files/147992F66_worn_1_9e34906c-3da2-4f79-b729-180a154af30e.jpg?v=1774234691|https://cdn.shopify.com/s/files/1/0912/9351/6071/files/WeChatImage_20230303151033_14567a83-9f8d-4640-93e7-6f124c89175a.jpg?v=1774234691|https://cdn.shopify.com/s/files/1/0912/9351/6071/files/WeChatImage_20230303151048_058429f8-c055-4221-adbf-70ec1304e74c.jpg?v=1774234691|https://cdn.shopify.com/s/files/1/0912/9351/6071/files/WeChatImage_20230303151050_3b0ab839-1430-41a4-88db-154717f93b2e.jpg?v=1774234691|https://cdn.shopify.com/s/files/1/0912/9351/6071/files/WeChatImage_20230303151052_8d380a2d-d41f-45a2-b6f9-923b78d4083b.jpg?v=1774234691|https://cdn.shopify.com/s/files/1/0912/9351/6071/files/WeChatImage_20230303151054_7470caec-39b6-43eb-a0b5-0f0df0c7075f.jpg?v=1774234691|https://cdn.shopify.com/s/files/1/0912/9351/6071/files/WeChatImage_20230303151056_4537393b-5fb3-4863-bccc-b401e99ec111.jpg?v=1774234691|https://cdn.shopify.com/s/files/1/0912/9351/6071/files/WeChatImage_20230303151058_8ba5f08a-921f-4893-834d-24beeb23de09.jpg?v=1774234691|https://cdn.shopify.com/s/files/1/0912/9351/6071/files/WeChatImage_20230303151100_b440ed44-46d0-452c-9932-b46bf8c5e064.jpg?v=1774234691|https://cdn.shopify.com/s/files/1/0912/9351/6071/files/WeChatImage_20230303151103_98dce305-ad92-4497-9450-601b4bd99448.jpg?v=1774234691","Hi I want HM CLIC RED ENAMEL GOLD NECKLACE",
"HM NECKLACE PLATINUM ROSE GOLD DIAMOND",https://cdn.shopify.com/s/files/1/0912/9351/6071/files/WeChatImage_20230303152934_94a7ac17-d964-48c7-a67c-02a57b2457d4.jpg?v=1774234702,jewelry,hermes,"https://cdn.shopify.com/s/files/1/0912/9351/6071/files/WeChatImage_20230303152934_94a7ac17-d964-48c7-a67c-02a57b2457d4.jpg?v=1774234702|https://cdn.shopify.com/s/files/1/0912/9351/6071/files/WeChatImage_20230303152950_012644c3-fa43-4048-ad69-a3a44cdb98a2.jpg?v=1774234702|https://cdn.shopify.com/s/files/1/0912/9351/6071/files/WeChatImage_20230303152952_0da7ac3d-d45c-42c5-b73f-25917bed648d.jpg?v=1774234702|https://cdn.shopify.com/s/files/1/0912/9351/6071/files/WeChatImage_20230303152954_ccd97d4d-0a14-4945-9035-7c805fc4c53b.jpg?v=1774234702|https://cdn.shopify.com/s/files/1/0912/9351/6071/files/WeChatImage_20230303152956_f6f6a2d1-2bde-46de-a821-d9658c6ebac6.jpg?v=1774234702|https://cdn.shopify.com/s/files/1/0912/9351/6071/files/WeChatImage_20230303152958_98906b47-2b93-4322-ba54-d36bf459c5ed.jpg?v=1774234702|https://cdn.shopify.com/s/files/1/0912/9351/6071/files/WeChatImage_20230303153002_a1db2d9c-a6f8-4e8e-8ba7-305928062ad3.jpg?v=1774234702|https://cdn.shopify.com/s/files/1/0912/9351/6071/files/WeChatImage_20230303153004_698fec4f-4c8b-435f-a4af-23e55ec9bd10.jpg?v=1774234703|https://cdn.shopify.com/s/files/1/0912/9351/6071/files/WeChatImage_20230303153007_c3e50e5e-b549-4346-a880-be77a4f203cb.jpg?v=1774234702","Hi I want HM NECKLACE PLATINUM ROSE GOLD DIAMOND",
"CHAINE HM DIAMOND PIG NOSE NECKLACE",https://cdn.shopify.com/s/files/1/0912/9351/6071/files/wsxc1699919029861_3_6829dba5-0ede-4aad-8980-56798fa9846a.jpg?v=1774234742,jewelry,hermes,"https://cdn.shopify.com/s/files/1/0912/9351/6071/files/wsxc1699919029861_3_6829dba5-0ede-4aad-8980-56798fa9846a.jpg?v=1774234742|https://cdn.shopify.com/s/files/1/0912/9351/6071/files/wsxc1699919029861_0_d5b6e07c-7c1b-42f5-ae09-4dfe60bb39d3.jpg?v=1774234742|https://cdn.shopify.com/s/files/1/0912/9351/6071/files/wsxc1699919029861_4_85f1c5d4-ea89-411a-b538-047247c6842d.jpg?v=1774234742|https://cdn.shopify.com/s/files/1/0912/9351/6071/files/wsxc1699919029861_5_1b93d708-9588-4861-b1df-dd68003633af.jpg?v=1774234742|https://cdn.shopify.com/s/files/1/0912/9351/6071/files/wsxc1699919029861_7_6c82a697-86b4-40ed-8515-1c499bec4055.jpg?v=1774234742|https://cdn.shopify.com/s/files/1/0912/9351/6071/files/wsxc1699919029861_8_8f304e7d-823e-4cf0-85a2-d49b97f926e3.jpg?v=1774234742","Hi I want CHAINE HM DIAMOND PIG NOSE NECKLACE",
"CHAINE BRACELET DIAMOND",https://cdn.shopify.com/s/files/1/0912/9351/6071/files/13292093668216894_c5dec6cc-58a2-4a78-8ac4-2f4cc88be108.jpg?v=1774234759,jewelry,hermes,"https://cdn.shopify.com/s/files/1/0912/9351/6071/files/13292093668216894_c5dec6cc-58a2-4a78-8ac4-2f4cc88be108.jpg?v=1774234759|https://cdn.shopify.com/s/files/1/0912/9351/6071/files/13292093688815152_b225a19b-8cf1-43da-a150-8faf053e8a93.jpg?v=1774234759|https://cdn.shopify.com/s/files/1/0912/9351/6071/files/13292093690014489_56e05bbe-5312-4c06-a854-cac38bfae022.jpg?v=1774234760|https://cdn.shopify.com/s/files/1/0912/9351/6071/files/13292093691015917_0d7f0cee-5ece-4861-84cd-a309e127a90e.jpg?v=1774234759|https://cdn.shopify.com/s/files/1/0912/9351/6071/files/13292093691922986_924524d0-f2ae-4889-bcba-5a3c91181d36.jpg?v=1774234759|https://cdn.shopify.com/s/files/1/0912/9351/6071/files/13292093693116442_1ed80a32-7937-4178-a2cf-19f0242a1e43.jpg?v=1774234759|https://cdn.shopify.com/s/files/1/0912/9351/6071/files/ScreenShot_2026-03-05_135635_718.png?v=1774234759","Hi I want CHAINE BRACELET DIAMOND",
"MINI POP H NECKLACE",https://cdn.shopify.com/s/files/1/0912/9351/6071/files/13339586334362315_aace84a8-f162-479a-a28a-f75993f3ed04.jpg?v=1774234780,jewelry,hermes,"https://cdn.shopify.com/s/files/1/0912/9351/6071/files/13339586334362315_aace84a8-f162-479a-a28a-f75993f3ed04.jpg?v=1774234780|https://cdn.shopify.com/s/files/1/0912/9351/6071/files/13339586326750434_6e237e6a-6374-414c-bd94-1b21f0b04677.jpg?v=1774234780|https://cdn.shopify.com/s/files/1/0912/9351/6071/files/13339586328566269.jpg?v=1774234780|https://cdn.shopify.com/s/files/1/0912/9351/6071/files/13339586330471513.jpg?v=1774234780|https://cdn.shopify.com/s/files/1/0912/9351/6071/files/13339586332450201.jpg?v=1774234780|https://cdn.shopify.com/s/files/1/0912/9351/6071/files/13339586336431956_f079fb4c-727a-45b6-956f-f32e92b3f269.jpg?v=1774234780|https://cdn.shopify.com/s/files/1/0912/9351/6071/files/13339586338148510.jpg?v=1774234780|https://cdn.shopify.com/s/files/1/0912/9351/6071/files/13339586340062667_3f8f654c-1ef5-4eb9-b30f-cb08b1ffa78f.jpg?v=1774234780","Hi I want MINI POP H NECKLACE",
"H LOCK ORANGE GOLD BRACELET 12MM",https://cdn.shopify.com/s/files/1/0912/9351/6071/files/BLC9JGPS_6d562c7c-132b-421d-be9c-e58f8f7228c0.jpg?v=1774234792,jewelry,hermes,"https://cdn.shopify.com/s/files/1/0912/9351/6071/files/BLC9JGPS_6d562c7c-132b-421d-be9c-e58f8f7228c0.jpg?v=1774234792|https://cdn.shopify.com/s/files/1/0912/9351/6071/files/13295958686214427_6df62632-2cbc-4d88-b1f7-6eb1afcdecf5.jpg?v=1774234793|https://cdn.shopify.com/s/files/1/0912/9351/6071/files/13295958696905200_c26de6f5-3efb-4c3c-b0b9-001556ed4f33.jpg?v=1774234793|https://cdn.shopify.com/s/files/1/0912/9351/6071/files/13295958697818174_346a7b0c-eba4-471d-88c5-28fdbd1a1427.jpg?v=1774234793|https://cdn.shopify.com/s/files/1/0912/9351/6071/files/13295958698798552_d4acd7a5-29b7-4073-8115-b8264e6ab7b0.jpg?v=1774234793","Hi I want H LOCK ORANGE GOLD BRACELET 12MM",
"H BRACELET TURQUOISE 12MM",https://cdn.shopify.com/s/files/1/0912/9351/6071/files/org_1_d793fa73-591a-489c-ac6e-bf99ffbc62eb.jpg?v=1774234806,jewelry,hermes,"https://cdn.shopify.com/s/files/1/0912/9351/6071/files/org_1_d793fa73-591a-489c-ac6e-bf99ffbc62eb.jpg?v=1774234806|https://cdn.shopify.com/s/files/1/0912/9351/6071/files/13295619616712547_9b3bfe5f-1897-4df3-a1ab-b2f5a14f6836.jpg?v=1774234806|https://cdn.shopify.com/s/files/1/0912/9351/6071/files/13286973579886134_79628ce5-64b6-403b-8cbc-9fcf4ecd7d58.jpg?v=1774234806|https://cdn.shopify.com/s/files/1/0912/9351/6071/files/13286973580787866_93a393e0-de20-400d-ad63-8ee7535f8ece.jpg?v=1774234806","Hi I want H BRACELET TURQUOISE 12MM",
"H RING LOCK BRACELET 12MM PINK",https://cdn.shopify.com/s/files/1/0912/9351/6071/files/13295545695954451_a8a4ca77-b9b3-465a-a6fd-ceb02d4b45ad.jpg?v=1774234812,jewelry,hermes,"https://cdn.shopify.com/s/files/1/0912/9351/6071/files/13295545695954451_a8a4ca77-b9b3-465a-a6fd-ceb02d4b45ad.jpg?v=1774234812|https://cdn.shopify.com/s/files/1/0912/9351/6071/files/13295545686163174_750ed1b9-22c1-4a43-a3ed-2e744ae00a72.jpg?v=1774234810|https://cdn.shopify.com/s/files/1/0912/9351/6071/files/13295545694958695_437d0bab-6780-4988-905d-9d855c6f3a5a.jpg?v=1774234810|https://cdn.shopify.com/s/files/1/0912/9351/6071/files/13295545696957810_0e91e469-a7c2-46e5-8e87-399d5e1367fe.jpg?v=1774234810","Hi I want H RING LOCK BRACELET 12MM PINK",
"H RING LOCK BRACELET 12MM LIGHT PINK",https://cdn.shopify.com/s/files/1/0912/9351/6071/files/13295545668612759_808abf8e-886f-49fc-918d-915b2d2d7d31.jpg?v=1774234811,jewelry,hermes,"https://cdn.shopify.com/s/files/1/0912/9351/6071/files/13295545668612759_808abf8e-886f-49fc-918d-915b2d2d7d31.jpg?v=1774234811|https://cdn.shopify.com/s/files/1/0912/9351/6071/files/bracelet-clic-anneau--708000F05-front-1-300-0-800-800_b_2b05c7bb-8957-4919-b448-e59701f3b66a.jpg?v=1774234811|https://cdn.shopify.com/s/files/1/0912/9351/6071/files/KH06268_469e598d-8121-4d72-b523-4cb7964ce46f.jpg?v=1774234811|https://cdn.shopify.com/s/files/1/0912/9351/6071/files/13295545656205324_af79ef43-cb85-440e-9df7-f4ed79bff73c.jpg?v=1774234811","Hi I want H RING LOCK BRACELET 12MM LIGHT PINK",
"H RING LOCK BRACELET 12MM GREY",https://cdn.shopify.com/s/files/1/0912/9351/6071/files/13295545561374338_218cfde8-4872-4682-ab9a-dde638ec475e.jpg?v=1774234816,jewelry,hermes,"https://cdn.shopify.com/s/files/1/0912/9351/6071/files/13295545561374338_218cfde8-4872-4682-ab9a-dde638ec475e.jpg?v=1774234816|https://cdn.shopify.com/s/files/1/0912/9351/6071/files/hermes-ose-grold-plated-clic-anneau-taupe-enamel-jewelry-1-0-650-650_58c7bc02-e2e9-4e0a-be56-4c4cbc3d1e06.jpg?v=1774234816|https://cdn.shopify.com/s/files/1/0912/9351/6071/files/13295545576485304_a1f3e559-536b-4a84-ba1c-4f0c2bf58429.jpg?v=1774234816|https://cdn.shopify.com/s/files/1/0912/9351/6071/files/13295545570975521_615bffa6-ac82-4064-972f-87b87229178e.jpg?v=1774234816|https://cdn.shopify.com/s/files/1/0912/9351/6071/files/13295545571975247_e73dee92-b248-4056-9d62-c14203b8e3ff.jpg?v=1774234816|https://cdn.shopify.com/s/files/1/0912/9351/6071/files/13295545572875725_472c62c7-9906-4b83-b39d-d444abe2861f.jpg?v=1774234816|https://cdn.shopify.com/s/files/1/0912/9351/6071/files/13295545573775609_98872ec0-268a-4068-98ed-60e4a7a3fa7c.jpg?v=1774234816|https://cdn.shopify.com/s/files/1/0912/9351/6071/files/13295545574673586_f79e88b2-236e-45de-9386-cf47622e72fd.jpg?v=1774234816|https://cdn.shopify.com/s/files/1/0912/9351/6071/files/13295545575575177_eb7cd7e3-f270-41df-aa52-44e5bd638d45.jpg?v=1774234816","Hi I want H RING LOCK BRACELET 12MM GREY",
"CLASSIC HM CLIC BLACK 8MM ENAMEL BRACELET",https://cdn.shopify.com/s/files/1/0912/9351/6071/files/WeChatImage_20230302161904_f7e63488-65be-4170-83b4-23d224ea9c0c.jpg?v=1774234879,jewelry,hermes,"https://cdn.shopify.com/s/files/1/0912/9351/6071/files/WeChatImage_20230302161904_f7e63488-65be-4170-83b4-23d224ea9c0c.jpg?v=1774234879|https://cdn.shopify.com/s/files/1/0912/9351/6071/files/WeChatImage_20230302161906_a613f7d9-e5f5-4385-ba36-cd9f84800e39.jpg?v=1774234878|https://cdn.shopify.com/s/files/1/0912/9351/6071/files/WeChatImage_20230302161910_adff53eb-5f00-4247-a9cd-b9c43f6acdc8.jpg?v=1774234879|https://cdn.shopify.com/s/files/1/0912/9351/6071/files/WeChatImage_20230302161913_4533791c-0dc4-4e65-8f56-dee85335028d.jpg?v=1774234879|https://cdn.shopify.com/s/files/1/0912/9351/6071/files/WeChatImage_20230302161915_ac4b8fb7-de85-4ee7-b468-6716912bbea3.jpg?v=1774234879|https://cdn.shopify.com/s/files/1/0912/9351/6071/files/WeChatImage_20230302161918_08dadd6d-d1c9-49ce-92f9-c94b9cae6aef.jpg?v=1774234879|https://cdn.shopify.com/s/files/1/0912/9351/6071/files/WeChatImage_20230302161922_845c054b-46a7-48ee-af4c-d2b9838052a1.jpg?v=1774234879|https://cdn.shopify.com/s/files/1/0912/9351/6071/files/WeChatImage_20230302161926_35118a22-064f-468e-9525-367fc4d62462.jpg?v=1774234878|https://cdn.shopify.com/s/files/1/0912/9351/6071/files/WeChatImage_20230302161853_c0695073-a7a4-4464-88c4-cb0e4c9012d5.jpg?v=1774234879","Hi I want CLASSIC HM CLIC BLACK 8MM ENAMEL BRACELET",
"CHAINE VERSO DIAMOND BRACELET",https://cdn.shopify.com/s/files/1/0912/9351/6071/files/chaine-d-ancre-verso-bracelet--220454B00-worn-3-0-0-800-800_b_450c39ef-fd5e-4be2-b1f0-a4bdf02e7a05.jpg?v=1774234882,jewelry,hermes,"https://cdn.shopify.com/s/files/1/0912/9351/6071/files/chaine-d-ancre-verso-bracelet--220454B00-worn-3-0-0-800-800_b_450c39ef-fd5e-4be2-b1f0-a4bdf02e7a05.jpg?v=1774234882|https://cdn.shopify.com/s/files/1/0912/9351/6071/files/13299258409057009_1b4836e7-c23b-4544-a9ae-dc8eef82cb3b.jpg?v=1774234883|https://cdn.shopify.com/s/files/1/0912/9351/6071/files/WeChatImage_20220609213058_f08658cb-8b52-4622-93e7-a1b1a2a2d4a8.jpg?v=1774234883|https://cdn.shopify.com/s/files/1/0912/9351/6071/files/13299258412459070_458e2f5a-170d-4d60-bada-4c3696ac1f03.jpg?v=1774234883|https://cdn.shopify.com/s/files/1/0912/9351/6071/files/13299258377652304_31f6b984-ffd7-450d-968f-38cf4abe703b.jpg?v=1774234883|https://cdn.shopify.com/s/files/1/0912/9351/6071/files/13299258405547179_4139f268-b248-480c-ad71-a2d137b8d6b3.jpg?v=1774234885|https://cdn.shopify.com/s/files/1/0912/9351/6071/files/13299258406849790_782f37c8-ed44-4dab-aa23-5b3a195f67a3.jpg?v=1774234883|https://cdn.shopify.com/s/files/1/0912/9351/6071/files/13299258408055287_d45b2b4f-d884-43df-a7e1-2e7ab2015bf8.jpg?v=1774234883|https://cdn.shopify.com/s/files/1/0912/9351/6071/files/13299258410359526_25ea491a-ce04-43e2-8642-e5314ae59134.jpg?v=1774234883|https://cdn.shopify.com/s/files/1/0912/9351/6071/files/13299258411347950_0d34e5bd-1c97-48d4-82e4-30951dd3a042.jpg?v=1774234882|https://cdn.shopify.com/s/files/1/0912/9351/6071/files/13299258413657940_39a6711b-f3fa-4478-aaaf-fde32d695c53.jpg?v=1774234883","Hi I want CHAINE VERSO DIAMOND BRACELET",
"TOULIS DOUBLE TOUR SILVER BRACELET",https://cdn.shopify.com/s/files/1/0912/9351/6071/files/13338545784864739_6fcaab99-d198-443c-89ce-2e4aac460c95.jpg?v=1774234905,jewelry,hermes,"https://cdn.shopify.com/s/files/1/0912/9351/6071/files/13338545784864739_6fcaab99-d198-443c-89ce-2e4aac460c95.jpg?v=1774234905|https://cdn.shopify.com/s/files/1/0912/9351/6071/files/13338545768473298_919787e5-3ce1-472d-82cd-8d750cc0a0d8.jpg?v=1774234905|https://cdn.shopify.com/s/files/1/0912/9351/6071/files/13338545783115567_08a8e262-268a-45ae-bd04-2d948513071b.jpg?v=1774234905|https://cdn.shopify.com/s/files/1/0912/9351/6071/files/13338545786580153_9e57417f-a863-45c4-951c-8b060e2cea15.jpg?v=1774234905|https://cdn.shopify.com/s/files/1/0912/9351/6071/files/13338545788358871_5c28b89e-b9c7-450e-8442-003a839fcd87.jpg?v=1774234905|https://cdn.shopify.com/s/files/1/0912/9351/6071/files/13338545790275322_e91715fe-12d1-45eb-b7a4-9ea96adefc17.jpg?v=1774234905|https://cdn.shopify.com/s/files/1/0912/9351/6071/files/13338545792165608_13e9a743-ea6a-4d90-96cb-74553957bb12.jpg?v=1774234905|https://cdn.shopify.com/s/files/1/0912/9351/6071/files/13338545794060530_476e6f68-628d-4eff-a8d5-81a678e7a982.jpg?v=1774234905|https://cdn.shopify.com/s/files/1/0912/9351/6071/files/13338545796040086_cd061a0e-65cd-41e0-b6d3-d74dc37ef6b1.jpg?v=1774234905","Hi I want TOULIS DOUBLE TOUR SILVER BRACELET",
"HM KELLY RED BRACELET",https://cdn.shopify.com/s/files/1/0912/9351/6071/files/Image_20231019105341_839bbbac-13ea-49e1-bc85-208e38a48bd7.jpg?v=1774234936,jewelry,hermes,"https://cdn.shopify.com/s/files/1/0912/9351/6071/files/Image_20231019105341_839bbbac-13ea-49e1-bc85-208e38a48bd7.jpg?v=1774234936|https://cdn.shopify.com/s/files/1/0912/9351/6071/files/13342160938648276_8d764da4-300c-4cad-a1d1-2405524b68be.jpg?v=1774234936|https://cdn.shopify.com/s/files/1/0912/9351/6071/files/13342160946583252_3f7e7ec2-8fa5-4913-8bf4-6b7e24d92a73.jpg?v=1774234936|https://cdn.shopify.com/s/files/1/0912/9351/6071/files/13342160948150601.jpg?v=1774234936","Hi I want HM KELLY RED BRACELET",
"HM KELLY WHITE BRACELET",https://cdn.shopify.com/s/files/1/0912/9351/6071/files/13342161192179728_bb96755e-b747-4722-b81f-28e60f974681.jpg?v=1774234959,jewelry,hermes,"https://cdn.shopify.com/s/files/1/0912/9351/6071/files/13342161192179728_bb96755e-b747-4722-b81f-28e60f974681.jpg?v=1774234959|https://cdn.shopify.com/s/files/1/0912/9351/6071/files/13342161137480071_e06bcfa2-a087-4bac-8fec-ef209843f976.jpg?v=1774234959|https://cdn.shopify.com/s/files/1/0912/9351/6071/files/13342161147245830_dba27935-40c2-4cc9-ba8a-3de6d80354ed.jpg?v=1774234959|https://cdn.shopify.com/s/files/1/0912/9351/6071/files/13342161148835719_85c1395a-9a47-44ea-a93a-b7615333e368.jpg?v=1774234959","Hi I want HM KELLY WHITE BRACELET",
"FINESSE PINK GOLD DIAMOND BRACELET",https://cdn.shopify.com/s/files/1/0912/9351/6071/files/finesse-bracelet--219411B00-worn-1-0-0-1600-1600-q99_g.webp?v=1774234982,jewelry,hermes,"https://cdn.shopify.com/s/files/1/0912/9351/6071/files/finesse-bracelet--219411B00-worn-1-0-0-1600-1600-q99_g.webp?v=1774234982|https://cdn.shopify.com/s/files/1/0912/9351/6071/files/13343980016879896.jpg?v=1774234982|https://cdn.shopify.com/s/files/1/0912/9351/6071/files/13343979993146942.jpg?v=1774234982|https://cdn.shopify.com/s/files/1/0912/9351/6071/files/13343980014838526.jpg?v=1774234982|https://cdn.shopify.com/s/files/1/0912/9351/6071/files/13343980018432936.jpg?v=1774234982|https://cdn.shopify.com/s/files/1/0912/9351/6071/files/13343980020132238.jpg?v=1774234982|https://cdn.shopify.com/s/files/1/0912/9351/6071/files/13343980021730810.jpg?v=1774234982|https://cdn.shopify.com/s/files/1/0912/9351/6071/files/13343980023515437.jpg?v=1774234983|https://cdn.shopify.com/s/files/1/0912/9351/6071/files/13343980026145096.jpg?v=1774234982|https://cdn.shopify.com/s/files/1/0912/9351/6071/files/finesse-bracelet--219411B00-worn-2-0-0-1600-1600-q99_g.webp?v=1774234982|https://cdn.shopify.com/s/files/1/0912/9351/6071/files/finesse-bracelet--219411B00-worn-3-0-0-1600-1600-q99_g.webp?v=1774234982","Hi I want FINESSE PINK GOLD DIAMOND BRACELET",
"H BRACELET 20MM WHITE PINK GOLD",https://cdn.shopify.com/s/files/1/0912/9351/6071/files/clic-clac-h-bracelet--300001FO31-worn-1-0-0-800-800_b_2becfca1-d3b2-4eef-b7af-5326d0d02cb5.jpg?v=1774234984,jewelry,hermes,"https://cdn.shopify.com/s/files/1/0912/9351/6071/files/clic-clac-h-bracelet--300001FO31-worn-1-0-0-800-800_b_2becfca1-d3b2-4eef-b7af-5326d0d02cb5.jpg?v=1774234984|https://cdn.shopify.com/s/files/1/0912/9351/6071/files/13311255065348403_c728d5c4-75cf-4e09-b510-8fc85bdea389.jpg?v=1774234985|https://cdn.shopify.com/s/files/1/0912/9351/6071/files/13311255078084638_6fffa034-b1b7-422a-a8aa-852e0ad97eaa.jpg?v=1774234985|https://cdn.shopify.com/s/files/1/0912/9351/6071/files/13311255079676690_a0a242fd-9ead-472f-834a-c5da52634c13.jpg?v=1774234985|https://cdn.shopify.com/s/files/1/0912/9351/6071/files/13311255081107984_f697d898-5f42-4374-a84d-8ed7029d6052.jpg?v=1774234984","Hi I want H BRACELET 20MM WHITE PINK GOLD",
"H BRACELET 12MM BROWN",https://cdn.shopify.com/s/files/1/0912/9351/6071/files/13311255664346122_84022d84-bf4f-4185-951b-a12cb6905dbc.jpg?v=1774234991,jewelry,hermes,"https://cdn.shopify.com/s/files/1/0912/9351/6071/files/13311255664346122_84022d84-bf4f-4185-951b-a12cb6905dbc.jpg?v=1774234991|https://cdn.shopify.com/s/files/1/0912/9351/6071/files/13311255686008659_84dcc555-4e62-4549-b5ad-8df62e0d9c62.jpg?v=1774234991|https://cdn.shopify.com/s/files/1/0912/9351/6071/files/13311255690845419_59dfc206-7ce4-4611-8ca6-908eda49b5d4.jpg?v=1774234991|https://cdn.shopify.com/s/files/1/0912/9351/6071/files/13311255693251728_44f60c9d-db70-4214-8d75-38cb08d36157.jpg?v=1774234991","Hi I want H BRACELET 12MM BROWN",
"H BRACELET BEIGE MULTICOLOR",https://cdn.shopify.com/s/files/1/0912/9351/6071/files/KH06394_03618e67-2275-4b69-83f8-a0ef7142f8e0.jpg?v=1774235000,jewelry,hermes,"https://cdn.shopify.com/s/files/1/0912/9351/6071/files/KH06394_03618e67-2275-4b69-83f8-a0ef7142f8e0.jpg?v=1774235000|https://cdn.shopify.com/s/files/1/0912/9351/6071/files/KH06383_b25c4909-ad6a-448b-a3eb-fce40cdfcfa0.jpg?v=1774235000|https://cdn.shopify.com/s/files/1/0912/9351/6071/files/KH06265_771bc580-d18d-44c7-9c00-9ab53fbbc623.jpg?v=1774235000|https://cdn.shopify.com/s/files/1/0912/9351/6071/files/KH06276_2ccdd3b8-7065-4b40-8a78-1b85e8c089a8.jpg?v=1774235000|https://cdn.shopify.com/s/files/1/0912/9351/6071/files/KH06290_0b655115-14fe-4c5c-8f28-8aed77b5497f.jpg?v=1774235000|https://cdn.shopify.com/s/files/1/0912/9351/6071/files/KH06405_2257282a-e687-4e2a-ac79-3624c92c86be.jpg?v=1774235000","Hi I want H BRACELET BEIGE MULTICOLOR",
"H BRACELET 18MM PINK GOLD CLOUD BLUE",https://cdn.shopify.com/s/files/1/0912/9351/6071/files/hermes-h-bracelet-wide-blue06_1024x1024_101e92b8-2bb7-4103-9a75-b8d04d6490a0.jpg?v=1774235012,jewelry,hermes,"https://cdn.shopify.com/s/files/1/0912/9351/6071/files/hermes-h-bracelet-wide-blue06_1024x1024_101e92b8-2bb7-4103-9a75-b8d04d6490a0.jpg?v=1774235012|https://cdn.shopify.com/s/files/1/0912/9351/6071/files/13295958155505783_e8747ead-e147-4662-9574-ce9dc4fbfe43.jpg?v=1774235012|https://cdn.shopify.com/s/files/1/0912/9351/6071/files/13295958181200097_38459a5f-1943-407b-ac6e-ef388350c75f.jpg?v=1774235013|https://cdn.shopify.com/s/files/1/0912/9351/6071/files/13295958182111657_bb15d7a1-a1da-4388-a8e4-5f63485597cb.jpg?v=1774235012|https://cdn.shopify.com/s/files/1/0912/9351/6071/files/13295958183204731_8ffe6709-5eb2-42e8-a346-f3e226c62365.jpg?v=1774235012","Hi I want H BRACELET 18MM PINK GOLD CLOUD BLUE",
"H BRACELET BLUE MULTICOLOR",https://cdn.shopify.com/s/files/1/0912/9351/6071/files/KH06399_b52451ca-769e-4d92-90a2-cdd317020d03.jpg?v=1774235030,jewelry,hermes,"https://cdn.shopify.com/s/files/1/0912/9351/6071/files/KH06399_b52451ca-769e-4d92-90a2-cdd317020d03.jpg?v=1774235030|https://cdn.shopify.com/s/files/1/0912/9351/6071/files/KH06378_1765aaa7-747c-49ef-a054-e4f99ad0a769.jpg?v=1774235028|https://cdn.shopify.com/s/files/1/0912/9351/6071/files/KH06279_71f8aa13-8b98-4a1d-9a1c-8563dfb87da1.jpg?v=1774235028|https://cdn.shopify.com/s/files/1/0912/9351/6071/files/KH06259_d80692a9-2a15-4dea-b50f-42965530d558.jpg?v=1774235028|https://cdn.shopify.com/s/files/1/0912/9351/6071/files/KH06291_efa84b42-dd7f-4e20-9e65-2eb28384a6e7.jpg?v=1774235028|https://cdn.shopify.com/s/files/1/0912/9351/6071/files/KH06402_5b1eb234-b9af-45d7-acd1-ccbc941b039f.jpg?v=1774235028","Hi I want H BRACELET BLUE MULTICOLOR",
"H RING LOCK BRACELET 12MM WHITE",https://cdn.shopify.com/s/files/1/0912/9351/6071/files/13294334411156896_8df1522c-7957-4945-8c24-d8436144dc9d.jpg?v=1774235030,jewelry,hermes,"https://cdn.shopify.com/s/files/1/0912/9351/6071/files/13294334411156896_8df1522c-7957-4945-8c24-d8436144dc9d.jpg?v=1774235030|https://cdn.shopify.com/s/files/1/0912/9351/6071/files/648898382_Switch_Jewelry_Hermes_kelly_cadena_bangle_91d9068e-e610-4c5b-b638-49c795535032.jpg?v=1774235029|https://cdn.shopify.com/s/files/1/0912/9351/6071/files/13294334431456841_20b1d27c-500a-4b29-9be4-3325371143b2.jpg?v=1774235030|https://cdn.shopify.com/s/files/1/0912/9351/6071/files/13294334432657879_cd9318d2-c5b6-4f0c-b5fe-8d68ace14dfa.jpg?v=1774235030|https://cdn.shopify.com/s/files/1/0912/9351/6071/files/13294334429747964_22f9e2ab-a3de-4bbb-a138-d425d3f1f758.jpg?v=1774235030|https://cdn.shopify.com/s/files/1/0912/9351/6071/files/13294334430558711_d49255ed-38fc-4798-b42d-e14dbe4f9211.jpg?v=1774235030|https://cdn.shopify.com/s/files/1/0912/9351/6071/files/13294334433551019_4de688e0-4e8b-41dc-a7f8-735170697160.jpg?v=1774235030|https://cdn.shopify.com/s/files/1/0912/9351/6071/files/13294334434446515_78be7c31-dd73-4a67-96e4-d1fb005e9b4f.jpg?v=1774235030","Hi I want H RING LOCK BRACELET 12MM WHITE",
"H BRACELET ORANGE RAINBOW CERAMIC",https://cdn.shopify.com/s/files/1/0912/9351/6071/files/260A89F8CC-SP-11179239_6f028651-f582-4073-9d44-db05c4c4b6ee.jpg?v=1774235039,jewelry,hermes,"https://cdn.shopify.com/s/files/1/0912/9351/6071/files/260A89F8CC-SP-11179239_6f028651-f582-4073-9d44-db05c4c4b6ee.jpg?v=1774235039|https://cdn.shopify.com/s/files/1/0912/9351/6071/files/13294158758412758_00a5aa65-0780-4b87-8029-2c3d47424d07.jpg?v=1774235040|https://cdn.shopify.com/s/files/1/0912/9351/6071/files/13294158771512628_86195216-8d76-440e-ab4a-091eb325a091.jpg?v=1774235040|https://cdn.shopify.com/s/files/1/0912/9351/6071/files/13294158772511471_584bc233-e47a-4223-a576-1a1a91201f51.jpg?v=1774235040|https://cdn.shopify.com/s/files/1/0912/9351/6071/files/13294158773810966_028aa932-159c-49c6-87b5-e4ef755ea5c2.jpg?v=1774235039","Hi I want H BRACELET ORANGE RAINBOW CERAMIC",
"H YELLOW BRACELET",https://cdn.shopify.com/s/files/1/0912/9351/6071/files/13286974873670078_a29130f8-1f7a-4896-8b46-b973f87c42ea.jpg?v=1774235057,jewelry,hermes,"https://cdn.shopify.com/s/files/1/0912/9351/6071/files/13286974873670078_a29130f8-1f7a-4896-8b46-b973f87c42ea.jpg?v=1774235057|https://cdn.shopify.com/s/files/1/0912/9351/6071/files/ScreenShot_2026-02-26_164214_286.png?v=1774235057|https://cdn.shopify.com/s/files/1/0912/9351/6071/files/ScreenShot_2026-02-26_164153_669.png?v=1774235057|https://cdn.shopify.com/s/files/1/0912/9351/6071/files/ScreenShot_2026-02-26_164204_150.png?v=1774235057","Hi I want H YELLOW BRACELET",
"H ROUGE BRACELET",https://cdn.shopify.com/s/files/1/0912/9351/6071/files/13286974768741482_48318baa-b33c-464e-9a32-1739303af2d8.jpg?v=1774235059,jewelry,hermes,"https://cdn.shopify.com/s/files/1/0912/9351/6071/files/13286974768741482_48318baa-b33c-464e-9a32-1739303af2d8.jpg?v=1774235059|https://cdn.shopify.com/s/files/1/0912/9351/6071/files/v_15982332_1654437049337_bg_processed_b16d1d30-2ec0-444e-8719-bfc516ad5488.jpg?v=1774235059|https://cdn.shopify.com/s/files/1/0912/9351/6071/files/13286973579886134_c589c138-53e5-40df-b095-b552ecc3bd54.jpg?v=1774235059|https://cdn.shopify.com/s/files/1/0912/9351/6071/files/13286973580787866_68e2d69b-45de-4d58-a34f-c781f401716e.jpg?v=1774235059","Hi I want H ROUGE BRACELET",
"CHAINE BRACELET SILVER DIAMOND",https://cdn.shopify.com/s/files/1/0912/9351/6071/files/13291052855802022_19388ac2-cf22-4b60-8a9b-233e3655e264.jpg?v=1774235085,jewelry,hermes,"https://cdn.shopify.com/s/files/1/0912/9351/6071/files/13291052855802022_19388ac2-cf22-4b60-8a9b-233e3655e264.jpg?v=1774235085|https://cdn.shopify.com/s/files/1/0912/9351/6071/files/13291052873098810_f7cc5a34-54ad-42ae-81c2-944ea9f55e2e.jpg?v=1774235085|https://cdn.shopify.com/s/files/1/0912/9351/6071/files/13291052873999567_90184642-8653-4934-83cb-9e32f429b17a.jpg?v=1774235085|https://cdn.shopify.com/s/files/1/0912/9351/6071/files/13291052875011859_7dc1bc6d-6f6c-4add-abc9-9bf9aa50e35e.jpg?v=1774235085|https://cdn.shopify.com/s/files/1/0912/9351/6071/files/13291052876203671_c4d81719-e5e1-4777-88d3-f3efad19de1d.jpg?v=1774235085|https://cdn.shopify.com/s/files/1/0912/9351/6071/files/13291052877299740_860d9af4-1131-4fae-b2e1-9479bebd0b63.jpg?v=1774235085|https://cdn.shopify.com/s/files/1/0912/9351/6071/files/13291052879498982_e8fc054e-9eeb-4cc9-bdd8-a522753d6097.jpg?v=1774235085|https://cdn.shopify.com/s/files/1/0912/9351/6071/files/13291052880702761_3e4ea3cd-60b2-4724-99bd-09fdeefbea06.jpg?v=1774235085","Hi I want CHAINE BRACELET SILVER DIAMOND",
"H BRACELET BLUE CERAMIC",https://cdn.shopify.com/s/files/1/0912/9351/6071/files/KH06389_e58f6ee4-72b1-415c-a968-18ac8ba7cfc4.jpg?v=1774235090,jewelry,hermes,"https://cdn.shopify.com/s/files/1/0912/9351/6071/files/KH06389_e58f6ee4-72b1-415c-a968-18ac8ba7cfc4.jpg?v=1774235090|https://cdn.shopify.com/s/files/1/0912/9351/6071/files/KH06375_504678a1-99f0-4c85-86b3-4d4f09888f45.jpg?v=1774235092|https://cdn.shopify.com/s/files/1/0912/9351/6071/files/KH06260_aa0d95eb-7cd0-4049-be3d-43c97bdf794f.jpg?v=1774235090|https://cdn.shopify.com/s/files/1/0912/9351/6071/files/KH06267_f1873f02-d4f6-48e0-b74e-c6635fd651aa.jpg?v=1774235090","Hi I want H BRACELET BLUE CERAMIC",
"CLIC CHAINE SILVER BRACELET",https://cdn.shopify.com/s/files/1/0912/9351/6071/files/mini-clic-chaine-d-ancre-bracelet--209000FP01-worn-1-0-0-1000-1000_b_c6706690-2e53-408b-b355-f87683d6372a.jpg?v=1774235093,jewelry,hermes,"https://cdn.shopify.com/s/files/1/0912/9351/6071/files/mini-clic-chaine-d-ancre-bracelet--209000FP01-worn-1-0-0-1000-1000_b_c6706690-2e53-408b-b355-f87683d6372a.jpg?v=1774235093|https://cdn.shopify.com/s/files/1/0912/9351/6071/files/13309101559147954_c9d81ce2-a8f2-4aaf-b137-083418da0909.jpg?v=1774235093|https://cdn.shopify.com/s/files/1/0912/9351/6071/files/13309101561618898_3ef350df-21ca-4839-90c2-85dc35b9a1a1.jpg?v=1774235093|https://cdn.shopify.com/s/files/1/0912/9351/6071/files/13309101563858556_a16f536f-f189-4d4c-bec9-092dfb6d2e1c.jpg?v=1774235093|https://cdn.shopify.com/s/files/1/0912/9351/6071/files/13309101565558062_b5ded9cd-da5c-4603-a7ff-94b375b0986c.jpg?v=1774235093|https://cdn.shopify.com/s/files/1/0912/9351/6071/files/13309101567374704_cad1dd97-426a-4420-b11b-74d862bb0f42.jpg?v=1774235093|https://cdn.shopify.com/s/files/1/0912/9351/6071/files/13309101569523984_e9b73b8b-a9eb-4dff-8489-e782c28cee45.jpg?v=1774235093|https://cdn.shopify.com/s/files/1/0912/9351/6071/files/13309101571732704_b1900235-9eb5-42de-b4ed-f1d7e17b40f6.jpg?v=1774235094","Hi I want CLIC CHAINE SILVER BRACELET",
"CLIC CHAINE PINK GOLD BRACELET",https://cdn.shopify.com/s/files/1/0912/9351/6071/files/mini-clic-chaine-d-ancre-bracelet--209000FO19-worn-1-0-0-1000-1000_b_53fb0ad5-51d1-4145-8782-1b589688c87d.jpg?v=1774235095,jewelry,hermes,"https://cdn.shopify.com/s/files/1/0912/9351/6071/files/mini-clic-chaine-d-ancre-bracelet--209000FO19-worn-1-0-0-1000-1000_b_53fb0ad5-51d1-4145-8782-1b589688c87d.jpg?v=1774235095|https://cdn.shopify.com/s/files/1/0912/9351/6071/files/13309101488324062_9654c7d3-95ca-4990-add5-30cd8055ab91.jpg?v=1774235096|https://cdn.shopify.com/s/files/1/0912/9351/6071/files/13309101508160936_d07f50f5-8b31-4c0e-8a40-103a2522282e.jpg?v=1774235096|https://cdn.shopify.com/s/files/1/0912/9351/6071/files/13309101509595323_4a139177-6a82-4c25-9a7a-80bdbafc7eea.jpg?v=1774235096|https://cdn.shopify.com/s/files/1/0912/9351/6071/files/13309101511668556_358407a3-72ef-4e4f-9ac0-665d7f798ada.jpg?v=1774235096|https://cdn.shopify.com/s/files/1/0912/9351/6071/files/13309101513144909_be650ddc-e599-4aca-91fd-d52b36c731eb.jpg?v=1774235096|https://cdn.shopify.com/s/files/1/0912/9351/6071/files/13309101515005009_b3018ee0-1471-4d02-9df1-b22bfd507ce9.jpg?v=1774235096|https://cdn.shopify.com/s/files/1/0912/9351/6071/files/13309101517042567_031ade19-b181-4d7c-b089-584ab201dbfe.jpg?v=1774235096","Hi I want CLIC CHAINE PINK GOLD BRACELET",
"GLENAN PINK GOLD LEATHER BRACELET",https://cdn.shopify.com/s/files/1/0912/9351/6071/files/13340195193796573_91315627-fe6c-405f-86ab-3a3fa9176a5c.jpg?v=1774235137,jewelry,hermes,"https://cdn.shopify.com/s/files/1/0912/9351/6071/files/13340195193796573_91315627-fe6c-405f-86ab-3a3fa9176a5c.jpg?v=1774235137|https://cdn.shopify.com/s/files/1/0912/9351/6071/files/13340195195610509_7668f42b-8780-42cf-be05-c667bec5ed02.jpg?v=1774235137|https://cdn.shopify.com/s/files/1/0912/9351/6071/files/13340195197303568_2c0aec4e-ffa2-43df-be1e-c5f4be3b1fdd.jpg?v=1774235137|https://cdn.shopify.com/s/files/1/0912/9351/6071/files/13340195199318232_57900350-ba65-49ef-84c6-729507fa8dce.jpg?v=1774235137|https://cdn.shopify.com/s/files/1/0912/9351/6071/files/13340195200884107_428b5f49-0f0a-4605-b286-304c8290f77c.jpg?v=1774235137|https://cdn.shopify.com/s/files/1/0912/9351/6071/files/13340195202692214_5fe3fc4c-7da3-440a-815f-0c8a0352541c.jpg?v=1774235137|https://cdn.shopify.com/s/files/1/0912/9351/6071/files/13340195204389625_f258f9af-e936-4f15-87d2-b2c75c2f3809.jpg?v=1774235137|https://cdn.shopify.com/s/files/1/0912/9351/6071/files/13340195206083039_b992d436-1861-4229-85d6-9166faa1fbe5.jpg?v=1774235137","Hi I want GLENAN PINK GOLD LEATHER BRACELET",
"GLENAN SILVER LEATHER BRACELET",https://cdn.shopify.com/s/files/1/0912/9351/6071/files/13340195733408938_6d3a2ce8-a511-425e-aa4b-6ea32c7f008c.jpg?v=1774235139,jewelry,hermes,"https://cdn.shopify.com/s/files/1/0912/9351/6071/files/13340195733408938_6d3a2ce8-a511-425e-aa4b-6ea32c7f008c.jpg?v=1774235139|https://cdn.shopify.com/s/files/1/0912/9351/6071/files/13340195745808342_c85766da-f7a2-456b-ae8b-4f42c33a4b5d.jpg?v=1774235139|https://cdn.shopify.com/s/files/1/0912/9351/6071/files/13340195747540447_de5e1502-1fea-487f-8838-4776aa729952.jpg?v=1774235140|https://cdn.shopify.com/s/files/1/0912/9351/6071/files/13340195749290409_404c4b4c-ecfb-4aa4-871a-551bc6d79a09.jpg?v=1774235139|https://cdn.shopify.com/s/files/1/0912/9351/6071/files/13340195751002282_b78e0880-6849-4a85-9b10-cb559a28bf12.jpg?v=1774235139|https://cdn.shopify.com/s/files/1/0912/9351/6071/files/13340195753018739_b689683b-fa90-433a-b728-a6ad663c6177.jpg?v=1774235139|https://cdn.shopify.com/s/files/1/0912/9351/6071/files/13340195754706368_db70161b-fa58-4b67-9755-0122efa02411.jpg?v=1774235139|https://cdn.shopify.com/s/files/1/0912/9351/6071/files/13340195756598721_31aa9aff-9a5b-4999-a5bb-bf3f4df16ff4.jpg?v=1774235140","Hi I want GLENAN SILVER LEATHER BRACELET",
"Hermès Mini Kelly Double Tour Bracelet",https://cdn.shopify.com/s/files/1/0912/9351/6071/files/Image_20260325083747_267_65.jpg?v=1774607372,jewelry,hermes,"https://cdn.shopify.com/s/files/1/0912/9351/6071/files/Image_20260325083747_267_65.jpg?v=1774607372|https://cdn.shopify.com/s/files/1/0912/9351/6071/files/Image_20260325083745_265_65_a734960b-4fa5-4d70-ad23-10d4c21c2b8d.jpg?v=1774607371|https://cdn.shopify.com/s/files/1/0912/9351/6071/files/Image_20260325083746_266_65.jpg?v=1774607371","Hi I want Hermès Mini Kelly Double Tour Bracelet",
"Hermès Collier de Chien Bracelet Leather With Gold Hardware",https://cdn.shopify.com/s/files/1/0912/9351/6071/files/Image_20260310092757_5830_5.jpg?v=1774229788,jewelry,hermes,"https://cdn.shopify.com/s/files/1/0912/9351/6071/files/Image_20260310092757_5830_5.jpg?v=1774229788|https://cdn.shopify.com/s/files/1/0912/9351/6071/files/ScreenShot_2026-03-10_102650_059.png?v=1774229788|https://cdn.shopify.com/s/files/1/0912/9351/6071/files/ScreenShot_2026-03-10_102642_829.png?v=1774229788|https://cdn.shopify.com/s/files/1/0912/9351/6071/files/ScreenShot_2026-03-10_102634_805.png?v=1774229788|https://cdn.shopify.com/s/files/1/0912/9351/6071/files/ScreenShot_2026-03-10_102628_077.png?v=1774229788|https://cdn.shopify.com/s/files/1/0912/9351/6071/files/ScreenShot_2026-03-10_102620_741.png?v=1774229788|https://cdn.shopify.com/s/files/1/0912/9351/6071/files/ScreenShot_2026-03-10_102612_053.png?v=1774229788|https://cdn.shopify.com/s/files/1/0912/9351/6071/files/Image_20260310092804_5831_5.jpg?v=1774229788|https://cdn.shopify.com/s/files/1/0912/9351/6071/files/ScreenShot_2026-03-10_102933_286.png?v=1774229788","Hi I want Hermès Collier de Chien Bracelet Leather With Gold Hardware",
"HM KELLY ORANGE BRACELET",https://cdn.shopify.com/s/files/1/0912/9351/6071/files/Image_20231019114250.jpg?v=1774229923,jewelry,hermes,"https://cdn.shopify.com/s/files/1/0912/9351/6071/files/Image_20231019114250.jpg?v=1774229923|https://cdn.shopify.com/s/files/1/0912/9351/6071/files/13342160950119443.jpg?v=1774229923|https://cdn.shopify.com/s/files/1/0912/9351/6071/files/13342160955869020.jpg?v=1774229923|https://cdn.shopify.com/s/files/1/0912/9351/6071/files/13342160957685923.jpg?v=1774229923","Hi I want HM KELLY ORANGE BRACELET",
"HM Buckle Diamond 2 Ring",https://cdn.shopify.com/s/files/1/0912/9351/6071/files/img_3333c5f9_20250929_i1759080002_9719_4_jpg_dbec6042-18ad-4fc2-9774-1a96dac71818.jpg?v=1774230374,jewelry,hermes,"https://cdn.shopify.com/s/files/1/0912/9351/6071/files/img_3333c5f9_20250929_i1759080002_9719_4_jpg_dbec6042-18ad-4fc2-9774-1a96dac71818.jpg?v=1774230374|https://cdn.shopify.com/s/files/1/0912/9351/6071/files/img_3333c5f9_20250929_i1759080002_5165_5_jpg_0eed0948-4e4e-4ae7-a95a-15438347a236.jpg?v=1774230374|https://cdn.shopify.com/s/files/1/0912/9351/6071/files/img_3333c5f9_20250929_i1759080002_2953_1_jpg_fb1ff1c0-bcc4-4647-a1c4-138542601dea.jpg?v=1774230374|https://cdn.shopify.com/s/files/1/0912/9351/6071/files/img_3333c5f9_20250929_i1759080002_4082_0_jpg_0572e57f-041f-4d3d-ae7a-32feff853aed.jpg?v=1774230374|https://cdn.shopify.com/s/files/1/0912/9351/6071/files/img_3333c5f9_20250929_i1759080002_9157_3_jpg_cc4c78d0-9cb5-456e-8b56-ce5b605b9f93.jpg?v=1774230374|https://cdn.shopify.com/s/files/1/0912/9351/6071/files/img_3333c5f9_20250929_i1759080002_9937_2_jpg_cea02eca-b680-456c-8e4b-9ce339ff4fe3.jpg?v=1774230374","Hi I want HM Buckle Diamond 2 Ring",
"HM Buckle Diamond 3 Ring",https://cdn.shopify.com/s/files/1/0912/9351/6071/files/img_3333c5f9_20250930_i1759233952_3035_2_jpg_b4acaa56-7ee3-4006-9ed6-e2b2ce842da6.jpg?v=1774230376,jewelry,hermes,"https://cdn.shopify.com/s/files/1/0912/9351/6071/files/img_3333c5f9_20250930_i1759233952_3035_2_jpg_b4acaa56-7ee3-4006-9ed6-e2b2ce842da6.jpg?v=1774230376|https://cdn.shopify.com/s/files/1/0912/9351/6071/files/img_3333c5f9_20250930_i1759233952_5916_0_jpg_96bea302-99d7-4a54-b46f-609bce4504d7.jpg?v=1774230377|https://cdn.shopify.com/s/files/1/0912/9351/6071/files/img_3333c5f9_20250930_i1759233952_8341_1_jpg_b321e944-f0cd-4813-acf5-8641840a113f.jpg?v=1774230377|https://cdn.shopify.com/s/files/1/0912/9351/6071/files/img_3333c5f9_20250930_i1759233952_2699_4_jpg_27ed429d-8494-4141-9546-560825ca4a43.jpg?v=1774230376|https://cdn.shopify.com/s/files/1/0912/9351/6071/files/img_3333c5f9_20250930_i1759233952_4864_5_jpg_c33d696e-b561-42c1-99a9-414920043592.jpg?v=1774230376|https://cdn.shopify.com/s/files/1/0912/9351/6071/files/img_3333c5f9_20250930_i1759233952_6344_3_jpg_cf55b18f-cb02-4eab-8de7-6331bad67f0b.jpg?v=1774230377","Hi I want HM Buckle Diamond 3 Ring",
"HM Buckle Full Diamond Ring",https://cdn.shopify.com/s/files/1/0912/9351/6071/files/img_3333c5f9_20251006_i1759735959_9838_3_jpg_6050820a-d5b2-4569-9485-82a3ad1da6ef.jpg?v=1774230379,jewelry,hermes,"https://cdn.shopify.com/s/files/1/0912/9351/6071/files/img_3333c5f9_20251006_i1759735959_9838_3_jpg_6050820a-d5b2-4569-9485-82a3ad1da6ef.jpg?v=1774230379|https://cdn.shopify.com/s/files/1/0912/9351/6071/files/img_3333c5f9_20251006_i1759735959_6895_2_jpg_0719fba9-38f7-4db1-afef-6690a46f2834.jpg?v=1774230379|https://cdn.shopify.com/s/files/1/0912/9351/6071/files/img_3333c5f9_20251006_i1759735959_1870_0_jpg_7db0257b-c283-4dbf-8915-a738e29471f4.jpg?v=1774230379|https://cdn.shopify.com/s/files/1/0912/9351/6071/files/img_3333c5f9_20251006_i1759735959_17_4_jpg_6e9fb5ef-b2a8-42a4-a795-59428a59027e.jpg?v=1774230379|https://cdn.shopify.com/s/files/1/0912/9351/6071/files/img_3333c5f9_20251006_i1759735959_4159_5_jpg_603e3f7b-d8a4-44cc-8a32-25dbc42c4c5b.jpg?v=1774230379|https://cdn.shopify.com/s/files/1/0912/9351/6071/files/img_3333c5f9_20251006_i1759735959_8224_1_jpg_347114cf-a16e-44a0-81c3-b791c0bc131f.jpg?v=1774230379","Hi I want HM Buckle Full Diamond Ring",
"Hermes Pig Nose Light Lavender Bracelet",https://cdn.shopify.com/s/files/1/0912/9351/6071/files/20231105_i1699167492_6076_0.jpg_1_d7ab837b-2716-47e1-a824-b83c039c6565.jpg?v=1774230381,jewelry,hermes,"https://cdn.shopify.com/s/files/1/0912/9351/6071/files/20231105_i1699167492_6076_0.jpg_1_d7ab837b-2716-47e1-a824-b83c039c6565.jpg?v=1774230381|https://cdn.shopify.com/s/files/1/0912/9351/6071/files/20231105_i1699167492_9098_1.jpg_1_30ccd845-296a-4a90-aa0d-330f1143f179.jpg?v=1774230381|https://cdn.shopify.com/s/files/1/0912/9351/6071/files/20231105_i1699167492_3256_3.jpg_1_8977941a-9753-4202-b54f-14dc0f4c5052.jpg?v=1774230381|https://cdn.shopify.com/s/files/1/0912/9351/6071/files/20231105_i1699167492_7751_2.jpg_1_c2428d7c-d654-4a39-a7f2-83c372642e53.jpg?v=1774230381|https://cdn.shopify.com/s/files/1/0912/9351/6071/files/20231105_i1699167492_6076_0_jpg_0eb9509a-0dfd-408a-8ae4-44e140d1365b.jpg?v=1774230381","Hi I want Hermes Pig Nose Light Lavender Bracelet",
"Hermes Diamond-Encrusted Buckle Belt  Open Bracelet",https://cdn.shopify.com/s/files/1/0912/9351/6071/files/img_3333c5f9_20251203_i1764772487_7370_2_jpg_cda3e367-8485-476e-95d9-f76e237ac9af.jpg?v=1774230383,jewelry,hermes,"https://cdn.shopify.com/s/files/1/0912/9351/6071/files/img_3333c5f9_20251203_i1764772487_7370_2_jpg_cda3e367-8485-476e-95d9-f76e237ac9af.jpg?v=1774230383|https://cdn.shopify.com/s/files/1/0912/9351/6071/files/img_3333c5f9_20251203_i1764772487_5518_0_jpg_f6db3f68-1e6e-453b-b3d6-e9f67bb7978c.jpg?v=1774230385|https://cdn.shopify.com/s/files/1/0912/9351/6071/files/img_3333c5f9_20251203_i1764772487_7074_5_jpg_21dd151e-d471-46c2-b20c-73870d7157a4.jpg?v=1774230383|https://cdn.shopify.com/s/files/1/0912/9351/6071/files/img_3333c5f9_20251203_i1764772487_2254_4_jpg_6d6264e4-461b-43a1-b2eb-aa3da456d010.jpg?v=1774230383","Hi I want Hermes Diamond-Encrusted Buckle Belt  Open Bracelet",
"Hermes Kelly Open Cadenas Diamond Bracelet",https://cdn.shopify.com/s/files/1/0912/9351/6071/files/20230424_i1682339353_4515_0_jpg_6b53f59a-3f38-43bd-8f39-7910901bd4a5.jpg?v=1774230390,jewelry,hermes,"https://cdn.shopify.com/s/files/1/0912/9351/6071/files/20230424_i1682339353_4515_0_jpg_6b53f59a-3f38-43bd-8f39-7910901bd4a5.jpg?v=1774230390|https://cdn.shopify.com/s/files/1/0912/9351/6071/files/20230424_i1682339353_7473_2_jpg_0140282c-2346-4453-85b5-d49a988f8db9.jpg?v=1774230390|https://cdn.shopify.com/s/files/1/0912/9351/6071/files/20230424_i1682339353_745_1_jpg_8e82c274-b960-4eee-9748-a12735ec6707.jpg?v=1774230390|https://cdn.shopify.com/s/files/1/0912/9351/6071/files/20230424_i1682339353_3679_3_jpg_9609a31d-3809-4e2f-8343-6af5925b7582.jpg?v=1774230390","Hi I want Hermes Kelly Open Cadenas Diamond Bracelet",
"H Pig Nose Full-Diamond Pink Diamond Pink Gold Bracelet",https://cdn.shopify.com/s/files/1/0912/9351/6071/files/20230820_i1692514672_4426_3_jpg_1a284a58-1a4e-48b5-bc77-01c432a6f70a.jpg?v=1774230395,jewelry,hermes,"https://cdn.shopify.com/s/files/1/0912/9351/6071/files/20230820_i1692514672_4426_3_jpg_1a284a58-1a4e-48b5-bc77-01c432a6f70a.jpg?v=1774230395|https://cdn.shopify.com/s/files/1/0912/9351/6071/files/20230820_i1692514672_3611_1_jpg_13c1af14-987c-496f-9aee-50d65493ac3b.jpg?v=1774230395|https://cdn.shopify.com/s/files/1/0912/9351/6071/files/20230820_i1692514672_5739_0_jpg_b086f2ed-09ed-4b35-86dd-3798f1dfb0d3.jpg?v=1774230395|https://cdn.shopify.com/s/files/1/0912/9351/6071/files/20230820_i1692514672_6963_2_jpg_0ee16904-54cd-437c-9fea-65b1cc7ac93d.jpg?v=1774230395","Hi I want H Pig Nose Full-Diamond Pink Diamond Pink Gold Bracelet",
"H Pig Nose Light Pink Bracelet",https://cdn.shopify.com/s/files/1/0912/9351/6071/files/20230819_i1692431352_1973_0_jpg_7ef0b1f6-5542-4083-846d-ad1643b1c914.jpg?v=1774230397,jewelry,hermes,"https://cdn.shopify.com/s/files/1/0912/9351/6071/files/20230819_i1692431352_1973_0_jpg_7ef0b1f6-5542-4083-846d-ad1643b1c914.jpg?v=1774230397|https://cdn.shopify.com/s/files/1/0912/9351/6071/files/20230819_i1692431352_4378_3_jpg_9272bb61-1930-42c8-a657-352356e97bc8.jpg?v=1774230397|https://cdn.shopify.com/s/files/1/0912/9351/6071/files/20230819_i1692431352_5844_2_jpg_ca9743b6-d761-47b9-8c0c-24c7c9d665a1.jpg?v=1774230397|https://cdn.shopify.com/s/files/1/0912/9351/6071/files/20230819_i1692431352_7779_1_jpg_ec02cea8-acfb-4748-975c-65409c77ff3a.jpg?v=1774230397","Hi I want H Pig Nose Light Pink Bracelet",
"H Pig Nose Blue Bracelet",https://cdn.shopify.com/s/files/1/0912/9351/6071/files/20230819_i1692431380_8270_0_jpg_65b062e8-b5c0-442f-928d-26296c357f48.jpg?v=1774230399,jewelry,hermes,"https://cdn.shopify.com/s/files/1/0912/9351/6071/files/20230819_i1692431380_8270_0_jpg_65b062e8-b5c0-442f-928d-26296c357f48.jpg?v=1774230399|https://cdn.shopify.com/s/files/1/0912/9351/6071/files/20230819_i1692431380_5086_2_jpg_86e634e5-85aa-4811-a4a1-75ae6e0f2690.jpg?v=1774230399|https://cdn.shopify.com/s/files/1/0912/9351/6071/files/20230819_i1692431380_8078_1_jpg_4de8d640-4491-4e12-a09f-29e73bbd9d15.jpg?v=1774230399|https://cdn.shopify.com/s/files/1/0912/9351/6071/files/20230819_i1692431380_9124_3_jpg_12fb4a1e-5f42-4ff4-9fb7-7be40b7d7c65.jpg?v=1774230399","Hi I want H Pig Nose Blue Bracelet",
"H Pig Nose Brown Bracelet",https://cdn.shopify.com/s/files/1/0912/9351/6071/files/20230819_i1692431414_553_0_jpg_2fb67540-9d3b-4294-82c8-1319d0508e31.jpg?v=1774230401,jewelry,hermes,"https://cdn.shopify.com/s/files/1/0912/9351/6071/files/20230819_i1692431414_553_0_jpg_2fb67540-9d3b-4294-82c8-1319d0508e31.jpg?v=1774230401|https://cdn.shopify.com/s/files/1/0912/9351/6071/files/20230819_i1692431414_7768_3_jpg_150a7925-8f99-41de-b0fa-2b70d299f37a.jpg?v=1774230401|https://cdn.shopify.com/s/files/1/0912/9351/6071/files/20230819_i1692431414_1062_2_jpg_dc65b934-76d2-467a-8678-a7efeeb27ad1.jpg?v=1774230401|https://cdn.shopify.com/s/files/1/0912/9351/6071/files/20230819_i1692431414_666_1_jpg_a71fdbfc-0007-49f8-9630-185df9edf93e.jpg?v=1774230401","Hi I want H Pig Nose Brown Bracelet",
"H Pig Nose Orange Bracelet",https://cdn.shopify.com/s/files/1/0912/9351/6071/files/20230819_i1692431435_4106_2_jpg_8028d577-9054-4309-be4e-8d9a8d267ed7.jpg?v=1774230402,jewelry,hermes,"https://cdn.shopify.com/s/files/1/0912/9351/6071/files/20230819_i1692431435_4106_2_jpg_8028d577-9054-4309-be4e-8d9a8d267ed7.jpg?v=1774230402|https://cdn.shopify.com/s/files/1/0912/9351/6071/files/20230819_i1692431435_1947_3_jpg_0606bd56-89e9-4d73-a975-b779d42ffa19.jpg?v=1774230403|https://cdn.shopify.com/s/files/1/0912/9351/6071/files/20230819_i1692431435_7463_0_jpg_b154f7a1-0c2b-4676-9b2e-60de7c3acad6.jpg?v=1774230403|https://cdn.shopify.com/s/files/1/0912/9351/6071/files/20230819_i1692431435_9104_1_jpg_7a1e461c-3a11-4925-bd41-96bea3db56b7.jpg?v=1774230402","Hi I want H Pig Nose Orange Bracelet",
"H Pig Nose Olive Bracelet",https://cdn.shopify.com/s/files/1/0912/9351/6071/files/20230819_i1692431478_4485_3_jpg_a0faff5e-bf8c-4aa4-94ef-37cf4ba0922a.jpg?v=1774230404,jewelry,hermes,"https://cdn.shopify.com/s/files/1/0912/9351/6071/files/20230819_i1692431478_4485_3_jpg_a0faff5e-bf8c-4aa4-94ef-37cf4ba0922a.jpg?v=1774230404|https://cdn.shopify.com/s/files/1/0912/9351/6071/files/20230819_i1692431478_246_0_jpg_d24cceb9-25b6-4ef7-92da-3df414431df4.jpg?v=1774230404|https://cdn.shopify.com/s/files/1/0912/9351/6071/files/20230819_i1692431478_4055_1_jpg_8b1b965a-02b3-47a2-8d44-862819eed195.jpg?v=1774230404|https://cdn.shopify.com/s/files/1/0912/9351/6071/files/20230819_i1692431478_7661_2_jpg_b4957fbd-cdc3-4d66-b06d-eb9ab8706e14.jpg?v=1774230404","Hi I want H Pig Nose Olive Bracelet",
"H Pig Nose Purple Bracelet",https://cdn.shopify.com/s/files/1/0912/9351/6071/files/20230819_i1692431494_3290_1_jpg_3ecaeadc-1610-42dc-9157-e472cdab066a.jpg?v=1774230406,jewelry,hermes,"https://cdn.shopify.com/s/files/1/0912/9351/6071/files/20230819_i1692431494_3290_1_jpg_3ecaeadc-1610-42dc-9157-e472cdab066a.jpg?v=1774230406|https://cdn.shopify.com/s/files/1/0912/9351/6071/files/20230819_i1692431494_1947_3_jpg_883c5e13-6d35-4446-b108-b2cae375a659.jpg?v=1774230407|https://cdn.shopify.com/s/files/1/0912/9351/6071/files/20230819_i1692431494_4992_2_jpg_928d5aa5-ee5b-4c1d-a506-b39075042d81.jpg?v=1774230406|https://cdn.shopify.com/s/files/1/0912/9351/6071/files/20230819_i1692431494_7961_0_jpg_0c370457-8a7d-4f6c-9c50-d1d48a315e5f.jpg?v=1774230406","Hi I want H Pig Nose Purple Bracelet",
"H Pig Nose Light Green Bracelet",https://cdn.shopify.com/s/files/1/0912/9351/6071/files/20230819_i1692431550_5268_3_jpg_5b7c2a1d-7637-482f-8bcb-e45669267728.jpg?v=1774230408,jewelry,hermes,"https://cdn.shopify.com/s/files/1/0912/9351/6071/files/20230819_i1692431550_5268_3_jpg_5b7c2a1d-7637-482f-8bcb-e45669267728.jpg?v=1774230408|https://cdn.shopify.com/s/files/1/0912/9351/6071/files/20230819_i1692431550_9502_2_jpg_85c45b72-f397-4c16-9e79-df52c37843bc.jpg?v=1774230408|https://cdn.shopify.com/s/files/1/0912/9351/6071/files/20230819_i1692431550_4427_1_jpg_3c13990b-ba65-4c64-a55b-30c1a971784b.jpg?v=1774230408|https://cdn.shopify.com/s/files/1/0912/9351/6071/files/20230819_i1692431550_5260_0_jpg_93537154-8779-4f8c-aba8-0ca918a35e07.jpg?v=1774230408","Hi I want H Pig Nose Light Green Bracelet",
"H Pig Nose Pink Bracelet",https://cdn.shopify.com/s/files/1/0912/9351/6071/files/20230818_i1692322927_4817_0.jpg_1_15faa074-37f0-4d81-9960-7c73e31a9481.jpg?v=1774230414,jewelry,hermes,"https://cdn.shopify.com/s/files/1/0912/9351/6071/files/20230818_i1692322927_4817_0.jpg_1_15faa074-37f0-4d81-9960-7c73e31a9481.jpg?v=1774230414|https://cdn.shopify.com/s/files/1/0912/9351/6071/files/20230818_i1692322927_1517_2.jpg_1_84563140-e379-4114-9257-46368721028d.jpg?v=1774230414|https://cdn.shopify.com/s/files/1/0912/9351/6071/files/20230818_i1692322927_2624_3.jpg_1_40db265d-94f6-4ef0-9f25-a0c666e48e49.jpg?v=1774230414|https://cdn.shopify.com/s/files/1/0912/9351/6071/files/20230818_i1692322927_4676_1.jpg_1_b452882d-21ef-4770-a172-9595f5f1cbf4.jpg?v=1774230414|https://cdn.shopify.com/s/files/1/0912/9351/6071/files/20230818_i1692322927_2624_3_jpg_a9b31fc7-699e-400c-ba97-169696cde5c3.jpg?v=1774230414|https://cdn.shopify.com/s/files/1/0912/9351/6071/files/20230818_i1692322927_1517_2_jpg_76547270-cbd3-4a1f-ae3c-91b81538dd36.jpg?v=1774230414|https://cdn.shopify.com/s/files/1/0912/9351/6071/files/20230818_i1692322927_4676_1_jpg_47155c5b-fadf-4169-91e6-bd8e2718ab4b.jpg?v=1774230414|https://cdn.shopify.com/s/files/1/0912/9351/6071/files/20230818_i1692322927_4817_0_jpg_3c32f112-5a48-4125-91da-c663bda154e1.jpg?v=1774230414","Hi I want H Pig Nose Pink Bracelet",
"H Pig Nose Yellow Bracelet",https://cdn.shopify.com/s/files/1/0912/9351/6071/files/20230818_i1692322944_8885_1_jpg_082268a4-83e3-455c-a9c7-904f0e59ec49.jpg?v=1774230418,jewelry,hermes,"https://cdn.shopify.com/s/files/1/0912/9351/6071/files/20230818_i1692322944_8885_1_jpg_082268a4-83e3-455c-a9c7-904f0e59ec49.jpg?v=1774230418|https://cdn.shopify.com/s/files/1/0912/9351/6071/files/20230818_i1692322944_1915_3_jpg_807c67a0-4033-4b74-8a50-5b5b2f004552.jpg?v=1774230418|https://cdn.shopify.com/s/files/1/0912/9351/6071/files/20230818_i1692322944_4378_0_jpg_35d5dbfb-4224-4517-ac3e-01599ed7ffab.jpg?v=1774230418|https://cdn.shopify.com/s/files/1/0912/9351/6071/files/20230818_i1692322944_6419_2_jpg_14c3b654-7bb4-42b1-8869-afbe02898231.jpg?v=1774230418","Hi I want H Pig Nose Yellow Bracelet",
"H Pig Nose Brown Bracelet",https://cdn.shopify.com/s/files/1/0912/9351/6071/files/20230818_i1692322963_883_0_jpg_932310c2-dfd8-44ea-bfdf-ed27e1612183.jpg?v=1774230420,jewelry,hermes,"https://cdn.shopify.com/s/files/1/0912/9351/6071/files/20230818_i1692322963_883_0_jpg_932310c2-dfd8-44ea-bfdf-ed27e1612183.jpg?v=1774230420|https://cdn.shopify.com/s/files/1/0912/9351/6071/files/20230818_i1692322963_9789_3_jpg_3fd7c1ad-ea64-4ddf-8719-a2fa99898898.jpg?v=1774230420|https://cdn.shopify.com/s/files/1/0912/9351/6071/files/20230818_i1692322963_7358_1_jpg_eb3676dd-160d-4e2a-a63c-f0e35925b883.jpg?v=1774230420|https://cdn.shopify.com/s/files/1/0912/9351/6071/files/20230818_i1692322963_8181_2_jpg_7b09a7a1-16d6-4274-993f-1a4fd2f9db3d.jpg?v=1774230420|https://cdn.shopify.com/s/files/1/0912/9351/6071/files/20230818_i1692322985_699_0_jpg_d17cf640-d501-422c-ab68-6c82e7eb49ca.jpg?v=1774230420","Hi I want H Pig Nose Brown Bracelet",
"H Pig Nose Green Bracelet",https://cdn.shopify.com/s/files/1/0912/9351/6071/files/20230818_i1692322985_9157_3_jpg_b0e31045-5ef6-418c-9b38-20d7b283401f.jpg?v=1774230421,jewelry,hermes,"https://cdn.shopify.com/s/files/1/0912/9351/6071/files/20230818_i1692322985_9157_3_jpg_b0e31045-5ef6-418c-9b38-20d7b283401f.jpg?v=1774230421|https://cdn.shopify.com/s/files/1/0912/9351/6071/files/20230818_i1692322985_699_0_jpg_3385d60b-d53d-4031-8d4a-6d07011caee9.jpg?v=1774230422|https://cdn.shopify.com/s/files/1/0912/9351/6071/files/20230818_i1692322985_7040_1_jpg_0563a0d0-c1d8-491d-95d6-ec09956a0ed6.jpg?v=1774230421|https://cdn.shopify.com/s/files/1/0912/9351/6071/files/20230818_i1692322985_9211_2_jpg_aaabe08d-e35a-4969-80fe-f426f6c3791a.jpg?v=1774230421","Hi I want H Pig Nose Green Bracelet",
"H Pig Nose Red Bracelet",https://cdn.shopify.com/s/files/1/0912/9351/6071/files/20230818_i1692323065_3191_2_jpg_b3ee4ffc-418c-4e27-bb58-368f7343586a.jpg?v=1774230425,jewelry,hermes,"https://cdn.shopify.com/s/files/1/0912/9351/6071/files/20230818_i1692323065_3191_2_jpg_b3ee4ffc-418c-4e27-bb58-368f7343586a.jpg?v=1774230425|https://cdn.shopify.com/s/files/1/0912/9351/6071/files/20230818_i1692323065_3345_3_jpg_92d1ea1b-3a7a-4a6b-a993-4b7afdf454fd.jpg?v=1774230425|https://cdn.shopify.com/s/files/1/0912/9351/6071/files/20230818_i1692323065_3935_1_jpg_f5308d90-1624-45a7-a881-465d3bbe9603.jpg?v=1774230426|https://cdn.shopify.com/s/files/1/0912/9351/6071/files/20230818_i1692323065_9097_0_jpg_71e0babc-550c-4a80-b992-1fc4e8810e94.jpg?v=1774230426","Hi I want H Pig Nose Red Bracelet",
"H Enamel Bangle White Gray Bracelet",https://cdn.shopify.com/s/files/1/0912/9351/6071/files/20230626_i1687710847_3531_2_jpg_6b5418b9-6612-4045-9ea5-d3d782d16a6c.jpg?v=1774230428,jewelry,hermes,"https://cdn.shopify.com/s/files/1/0912/9351/6071/files/20230626_i1687710847_3531_2_jpg_6b5418b9-6612-4045-9ea5-d3d782d16a6c.jpg?v=1774230428|https://cdn.shopify.com/s/files/1/0912/9351/6071/files/20230626_i1687710847_5286_1_jpg_a67766f6-0f92-4dc7-b539-fe82eb99f88f.jpg?v=1774230428|https://cdn.shopify.com/s/files/1/0912/9351/6071/files/20230626_i1687710847_6126_0_jpg_d1822306-b035-4be8-a79c-fffbc1216e04.jpg?v=1774230429|https://cdn.shopify.com/s/files/1/0912/9351/6071/files/20230626_i1687710847_6232_3_jpg_9701b02f-2e94-4b39-8d7f-469d6595f28a.jpg?v=1774230429","Hi I want H Enamel Bangle White Gray Bracelet",
"H Enamel Bangle White Green Bracelet",https://cdn.shopify.com/s/files/1/0912/9351/6071/files/20230626_i1687710829_7682_0_jpg_a2d2926a-aa24-4193-ba73-069f78323e42.jpg?v=1774230429,jewelry,hermes,"https://cdn.shopify.com/s/files/1/0912/9351/6071/files/20230626_i1687710829_7682_0_jpg_a2d2926a-aa24-4193-ba73-069f78323e42.jpg?v=1774230429|https://cdn.shopify.com/s/files/1/0912/9351/6071/files/20230626_i1687710829_4236_2_jpg_c8c46608-436b-4c4b-b872-8c513d91f79a.jpg?v=1774230429|https://cdn.shopify.com/s/files/1/0912/9351/6071/files/20230626_i1687710829_5152_1_jpg_39d913f1-c3a2-489c-959e-814e169b73ea.jpg?v=1774230429|https://cdn.shopify.com/s/files/1/0912/9351/6071/files/20230626_i1687710829_5863_3_jpg_7dc25bcb-d1ab-43d1-9488-208cd74f4827.jpg?v=1774230429","Hi I want H Enamel Bangle White Green Bracelet",
"H Uni Bangle Blue Bracelet",https://cdn.shopify.com/s/files/1/0912/9351/6071/files/20230626_i1687710753_1391_0_jpg_728be04b-3493-4539-9233-08ac77e26f57.jpg?v=1774230433,jewelry,hermes,"https://cdn.shopify.com/s/files/1/0912/9351/6071/files/20230626_i1687710753_1391_0_jpg_728be04b-3493-4539-9233-08ac77e26f57.jpg?v=1774230433|https://cdn.shopify.com/s/files/1/0912/9351/6071/files/20230626_i1687710753_1638_2_jpg_9eef8b45-de90-454b-af55-012d3bae2c06.jpg?v=1774230434|https://cdn.shopify.com/s/files/1/0912/9351/6071/files/20230626_i1687710753_8044_3_jpg_3403b305-d0b1-47e4-830e-2493934408ea.jpg?v=1774230433|https://cdn.shopify.com/s/files/1/0912/9351/6071/files/20230626_i1687710753_9266_1_jpg_bb62b18c-0ccc-4869-8561-1a7a9fd58bed.jpg?v=1774230433","Hi I want H Uni Bangle Blue Bracelet",
"H Uni Bangle White Bracelet",https://cdn.shopify.com/s/files/1/0912/9351/6071/files/20230626_i1687710734_340_2.jpg_1_5d71b7c5-9384-4e3c-8d81-092ac359d7d2.jpg?v=1774230436,jewelry,hermes,"https://cdn.shopify.com/s/files/1/0912/9351/6071/files/20230626_i1687710734_340_2.jpg_1_5d71b7c5-9384-4e3c-8d81-092ac359d7d2.jpg?v=1774230436|https://cdn.shopify.com/s/files/1/0912/9351/6071/files/20230626_i1687710734_9300_1.jpg_2_e13cc65e-e22f-46ee-937d-6cbe80d77035.jpg?v=1774230436|https://cdn.shopify.com/s/files/1/0912/9351/6071/files/20230626_i1687710734_340_2.jpg_2_c7f2d62a-8c67-4b9a-9753-8fd049e37d8c.jpg?v=1774230436|https://cdn.shopify.com/s/files/1/0912/9351/6071/files/20230626_i1687710734_1109_3.jpg_2_6495f871-910c-445b-a08b-8ea01cbb56d2.jpg?v=1774230436|https://cdn.shopify.com/s/files/1/0912/9351/6071/files/20230626_i1687710734_4715_0.jpg_2_c9995089-1cac-46b0-88d9-f794d9d4193e.jpg?v=1774230436|https://cdn.shopify.com/s/files/1/0912/9351/6071/files/20230626_i1687710734_1109_3.jpg_1_6169b45e-ac3e-4bd1-bf8f-0d4f494f544b.jpg?v=1774230436|https://cdn.shopify.com/s/files/1/0912/9351/6071/files/20230626_i1687710734_4715_0.jpg_1_89cf323e-05f7-41e9-a45c-50abb7722920.jpg?v=1774230436","Hi I want H Uni Bangle White Bracelet",
"H Kelly Gourmette Sliver Diamond Bracelet",https://cdn.shopify.com/s/files/1/0912/9351/6071/files/20210105_i1609829018_1660_2_jpg_e244b0c3-04ce-4354-9f08-63908d7c1426.jpg?v=1774230439,jewelry,hermes,"https://cdn.shopify.com/s/files/1/0912/9351/6071/files/20210105_i1609829018_1660_2_jpg_e244b0c3-04ce-4354-9f08-63908d7c1426.jpg?v=1774230439|https://cdn.shopify.com/s/files/1/0912/9351/6071/files/20210105_i1609829018_9327_8_jpg_eac97137-ba69-4715-9765-4e247a180bed.jpg?v=1774230438|https://cdn.shopify.com/s/files/1/0912/9351/6071/files/20210105_i1609829018_2334_7_jpg_dcc8adf5-9968-4d67-8c0c-42914d28cff3.jpg?v=1774230439|https://cdn.shopify.com/s/files/1/0912/9351/6071/files/20210105_i1609829018_5021_0_jpg_2bf88a54-b61a-4afa-adf8-f3ee30f2af71.jpg?v=1774230439|https://cdn.shopify.com/s/files/1/0912/9351/6071/files/20210105_i1609829018_6926_3_jpg_b95a25a3-a622-454f-85c2-022ed9a9c2b0.jpg?v=1774230439|https://cdn.shopify.com/s/files/1/0912/9351/6071/files/20210105_i1609829018_8217_4_jpg_ab107b45-1020-464f-b596-f51eb33ad6c1.jpg?v=1774230439|https://cdn.shopify.com/s/files/1/0912/9351/6071/files/20210105_i1609829018_8899_1_jpg_f76a616a-4c67-4aa3-87ef-10fb4e000fbf.jpg?v=1774230438|https://cdn.shopify.com/s/files/1/0912/9351/6071/files/20210105_i1609829018_9963_6_jpg_3c767e54-d1d2-4aac-ace1-5a49953d5840.jpg?v=1774230439|https://cdn.shopify.com/s/files/1/0912/9351/6071/files/20210105_i1609829052_9639_0_jpg_3d12559a-0f44-4c67-a5e4-11dc845fa835.jpg?v=1774230439","Hi I want H Kelly Gourmette Sliver Diamond Bracelet",
"H Kelly Gourmette Gold Diamond Bracelet",https://cdn.shopify.com/s/files/1/0912/9351/6071/files/20210105_i1609828164_3948_1_jpg_2c814a3e-09cf-4a08-96b2-6f8c962b747f.jpg?v=1774230442,jewelry,hermes,"https://cdn.shopify.com/s/files/1/0912/9351/6071/files/20210105_i1609828164_3948_1_jpg_2c814a3e-09cf-4a08-96b2-6f8c962b747f.jpg?v=1774230442|https://cdn.shopify.com/s/files/1/0912/9351/6071/files/20210105_i1609828164_465_5_jpg_a0ca361c-26bc-4b66-9c65-f1f58822d719.jpg?v=1774230441|https://cdn.shopify.com/s/files/1/0912/9351/6071/files/20210105_i1609828164_578_8_jpg_75a4158b-d8bc-447f-9da2-36a2100b539e.jpg?v=1774230441|https://cdn.shopify.com/s/files/1/0912/9351/6071/files/20210105_i1609828164_1272_6_jpg_818f85f3-a0bb-447e-9369-c57579f52403.jpg?v=1774230441|https://cdn.shopify.com/s/files/1/0912/9351/6071/files/20210105_i1609828164_2947_3_jpg_ea2d7fe3-b852-4f8a-845b-b25b9a5b8837.jpg?v=1774230442|https://cdn.shopify.com/s/files/1/0912/9351/6071/files/20210105_i1609828164_7588_0_jpg_39e7f84f-6126-426e-a00a-021c7336d5e1.jpg?v=1774230442|https://cdn.shopify.com/s/files/1/0912/9351/6071/files/20210105_i1609828164_9035_7_jpg_3c66912d-32a2-4814-b37f-94580f22d834.jpg?v=1774230441|https://cdn.shopify.com/s/files/1/0912/9351/6071/files/20210105_i1609828164_9405_2_jpg_ecc533b4-247d-4e23-9c7a-c64d6dc2c309.jpg?v=1774230441|https://cdn.shopify.com/s/files/1/0912/9351/6071/files/20210105_i1609828164_9704_4_jpg_1fddd24f-82bd-4990-8db5-cc58fd364301.jpg?v=1774230441","Hi I want H Kelly Gourmette Gold Diamond Bracelet",
"H Classic Sliver Coin Bracelet",https://cdn.shopify.com/s/files/1/0912/9351/6071/files/20201221_i1608560100_8226_6_jpg_9447bd71-0e33-4a74-ac7a-98ee577f7cf7.jpg?v=1774230443,jewelry,hermes,"https://cdn.shopify.com/s/files/1/0912/9351/6071/files/20201221_i1608560100_8226_6_jpg_9447bd71-0e33-4a74-ac7a-98ee577f7cf7.jpg?v=1774230443|https://cdn.shopify.com/s/files/1/0912/9351/6071/files/20201221_i1608560100_2494_2_jpg_1bba0bd9-2e5d-44f0-a700-093703f8e980.jpg?v=1774230444|https://cdn.shopify.com/s/files/1/0912/9351/6071/files/20201221_i1608560100_2854_3_jpg_58f015dd-8858-437a-b1bf-0c2bdca1d9a8.jpg?v=1774230444|https://cdn.shopify.com/s/files/1/0912/9351/6071/files/20201221_i1608560100_6152_1_jpg_b2b7ecd6-b7ea-4f30-af0c-c8e50e690dad.jpg?v=1774230444|https://cdn.shopify.com/s/files/1/0912/9351/6071/files/20201221_i1608560100_7657_5_jpg_d4e40b82-ef2e-41e0-903c-c75046e1c1be.jpg?v=1774230444|https://cdn.shopify.com/s/files/1/0912/9351/6071/files/20201221_i1608560100_8769_7_jpg_fe1a81c4-2e41-422b-8acb-1d3176d1c793.jpg?v=1774230444","Hi I want H Classic Sliver Coin Bracelet",
"H Classic Gold Coin Bracelet",https://cdn.shopify.com/s/files/1/0912/9351/6071/files/20201214_i1607924279_8888_0.jpg_1_283238f2-7efc-4907-8c3b-a2b33dd0a6bb.jpg?v=1774230448,jewelry,hermes,"https://cdn.shopify.com/s/files/1/0912/9351/6071/files/20201214_i1607924279_8888_0.jpg_1_283238f2-7efc-4907-8c3b-a2b33dd0a6bb.jpg?v=1774230448|https://cdn.shopify.com/s/files/1/0912/9351/6071/files/20201214_i1607924279_2189_6.jpg_1_b56e90a0-4a22-4092-9c7b-89079ca18023.jpg?v=1774230447|https://cdn.shopify.com/s/files/1/0912/9351/6071/files/20201214_i1607924279_5168_4.jpg_1_67e4b439-1972-402d-8401-626f90a49129.jpg?v=1774230448|https://cdn.shopify.com/s/files/1/0912/9351/6071/files/20201214_i1607924279_7130_7.jpg_1_f7b3c3a3-86dd-4c01-adca-3501e375118f.jpg?v=1774230448|https://cdn.shopify.com/s/files/1/0912/9351/6071/files/20201214_i1607924279_8364_2.jpg_1_14cd5e05-b363-47b0-9951-b6bd78458e39.jpg?v=1774230448|https://cdn.shopify.com/s/files/1/0912/9351/6071/files/20201214_i1607924279_9361_5.jpg_1_a188dfed-316e-4b55-9998-49f2e344648f.jpg?v=1774230448|https://cdn.shopify.com/s/files/1/0912/9351/6071/files/20201214_i1607924279_9485_3.jpg_1_b688e0eb-43d1-48d3-86b9-a4fd45fb109d.jpg?v=1774230448|https://cdn.shopify.com/s/files/1/0912/9351/6071/files/20201214_i1607924279_9967_1.jpg_1_13c6f864-9448-4d6b-ae54-8ad1cb4586dc.jpg?v=1774230448|https://cdn.shopify.com/s/files/1/0912/9351/6071/files/20201214_i1607924283_8922_0.jpg_1_c6876fc1-45c3-417d-a7de-1884fcc6a0d8.jpg?v=1774230448|https://cdn.shopify.com/s/files/1/0912/9351/6071/files/20201214_i1607924279_2189_6_jpg_158a500a-03c7-4732-a633-283d2d261de3.jpg?v=1774230448|https://cdn.shopify.com/s/files/1/0912/9351/6071/files/20201214_i1607924279_5168_4_jpg_d65f7f70-c035-4a07-b1ca-f97f19f76c8d.jpg?v=1774230448|https://cdn.shopify.com/s/files/1/0912/9351/6071/files/20201214_i1607924279_7130_7_jpg_58367a48-6f0a-494f-8cd5-da43965c66a4.jpg?v=1774230448","Hi I want H Classic Gold Coin Bracelet",
"HM CHAINE D'ANCRE ENCHAINEE GOLD RING DIAMONDS",https://cdn.shopify.com/s/files/1/0912/9351/6071/files/WeChatImage_20230302170304_b04c2f5e-b534-4a72-ba55-37ef7f515ebe.jpg?v=1774234458,jewelry,hermes,"https://cdn.shopify.com/s/files/1/0912/9351/6071/files/WeChatImage_20230302170304_b04c2f5e-b534-4a72-ba55-37ef7f515ebe.jpg?v=1774234458|https://cdn.shopify.com/s/files/1/0912/9351/6071/files/WeChatImage_20230302170322_408dc9b4-2fa8-4e58-a89b-16fe6c8b15f1.jpg?v=1774234458|https://cdn.shopify.com/s/files/1/0912/9351/6071/files/WeChatImage_20230302170324_8c8808a8-3d34-42c8-9922-100f6beb7701.jpg?v=1774234458|https://cdn.shopify.com/s/files/1/0912/9351/6071/files/WeChatImage_20230302170326_be9b6c3d-555a-47c5-b69e-eeaeae45424f.jpg?v=1774234458|https://cdn.shopify.com/s/files/1/0912/9351/6071/files/WeChatImage_20230302170328_c06b03f1-21a6-4dfb-87c2-ed6063e068d2.jpg?v=1774234458|https://cdn.shopify.com/s/files/1/0912/9351/6071/files/WeChatImage_20230302170330_4dbd6cc0-74f6-4164-a7a5-713524eb5239.jpg?v=1774234458","Hi I want HM CHAINE D'ANCRE ENCHAINEE GOLD RING DIAMONDS",
"ECHAPPEE SILVER DIAMOND RING",https://cdn.shopify.com/s/files/1/0912/9351/6071/files/13292140415107006.jpg?v=1774234477,jewelry,hermes,"https://cdn.shopify.com/s/files/1/0912/9351/6071/files/13292140415107006.jpg?v=1774234477|https://cdn.shopify.com/s/files/1/0912/9351/6071/files/13292140419536868.jpg?v=1774234477|https://cdn.shopify.com/s/files/1/0912/9351/6071/files/13292140420526000.jpg?v=1774234478|https://cdn.shopify.com/s/files/1/0912/9351/6071/files/13292140421329145.jpg?v=1774234477|https://cdn.shopify.com/s/files/1/0912/9351/6071/files/13292140422325695.jpg?v=1774234478|https://cdn.shopify.com/s/files/1/0912/9351/6071/files/13292140423437006.jpg?v=1774234478|https://cdn.shopify.com/s/files/1/0912/9351/6071/files/13292140424425393.jpg?v=1774234478|https://cdn.shopify.com/s/files/1/0912/9351/6071/files/13292140426139533.jpg?v=1774234478","Hi I want ECHAPPEE SILVER DIAMOND RING",
"KELLY DIAMONDS RING",https://cdn.shopify.com/s/files/1/0912/9351/6071/files/13305735371533949_b88f9c1c-9467-4646-9fdf-dd736230d4d5.jpg?v=1774234484,jewelry,hermes,"https://cdn.shopify.com/s/files/1/0912/9351/6071/files/13305735371533949_b88f9c1c-9467-4646-9fdf-dd736230d4d5.jpg?v=1774234484|https://cdn.shopify.com/s/files/1/0912/9351/6071/files/collier-de-chien-ring--213609B00-front-1-300-0-1000-1000_b_f8a7362c-1ea9-4a4c-8357-ee7a0b66abbf.jpg?v=1774234484|https://cdn.shopify.com/s/files/1/0912/9351/6071/files/13305735389686895_d6988a32-d2fa-4d20-a70f-3fac057a50ce.jpg?v=1774234486|https://cdn.shopify.com/s/files/1/0912/9351/6071/files/13305735391882571_928fd262-5d78-4530-b545-aac62d9d7d5b.jpg?v=1774234484|https://cdn.shopify.com/s/files/1/0912/9351/6071/files/13305735393546103_262c741f-6c6b-4a9d-8096-3e6ec0e77323.jpg?v=1774234484|https://cdn.shopify.com/s/files/1/0912/9351/6071/files/228155_01_bfd5b5d1-f400-4293-98eb-9afc8be82cd6.jpg?v=1774234499","Hi I want KELLY DIAMONDS RING",
"ECHAPPEE RING SILVER DIAMOND",https://cdn.shopify.com/s/files/1/0912/9351/6071/files/Image_20230220145259_8d8af526-0295-4f38-af40-74e019a2ccd9.jpg?v=1774234494,jewelry,hermes,"https://cdn.shopify.com/s/files/1/0912/9351/6071/files/Image_20230220145259_8d8af526-0295-4f38-af40-74e019a2ccd9.jpg?v=1774234494|https://cdn.shopify.com/s/files/1/0912/9351/6071/files/Image_20230220145246_52b6c5b2-f23e-4903-8c13-e640a8b6bfe5.jpg?v=1774234494|https://cdn.shopify.com/s/files/1/0912/9351/6071/files/Image_20230220145255_68cb79be-db18-4b79-8aca-5f0e835d1b5e.jpg?v=1774234494|https://cdn.shopify.com/s/files/1/0912/9351/6071/files/Image_20230220145307_344f6f32-4334-48aa-9c2c-3bcc7f5311d1.jpg?v=1774234494|https://cdn.shopify.com/s/files/1/0912/9351/6071/files/Image_20230220145235_17d37c56-4187-4a83-aa3f-74ecbd5d3eab.jpg?v=1774234494|https://cdn.shopify.com/s/files/1/0912/9351/6071/files/Image_20230220145242_5f158346-d9c7-4f4d-a152-84046549749c.jpg?v=1774234494","Hi I want ECHAPPEE RING SILVER DIAMOND",
"KELLY SILVER DIAMOND RING",https://cdn.shopify.com/s/files/1/0912/9351/6071/files/Image_20230220144824_22699314-42d9-44f1-a250-57f337526964.jpg?v=1774234504,jewelry,hermes,"https://cdn.shopify.com/s/files/1/0912/9351/6071/files/Image_20230220144824_22699314-42d9-44f1-a250-57f337526964.jpg?v=1774234504|https://cdn.shopify.com/s/files/1/0912/9351/6071/files/Image_20230220144746_cf53ee42-b730-4c1a-869c-ba7251ae06b1.jpg?v=1774234504|https://cdn.shopify.com/s/files/1/0912/9351/6071/files/Image_20230220144818_5833fc9d-ac33-43a3-832e-ef249804f38a.jpg?v=1774234504|https://cdn.shopify.com/s/files/1/0912/9351/6071/files/Image_20230220144829_928ca0f2-e0ae-4bda-a97c-d8da62591a89.jpg?v=1774234504|https://cdn.shopify.com/s/files/1/0912/9351/6071/files/Image_20230220144833_25cd2374-df04-4f3d-a8ed-b9625548a5fb.jpg?v=1774234504|https://cdn.shopify.com/s/files/1/0912/9351/6071/files/Image_20230220144836_b43fb956-cd46-4ec6-969b-aeeac283e718.jpg?v=1774234505|https://cdn.shopify.com/s/files/1/0912/9351/6071/files/Image_20230220144839_3d3d0eaa-c690-4ae6-8d4c-2ca8900a71b9.jpg?v=1774234504","Hi I want KELLY SILVER DIAMOND RING",
"CDC DIAMOND SMALL RING",https://cdn.shopify.com/s/files/1/0912/9351/6071/files/13338965214523630_dcd0665f-6c4f-49dc-a688-9f7d0ff850c5.jpg?v=1774234522,jewelry,hermes,"https://cdn.shopify.com/s/files/1/0912/9351/6071/files/13338965214523630_dcd0665f-6c4f-49dc-a688-9f7d0ff850c5.jpg?v=1774234522|https://cdn.shopify.com/s/files/1/0912/9351/6071/files/collier-de-chien-ring-small-mode_e0fa86b4-7b14-4ef1-92c9-43cb81094959.jpg?v=1774234521|https://cdn.shopify.com/s/files/1/0912/9351/6071/files/13338965253451871_5c0e6ef1-e804-41d1-915d-11fe0f5560b6.jpg?v=1774234521|https://cdn.shopify.com/s/files/1/0912/9351/6071/files/13338965242151570_d37d20ce-debe-4fed-bf0e-b0a5b31c3eac.jpg?v=1774234522|https://cdn.shopify.com/s/files/1/0912/9351/6071/files/13338965243583727_f9c005cd-d4dc-4a99-8719-e8920ce2a75b.jpg?v=1774234522|https://cdn.shopify.com/s/files/1/0912/9351/6071/files/13338965245244542_c269ccdd-4f99-4385-ae44-240995614d4c.jpg?v=1774234522|https://cdn.shopify.com/s/files/1/0912/9351/6071/files/13338965246827078_1da2b8ca-78b5-4461-80d5-00fef8c5be1c.jpg?v=1774234522|https://cdn.shopify.com/s/files/1/0912/9351/6071/files/13338965248462252_6f62f99a-84d0-4ce8-b3ed-68c1f47d7dda.jpg?v=1774234521|https://cdn.shopify.com/s/files/1/0912/9351/6071/files/13338965250081182_65640c09-0a76-42d6-8b33-5ca9b2d815ed.jpg?v=1774234522|https://cdn.shopify.com/s/files/1/0912/9351/6071/files/13338965251766438_1cc6e9d6-6672-407e-851d-2dd6c9325aee.jpg?v=1774234522","Hi I want CDC DIAMOND SMALL RING",
"FINESSE RING SILVER DIAMOND",https://cdn.shopify.com/s/files/1/0912/9351/6071/files/Image_20230220145259_b4e77865-d781-47f4-bd0c-2da0b691f4ed.jpg?v=1774234539,jewelry,hermes,"https://cdn.shopify.com/s/files/1/0912/9351/6071/files/Image_20230220145259_b4e77865-d781-47f4-bd0c-2da0b691f4ed.jpg?v=1774234539|https://cdn.shopify.com/s/files/1/0912/9351/6071/files/Image_20230220145246_651ec51b-2a77-4887-b233-ec369ba55652.jpg?v=1774234539|https://cdn.shopify.com/s/files/1/0912/9351/6071/files/Image_20230220145255_d062b9d0-e92c-4cbd-a2e7-398c6c9939c8.jpg?v=1774234539|https://cdn.shopify.com/s/files/1/0912/9351/6071/files/Image_20230220145307_c3a35e9a-67ab-44a8-bdb8-a0b9810dd841.jpg?v=1774234539|https://cdn.shopify.com/s/files/1/0912/9351/6071/files/Image_20230220145235_452f94e5-4c09-4d6f-94e6-c636a76ccc96.jpg?v=1774234539|https://cdn.shopify.com/s/files/1/0912/9351/6071/files/Image_20230220145242_527c33fe-6c47-4d4f-8b82-5af28bf1a864.jpg?v=1774234539","Hi I want FINESSE RING SILVER DIAMOND",
"CHAINE TASSEL EARRINGS",https://cdn.shopify.com/s/files/1/0912/9351/6071/files/Image_20230220101810_97c500b9-a64e-4533-aba9-264a706634ee.jpg?v=1774234554,jewelry,hermes,"https://cdn.shopify.com/s/files/1/0912/9351/6071/files/Image_20230220101810_97c500b9-a64e-4533-aba9-264a706634ee.jpg?v=1774234554|https://cdn.shopify.com/s/files/1/0912/9351/6071/files/Image_20230220101753_4f0c0225-c4e5-4d76-ba34-5a919d888bad.jpg?v=1774234554|https://cdn.shopify.com/s/files/1/0912/9351/6071/files/Image_20230220101736_e13f2bec-5034-44ab-8b09-7de66cf5b8aa.jpg?v=1774234554|https://cdn.shopify.com/s/files/1/0912/9351/6071/files/Image_20230220101749_7341d927-3935-4b98-8231-37901c8357b1.jpg?v=1774234555|https://cdn.shopify.com/s/files/1/0912/9351/6071/files/Image_20230220101745_9cb5a19e-7881-436d-979f-f030321bb85f.jpg?v=1774234554|https://cdn.shopify.com/s/files/1/0912/9351/6071/files/Image_20230220101805_20ad881a-8a2b-42ee-99d7-d23226fd1467.jpg?v=1774234554","Hi I want CHAINE TASSEL EARRINGS",
"HM CHAINE DIAMOND EARRINGS",https://cdn.shopify.com/s/files/1/0912/9351/6071/files/Image_20230220101450_5eade6e8-22cd-4953-aa97-a4c4d519bb5b.jpg?v=1774234562,jewelry,hermes,"https://cdn.shopify.com/s/files/1/0912/9351/6071/files/Image_20230220101450_5eade6e8-22cd-4953-aa97-a4c4d519bb5b.jpg?v=1774234562|https://cdn.shopify.com/s/files/1/0912/9351/6071/files/Image_20230220101458_33f4a866-463b-4f9a-8d09-fb2ba6e5de27.jpg?v=1774234562|https://cdn.shopify.com/s/files/1/0912/9351/6071/files/Image_20230220101501_482acafb-337d-49f2-866f-d3682f6d7026.jpg?v=1774234561|https://cdn.shopify.com/s/files/1/0912/9351/6071/files/Image_20230220101504_9bbe3035-fec9-488e-a305-48bfb5947877.jpg?v=1774234562|https://cdn.shopify.com/s/files/1/0912/9351/6071/files/Image_20230220101507_7853923c-974a-4023-aff4-53cdb4a7e332.jpg?v=1774234562|https://cdn.shopify.com/s/files/1/0912/9351/6071/files/Image_20230220101510_16db3688-bccb-4cf4-a328-18c6497e63d0.jpg?v=1774234561","Hi I want HM CHAINE DIAMOND EARRINGS",
"H PLAIN SILVER AB PIG NOSE EARRINGS",https://cdn.shopify.com/s/files/1/0912/9351/6071/files/WeChatImage_20230302102319_a1db9ef1-5308-4599-afa0-bdc0599a8eaf.jpg?v=1774234572,jewelry,hermes,"https://cdn.shopify.com/s/files/1/0912/9351/6071/files/WeChatImage_20230302102319_a1db9ef1-5308-4599-afa0-bdc0599a8eaf.jpg?v=1774234572|https://cdn.shopify.com/s/files/1/0912/9351/6071/files/WeChatImage_20230302102333_70554ec6-5164-47d2-84c1-807452b82016.jpg?v=1774234572|https://cdn.shopify.com/s/files/1/0912/9351/6071/files/WeChatImage_20230302102336_1ba31ab6-03f5-46fb-a7b2-461a528d2b9a.jpg?v=1774234572|https://cdn.shopify.com/s/files/1/0912/9351/6071/files/WeChatImage_20230302102338_9a15618b-f46c-441c-a84b-cb15763d2fe0.jpg?v=1774234572|https://cdn.shopify.com/s/files/1/0912/9351/6071/files/WeChatImage_20230302102340_8316ee10-5762-40e1-8f00-c6934a9abc3e.jpg?v=1774234572|https://cdn.shopify.com/s/files/1/0912/9351/6071/files/WeChatImage_20230302102342_6bbd284c-ede0-449e-b788-6ce084c1ff80.jpg?v=1774234572|https://cdn.shopify.com/s/files/1/0912/9351/6071/files/WeChatImage_20230302102345_a18ed26a-6582-4486-9126-58e064cd0a3a.jpg?v=1774234572|https://cdn.shopify.com/s/files/1/0912/9351/6071/files/WeChatImage_20230302102348_a2736bf3-7ac1-4a2b-a137-585c4abe1c4c.jpg?v=1774234572","Hi I want H PLAIN SILVER AB PIG NOSE EARRINGS",
"ENCHAINE HOOP EARRINGS",https://cdn.shopify.com/s/files/1/0912/9351/6071/files/13293968373435946_c57de3d0-d7ef-4483-82de-64de0ef63b6e.jpg?v=1774234583,jewelry,hermes,"https://cdn.shopify.com/s/files/1/0912/9351/6071/files/13293968373435946_c57de3d0-d7ef-4483-82de-64de0ef63b6e.jpg?v=1774234583|https://cdn.shopify.com/s/files/1/0912/9351/6071/files/13293968353723376_64f54d78-ce56-4b87-b59b-7abe0657526f.jpg?v=1774234583|https://cdn.shopify.com/s/files/1/0912/9351/6071/files/13293968374326833_72adcdba-58df-42a7-960f-3cb76e2b3d21.jpg?v=1774234583|https://cdn.shopify.com/s/files/1/0912/9351/6071/files/13293968375923869_626eded6-e502-4410-8ee4-e81a2e4e00c9.jpg?v=1774234583|https://cdn.shopify.com/s/files/1/0912/9351/6071/files/13293968376823880_8fd312de-3f2c-43e7-8204-c5f4baf5145d.jpg?v=1774234583|https://cdn.shopify.com/s/files/1/0912/9351/6071/files/13293968377626785_43d28257-5131-498f-9844-b5acd20aa409.jpg?v=1774234583|https://cdn.shopify.com/s/files/1/0912/9351/6071/files/13293968378424457_89dd506d-cfdd-40fc-bee0-720874c6d9d1.jpg?v=1774234583","Hi I want ENCHAINE HOOP EARRINGS",
"HM PEARL WHITE EARRINGS",https://cdn.shopify.com/s/files/1/0912/9351/6071/files/WeChatImage_20230302101318_888f9240-1916-4f2a-ab54-e34a70e3d361.jpg?v=1774234587,jewelry,hermes,"https://cdn.shopify.com/s/files/1/0912/9351/6071/files/WeChatImage_20230302101318_888f9240-1916-4f2a-ab54-e34a70e3d361.jpg?v=1774234587|https://cdn.shopify.com/s/files/1/0912/9351/6071/files/WeChatImage_20230302101313_72c58c37-3293-4d43-9f9a-7453b8f400e0.jpg?v=1774234587|https://cdn.shopify.com/s/files/1/0912/9351/6071/files/WeChatImage_20230302101321_7e058b0c-b888-4024-9db4-b40ed404a358.jpg?v=1774234587","Hi I want HM PEARL WHITE EARRINGS",
"CLIC H SILVER DIAMOND EARRINGS",https://cdn.shopify.com/s/files/1/0912/9351/6071/files/13334834355239746_f5eaed41-5648-45f2-adce-a4a203ae123b.jpg?v=1774234599,jewelry,hermes,"https://cdn.shopify.com/s/files/1/0912/9351/6071/files/13334834355239746_f5eaed41-5648-45f2-adce-a4a203ae123b.jpg?v=1774234599|https://cdn.shopify.com/s/files/1/0912/9351/6071/files/13334834328152811_4c20c23c-0b71-4908-bafb-f7cefd515473.jpg?v=1774234599|https://cdn.shopify.com/s/files/1/0912/9351/6071/files/13334834356826101_ef736529-d40b-40c3-abe0-434df0d227e9.jpg?v=1774234599|https://cdn.shopify.com/s/files/1/0912/9351/6071/files/13334834358347354_f8b7a933-fb65-4787-a62e-f840ebb0aa37.jpg?v=1774234599","Hi I want CLIC H SILVER DIAMOND EARRINGS",
"CHAINE 3 DIAMOND DROP PINK GOLD EARRINGS",https://cdn.shopify.com/s/files/1/0912/9351/6071/files/13347015409209521.jpg?v=1774234602,jewelry,hermes,"https://cdn.shopify.com/s/files/1/0912/9351/6071/files/13347015409209521.jpg?v=1774234602|https://cdn.shopify.com/s/files/1/0912/9351/6071/files/13347015385196495.jpg?v=1774234603|https://cdn.shopify.com/s/files/1/0912/9351/6071/files/13347015404910782.jpg?v=1774234603|https://cdn.shopify.com/s/files/1/0912/9351/6071/files/13347015407392329.jpg?v=1774234602|https://cdn.shopify.com/s/files/1/0912/9351/6071/files/13347015410891761.jpg?v=1774234602|https://cdn.shopify.com/s/files/1/0912/9351/6071/files/13347015412537135.jpg?v=1774234602|https://cdn.shopify.com/s/files/1/0912/9351/6071/files/13347015413877087.jpg?v=1774234603|https://cdn.shopify.com/s/files/1/0912/9351/6071/files/13347015415383817.jpg?v=1774234602","Hi I want CHAINE 3 DIAMOND DROP PINK GOLD EARRINGS",
"FARANDOLE LONG NECKLACE PINK GOLD",https://cdn.shopify.com/s/files/1/0912/9351/6071/files/13294160159574046_325aece3-b105-45f6-b02b-ed0e45e72879.jpg?v=1774234605,jewelry,hermes,"https://cdn.shopify.com/s/files/1/0912/9351/6071/files/13294160159574046_325aece3-b105-45f6-b02b-ed0e45e72879.jpg?v=1774234605|https://cdn.shopify.com/s/files/1/0912/9351/6071/files/13294160178456823_8ee6d0f1-9939-45b6-a8b1-a6b522195842.jpg?v=1774234606|https://cdn.shopify.com/s/files/1/0912/9351/6071/files/13294160180455526_2f698fc7-d2ad-4a2e-95c4-dc9f42ba5468.jpg?v=1774234605|https://cdn.shopify.com/s/files/1/0912/9351/6071/files/13294160181852546_5e679321-da2d-4880-a1c6-884dac7d32f3.jpg?v=1774234605|https://cdn.shopify.com/s/files/1/0912/9351/6071/files/13294160184258644_99904d42-197b-4313-a2d8-4ed1d74766fa.jpg?v=1774234606|https://cdn.shopify.com/s/files/1/0912/9351/6071/files/13294160185255831_f8a02409-cef1-42f6-a92a-06d7c3a53af4.jpg?v=1774234605|https://cdn.shopify.com/s/files/1/0912/9351/6071/files/13294160186262240_7c80e5db-ab7c-4199-8a90-dbf022b6e095.jpg?v=1774234606|https://cdn.shopify.com/s/files/1/0912/9351/6071/files/13294160187259204_c3e20887-fbe3-4c64-a22e-207c5a0ee9eb.jpg?v=1774234606","Hi I want FARANDOLE LONG NECKLACE PINK GOLD",
"ECHAPPEE NECKLACE DIAMOND",https://cdn.shopify.com/s/files/1/0912/9351/6071/files/13294924144170636_ac65bf1a-d782-412e-8496-5a10786bed11.jpg?v=1774234609,jewelry,hermes,"https://cdn.shopify.com/s/files/1/0912/9351/6071/files/13294924144170636_ac65bf1a-d782-412e-8496-5a10786bed11.jpg?v=1774234609|https://cdn.shopify.com/s/files/1/0912/9351/6071/files/HER381670_1_enlarged_76513a04-0458-41c4-873c-c6edf0a5ca55.jpg?v=1774234609|https://cdn.shopify.com/s/files/1/0912/9351/6071/files/13294924143170311_d94e55eb-ed6d-4244-aaff-2bc27e332d51.jpg?v=1774234609|https://cdn.shopify.com/s/files/1/0912/9351/6071/files/13294924123770802_debdde92-cd13-4e91-9ff3-80a93d454e4c.jpg?v=1774234609|https://cdn.shopify.com/s/files/1/0912/9351/6071/files/13294924145180983_5b38743d-e929-4f32-adbc-c5f0f3178d02.jpg?v=1774234609|https://cdn.shopify.com/s/files/1/0912/9351/6071/files/13294924146076587_3b0e5219-6188-4e33-951c-8d69b62de022.jpg?v=1774234609|https://cdn.shopify.com/s/files/1/0912/9351/6071/files/13294924147070100_41cca842-eb5c-491d-b6cb-bf53df64cc42.jpg?v=1774234609|https://cdn.shopify.com/s/files/1/0912/9351/6071/files/13294924148069795_6bfea8c6-6b67-462d-8cc3-91a1c8c3e539.jpg?v=1774234609|https://cdn.shopify.com/s/files/1/0912/9351/6071/files/13294924148971005_5d25c5bb-2dbe-4400-b6dd-ad62fcf7247c.jpg?v=1774234609|https://cdn.shopify.com/s/files/1/0912/9351/6071/files/13294924149972238_ff9ff397-c1bd-4079-a262-e67c231df905.jpg?v=1774234609","Hi I want ECHAPPEE NECKLACE DIAMOND",
"AMULETTE CONSTANCE PEDANT PINK GOLD NECKLACE",https://cdn.shopify.com/s/files/1/0912/9351/6071/files/amulettes-constance-pendant--121326B00-worn-3-0-0-800-800_b_504abc38-41d2-4f29-b257-ea6234f5ce64.jpg?v=1774234612,jewelry,hermes,"https://cdn.shopify.com/s/files/1/0912/9351/6071/files/amulettes-constance-pendant--121326B00-worn-3-0-0-800-800_b_504abc38-41d2-4f29-b257-ea6234f5ce64.jpg?v=1774234612|https://cdn.shopify.com/s/files/1/0912/9351/6071/files/13296412350444594_c70a45b2-007b-44a1-887a-64f28bc9461e.jpg?v=1774234612|https://cdn.shopify.com/s/files/1/0912/9351/6071/files/13296412351745894_5a8eb70b-c435-4498-9835-a6446a5977e1.jpg?v=1774234612|https://cdn.shopify.com/s/files/1/0912/9351/6071/files/13296412352835158_dfc8456c-dcfc-4d6b-9e52-c05e16a8cec4.jpg?v=1774234612|https://cdn.shopify.com/s/files/1/0912/9351/6071/files/13296412353839975_419b9ef3-996d-4669-83ab-5bccd3265b92.jpg?v=1774234612|https://cdn.shopify.com/s/files/1/0912/9351/6071/files/13296412355140603_7a35d7aa-c373-4a80-a0c6-c6a2279823fc.jpg?v=1774234612|https://cdn.shopify.com/s/files/1/0912/9351/6071/files/13296412356340945_e289ba2e-34da-4de9-a7fa-aa1c0da0a277.jpg?v=1774234612|https://cdn.shopify.com/s/files/1/0912/9351/6071/files/13296412357339335_52d29af7-eb40-4956-a006-049d9d539279.jpg?v=1774234612|https://cdn.shopify.com/s/files/1/0912/9351/6071/files/13296412358335877_72578aa6-8fb2-47c6-bf09-829725cc8e38.jpg?v=1774234612","Hi I want AMULETTE CONSTANCE PEDANT PINK GOLD NECKLACE",
"AMULETTE CONSTANCE PEDANT SILVER NECKLACE",https://cdn.shopify.com/s/files/1/0912/9351/6071/files/13296412394477975_8789b5f3-b25e-4d4b-9f6f-591273718ba6.jpg?v=1774234618,jewelry,hermes,"https://cdn.shopify.com/s/files/1/0912/9351/6071/files/13296412394477975_8789b5f3-b25e-4d4b-9f6f-591273718ba6.jpg?v=1774234618|https://cdn.shopify.com/s/files/1/0912/9351/6071/files/13296412387473062_e34778b9-9d88-4f30-86c4-558f2a1cee9b.jpg?v=1774234617|https://cdn.shopify.com/s/files/1/0912/9351/6071/files/13296412388474805_fce8ec1f-cdd9-493b-a4dd-7a62d83187b2.jpg?v=1774234618|https://cdn.shopify.com/s/files/1/0912/9351/6071/files/13296412389681371_d835d04a-dc13-4199-96f4-1818a581d2d6.jpg?v=1774234618|https://cdn.shopify.com/s/files/1/0912/9351/6071/files/13296412390889397_12afc68e-9f82-4b7d-b4f1-6dab5266e356.jpg?v=1774234618|https://cdn.shopify.com/s/files/1/0912/9351/6071/files/13296412392187364_6fb2f39d-e501-41be-8f09-ba90b0294e83.jpg?v=1774234617|https://cdn.shopify.com/s/files/1/0912/9351/6071/files/13296412393471903_6e30967e-952e-48b3-be15-c4fde9b4be03.jpg?v=1774234617|https://cdn.shopify.com/s/files/1/0912/9351/6071/files/13296412395675432_6524872c-a767-466b-af4a-e05da976d6e0.jpg?v=1774234617","Hi I want AMULETTE CONSTANCE PEDANT SILVER NECKLACE",
"CHAINE VERSO BLACK CERAMIC NECKLACE",https://cdn.shopify.com/s/files/1/0912/9351/6071/files/chaine-d-ancre-verso-pendant-large-model--220341B00-worn-1-0-0-800-800_b_67cb3a0f-8933-4fd1-9b59-d192a5407652.jpg?v=1774234619,jewelry,hermes,"https://cdn.shopify.com/s/files/1/0912/9351/6071/files/chaine-d-ancre-verso-pendant-large-model--220341B00-worn-1-0-0-800-800_b_67cb3a0f-8933-4fd1-9b59-d192a5407652.jpg?v=1774234619|https://cdn.shopify.com/s/files/1/0912/9351/6071/files/13298957200269115_d9281522-18d2-44de-8b8b-43d81a915d9a.jpg?v=1774234619|https://cdn.shopify.com/s/files/1/0912/9351/6071/files/13298957202784420_464e5657-b565-4eef-b460-611ea39aad02.jpg?v=1774234619|https://cdn.shopify.com/s/files/1/0912/9351/6071/files/13298957185970783_2c50eba2-90c6-47e1-8183-15a9d255c824.jpg?v=1774234619|https://cdn.shopify.com/s/files/1/0912/9351/6071/files/13298957197272841_ab9c2e90-1f15-4739-adf7-c894003510ab.jpg?v=1774234619|https://cdn.shopify.com/s/files/1/0912/9351/6071/files/13298957201471959_aace2395-ed43-4465-8b06-dcb1666a0bee.jpg?v=1774234619|https://cdn.shopify.com/s/files/1/0912/9351/6071/files/13298957204469909_beca0c63-22d7-4245-8a1e-064707512bd4.jpg?v=1774234619","Hi I want CHAINE VERSO BLACK CERAMIC NECKLACE",
"CONSTANCE BLACK PEDANT PINK GOLD NECKLACE",https://cdn.shopify.com/s/files/1/0912/9351/6071/files/amulettes-constance-pendant--221354B00-worn-1-0-0-1000-1000_b_7b6adcb0-7eec-49db-988a-5dfbb929176d.jpg?v=1774234621,jewelry,hermes,"https://cdn.shopify.com/s/files/1/0912/9351/6071/files/amulettes-constance-pendant--221354B00-worn-1-0-0-1000-1000_b_7b6adcb0-7eec-49db-988a-5dfbb929176d.jpg?v=1774234621|https://cdn.shopify.com/s/files/1/0912/9351/6071/files/13299516973460157_5b1176a3-46bb-4ea0-881e-131d91ee28f0.jpg?v=1774234621|https://cdn.shopify.com/s/files/1/0912/9351/6071/files/13299517004047937_133ccdc3-8be6-4f7d-84da-492f3d3b7a7b.jpg?v=1774234621|https://cdn.shopify.com/s/files/1/0912/9351/6071/files/13299517004849634_955618d5-69aa-4703-94ca-6007c6aca346.jpg?v=1774234622|https://cdn.shopify.com/s/files/1/0912/9351/6071/files/13299517005747231_45527e37-6a72-4d36-b0ac-7242fecea5a3.jpg?v=1774234621|https://cdn.shopify.com/s/files/1/0912/9351/6071/files/13299517006551031_e15dc2d7-6821-4752-998e-bfb7ee399193.jpg?v=1774234621|https://cdn.shopify.com/s/files/1/0912/9351/6071/files/13299517007448713_3b991a6f-0813-44ad-b54a-d5705d5a47e5.jpg?v=1774234621|https://cdn.shopify.com/s/files/1/0912/9351/6071/files/13299517009247226_ec11bcd5-d7ed-4a58-8faf-beda6e450861.jpg?v=1774234621","Hi I want CONSTANCE BLACK PEDANT PINK GOLD NECKLACE",
"KELLY PEDANT SILVER",https://cdn.shopify.com/s/files/1/0912/9351/6071/files/amulettes-cadenas-pendant--121331B00-worn-1-0-0-1000-1000_b_28e0ca41-f895-46a9-9850-dcb479c3d4fc.jpg?v=1774234622,jewelry,hermes,"https://cdn.shopify.com/s/files/1/0912/9351/6071/files/amulettes-cadenas-pendant--121331B00-worn-1-0-0-1000-1000_b_28e0ca41-f895-46a9-9850-dcb479c3d4fc.jpg?v=1774234622|https://cdn.shopify.com/s/files/1/0912/9351/6071/files/13287324760135451_04c269ad-b94a-478c-8f8c-1396c3c45a79.jpg?v=1774234622|https://cdn.shopify.com/s/files/1/0912/9351/6071/files/13287324729660654_49e22efa-4590-4cd0-b4df-21bdc2a7f4f3.jpg?v=1774234622|https://cdn.shopify.com/s/files/1/0912/9351/6071/files/13287324757840382_05195eb6-4345-4d81-8e47-23f8884d0264.jpg?v=1774234622|https://cdn.shopify.com/s/files/1/0912/9351/6071/files/13287324762534692_38bea7b7-1761-44b5-b0c6-0e43ecaabd6c.jpg?v=1774234622|https://cdn.shopify.com/s/files/1/0912/9351/6071/files/13287324763552051_fc74395f-2a77-4113-bbff-496094d72b10.jpg?v=1774234622","Hi I want KELLY PEDANT SILVER",
"CHAINE VERSO BLACK CERAMIC SILVER NECKLACE",h,jewelry,hermes,"https://cdn.shopify.com/s/files/1/0912/9351/6071/files/13303232610516441_e536eb44-7f64-4e79-9998-69c9cdc81539.jpg?v=1774234625","Hi I want CHAINE VERSO BLACK CERAMIC SILVER NECKLACE",
"CONSTANCE PEDANT PURPLE DIAMOND NECKLACE",https://cdn.shopify.com/s/files/1/0912/9351/6071/files/13286736560597595_abae919e-d843-47c9-b0d9-42b9c7aeb54a.jpg?v=1774234630,jewelry,hermes,"https://cdn.shopify.com/s/files/1/0912/9351/6071/files/13286736560597595_abae919e-d843-47c9-b0d9-42b9c7aeb54a.jpg?v=1774234630|https://cdn.shopify.com/s/files/1/0912/9351/6071/files/13286736600005595_9303ac00-ba28-43f3-a2c4-c40228306691.jpg?v=1774234630|https://cdn.shopify.com/s/files/1/0912/9351/6071/files/13286736604609125_eb8c8dcc-b980-4e66-8fa7-d74e861d978d.jpg?v=1774234630|https://cdn.shopify.com/s/files/1/0912/9351/6071/files/13286736610601606_e82dcbf4-e093-4f90-8d82-d79f12a2709a.jpg?v=1774234630","Hi I want CONSTANCE PEDANT PURPLE DIAMOND NECKLACE",
"ECHAPPEE NECKLACE PINK GOLD",https://cdn.shopify.com/s/files/1/0912/9351/6071/files/13287427190882430_52cf29c6-3ddb-4f06-ac21-48afa36caf7d.jpg?v=1774234631,jewelry,hermes,"https://cdn.shopify.com/s/files/1/0912/9351/6071/files/13287427190882430_52cf29c6-3ddb-4f06-ac21-48afa36caf7d.jpg?v=1774234631|https://cdn.shopify.com/s/files/1/0912/9351/6071/files/13287427171879264_3a7876f2-3ef0-475d-aef3-dfb97fa1676b.jpg?v=1774234631|https://cdn.shopify.com/s/files/1/0912/9351/6071/files/13287427195378862_236d1426-949d-400d-bfc5-5b5dc2a7afa0.jpg?v=1774234631|https://cdn.shopify.com/s/files/1/0912/9351/6071/files/13287427197195119_94c1f84e-974f-454f-811a-42a61245b488.jpg?v=1774234631","Hi I want ECHAPPEE NECKLACE PINK GOLD",
"CHAINE SMALL NECKLACE GOLD AND SILVER",https://cdn.shopify.com/s/files/1/0912/9351/6071/files/screenshot_1666836593_a996a2bc-b35d-4a5c-a05f-e83f180ee980.png?v=1774234633,jewelry,hermes,"https://cdn.shopify.com/s/files/1/0912/9351/6071/files/screenshot_1666836593_a996a2bc-b35d-4a5c-a05f-e83f180ee980.png?v=1774234633|https://cdn.shopify.com/s/files/1/0912/9351/6071/files/13291407087925734_c478f873-fe9e-434d-9080-a5b8d1ac81a5.jpg?v=1774234633|https://cdn.shopify.com/s/files/1/0912/9351/6071/files/13291407116726004_f371fbdf-b515-4b69-ad58-55a06ed9a98e.jpg?v=1774234633|https://cdn.shopify.com/s/files/1/0912/9351/6071/files/13291407123446502_3dd801d5-6d0c-46e3-9369-9da0a17a182b.jpg?v=1774234633|https://cdn.shopify.com/s/files/1/0912/9351/6071/files/13291407125018985_ce94663b-1067-4cba-b60f-fbeed7ca0e13.jpg?v=1774234633|https://cdn.shopify.com/s/files/1/0912/9351/6071/files/13291407126518883_f79f85ea-753d-4675-a3ba-7e86cc549b3c.jpg?v=1774234633","Hi I want CHAINE SMALL NECKLACE GOLD AND SILVER",
"POP H LIGHT BLUE NECKLACE",https://cdn.shopify.com/s/files/1/0912/9351/6071/files/herms_mini_pop_h_light_blue_1634996519_b0c73fb9_progressive_43877034-6b9b-49ad-81d6-b7f9afff1e3c.jpg?v=1774234643,jewelry,hermes,"https://cdn.shopify.com/s/files/1/0912/9351/6071/files/herms_mini_pop_h_light_blue_1634996519_b0c73fb9_progressive_43877034-6b9b-49ad-81d6-b7f9afff1e3c.jpg?v=1774234643|https://cdn.shopify.com/s/files/1/0912/9351/6071/files/13297709826954247_cc446505-98bc-4730-aa1a-3d0ec3c98cb2.jpg?v=1774234643|https://cdn.shopify.com/s/files/1/0912/9351/6071/files/13297709827754362_4d7cec63-66cf-43ba-9c45-a10c92555f63.jpg?v=1774234643|https://cdn.shopify.com/s/files/1/0912/9351/6071/files/13297709808259669_cbf5954f-55a1-456f-9fb4-256751661178.jpg?v=1774234643|https://cdn.shopify.com/s/files/1/0912/9351/6071/files/13297709828666416_32537df2-61f6-4a8f-a675-7a3d9e8d479a.jpg?v=1774234643","Hi I want POP H LIGHT BLUE NECKLACE",
"HM ROUND CARD SILVER PINK GOLD DROP NECKLACE",https://cdn.shopify.com/s/files/1/0912/9351/6071/files/Image_20230220113708_14882c94-ecff-4578-8124-2df047bfd91a.jpg?v=1774234649,jewelry,hermes,"https://cdn.shopify.com/s/files/1/0912/9351/6071/files/Image_20230220113708_14882c94-ecff-4578-8124-2df047bfd91a.jpg?v=1774234649|https://cdn.shopify.com/s/files/1/0912/9351/6071/files/Image_20230220113714_0732cb50-859e-489a-9239-bb622e9f95cb.jpg?v=1774234649|https://cdn.shopify.com/s/files/1/0912/9351/6071/files/Image_20230220113719_3c9dc904-c3d6-48ff-99ac-e5a7b7ea7e78.jpg?v=1774234649|https://cdn.shopify.com/s/files/1/0912/9351/6071/files/Image_20230220113650_33fed7d6-20a4-4c74-b729-988e4e234f29.jpg?v=1774234649|https://cdn.shopify.com/s/files/1/0912/9351/6071/files/Image_20230220113653_4ef7022c-a28b-4fdb-b907-d6fed159a290.jpg?v=1774234651|https://cdn.shopify.com/s/files/1/0912/9351/6071/files/Image_20230220113630_e9e65c2d-1255-413d-9c6f-01c2d7f35791.jpg?v=1774234649|https://cdn.shopify.com/s/files/1/0912/9351/6071/files/Image_20230220113643_910b71c5-a2c8-4bc0-ad03-d2b5af3fef5e.jpg?v=1774234649|https://cdn.shopify.com/s/files/1/0912/9351/6071/files/Image_20230220113647_fc175daf-2b45-40b8-9b1e-0cd8fa794144.jpg?v=1774234649|https://cdn.shopify.com/s/files/1/0912/9351/6071/files/Image_20230220113640_5e8ec5b5-838c-4b9a-a720-e3962eaf873a.jpg?v=1774234649","Hi I want HM ROUND CARD SILVER PINK GOLD DROP NECKLACE",
"CHAINE SMALL RED NECKLACE GOLD AND PINK GOLD",https://cdn.shopify.com/s/files/1/0912/9351/6071/files/Image_20230220114004_3e795996-a1c0-4527-a449-4d6e691d0d25.jpg?v=1774234651,jewelry,hermes,"https://cdn.shopify.com/s/files/1/0912/9351/6071/files/Image_20230220114004_3e795996-a1c0-4527-a449-4d6e691d0d25.jpg?v=1774234651|https://cdn.shopify.com/s/files/1/0912/9351/6071/files/Image_20230220113933_cf803b8f-8588-4115-87cb-4fc42c8c9818.jpg?v=1774234651|https://cdn.shopify.com/s/files/1/0912/9351/6071/files/Image_20230220113943_df144096-ede1-42ce-abdf-7f8f24099f2b.jpg?v=1774234651|https://cdn.shopify.com/s/files/1/0912/9351/6071/files/Image_20230220113949_47fe5bd8-152c-4612-b3a7-91994a97c136.jpg?v=1774234651|https://cdn.shopify.com/s/files/1/0912/9351/6071/files/Image_20230220113952_16dd3f81-bc5e-444e-ab6a-2d01fd7ed977.jpg?v=1774234651|https://cdn.shopify.com/s/files/1/0912/9351/6071/files/Image_20230220113956_c66bc930-dcb1-417e-b9b3-6d00ba87b412.jpg?v=1774234651|https://cdn.shopify.com/s/files/1/0912/9351/6071/files/Image_20230220114001_6f08cf2a-50b5-45a4-83dd-b1880db2483a.jpg?v=1774234651|https://cdn.shopify.com/s/files/1/0912/9351/6071/files/Image_20230220114008_b5a3fd5b-de0e-4b2a-98ff-fe8a4530e555.jpg?v=1774234651","Hi I want CHAINE SMALL RED NECKLACE GOLD AND PINK GOLD",
"H WHITE SQUARE PINK GOLD NECKLACE",https://cdn.shopify.com/s/files/1/0912/9351/6071/files/Image_20230220135351_00c33b11-b907-4492-9784-57eea11f7e70.jpg?v=1774234660,jewelry,hermes,"https://cdn.shopify.com/s/files/1/0912/9351/6071/files/Image_20230220135351_00c33b11-b907-4492-9784-57eea11f7e70.jpg?v=1774234660|https://cdn.shopify.com/s/files/1/0912/9351/6071/files/Image_20230220135408_0755eaff-bec9-4be4-9f03-229af4779c7e.jpg?v=1774234660|https://cdn.shopify.com/s/files/1/0912/9351/6071/files/Image_20230220135345_34d6998e-f4d0-4531-a5e5-081d5a7d0adf.jpg?v=1774234661|https://cdn.shopify.com/s/files/1/0912/9351/6071/files/Image_20230220135354_e4e89609-6274-4929-b14d-dd77a2bf936b.jpg?v=1774234661|https://cdn.shopify.com/s/files/1/0912/9351/6071/files/Image_20230220135404_23243467-72d5-4899-82ac-594e19e5e131.jpg?v=1774234661|https://cdn.shopify.com/s/files/1/0912/9351/6071/files/Image_20230220135412_98d3ce79-284b-482f-826d-7c4709548524.jpg?v=1774234661|https://cdn.shopify.com/s/files/1/0912/9351/6071/files/Image_20230220135357_1eeb6cb9-b076-45c7-a88b-bec848ce0557.jpg?v=1774234660","Hi I want H WHITE SQUARE PINK GOLD NECKLACE",
"CONSTANCE RED PEDANT PINK GOLD NECKLACE",https://cdn.shopify.com/s/files/1/0912/9351/6071/files/Image_20230220141447_fa698af1-7b33-42a3-bf46-d9bdcecf8d18.jpg?v=1774234670,jewelry,hermes,"https://cdn.shopify.com/s/files/1/0912/9351/6071/files/Image_20230220141447_fa698af1-7b33-42a3-bf46-d9bdcecf8d18.jpg?v=1774234670|https://cdn.shopify.com/s/files/1/0912/9351/6071/files/Image_20230220141458_e3f19140-c44b-4865-a64a-0b655fac2c92.jpg?v=1774234670|https://cdn.shopify.com/s/files/1/0912/9351/6071/files/Image_20230220141505_903d7e1b-36e3-44bb-abf8-da2407e9098d.jpg?v=1774234670","Hi I want CONSTANCE RED PEDANT PINK GOLD NECKLACE",
"O'KELLY GOLD NECKLACE",https://cdn.shopify.com/s/files/1/0912/9351/6071/files/Image_20230220141814_86789d72-7260-4af1-9028-ecbb3c81ad1c.jpg?v=1774234671,jewelry,hermes,"https://cdn.shopify.com/s/files/1/0912/9351/6071/files/Image_20230220141814_86789d72-7260-4af1-9028-ecbb3c81ad1c.jpg?v=1774234671|https://cdn.shopify.com/s/files/1/0912/9351/6071/files/Image_20230220141838_094e66cd-1178-4768-b97e-854315edf922.jpg?v=1774234671|https://cdn.shopify.com/s/files/1/0912/9351/6071/files/Image_20230220141834_cb6566ef-ce0c-4b63-9064-fa88d5bc5a8e.jpg?v=1774234671|https://cdn.shopify.com/s/files/1/0912/9351/6071/files/Image_20230220141831_5d36e673-4121-439e-bd5c-430165dbe340.jpg?v=1774234671","Hi I want O'KELLY GOLD NECKLACE",
"H WHITE SQUARE GOLD NECKLACE",https://cdn.shopify.com/s/files/1/0912/9351/6071/files/Image_20230220141955_8278692a-eb70-4322-b8b7-86501e22c99c.jpg?v=1774234672,jewelry,hermes,"https://cdn.shopify.com/s/files/1/0912/9351/6071/files/Image_20230220141955_8278692a-eb70-4322-b8b7-86501e22c99c.jpg?v=1774234672|https://cdn.shopify.com/s/files/1/0912/9351/6071/files/Image_20230220142010_47e4e5a3-1e3b-44b2-8f31-37a27a20451a.jpg?v=1774234672|https://cdn.shopify.com/s/files/1/0912/9351/6071/files/Image_20230220142013_f9e92d9d-25c6-4f8f-9b9d-4bce2131ca9f.jpg?v=1774234672|https://cdn.shopify.com/s/files/1/0912/9351/6071/files/Image_20230220142018_5929d61f-9a29-4094-a833-6d4eb605d122.jpg?v=1774234672|https://cdn.shopify.com/s/files/1/0912/9351/6071/files/Image_20230220142023_69d46e7c-5f64-47b6-b384-85f6a9c157e9.jpg?v=1774234672","Hi I want H WHITE SQUARE GOLD NECKLACE",
"CHAINE VERSO  NECKLACE",https://cdn.shopify.com/s/files/1/0912/9351/6071/files/Image_20230220142603_3a3857a4-b8b1-4d18-8569-b6d13baaed69.jpg?v=1774234677,jewelry,hermes,"https://cdn.shopify.com/s/files/1/0912/9351/6071/files/Image_20230220142603_3a3857a4-b8b1-4d18-8569-b6d13baaed69.jpg?v=1774234677|https://cdn.shopify.com/s/files/1/0912/9351/6071/files/Image_20230220135812_138bc55d-f164-462e-ba34-1c10950d4f0a.jpg?v=1774234677|https://cdn.shopify.com/s/files/1/0912/9351/6071/files/Image_20230220142625_13188693-6dd1-4b21-9a62-12d7dcdfb041.jpg?v=1774234677|https://cdn.shopify.com/s/files/1/0912/9351/6071/files/Image_20230220135822_f1bf2ff5-473c-4b34-8be3-d8a1edca15b9.jpg?v=1774234677|https://cdn.shopify.com/s/files/1/0912/9351/6071/files/Image_20230220135829_d5b7b464-e682-4cdd-837d-1660338f1e9f.jpg?v=1774234677|https://cdn.shopify.com/s/files/1/0912/9351/6071/files/Image_20230220135832_7774f94f-e80f-4333-b062-a87a11c64a74.jpg?v=1774234677|https://cdn.shopify.com/s/files/1/0912/9351/6071/files/Image_20230220135836_e2427036-8a2d-415c-858d-6517f79a796e.jpg?v=1774234677|https://cdn.shopify.com/s/files/1/0912/9351/6071/files/Image_20230220135819_33dfd399-1032-48c8-beee-cae05de7bd59.jpg?v=1774234678","Hi I want CHAINE VERSO  NECKLACE",
"HM ADVANCED NICHE LOCK HEAD NECKLACE DIAMONDS",https://cdn.shopify.com/s/files/1/0912/9351/6071/files/121332B00_worn_3_a0a61967-1759-4253-81d4-025822ff794d.jpg?v=1774234685,jewelry,hermes,"https://cdn.shopify.com/s/files/1/0912/9351/6071/files/121332B00_worn_3_a0a61967-1759-4253-81d4-025822ff794d.jpg?v=1774234685|https://cdn.shopify.com/s/files/1/0912/9351/6071/files/WeChatImage_20230303152512_812379fb-929f-40ba-ab20-4e3a704fe495.jpg?v=1774234685|https://cdn.shopify.com/s/files/1/0912/9351/6071/files/WeChatImage_20230303152530_b06fb4d8-4468-46e3-8eb1-2e1e04894223.jpg?v=1774234685|https://cdn.shopify.com/s/files/1/0912/9351/6071/files/WeChatImage_20230303152533_a14a24c4-9700-426b-abb0-de12a8bd7677.jpg?v=1774234685|https://cdn.shopify.com/s/files/1/0912/9351/6071/files/WeChatImage_20230303152535_65810954-25d5-428b-9fb0-14a04cc61e0e.jpg?v=1774234685|https://cdn.shopify.com/s/files/1/0912/9351/6071/files/WeChatImage_20230303152537_03fa4a2e-c1b3-4a1f-a8d4-59bf3d16d72b.jpg?v=1774234685|https://cdn.shopify.com/s/files/1/0912/9351/6071/files/WeChatImage_20230303152539_1c7b3139-b34d-4f00-b9c8-d2325c09d237.jpg?v=1774234685|https://cdn.shopify.com/s/files/1/0912/9351/6071/files/WeChatImage_20230303152541_c24d0763-f14d-4409-97e3-546f827bf165.jpg?v=1774234685|https://cdn.shopify.com/s/files/1/0912/9351/6071/files/WeChatImage_20230303152543_2fd4097a-2b9d-4a67-afcd-42feac8fa8c7.jpg?v=1774234685|https://cdn.shopify.com/s/files/1/0912/9351/6071/files/WeChatImage_20230303152545_6983fa5f-d838-4ef0-a90b-aa58aae4792c.jpg?v=1774234685","Hi I want HM ADVANCED NICHE LOCK HEAD NECKLACE DIAMONDS",
"HM CLIC BLACK ENAMEL GOLD NECKLACE",https://cdn.shopify.com/s/files/1/0912/9351/6071/files/WeChatImage_20230303145356_8650fc2b-b755-4ad0-8683-fb6b7b4db714.jpg?v=1774234689,jewelry,hermes,"https://cdn.shopify.com/s/files/1/0912/9351/6071/files/WeChatImage_20230303145356_8650fc2b-b755-4ad0-8683-fb6b7b4db714.jpg?v=1774234689|https://cdn.shopify.com/s/files/1/0912/9351/6071/files/WeChatImage_20230303145354_c3a0df8b-36b0-4dce-852b-aae2c3ad0b71.jpg?v=1774234689|https://cdn.shopify.com/s/files/1/0912/9351/6071/files/WeChatImage_20230303145332_1be6339c-ca8e-4d57-8eaa-cb0d6e33b875.jpg?v=1774234689|https://cdn.shopify.com/s/files/1/0912/9351/6071/files/WeChatImage_20230303145348_247c23ec-a337-4b73-8fc1-e6cf69c31574.jpg?v=1774234689|https://cdn.shopify.com/s/files/1/0912/9351/6071/files/WeChatImage_20230303145351_f9a4c341-1adf-4423-bae0-33ea04468f69.jpg?v=1774234689|https://cdn.shopify.com/s/files/1/0912/9351/6071/files/WeChatImage_20230303145358_15fcecde-b220-4b5c-84aa-3d6e931d1d8f.jpg?v=1774234689|https://cdn.shopify.com/s/files/1/0912/9351/6071/files/WeChatImage_20230303145401_cc5ac6bd-942d-416e-8bf4-b3523919933e.jpg?v=1774234689|https://cdn.shopify.com/s/files/1/0912/9351/6071/files/WeChatImage_20230303145404_0b360c50-dce3-4516-8d01-d31b04209969.jpg?v=1774234689|https://cdn.shopify.com/s/files/1/0912/9351/6071/files/WeChatImage_20230303145406_b3550cf4-ba8d-488f-a447-faee9158492a.jpg?v=1774234689","Hi I want HM CLIC BLACK ENAMEL GOLD NECKLACE",
"H NECKLACE BROWN",https://cdn.shopify.com/s/files/1/0912/9351/6071/files/WeChatImage_20230303154110_215adb71-20d3-414a-9f5c-b29a75b3b53f.jpg?v=1774234694,jewelry,hermes,"https://cdn.shopify.com/s/files/1/0912/9351/6071/files/WeChatImage_20230303154110_215adb71-20d3-414a-9f5c-b29a75b3b53f.jpg?v=1774234694|https://cdn.shopify.com/s/files/1/0912/9351/6071/files/WeChatImage_20230303154137_ab88d9a2-eb14-4692-9cf9-64df0f59ba3f.jpg?v=1774234694|https://cdn.shopify.com/s/files/1/0912/9351/6071/files/WeChatImage_20230303154140_f2f01339-bd8b-4f31-bac6-eac7145322cf.jpg?v=1774234694|https://cdn.shopify.com/s/files/1/0912/9351/6071/files/WeChatImage_20230303154143_91c3494c-569d-47d8-9ebd-ef4d1d8a6d2e.jpg?v=1774234694","Hi I want H NECKLACE BROWN",
"HM CLIC YELLOW ENAMEL GOLD NECKLACE",https://cdn.shopify.com/s/files/1/0912/9351/6071/files/WeChatImage_20230303145146_5153c96a-13fd-4f57-bb39-7b45d0fa48d9.jpg?v=1774234693,jewelry,hermes,"https://cdn.shopify.com/s/files/1/0912/9351/6071/files/WeChatImage_20230303145146_5153c96a-13fd-4f57-bb39-7b45d0fa48d9.jpg?v=1774234693|https://cdn.shopify.com/s/files/1/0912/9351/6071/files/147992FP41_worn_1_c4503265-fad5-4bd3-a545-52fcb8b15c6c.jpg?v=1774234693|https://cdn.shopify.com/s/files/1/0912/9351/6071/files/WeChatImage_20230303145006_2b0b7808-0366-4a33-8c1b-0f1522de1e76.jpg?v=1774234693|https://cdn.shopify.com/s/files/1/0912/9351/6071/files/WeChatImage_20230303145143_114c8416-48ff-4651-9fe3-d2dca63e926c.jpg?v=1774234693|https://cdn.shopify.com/s/files/1/0912/9351/6071/files/WeChatImage_20230303145149_01fe41f8-1074-47e7-9d85-b9ed7a3c52eb.jpg?v=1774234693|https://cdn.shopify.com/s/files/1/0912/9351/6071/files/WeChatImage_20230303145152_9c889609-8ac2-4946-9395-c083bd0f5fa1.jpg?v=1774234693|https://cdn.shopify.com/s/files/1/0912/9351/6071/files/WeChatImage_20230303145155_e568bc6d-15e1-4d16-9e68-e7afe58d46b6.jpg?v=1774234693","Hi I want HM CLIC YELLOW ENAMEL GOLD NECKLACE",
"HM NECKLACE H LETTER OVAL SERIES",https://cdn.shopify.com/s/files/1/0912/9351/6071/files/WeChatImage_20230303143918_4825c1d4-eedc-4f3c-9041-139f11d96776.jpg?v=1774234697,jewelry,hermes,"https://cdn.shopify.com/s/files/1/0912/9351/6071/files/WeChatImage_20230303143918_4825c1d4-eedc-4f3c-9041-139f11d96776.jpg?v=1774234697|https://cdn.shopify.com/s/files/1/0912/9351/6071/files/WeChatImage_20230303143908_78188ae6-1bad-41ee-a89c-2f2a220f94bd.jpg?v=1774234697|https://cdn.shopify.com/s/files/1/0912/9351/6071/files/WeChatImage_20230303143916_a4213cba-5c47-44b4-a4f9-77482090a961.jpg?v=1774234697|https://cdn.shopify.com/s/files/1/0912/9351/6071/files/WeChatImage_20230303143921_857b1da7-8f53-4c08-a648-62b730bd2c14.jpg?v=1774234697|https://cdn.shopify.com/s/files/1/0912/9351/6071/files/WeChatImage_20230303143923_7c160245-c5ee-4d5c-8e9e-3b8ddda730c0.jpg?v=1774234697","Hi I want HM NECKLACE H LETTER OVAL SERIES",
"HM NECKLACE ARRIVAL BLACK DIAMOND",https://cdn.shopify.com/s/files/1/0912/9351/6071/files/WeChatImage_20230303153536_ce804abf-7328-48d2-bb37-6cb81cd5b1e5.jpg?v=1774234698,jewelry,hermes,"https://cdn.shopify.com/s/files/1/0912/9351/6071/files/WeChatImage_20230303153536_ce804abf-7328-48d2-bb37-6cb81cd5b1e5.jpg?v=1774234698|https://cdn.shopify.com/s/files/1/0912/9351/6071/files/WeChatImage_20230303153556_46a2c802-238a-4800-a58c-10c1133f63cd.jpg?v=1774234699|https://cdn.shopify.com/s/files/1/0912/9351/6071/files/WeChatImage_20230303153558_08bc1585-cb6a-4b47-9983-6746ccea5bf7.jpg?v=1774234698|https://cdn.shopify.com/s/files/1/0912/9351/6071/files/WeChatImage_20230303153600_9356cb4e-4ecf-4041-b945-9cb298827a4a.jpg?v=1774234699","Hi I want HM NECKLACE ARRIVAL BLACK DIAMOND",
"H NECKLACE PINK",https://cdn.shopify.com/s/files/1/0912/9351/6071/files/147992FP65_worn_1_02212b99-af3b-4c42-9e7f-6b66adf6cde0.jpg?v=1774234700,jewelry,hermes,"https://cdn.shopify.com/s/files/1/0912/9351/6071/files/147992FP65_worn_1_02212b99-af3b-4c42-9e7f-6b66adf6cde0.jpg?v=1774234700|https://cdn.shopify.com/s/files/1/0912/9351/6071/files/WeChatImage_20230303154029_df036179-6d7a-4344-bd43-831a4ce30e46.jpg?v=1774234700|https://cdn.shopify.com/s/files/1/0912/9351/6071/files/WeChatImage_20230303154054_496f3f78-13a4-4778-8e40-ab3e1a0663a4.jpg?v=1774234700|https://cdn.shopify.com/s/files/1/0912/9351/6071/files/WeChatImage_20230303154057_ad0d1ccb-298f-4968-8f34-5c1f8b9dabda.jpg?v=1774234700|https://cdn.shopify.com/s/files/1/0912/9351/6071/files/WeChatImage_20230303154059_2f051f6e-59c9-4732-bc05-adabff47e918.jpg?v=1774234700","Hi I want H NECKLACE PINK",
"HM PIG NOSE NECKLACE",https://cdn.shopify.com/s/files/1/0912/9351/6071/files/WeChatImage_20230303144822_507fda8e-c075-4a96-a7f5-93c9ec33b206.jpg?v=1774234704,jewelry,hermes,"https://cdn.shopify.com/s/files/1/0912/9351/6071/files/WeChatImage_20230303144822_507fda8e-c075-4a96-a7f5-93c9ec33b206.jpg?v=1774234704|https://cdn.shopify.com/s/files/1/0912/9351/6071/files/108615B00_worn_1_a1ac8e73-9bb4-4e6a-ba28-57f223910821.jpg?v=1774234704|https://cdn.shopify.com/s/files/1/0912/9351/6071/files/WeChatImage_20230303144846_7a547292-756f-4ad2-9a0f-2ada97b8fef7.jpg?v=1774234704|https://cdn.shopify.com/s/files/1/0912/9351/6071/files/WeChatImage_20230303144849_fe14f957-5144-4639-8726-8d9409f47580.jpg?v=1774234704|https://cdn.shopify.com/s/files/1/0912/9351/6071/files/WeChatImage_20230303144851_d4f3757f-c52c-4597-a0f2-ec362c0c8799.jpg?v=1774234704|https://cdn.shopify.com/s/files/1/0912/9351/6071/files/WeChatImage_20230303144857_d2e0ac8a-32aa-47ce-b67e-88ded42a4fa0.jpg?v=1774234704|https://cdn.shopify.com/s/files/1/0912/9351/6071/files/WeChatImage_20230303144900_ef86349e-e095-47b5-ab7f-144bc8e71c1d.jpg?v=1774234704|https://cdn.shopify.com/s/files/1/0912/9351/6071/files/WeChatImage_20230303144902_da5c2775-ebff-4599-bc9b-592712cc2b2e.jpg?v=1774234704|https://cdn.shopify.com/s/files/1/0912/9351/6071/files/WeChatImage_20230303144905_fdfcda16-a2cb-41a3-ab19-394ee630fa39.jpg?v=1774234704|https://cdn.shopify.com/s/files/1/0912/9351/6071/files/WeChatImage_20230303144908_b0b50055-6237-43e6-8f60-0fccfbda9619.jpg?v=1774234704","Hi I want HM PIG NOSE NECKLACE",
"WOMEN'S HM AMULETTES CONSTANCE PENDANT NECKLACE",https://cdn.shopify.com/s/files/1/0912/9351/6071/files/221354B00_worn_3_41f2244a-27a5-4872-86d6-a270f525a2c3.jpg?v=1774234712,jewelry,hermes,"https://cdn.shopify.com/s/files/1/0912/9351/6071/files/221354B00_worn_3_41f2244a-27a5-4872-86d6-a270f525a2c3.jpg?v=1774234712|https://cdn.shopify.com/s/files/1/0912/9351/6071/files/221354B00_worn_1_0ea6d8dc-2093-4679-a20d-e61ea76c3235.jpg?v=1774234712|https://cdn.shopify.com/s/files/1/0912/9351/6071/files/WeChatImage_20230303154618_96bf0838-1167-4928-8cfe-3ba10a8aa11e.jpg?v=1774234713|https://cdn.shopify.com/s/files/1/0912/9351/6071/files/WeChatImage_20230303154627_59da2ef8-a5f5-4db8-b382-0cc03e4d3c2c.jpg?v=1774234713|https://cdn.shopify.com/s/files/1/0912/9351/6071/files/WeChatImage_20230303154629_ab0e2b1a-3448-4f24-b526-2de2d014dfa1.jpg?v=1774234713|https://cdn.shopify.com/s/files/1/0912/9351/6071/files/WeChatImage_20230303154631_34b959ce-67d3-4e1d-a9b0-bbe9c2bbcd1a.jpg?v=1774234713","Hi I want WOMEN'S HM AMULETTES CONSTANCE PENDANT NECKLACE",
"V GOLD MATERIAL HM LOCK KEY NECKLACE",https://cdn.shopify.com/s/files/1/0912/9351/6071/files/WeChatImage_20230302100154_87e5471f-1a74-42db-bffe-8147d86dbd61.jpg?v=1774234715,jewelry,hermes,"https://cdn.shopify.com/s/files/1/0912/9351/6071/files/WeChatImage_20230302100154_87e5471f-1a74-42db-bffe-8147d86dbd61.jpg?v=1774234715|https://cdn.shopify.com/s/files/1/0912/9351/6071/files/WeChatImage_20230302100141_2153b121-69aa-45db-b1af-d4f66f109a7c.jpg?v=1774234715|https://cdn.shopify.com/s/files/1/0912/9351/6071/files/WeChatImage_20230302100144_dc37475b-06bd-448f-88eb-952f378549fb.jpg?v=1774234715|https://cdn.shopify.com/s/files/1/0912/9351/6071/files/WeChatImage_20230302100151_80f88335-154d-4ac6-85ee-7347c4ac7a20.jpg?v=1774234715|https://cdn.shopify.com/s/files/1/0912/9351/6071/files/WeChatImage_20230302100157_457ff381-0bbf-4f50-9974-62e53ac0c240.jpg?v=1774234715|https://cdn.shopify.com/s/files/1/0912/9351/6071/files/WeChatImage_20230302100200_1063bed4-9c12-4200-a631-dfe53bd6189b.jpg?v=1774234715|https://cdn.shopify.com/s/files/1/0912/9351/6071/files/WeChatImage_20230302100202_b4742a05-3620-4854-9446-37042d1f00f9.jpg?v=1774234715|https://cdn.shopify.com/s/files/1/0912/9351/6071/files/WeChatImage_20230302100131_4ae5371f-d726-462d-8063-d5e0cfc55bdf.jpg?v=1774234714","Hi I want V GOLD MATERIAL HM LOCK KEY NECKLACE",
"HM STERLING SILVER CHAINE D'ANCRE HEART",https://cdn.shopify.com/s/files/1/0912/9351/6071/files/echappee-hermes-necklace--219290B00-worn-1-0-0-800-800_g_2d730a47-7a43-4fe8-8200-05b138427415.webp?v=1774234720,jewelry,hermes,"https://cdn.shopify.com/s/files/1/0912/9351/6071/files/echappee-hermes-necklace--219290B00-worn-1-0-0-800-800_g_2d730a47-7a43-4fe8-8200-05b138427415.webp?v=1774234720|https://cdn.shopify.com/s/files/1/0912/9351/6071/files/WeChatImage_20230302093655_84c3b867-0ec5-4198-bf16-aac0cb41c55f.jpg?v=1774234720|https://cdn.shopify.com/s/files/1/0912/9351/6071/files/WeChatImage_20230302093706_26bb74f8-6897-468a-bc87-bd3473c89059.jpg?v=1774234720|https://cdn.shopify.com/s/files/1/0912/9351/6071/files/WeChatImage_20230302093708_2d08ee17-7a98-4566-8f5e-9b6891182d6c.jpg?v=1774234720|https://cdn.shopify.com/s/files/1/0912/9351/6071/files/WeChatImage_20230302093710_3c0dc9ad-c503-4130-b369-920af0b2606c.jpg?v=1774234721|https://cdn.shopify.com/s/files/1/0912/9351/6071/files/WeChatImage_20230302093713_02d341eb-dd8a-412a-8765-9f61a2f55dc3.jpg?v=1774234721|https://cdn.shopify.com/s/files/1/0912/9351/6071/files/WeChatImage_20230302093715_1e2552e5-4109-4e6f-bde7-b359801c1a17.jpg?v=1774234721|https://cdn.shopify.com/s/files/1/0912/9351/6071/files/WeChatImage_20230302093718_e3bccf67-c8e4-41e8-98f7-f8c2f5dd5e73.jpg?v=1774234721|https://cdn.shopify.com/s/files/1/0912/9351/6071/files/WeChatImage_20230302093722_0271c5bd-1ca3-49c7-9046-e3b160277e32.jpg?v=1774234721|https://cdn.shopify.com/s/files/1/0912/9351/6071/files/WeChatImage_20230302093726_6abef925-c3f2-4184-8294-7df014aa3144.jpg?v=1774234720","Hi I want HM STERLING SILVER CHAINE D'ANCRE HEART",
"H CIRCE MOISSANITE PENDANT NECKLACE GOLD",https://cdn.shopify.com/s/files/1/0912/9351/6071/files/WeChatImage_20230302094011_290578df-f83c-42c4-8e7b-abf8d82aa8e4.jpg?v=1774234727,jewelry,hermes,"https://cdn.shopify.com/s/files/1/0912/9351/6071/files/WeChatImage_20230302094011_290578df-f83c-42c4-8e7b-abf8d82aa8e4.jpg?v=1774234727|https://cdn.shopify.com/s/files/1/0912/9351/6071/files/WeChatImage_20230302094016_127eac53-61e8-4015-832a-ebdf7668fc0c.jpg?v=1774234727|https://cdn.shopify.com/s/files/1/0912/9351/6071/files/WeChatImage_20230302094018_ae22880f-f25d-44fe-8575-2f59cd61cef5.jpg?v=1774234727|https://cdn.shopify.com/s/files/1/0912/9351/6071/files/WeChatImage_20230302094021_1d7dc912-1479-4356-ba65-ff2aa82e46ba.jpg?v=1774234727|https://cdn.shopify.com/s/files/1/0912/9351/6071/files/WeChatImage_20230302094023_7dc11c91-1dfa-44ad-82f4-ec31af7e37b9.jpg?v=1774234727|https://cdn.shopify.com/s/files/1/0912/9351/6071/files/WeChatImage_20230302094026_21b1327f-cf72-4fa0-8766-febf24ada45a.jpg?v=1774234727|https://cdn.shopify.com/s/files/1/0912/9351/6071/files/WeChatImage_20230302094029_8890e2f7-5e1b-4809-adf7-b23db7b97047.jpg?v=1774234727","Hi I want H CIRCE MOISSANITE PENDANT NECKLACE GOLD",
"H CAGE PINK GOLD NECKLACE",https://cdn.shopify.com/s/files/1/0912/9351/6071/files/13334301586385908_cdb05e3e-22c0-42fc-9423-27eb16aed30c.jpg?v=1774234730,jewelry,hermes,"https://cdn.shopify.com/s/files/1/0912/9351/6071/files/13334301586385908_cdb05e3e-22c0-42fc-9423-27eb16aed30c.jpg?v=1774234730|https://cdn.shopify.com/s/files/1/0912/9351/6071/files/13334301549030426_f9dfef8a-195f-4943-aba5-e9be1028632e.jpg?v=1774234730|https://cdn.shopify.com/s/files/1/0912/9351/6071/files/13334301591779607_7f774602-fb03-49a3-94de-4d9516d9927c.jpg?v=1774234730|https://cdn.shopify.com/s/files/1/0912/9351/6071/files/13334301593547583_e53e6825-c15c-46ae-8b11-8e731d88d70f.jpg?v=1774234730|https://cdn.shopify.com/s/files/1/0912/9351/6071/files/13334301595177696_02060c05-36c8-4279-88ab-29d0a0752ef1.jpg?v=1774234730|https://cdn.shopify.com/s/files/1/0912/9351/6071/files/13334301598373078_f8656bc8-4b3b-4e92-ac14-607aabd21a1e.jpg?v=1774234730|https://cdn.shopify.com/s/files/1/0912/9351/6071/files/13334301596790787_10ba25cf-446e-4361-bfc1-82f9a079a23e.jpg?v=1774234730","Hi I want H CAGE PINK GOLD NECKLACE",
"ECHAPEE NECKLACE DIAMOND",https://cdn.shopify.com/s/files/1/0912/9351/6071/files/HER381670_1_enlarged_b515eb8a-457d-4ed6-bd58-00c493f6d697.jpg?v=1780215204,jewelry,hermes,"https://cdn.shopify.com/s/files/1/0912/9351/6071/files/HER381670_1_enlarged_b515eb8a-457d-4ed6-bd58-00c493f6d697.jpg?v=1780215204|https://cdn.shopify.com/s/files/1/0912/9351/6071/files/13294924143170311_d1a3bfa9-e8e0-48f1-8451-9f8758202b69.jpg?v=1780215204|https://cdn.shopify.com/s/files/1/0912/9351/6071/files/13294924123770802_ec6a615f-ab60-4f90-acd8-55a4234a00ed.jpg?v=1780215204|https://cdn.shopify.com/s/files/1/0912/9351/6071/files/13294924144170636_40f0882b-5092-4951-930d-13326f1d5159.jpg?v=1780215204|https://cdn.shopify.com/s/files/1/0912/9351/6071/files/13294924145180983_af6a9d99-6281-4d9e-959d-9e1ee33e739f.jpg?v=1780215204|https://cdn.shopify.com/s/files/1/0912/9351/6071/files/13294924146076587_bcf23f8d-18e1-485a-8a81-694004eecb73.jpg?v=1780215204|https://cdn.shopify.com/s/files/1/0912/9351/6071/files/13294924147070100_8d8143e3-a753-4d62-be56-18ff09dfbd8f.jpg?v=1780215204|https://cdn.shopify.com/s/files/1/0912/9351/6071/files/13294924148069795_7aa4bd14-b622-49c9-993b-b856531fbc4d.jpg?v=1780215204|https://cdn.shopify.com/s/files/1/0912/9351/6071/files/13294924148971005_a658d7d1-2554-45cb-b14c-dca7db30b5df.jpg?v=1780215204|https://cdn.shopify.com/s/files/1/0912/9351/6071/files/13294924149972238_eb73f47f-7333-46ab-af11-4c6d769870dc.jpg?v=1780215204","Hi I want ECHAPEE NECKLACE DIAMOND",
"AMULETTE PEDANT PINK GOLD NECKLACE",https://cdn.shopify.com/s/files/1/0912/9351/6071/files/amulettes-constance-pendant--121326B00-worn-3-0-0-800-800_b_bfb28463-6c30-40f2-b866-62d06f80f725.jpg?v=1774234735,jewelry,hermes,"https://cdn.shopify.com/s/files/1/0912/9351/6071/files/amulettes-constance-pendant--121326B00-worn-3-0-0-800-800_b_bfb28463-6c30-40f2-b866-62d06f80f725.jpg?v=1774234735|https://cdn.shopify.com/s/files/1/0912/9351/6071/files/13296412350444594_3ab5f722-36a2-4ba5-bfca-0296e9b2bdc7.jpg?v=1774234736|https://cdn.shopify.com/s/files/1/0912/9351/6071/files/13296412351745894_ffc0e5ed-dad1-43b2-b307-9ed27259d8a8.jpg?v=1774234736|https://cdn.shopify.com/s/files/1/0912/9351/6071/files/13296412352835158_b30be560-184d-4ccc-92b9-84ed728ebf66.jpg?v=1774234736|https://cdn.shopify.com/s/files/1/0912/9351/6071/files/13296412353839975_b0e09fd5-0dda-4af6-92c7-815b4320d348.jpg?v=1774234736|https://cdn.shopify.com/s/files/1/0912/9351/6071/files/13296412355140603_e533c4cb-d6b9-40ec-a45d-27f849d2270a.jpg?v=1774234735|https://cdn.shopify.com/s/files/1/0912/9351/6071/files/13296412356340945_82390e93-02b3-4049-b968-30c10ce98964.jpg?v=1774234736|https://cdn.shopify.com/s/files/1/0912/9351/6071/files/13296412357339335_d5c5005e-79da-460b-9ffb-86b60ee7feb0.jpg?v=1774234736|https://cdn.shopify.com/s/files/1/0912/9351/6071/files/13296412358335877_79cdba8b-3c7a-4b12-a115-2473b3b7048d.jpg?v=1774234736","Hi I want AMULETTE PEDANT PINK GOLD NECKLACE",
"AMULETTE PEDANT SILVER NECKLACE",https://cdn.shopify.com/s/files/1/0912/9351/6071/files/13296412394477975_f2be6bd5-c380-491c-8642-9b1a29a501d9.jpg?v=1774234737,jewelry,hermes,"https://cdn.shopify.com/s/files/1/0912/9351/6071/files/13296412394477975_f2be6bd5-c380-491c-8642-9b1a29a501d9.jpg?v=1774234737|https://cdn.shopify.com/s/files/1/0912/9351/6071/files/13296412387473062_7951c9a1-4e38-4797-8da2-3baa7bfb518d.jpg?v=1774234737|https://cdn.shopify.com/s/files/1/0912/9351/6071/files/13296412388474805_a840ec74-4885-44ee-8e88-5f120994f697.jpg?v=1774234737|https://cdn.shopify.com/s/files/1/0912/9351/6071/files/13296412389681371_73c247d9-0142-41af-adf9-e90f90053c87.jpg?v=1774234737|https://cdn.shopify.com/s/files/1/0912/9351/6071/files/13296412390889397_88427946-102d-4806-9bbc-7fb254e67edb.jpg?v=1774234737|https://cdn.shopify.com/s/files/1/0912/9351/6071/files/13296412392187364_11403495-e767-42d7-b30a-fd4d54c697cf.jpg?v=1774234737|https://cdn.shopify.com/s/files/1/0912/9351/6071/files/13296412393471903_da28e824-e473-4001-bf6d-db73de64b9e0.jpg?v=1774234737|https://cdn.shopify.com/s/files/1/0912/9351/6071/files/13296412395675432_e240b976-209b-4a4c-8e14-a1e90e656aa0.jpg?v=1774234737","Hi I want AMULETTE PEDANT SILVER NECKLACE",
"CHAINE SMALL FULL DIAMOND PIG NOSE PINK GOLD NECKLACE",https://cdn.shopify.com/s/files/1/0912/9351/6071/files/wsxc1699918519380_0.jpg?v=1774234740,jewelry,hermes,"https://cdn.shopify.com/s/files/1/0912/9351/6071/files/wsxc1699918519380_0.jpg?v=1774234740|https://cdn.shopify.com/s/files/1/0912/9351/6071/files/wsxc1699918519380_1.jpg?v=1774234740|https://cdn.shopify.com/s/files/1/0912/9351/6071/files/wsxc1699918519380_2.jpg?v=1774234740|https://cdn.shopify.com/s/files/1/0912/9351/6071/files/wsxc1699918519380_3.jpg?v=1774234741|https://cdn.shopify.com/s/files/1/0912/9351/6071/files/wsxc1699918519380_4.jpg?v=1774234741|https://cdn.shopify.com/s/files/1/0912/9351/6071/files/wsxc1699918519380_5.jpg?v=1774234740|https://cdn.shopify.com/s/files/1/0912/9351/6071/files/wsxc1699918519380_6.jpg?v=1774234740|https://cdn.shopify.com/s/files/1/0912/9351/6071/files/wsxc1699918519380_7.jpg?v=1774234740|https://cdn.shopify.com/s/files/1/0912/9351/6071/files/wsxc1699918519380_8.jpg?v=1774234740","Hi I want CHAINE SMALL FULL DIAMOND PIG NOSE PINK GOLD NECKLACE",
"CONSTANCE PEDANT SILVER NECKLACE",https://cdn.shopify.com/s/files/1/0912/9351/6071/files/13345871186276582.jpg?v=1774234743,jewelry,hermes,"https://cdn.shopify.com/s/files/1/0912/9351/6071/files/13345871186276582.jpg?v=1774234743|https://cdn.shopify.com/s/files/1/0912/9351/6071/files/13345871176839500.jpg?v=1774234743|https://cdn.shopify.com/s/files/1/0912/9351/6071/files/13345871178683917.jpg?v=1774234743|https://cdn.shopify.com/s/files/1/0912/9351/6071/files/13345871149695986.jpg?v=1774234746|https://cdn.shopify.com/s/files/1/0912/9351/6071/files/13345871175469154.jpg?v=1774234743|https://cdn.shopify.com/s/files/1/0912/9351/6071/files/13345871180804855.jpg?v=1774234744|https://cdn.shopify.com/s/files/1/0912/9351/6071/files/13345871182621107.jpg?v=1774234743|https://cdn.shopify.com/s/files/1/0912/9351/6071/files/13345871184455431.jpg?v=1774234743","Hi I want CONSTANCE PEDANT SILVER NECKLACE",
"ECHAPPEE PINK GOLD BRACELET",https://cdn.shopify.com/s/files/1/0912/9351/6071/files/13311255225131266_9f693462-76ec-464f-b414-5b400d976a77.jpg?v=1774234745,jewelry,hermes,"https://cdn.shopify.com/s/files/1/0912/9351/6071/files/13311255225131266_9f693462-76ec-464f-b414-5b400d976a77.jpg?v=1774234745|https://cdn.shopify.com/s/files/1/0912/9351/6071/files/13311255237931035_65492029-ae9a-4520-95d6-839468d6c3ae.jpg?v=1774234745|https://cdn.shopify.com/s/files/1/0912/9351/6071/files/13311255242658404_911ab172-2fa6-40bd-aa2a-0ffd05af2ea4.jpg?v=1774234745|https://cdn.shopify.com/s/files/1/0912/9351/6071/files/13311255244858213_0020ad06-6836-46d8-8b16-bba1c85d7727.jpg?v=1774234747|https://cdn.shopify.com/s/files/1/0912/9351/6071/files/13311255248140761_3fef4cf1-e5e9-438c-9e5d-bf1fed43d5b5.jpg?v=1774234745|https://cdn.shopify.com/s/files/1/0912/9351/6071/files/13311255249639133_af29eba0-9146-46c7-92d9-d3fb0a725408.jpg?v=1774234745","Hi I want ECHAPPEE PINK GOLD BRACELET",
"MULTICOLOR SILVER HINGED BRACELET 36MM",https://cdn.shopify.com/s/files/1/0912/9351/6071/files/13311255863147026_46a4fc5b-0187-423f-8f15-9514d0651add.jpg?v=1774234754,jewelry,hermes,"https://cdn.shopify.com/s/files/1/0912/9351/6071/files/13311255863147026_46a4fc5b-0187-423f-8f15-9514d0651add.jpg?v=1774234754|https://cdn.shopify.com/s/files/1/0912/9351/6071/files/13311255873899136_51aac51e-9950-4a5c-bda0-c96d1a6c2e76.jpg?v=1774234752|https://cdn.shopify.com/s/files/1/0912/9351/6071/files/13311255875316613_29aebc2b-31f5-45ec-89be-995392a610c9.jpg?v=1774234752|https://cdn.shopify.com/s/files/1/0912/9351/6071/files/13311255876813918_7057695d-db6f-4b8a-802b-91b591f1bc7a.jpg?v=1774234752","Hi I want MULTICOLOR SILVER HINGED BRACELET 36MM",
"MULTICOLOR PINK BLUE HINGED BRACELET 36MM",https://cdn.shopify.com/s/files/1/0912/9351/6071/files/13311255933300570_c2d0cd8d-ce14-491c-b0a6-6ba56720f1d1.jpg?v=1774234754,jewelry,hermes,"https://cdn.shopify.com/s/files/1/0912/9351/6071/files/13311255933300570_c2d0cd8d-ce14-491c-b0a6-6ba56720f1d1.jpg?v=1774234754|https://cdn.shopify.com/s/files/1/0912/9351/6071/files/13311255947712832_14c677cf-31b1-49ab-b28b-c146e47a6cbf.jpg?v=1774234754|https://cdn.shopify.com/s/files/1/0912/9351/6071/files/13311255949137566_e84f60e5-02c8-4730-b67e-3851be655876.jpg?v=1774234754|https://cdn.shopify.com/s/files/1/0912/9351/6071/files/13311255950744830_af7f2a3f-5b94-45f3-9397-16d84a6f0c0a.jpg?v=1774234754|https://cdn.shopify.com/s/files/1/0912/9351/6071/files/13311255952347168_274604b5-45f7-470f-bceb-acbaf7eb5d9a.jpg?v=1774234754|https://cdn.shopify.com/s/files/1/0912/9351/6071/files/13311255953873644_85c7f5da-2ef5-472b-a0c6-3e64aba0a49d.jpg?v=1774234754","Hi I want MULTICOLOR PINK BLUE HINGED BRACELET 36MM",
"EX-LIBRIS PEDANT SILVER",https://cdn.shopify.com/s/files/1/0912/9351/6071/files/ed3893bce62ca46d8bc9a3e1b9d268ad_fe9d92ae-e109-41f7-a5e1-70873a35a588.jpg?v=1774234758,jewelry,hermes,"https://cdn.shopify.com/s/files/1/0912/9351/6071/files/ed3893bce62ca46d8bc9a3e1b9d268ad_fe9d92ae-e109-41f7-a5e1-70873a35a588.jpg?v=1774234758|https://cdn.shopify.com/s/files/1/0912/9351/6071/files/13287325605318524_dab55405-0ba5-4c81-8c05-bd8cf7035432.jpg?v=1774234758|https://cdn.shopify.com/s/files/1/0912/9351/6071/files/13287325602215541_38e632bc-3e48-40cd-88c3-326995c8afe1.jpg?v=1774234758|https://cdn.shopify.com/s/files/1/0912/9351/6071/files/13287325603228135_2a57769a-8e6b-40ab-a15e-75e73a3fbf29.jpg?v=1774234758|https://cdn.shopify.com/s/files/1/0912/9351/6071/files/13287325582921289_10b543fd-347b-4166-802b-ac1609b0a838.jpg?v=1774234758","Hi I want EX-LIBRIS PEDANT SILVER",
"POP H SKY BLUE NECKLACE",https://cdn.shopify.com/s/files/1/0912/9351/6071/files/13338726789794502_88c920a7-3728-4d28-937d-9b119ab8bf73.jpg?v=1774234777,jewelry,hermes,"https://cdn.shopify.com/s/files/1/0912/9351/6071/files/13338726789794502_88c920a7-3728-4d28-937d-9b119ab8bf73.jpg?v=1774234777|https://cdn.shopify.com/s/files/1/0912/9351/6071/files/13338726755495918_5c5de3af-5133-4bb9-8157-7f092550715e.jpg?v=1774234777|https://cdn.shopify.com/s/files/1/0912/9351/6071/files/13338726786298337_c6b38ff9-62c0-4d04-95a3-e60fabddd17b.jpg?v=1774234777|https://cdn.shopify.com/s/files/1/0912/9351/6071/files/13338726787973656_45dcdd8c-dd65-421a-8030-faf6ed1003d7.jpg?v=1774234777|https://cdn.shopify.com/s/files/1/0912/9351/6071/files/13338726791923030_2acceb3b-92ce-47f5-9206-b50d8eebde2a.jpg?v=1774234777|https://cdn.shopify.com/s/files/1/0912/9351/6071/files/13338726796811991_fcdf54c0-93d8-4ec5-ae3c-02b336344f7c.jpg?v=1774234777|https://cdn.shopify.com/s/files/1/0912/9351/6071/files/13338726798606113_6a778b5d-3b58-452d-881d-76d18ce8f356.jpg?v=1774234777|https://cdn.shopify.com/s/files/1/0912/9351/6071/files/13338726800617386_9ce0c1b3-8f60-44bb-ab87-42f242da98b1.jpg?v=1774234777|https://cdn.shopify.com/s/files/1/0912/9351/6071/files/13338726802395587_b1fe0b18-76b0-4fab-8e7d-f856f63dee39.jpg?v=1774234777","Hi I want POP H SKY BLUE NECKLACE",
"FINESSE PINK GOLD DIAMOND NECKLACE",https://cdn.shopify.com/s/files/1/0912/9351/6071/files/2000_c7a359b1-308b-44ca-b94b-0cb81746d285.webp?v=1774234785,jewelry,hermes,"https://cdn.shopify.com/s/files/1/0912/9351/6071/files/2000_c7a359b1-308b-44ca-b94b-0cb81746d285.webp?v=1774234785|https://cdn.shopify.com/s/files/1/0912/9351/6071/files/13343987349078950.jpg?v=1774234785|https://cdn.shopify.com/s/files/1/0912/9351/6071/files/13343987347530189.jpg?v=1774234785|https://cdn.shopify.com/s/files/1/0912/9351/6071/files/13343987331894253.jpg?v=1774234785|https://cdn.shopify.com/s/files/1/0912/9351/6071/files/13343987350780854.jpg?v=1774234785|https://cdn.shopify.com/s/files/1/0912/9351/6071/files/13343987342519455.jpg?v=1774234785|https://cdn.shopify.com/s/files/1/0912/9351/6071/files/13343987344107824.jpg?v=1774234785|https://cdn.shopify.com/s/files/1/0912/9351/6071/files/13343987352221188.jpg?v=1774234785|https://cdn.shopify.com/s/files/1/0912/9351/6071/files/finesse-lariat-necklace--219208B00-front-3-300-0-1600-1600-q99_g.webp?v=1774234785","Hi I want FINESSE PINK GOLD DIAMOND NECKLACE",
"FINESSE SILVER DIAMOND NECKLACE",https://cdn.shopify.com/s/files/1/0912/9351/6071/files/finesse-lariat-necklace--219207B00-crop-4-0-0-800-800_g.webp?v=1774234786,jewelry,hermes,"https://cdn.shopify.com/s/files/1/0912/9351/6071/files/finesse-lariat-necklace--219207B00-crop-4-0-0-800-800_g.webp?v=1774234786|https://cdn.shopify.com/s/files/1/0912/9351/6071/files/DSC00000_0292_DSC04432_1800x1800_9f164372-9574-4f47-8f04-967b22d62a29.webp?v=1774234786|https://cdn.shopify.com/s/files/1/0912/9351/6071/files/DSC00000_0293_DSC04430_1024x_29008a1f-5200-476a-8255-7217189b393c.webp?v=1774234787|https://cdn.shopify.com/s/files/1/0912/9351/6071/files/finesse-lariat-necklace--219207B00-worn-2-0-0-1600-1600-q50_g.webp?v=1774234786|https://cdn.shopify.com/s/files/1/0912/9351/6071/files/1334398727407941311.jpg?v=1774234786","Hi I want FINESSE SILVER DIAMOND NECKLACE",
"HEART AND KEY SILVER NECKLACE",https://cdn.shopify.com/s/files/1/0912/9351/6071/files/69683959_1031841_ED.jpg?v=1774234787,jewelry,hermes,"https://cdn.shopify.com/s/files/1/0912/9351/6071/files/69683959_1031841_ED.jpg?v=1774234787|https://cdn.shopify.com/s/files/1/0912/9351/6071/files/13344495814111116.jpg?v=1774234787|https://cdn.shopify.com/s/files/1/0912/9351/6071/files/13344495815388693.jpg?v=1774234787|https://cdn.shopify.com/s/files/1/0912/9351/6071/files/13344495816692022.jpg?v=1774234787|https://cdn.shopify.com/s/files/1/0912/9351/6071/files/13344495818005669.jpg?v=1774234787","Hi I want HEART AND KEY SILVER NECKLACE",
"HM KELLY CHAINE CHOKER DROP NECKLACE",https://cdn.shopify.com/s/files/1/0912/9351/6071/files/wsxc1700241740451_0_b0d4482b-43d9-4526-a54f-d6244a046d06.jpg?v=1774234789,jewelry,hermes,"https://cdn.shopify.com/s/files/1/0912/9351/6071/files/wsxc1700241740451_0_b0d4482b-43d9-4526-a54f-d6244a046d06.jpg?v=1774234789|https://cdn.shopify.com/s/files/1/0912/9351/6071/files/wsxc1700241740451_1_8a34f23e-17aa-4cbb-866b-639437e7c4d2.jpg?v=1774234789|https://cdn.shopify.com/s/files/1/0912/9351/6071/files/wsxc1700241740451_2_6a07b75d-dc3c-43d1-8e28-035b2e6a84ac.jpg?v=1774234790|https://cdn.shopify.com/s/files/1/0912/9351/6071/files/wsxc1700241740451_4_872e4bbd-39cf-407c-9220-73cbee01316a.jpg?v=1774234790|https://cdn.shopify.com/s/files/1/0912/9351/6071/files/wsxc1700241740451_5_f6423a50-8315-4293-a1ac-3b5b818bb66d.jpg?v=1774234789|https://cdn.shopify.com/s/files/1/0912/9351/6071/files/wsxc1700241740451_7_a938d522-8256-4d1c-9e3c-1ddf80f5eae9.jpg?v=1774234789|https://cdn.shopify.com/s/files/1/0912/9351/6071/files/wsxc1700241740452_3_bc52563e-2d8d-4503-b70c-cafff0c5e42e.jpg?v=1774234789|https://cdn.shopify.com/s/files/1/0912/9351/6071/files/wsxc1700241740452_6_98d3317e-9d52-43a6-802d-0373572c198b.jpg?v=1774234789|https://cdn.shopify.com/s/files/1/0912/9351/6071/files/wsxc1700241740452_8_8babe96d-e985-42b5-99a0-c24dfb7c571e.jpg?v=1774234789","Hi I want HM KELLY CHAINE CHOKER DROP NECKLACE",
"H LOCK RED GOLD BRACELET 12MM",https://cdn.shopify.com/s/files/1/0912/9351/6071/files/HER314925_1_enlarged_9f3459e2-2919-4cba-94ef-0914c03cbc2c.jpg?v=1774234792,jewelry,hermes,"https://cdn.shopify.com/s/files/1/0912/9351/6071/files/HER314925_1_enlarged_9f3459e2-2919-4cba-94ef-0914c03cbc2c.jpg?v=1774234792|https://cdn.shopify.com/s/files/1/0912/9351/6071/files/13295958716802990_23bdfd5d-6a8e-4db3-9026-c04dca1d1223.jpg?v=1774234791|https://cdn.shopify.com/s/files/1/0912/9351/6071/files/13295958729685891_035eeffb-a540-47bb-987c-a7806b2b09b2.jpg?v=1774234791|https://cdn.shopify.com/s/files/1/0912/9351/6071/files/13295958730598448_fbdd4175-1203-4686-8aac-0b424b385ed6.jpg?v=1774234791|https://cdn.shopify.com/s/files/1/0912/9351/6071/files/13295958731791598_57b66b66-b806-4f68-a927-27c5db292de3.jpg?v=1774234791|https://cdn.shopify.com/s/files/1/0912/9351/6071/files/13295958732796908_b1115e2d-ccdd-46ca-bb2e-88ceb38fc086.jpg?v=1774234791|https://cdn.shopify.com/s/files/1/0912/9351/6071/files/13295958733900953_bc192de2-4110-4542-b0fa-72018ee1ae13.jpg?v=1774234792|https://cdn.shopify.com/s/files/1/0912/9351/6071/files/13295958735398945_e79202d5-19bf-488e-aefd-7fe3ca5b0500.jpg?v=1774234791|https://cdn.shopify.com/s/files/1/0912/9351/6071/files/13295958736691486_d066b625-65f5-41e7-86b6-ca26cb61ae02.jpg?v=1774234791","Hi I want H LOCK RED GOLD BRACELET 12MM",
"H LOCK BLACK PINK GOLD BRACELET 12MM",https://cdn.shopify.com/s/files/1/0912/9351/6071/files/armreif-clic-cadenas--707000FO01-front-1-300-0-800-800_b_7435a5c6-d2c6-4307-9674-e34d334d73f3.jpg?v=1774234794,jewelry,hermes,"https://cdn.shopify.com/s/files/1/0912/9351/6071/files/armreif-clic-cadenas--707000FO01-front-1-300-0-800-800_b_7435a5c6-d2c6-4307-9674-e34d334d73f3.jpg?v=1774234794|https://cdn.shopify.com/s/files/1/0912/9351/6071/files/13295958589648819_2faf0d0b-417a-4d6e-8d78-f285d7b7b1f5.jpg?v=1774234794|https://cdn.shopify.com/s/files/1/0912/9351/6071/files/13295958605947915_0edac7cc-1fc7-4d5e-9133-6461e3470416.jpg?v=1774234794|https://cdn.shopify.com/s/files/1/0912/9351/6071/files/13295958606936270_c7cd2597-09e4-4b45-a243-d97f876291f2.jpg?v=1774234794|https://cdn.shopify.com/s/files/1/0912/9351/6071/files/13295958608044306_f4bfac6a-2290-4a47-933d-2b26217ac5df.jpg?v=1774234794|https://cdn.shopify.com/s/files/1/0912/9351/6071/files/13295958609048624_cf27ebab-0857-4e01-91cd-fa781289244e.jpg?v=1774234794|https://cdn.shopify.com/s/files/1/0912/9351/6071/files/13295958610048941_4b0cec45-1ec6-4547-91f3-a9f172bf879b.jpg?v=1774234794","Hi I want H LOCK BLACK PINK GOLD BRACELET 12MM",
"H LOCK GREY PINK GOLD BRACELET 12MM",https://cdn.shopify.com/s/files/1/0912/9351/6071/files/hermes-gold-clic-cadenas-bracelet-0-2-650-650_9f2efb4f-a00a-49d4-ac8d-80d5d16850d8.jpg?v=1774234803,jewelry,hermes,"https://cdn.shopify.com/s/files/1/0912/9351/6071/files/hermes-gold-clic-cadenas-bracelet-0-2-650-650_9f2efb4f-a00a-49d4-ac8d-80d5d16850d8.jpg?v=1774234803|https://cdn.shopify.com/s/files/1/0912/9351/6071/files/13295958636995797_5a1d0de2-8af9-4070-af14-91e1aabf7cad.jpg?v=1774234802|https://cdn.shopify.com/s/files/1/0912/9351/6071/files/13295958635203592_a7c58ce4-1241-4f03-bc03-4a3e0e1ca82f.jpg?v=1774234802|https://cdn.shopify.com/s/files/1/0912/9351/6071/files/13295958636107175_e1788850-db40-4981-aadc-e6e78e9c437d.jpg?v=1774234802|https://cdn.shopify.com/s/files/1/0912/9351/6071/files/13295958638000110_af3feb11-3a7f-4db3-a994-919b66807fe4.jpg?v=1774234802|https://cdn.shopify.com/s/files/1/0912/9351/6071/files/13295958639000434_6ed7368d-38d6-48cc-bdc6-569c3b4f8933.jpg?v=1774234803","Hi I want H LOCK GREY PINK GOLD BRACELET 12MM",
"H LOCK PINK GOLD BRACELET 12MM",https://cdn.shopify.com/s/files/1/0912/9351/6071/files/13295958476977876_23eab2f8-6615-404e-b2fa-ec09aedcd94f.jpg?v=1774234804,jewelry,hermes,"https://cdn.shopify.com/s/files/1/0912/9351/6071/files/13295958476977876_23eab2f8-6615-404e-b2fa-ec09aedcd94f.jpg?v=1774234804|https://cdn.shopify.com/s/files/1/0912/9351/6071/files/bracelet-clic-cadenas--707000F05-front-1-300-0-1000-1000_b_06aa8517-2830-4d72-a041-b0628410da31.jpg?v=1774234804|https://cdn.shopify.com/s/files/1/0912/9351/6071/files/13295958501370960_79601a0a-17aa-436d-9333-cf25e9fc9f9c.jpg?v=1774234804|https://cdn.shopify.com/s/files/1/0912/9351/6071/files/13295958500270906_b4a1f13b-87be-4716-8609-f7bcd22774a9.jpg?v=1774234805|https://cdn.shopify.com/s/files/1/0912/9351/6071/files/13295958502372282_9ae4dc11-1136-4c81-b5d7-b776cb27efc4.jpg?v=1774234804|https://cdn.shopify.com/s/files/1/0912/9351/6071/files/13295958497371662_15a689af-2edf-4969-8240-cfc0a5d8bc70.jpg?v=1774234805|https://cdn.shopify.com/s/files/1/0912/9351/6071/files/13295958498280232_80b96cc8-38e2-4a3d-bbb9-1ef6345bc04a.jpg?v=1774234804|https://cdn.shopify.com/s/files/1/0912/9351/6071/files/13295958499270580_034b7113-788a-43cc-9ff7-7341ea6ef4db.jpg?v=1774234804|https://cdn.shopify.com/s/files/1/0912/9351/6071/files/13295958503474333_ee71e6df-52ea-4c24-98c0-63ecaabf5a23.jpg?v=1774234804|https://cdn.shopify.com/s/files/1/0912/9351/6071/files/13295958504583365_fdbaf140-9ac1-4275-b992-9f75778e7aa1.jpg?v=1774234804","Hi I want H LOCK PINK GOLD BRACELET 12MM",
"H BRACELET PERU 12MM",https://cdn.shopify.com/s/files/1/0912/9351/6071/files/rNP7zMW1MW-1610050235_682cfefb-b669-4e48-aa21-d4ae8229af80.jpg?v=1774234808,jewelry,hermes,"https://cdn.shopify.com/s/files/1/0912/9351/6071/files/rNP7zMW1MW-1610050235_682cfefb-b669-4e48-aa21-d4ae8229af80.jpg?v=1774234808|https://cdn.shopify.com/s/files/1/0912/9351/6071/files/13295619051634264_a831d0de-2ef1-4c02-950f-d7b957f5f818.jpg?v=1774234809|https://cdn.shopify.com/s/files/1/0912/9351/6071/files/13286973579886134_d7f4d881-1704-44b0-9e95-133145c473b3.jpg?v=1774234809|https://cdn.shopify.com/s/files/1/0912/9351/6071/files/13286973580787866_b2e7d6af-2b2e-4bba-ae58-9581cb82dda7.jpg?v=1774234809","Hi I want H BRACELET PERU 12MM",
"H RING LOCK BRACELET 12MM RED",https://cdn.shopify.com/s/files/1/0912/9351/6071/files/13295545633779888_0b0a0a36-3fde-4a5b-a42f-716ded487afd.jpg?v=1774234813,jewelry,hermes,"https://cdn.shopify.com/s/files/1/0912/9351/6071/files/13295545633779888_0b0a0a36-3fde-4a5b-a42f-716ded487afd.jpg?v=1774234813|https://cdn.shopify.com/s/files/1/0912/9351/6071/files/bracelet-clic-anneau--708000F95-front-1-300-0-800-800_b_a50b08ec-bf57-417d-9e24-ba47ef3ee22e.jpg?v=1774234813|https://cdn.shopify.com/s/files/1/0912/9351/6071/files/13295545619778169_511fb18c-e2e1-441c-a126-ad57a0822db2.jpg?v=1774234813|https://cdn.shopify.com/s/files/1/0912/9351/6071/files/13295545630279503_ba34bc68-d4e9-4857-bc90-a9cb87d1a12c.jpg?v=1774234813|https://cdn.shopify.com/s/files/1/0912/9351/6071/files/13295545631086348_e6a4ea9f-8e98-4c3e-a4d7-874c637ceea1.jpg?v=1774234813|https://cdn.shopify.com/s/files/1/0912/9351/6071/files/13295545631978492_2e11639d-193e-4f03-acde-b4c093966799.jpg?v=1774234813|https://cdn.shopify.com/s/files/1/0912/9351/6071/files/13295545632779263_12eaf9e2-4ab4-4a63-ad77-18223d69b884.jpg?v=1774234813","Hi I want H RING LOCK BRACELET 12MM RED",
"H RING LOCK BRACELET 12MM BLACK",https://cdn.shopify.com/s/files/1/0912/9351/6071/files/13295545605229707_d604e901-c2a1-48d8-a0ba-ba1c0b5d962a.jpg?v=1774234814,jewelry,hermes,"https://cdn.shopify.com/s/files/1/0912/9351/6071/files/13295545605229707_d604e901-c2a1-48d8-a0ba-ba1c0b5d962a.jpg?v=1774234814|https://cdn.shopify.com/s/files/1/0912/9351/6071/files/bracelet-clic-anneau--708000F01-front-1-300-0-800-800_b_9071a411-7711-4c31-8b7c-73d015f840e5.jpg?v=1774234814|https://cdn.shopify.com/s/files/1/0912/9351/6071/files/KH06275_e85db5c5-10b6-4679-8347-4a8d88688874.jpg?v=1774234814|https://cdn.shopify.com/s/files/1/0912/9351/6071/files/13295545587822604_9b884f5a-d985-49b0-abf4-d31298f83227.jpg?v=1774234814|https://cdn.shopify.com/s/files/1/0912/9351/6071/files/13295545604336992_c0ff4aab-be9a-47ba-b57b-ae3017949ad0.jpg?v=1774234814","Hi I want H RING LOCK BRACELET 12MM BLACK",
"H RING LOCK BRACELET 12MM BLUE GREEN",https://cdn.shopify.com/s/files/1/0912/9351/6071/files/13295545540647620_9a860da4-6f57-4ec9-95ca-ddad992d3eb3.jpg?v=1774234818,jewelry,hermes,"https://cdn.shopify.com/s/files/1/0912/9351/6071/files/13295545540647620_9a860da4-6f57-4ec9-95ca-ddad992d3eb3.jpg?v=1774234818|https://cdn.shopify.com/s/files/1/0912/9351/6071/files/13295545523837932_bf956a7e-8f97-4c16-a97d-5c9719a82cbf.jpg?v=1774234818|https://cdn.shopify.com/s/files/1/0912/9351/6071/files/13295545538352397_c674d069-2d51-4e0b-ab63-cd1acb1d01e9.jpg?v=1774234818|https://cdn.shopify.com/s/files/1/0912/9351/6071/files/13295545539637962_e25989d5-89cd-40b0-bca0-8434ec413245.jpg?v=1774234818|https://cdn.shopify.com/s/files/1/0912/9351/6071/files/13295545541551004_9269b4fb-d1d2-459e-8478-2b44f62e845c.jpg?v=1774234818|https://cdn.shopify.com/s/files/1/0912/9351/6071/files/ScreenShot_2026-03-05_140343_023.png?v=1774234818","Hi I want H RING LOCK BRACELET 12MM BLUE GREEN",
"HM BRACELET DIAMOND-STUDDED PIG NOSE",https://cdn.shopify.com/s/files/1/0912/9351/6071/files/WeChatImage_20230303152832_8b593778-0358-4c54-881b-2e746058707b.jpg?v=1774234825,jewelry,hermes,"https://cdn.shopify.com/s/files/1/0912/9351/6071/files/WeChatImage_20230303152832_8b593778-0358-4c54-881b-2e746058707b.jpg?v=1774234825|https://cdn.shopify.com/s/files/1/0912/9351/6071/files/WeChatImage_20230303152855_eb24c14c-6f07-41ef-b791-578f37f5b864.jpg?v=1774234824|https://cdn.shopify.com/s/files/1/0912/9351/6071/files/WeChatImage_20230303152857_8b09cfc9-3fd8-4c48-8642-778c47dbe22b.jpg?v=1774234825|https://cdn.shopify.com/s/files/1/0912/9351/6071/files/WeChatImage_20230303152858_37c913e7-3c53-462a-8bae-6373129b5e4b.jpg?v=1774234825|https://cdn.shopify.com/s/files/1/0912/9351/6071/files/WeChatImage_20230303152917_d63de55c-b553-4310-a39e-607403f92e8f.jpg?v=1774234824|https://cdn.shopify.com/s/files/1/0912/9351/6071/files/WeChatImage_20230303152915_bc2689c1-7fd5-4d42-b86b-40efbca2eed7.jpg?v=1774234825","Hi I want HM BRACELET DIAMOND-STUDDED PIG NOSE",
"H BRACELET LOCK",https://cdn.shopify.com/s/files/1/0912/9351/6071/files/WeChatImage_20230303161008_76a5e487-dd12-4f19-9ef9-a8bf2ec775df.jpg?v=1774234826,jewelry,hermes,"https://cdn.shopify.com/s/files/1/0912/9351/6071/files/WeChatImage_20230303161008_76a5e487-dd12-4f19-9ef9-a8bf2ec775df.jpg?v=1774234826|https://cdn.shopify.com/s/files/1/0912/9351/6071/files/WeChatImage_20230303161020_1b675bba-7e63-4bba-b216-61812aec5582.jpg?v=1774234826|https://cdn.shopify.com/s/files/1/0912/9351/6071/files/WeChatImage_20230303161022_a14299e2-0a89-4e92-9e62-49d581c91d6b.jpg?v=1774234826|https://cdn.shopify.com/s/files/1/0912/9351/6071/files/WeChatImage_20230303161024_072604ca-875d-429a-834d-5d09338f7fb3.jpg?v=1774234827|https://cdn.shopify.com/s/files/1/0912/9351/6071/files/WeChatImage_20230303161026_ef407ee8-0c9a-4908-9f91-931a8e2cc698.jpg?v=1774234827|https://cdn.shopify.com/s/files/1/0912/9351/6071/files/WeChatImage_20230303161028_76b031d4-5b13-428c-b2dc-4b1943de2f0b.jpg?v=1774234826","Hi I want H BRACELET LOCK",
"HM BRACELET PIG NOSE COIN",https://cdn.shopify.com/s/files/1/0912/9351/6071/files/WeChatImage_20230303153951_3c585da1-c3b3-4add-a628-ad3dc11a68a6.jpg?v=1774234828,jewelry,hermes,"https://cdn.shopify.com/s/files/1/0912/9351/6071/files/WeChatImage_20230303153951_3c585da1-c3b3-4add-a628-ad3dc11a68a6.jpg?v=1774234828|https://cdn.shopify.com/s/files/1/0912/9351/6071/files/ex-libris-bracelet-small-model_4afaeb73-91fc-4b6c-a552-0d55ee38b464.jpg?v=1774234828|https://cdn.shopify.com/s/files/1/0912/9351/6071/files/WeChatImage_20230303153933_7274614c-7065-407e-81b2-4bfe694fafaf.jpg?v=1774234828|https://cdn.shopify.com/s/files/1/0912/9351/6071/files/WeChatImage_20230303153947_713060e3-8976-419d-b436-9d1be9a5949a.jpg?v=1774234828|https://cdn.shopify.com/s/files/1/0912/9351/6071/files/WeChatImage_20230303153949_10f5a8c7-9086-49c6-b3b1-476b21c3fd5a.jpg?v=1774234828","Hi I want HM BRACELET PIG NOSE COIN",
"HM LEATHER ROPE BRACELET PIG NOSE",https://cdn.shopify.com/s/files/1/0912/9351/6071/files/071681F75_worn_1_eb5e6aad-b372-4f51-bed2-61715030a1fd.jpg?v=1774234834,jewelry,hermes,"https://cdn.shopify.com/s/files/1/0912/9351/6071/files/071681F75_worn_1_eb5e6aad-b372-4f51-bed2-61715030a1fd.jpg?v=1774234834|https://cdn.shopify.com/s/files/1/0912/9351/6071/files/WeChatImage_20230303160013_a7a9af67-711b-4d17-a3f3-4d5ca4b0747f.jpg?v=1774234834|https://cdn.shopify.com/s/files/1/0912/9351/6071/files/WeChatImage_20230303160037_19b12bcd-043a-4b3a-9b36-6ad5cda4fc6b.jpg?v=1774234835|https://cdn.shopify.com/s/files/1/0912/9351/6071/files/WeChatImage_20230303160040_8e925eef-3e18-407e-9063-df9a0f63b178.jpg?v=1774234834|https://cdn.shopify.com/s/files/1/0912/9351/6071/files/WeChatImage_20230303160041_a0d95396-49c3-4d29-84ae-15da82b00ef9.jpg?v=1774234834","Hi I want HM LEATHER ROPE BRACELET PIG NOSE",
"HM COIN BRACELET",https://cdn.shopify.com/s/files/1/0912/9351/6071/files/WeChatImage_20230302103022_eeef2f2a-8816-4333-8e7e-5a37b591178d.jpg?v=1774234847,jewelry,hermes,"https://cdn.shopify.com/s/files/1/0912/9351/6071/files/WeChatImage_20230302103022_eeef2f2a-8816-4333-8e7e-5a37b591178d.jpg?v=1774234847|https://cdn.shopify.com/s/files/1/0912/9351/6071/files/WeChatImage_20230302103011_f7e31dfa-6cbb-4a5f-899a-1bf54903f852.jpg?v=1774234847|https://cdn.shopify.com/s/files/1/0912/9351/6071/files/WeChatImage_20230302103014_98004938-c5c4-4db5-b0ca-362913725983.jpg?v=1774234847|https://cdn.shopify.com/s/files/1/0912/9351/6071/files/WeChatImage_20230302103016_14a68c80-e0b7-42f8-9b28-cc65b179bf2e.jpg?v=1774234846|https://cdn.shopify.com/s/files/1/0912/9351/6071/files/WeChatImage_20230302102951_99371b8a-1c3a-4ee1-aaf6-e68df95f1ea5.jpg?v=1774234846|https://cdn.shopify.com/s/files/1/0912/9351/6071/files/WeChatImage_20230302103019_8dd60a23-46da-4b90-a9d7-4257df73744f.jpg?v=1774234847|https://cdn.shopify.com/s/files/1/0912/9351/6071/files/WeChatImage_20230302103026_84587bdc-5bc1-401a-866b-c6928452979d.jpg?v=1774234846","Hi I want HM COIN BRACELET",
"HM BLACK CIRCLE SILVER BRACELET",https://cdn.shopify.com/s/files/1/0912/9351/6071/files/WeChatImage_20230302162222_363559e3-5a26-423d-934e-bffac98ac78b.jpg?v=1774234848,jewelry,hermes,"https://cdn.shopify.com/s/files/1/0912/9351/6071/files/WeChatImage_20230302162222_363559e3-5a26-423d-934e-bffac98ac78b.jpg?v=1774234848|https://cdn.shopify.com/s/files/1/0912/9351/6071/files/WeChatImage_20230302162220_0e7f080f-27bd-4929-909b-43be1c357fa6.jpg?v=1774234848|https://cdn.shopify.com/s/files/1/0912/9351/6071/files/WeChatImage_20230302162210_08e3cb6d-e029-47fe-8f5f-29bc53f4bc79.jpg?v=1774234848|https://cdn.shopify.com/s/files/1/0912/9351/6071/files/WeChatImage_20230302162225_88862daa-e9ae-4268-b11a-24b2de4d8f1d.jpg?v=1774234848|https://cdn.shopify.com/s/files/1/0912/9351/6071/files/ScreenShot_2026-03-14_141632_648.png?v=1774234848|https://cdn.shopify.com/s/files/1/0912/9351/6071/files/ScreenShot_2026-03-14_141625_216.png?v=1774234848","Hi I want HM BLACK CIRCLE SILVER BRACELET",
"HM 18K ROSE GOLD DIAMOND PM EVER CHAINE D'ANCRE BRACELET ST",https://cdn.shopify.com/s/files/1/0912/9351/6071/files/DSC05777_1024x1024_448e21a8-a780-4775-a241-90829c2cfd3b.webp?v=1774234850,jewelry,hermes,"https://cdn.shopify.com/s/files/1/0912/9351/6071/files/DSC05777_1024x1024_448e21a8-a780-4775-a241-90829c2cfd3b.webp?v=1774234850|https://cdn.shopify.com/s/files/1/0912/9351/6071/files/WeChatImage_20230302103336_abca6621-8aec-4db9-85de-f3995a8f9b01.jpg?v=1774234851|https://cdn.shopify.com/s/files/1/0912/9351/6071/files/WeChatImage_20230302103339_84968a69-a11c-41b0-b915-54786733c73d.jpg?v=1774234851|https://cdn.shopify.com/s/files/1/0912/9351/6071/files/WeChatImage_20230302103342_017bc419-9d58-415f-85bb-5284d7f0400d.jpg?v=1774234851|https://cdn.shopify.com/s/files/1/0912/9351/6071/files/WeChatImage_20230302103345_ea2eba15-0e31-4b6a-a6cc-ce32f64d24b7.jpg?v=1774234851|https://cdn.shopify.com/s/files/1/0912/9351/6071/files/WeChatImage_20230302103349_c24bfc1c-ae66-453f-836a-e68e9900a627.jpg?v=1774234851|https://cdn.shopify.com/s/files/1/0912/9351/6071/files/WeChatImage_20230302103352_83e457b2-17f6-4a2b-9704-d093f0c3ef34.jpg?v=1774234851|https://cdn.shopify.com/s/files/1/0912/9351/6071/files/WeChatImage_20230302103355_7f37e439-9a6e-4266-96ab-d6416d6376c1.jpg?v=1774234851|https://cdn.shopify.com/s/files/1/0912/9351/6071/files/WeChatImage_20230302103325_bc0d91f5-b7af-43f3-95e6-ddc9f2adc5a2.jpg?v=1774234851","Hi I want HM 18K ROSE GOLD DIAMOND PM EVER CHAINE D'ANCRE BRACELET ST",
"CLIC HM SO BLACK RED BRACELET",https://cdn.shopify.com/s/files/1/0912/9351/6071/files/WeChatImage_20230302153128_c631ac41-9376-48b9-afdb-a26b260f6003.jpg?v=1774234863,jewelry,hermes,"https://cdn.shopify.com/s/files/1/0912/9351/6071/files/WeChatImage_20230302153128_c631ac41-9376-48b9-afdb-a26b260f6003.jpg?v=1774234863|https://cdn.shopify.com/s/files/1/0912/9351/6071/files/WeChatImage_20230302153138_9ed80516-d615-4f67-a5dc-32c0d92d8e7e.jpg?v=1774234863|https://cdn.shopify.com/s/files/1/0912/9351/6071/files/WeChatImage_20230302153140_eb584787-4589-47d7-8e9b-f204d22a62be.jpg?v=1774234862|https://cdn.shopify.com/s/files/1/0912/9351/6071/files/WeChatImage_20230302153143_ab4944ba-3a8a-476b-831e-ec653fb7c7f3.jpg?v=1774234862|https://cdn.shopify.com/s/files/1/0912/9351/6071/files/WeChatImage_20230302153145_af169ab5-af36-4f71-9978-626aca5e3d8d.jpg?v=1774234862|https://cdn.shopify.com/s/files/1/0912/9351/6071/files/WeChatImage_20230302153151_b0d2306e-8838-4eb4-8227-fbad40e6eb63.jpg?v=1774234863","Hi I want CLIC HM SO BLACK RED BRACELET",
"CLIC HM SO BLACK YELLOW BRACELET",https://cdn.shopify.com/s/files/1/0912/9351/6071/files/WeChatImage_20230302153053_65d71d06-8bcc-4709-aa0a-cbcd6412b4e6.jpg?v=1774234865,jewelry,hermes,"https://cdn.shopify.com/s/files/1/0912/9351/6071/files/WeChatImage_20230302153053_65d71d06-8bcc-4709-aa0a-cbcd6412b4e6.jpg?v=1774234865|https://cdn.shopify.com/s/files/1/0912/9351/6071/files/WeChatImage_20230302153102_054954fe-29fb-4645-9d2e-b22d00411eb3.jpg?v=1774234865|https://cdn.shopify.com/s/files/1/0912/9351/6071/files/WeChatImage_20230302153105_1019d0d9-68d3-4cb9-9a80-deb1966216e2.jpg?v=1774234865|https://cdn.shopify.com/s/files/1/0912/9351/6071/files/WeChatImage_20230302153107_773b50dc-ab8f-4093-890a-9dca49630938.jpg?v=1774234865|https://cdn.shopify.com/s/files/1/0912/9351/6071/files/WeChatImage_20230302153110_0bfe3736-3203-4cf8-b3d5-4d6bc23a22be.jpg?v=1774234865|https://cdn.shopify.com/s/files/1/0912/9351/6071/files/WeChatImage_20230302153112_b5dd1517-164c-4af6-9b8a-5d2dd8c5bcd8.jpg?v=1774234865|https://cdn.shopify.com/s/files/1/0912/9351/6071/files/WeChatImage_20230302153115_db49765e-d90e-4e45-888f-186c0e7a1a82.jpg?v=1774234865|https://cdn.shopify.com/s/files/1/0912/9351/6071/files/WeChatImage_20230302153117_b4c04a0b-84c3-4eb3-bcea-d7291774e7f1.jpg?v=1774234865","Hi I want CLIC HM SO BLACK YELLOW BRACELET",
"CLIC HM SO BLACK OREGAN BRACELET",https://cdn.shopify.com/s/files/1/0912/9351/6071/files/WeChatImage_20230302153234_98dc9ce4-9a53-411e-9ce7-f82dd5cd11eb.jpg?v=1774234867,jewelry,hermes,"https://cdn.shopify.com/s/files/1/0912/9351/6071/files/WeChatImage_20230302153234_98dc9ce4-9a53-411e-9ce7-f82dd5cd11eb.jpg?v=1774234867|https://cdn.shopify.com/s/files/1/0912/9351/6071/files/WeChatImage_20230302153246_28e2f3d5-45d2-4cd7-a737-344e9f38c08f.jpg?v=1774234868|https://cdn.shopify.com/s/files/1/0912/9351/6071/files/WeChatImage_20230302153248_7b251eab-7dfc-4c6c-a4c3-eb3fd18a4aa5.jpg?v=1774234867|https://cdn.shopify.com/s/files/1/0912/9351/6071/files/WeChatImage_20230302153250_f37c4919-b23d-41a8-9536-8144e9334315.jpg?v=1774234867|https://cdn.shopify.com/s/files/1/0912/9351/6071/files/WeChatImage_20230302153253_25bf83f6-ce34-46e7-a1c4-cbaf56fc562f.jpg?v=1774234867|https://cdn.shopify.com/s/files/1/0912/9351/6071/files/WeChatImage_20230302153255_907804ec-9534-4219-ad80-f5d57a8ecbcf.jpg?v=1774234867","Hi I want CLIC HM SO BLACK OREGAN BRACELET",
"CLIC HM SO BLACK GREY BRACELET",https://cdn.shopify.com/s/files/1/0912/9351/6071/files/WeChatImage_20230302153200_74e14a3b-dcdf-4343-958e-9774d58ef81f.jpg?v=1774234869,jewelry,hermes,"https://cdn.shopify.com/s/files/1/0912/9351/6071/files/WeChatImage_20230302153200_74e14a3b-dcdf-4343-958e-9774d58ef81f.jpg?v=1774234869|https://cdn.shopify.com/s/files/1/0912/9351/6071/files/WeChatImage_20230302153209_3aecbd05-78ff-4125-a6c6-9ab5812b58ae.jpg?v=1774234869|https://cdn.shopify.com/s/files/1/0912/9351/6071/files/WeChatImage_20230302153211_93d4d2ed-ffca-4b0e-8cde-87405c211313.jpg?v=1774234870|https://cdn.shopify.com/s/files/1/0912/9351/6071/files/WeChatImage_20230302153214_fd69f8b5-45da-4ee5-b650-befc67da3f8a.jpg?v=1774234869|https://cdn.shopify.com/s/files/1/0912/9351/6071/files/WeChatImage_20230302153216_b2146769-f2b7-418d-90e1-4746041016d8.jpg?v=1774234869|https://cdn.shopify.com/s/files/1/0912/9351/6071/files/WeChatImage_20230302153219_2d3b45c0-ff6f-42cd-9b94-3834c1c039c0.jpg?v=1774234869","Hi I want CLIC HM SO BLACK GREY BRACELET",
"CLASSIC HM CLIC RED 8MM ENAMEL BRACELET",https://cdn.shopify.com/s/files/1/0912/9351/6071/files/WeChatImage_20230302161938_3229dff5-48db-4441-b41b-e40731e73a64.jpg?v=1774234873,jewelry,hermes,"https://cdn.shopify.com/s/files/1/0912/9351/6071/files/WeChatImage_20230302161938_3229dff5-48db-4441-b41b-e40731e73a64.jpg?v=1774234873|https://cdn.shopify.com/s/files/1/0912/9351/6071/files/WeChatImage_20230302161948_caf3dece-67ea-42e4-8933-c0dc3dc02d50.jpg?v=1774234873|https://cdn.shopify.com/s/files/1/0912/9351/6071/files/WeChatImage_20230302161951_a6609fc6-a405-43c1-8525-6bce0b46595b.jpg?v=1774234873|https://cdn.shopify.com/s/files/1/0912/9351/6071/files/WeChatImage_20230302161953_b9603857-f9f4-4845-9123-3baa29a2ac11.jpg?v=1774234873|https://cdn.shopify.com/s/files/1/0912/9351/6071/files/WeChatImage_20230302161956_7753fbe2-bcd2-4a92-a072-5c2d0949390e.jpg?v=1774234873|https://cdn.shopify.com/s/files/1/0912/9351/6071/files/WeChatImage_20230302161959_1ca1d0a2-7c3f-4b9f-8f28-46e836810188.jpg?v=1774234873|https://cdn.shopify.com/s/files/1/0912/9351/6071/files/WeChatImage_20230302162003_e9b4937a-e8f5-4e6b-bd23-6178624bca8d.jpg?v=1774234873|https://cdn.shopify.com/s/files/1/0912/9351/6071/files/WeChatImage_20230302162007_11b81a48-98e6-40f9-a431-21f9bc812894.jpg?v=1774234873|https://cdn.shopify.com/s/files/1/0912/9351/6071/files/WeChatImage_20230302162010_945e3e2d-c35d-4f5c-bda4-0288a74fc752.jpg?v=1774234873","Hi I want CLASSIC HM CLIC RED 8MM ENAMEL BRACELET",
"CLASSIC HM CLIC GREEN 8MM ENAMEL BRACELET",https://cdn.shopify.com/s/files/1/0912/9351/6071/files/WeChatImage_20230302162020_601a9b1b-3c46-4a2f-84fd-a25288cb2589.jpg?v=1774234877,jewelry,hermes,"https://cdn.shopify.com/s/files/1/0912/9351/6071/files/WeChatImage_20230302162020_601a9b1b-3c46-4a2f-84fd-a25288cb2589.jpg?v=1774234877|https://cdn.shopify.com/s/files/1/0912/9351/6071/files/WeChatImage_20230302162028_e19e57bd-b852-4573-9e3e-7d2b9fdec978.jpg?v=1774234877|https://cdn.shopify.com/s/files/1/0912/9351/6071/files/WeChatImage_20230302162031_30042459-b710-413e-884f-0ffc1368f69c.jpg?v=1774234877|https://cdn.shopify.com/s/files/1/0912/9351/6071/files/WeChatImage_20230302162034_40bf8035-e976-400f-a34a-40570048cd7c.jpg?v=1774234877|https://cdn.shopify.com/s/files/1/0912/9351/6071/files/WeChatImage_20230302162038_0e22ae45-2b95-4d85-92a1-46edde519dbc.jpg?v=1774234877|https://cdn.shopify.com/s/files/1/0912/9351/6071/files/WeChatImage_20230302162042_a5ef23ae-4934-44fa-8fb4-7c4cd1e62ba7.jpg?v=1774234877|https://cdn.shopify.com/s/files/1/0912/9351/6071/files/WeChatImage_20230302162044_88b3f0e7-aec6-4192-9b5f-c3236d4c7ca6.jpg?v=1774234878|https://cdn.shopify.com/s/files/1/0912/9351/6071/files/WeChatImage_20230302162047_3b155811-22c0-41bc-b1f8-abac577c9361.jpg?v=1774234877|https://cdn.shopify.com/s/files/1/0912/9351/6071/files/WeChatImage_20230302162050_9b53f24e-890c-47a1-af93-00cc7605038a.jpg?v=1774234877","Hi I want CLASSIC HM CLIC GREEN 8MM ENAMEL BRACELET",
"H LOCK BROWN BRACELET 12MM",https://cdn.shopify.com/s/files/1/0912/9351/6071/files/screenshot_1666955004_3fcf4e63-81db-48dc-b9a0-1a32f5096dd8.png?v=1774234886,jewelry,hermes,"https://cdn.shopify.com/s/files/1/0912/9351/6071/files/screenshot_1666955004_3fcf4e63-81db-48dc-b9a0-1a32f5096dd8.png?v=1774234886|https://cdn.shopify.com/s/files/1/0912/9351/6071/files/13295958562828376_f51b42f8-38af-448f-97eb-7a0b1230dab9.jpg?v=1774234885|https://cdn.shopify.com/s/files/1/0912/9351/6071/files/13295958666608804_0de7b090-d6d0-4189-8f6e-b7b5b08a9767.jpg?v=1774234885|https://cdn.shopify.com/s/files/1/0912/9351/6071/files/13295958575822777_da2c72cc-53ea-4d97-849d-be5e605e5d41.jpg?v=1774234885|https://cdn.shopify.com/s/files/1/0912/9351/6071/files/13295958576733339_0353215a-6593-4ffc-8fb8-09008678f638.jpg?v=1774234885|https://cdn.shopify.com/s/files/1/0912/9351/6071/files/13295958577830403_b9ad523c-3c39-450e-a853-ee245e9bf53f.jpg?v=1774234885|https://cdn.shopify.com/s/files/1/0912/9351/6071/files/13295958578926470_75c89b58-820c-4a08-9a2f-a00d7147a7f3.jpg?v=1774234885|https://cdn.shopify.com/s/files/1/0912/9351/6071/files/13295958579922805_63c2d596-5a95-42c5-81ac-3e0e7d5d5c45.jpg?v=1774234885|https://cdn.shopify.com/s/files/1/0912/9351/6071/files/13295958671295129_1986b3b4-7521-496b-99bd-8649565bc734.jpg?v=1774234885|https://cdn.shopify.com/s/files/1/0912/9351/6071/files/13295958672196714_2301ce1b-c518-4cf5-a85c-b1fabee71601.jpg?v=1774234885|https://cdn.shopify.com/s/files/1/0912/9351/6071/files/13295958673195048_04e5dd4a-1dcc-47c8-b75a-8aeb29d805eb.jpg?v=1774234885|https://cdn.shopify.com/s/files/1/0912/9351/6071/files/13295958675505859_5330e41b-a18d-4512-8e1d-b2710821243b.jpg?v=1774234885","Hi I want H LOCK BROWN BRACELET 12MM",
"HM BOUCLE SELLIER  BRACELET",https://cdn.shopify.com/s/files/1/0912/9351/6071/files/13334399890841833_a57ad9a8-af5f-4489-b7a7-02ec99313cf7.jpg?v=1774234893,jewelry,hermes,"https://cdn.shopify.com/s/files/1/0912/9351/6071/files/13334399890841833_a57ad9a8-af5f-4489-b7a7-02ec99313cf7.jpg?v=1774234893|https://cdn.shopify.com/s/files/1/0912/9351/6071/files/13334399955901635_26258a31-72f8-43d2-8968-0c1dc8ccd0f1.jpg?v=1774234893|https://cdn.shopify.com/s/files/1/0912/9351/6071/files/13334399957980489_7a2a88b9-fa17-4bc3-a2ea-01e9cc4ba730.jpg?v=1774234893|https://cdn.shopify.com/s/files/1/0912/9351/6071/files/13334399960096229_b84e4655-7e4a-44ca-8fbd-fee5cae3b682.jpg?v=1774234892|https://cdn.shopify.com/s/files/1/0912/9351/6071/files/13334399961840408_c1eb2372-9405-485d-a64b-9a3656c53db5.jpg?v=1774234893|https://cdn.shopify.com/s/files/1/0912/9351/6071/files/13334399963950905_0908bfc3-3a05-4388-aa36-4ea29fae8297.jpg?v=1774234893|https://cdn.shopify.com/s/files/1/0912/9351/6071/files/13334399969363022_c3b7f103-1281-4257-b48a-7f10bfa7ed4f.jpg?v=1774234892|https://cdn.shopify.com/s/files/1/0912/9351/6071/files/13334399971381184_1660df91-b4ce-470f-88c8-00b21b84cd74.jpg?v=1774234892|https://cdn.shopify.com/s/files/1/0912/9351/6071/files/13334399973277203_78ae0744-1666-4862-856f-4f809bc1eb24.jpg?v=1774234893","Hi I want HM BOUCLE SELLIER  BRACELET",
"TOULIS DOUBLE TOUR GOLD BRACELET",https://cdn.shopify.com/s/files/1/0912/9351/6071/files/13338545724577622_313433af-34ba-40c6-922c-7dd2b3783dfc.jpg?v=1774234908,jewelry,hermes,"https://cdn.shopify.com/s/files/1/0912/9351/6071/files/13338545724577622_313433af-34ba-40c6-922c-7dd2b3783dfc.jpg?v=1774234908|https://cdn.shopify.com/s/files/1/0912/9351/6071/files/13338545708577348_2ecd57b6-975e-4d83-99f9-9557e557b378.jpg?v=1774234909|https://cdn.shopify.com/s/files/1/0912/9351/6071/files/13338545726476270_9ddeea9e-2797-43be-911c-c44ac665368f.jpg?v=1774234909|https://cdn.shopify.com/s/files/1/0912/9351/6071/files/13338545728280889_8e7e8c28-b651-4ebb-a8b5-52f67d6e24b1.jpg?v=1774234908|https://cdn.shopify.com/s/files/1/0912/9351/6071/files/13338545730275976_aaaa4908-248c-4ef6-970a-e9a275e1c8fd.jpg?v=1774234908|https://cdn.shopify.com/s/files/1/0912/9351/6071/files/13338545732092609_45dc2f5e-82a6-4467-b4b9-06559a8c1507.jpg?v=1774234908|https://cdn.shopify.com/s/files/1/0912/9351/6071/files/13338545734058105_0e9f76ee-fddd-4c0d-95e3-da0b2f05e881.jpg?v=1774234908|https://cdn.shopify.com/s/files/1/0912/9351/6071/files/13338545735894753_1fbd529b-9970-4221-a0a2-0a62105c4979.jpg?v=1774234908|https://cdn.shopify.com/s/files/1/0912/9351/6071/files/13338545737840747_a4685586-1fe2-464a-8e78-9b2086c461dd.jpg?v=1774234908","Hi I want TOULIS DOUBLE TOUR GOLD BRACELET",
"TOULIS DOUBLE TOUR PINK GOLD BRACELET",https://cdn.shopify.com/s/files/1/0912/9351/6071/files/13338545683212888_a11c6167-0ddf-4662-abb6-160eb3411846.jpg?v=1774234912,jewelry,hermes,"https://cdn.shopify.com/s/files/1/0912/9351/6071/files/13338545683212888_a11c6167-0ddf-4662-abb6-160eb3411846.jpg?v=1774234912|https://cdn.shopify.com/s/files/1/0912/9351/6071/files/13338545664089827_3ef86e60-e4d2-4c98-a18d-2de6223e038b.jpg?v=1774234912|https://cdn.shopify.com/s/files/1/0912/9351/6071/files/13338545684814233_18c207fc-4fb7-48b7-91c9-121b7f106a8f.jpg?v=1774234911|https://cdn.shopify.com/s/files/1/0912/9351/6071/files/13338545686612839_6f85d55c-e3ad-47c9-b932-d28e0f5569d3.jpg?v=1774234911|https://cdn.shopify.com/s/files/1/0912/9351/6071/files/13338545688610283_9cc6287d-5550-4fa6-9f50-800062f04457.jpg?v=1774234911|https://cdn.shopify.com/s/files/1/0912/9351/6071/files/13338545690407465_39fab580-328d-442e-ac75-fe1a25efe1bf.jpg?v=1774234912|https://cdn.shopify.com/s/files/1/0912/9351/6071/files/13338545692226767_35a355f2-634b-4d38-b6c6-80137812d359.jpg?v=1774234911|https://cdn.shopify.com/s/files/1/0912/9351/6071/files/13338545694030810_77a38809-7ec0-46de-ab60-1cbfc89d867d.jpg?v=1774234911|https://cdn.shopify.com/s/files/1/0912/9351/6071/files/13338545695995513_cf7d386e-714e-4b3e-98e3-1e4e064a8def.jpg?v=1774234911","Hi I want TOULIS DOUBLE TOUR PINK GOLD BRACELET",
"CLIC CHAINE GOLD BRACELET",https://cdn.shopify.com/s/files/1/0912/9351/6071/files/13340196059814731_22b85215-e2d4-48ca-9ba4-4827e0051270.jpg?v=1774234919,jewelry,hermes,"https://cdn.shopify.com/s/files/1/0912/9351/6071/files/13340196059814731_22b85215-e2d4-48ca-9ba4-4827e0051270.jpg?v=1774234919|https://cdn.shopify.com/s/files/1/0912/9351/6071/files/13340196036608543_cd6041f4-53cc-450f-af29-c1bac0dd19a0.jpg?v=1774234919|https://cdn.shopify.com/s/files/1/0912/9351/6071/files/13340196050519757_d2edf1ed-e6d3-4229-9608-9baddda85c71.jpg?v=1774234919|https://cdn.shopify.com/s/files/1/0912/9351/6071/files/13340196052284930_a1a45cbc-3b3f-41a9-8739-aaf83532320c.jpg?v=1774234919|https://cdn.shopify.com/s/files/1/0912/9351/6071/files/13340196053749705_edf16630-d488-449f-b102-452b7db55760.jpg?v=1774234919|https://cdn.shopify.com/s/files/1/0912/9351/6071/files/13340196055229797_8bc94872-5099-4011-a29d-17773678eb7a.jpg?v=1774234919|https://cdn.shopify.com/s/files/1/0912/9351/6071/files/13340196056640497_3f15dcac-bbc2-4f3d-bcd4-b42a1ed2df94.jpg?v=1774234919|https://cdn.shopify.com/s/files/1/0912/9351/6071/files/13340196058020843_f953712a-245e-4a29-8aaa-4114c295e3a1.jpg?v=1774234919|https://cdn.shopify.com/s/files/1/0912/9351/6071/files/13340196061469076_1d12c9f5-34d3-4f22-94ba-deddd67f84b8.jpg?v=1774234919","Hi I want CLIC CHAINE GOLD BRACELET",
"HM SMALL PIG NOSE DIAMOND BRACELET",https://cdn.shopify.com/s/files/1/0912/9351/6071/files/wsxc1699920463305_1_3f01dcc9-0d8e-4a21-beca-52f4af91040d.jpg?v=1774234922,jewelry,hermes,"https://cdn.shopify.com/s/files/1/0912/9351/6071/files/wsxc1699920463305_1_3f01dcc9-0d8e-4a21-beca-52f4af91040d.jpg?v=1774234922|https://cdn.shopify.com/s/files/1/0912/9351/6071/files/wsxc1699920463305_0_5f7c14c8-5bd1-4c54-af45-5a7d89458d5a.jpg?v=1774234922|https://cdn.shopify.com/s/files/1/0912/9351/6071/files/wsxc1699920463305_2_d38f3134-7076-4349-a4ca-8f30dd3178eb.jpg?v=1774234922|https://cdn.shopify.com/s/files/1/0912/9351/6071/files/wsxc1699920463305_3_62db4ffe-1627-4132-bd61-202c1fdea62f.jpg?v=1774234922","Hi I want HM SMALL PIG NOSE DIAMOND BRACELET",
"HM KELLY BLACK BRACELET",https://cdn.shopify.com/s/files/1/0912/9351/6071/files/13342160918801426_23bde8be-208f-43b8-abad-0d6498982572.jpg?v=1774234925,jewelry,hermes,"https://cdn.shopify.com/s/files/1/0912/9351/6071/files/13342160918801426_23bde8be-208f-43b8-abad-0d6498982572.jpg?v=1774234925|https://cdn.shopify.com/s/files/1/0912/9351/6071/files/13342160903899009_38da4f3b-4d44-4bb5-b46b-8e6142162b70.jpg?v=1774234925|https://cdn.shopify.com/s/files/1/0912/9351/6071/files/13342160915222096_aba5b1f6-805a-4841-88ea-a86519883e44.jpg?v=1774234925|https://cdn.shopify.com/s/files/1/0912/9351/6071/files/13342160917048539_0b3dd37c-ab67-4676-913c-a9b1c7c26fc1.jpg?v=1774234925","Hi I want HM KELLY BLACK BRACELET",
"HM KELLY BLUE GREEN BRACELET",https://cdn.shopify.com/s/files/1/0912/9351/6071/files/Image_20231019114113_80656489-c28c-4417-9384-078097ec90ca.jpg?v=1774234932,jewelry,hermes,"https://cdn.shopify.com/s/files/1/0912/9351/6071/files/Image_20231019114113_80656489-c28c-4417-9384-078097ec90ca.jpg?v=1774234932|https://cdn.shopify.com/s/files/1/0912/9351/6071/files/13342161025146281_c2613fee-fe68-4902-8cc2-80197d948c17.jpg?v=1774234932|https://cdn.shopify.com/s/files/1/0912/9351/6071/files/13342161026796883_4adb32e5-1354-4fba-99c7-3c8f8d356e68.jpg?v=1774234932|https://cdn.shopify.com/s/files/1/0912/9351/6071/files/13342161028499865_70cf9219-ac44-4a47-b7f9-29048017067c.jpg?v=1774234931","Hi I want HM KELLY BLUE GREEN BRACELET",
"HM KELLY BLUE BRACELET",https://cdn.shopify.com/s/files/1/0912/9351/6071/files/Image_20231019105558_08d9259a-e3a4-40b8-b06a-c4fbf33bf0d9.jpg?v=1774234938,jewelry,hermes,"https://cdn.shopify.com/s/files/1/0912/9351/6071/files/Image_20231019105558_08d9259a-e3a4-40b8-b06a-c4fbf33bf0d9.jpg?v=1774234938|https://cdn.shopify.com/s/files/1/0912/9351/6071/files/13342160959315717_e603fec7-69cc-44a1-81e2-19ac39375dcb.jpg?v=1774234938|https://cdn.shopify.com/s/files/1/0912/9351/6071/files/13342160961047854_c9cbd47d-f95d-48db-86a8-d29a7570d1ef.jpg?v=1774234938|https://cdn.shopify.com/s/files/1/0912/9351/6071/files/13342160962533172_63147b0a-2c8f-45dc-b7de-b7844c617fb8.jpg?v=1774234938","Hi I want HM KELLY BLUE BRACELET",
"HM KELLY PINK BRACELET",https://cdn.shopify.com/s/files/1/0912/9351/6071/files/Image_20231019105424_bbd66a93-1f62-4e62-9e18-884140249b52.jpg?v=1774234941,jewelry,hermes,"https://cdn.shopify.com/s/files/1/0912/9351/6071/files/Image_20231019105424_bbd66a93-1f62-4e62-9e18-884140249b52.jpg?v=1774234941|https://cdn.shopify.com/s/files/1/0912/9351/6071/files/13342161040096793_cd7efddf-f6d8-4ba9-aeca-b1b9a3e61448.jpg?v=1774234941|https://cdn.shopify.com/s/files/1/0912/9351/6071/files/13342161048031851_cbcc747f-f69a-42cf-86e2-e2bd74a7193e.jpg?v=1774234941|https://cdn.shopify.com/s/files/1/0912/9351/6071/files/13342161049501923_0be6e5fe-5cff-4094-b361-5dc5e609e41a.jpg?v=1774234941","Hi I want HM KELLY PINK BRACELET",
"HM KELLY KHAKI BRACELET",https://cdn.shopify.com/s/files/1/0912/9351/6071/files/Image_20231019105640_35fa2b0f-85db-48a6-8aa6-f12da9649c6b.jpg?v=1774234943,jewelry,hermes,"https://cdn.shopify.com/s/files/1/0912/9351/6071/files/Image_20231019105640_35fa2b0f-85db-48a6-8aa6-f12da9649c6b.jpg?v=1774234943|https://cdn.shopify.com/s/files/1/0912/9351/6071/files/13342161051218669_5e9768e1-34fa-46c7-a0d6-4311686a34c4.jpg?v=1774234943|https://cdn.shopify.com/s/files/1/0912/9351/6071/files/13342161052815141_88cb00d3-f67f-440b-8726-0d850368dc7a.jpg?v=1774234943|https://cdn.shopify.com/s/files/1/0912/9351/6071/files/13342161054447307_19b2e4f3-6346-41aa-9eca-bb001d61c796.jpg?v=1774234943","Hi I want HM KELLY KHAKI BRACELET",
"HM KELLY PURPLE BRACELET",https://cdn.shopify.com/s/files/1/0912/9351/6071/files/Image_20231019105440_a7993831-9d26-4441-8397-e01ebc6a75b6.jpg?v=1774234945,jewelry,hermes,"https://cdn.shopify.com/s/files/1/0912/9351/6071/files/Image_20231019105440_a7993831-9d26-4441-8397-e01ebc6a75b6.jpg?v=1774234945|https://cdn.shopify.com/s/files/1/0912/9351/6071/files/13342160973237983_e714d35f-d1b5-4be9-92a0-f3334719d032.jpg?v=1774234945|https://cdn.shopify.com/s/files/1/0912/9351/6071/files/13342160982401505_04f233f6-6045-4cb7-a1a0-33d84e44c904.jpg?v=1774234945|https://cdn.shopify.com/s/files/1/0912/9351/6071/files/13342160983954639_36b2a77d-6f15-45b8-92ba-836b483ed2ee.jpg?v=1774234946","Hi I want HM KELLY PURPLE BRACELET",
"HM KELLY CLOUD BLUE BRACELET",https://cdn.shopify.com/s/files/1/0912/9351/6071/files/Image_20231019105710_466aa509-e88a-4e57-9413-866531ace1f5.jpg?v=1774234947,jewelry,hermes,"https://cdn.shopify.com/s/files/1/0912/9351/6071/files/Image_20231019105710_466aa509-e88a-4e57-9413-866531ace1f5.jpg?v=1774234947|https://cdn.shopify.com/s/files/1/0912/9351/6071/files/13342160985668259_23f6b349-583e-4f42-a24b-3249a85fd9f0.jpg?v=1774234948|https://cdn.shopify.com/s/files/1/0912/9351/6071/files/13342160987305774_d3c21807-17bc-4ac8-819c-73b5246bffc2.jpg?v=1774234947|https://cdn.shopify.com/s/files/1/0912/9351/6071/files/13342160989051014_156ae1bd-6851-492e-8931-2f9a0884683e.jpg?v=1774234948","Hi I want HM KELLY CLOUD BLUE BRACELET",
"HM KELLY GREEN BRACELET",https://cdn.shopify.com/s/files/1/0912/9351/6071/files/Image_20231019114949_fe4c6cd8-0717-4466-8bc6-e58be88da8c7.jpg?v=1774234950,jewelry,hermes,"https://cdn.shopify.com/s/files/1/0912/9351/6071/files/Image_20231019114949_fe4c6cd8-0717-4466-8bc6-e58be88da8c7.jpg?v=1774234950|https://cdn.shopify.com/s/files/1/0912/9351/6071/files/13342160990654111_7e61ab8f-e5ed-4049-a1f7-380d21833918.jpg?v=1774234950|https://cdn.shopify.com/s/files/1/0912/9351/6071/files/13342160992298052_b7eb41fe-8ec6-480a-b2fd-8b2b27927c77.jpg?v=1774234950|https://cdn.shopify.com/s/files/1/0912/9351/6071/files/13342160994082191_fb7cd1e4-19f4-41ef-85f4-39baec0b6720.jpg?v=1774234950","Hi I want HM KELLY GREEN BRACELET",
"HM KELLY BEIGE BRACELET",https://cdn.shopify.com/s/files/1/0912/9351/6071/files/Image_20231019105519_5ed176a9-191e-4728-b9eb-2205682d0afd.jpg?v=1774234952,jewelry,hermes,"https://cdn.shopify.com/s/files/1/0912/9351/6071/files/Image_20231019105519_5ed176a9-191e-4728-b9eb-2205682d0afd.jpg?v=1774234952|https://cdn.shopify.com/s/files/1/0912/9351/6071/files/13342161075431614_310040ba-6111-4d08-b2e1-f1c56768db64.jpg?v=1774234952|https://cdn.shopify.com/s/files/1/0912/9351/6071/files/13342161084182507_6b38be59-b6a7-4ddc-a757-6992be09860e.jpg?v=1774234952|https://cdn.shopify.com/s/files/1/0912/9351/6071/files/13342161085717816_d2b2c9ad-82f7-4192-8e94-8ab526159340.jpg?v=1774234952","Hi I want HM KELLY BEIGE BRACELET",
"HM KELLY YELLOW BRACELET",https://cdn.shopify.com/s/files/1/0912/9351/6071/files/Image_20231019105545_dd9af8d8-135a-405d-a8ab-2707125a0629.jpg?v=1774234954,jewelry,hermes,"https://cdn.shopify.com/s/files/1/0912/9351/6071/files/Image_20231019105545_dd9af8d8-135a-405d-a8ab-2707125a0629.jpg?v=1774234954|https://cdn.shopify.com/s/files/1/0912/9351/6071/files/13342161092735359_3caf8dcc-3224-4eb3-aa11-d67188d12dfb.jpg?v=1774234954|https://cdn.shopify.com/s/files/1/0912/9351/6071/files/13342161094315509_f25f89cc-bdfb-49bb-b5f1-9a52a7fc7a43.jpg?v=1774234954|https://cdn.shopify.com/s/files/1/0912/9351/6071/files/13342161096026186_bb09755c-afad-4549-93d6-4f50021e54d8.jpg?v=1774234954","Hi I want HM KELLY YELLOW BRACELET",
"CHAINE ECHAPPEE DIAMOND LINK BRACELET",https://cdn.shopify.com/s/files/1/0912/9351/6071/files/13345871437346568.jpg?v=1774234967,jewelry,hermes,"https://cdn.shopify.com/s/files/1/0912/9351/6071/files/13345871437346568.jpg?v=1774234967|https://cdn.shopify.com/s/files/1/0912/9351/6071/files/13345871406287347.jpg?v=1774234967|https://cdn.shopify.com/s/files/1/0912/9351/6071/files/13345871427819914.jpg?v=1774234967|https://cdn.shopify.com/s/files/1/0912/9351/6071/files/13345871433603903.jpg?v=1774234967|https://cdn.shopify.com/s/files/1/0912/9351/6071/files/13345871435521841.jpg?v=1774234967|https://cdn.shopify.com/s/files/1/0912/9351/6071/files/13345871439300551.jpg?v=1774234967|https://cdn.shopify.com/s/files/1/0912/9351/6071/files/13345871441013767.jpg?v=1774234967|https://cdn.shopify.com/s/files/1/0912/9351/6071/files/13345871442751474.jpg?v=1774234967|https://cdn.shopify.com/s/files/1/0912/9351/6071/files/13345871444713213.jpg?v=1774234967","Hi I want CHAINE ECHAPPEE DIAMOND LINK BRACELET",
"FARANDOLE DIAMOND LINK BRACELET",https://cdn.shopify.com/s/files/1/0912/9351/6071/files/13345871619918457.jpg?v=1774234970,jewelry,hermes,"https://cdn.shopify.com/s/files/1/0912/9351/6071/files/13345871619918457.jpg?v=1774234970|https://cdn.shopify.com/s/files/1/0912/9351/6071/files/13345871618548746.jpg?v=1774234970|https://cdn.shopify.com/s/files/1/0912/9351/6071/files/13345871597602862.jpg?v=1774234970|https://cdn.shopify.com/s/files/1/0912/9351/6071/files/13345871612178138.jpg?v=1774234970|https://cdn.shopify.com/s/files/1/0912/9351/6071/files/13345871614296545.jpg?v=1774234970|https://cdn.shopify.com/s/files/1/0912/9351/6071/files/13345871615707165.jpg?v=1774234970|https://cdn.shopify.com/s/files/1/0912/9351/6071/files/13345871617138651.jpg?v=1774234970|https://cdn.shopify.com/s/files/1/0912/9351/6071/files/13345871621503808.jpg?v=1774234970|https://cdn.shopify.com/s/files/1/0912/9351/6071/files/13345871622811475.jpg?v=1774234969","Hi I want FARANDOLE DIAMOND LINK BRACELET",
"EX-LIBRIS PEDANT PINK GOLD SMALL",https://cdn.shopify.com/s/files/1/0912/9351/6071/files/ex-libris-pendant-small-model--120344B00-front-1-300-0-800-800_g.webp?v=1774234973,jewelry,hermes,"https://cdn.shopify.com/s/files/1/0912/9351/6071/files/ex-libris-pendant-small-model--120344B00-front-1-300-0-800-800_g.webp?v=1774234973|https://cdn.shopify.com/s/files/1/0912/9351/6071/files/ex-libris-pendant-small-model--120344B00-worn-2-0-0-800-800_g.webp?v=1774234974","Hi I want EX-LIBRIS PEDANT PINK GOLD SMALL",
"EX-LIBRIS PEDANT BRACELET",https://cdn.shopify.com/s/files/1/0912/9351/6071/files/ex-libris-bracelet-small-model--120440B00-front-3-300-0-800-800_g.webp?v=1774234976,jewelry,hermes,"https://cdn.shopify.com/s/files/1/0912/9351/6071/files/ex-libris-bracelet-small-model--120440B00-front-3-300-0-800-800_g.webp?v=1774234976|https://cdn.shopify.com/s/files/1/0912/9351/6071/files/ex-libris-bracelet-small-model--120441B00-worn-1-0-0-800-800_g.webp?v=1774234975|https://cdn.shopify.com/s/files/1/0912/9351/6071/files/ex-libris-bracelet-small-model--120440B00-front-4-300-0-800-800_g.webp?v=1774234975|https://cdn.shopify.com/s/files/1/0912/9351/6071/files/ex-libris-bracelet-small-model--120440B00-worn-2-0-0-800-800_g.webp?v=1774234975|https://cdn.shopify.com/s/files/1/0912/9351/6071/files/ex-libris-bracelet-small-model--120441B00-worn-2-0-0-800-800_g.webp?v=1774234975|https://cdn.shopify.com/s/files/1/0912/9351/6071/files/ex-libris-bracelet-small-model--120441B00-worn-3-0-0-800-800_g.webp?v=1774234975","Hi I want EX-LIBRIS PEDANT BRACELET",
"FINESSE SILVER BRACELET",https://cdn.shopify.com/s/files/1/0912/9351/6071/files/finesse-bracelet--219410B00-worn-1-0-0-1600-1600-q99_g.webp?v=1774234979,jewelry,hermes,"https://cdn.shopify.com/s/files/1/0912/9351/6071/files/finesse-bracelet--219410B00-worn-1-0-0-1600-1600-q99_g.webp?v=1774234979|https://cdn.shopify.com/s/files/1/0912/9351/6071/files/13343987205994418.jpg?v=1774234979|https://cdn.shopify.com/s/files/1/0912/9351/6071/files/13343987223516683.jpg?v=1774234980|https://cdn.shopify.com/s/files/1/0912/9351/6071/files/13343987226597560.jpg?v=1774234980|https://cdn.shopify.com/s/files/1/0912/9351/6071/files/finesse-bracelet--219410B00-worn-2-0-0-1600-1600-q99_g.webp?v=1774234980","Hi I want FINESSE SILVER BRACELET",
"H LOCK MULTICOLOR BRACELET 12MM",https://cdn.shopify.com/s/files/1/0912/9351/6071/files/13311254852491783_a12129d6-0816-42c3-9a9d-329e9fde6164.jpg?v=1774234983,jewelry,hermes,"https://cdn.shopify.com/s/files/1/0912/9351/6071/files/13311254852491783_a12129d6-0816-42c3-9a9d-329e9fde6164.jpg?v=1774234983|https://cdn.shopify.com/s/files/1/0912/9351/6071/files/13311254832507209_892def9e-7eff-4154-bcf3-916b3efe0cbf.jpg?v=1774234983|https://cdn.shopify.com/s/files/1/0912/9351/6071/files/13311254851003032_0a089365-d3bc-4054-8f28-e63d7f0adeb8.jpg?v=1774234983|https://cdn.shopify.com/s/files/1/0912/9351/6071/files/13311254854028819_352d0b5a-5fbb-4796-b3b9-9edfcb980105.jpg?v=1774234983","Hi I want H LOCK MULTICOLOR BRACELET 12MM",
"ECHAPEE PINK GOLD BRACELET",https://cdn.shopify.com/s/files/1/0912/9351/6071/files/13311255225131266_d7b02951-d80e-49a0-98b1-e4334601fac1.jpg?v=1774234986,jewelry,hermes,"https://cdn.shopify.com/s/files/1/0912/9351/6071/files/13311255225131266_d7b02951-d80e-49a0-98b1-e4334601fac1.jpg?v=1774234986|https://cdn.shopify.com/s/files/1/0912/9351/6071/files/13311255237931035_6f0891ac-875c-4bd1-aa10-1f63419f6a8d.jpg?v=1774234986|https://cdn.shopify.com/s/files/1/0912/9351/6071/files/13311255242658404_a0e6a6a1-123c-4819-98b1-1d62a7e2214b.jpg?v=1774234986|https://cdn.shopify.com/s/files/1/0912/9351/6071/files/13311255244858213_c323e6f0-5c8c-4b45-9338-a390ed1f459e.jpg?v=1774234986|https://cdn.shopify.com/s/files/1/0912/9351/6071/files/13311255248140761_5267cc4a-6aee-4fed-a42d-7b015821af39.jpg?v=1774234986|https://cdn.shopify.com/s/files/1/0912/9351/6071/files/13311255249639133_bcc92045-b199-4f0b-a5fa-045d8df01afb.jpg?v=1774234986","Hi I want ECHAPEE PINK GOLD BRACELET",
"H BRACELET 12MM BLUE GRAY",https://cdn.shopify.com/s/files/1/0912/9351/6071/files/13311255496585032_c468ce7b-2db2-4f92-9a61-081bb3769586.jpg?v=1774234988,jewelry,hermes,"https://cdn.shopify.com/s/files/1/0912/9351/6071/files/13311255496585032_c468ce7b-2db2-4f92-9a61-081bb3769586.jpg?v=1774234988|https://cdn.shopify.com/s/files/1/0912/9351/6071/files/13311255523276811_d9f2c557-d70d-4e81-b202-93e2464e262e.jpg?v=1774234988|https://cdn.shopify.com/s/files/1/0912/9351/6071/files/13311255528643885_fc0d564d-5c80-48bc-9dd9-4f9d2a9381e6.jpg?v=1774234988|https://cdn.shopify.com/s/files/1/0912/9351/6071/files/13311255517134186_b24f71c1-cb8f-4bb6-ba80-6567124abb81.jpg?v=1774234988|https://cdn.shopify.com/s/files/1/0912/9351/6071/files/13311255520684460_48fdc7e3-54dd-4174-acf1-a88d6517e6ea.jpg?v=1774234988|https://cdn.shopify.com/s/files/1/0912/9351/6071/files/13311255525057422_a571c26b-02bf-4503-9a79-ed6308331680.jpg?v=1774234988|https://cdn.shopify.com/s/files/1/0912/9351/6071/files/13311255526946929_e1906de6-301b-4e16-9e29-39387738d3f3.jpg?v=1774234988|https://cdn.shopify.com/s/files/1/0912/9351/6071/files/13311255530154349_88f63307-114c-403b-92e2-4ce6c614772d.jpg?v=1774234988|https://cdn.shopify.com/s/files/1/0912/9351/6071/files/13311255531668674_8ad019f5-ae9c-4496-a7d5-5ed0400ae740.jpg?v=1774234988","Hi I want H BRACELET 12MM BLUE GRAY",
"DANCRE CHAINE 3 MOTIF PINK GOLD BRACELET",https://cdn.shopify.com/s/files/1/0912/9351/6071/files/farandole-bracelet-small-model--107570B00-front-1-300-0-1000-1000_b_494ceec5-3909-41bd-bb56-5ed3d0af5b8b.jpg?v=1774234990,jewelry,hermes,"https://cdn.shopify.com/s/files/1/0912/9351/6071/files/farandole-bracelet-small-model--107570B00-front-1-300-0-1000-1000_b_494ceec5-3909-41bd-bb56-5ed3d0af5b8b.jpg?v=1774234990|https://cdn.shopify.com/s/files/1/0912/9351/6071/files/13311255289256986_3d707059-5856-45c5-b743-b8b8661bc262.jpg?v=1774234990|https://cdn.shopify.com/s/files/1/0912/9351/6071/files/13311255304961998_d1154c04-b467-4e76-9cd1-5c3b5ea4e01d.jpg?v=1774234990|https://cdn.shopify.com/s/files/1/0912/9351/6071/files/13311255306578456_5d821c9d-8dba-426d-a51c-b3b5bedc89b1.jpg?v=1774234990|https://cdn.shopify.com/s/files/1/0912/9351/6071/files/13311255308069988_85ed71cc-339b-4e62-bc3b-8b3b6be057a7.jpg?v=1774234990|https://cdn.shopify.com/s/files/1/0912/9351/6071/files/13311255309550854_42c73395-f870-47f7-85a3-1fd26443dc78.jpg?v=1774234990|https://cdn.shopify.com/s/files/1/0912/9351/6071/files/13311255311071881_29fd6018-bdf0-41e4-add3-8bb4c46cefd5.jpg?v=1774234990|https://cdn.shopify.com/s/files/1/0912/9351/6071/files/13311255312609773_971978e7-5999-47d7-8516-2020634cad29.jpg?v=1774234990|https://cdn.shopify.com/s/files/1/0912/9351/6071/files/13311255316158320_8832abc9-9add-4464-a321-dcdd0fca21aa.jpg?v=1774234990","Hi I want DANCRE CHAINE 3 MOTIF PINK GOLD BRACELET",
"H BRACELET 12MM PINK",https://cdn.shopify.com/s/files/1/0912/9351/6071/files/13311255708451691_50099e49-2a0e-4287-b938-c6b36435e20c.jpg?v=1774234993,jewelry,hermes,"https://cdn.shopify.com/s/files/1/0912/9351/6071/files/13311255708451691_50099e49-2a0e-4287-b938-c6b36435e20c.jpg?v=1774234993|https://cdn.shopify.com/s/files/1/0912/9351/6071/files/13311255719582206_5f043be2-c1f1-45d7-8f43-cfdfff11b289.jpg?v=1774234992|https://cdn.shopify.com/s/files/1/0912/9351/6071/files/13311255721341476_d17049fc-76e2-4557-b976-2e246d6fff50.jpg?v=1774234993|https://cdn.shopify.com/s/files/1/0912/9351/6071/files/13311255722993638_21fb69f2-4421-4d69-bed1-8d6c08d7770e.jpg?v=1774234993","Hi I want H BRACELET 12MM PINK",
"H BRACELET BLACK MULTICOLOR",https://cdn.shopify.com/s/files/1/0912/9351/6071/files/KH06400_7ff4dd7b-9f68-4f32-a0a1-01a3f3ea4f30.jpg?v=1774235001,jewelry,hermes,"https://cdn.shopify.com/s/files/1/0912/9351/6071/files/KH06400_7ff4dd7b-9f68-4f32-a0a1-01a3f3ea4f30.jpg?v=1774235001|https://cdn.shopify.com/s/files/1/0912/9351/6071/files/KH06381_549a87e3-1a50-4fa2-94b4-db965c54d7a9.jpg?v=1774235002|https://cdn.shopify.com/s/files/1/0912/9351/6071/files/KH06281_6d09e7fa-7aa7-4892-bc9d-ffdd3c2e6524.jpg?v=1774235001|https://cdn.shopify.com/s/files/1/0912/9351/6071/files/KH06271_28221379-6af1-499a-98db-97a9928550c4.jpg?v=1774235002|https://cdn.shopify.com/s/files/1/0912/9351/6071/files/KH06286_b07cd46f-a4f3-4b19-9943-878f1c402873.jpg?v=1774235002|https://cdn.shopify.com/s/files/1/0912/9351/6071/files/KH06411_39199f14-2c61-49b9-9372-26cc07b82b9f.jpg?v=1774235002","Hi I want H BRACELET BLACK MULTICOLOR",
"H BRACELET BLUE GREEN 12MM",https://cdn.shopify.com/s/files/1/0912/9351/6071/files/KH06396_2ffbc936-d390-41d6-9cfe-aa4aa5eef67d.jpg?v=1774235015,jewelry,hermes,"https://cdn.shopify.com/s/files/1/0912/9351/6071/files/KH06396_2ffbc936-d390-41d6-9cfe-aa4aa5eef67d.jpg?v=1774235015|https://cdn.shopify.com/s/files/1/0912/9351/6071/files/KH06376_b5583db8-77e6-47fc-85c6-191cfe70b85e.jpg?v=1774235015|https://cdn.shopify.com/s/files/1/0912/9351/6071/files/KH06253_38f714f4-427b-44ca-a22e-1099bd36708b.jpg?v=1774235016|https://cdn.shopify.com/s/files/1/0912/9351/6071/files/KH06266_e795c1cb-0535-4d60-a45a-3c4444b5a8f6.jpg?v=1774235016|https://cdn.shopify.com/s/files/1/0912/9351/6071/files/KH06285_37485f14-aab9-4abd-a2d2-438fbaf92713.jpg?v=1774235016|https://cdn.shopify.com/s/files/1/0912/9351/6071/files/KH06410_c9a900ac-9512-4997-858b-42d6c8339dda.jpg?v=1774235015","Hi I want H BRACELET BLUE GREEN 12MM",
"H BRACELET 18MM PINK GOLD BLUE GREEN",https://cdn.shopify.com/s/files/1/0912/9351/6071/files/13294925805028227_d80e75eb-6e84-49e4-9ee9-54efda54cee2.jpg?v=1774235017,jewelry,hermes,"https://cdn.shopify.com/s/files/1/0912/9351/6071/files/13294925805028227_d80e75eb-6e84-49e4-9ee9-54efda54cee2.jpg?v=1774235017|https://cdn.shopify.com/s/files/1/0912/9351/6071/files/13294925802316664_be487bc6-e7b6-4ebf-abd4-2ecd483cb8cc.jpg?v=1774235017|https://cdn.shopify.com/s/files/1/0912/9351/6071/files/13294925803215910_c137d4aa-1c65-46d2-8276-7498b774a6b1.jpg?v=1774235017|https://cdn.shopify.com/s/files/1/0912/9351/6071/files/13294925804116480_03bf960b-eefb-4119-be15-bd7b12dac8cb.jpg?v=1774235017","Hi I want H BRACELET 18MM PINK GOLD BLUE GREEN",
"CHAINE BLACK CERAMIC BRACELET",https://cdn.shopify.com/s/files/1/0912/9351/6071/files/chaine-d-ancre-verso-bracelet--220453B00-worn-3-0-0-800-800_b_ad5f9e70-a87a-4330-beff-feab7cc47844.jpg?v=1774235024,jewelry,hermes,"https://cdn.shopify.com/s/files/1/0912/9351/6071/files/chaine-d-ancre-verso-bracelet--220453B00-worn-3-0-0-800-800_b_ad5f9e70-a87a-4330-beff-feab7cc47844.jpg?v=1774235024|https://cdn.shopify.com/s/files/1/0912/9351/6071/files/13298957170717362_32f942b6-cd97-423d-9830-266209c1aa34.jpg?v=1774235024|https://cdn.shopify.com/s/files/1/0912/9351/6071/files/13298957168418038_bc78c8d6-b2cc-40c9-9895-fb8545625bc4.jpg?v=1774235024|https://cdn.shopify.com/s/files/1/0912/9351/6071/files/13298957147220783_1b0388a5-1d6c-4ec5-bd57-a0ab6d6640fd.jpg?v=1774235024|https://cdn.shopify.com/s/files/1/0912/9351/6071/files/13298957166320051_7a8dc0c3-9463-41ac-af75-33e898b52d86.jpg?v=1774235024|https://cdn.shopify.com/s/files/1/0912/9351/6071/files/13298957167326309_fce0934c-bef2-4c20-b89b-f981572febae.jpg?v=1774235024|https://cdn.shopify.com/s/files/1/0912/9351/6071/files/13298957169526014_3ba755f7-9239-4420-9b26-a121f5f86095.jpg?v=1774235024|https://cdn.shopify.com/s/files/1/0912/9351/6071/files/13298957172214423_3a221473-17e7-426a-9bbb-6f6645817088.jpg?v=1774235024|https://cdn.shopify.com/s/files/1/0912/9351/6071/files/13298957173420040_6e7a76fa-ee1a-4376-8ccc-8a93afa13d6f.jpg?v=1774235024","Hi I want CHAINE BLACK CERAMIC BRACELET",
"H STAR AND MOON BRACELET 12MM",https://cdn.shopify.com/s/files/1/0912/9351/6071/files/armreif-clic-h-space-derby--701414FB7-front-1-300-0-800-800_b_d7734bad-7b12-464e-8b65-e1d713622210.jpg?v=1774235032,jewelry,hermes,"https://cdn.shopify.com/s/files/1/0912/9351/6071/files/armreif-clic-h-space-derby--701414FB7-front-1-300-0-800-800_b_d7734bad-7b12-464e-8b65-e1d713622210.jpg?v=1774235032|https://cdn.shopify.com/s/files/1/0912/9351/6071/files/13294333226160418_0dff0842-7172-45f2-9773-c95ee1d6e486.jpg?v=1774235032|https://cdn.shopify.com/s/files/1/0912/9351/6071/files/13294333230360681_1b45cee0-3409-45dd-b307-5aa0ecea037b.jpg?v=1774235032|https://cdn.shopify.com/s/files/1/0912/9351/6071/files/13294333227780535_1c488357-f07e-4897-852a-7092163a0249.jpg?v=1774235032|https://cdn.shopify.com/s/files/1/0912/9351/6071/files/13294333204569523_028740aa-ba3a-44a4-8c0b-2326e429e4c2.jpg?v=1774235032|https://cdn.shopify.com/s/files/1/0912/9351/6071/files/13294333228658667_e299e21c-e07e-4a05-bc2a-c9976f638b25.jpg?v=1774235032|https://cdn.shopify.com/s/files/1/0912/9351/6071/files/13294333225260762_c5248e1c-2378-4c8c-ba24-cb9ed4564759.jpg?v=1774235032|https://cdn.shopify.com/s/files/1/0912/9351/6071/files/13294333224372638_f3950ac2-c670-4482-be8d-d23b11c09e2a.jpg?v=1774235032|https://cdn.shopify.com/s/files/1/0912/9351/6071/files/13294333229471458_6718390d-7a34-4363-839f-db53ce984c6f.jpg?v=1774235032|https://cdn.shopify.com/s/files/1/0912/9351/6071/files/13294333226963062_dcc79bf4-2cff-4d90-a67a-2c32c445c1be.jpg?v=1774235032","Hi I want H STAR AND MOON BRACELET 12MM",
"H LOCK BRACELET 12MM",https://cdn.shopify.com/s/files/1/0912/9351/6071/files/clic-cadenas-bracelet--707000F01-front-1-300-0-1000-1000_b_6ce6c3be-27b1-480e-bf06-4fcdb4e4b676.jpg?v=1774235034,jewelry,hermes,"https://cdn.shopify.com/s/files/1/0912/9351/6071/files/clic-cadenas-bracelet--707000F01-front-1-300-0-1000-1000_b_6ce6c3be-27b1-480e-bf06-4fcdb4e4b676.jpg?v=1774235034|https://cdn.shopify.com/s/files/1/0912/9351/6071/files/13294333705458709_99f8bd5f-cd46-4618-9051-7517a31946a6.jpg?v=1774235034|https://cdn.shopify.com/s/files/1/0912/9351/6071/files/13294333718956647_db962bd9-b733-42da-9a6f-8e1d051d412a.jpg?v=1774235034|https://cdn.shopify.com/s/files/1/0912/9351/6071/files/13294333719962681_6dc7d8b1-0c86-4495-85db-718414de6eac.jpg?v=1774235034|https://cdn.shopify.com/s/files/1/0912/9351/6071/files/13294333723559630_4d39a1ce-d4ac-4689-a5fa-15dff3e155f1.jpg?v=1774235034|https://cdn.shopify.com/s/files/1/0912/9351/6071/files/13294333725458553_90424800-9b5a-4e90-8e38-d44c62144757.jpg?v=1774235034","Hi I want H LOCK BRACELET 12MM",
"H HORSE BRACELET 12MM",https://cdn.shopify.com/s/files/1/0912/9351/6071/files/clic-h-cheval-pixel-bracelet--701413FP49-front-1-300-0-1000-1000_b_3568863c-fd4a-4fca-bfcf-51b771233e1f.jpg?v=1774235036,jewelry,hermes,"https://cdn.shopify.com/s/files/1/0912/9351/6071/files/clic-h-cheval-pixel-bracelet--701413FP49-front-1-300-0-1000-1000_b_3568863c-fd4a-4fca-bfcf-51b771233e1f.jpg?v=1774235036|https://cdn.shopify.com/s/files/1/0912/9351/6071/files/13294332849703883_82abae0a-84fb-4589-b7a7-9eb7757e0d4a.jpg?v=1774235036|https://cdn.shopify.com/s/files/1/0912/9351/6071/files/13294332864505583_87de8c6f-f0f9-49df-9fde-12b6f46c87f4.jpg?v=1774235036|https://cdn.shopify.com/s/files/1/0912/9351/6071/files/13294332867121555_0068861b-c6fa-4140-960d-17e6839f6ece.jpg?v=1774235037|https://cdn.shopify.com/s/files/1/0912/9351/6071/files/13294332865304454_1feae781-7db9-4734-8e34-8bb4bb41ade3.jpg?v=1774235036|https://cdn.shopify.com/s/files/1/0912/9351/6071/files/13294332868003281_c4cd82b9-6c25-4dfb-a234-6299b0d65fce.jpg?v=1774235036|https://cdn.shopify.com/s/files/1/0912/9351/6071/files/13294332868918530_346cab09-4450-4024-ab0f-f68283621cd3.jpg?v=1774235036","Hi I want H HORSE BRACELET 12MM",
"H TARTAN BRACELET 12MM",https://cdn.shopify.com/s/files/1/0912/9351/6071/files/clic-h-tartan-bracelet--704002FA3-front-1-300-0-800-800_b_2e6d98ad-8149-4235-babd-4384f0d8b80b.jpg?v=1774235038,jewelry,hermes,"https://cdn.shopify.com/s/files/1/0912/9351/6071/files/clic-h-tartan-bracelet--704002FA3-front-1-300-0-800-800_b_2e6d98ad-8149-4235-babd-4384f0d8b80b.jpg?v=1774235038|https://cdn.shopify.com/s/files/1/0912/9351/6071/files/13294331766564668_a883f988-3c7e-4ab1-ad06-89ebe139db92.jpg?v=1774235038|https://cdn.shopify.com/s/files/1/0912/9351/6071/files/13294331761864213_875b7aa3-e0e2-4aa2-9e9a-f8ce777a791b.jpg?v=1774235038|https://cdn.shopify.com/s/files/1/0912/9351/6071/files/13294331760965240_4d7d17b2-e28b-437c-952f-2b64ed7da0ee.jpg?v=1774235039|https://cdn.shopify.com/s/files/1/0912/9351/6071/files/13294331759964918_6a91ff19-6d1c-4add-8ea1-cab79cab4665.jpg?v=1774235038","Hi I want H TARTAN BRACELET 12MM",
"H BRACELET BLUE RAINBOW CERAMIC",https://cdn.shopify.com/s/files/1/0912/9351/6071/files/13294158731145249_2892374d-05fe-4ef8-be1f-276bd0a6cab1.jpg?v=1774235041,jewelry,hermes,"https://cdn.shopify.com/s/files/1/0912/9351/6071/files/13294158731145249_2892374d-05fe-4ef8-be1f-276bd0a6cab1.jpg?v=1774235041|https://cdn.shopify.com/s/files/1/0912/9351/6071/files/13294158744452090_dadd5288-b0ce-4223-aa03-9f2bff397e62.jpg?v=1774235041|https://cdn.shopify.com/s/files/1/0912/9351/6071/files/13294158745847221_022e8832-04e5-4549-918e-dca5f3612d36.jpg?v=1774235041|https://cdn.shopify.com/s/files/1/0912/9351/6071/files/13294158746861080_3d086312-1c3c-4578-9780-912fe1bdf84a.jpg?v=1774235041","Hi I want H BRACELET BLUE RAINBOW CERAMIC",
"H CHAMPAGNE BRACELET",https://cdn.shopify.com/s/files/1/0912/9351/6071/files/31xfcm3zzpL.SS700_3018617e-ea7d-49e6-ada5-5c69b8484d8d.jpg?v=1774235045,jewelry,hermes,"https://cdn.shopify.com/s/files/1/0912/9351/6071/files/31xfcm3zzpL.SS700_3018617e-ea7d-49e6-ada5-5c69b8484d8d.jpg?v=1774235045|https://cdn.shopify.com/s/files/1/0912/9351/6071/files/13293898735919166_b59db63b-0686-45af-80c0-3d855bdb7d27.jpg?v=1774235045|https://cdn.shopify.com/s/files/1/0912/9351/6071/files/13293898753992893_06f88bf3-aded-4fc8-831a-063aa880000e.jpg?v=1774235045|https://cdn.shopify.com/s/files/1/0912/9351/6071/files/13293898755274825_660f06b0-a3e9-46df-b43c-286f46bafee2.jpg?v=1774235045","Hi I want H CHAMPAGNE BRACELET",
"H LIGHT BLUE BRACELET",https://cdn.shopify.com/s/files/1/0912/9351/6071/files/13293358495107912_dc4b6ab3-9179-4630-adc1-f7790d8415e8.jpg?v=1774235047,jewelry,hermes,"https://cdn.shopify.com/s/files/1/0912/9351/6071/files/13293358495107912_dc4b6ab3-9179-4630-adc1-f7790d8415e8.jpg?v=1774235047|https://cdn.shopify.com/s/files/1/0912/9351/6071/files/5cbd0be4-086c-4add-84fc-6b7277e14f30_96e740fd-7ecf-414b-be7f-cdb6cdeeb9a2.jpg?v=1774235047|https://cdn.shopify.com/s/files/1/0912/9351/6071/files/13293358493800020_cdf8c491-ba4b-4a82-91d7-60644b51c4cd.jpg?v=1774235047|https://cdn.shopify.com/s/files/1/0912/9351/6071/files/13293358491396344_84f9f579-d128-4957-a266-d13680c1e504.jpg?v=1774235047|https://cdn.shopify.com/s/files/1/0912/9351/6071/files/13293358496225685_d1270541-7a61-432b-9f32-f189161c58c2.jpg?v=1774235047|https://cdn.shopify.com/s/files/1/0912/9351/6071/files/13293358497490218_0cf80b82-6275-42bf-b63b-0a99b8b9efa3.jpg?v=1774235047|https://cdn.shopify.com/s/files/1/0912/9351/6071/files/13293358498787666_b2ac0fae-3daf-4896-9e16-f1a6a78d6b5f.jpg?v=1774235047|https://cdn.shopify.com/s/files/1/0912/9351/6071/files/13293358500099420_78243703-00b9-4b11-8335-1830ac4a02c9.jpg?v=1774235047","Hi I want H LIGHT BLUE BRACELET",
"H PINK GOLD BRACELET PINK CERAMIC",https://cdn.shopify.com/s/files/1/0912/9351/6071/files/KH06386_5176b93d-aa5b-436b-b72b-a9a7fad4fde6.jpg?v=1774235048,jewelry,hermes,"https://cdn.shopify.com/s/files/1/0912/9351/6071/files/KH06386_5176b93d-aa5b-436b-b72b-a9a7fad4fde6.jpg?v=1774235048|https://cdn.shopify.com/s/files/1/0912/9351/6071/files/KH06262_c3457a41-f9ba-457e-a72f-c3bb9835a0aa.jpg?v=1774235048","Hi I want H PINK GOLD BRACELET PINK CERAMIC",
"H CLOUD BLUE BRACELET",https://cdn.shopify.com/s/files/1/0912/9351/6071/files/13286975071278274_02b0d1a4-fcb4-492c-ab8d-6be9a0114d2f.jpg?v=1774235053,jewelry,hermes,"https://cdn.shopify.com/s/files/1/0912/9351/6071/files/13286975071278274_02b0d1a4-fcb4-492c-ab8d-6be9a0114d2f.jpg?v=1774235053|https://cdn.shopify.com/s/files/1/0912/9351/6071/files/13286973579886134_ccdda309-e967-402f-9f9a-655d2c095e0b.jpg?v=1774235053|https://cdn.shopify.com/s/files/1/0912/9351/6071/files/13286973580787866_05a5ae7b-d983-4188-b29a-4dcf3e1cf6f6.jpg?v=1774235054|https://cdn.shopify.com/s/files/1/0912/9351/6071/files/orr_org_master_1581f657-5462-4aa3-894e-e3740d32f2f2.jpg?v=1774235053","Hi I want H CLOUD BLUE BRACELET",
"H PURPLE BRACELET",https://cdn.shopify.com/s/files/1/0912/9351/6071/files/00pp-opening-hermes-clic-clac-small-model-bracelet-in-palladium-and-enamel_ebcad5c9-ecaa-47ef-ba64-d1b261c6bac5.jpg?v=1774235064,jewelry,hermes,"https://cdn.shopify.com/s/files/1/0912/9351/6071/files/00pp-opening-hermes-clic-clac-small-model-bracelet-in-palladium-and-enamel_ebcad5c9-ecaa-47ef-ba64-d1b261c6bac5.jpg?v=1774235064|https://cdn.shopify.com/s/files/1/0912/9351/6071/files/13286973559786701_5a2d63f1-57d3-4142-aa3f-bcee1f18cc2f.jpg?v=1774235065|https://cdn.shopify.com/s/files/1/0912/9351/6071/files/13286973863930134_7c8e5e77-8adc-49e1-816d-0d0ebeabc9d9.jpg?v=1774235065|https://cdn.shopify.com/s/files/1/0912/9351/6071/files/13286973580787866_c5eb3827-e320-44e8-8267-78905723f8ce.jpg?v=1774235064","Hi I want H PURPLE BRACELET",
"CHAINE VERSO BLACK CERAMIC SILVER BRACELET",https://cdn.shopify.com/s/files/1/0912/9351/6071/files/chaine-d-ancre-verso-bracelet--220453B00-worn-3-0-0-800-800_b_85b363a5-44db-42d3-b2e6-8ca4cf18c41e.jpg?v=1774235076,jewelry,hermes,"https://cdn.shopify.com/s/files/1/0912/9351/6071/files/chaine-d-ancre-verso-bracelet--220453B00-worn-3-0-0-800-800_b_85b363a5-44db-42d3-b2e6-8ca4cf18c41e.jpg?v=1774235076|https://cdn.shopify.com/s/files/1/0912/9351/6071/files/13303232696009629_6f46e91b-a33f-4d7e-9c26-9591fd2c732e.jpg?v=1774235076|https://cdn.shopify.com/s/files/1/0912/9351/6071/files/13303232698109949_26653d19-c5b8-462b-86e0-d683240470c1.jpg?v=1774235076|https://cdn.shopify.com/s/files/1/0912/9351/6071/files/13303232681413300_3fd48de9-506e-4831-97a2-a51c04b2304b.jpg?v=1774235077|https://cdn.shopify.com/s/files/1/0912/9351/6071/files/13303232693814018_cd8ce777-36b5-4e72-871e-bb6a03b3dccb.jpg?v=1774235076","Hi I want CHAINE VERSO BLACK CERAMIC SILVER BRACELET",
"CHAINE BRACELET PINK GOLD",https://cdn.shopify.com/s/files/1/0912/9351/6071/files/13291052803195864_c85e59f6-0c45-4597-9c5f-08b685033fe4.jpg?v=1774235081,jewelry,hermes,"https://cdn.shopify.com/s/files/1/0912/9351/6071/files/13291052803195864_c85e59f6-0c45-4597-9c5f-08b685033fe4.jpg?v=1774235081|https://cdn.shopify.com/s/files/1/0912/9351/6071/files/13291052829762182_790c543e-29b8-43a4-85fc-0eb6b25df2a4.jpg?v=1774235081|https://cdn.shopify.com/s/files/1/0912/9351/6071/files/13291052830762507_d21fcfe2-ca51-4d4b-806b-c1d4f55a8465.jpg?v=1774235081|https://cdn.shopify.com/s/files/1/0912/9351/6071/files/13291052831876526_9fa2dd6a-f202-433f-9d3e-de4ca3a8e5e5.jpg?v=1774235081|https://cdn.shopify.com/s/files/1/0912/9351/6071/files/13291052833064348_a9a279f3-88d3-4c68-816c-c1f1112cf204.jpg?v=1774235081|https://cdn.shopify.com/s/files/1/0912/9351/6071/files/13291052836363483_21830dc1-2a8f-42fa-b261-dd453e545b75.jpg?v=1774235081|https://cdn.shopify.com/s/files/1/0912/9351/6071/files/13291052837562276_45edaa3d-4bad-44c3-b675-5c5dbb403c62.jpg?v=1774235081","Hi I want CHAINE BRACELET PINK GOLD",
"H BLUE BRACELET",https://cdn.shopify.com/s/files/1/0912/9351/6071/files/KH06397_fd83dc91-cad2-40b7-a5f2-489727afab0d.jpg?v=1774235084,jewelry,hermes,"https://cdn.shopify.com/s/files/1/0912/9351/6071/files/KH06397_fd83dc91-cad2-40b7-a5f2-489727afab0d.jpg?v=1774235084|https://cdn.shopify.com/s/files/1/0912/9351/6071/files/KH06377_4971496b-c5c8-4d82-a9f8-25fab519faf1.jpg?v=1774235084|https://cdn.shopify.com/s/files/1/0912/9351/6071/files/KH06273_1b1b13da-5b62-45a5-a509-e87690908116.jpg?v=1774235083|https://cdn.shopify.com/s/files/1/0912/9351/6071/files/KH06257_ef5d6036-c260-4293-b1e1-57f6b49508f7.jpg?v=1774235083|https://cdn.shopify.com/s/files/1/0912/9351/6071/files/KH06289_710510d6-4634-4461-b456-2e1bbb77a705.jpg?v=1774235083|https://cdn.shopify.com/s/files/1/0912/9351/6071/files/KH06406_06e9867b-b3f0-40fb-9c84-c9fab111d786.jpg?v=1774235083","Hi I want H BLUE BRACELET",
"KELLY CHAIN SILVER DIAMOND BRACELET",https://cdn.shopify.com/s/files/1/0912/9351/6071/files/DSC00514_600x600_crop_center_2c015652-092b-422a-be9f-86950fcbb78a.jpg?v=1774235099,jewelry,hermes,"https://cdn.shopify.com/s/files/1/0912/9351/6071/files/DSC00514_600x600_crop_center_2c015652-092b-422a-be9f-86950fcbb78a.jpg?v=1774235099|https://cdn.shopify.com/s/files/1/0912/9351/6071/files/13309101723789358_c36a77df-1d7c-4b99-b409-c68e1703bd30.jpg?v=1774235099|https://cdn.shopify.com/s/files/1/0912/9351/6071/files/13309101727951417_18816f6b-963e-4c54-84cf-c0bf1f5861b1.jpg?v=1774235100|https://cdn.shopify.com/s/files/1/0912/9351/6071/files/13309101734918464_cdef9e84-cec0-4cc6-a160-b8ba7fe78964.jpg?v=1774235099","Hi I want KELLY CHAIN SILVER DIAMOND BRACELET",
"KELLY BRACELET PINK DIAMOND",https://cdn.shopify.com/s/files/1/0912/9351/6071/files/13308339135827546_e3a3f911-c7e0-4022-97f4-dbf14ab88937.jpg?v=1774235108,jewelry,hermes,"https://cdn.shopify.com/s/files/1/0912/9351/6071/files/13308339135827546_e3a3f911-c7e0-4022-97f4-dbf14ab88937.jpg?v=1774235108|https://cdn.shopify.com/s/files/1/0912/9351/6071/files/13308339152826969_65bd256b-22c2-4476-84bc-cf484aea4912.jpg?v=1774235108|https://cdn.shopify.com/s/files/1/0912/9351/6071/files/13308339154121448_3df59b4a-e904-43df-bd75-6e327d3f8b0d.jpg?v=1774235108|https://cdn.shopify.com/s/files/1/0912/9351/6071/files/13308339155543835_4c52d89f-b8cd-473c-bba9-71befbd91f8c.jpg?v=1774235108","Hi I want KELLY BRACELET PINK DIAMOND",
"ECHAPEE BRACELET TEXTILE",https://cdn.shopify.com/s/files/1/0912/9351/6071/files/glenan-bracelet--071681FO09-worn-1-0-0-1000-1000_b_f261ee31-b504-4bd6-bcb5-1af56f9e01ef.jpg?v=1774235110,jewelry,hermes,"https://cdn.shopify.com/s/files/1/0912/9351/6071/files/glenan-bracelet--071681FO09-worn-1-0-0-1000-1000_b_f261ee31-b504-4bd6-bcb5-1af56f9e01ef.jpg?v=1774235110|https://cdn.shopify.com/s/files/1/0912/9351/6071/files/13308338820794534_c9ba0ba1-32b0-4676-8ebd-ca4a5a0f5497.jpg?v=1774235110|https://cdn.shopify.com/s/files/1/0912/9351/6071/files/13308338847427511_c3037e9e-2b77-4938-a37f-39404b5642c0.jpg?v=1774235110|https://cdn.shopify.com/s/files/1/0912/9351/6071/files/13308338848695871_ed55bfa1-56f5-4121-8627-fcd7d638d493.jpg?v=1774235110|https://cdn.shopify.com/s/files/1/0912/9351/6071/files/13308338849998417_899c946c-0fee-4bc2-9359-90ca0017a10c.jpg?v=1774235110","Hi I want ECHAPEE BRACELET TEXTILE",
"MINI BIRKIN CHAINE BRACELET",https://cdn.shopify.com/s/files/1/0912/9351/6071/files/13304602799190706_1c6000fd-c8e3-4ed7-ac68-0afe0cba5155.jpg?v=1774235113,jewelry,hermes,"https://cdn.shopify.com/s/files/1/0912/9351/6071/files/13304602799190706_1c6000fd-c8e3-4ed7-ac68-0afe0cba5155.jpg?v=1774235113|https://cdn.shopify.com/s/files/1/0912/9351/6071/files/13304602819064733_55a5ce0f-4835-41dc-894d-cb61b97b9469.jpg?v=1774235114|https://cdn.shopify.com/s/files/1/0912/9351/6071/files/13304602820379049_bde80135-699b-4ec2-804e-6dcaef144791.jpg?v=1774235113|https://cdn.shopify.com/s/files/1/0912/9351/6071/files/13304602821470950_dfc941a1-097e-46d9-aace-7907d33db774.jpg?v=1774235114","Hi I want MINI BIRKIN CHAINE BRACELET",
"H BRACELET 12MM BLACK BEIGE CERAMIC",https://cdn.shopify.com/s/files/1/0912/9351/6071/files/13303662317430909_8e2d495e-b8cd-4335-8c3a-a612819369f1.jpg?v=1774235115,jewelry,hermes,"https://cdn.shopify.com/s/files/1/0912/9351/6071/files/13303662317430909_8e2d495e-b8cd-4335-8c3a-a612819369f1.jpg?v=1774235115|https://cdn.shopify.com/s/files/1/0912/9351/6071/files/13303662294443134_d6eb5866-0679-49db-baaf-7b5b6d16bb6e.jpg?v=1774235116|https://cdn.shopify.com/s/files/1/0912/9351/6071/files/13303662315138716_9b8727bc-774c-4f1f-9c9f-1e500942e3dd.jpg?v=1774235116|https://cdn.shopify.com/s/files/1/0912/9351/6071/files/13303662319431057_3186cc83-4d1b-4680-9e2e-7fdc2e01c6af.jpg?v=1774235116|https://cdn.shopify.com/s/files/1/0912/9351/6071/files/13303662325627852_4619cbe8-69ab-4e73-b6cf-7294e28edc88.jpg?v=1774235116|https://cdn.shopify.com/s/files/1/0912/9351/6071/files/13303662327629829_9ea19528-88ef-4c98-82d1-9f6eda17aa51.jpg?v=1774235116|https://cdn.shopify.com/s/files/1/0912/9351/6071/files/13303662330139431_af5e4b3f-ecf2-4e71-aeae-df88a06d08c6.jpg?v=1774235116","Hi I want H BRACELET 12MM BLACK BEIGE CERAMIC",
"H BRACELET 12MM BLACK WHITE CERAMIC",https://cdn.shopify.com/s/files/1/0912/9351/6071/files/13303662266937086_c89f2ae3-7f47-4e99-8055-2f7d39dc3bf0.jpg?v=1774235117,jewelry,hermes,"https://cdn.shopify.com/s/files/1/0912/9351/6071/files/13303662266937086_c89f2ae3-7f47-4e99-8055-2f7d39dc3bf0.jpg?v=1774235117|https://cdn.shopify.com/s/files/1/0912/9351/6071/files/13303662269131916_0eba2f80-58f9-42cf-ad64-0c0d6a601edd.jpg?v=1774235117|https://cdn.shopify.com/s/files/1/0912/9351/6071/files/13303662264836448_cf196bfe-8080-4546-8c18-618ff6900e33.jpg?v=1774235117|https://cdn.shopify.com/s/files/1/0912/9351/6071/files/13303662246738892_9e8dca5b-7871-4d3e-a33c-8ecd4f09f84e.jpg?v=1774235117|https://cdn.shopify.com/s/files/1/0912/9351/6071/files/13303662262644608_3741f3f5-d705-4a25-898c-d7ae1a3cf7ee.jpg?v=1774235117|https://cdn.shopify.com/s/files/1/0912/9351/6071/files/13303662271028901_bedb800b-7757-4d66-9a93-9713820603f9.jpg?v=1774235117","Hi I want H BRACELET 12MM BLACK WHITE CERAMIC",
"CLIC ANNEAU BLUE BLACK AND GREY BRACELET",https://cdn.shopify.com/s/files/1/0912/9351/6071/files/13342160073120088_80c445a9-c9e3-4742-a652-5eb6ee91c725.jpg?v=1774235145,jewelry,hermes,"https://cdn.shopify.com/s/files/1/0912/9351/6071/files/13342160073120088_80c445a9-c9e3-4742-a652-5eb6ee91c725.jpg?v=1774235145|https://cdn.shopify.com/s/files/1/0912/9351/6071/files/13342160075021308_6e730cd3-2e3e-4a2c-b8f4-806f584f45d0.jpg?v=1774235144|https://cdn.shopify.com/s/files/1/0912/9351/6071/files/13342160076504129_caebe67f-7a0f-4174-bfdd-e3fccc313ddc.jpg?v=1774235144|https://cdn.shopify.com/s/files/1/0912/9351/6071/files/13342160081023445_f52837ab-048c-4d5c-b52d-e13ea3f57333.jpg?v=1774235145|https://cdn.shopify.com/s/files/1/0912/9351/6071/files/13342160077987138_83cc0dd2-f6ef-4f1b-b190-c2ac34eb921e.jpg?v=1774235144|https://cdn.shopify.com/s/files/1/0912/9351/6071/files/13342160079543582_4ac27648-8403-4920-8ad9-52e870453887.jpg?v=1774235144","Hi I want CLIC ANNEAU BLUE BLACK AND GREY BRACELET",
"CLIC ANNEAU YELLOW PINK AND ORANGE BRACELET",https://cdn.shopify.com/s/files/1/0912/9351/6071/files/13342160125776667_73d6b147-597e-4d37-b036-c2f104cd8f95.jpg?v=1774235146,jewelry,hermes,"https://cdn.shopify.com/s/files/1/0912/9351/6071/files/13342160125776667_73d6b147-597e-4d37-b036-c2f104cd8f95.jpg?v=1774235146|https://cdn.shopify.com/s/files/1/0912/9351/6071/files/13342160127261612_b84cd579-878b-4c45-8366-efa8109f2a8b.jpg?v=1774235146|https://cdn.shopify.com/s/files/1/0912/9351/6071/files/13342160129323023_5072ef2f-f435-4c6a-ba35-326f3302bcbf.jpg?v=1774235146|https://cdn.shopify.com/s/files/1/0912/9351/6071/files/13342160130919861_8b95c92f-0928-42b3-a7a3-16e11ba1004e.jpg?v=1774235146|https://cdn.shopify.com/s/files/1/0912/9351/6071/files/13342160132727717_31f4cd9d-42dd-45c1-b5be-6abb54e1c46a.jpg?v=1774235146|https://cdn.shopify.com/s/files/1/0912/9351/6071/files/13342160134437665_c90ccdf0-20c2-4601-8d8b-729d89a22108.jpg?v=1774235146","Hi I want CLIC ANNEAU YELLOW PINK AND ORANGE BRACELET",
