name,image,category,brand,images,whatsapp_text,badge
FF Baguette Light Brown Leather Slide,https://cdn.shopify.com/s/files/1/0912/9351/6071/files/img_03fc6810_20240608_i1717843884_4977_3_jpg_5f6976b5-707c-4641-9297-027e91a06b07.jpg?v=1759823188,footwear,fendi,https://cdn.shopify.com/s/files/1/0912/9351/6071/files/img_03fc6810_20240608_i1717843884_4977_3_jpg_5f6976b5-707c-4641-9297-027e91a06b07.jpg?v=1759823188|https://cdn.shopify.com/s/files/1/0912/9351/6071/files/img_03fc6810_20240608_i1717843884_92_0_jpg_b4b5dd07-17e6-40e0-9be1-6282e7e2e35e.jpg?v=1759823188|https://cdn.shopify.com/s/files/1/0912/9351/6071/files/img_03fc6810_20240608_i1717843884_5367_6_jpg_ac4410ff-9270-47b2-ba5d-bcbea0347521.jpg?v=1759823188|https://cdn.shopify.com/s/files/1/0912/9351/6071/files/img_03fc6810_20240608_i1717843884_8308_5_jpg_c22b0a98-80b3-45d7-ac72-5b6e91ae258b.jpg?v=1759823188|https://cdn.shopify.com/s/files/1/0912/9351/6071/files/img_03fc6810_20240608_i1717843884_8963_1_jpg_77845554-2be0-4cd1-be23-f026d6abda59.jpg?v=1759823188|https://cdn.shopify.com/s/files/1/0912/9351/6071/files/img_03fc6810_20240608_i1717843884_9792_4_jpg_a966f959-c3f8-48f9-a5f5-7e8567513b09.jpg?v=1759823188|https://cdn.shopify.com/s/files/1/0912/9351/6071/files/img_03fc6810_20240608_i1717843885_1751_8_jpg_92fb6ced-51fd-4254-a6fa-7f02431ed2ee.jpg?v=1759823188|https://cdn.shopify.com/s/files/1/0912/9351/6071/files/img_03fc6810_20240608_i1717843885_7796_7_jpg_a8e0f17b-81b5-4af0-8b42-a36a8e4e0f23.jpg?v=1759823188|https://cdn.shopify.com/s/files/1/0912/9351/6071/files/img_03fc6810_20240608_i1717843884_5061_2_jpg_13a8a714-d3a8-483b-933d-a61d46353b3c.jpg?v=1759823188,Hi I want FF Baguette Light Brown Leather Slide,
FENDI COLIBRÃÅ’ HIGH-HEELED SLINGBACKS 75MM IN LIGHT GOLD FABRIC,https://cdn.shopify.com/s/files/1/0912/9351/6071/files/img_0f96c430_20240529_i1716918741_1305_2_jpg_926480b8-0154-4655-bf08-b69e8457040e.jpg?v=1773309065,footwear,fendi,https://cdn.shopify.com/s/files/1/0912/9351/6071/files/img_0f96c430_20240529_i1716918741_1305_2_jpg_926480b8-0154-4655-bf08-b69e8457040e.jpg?v=1773309065|https://cdn.shopify.com/s/files/1/0912/9351/6071/files/img_0f96c430_20240529_i1716918741_58_5_jpg_a57fe5bf-ffb4-4e76-9ea8-d45578bbfe30.jpg?v=1773309064|https://cdn.shopify.com/s/files/1/0912/9351/6071/files/img_0f96c430_20240529_i1716918741_2595_4_jpg_b9eac8e7-a210-4d16-85e3-f932252b43c7.jpg?v=1773309065|https://cdn.shopify.com/s/files/1/0912/9351/6071/files/img_0f96c430_20240529_i1716918741_8300_8_jpg_4697176a-b05a-44cd-8a72-51d6871363e0.jpg?v=1773309064|https://cdn.shopify.com/s/files/1/0912/9351/6071/files/img_0f96c430_20240529_i1716918741_9576_0_jpg_ae41abe3-18d7-4b05-b0f4-96e83f8c5145.jpg?v=1773309064|https://cdn.shopify.com/s/files/1/0912/9351/6071/files/img_0f96c430_20240529_i1716918741_3395_7_jpg_7478329d-b9ca-4a4a-b75c-8e0b0e28185e.jpg?v=1773309065|https://cdn.shopify.com/s/files/1/0912/9351/6071/files/img_0f96c430_20240529_i1716918741_5881_6_jpg_6debce27-7857-4efe-9b52-cb5a157f0459.jpg?v=1773309064|https://cdn.shopify.com/s/files/1/0912/9351/6071/files/img_0f96c430_20240529_i1716918741_4460_1_jpg_f42395b1-a3ca-48e8-94f1-2c28ffc30d38.jpg?v=1773309065|https://cdn.shopify.com/s/files/1/0912/9351/6071/files/img_0f96c430_20240529_i1716918741_3874_3_jpg_6db6cd86-74cf-4c50-a575-880e62be2600.jpg?v=1773309064,Hi I want FENDI COLIBRÃÅ’ HIGH-HEELED SLINGBACKS 75MM IN LIGHT GOLD FABRIC,
FENDI ROCKOKO BIKER BOOTS IN BLACK CALFSKIN WITH STRETCH FABRIC,https://cdn.shopify.com/s/files/1/0912/9351/6071/files/20230827_a1693117052465_5023_jpg_5fa69653-dc58-49ae-9070-10ea0d836372.jpg?v=1773309072,footwear,fendi,https://cdn.shopify.com/s/files/1/0912/9351/6071/files/20230827_a1693117052465_5023_jpg_5fa69653-dc58-49ae-9070-10ea0d836372.jpg?v=1773309072|https://cdn.shopify.com/s/files/1/0912/9351/6071/files/20230827_a1693117052180_4301_jpg_e60b151f-cd14-41f4-9ece-21463f1e5447.jpg?v=1773309072|https://cdn.shopify.com/s/files/1/0912/9351/6071/files/20230827_a1693117050771_7736_jpg_6572567c-0bb2-45c4-b4aa-5e1252dc1107.jpg?v=1773309072|https://cdn.shopify.com/s/files/1/0912/9351/6071/files/20230827_a1693117051628_8062_jpg_ff9f2ff2-d468-450b-b49b-ac13b22d3128.jpg?v=1773309072|https://cdn.shopify.com/s/files/1/0912/9351/6071/files/20230827_a1693117052748_4345_jpg_b2512cbc-3b4a-4a73-9556-f113c73eb654.jpg?v=1773309072|https://cdn.shopify.com/s/files/1/0912/9351/6071/files/20230827_a1693117053024_2021_jpg_eaab910d-9397-46cf-80b2-8bd708df129f.jpg?v=1773309072|https://cdn.shopify.com/s/files/1/0912/9351/6071/files/20230827_a1693117051361_5067_jpg_12fca3c2-5c16-4264-942a-835abe9bb952.jpg?v=1773309072|https://cdn.shopify.com/s/files/1/0912/9351/6071/files/20230827_a1693117051082_7007_jpg_ff2855d1-a0d6-4166-87c5-f50e87d587ff.jpg?v=1773309072|https://cdn.shopify.com/s/files/1/0912/9351/6071/files/20230827_a1693117051915_2434_jpg_44acd238-8947-4754-b294-bf626a402479.jpg?v=1773309072,Hi I want FENDI ROCKOKO BIKER BOOTS IN BLACK CALFSKIN WITH STRETCH FABRIC,
FENDI BAGUETTE MINK SLIDE SLIPPER IN SEPIA BROWN FUR,https://cdn.shopify.com/s/files/1/0912/9351/6071/files/20220802_i1659424855_2683_5_jpg_1e162f58-3201-4ad2-93c0-a080171aea84.jpg?v=1759824028,footwear,fendi,https://cdn.shopify.com/s/files/1/0912/9351/6071/files/20220802_i1659424855_2683_5_jpg_1e162f58-3201-4ad2-93c0-a080171aea84.jpg?v=1759824028|https://cdn.shopify.com/s/files/1/0912/9351/6071/files/20220802_i1659424855_1592_1_jpg_6e11c8df-d584-4282-9265-559562e6926f.jpg?v=1759824027|https://cdn.shopify.com/s/files/1/0912/9351/6071/files/20220802_i1659424855_4497_7_jpg_515a6d9f-7f49-412a-b9be-e07b337d9e0a.jpg?v=1759824027|https://cdn.shopify.com/s/files/1/0912/9351/6071/files/20220802_i1659424855_6954_8_jpg_e00ce7ec-dcba-4cb5-9d2a-440adfb724bf.jpg?v=1759824028|https://cdn.shopify.com/s/files/1/0912/9351/6071/files/20220802_i1659424855_967_3_jpg_ef7852ab-5f45-44e6-b244-ef6fbd943e15.jpg?v=1759824028|https://cdn.shopify.com/s/files/1/0912/9351/6071/files/20220802_i1659424855_9055_2_jpg_fd8fc235-3de7-4995-9c87-5b8e146b4ead.jpg?v=1759824027|https://cdn.shopify.com/s/files/1/0912/9351/6071/files/20220802_i1659424855_8090_0_jpg_c214aca6-f7b0-4eda-96ea-1797990645e2.jpg?v=1759824028|https://cdn.shopify.com/s/files/1/0912/9351/6071/files/20220802_i1659424855_1535_4_jpg_d62edda3-4ee1-458d-945c-79107e4ad6e8.jpg?v=1759824028|https://cdn.shopify.com/s/files/1/0912/9351/6071/files/20220802_i1659424855_8875_6_jpg_a2e04eec-ad67-4149-bbba-6e535de78dd8.jpg?v=1759824028,Hi I want FENDI BAGUETTE MINK SLIDE SLIPPER IN SEPIA BROWN FUR,
FENDI DELFINA HIGH-HEELED 10 CM SANDAL IN BROWN MONOGRAM FF CANVAS,https://cdn.shopify.com/s/files/1/0912/9351/6071/files/20230830_i1693344742_7066_0_jpg_a9f6e8e8-b8d9-48a8-ab5e-8a13696bd743.jpg?v=1759823571,footwear,fendi,https://cdn.shopify.com/s/files/1/0912/9351/6071/files/20230830_i1693344742_7066_0_jpg_a9f6e8e8-b8d9-48a8-ab5e-8a13696bd743.jpg?v=1759823571|https://cdn.shopify.com/s/files/1/0912/9351/6071/files/20230830_i1693344742_2392_4_jpg_e69e7814-43aa-4bc8-972a-9d2d7f567ae0.jpg?v=1759823572|https://cdn.shopify.com/s/files/1/0912/9351/6071/files/20230830_i1693344742_7601_1_jpg_e217fcbc-5ea1-4a2a-a11d-383999c4010b.jpg?v=1759823571|https://cdn.shopify.com/s/files/1/0912/9351/6071/files/20230830_i1693344742_4386_3_jpg_0eff0490-8cb7-4d75-b0b3-c867c7051b5a.jpg?v=1759823571|https://cdn.shopify.com/s/files/1/0912/9351/6071/files/20230830_i1693344742_9354_6_jpg_bed73743-081f-4520-a7e8-4912f1c511d6.jpg?v=1759823571|https://cdn.shopify.com/s/files/1/0912/9351/6071/files/20230830_i1693344742_6718_5_jpg_673e2455-90d6-4ee2-9d42-6b6804a64cf9.jpg?v=1759823571|https://cdn.shopify.com/s/files/1/0912/9351/6071/files/20230830_i1693344742_9083_2_jpg_2791ad2d-8ad4-4fa8-bcf3-250f73455c76.jpg?v=1759823571|https://cdn.shopify.com/s/files/1/0912/9351/6071/files/20230830_i1693344742_352_7_jpg_79d8f9ce-f2e6-415e-adb5-6dc804a28596.jpg?v=1759823571|https://cdn.shopify.com/s/files/1/0912/9351/6071/files/20230830_i1693344742_660_8_jpg_2dba380f-ec44-454c-aaf1-4f4000f9260e.jpg?v=1759823571,Hi I want FENDI DELFINA HIGH-HEELED 10 CM SANDAL IN BROWN MONOGRAM FF CANVAS,
FENDI BAGUETTE SLIDE SLIPPERS IN BLACK WOOL,https://cdn.shopify.com/s/files/1/0912/9351/6071/files/20230825_i1692937323_7286_5_jpg_963a7db6-9ddc-481d-bfe7-cae3172a4624.jpg?v=1759824053,footwear,fendi,https://cdn.shopify.com/s/files/1/0912/9351/6071/files/20230825_i1692937323_7286_5_jpg_963a7db6-9ddc-481d-bfe7-cae3172a4624.jpg?v=1759824053|https://cdn.shopify.com/s/files/1/0912/9351/6071/files/20230825_i1692937323_7081_0_jpg_3f592c79-2dee-4568-80d7-7e769fc01606.jpg?v=1759824053|https://cdn.shopify.com/s/files/1/0912/9351/6071/files/20230825_i1692937323_3173_6_jpg_b1813a06-3477-424b-8d37-7f671d1b694f.jpg?v=1759824053|https://cdn.shopify.com/s/files/1/0912/9351/6071/files/20230825_i1692937323_6752_8_jpg_e3caf6af-5285-490d-aea1-4bdb49a94c4a.jpg?v=1759824053|https://cdn.shopify.com/s/files/1/0912/9351/6071/files/20230825_i1692937323_8580_7_jpg_54467bf1-30b4-4d85-8b50-07b92d6c376d.jpg?v=1759824053|https://cdn.shopify.com/s/files/1/0912/9351/6071/files/20230825_i1692937323_9859_1_jpg_6b5d2d6e-55c9-4a08-8916-2bd68450de92.jpg?v=1759824054|https://cdn.shopify.com/s/files/1/0912/9351/6071/files/20230825_i1692937323_4806_2_jpg_f02f8552-312c-464f-a4ec-1dbec7132d7f.jpg?v=1759824053|https://cdn.shopify.com/s/files/1/0912/9351/6071/files/20230825_i1692937323_4596_4_jpg_767edc06-7588-4683-b67e-a7932a674716.jpg?v=1759824053|https://cdn.shopify.com/s/files/1/0912/9351/6071/files/20230825_i1692937323_5984_3_jpg_78ca4351-d5c5-48b0-b2c5-e27aa5e67c36.jpg?v=1759824053,Hi I want FENDI BAGUETTE SLIDE SLIPPERS IN BLACK WOOL,
FENDI SLIPPER IN WHITE FUR WITH BROWN LOGO,https://cdn.shopify.com/s/files/1/0912/9351/6071/files/img_2e85cf76_20240905_i1725517183_9890_6_jpg_bea428fa-3e79-46e2-afef-7b4cdd4252c5.jpg?v=1759824103,footwear,fendi,https://cdn.shopify.com/s/files/1/0912/9351/6071/files/img_2e85cf76_20240905_i1725517183_9890_6_jpg_bea428fa-3e79-46e2-afef-7b4cdd4252c5.jpg?v=1759824103|https://cdn.shopify.com/s/files/1/0912/9351/6071/files/img_2e85cf76_20240905_i1725517183_7183_3_jpg_039cc930-21da-4cb0-828e-a4d026dd9a16.jpg?v=1759824103|https://cdn.shopify.com/s/files/1/0912/9351/6071/files/img_2e85cf76_20240905_i1725517183_6092_8_jpg_b0432f67-f458-4dd3-ae12-1d5ad6a3d214.jpg?v=1759824103|https://cdn.shopify.com/s/files/1/0912/9351/6071/files/img_2e85cf76_20240905_i1725517183_3398_5_jpg_d296d36c-185d-4a6b-b237-5a3982c05a1c.jpg?v=1759824103|https://cdn.shopify.com/s/files/1/0912/9351/6071/files/img_2e85cf76_20240905_i1725517183_8839_4_jpg_06a68c33-35d9-443a-b94b-e83a4f4e9d77.jpg?v=1759824103|https://cdn.shopify.com/s/files/1/0912/9351/6071/files/img_2e85cf76_20240905_i1725517183_8727_0_jpg_ebbacb12-d584-41ad-abb8-b8e5b5e86618.jpg?v=1759824103|https://cdn.shopify.com/s/files/1/0912/9351/6071/files/img_2e85cf76_20240905_i1725517183_6223_1_jpg_2d96925b-1727-4bef-a994-9bcdf1db6003.jpg?v=1759824103|https://cdn.shopify.com/s/files/1/0912/9351/6071/files/img_2e85cf76_20240905_i1725517183_3228_7_jpg_f31f8b23-fe9a-4700-bee1-c2d4178bba71.jpg?v=1759824103|https://cdn.shopify.com/s/files/1/0912/9351/6071/files/img_2e85cf76_20240905_i1725517183_2012_2_jpg_f18c4a05-a288-4f97-b756-ec4b76b551a4.jpg?v=1759824103,Hi I want FENDI SLIPPER IN WHITE FUR WITH BROWN LOGO,
FENDI CASUAL SNEAKER IN WHITE CALFSKIN AND TAN BROWN SUEDE,https://cdn.shopify.com/s/files/1/0912/9351/6071/files/20211216_i1639586485_2699_2_jpg_d837dd26-c2a9-4cf2-b937-9378870766b7.jpg?v=1759824118,footwear,fendi,https://cdn.shopify.com/s/files/1/0912/9351/6071/files/20211216_i1639586485_2699_2_jpg_d837dd26-c2a9-4cf2-b937-9378870766b7.jpg?v=1759824118|https://cdn.shopify.com/s/files/1/0912/9351/6071/files/20211216_i1639586485_3220_0_jpg_d1054773-a291-4337-8882-c5cbd7f46be1.jpg?v=1759824118|https://cdn.shopify.com/s/files/1/0912/9351/6071/files/20211216_i1639586485_1498_3_jpg_12f9f8ff-dcf3-401d-90ea-459d38c1f53b.jpg?v=1759824118|https://cdn.shopify.com/s/files/1/0912/9351/6071/files/20211216_i1639586485_5609_1_jpg_57c072f6-27e5-44d2-ae77-f89f0292bdab.jpg?v=1759824118|https://cdn.shopify.com/s/files/1/0912/9351/6071/files/20211216_i1639586485_5139_4_jpg_90e0d360-587b-4cc1-940f-29fdfddcf274.jpg?v=1759824118|https://cdn.shopify.com/s/files/1/0912/9351/6071/files/20211216_i1639586485_8519_7_jpg_540fe189-65e5-4c36-9ac0-b73147287acd.jpg?v=1759824118|https://cdn.shopify.com/s/files/1/0912/9351/6071/files/20211216_i1639586485_227_6_jpg_d4afd69a-b833-4bed-a3e8-c99719dd8a2c.jpg?v=1759824118|https://cdn.shopify.com/s/files/1/0912/9351/6071/files/20211216_i1639586485_619_8_jpg_71b2e418-ced7-4715-9a63-3f6072eef052.jpg?v=1759824118|https://cdn.shopify.com/s/files/1/0912/9351/6071/files/20211216_i1639586485_4890_5_jpg_65df5667-53ba-49ed-b95e-319cab05a51e.jpg?v=1759824118,Hi I want FENDI CASUAL SNEAKER IN WHITE CALFSKIN AND TAN BROWN SUEDE,
FF Baguette Slides Women 45 Nappa Leather Light Brown,https://cdn.shopify.com/s/files/1/0912/9351/6071/files/img_9ce1a4ce_20240603_i1717426008_633_0_jpg_1c3ae9ba-1de9-4746-91ad-2f5f2585dad7.jpg?v=1759823169,footwear,fendi,https://cdn.shopify.com/s/files/1/0912/9351/6071/files/img_9ce1a4ce_20240603_i1717426008_633_0_jpg_1c3ae9ba-1de9-4746-91ad-2f5f2585dad7.jpg?v=1759823169|https://cdn.shopify.com/s/files/1/0912/9351/6071/files/img_9ce1a4ce_20240603_i1717426008_3554_2_jpg_1734ea58-4fb6-4692-9358-ea4eff3808cd.jpg?v=1759823169|https://cdn.shopify.com/s/files/1/0912/9351/6071/files/img_9ce1a4ce_20240603_i1717426008_4424_1_jpg_30cb1b9d-bdf2-41fa-92ae-01b2b05cbc0b.jpg?v=1759823169|https://cdn.shopify.com/s/files/1/0912/9351/6071/files/img_9ce1a4ce_20240603_i1717426008_4901_3_jpg_a406180b-17f5-478c-9954-f466edaf15b4.jpg?v=1759823169|https://cdn.shopify.com/s/files/1/0912/9351/6071/files/img_9ce1a4ce_20240603_i1717426009_3810_8_jpg_0c451c8f-39c2-47af-be3f-1ba447ee68fb.jpg?v=1759823169|https://cdn.shopify.com/s/files/1/0912/9351/6071/files/img_9ce1a4ce_20240603_i1717426009_6817_7_jpg_e20b2d33-08d1-4eee-9461-1afc238c64c0.jpg?v=1759823169|https://cdn.shopify.com/s/files/1/0912/9351/6071/files/img_9ce1a4ce_20240603_i1717426009_9078_4_jpg_d10b7f64-c38a-4cff-bb05-b9432335bc2d.jpg?v=1759823168|https://cdn.shopify.com/s/files/1/0912/9351/6071/files/img_9ce1a4ce_20240603_i1717426013_9789_0_jpg_a2c5d650-6781-42e6-94ec-d644ef37b825.jpg?v=1759823168|https://cdn.shopify.com/s/files/1/0912/9351/6071/files/img_9ce1a4ce_20240603_i1717426009_6634_6_jpg_d8dd75e9-8980-45ea-9e58-27fcbad43e91.jpg?v=1759823169,Hi I want FF Baguette Slides Women 45 Nappa Leather Light Brown,
FENDI FLIGHT SNEAKER IN BLACK SUEDE AND LAMBSKIN,https://cdn.shopify.com/s/files/1/0912/9351/6071/files/20240504_i1714811755_2351_1_jpg_1a55ad1a-75e7-400e-ba1b-089dabbee7ab.jpg?v=1759823591,footwear,fendi,https://cdn.shopify.com/s/files/1/0912/9351/6071/files/20240504_i1714811755_2351_1_jpg_1a55ad1a-75e7-400e-ba1b-089dabbee7ab.jpg?v=1759823591|https://cdn.shopify.com/s/files/1/0912/9351/6071/files/20240504_i1714811755_3652_2_jpg_e6bc846c-cbe1-4469-810e-c65c6b80267e.jpg?v=1759823591|https://cdn.shopify.com/s/files/1/0912/9351/6071/files/20240504_i1714811755_1427_6_jpg_d5e87b9b-1f47-40e9-9ec8-55cc77a495b1.jpg?v=1759823591|https://cdn.shopify.com/s/files/1/0912/9351/6071/files/20240504_i1714811755_1482_5_jpg_c77dd771-95a6-47f2-8ed2-7514aae5e0be.jpg?v=1759823591|https://cdn.shopify.com/s/files/1/0912/9351/6071/files/20240504_i1714811755_5786_0_jpg_b9850216-0438-4d93-956e-2f088a73fee6.jpg?v=1759823591|https://cdn.shopify.com/s/files/1/0912/9351/6071/files/20240504_i1714811755_8675_4_jpg_dd38dbed-12d5-44ac-b561-ab0ad4e6f5f9.jpg?v=1759823591|https://cdn.shopify.com/s/files/1/0912/9351/6071/files/20240504_i1714811755_6544_3_jpg_798503ef-bd99-412c-a056-fe5832c36c53.jpg?v=1759823591|https://cdn.shopify.com/s/files/1/0912/9351/6071/files/20240504_i1714811755_5811_8_jpg_8d002c8b-7625-4e81-9998-561cef3330d3.jpg?v=1759823591|https://cdn.shopify.com/s/files/1/0912/9351/6071/files/20240504_i1714811755_4017_7_jpg_05aae1d9-ff2e-4e02-bf19-590865c48f0f.jpg?v=1759823591,Hi I want FENDI FLIGHT SNEAKER IN BLACK SUEDE AND LAMBSKIN,
FENDI BAGUETTE SLIDES IN WHITE LAMBSKIN,https://cdn.shopify.com/s/files/1/0912/9351/6071/files/20221119_i1668794014_6422_3_jpg_c1d25850-bba8-4e15-8480-8ab432a6e46a.jpg?v=1759823798,footwear,fendi,https://cdn.shopify.com/s/files/1/0912/9351/6071/files/20221119_i1668794014_6422_3_jpg_c1d25850-bba8-4e15-8480-8ab432a6e46a.jpg?v=1759823798|https://cdn.shopify.com/s/files/1/0912/9351/6071/files/20221119_i1668794014_6370_2_jpg_0377642b-188c-4b58-bb10-c1590a48d0cb.jpg?v=1759823798|https://cdn.shopify.com/s/files/1/0912/9351/6071/files/20221119_i1668794014_2732_0_jpg_ef2179da-d86b-45e0-9127-0730a06204ff.jpg?v=1759823799|https://cdn.shopify.com/s/files/1/0912/9351/6071/files/20221119_i1668794014_2930_1_jpg_ed35c394-9ddf-4735-89b4-7110bbfe5df7.jpg?v=1759823799|https://cdn.shopify.com/s/files/1/0912/9351/6071/files/20221119_i1668794014_8844_7_jpg_3046c69c-5f27-44c1-bbf6-e612236f0b86.jpg?v=1759823799|https://cdn.shopify.com/s/files/1/0912/9351/6071/files/20221119_i1668794014_8341_5_jpg_db20b22a-9e21-4704-9a09-b67e4c7b2c2b.jpg?v=1759823799|https://cdn.shopify.com/s/files/1/0912/9351/6071/files/20221119_i1668794014_318_6_jpg_d2dbafb5-e90d-416e-80e4-24eb0f547c9e.jpg?v=1759823799|https://cdn.shopify.com/s/files/1/0912/9351/6071/files/20221119_i1668794014_5751_8_jpg_3d87c9a5-bfe9-4a37-a6b4-3a328ff41fec.jpg?v=1759823799|https://cdn.shopify.com/s/files/1/0912/9351/6071/files/20221119_i1668794014_9904_4_jpg_079b68b5-07bc-4820-98ae-1a5e469c73e4.jpg?v=1759823799,Hi I want FENDI BAGUETTE SLIDES IN WHITE LAMBSKIN,
FF Multicolor Logo Slide Pink White Leather,https://cdn.shopify.com/s/files/1/0912/9351/6071/files/20220508_a1652008269042_2052_jpg_1e86854f-0998-431a-ad54-db55cc8f87f9.jpg?v=1759823117,footwear,fendi,https://cdn.shopify.com/s/files/1/0912/9351/6071/files/20220508_a1652008269042_2052_jpg_1e86854f-0998-431a-ad54-db55cc8f87f9.jpg?v=1759823117|https://cdn.shopify.com/s/files/1/0912/9351/6071/files/20220508_a1652008269047_0422_jpg_58525428-879d-401e-b9dc-a279c29aa52d.jpg?v=1759823117|https://cdn.shopify.com/s/files/1/0912/9351/6071/files/20220508_a1652008269053_0532_jpg_d74a0ef9-3edb-4fdb-acd7-562add76d722.jpg?v=1759823117|https://cdn.shopify.com/s/files/1/0912/9351/6071/files/20220508_a1652008269059_4724_jpg_8f27e3ce-0f82-4b60-998c-646de7f6dd9a.jpg?v=1759823117|https://cdn.shopify.com/s/files/1/0912/9351/6071/files/20220508_a1652008269066_2610_jpg_1d29d094-5752-4ade-8744-9228c91fb701.jpg?v=1759823117|https://cdn.shopify.com/s/files/1/0912/9351/6071/files/20220508_a1652008269113_2783_jpg_b134287d-abbd-4934-9241-54d96b333eed.jpg?v=1759823117|https://cdn.shopify.com/s/files/1/0912/9351/6071/files/20220508_a1652008269113_8427_jpg_f5a60012-385f-40ee-920c-ff17709804a5.jpg?v=1759823117|https://cdn.shopify.com/s/files/1/0912/9351/6071/files/20220508_a1652008269117_7326_jpg_f7c85f62-ecca-491d-82bd-1f50c90848d1.jpg?v=1759823117|https://cdn.shopify.com/s/files/1/0912/9351/6071/files/20220508_a1652008269120_3545_jpg_e1ad5926-83ee-4379-b81d-7014a0f3e6f7.jpg?v=1759823117,Hi I want FF Multicolor Logo Slide Pink White Leather,
FF 5 Brown Grey Canvas Slide,https://cdn.shopify.com/s/files/1/0912/9351/6071/files/img_f4ddc389_20240514_a1715680310075_4034_jpg_742054fe-fb87-49bf-a83b-d4c4e103d4f6.jpg?v=1759823205,footwear,fendi,https://cdn.shopify.com/s/files/1/0912/9351/6071/files/img_f4ddc389_20240514_a1715680310075_4034_jpg_742054fe-fb87-49bf-a83b-d4c4e103d4f6.jpg?v=1759823205|https://cdn.shopify.com/s/files/1/0912/9351/6071/files/img_f4ddc389_20240514_a1715680309484_3212_jpg_153b2e69-74d5-4b43-9ec1-0717c50705e1.jpg?v=1759823205|https://cdn.shopify.com/s/files/1/0912/9351/6071/files/img_f4ddc389_20240514_a1715680309523_4505_jpg_8a2dd7c9-d575-4da9-b91d-78ae490d7890.jpg?v=1759823205|https://cdn.shopify.com/s/files/1/0912/9351/6071/files/img_f4ddc389_20240514_a1715680309570_4010_jpg_3cd7ba35-5e3f-47c6-8572-9e96eb019e38.jpg?v=1759823205|https://cdn.shopify.com/s/files/1/0912/9351/6071/files/img_f4ddc389_20240514_a1715680310083_8715_jpg_ba30ba16-bbf0-49e9-a273-629b69b8f208.jpg?v=1759823205|https://cdn.shopify.com/s/files/1/0912/9351/6071/files/img_f4ddc389_20240514_a1715680310090_0183_jpg_2926abfa-cedf-4f2b-91de-c093f8159c44.jpg?v=1759823205,Hi I want FF 5 Brown Grey Canvas Slide,
FENDI FIRST HIGH-HEELED SLINGBACK 85 MM IN TUSCAN TAN LAMBSKIN GOLD HARDWARE,https://cdn.shopify.com/s/files/1/0912/9351/6071/files/img_0f96c430_20240529_i1716918377_8702_5_jpg_3c48574e-619a-469f-af4c-28acc38cd667.jpg?v=1759823763,footwear,fendi,https://cdn.shopify.com/s/files/1/0912/9351/6071/files/img_0f96c430_20240529_i1716918377_8702_5_jpg_3c48574e-619a-469f-af4c-28acc38cd667.jpg?v=1759823763|https://cdn.shopify.com/s/files/1/0912/9351/6071/files/img_0f96c430_20240529_i1716918377_1574_6_jpg_36f43c1b-9afc-404c-8c1f-65179d048829.jpg?v=1759823763|https://cdn.shopify.com/s/files/1/0912/9351/6071/files/img_0f96c430_20240529_i1716918376_3032_3_jpg_e8e90d28-58bb-4a21-93d3-b11916bb47be.jpg?v=1759823763|https://cdn.shopify.com/s/files/1/0912/9351/6071/files/img_0f96c430_20240529_i1716918376_5351_0_jpg_00e2d4e2-347c-4772-9897-3848fab309bf.jpg?v=1759823763|https://cdn.shopify.com/s/files/1/0912/9351/6071/files/img_0f96c430_20240529_i1716918377_8093_4_jpg_5aee9545-5570-47be-a098-fa84ea119e21.jpg?v=1759823763|https://cdn.shopify.com/s/files/1/0912/9351/6071/files/img_0f96c430_20240529_i1716918376_35_1_jpg_235db763-ae7e-4ff9-9768-17d30098ead1.jpg?v=1759823763|https://cdn.shopify.com/s/files/1/0912/9351/6071/files/img_0f96c430_20240529_i1716918377_18_8_jpg_34cf5b0e-e805-450c-8383-96349634478a.jpg?v=1759823763|https://cdn.shopify.com/s/files/1/0912/9351/6071/files/img_0f96c430_20240529_i1716918377_4154_7_jpg_af468446-86b1-4366-bd3c-b61ffe52e746.jpg?v=1759823763|https://cdn.shopify.com/s/files/1/0912/9351/6071/files/img_0f96c430_20240529_i1716918376_4514_2_jpg_bb597130-4293-4ba4-9924-5c9e9539d6df.jpg?v=1759823763,Hi I want FENDI FIRST HIGH-HEELED SLINGBACK 85 MM IN TUSCAN TAN LAMBSKIN GOLD HARDWARE,
FENDI COLIBRÃÅ’ HIGH-HEELED SLINGBACKS 75MM IN SKY BLUE FABRIC,https://cdn.shopify.com/s/files/1/0912/9351/6071/files/img_0f96c430_20240529_i1716918757_1180_2_jpg_e3bba556-f733-485d-849d-73cfd0a7dd84.jpg?v=1773309061,footwear,fendi,https://cdn.shopify.com/s/files/1/0912/9351/6071/files/img_0f96c430_20240529_i1716918757_1180_2_jpg_e3bba556-f733-485d-849d-73cfd0a7dd84.jpg?v=1773309061|https://cdn.shopify.com/s/files/1/0912/9351/6071/files/img_0f96c430_20240529_i1716918757_534_7_jpg_3b8ae751-49f9-4ed0-b94d-059b271f01cb.jpg?v=1773309061|https://cdn.shopify.com/s/files/1/0912/9351/6071/files/img_0f96c430_20240529_i1716918757_8638_3_jpg_fa561a85-b4db-4d56-8987-555e1002f97b.jpg?v=1773309061|https://cdn.shopify.com/s/files/1/0912/9351/6071/files/img_0f96c430_20240529_i1716918757_2818_0_jpg_a8096f33-d8d3-4ce7-9ec4-c312daee1b42.jpg?v=1773309061|https://cdn.shopify.com/s/files/1/0912/9351/6071/files/img_0f96c430_20240529_i1716918758_4858_0_jpg_d6d80616-0f13-4c80-91f0-7d8dcdfb566f.jpg?v=1773309061|https://cdn.shopify.com/s/files/1/0912/9351/6071/files/img_0f96c430_20240529_i1716918757_2835_6_jpg_5c73b1f4-1f30-49af-8408-1ee4d5c2020f.jpg?v=1773309061|https://cdn.shopify.com/s/files/1/0912/9351/6071/files/img_0f96c430_20240529_i1716918757_1936_4_jpg_bb84bd23-eb19-4f70-b139-398b73d9cde8.jpg?v=1773309061|https://cdn.shopify.com/s/files/1/0912/9351/6071/files/img_0f96c430_20240529_i1716918757_5938_1_jpg_c195056f-86cf-4f2b-831f-4e071394fc68.jpg?v=1773309061|https://cdn.shopify.com/s/files/1/0912/9351/6071/files/img_0f96c430_20240529_i1716918757_9069_8_jpg_f4b391b4-48ea-4f2f-bca2-01403c9292ce.jpg?v=1773309061,Hi I want FENDI COLIBRÃÅ’ HIGH-HEELED SLINGBACKS 75MM IN SKY BLUE FABRIC,
FENDI BAGUETTE SLIDES IN CHERRY RED LAMBSKIN,https://cdn.shopify.com/s/files/1/0912/9351/6071/files/20230612_i1686583418_6316_2_jpg_2583bf5f-6b28-47a3-b242-40599fc736d0.jpg?v=1759823806,footwear,fendi,https://cdn.shopify.com/s/files/1/0912/9351/6071/files/20230612_i1686583418_6316_2_jpg_2583bf5f-6b28-47a3-b242-40599fc736d0.jpg?v=1759823806|https://cdn.shopify.com/s/files/1/0912/9351/6071/files/20230612_i1686583418_6547_5_jpg_ab89a927-deeb-4e81-bcae-83cfcce38d53.jpg?v=1759823806|https://cdn.shopify.com/s/files/1/0912/9351/6071/files/20230612_i1686583418_3356_1_jpg_4e3ee6d4-b114-42ee-97e4-52dcc6ece19f.jpg?v=1759823806|https://cdn.shopify.com/s/files/1/0912/9351/6071/files/20230612_i1686583418_920_6_jpg_8845a087-657e-485c-86ca-dd2ad6346c59.jpg?v=1759823806|https://cdn.shopify.com/s/files/1/0912/9351/6071/files/20230612_i1686583418_6829_8_jpg_a93037a6-2f0c-4758-8c26-9d6d94a870ca.jpg?v=1759823806|https://cdn.shopify.com/s/files/1/0912/9351/6071/files/20230612_i1686583418_713_4_jpg_78395796-931e-4693-8bb3-66018bd53a43.jpg?v=1759823806|https://cdn.shopify.com/s/files/1/0912/9351/6071/files/20230612_i1686584956_8523_0_jpg_86bc114a-0693-4b81-ac21-fa32f62a42b9.jpg?v=1759823806|https://cdn.shopify.com/s/files/1/0912/9351/6071/files/20230612_i1686583418_7426_3_jpg_9dfd8c2a-063a-4262-95d3-5724aa6db1d3.jpg?v=1759823806|https://cdn.shopify.com/s/files/1/0912/9351/6071/files/20230613_i1686594616_7125_0_jpg_dd8e3dbd-74cc-4e95-864b-ce5b77308d20.jpg?v=1759823806,Hi I want FENDI BAGUETTE SLIDES IN CHERRY RED LAMBSKIN,
FENDI SIGNATURE MULE SLIDES IN BEIGE FIBRE WITH BROWN EMBROIDERED LOGO,https://cdn.shopify.com/s/files/1/0912/9351/6071/files/img_0f96c430_20240624_i1719173423_8747_7_jpg_7bbed207-ca01-4dd4-9a18-cc2b1f271176.jpg?v=1759823857,footwear,fendi,https://cdn.shopify.com/s/files/1/0912/9351/6071/files/img_0f96c430_20240624_i1719173423_8747_7_jpg_7bbed207-ca01-4dd4-9a18-cc2b1f271176.jpg?v=1759823857|https://cdn.shopify.com/s/files/1/0912/9351/6071/files/img_0f96c430_20240624_i1719173423_6156_8_jpg_5e99a266-0417-4af3-8272-deca1ff1437c.jpg?v=1759823856|https://cdn.shopify.com/s/files/1/0912/9351/6071/files/img_0f96c430_20240624_i1719173422_4672_1_jpg_9074f044-1f3f-49c5-8460-60357071a29d.jpg?v=1759823856|https://cdn.shopify.com/s/files/1/0912/9351/6071/files/img_0f96c430_20240624_i1719173423_2723_4_jpg_27b68772-d699-4f13-90d3-a6a5dc84b04a.jpg?v=1759823856|https://cdn.shopify.com/s/files/1/0912/9351/6071/files/img_0f96c430_20240624_i1719173422_2927_2_jpg_2c606797-e5a2-4ee7-86f0-4f01dec6f25b.jpg?v=1759823857|https://cdn.shopify.com/s/files/1/0912/9351/6071/files/img_0f96c430_20240624_i1719173423_3718_5_jpg_a5ade909-437a-4470-82b3-2b3e3d4b29a6.jpg?v=1759823857|https://cdn.shopify.com/s/files/1/0912/9351/6071/files/img_0f96c430_20240624_i1719173423_1811_6_jpg_9ec4b1ca-fb9c-4c3e-8e77-ef6f418e5646.jpg?v=1759823857|https://cdn.shopify.com/s/files/1/0912/9351/6071/files/img_0f96c430_20240624_i1719173422_8536_3_jpg_2777932f-2fc2-4b42-9b9b-b2fe2d203262.jpg?v=1759823857|https://cdn.shopify.com/s/files/1/0912/9351/6071/files/img_0f96c430_20240624_i1719173422_799_0_jpg_ec57648b-a990-42bf-b9cd-f208e69b2bed.jpg?v=1759823856,Hi I want FENDI SIGNATURE MULE SLIDES IN BEIGE FIBRE WITH BROWN EMBROIDERED LOGO,
FENDI BAGUETTE DAD SANDALS IN BUFF BROWN CALFSKIN,https://cdn.shopify.com/s/files/1/0912/9351/6071/files/20230430_i1682845773_2182_0_jpg_d767d34a-afda-4394-b54b-0c17aad71236.jpg?v=1759823867,footwear,fendi,https://cdn.shopify.com/s/files/1/0912/9351/6071/files/20230430_i1682845773_2182_0_jpg_d767d34a-afda-4394-b54b-0c17aad71236.jpg?v=1759823867|https://cdn.shopify.com/s/files/1/0912/9351/6071/files/20230430_i1682845773_4911_1_jpg_3133bc9a-9a15-417f-b0cb-2f42335853ea.jpg?v=1759823868|https://cdn.shopify.com/s/files/1/0912/9351/6071/files/20230430_i1682845773_1543_3_jpg_98d74d89-120f-4055-9d40-08593d1553fd.jpg?v=1759823867|https://cdn.shopify.com/s/files/1/0912/9351/6071/files/20230430_i1682845773_1398_6_jpg_cde0585a-6d81-44cd-a46b-9b103e8abc6c.jpg?v=1759823867|https://cdn.shopify.com/s/files/1/0912/9351/6071/files/20230430_i1682845773_5365_5_jpg_ee348dd0-eb90-4c74-ab27-04d50f88f03a.jpg?v=1759823867|https://cdn.shopify.com/s/files/1/0912/9351/6071/files/20230430_i1682845773_7415_4_jpg_5b8433ec-4def-431e-b151-eb26e61c0241.jpg?v=1759823867|https://cdn.shopify.com/s/files/1/0912/9351/6071/files/20230430_i1682845773_6672_7_jpg_14a87c87-594c-49c1-b9f5-2cd076d90517.jpg?v=1759823867|https://cdn.shopify.com/s/files/1/0912/9351/6071/files/20230430_i1682845773_8938_2_jpg_da691ce1-33f7-44ff-8b1f-09eae35c63c1.jpg?v=1759823867|https://cdn.shopify.com/s/files/1/0912/9351/6071/files/20230430_i1682845773_3473_8_jpg_f76c2158-0b7a-4aa1-a3f6-5d6521d81762.jpg?v=1759823867,Hi I want FENDI BAGUETTE DAD SANDALS IN BUFF BROWN CALFSKIN,
FENDI PLATFORM WEDGES IN BEIGE RAFFIA WITH BROWN EMBROIDERED LOGO,https://cdn.shopify.com/s/files/1/0912/9351/6071/files/img_9301c5e6_20240608_i1717857775_4265_0_jpg_c22e01e6-0c28-445f-8eb0-ceedf9df68ac.jpg?v=1759823892,footwear,fendi,https://cdn.shopify.com/s/files/1/0912/9351/6071/files/img_9301c5e6_20240608_i1717857775_4265_0_jpg_c22e01e6-0c28-445f-8eb0-ceedf9df68ac.jpg?v=1759823892|https://cdn.shopify.com/s/files/1/0912/9351/6071/files/img_9301c5e6_20240608_i1717857775_6938_6_jpg_4ee0d5c2-e081-476d-9982-7c82d604ea35.jpg?v=1759823893|https://cdn.shopify.com/s/files/1/0912/9351/6071/files/img_9301c5e6_20240608_i1717857775_7899_8_jpg_0ac91bd3-a8b9-4680-a688-06558fd2d3b0.jpg?v=1759823892|https://cdn.shopify.com/s/files/1/0912/9351/6071/files/img_9301c5e6_20240608_i1717857775_6077_7_jpg_48cb8e3e-0f78-4531-9234-88867a6660fb.jpg?v=1759823893|https://cdn.shopify.com/s/files/1/0912/9351/6071/files/img_9301c5e6_20240608_i1717857775_3099_3_jpg_cc0a91ed-c18b-4f7a-8b31-79c4281f3cd1.jpg?v=1759823893|https://cdn.shopify.com/s/files/1/0912/9351/6071/files/img_9301c5e6_20240608_i1717857775_913_5_jpg_3202a637-fcca-45bb-b6f6-9b1db3bce4a7.jpg?v=1759823892|https://cdn.shopify.com/s/files/1/0912/9351/6071/files/img_9301c5e6_20240608_i1717857775_1003_2_jpg_b10430c1-15b8-4745-9a41-b70f2053bad1.jpg?v=1759823892|https://cdn.shopify.com/s/files/1/0912/9351/6071/files/img_9301c5e6_20240608_i1717857775_6106_4_jpg_c6eca885-d7e6-4900-bc88-7413f2f58179.jpg?v=1759823892|https://cdn.shopify.com/s/files/1/0912/9351/6071/files/img_9301c5e6_20240608_i1717857775_9413_1_jpg_b6a07ca3-88a8-4383-8db0-b091da648627.jpg?v=1759823893,Hi I want FENDI PLATFORM WEDGES IN BEIGE RAFFIA WITH BROWN EMBROIDERED LOGO,
FENDI O'LOCK THONG SANDAL BLACK AND BLUE CALFSKIN WITH GOLD HARDWARE,https://cdn.shopify.com/s/files/1/0912/9351/6071/files/img_8eefc6c8_20240809_i1723191171_6320_2_jpg_c2b367ec-18ee-4e39-9524-9205039b53d0.jpg?v=1759823949,footwear,fendi,https://cdn.shopify.com/s/files/1/0912/9351/6071/files/img_8eefc6c8_20240809_i1723191171_6320_2_jpg_c2b367ec-18ee-4e39-9524-9205039b53d0.jpg?v=1759823949|https://cdn.shopify.com/s/files/1/0912/9351/6071/files/img_8eefc6c8_20240809_i1723191171_5533_1_jpg_0e2fbc58-2d75-48e1-99d5-35abff711390.jpg?v=1759823949|https://cdn.shopify.com/s/files/1/0912/9351/6071/files/img_8eefc6c8_20240809_i1723191171_4628_4_jpg_b060fd49-47fd-4bf5-ba65-e5b498b6fc33.jpg?v=1759823949|https://cdn.shopify.com/s/files/1/0912/9351/6071/files/img_8eefc6c8_20240809_i1723191171_9501_3_jpg_a440e00b-9d34-4c40-af59-e02fbbb80668.jpg?v=1759823949|https://cdn.shopify.com/s/files/1/0912/9351/6071/files/img_8eefc6c8_20240809_i1723191171_3388_0_jpg_aafd1a7f-4140-434d-b8bc-a6c361b59089.jpg?v=1759823949|https://cdn.shopify.com/s/files/1/0912/9351/6071/files/img_8eefc6c8_20240809_i1723191171_1633_5_jpg_f0dcc7a2-af45-4f16-9c60-e47e0a02bcca.jpg?v=1759823949|https://cdn.shopify.com/s/files/1/0912/9351/6071/files/img_8eefc6c8_20240809_i1723191171_3857_6_jpg_6dcc3361-1380-433c-889a-2e3e1de3c2fa.jpg?v=1759823949|https://cdn.shopify.com/s/files/1/0912/9351/6071/files/img_8eefc6c8_20240809_i1723191171_391_7_jpg_1d5ab49f-c10b-4ea4-a9aa-1aaf3f4134f7.jpg?v=1759823949|https://cdn.shopify.com/s/files/1/0912/9351/6071/files/img_8eefc6c8_20240809_i1723191171_7447_8_jpg_4ab5c3c7-a126-4794-af09-8b884a5f97be.jpg?v=1759823949,Hi I want FENDI O'LOCK THONG SANDAL BLACK AND BLUE CALFSKIN WITH GOLD HARDWARE,
Fendi 2025 Leopard Print Loafer Brown mix Black Calfskin 560513,https://cdn.shopify.com/s/files/1/0912/9351/6071/files/img_eaba05d7_20251031_a1761913016424_6603_jpg.jpg?v=1764737598,footwear,fendi,https://cdn.shopify.com/s/files/1/0912/9351/6071/files/img_eaba05d7_20251031_a1761913016424_6603_jpg.jpg?v=1764737598|https://cdn.shopify.com/s/files/1/0912/9351/6071/files/img_eaba05d7_20251031_a1761913018203_8362_jpg.jpg?v=1764737598|https://cdn.shopify.com/s/files/1/0912/9351/6071/files/img_eaba05d7_20251031_a1761913018388_6384_jpg.jpg?v=1764737598|https://cdn.shopify.com/s/files/1/0912/9351/6071/files/img_eaba05d7_20251031_a1761913016393_8726_jpg.jpg?v=1764737598|https://cdn.shopify.com/s/files/1/0912/9351/6071/files/img_eaba05d7_20251031_a1761913016748_2478_jpg.jpg?v=1764737598|https://cdn.shopify.com/s/files/1/0912/9351/6071/files/img_eaba05d7_20251031_a1761913018638_8668_jpg.jpg?v=1764737598|https://cdn.shopify.com/s/files/1/0912/9351/6071/files/img_eaba05d7_20251031_a1761913018642_5684_jpg.jpg?v=1764737598|https://cdn.shopify.com/s/files/1/0912/9351/6071/files/img_eaba05d7_20251031_a1761913016758_3020_jpg.jpg?v=1764737598|https://cdn.shopify.com/s/files/1/0912/9351/6071/files/img_eaba05d7_20251031_a1761913016609_0636_jpg.jpg?v=1764737598,Hi I want Fendi 2025 Leopard Print Loafer Brown mix Black Calfskin 560513,New
FENDI knee boots high heel monogram black cowhide 521216,https://cdn.shopify.com/s/files/1/0912/9351/6071/files/img_91e4ad8d_20230921_i1695287448_7788_3_jpg.jpg?v=1761356761,footwear,fendi,https://cdn.shopify.com/s/files/1/0912/9351/6071/files/img_91e4ad8d_20230921_i1695287448_7788_3_jpg.jpg?v=1761356761|https://cdn.shopify.com/s/files/1/0912/9351/6071/files/img_91e4ad8d_20230921_i1695287448_1519_5_jpg.jpg?v=1761356761|https://cdn.shopify.com/s/files/1/0912/9351/6071/files/img_91e4ad8d_20230921_i1695287448_1693_6_jpg.jpg?v=1761356761|https://cdn.shopify.com/s/files/1/0912/9351/6071/files/img_91e4ad8d_20230921_i1695287448_3571_4_jpg.jpg?v=1761356761|https://cdn.shopify.com/s/files/1/0912/9351/6071/files/img_91e4ad8d_20230921_i1695287448_6048_7_jpg.jpg?v=1761356761|https://cdn.shopify.com/s/files/1/0912/9351/6071/files/img_91e4ad8d_20230921_i1695287448_7296_0_jpg.jpg?v=1761356761|https://cdn.shopify.com/s/files/1/0912/9351/6071/files/img_91e4ad8d_20230921_i1695287448_7393_8_jpg.jpg?v=1761356761|https://cdn.shopify.com/s/files/1/0912/9351/6071/files/img_91e4ad8d_20230921_i1695287448_7880_2_jpg.jpg?v=1761356761|https://cdn.shopify.com/s/files/1/0912/9351/6071/files/img_91e4ad8d_20230921_i1695287448_8736_1_jpg.jpg?v=1761356761,Hi I want FENDI knee boots high heel monogram black cowhide 521216,New
FENDI knee boots high heel black cowhide 521212,https://cdn.shopify.com/s/files/1/0912/9351/6071/files/img_91e4ad8d_20230921_i1695287620_7618_7_jpg.jpg?v=1761356759,footwear,fendi,https://cdn.shopify.com/s/files/1/0912/9351/6071/files/img_91e4ad8d_20230921_i1695287620_7618_7_jpg.jpg?v=1761356759|https://cdn.shopify.com/s/files/1/0912/9351/6071/files/img_91e4ad8d_20230921_i1695287620_2566_5_jpg.jpg?v=1761356759|https://cdn.shopify.com/s/files/1/0912/9351/6071/files/img_91e4ad8d_20230921_i1695287620_3401_1_jpg.jpg?v=1761356759|https://cdn.shopify.com/s/files/1/0912/9351/6071/files/img_91e4ad8d_20230921_i1695287620_7411_4_jpg.jpg?v=1761356759|https://cdn.shopify.com/s/files/1/0912/9351/6071/files/img_91e4ad8d_20230921_i1695287620_7896_0_jpg.jpg?v=1761356759|https://cdn.shopify.com/s/files/1/0912/9351/6071/files/img_91e4ad8d_20230921_i1695287620_8450_6_jpg.jpg?v=1761356759|https://cdn.shopify.com/s/files/1/0912/9351/6071/files/img_91e4ad8d_20230921_i1695287620_9145_3_jpg.jpg?v=1761356759|https://cdn.shopify.com/s/files/1/0912/9351/6071/files/img_91e4ad8d_20230921_i1695287620_4541_2_jpg.jpg?v=1761356759,Hi I want FENDI knee boots high heel black cowhide 521212,New
FF Sunshine 65 Beige Cotton Brown Leather Fibre Flatform Slide,https://cdn.shopify.com/s/files/1/0912/9351/6071/files/img_9301c5e6_20240608_i1717857775_3099_3_jpg_8e5ecf3f-11fd-4379-9996-adcd6466d9ed.jpg?v=1759823070,footwear,fendi,https://cdn.shopify.com/s/files/1/0912/9351/6071/files/img_9301c5e6_20240608_i1717857775_3099_3_jpg_8e5ecf3f-11fd-4379-9996-adcd6466d9ed.jpg?v=1759823070|https://cdn.shopify.com/s/files/1/0912/9351/6071/files/img_9301c5e6_20240608_i1717857775_7899_8_jpg_4158f603-9c64-4bb8-b7f7-6343cd38aaa2.jpg?v=1759823070|https://cdn.shopify.com/s/files/1/0912/9351/6071/files/img_9301c5e6_20240608_i1717857775_6077_7_jpg_1a5e0d24-caf7-4aeb-901c-a3a6e6b191bd.jpg?v=1759823070|https://cdn.shopify.com/s/files/1/0912/9351/6071/files/img_9301c5e6_20240608_i1717857775_4265_0_jpg_a4494c8b-a37e-4785-b89c-0a47cbe4489e.jpg?v=1759823070|https://cdn.shopify.com/s/files/1/0912/9351/6071/files/img_9301c5e6_20240608_i1717857775_6106_4_jpg_bb687598-dd2e-4b18-898b-220b01373066.jpg?v=1759823070|https://cdn.shopify.com/s/files/1/0912/9351/6071/files/img_9301c5e6_20240608_i1717857775_9413_1_jpg_3fac5bb2-e2c2-4ccc-8a7e-94d123058fe8.jpg?v=1759823070|https://cdn.shopify.com/s/files/1/0912/9351/6071/files/img_9301c5e6_20240608_i1717857775_6938_6_jpg_f9def864-cd00-41fd-97a0-e993771feb98.jpg?v=1759823070|https://cdn.shopify.com/s/files/1/0912/9351/6071/files/img_9301c5e6_20240608_i1717857775_913_5_jpg_b2a70b0c-a814-42ab-b42e-4352bc49d42d.jpg?v=1759823070|https://cdn.shopify.com/s/files/1/0912/9351/6071/files/img_9301c5e6_20240608_i1717857775_1003_2_jpg_10b73bca-36e2-4295-b5c1-2f26d4c05036.jpg?v=1759823070,Hi I want FF Sunshine 65 Beige Cotton Brown Leather Fibre Flatform Slide,
FF Signature 10 Beige Cotton Fibre Slide,https://cdn.shopify.com/s/files/1/0912/9351/6071/files/img_f4ddc389_20240529_a1716985059175_0876_jpg_ebae7979-dc3d-4362-b8c5-78fc110f8cc8.jpg?v=1759823115,footwear,fendi,https://cdn.shopify.com/s/files/1/0912/9351/6071/files/img_f4ddc389_20240529_a1716985059175_0876_jpg_ebae7979-dc3d-4362-b8c5-78fc110f8cc8.jpg?v=1759823115|https://cdn.shopify.com/s/files/1/0912/9351/6071/files/img_f4ddc389_20240529_a1716985058755_2407_jpg_deac8505-016b-4429-96c4-abcaf22dd637.jpg?v=1759823115|https://cdn.shopify.com/s/files/1/0912/9351/6071/files/img_f4ddc389_20240529_a1716985058934_0000_jpg_515c5429-5aab-4137-ba9e-76e78ac706ba.jpg?v=1759823115|https://cdn.shopify.com/s/files/1/0912/9351/6071/files/img_f4ddc389_20240529_a1716985059185_7452_jpg_7c327e39-8f50-4106-976b-5fb2c6abc358.jpg?v=1759823115|https://cdn.shopify.com/s/files/1/0912/9351/6071/files/img_f4ddc389_20240529_a1716985059303_2061_jpg_35f08d39-1187-4e5d-b36e-83e54888e30c.jpg?v=1759823115|https://cdn.shopify.com/s/files/1/0912/9351/6071/files/img_f4ddc389_20240529_a1716985059344_6125_jpg_495f4cc1-eaa9-456d-aa2b-ae819bd6de04.jpg?v=1759823115,Hi I want FF Signature 10 Beige Cotton Fibre Slide,
FF Feel Light Brown Grey Canvas Slide,https://cdn.shopify.com/s/files/1/0912/9351/6071/files/img_9301c5e6_20240608_i1717857246_7772_2_jpg_12479a5e-6be4-45da-a486-9735cd9b1fc0.jpg?v=1759823138,footwear,fendi,https://cdn.shopify.com/s/files/1/0912/9351/6071/files/img_9301c5e6_20240608_i1717857246_7772_2_jpg_12479a5e-6be4-45da-a486-9735cd9b1fc0.jpg?v=1759823138|https://cdn.shopify.com/s/files/1/0912/9351/6071/files/img_9301c5e6_20240608_i1717857246_1762_6_jpg_70505c16-3cae-43f2-8c4b-ba2ec0889dd3.jpg?v=1759823138|https://cdn.shopify.com/s/files/1/0912/9351/6071/files/img_9301c5e6_20240608_i1717857246_510_8_jpg_adc0d926-2a30-48a5-b05e-f3da854a0612.jpg?v=1759823138|https://cdn.shopify.com/s/files/1/0912/9351/6071/files/img_9301c5e6_20240608_i1717857246_3136_0_jpg_cfaa532d-59aa-49ec-9670-a3d09ee8b560.jpg?v=1759823138|https://cdn.shopify.com/s/files/1/0912/9351/6071/files/img_9301c5e6_20240608_i1717857246_6164_5_jpg_174107ce-eb8a-442e-b973-524355b16323.jpg?v=1759823138|https://cdn.shopify.com/s/files/1/0912/9351/6071/files/img_9301c5e6_20240608_i1717857246_8172_3_jpg_d31b30f0-488f-471b-af18-d52319328276.jpg?v=1759823138|https://cdn.shopify.com/s/files/1/0912/9351/6071/files/img_9301c5e6_20240608_i1717857246_8185_7_jpg_19ff21f8-34ea-416b-bd65-5619493e78ba.jpg?v=1759823138|https://cdn.shopify.com/s/files/1/0912/9351/6071/files/img_9301c5e6_20240608_i1717857246_8267_1_jpg_f9a13be1-1657-45ae-ab35-71436e09e85d.jpg?v=1759823138|https://cdn.shopify.com/s/files/1/0912/9351/6071/files/img_9301c5e6_20240608_i1717857246_2192_4_jpg_0f52a39c-a533-4977-8aa6-a1ddbf439591.jpg?v=1759823138,Hi I want FF Feel Light Brown Grey Canvas Slide,
FF Feel 10 Brown Beige FF jacquard Slide,https://cdn.shopify.com/s/files/1/0912/9351/6071/files/img_f4ddc389_20240524_a1716537868039_4828_jpg_0ed7dbf3-a7e4-4a6d-9316-171991533ef0.jpg?v=1759823159,footwear,fendi,https://cdn.shopify.com/s/files/1/0912/9351/6071/files/img_f4ddc389_20240524_a1716537868039_4828_jpg_0ed7dbf3-a7e4-4a6d-9316-171991533ef0.jpg?v=1759823159|https://cdn.shopify.com/s/files/1/0912/9351/6071/files/img_f4ddc389_20240524_a1716537867529_0801_jpg_2cc9b1c6-1a0d-4e00-9170-c94e2b5b3319.jpg?v=1759823159|https://cdn.shopify.com/s/files/1/0912/9351/6071/files/img_f4ddc389_20240524_a1716537867826_5025_jpg_defcb217-67cf-42ef-a596-93ea136af853.jpg?v=1759823159|https://cdn.shopify.com/s/files/1/0912/9351/6071/files/img_f4ddc389_20240524_a1716537867839_1087_jpg_a7cbc531-581f-451a-8d22-6e6213c606cd.jpg?v=1759823159|https://cdn.shopify.com/s/files/1/0912/9351/6071/files/img_f4ddc389_20240524_a1716537868101_3711_jpg_f225783b-95a4-4bb1-ab01-4341c746a461.jpg?v=1759823159|https://cdn.shopify.com/s/files/1/0912/9351/6071/files/img_f4ddc389_20240524_a1716537868125_3715_jpg_5a6f045c-97ee-499e-90dd-c3c635b0b4a8.jpg?v=1759823159,Hi I want FF Feel 10 Brown Beige FF jacquard Slide,
FF Baguette Black Leather Slide,https://cdn.shopify.com/s/files/1/0912/9351/6071/files/img_03fc6810_20240608_i1717843744_9495_1_jpg_628aedd3-ea41-4e2c-ae9c-4de95cacfaea.jpg?v=1759823194,footwear,fendi,https://cdn.shopify.com/s/files/1/0912/9351/6071/files/img_03fc6810_20240608_i1717843744_9495_1_jpg_628aedd3-ea41-4e2c-ae9c-4de95cacfaea.jpg?v=1759823194|https://cdn.shopify.com/s/files/1/0912/9351/6071/files/img_03fc6810_20240608_i1717843744_2342_6_jpg_d5523d6f-e276-4d75-99df-99eb08ede2ee.jpg?v=1759823193|https://cdn.shopify.com/s/files/1/0912/9351/6071/files/img_03fc6810_20240608_i1717843744_2713_7_jpg_e17e65d0-35f6-4f73-9873-2ae97546e3c1.jpg?v=1759823194|https://cdn.shopify.com/s/files/1/0912/9351/6071/files/img_03fc6810_20240608_i1717843744_4107_5_jpg_e377543b-b9c3-46e2-a5e0-283538a142ca.jpg?v=1759823194|https://cdn.shopify.com/s/files/1/0912/9351/6071/files/img_03fc6810_20240608_i1717843744_5238_2_jpg_b8c03588-9b37-483d-8931-cd16b714f293.jpg?v=1759823194|https://cdn.shopify.com/s/files/1/0912/9351/6071/files/img_03fc6810_20240608_i1717843744_5720_0_jpg_8f3af47d-6dad-4080-baa0-7446b1f9f7b1.jpg?v=1759823194|https://cdn.shopify.com/s/files/1/0912/9351/6071/files/img_03fc6810_20240608_i1717843744_8928_3_jpg_afeea943-a783-4a7a-a1b1-23f2638fa33f.jpg?v=1759823194|https://cdn.shopify.com/s/files/1/0912/9351/6071/files/img_03fc6810_20240608_i1717843744_1896_8_jpg_9565c10c-2f2a-4d84-b295-0792e1abec29.jpg?v=1759823194|https://cdn.shopify.com/s/files/1/0912/9351/6071/files/img_03fc6810_20240608_i1717843744_7320_4_jpg_6ccef137-ec10-43b2-982a-0b389e374c6b.jpg?v=1759823194,Hi I want FF Baguette Black Leather Slide,
FF Baguette Baby Blue Leather Slide,https://cdn.shopify.com/s/files/1/0912/9351/6071/files/img_03fc6810_20240608_i1717843952_6766_6_jpg_6c625af9-8ba4-4936-a769-9f9222cd967c.jpg?v=1759823196,footwear,fendi,https://cdn.shopify.com/s/files/1/0912/9351/6071/files/img_03fc6810_20240608_i1717843952_6766_6_jpg_6c625af9-8ba4-4936-a769-9f9222cd967c.jpg?v=1759823196|https://cdn.shopify.com/s/files/1/0912/9351/6071/files/img_03fc6810_20240608_i1717843952_340_2_jpg_c19a0e85-c6a7-47a1-8ad1-96c60331b59e.jpg?v=1759823196|https://cdn.shopify.com/s/files/1/0912/9351/6071/files/img_03fc6810_20240608_i1717843952_744_5_jpg_86fe7029-0f13-4969-b768-f554075f21f0.jpg?v=1759823196|https://cdn.shopify.com/s/files/1/0912/9351/6071/files/img_03fc6810_20240608_i1717843952_2137_8_jpg_e16184d3-df49-42d3-ab99-c0c7a44e0194.jpg?v=1759823196|https://cdn.shopify.com/s/files/1/0912/9351/6071/files/img_03fc6810_20240608_i1717843952_3920_7_jpg_e2b712db-c40a-41d2-932a-a0b29b1eebb2.jpg?v=1759823196|https://cdn.shopify.com/s/files/1/0912/9351/6071/files/img_03fc6810_20240608_i1717843952_5567_1_jpg_20c7114c-cf01-4dae-b84e-7b260fe86853.jpg?v=1759823196|https://cdn.shopify.com/s/files/1/0912/9351/6071/files/img_03fc6810_20240608_i1717843952_6940_4_jpg_e00a85fe-24dc-480d-aaf0-144fcb151fef.jpg?v=1759823196|https://cdn.shopify.com/s/files/1/0912/9351/6071/files/img_03fc6810_20240608_i1717843952_9033_3_jpg_287950b0-68d8-4166-ba78-072b2883f035.jpg?v=1759823196|https://cdn.shopify.com/s/files/1/0912/9351/6071/files/img_03fc6810_20240608_i1717843951_7006_0_jpg_e2f55777-5528-4336-bbe9-d426beb73e3a.jpg?v=1759823196,Hi I want FF Baguette Baby Blue Leather Slide,
FF 5 Yellow Grey Canvas Slide,https://cdn.shopify.com/s/files/1/0912/9351/6071/files/img_f4ddc389_20240514_a1715680789178_1878_jpg_6d28a84c-229b-493e-87b8-586b2f3bfc53.jpg?v=1759823197,footwear,fendi,https://cdn.shopify.com/s/files/1/0912/9351/6071/files/img_f4ddc389_20240514_a1715680789178_1878_jpg_6d28a84c-229b-493e-87b8-586b2f3bfc53.jpg?v=1759823197|https://cdn.shopify.com/s/files/1/0912/9351/6071/files/img_f4ddc389_20240514_a1715680788955_6730_jpg_23026e0d-18a5-40e9-b5c3-3945f0a37070.jpg?v=1759823198|https://cdn.shopify.com/s/files/1/0912/9351/6071/files/img_f4ddc389_20240514_a1715680789063_4605_jpg_eec5ed3f-5e5b-4e58-8798-e07a54e5ca0c.jpg?v=1759823198|https://cdn.shopify.com/s/files/1/0912/9351/6071/files/img_f4ddc389_20240514_a1715680789165_7748_jpg_ecdc4325-192a-49b9-915d-61eafd8f20a6.jpg?v=1759823197|https://cdn.shopify.com/s/files/1/0912/9351/6071/files/img_f4ddc389_20240514_a1715680789822_7142_jpg_969b481b-8f1c-4175-821a-1f23bb18b035.jpg?v=1759823198|https://cdn.shopify.com/s/files/1/0912/9351/6071/files/img_f4ddc389_20240514_a1715680789835_6872_jpg_304e5d58-9e8d-4ee9-b030-b294ca13cbe7.jpg?v=1759823198,Hi I want FF 5 Yellow Grey Canvas Slide,
FF 5 Denim Canvas Slide,https://cdn.shopify.com/s/files/1/0912/9351/6071/files/img_f4ddc389_20240301_a1709279998026_3753_jpg_c8ebdfc3-2395-432d-be49-5e1f2c0e515d.jpg?v=1759823201,footwear,fendi,https://cdn.shopify.com/s/files/1/0912/9351/6071/files/img_f4ddc389_20240301_a1709279998026_3753_jpg_c8ebdfc3-2395-432d-be49-5e1f2c0e515d.jpg?v=1759823201|https://cdn.shopify.com/s/files/1/0912/9351/6071/files/img_f4ddc389_20240301_a1709279997802_7827_jpg_c986dda1-db2f-4f85-8047-3d707712f308.jpg?v=1759823201|https://cdn.shopify.com/s/files/1/0912/9351/6071/files/img_f4ddc389_20240301_a1709279998234_2225_jpg_7a8ac959-dee3-42c9-99b6-388f51ebdc1f.jpg?v=1759823201|https://cdn.shopify.com/s/files/1/0912/9351/6071/files/img_f4ddc389_20240301_a1709279998249_3265_jpg_3f903f45-df16-4595-8b14-455324d12f37.jpg?v=1759823201|https://cdn.shopify.com/s/files/1/0912/9351/6071/files/img_f4ddc389_20240301_a1709279998275_5628_jpg_0fbfeed5-d3c2-4db8-aada-94d4f4cf855c.jpg?v=1759823202|https://cdn.shopify.com/s/files/1/0912/9351/6071/files/img_f4ddc389_20240301_a1709279998438_5011_jpg_49cecffb-10ae-435d-9f46-3031516b5a62.jpg?v=1759823201,Hi I want FF 5 Denim Canvas Slide,
FENDI CROSSOVER SLIPPER IN BLACK CALFSKIN,https://cdn.shopify.com/s/files/1/0912/9351/6071/files/20220425_i1650881364_5510_4_jpg_3eaf4938-037e-4ee9-a805-e877a2955b87.jpg?v=1759823387,footwear,fendi,https://cdn.shopify.com/s/files/1/0912/9351/6071/files/20220425_i1650881364_5510_4_jpg_3eaf4938-037e-4ee9-a805-e877a2955b87.jpg?v=1759823387|https://cdn.shopify.com/s/files/1/0912/9351/6071/files/20220425_i1650881364_8813_5_jpg_a8addeec-25a5-4591-bdbf-c50868c3b483.jpg?v=1759823387|https://cdn.shopify.com/s/files/1/0912/9351/6071/files/20220425_i1650881364_3163_0_jpg_886146c3-8724-47b1-9eaf-a5e2476490cb.jpg?v=1759823387|https://cdn.shopify.com/s/files/1/0912/9351/6071/files/20220425_i1650881364_3818_2_jpg_9bc1034f-f202-4681-9288-32fc1cb10a2d.jpg?v=1759823387|https://cdn.shopify.com/s/files/1/0912/9351/6071/files/20220425_i1650881364_604_3_jpg_d7c346ce-2d2e-4136-abb2-042a56727b3b.jpg?v=1759823387|https://cdn.shopify.com/s/files/1/0912/9351/6071/files/20220425_i1650881364_5060_6_jpg_22cd114a-2b5a-4edf-a137-fc1ce3813f58.jpg?v=1759823387|https://cdn.shopify.com/s/files/1/0912/9351/6071/files/20220425_i1650881364_7830_1_jpg_8bdde21b-166a-44e2-ad83-94033ff8fd7c.jpg?v=1759823387|https://cdn.shopify.com/s/files/1/0912/9351/6071/files/20220425_i1650881364_7838_7_jpg_e9d90c43-d6b7-4d48-a781-00d874cdbbe7.jpg?v=1759823387|https://cdn.shopify.com/s/files/1/0912/9351/6071/files/20220425_i1650881364_6625_8_jpg_838b2f52-2e48-487a-81b7-5a4d09ccbeb0.jpg?v=1759823387,Hi I want FENDI CROSSOVER SLIPPER IN BLACK CALFSKIN,
FENDI CROSSOVER SLIPPER IN WHITE CALFSKIN,https://cdn.shopify.com/s/files/1/0912/9351/6071/files/20220425_i1650881490_6664_4_jpg_2fe60e4a-9a2d-4db7-8138-4fe82caa95e8.jpg?v=1759823389,footwear,fendi,https://cdn.shopify.com/s/files/1/0912/9351/6071/files/20220425_i1650881490_6664_4_jpg_2fe60e4a-9a2d-4db7-8138-4fe82caa95e8.jpg?v=1759823389|https://cdn.shopify.com/s/files/1/0912/9351/6071/files/20220425_i1650881490_9435_5_jpg_3a5bd725-1d5c-473f-860e-609ca5e9a58f.jpg?v=1759823389|https://cdn.shopify.com/s/files/1/0912/9351/6071/files/20220425_i1650881490_290_0_jpg_60daf217-2dac-4977-87cb-95af465a82b9.jpg?v=1759823389|https://cdn.shopify.com/s/files/1/0912/9351/6071/files/20220425_i1650881490_437_3_jpg_d0739cc2-d01b-4696-a17c-839247c0fd90.jpg?v=1759823389|https://cdn.shopify.com/s/files/1/0912/9351/6071/files/20220425_i1650881490_7193_6_jpg_77836413-6014-4f4a-9979-2653d20bd964.jpg?v=1759823389|https://cdn.shopify.com/s/files/1/0912/9351/6071/files/20220425_i1650881490_9013_2_jpg_1d835f03-b9dc-4037-9991-f603f3e9e8f0.jpg?v=1759823389|https://cdn.shopify.com/s/files/1/0912/9351/6071/files/20220425_i1650881490_3162_1_jpg_62f3dfb1-48e5-4598-8b89-0da3947e7284.jpg?v=1759823389|https://cdn.shopify.com/s/files/1/0912/9351/6071/files/20220425_i1650881490_6837_7_jpg_1dc608f5-5732-4e46-b1f8-f88dd2e0d653.jpg?v=1759823389|https://cdn.shopify.com/s/files/1/0912/9351/6071/files/20220425_i1650881490_3514_8_jpg_b2677542-e286-4e61-a0b2-b2c8e33c30a0.jpg?v=1759823389,Hi I want FENDI CROSSOVER SLIPPER IN WHITE CALFSKIN,
FENDI CROSSOVER SLIPPER IN PALE PINK CALFSKIN,https://cdn.shopify.com/s/files/1/0912/9351/6071/files/20220425_i1650881554_8214_1_jpg_2086c898-576a-433c-a1c9-bc345ac7735b.jpg?v=1759823391,footwear,fendi,https://cdn.shopify.com/s/files/1/0912/9351/6071/files/20220425_i1650881554_8214_1_jpg_2086c898-576a-433c-a1c9-bc345ac7735b.jpg?v=1759823391|https://cdn.shopify.com/s/files/1/0912/9351/6071/files/20220425_i1650881554_9784_5_jpg_053809ff-9c50-4605-9962-85bc6ea9d32f.jpg?v=1759823391|https://cdn.shopify.com/s/files/1/0912/9351/6071/files/20220425_i1650881554_7823_8_jpg_581c6e04-0d43-4be6-9d61-1011a2c5c308.jpg?v=1759823392|https://cdn.shopify.com/s/files/1/0912/9351/6071/files/20220425_i1650881554_7593_2_jpg_ae0f2ff5-0d24-4659-83db-ac8f8ac2da4a.jpg?v=1759823391|https://cdn.shopify.com/s/files/1/0912/9351/6071/files/20220425_i1650881554_6973_3_jpg_4fa53c8c-a7c2-4ca1-bcd9-05fa86fd00e3.jpg?v=1759823391|https://cdn.shopify.com/s/files/1/0912/9351/6071/files/20220425_i1650881554_6104_7_jpg_9dcd6eba-d0e6-418f-afef-143c0a763bb1.jpg?v=1759823392|https://cdn.shopify.com/s/files/1/0912/9351/6071/files/20220425_i1650881554_4299_0_jpg_1831a3d7-cfbe-4e5e-9e13-a0446d898cc4.jpg?v=1759823391|https://cdn.shopify.com/s/files/1/0912/9351/6071/files/20220425_i1650881554_3869_6_jpg_04e72b2a-a179-4513-920b-95f76ecd8d76.jpg?v=1759823392|https://cdn.shopify.com/s/files/1/0912/9351/6071/files/20220425_i1650881554_1699_4_jpg_176f0d67-6130-417a-a70a-9b7eae1017bc.jpg?v=1759823391,Hi I want FENDI CROSSOVER SLIPPER IN PALE PINK CALFSKIN,
FENDI LOW-TOP TRAINER IN CERULEAN BLUE CALFSKIN,https://cdn.shopify.com/s/files/1/0912/9351/6071/files/20230321_i1679353183_6104_0_jpg_a3e644a5-0dee-412e-b4c1-8fed1e81b530.jpg?v=1759823398,footwear,fendi,https://cdn.shopify.com/s/files/1/0912/9351/6071/files/20230321_i1679353183_6104_0_jpg_a3e644a5-0dee-412e-b4c1-8fed1e81b530.jpg?v=1759823398|https://cdn.shopify.com/s/files/1/0912/9351/6071/files/20230321_i1679353183_1502_3_jpg_69d4a10c-abda-49ac-857c-b14340985a33.jpg?v=1759823398|https://cdn.shopify.com/s/files/1/0912/9351/6071/files/20230321_i1679353183_122_2_jpg_253a779b-7aac-485f-8e02-839afbb25786.jpg?v=1759823398|https://cdn.shopify.com/s/files/1/0912/9351/6071/files/20230321_i1679353183_3872_6_jpg_6a0c96cf-c925-4653-8e16-5d0b68688329.jpg?v=1759823398|https://cdn.shopify.com/s/files/1/0912/9351/6071/files/20230321_i1679353183_9032_4_jpg_7adb4c2a-06c7-4881-9c9d-74c8b0e6c354.jpg?v=1759823398|https://cdn.shopify.com/s/files/1/0912/9351/6071/files/20230321_i1679353183_8970_5_jpg_d67ae8c5-b424-4ee3-9593-f1d51ee4163b.jpg?v=1759823398|https://cdn.shopify.com/s/files/1/0912/9351/6071/files/20230321_i1679353183_9086_1_jpg_4409434a-98d3-49f4-9678-f9fde1b1f0f2.jpg?v=1759823398|https://cdn.shopify.com/s/files/1/0912/9351/6071/files/20230321_i1679353183_7423_7_jpg_86aadc95-b79d-4b5d-8741-82fd66eb20ff.jpg?v=1759823398|https://cdn.shopify.com/s/files/1/0912/9351/6071/files/20230321_i1679353183_2090_8_jpg_e2ec54c0-0d7d-409e-b27b-d52c440b5d26.jpg?v=1759823398,Hi I want FENDI LOW-TOP TRAINER IN CERULEAN BLUE CALFSKIN,
FENDI LOW-TOP TRAINER IN WHITE CALFSKIN,https://cdn.shopify.com/s/files/1/0912/9351/6071/files/20230321_i1679353249_2037_3_jpg_89cbdb0d-85a4-4829-83df-558724c06b27.jpg?v=1759823403,footwear,fendi,https://cdn.shopify.com/s/files/1/0912/9351/6071/files/20230321_i1679353249_2037_3_jpg_89cbdb0d-85a4-4829-83df-558724c06b27.jpg?v=1759823403|https://cdn.shopify.com/s/files/1/0912/9351/6071/files/20230321_i1679353249_6058_1_jpg_bd43ba44-c25d-4288-b60f-852042603810.jpg?v=1759823403|https://cdn.shopify.com/s/files/1/0912/9351/6071/files/20230321_i1679353249_7146_2_jpg_238897d1-074e-4fdb-b4ea-390cb2d7304c.jpg?v=1759823403|https://cdn.shopify.com/s/files/1/0912/9351/6071/files/20230321_i1679353249_5447_0_jpg_95f67e13-32fb-483b-a77a-f6e256c761ca.jpg?v=1759823403|https://cdn.shopify.com/s/files/1/0912/9351/6071/files/20230321_i1679353249_711_4_jpg_bb6a2a0c-1aed-458c-863a-c6a1266a4667.jpg?v=1759823403|https://cdn.shopify.com/s/files/1/0912/9351/6071/files/20230321_i1679353249_2094_7_jpg_de5be340-4b7b-4b5f-91b9-72118bfbfedf.jpg?v=1759823403|https://cdn.shopify.com/s/files/1/0912/9351/6071/files/20230321_i1679353249_5981_5_jpg_2c62d1df-e84e-4c1b-b457-5cb8674c35fc.jpg?v=1759823403|https://cdn.shopify.com/s/files/1/0912/9351/6071/files/20230321_i1679353249_1361_6_jpg_4401ead8-c24c-4ea3-af29-2827feedb2cb.jpg?v=1759823403|https://cdn.shopify.com/s/files/1/0912/9351/6071/files/20230321_i1679353249_8099_8_jpg_5313602d-3452-487a-a1de-59afcf97f08b.jpg?v=1759823403,Hi I want FENDI LOW-TOP TRAINER IN WHITE CALFSKIN,
FENDI LOW-TOP TRAINER IN BLACK CALFSKIN,https://cdn.shopify.com/s/files/1/0912/9351/6071/files/20230321_i1679353282_4093_2_jpg_a485bfaf-81e0-4490-a97e-01126dd82602.jpg?v=1759823405,footwear,fendi,https://cdn.shopify.com/s/files/1/0912/9351/6071/files/20230321_i1679353282_4093_2_jpg_a485bfaf-81e0-4490-a97e-01126dd82602.jpg?v=1759823405|https://cdn.shopify.com/s/files/1/0912/9351/6071/files/20230321_i1679353282_550_6_jpg_66ae0917-40aa-488e-b980-81d12fe697b3.jpg?v=1759823406|https://cdn.shopify.com/s/files/1/0912/9351/6071/files/20230321_i1679353282_8192_3_jpg_6562fae0-1210-4cca-a809-d15810e665a7.jpg?v=1759823405|https://cdn.shopify.com/s/files/1/0912/9351/6071/files/20230321_i1679353282_5710_1_jpg_7d65789f-3117-4f10-87a2-13bef3c9a7b8.jpg?v=1759823406|https://cdn.shopify.com/s/files/1/0912/9351/6071/files/20230321_i1679353282_7294_0_jpg_d79e1de0-d1a8-4614-b83d-b91edaa1aca2.jpg?v=1759823405|https://cdn.shopify.com/s/files/1/0912/9351/6071/files/20230321_i1679353282_6808_4_jpg_531c1a31-d788-405b-8d41-7c8120a8a661.jpg?v=1759823405|https://cdn.shopify.com/s/files/1/0912/9351/6071/files/20230321_i1679353282_6008_5_jpg_8abbb46f-6eec-416c-a4dc-e1218be4723e.jpg?v=1759823405|https://cdn.shopify.com/s/files/1/0912/9351/6071/files/20230321_i1679353282_4187_7_jpg_75e6d9d0-4505-4c06-91e8-033e11a63136.jpg?v=1759823405|https://cdn.shopify.com/s/files/1/0912/9351/6071/files/20230321_i1679353282_2242_8_jpg_de99b5b6-4ec1-4d3e-b597-66ab7ecd7443.jpg?v=1759823405,Hi I want FENDI LOW-TOP TRAINER IN BLACK CALFSKIN,
FENDI LOW-TOP TRAINER IN TAN BEIGE CALFSKIN,https://cdn.shopify.com/s/files/1/0912/9351/6071/files/20230321_i1679353315_7752_1_jpg_735cb5c3-d05c-4444-8ce0-92a7dcddc33e.jpg?v=1759823407,footwear,fendi,https://cdn.shopify.com/s/files/1/0912/9351/6071/files/20230321_i1679353315_7752_1_jpg_735cb5c3-d05c-4444-8ce0-92a7dcddc33e.jpg?v=1759823407|https://cdn.shopify.com/s/files/1/0912/9351/6071/files/20230321_i1679353315_8685_3_jpg_abe21782-aebe-4570-9d1d-5d02e34ee5a0.jpg?v=1759823407|https://cdn.shopify.com/s/files/1/0912/9351/6071/files/20230321_i1679353315_3781_6_jpg_5acf7583-8ae9-4c3c-92f1-ced7fb4d5020.jpg?v=1759823408|https://cdn.shopify.com/s/files/1/0912/9351/6071/files/20230321_i1679353315_7603_0_jpg_4018a108-3b07-435b-a04b-a4409f1b3904.jpg?v=1759823408|https://cdn.shopify.com/s/files/1/0912/9351/6071/files/20230321_i1679353315_1413_2_jpg_c4c33bf6-292a-4e73-8640-72a0ff2e2f1c.jpg?v=1759823407|https://cdn.shopify.com/s/files/1/0912/9351/6071/files/20230321_i1679353315_4772_5_jpg_f91596dc-fd33-4e3b-9861-29119cb2aa95.jpg?v=1759823407|https://cdn.shopify.com/s/files/1/0912/9351/6071/files/20230321_i1679353315_8647_7_jpg_0b7acb83-b4f7-49ee-b4ab-8aee346a9b86.jpg?v=1759823407|https://cdn.shopify.com/s/files/1/0912/9351/6071/files/20230321_i1679353315_9598_4_jpg_85103593-a6a7-4882-a495-3b5e391c5f32.jpg?v=1759823407|https://cdn.shopify.com/s/files/1/0912/9351/6071/files/20230321_i1679353315_2410_8_jpg_f93dee09-bc65-4680-9344-5a4731a0d2a8.jpg?v=1759823408,Hi I want FENDI LOW-TOP TRAINER IN TAN BEIGE CALFSKIN,
FENDI LOW-TOP TRAINER IN LAWN GREEN CALFSKIN,https://cdn.shopify.com/s/files/1/0912/9351/6071/files/20230321_i1679353346_7835_1_jpg_53a9694c-bdc3-49e1-8190-df32684d90ab.jpg?v=1759823410,footwear,fendi,https://cdn.shopify.com/s/files/1/0912/9351/6071/files/20230321_i1679353346_7835_1_jpg_53a9694c-bdc3-49e1-8190-df32684d90ab.jpg?v=1759823410|https://cdn.shopify.com/s/files/1/0912/9351/6071/files/20230321_i1679353346_7562_3_jpg_713615b3-9785-41b0-9402-ee6f4b2eaaeb.jpg?v=1759823410|https://cdn.shopify.com/s/files/1/0912/9351/6071/files/20230321_i1679353346_1440_0_jpg_09639087-a8fc-42eb-b016-3bb2099593cd.jpg?v=1759823410|https://cdn.shopify.com/s/files/1/0912/9351/6071/files/20230321_i1679353346_3625_2_jpg_44e76b6a-7df8-4ad2-af1d-dcb2ac9dbe71.jpg?v=1759823410|https://cdn.shopify.com/s/files/1/0912/9351/6071/files/20230321_i1679353346_3885_8_jpg_d61aa4c1-b0cf-4e5f-9459-00167ecf8f2f.jpg?v=1759823410|https://cdn.shopify.com/s/files/1/0912/9351/6071/files/20230321_i1679353346_2178_4_jpg_d5db6620-615e-4251-ba4f-18b21eccf07f.jpg?v=1759823410|https://cdn.shopify.com/s/files/1/0912/9351/6071/files/20230321_i1679353346_4761_6_jpg_7c8bd640-b15e-4eb5-8900-ae06a9f4a7b5.jpg?v=1759823410|https://cdn.shopify.com/s/files/1/0912/9351/6071/files/20230321_i1679353346_4178_7_jpg_29d705cc-f236-4235-af0f-53cdf8759c32.jpg?v=1759823410,Hi I want FENDI LOW-TOP TRAINER IN LAWN GREEN CALFSKIN,
FENDI LOW-TOP TRAINER IN LIGHT PINK CALFSKIN,https://cdn.shopify.com/s/files/1/0912/9351/6071/files/20230321_i1679353376_7437_3_jpg_c0ece30c-7e72-4778-9f26-ce4294f3cdfb.jpg?v=1759823412,footwear,fendi,https://cdn.shopify.com/s/files/1/0912/9351/6071/files/20230321_i1679353376_7437_3_jpg_c0ece30c-7e72-4778-9f26-ce4294f3cdfb.jpg?v=1759823412|https://cdn.shopify.com/s/files/1/0912/9351/6071/files/20230321_i1679353376_5556_1_jpg_ae9acf58-758f-4a5e-bc44-2c2d67841658.jpg?v=1759823412|https://cdn.shopify.com/s/files/1/0912/9351/6071/files/20230321_i1679353376_3115_2_jpg_82ba0249-6f0e-43fd-93a4-948cbf7139ba.jpg?v=1759823412|https://cdn.shopify.com/s/files/1/0912/9351/6071/files/20230321_i1679353376_6156_6_jpg_9436877a-f08b-409e-aad6-ac1fe4a81fb0.jpg?v=1759823412|https://cdn.shopify.com/s/files/1/0912/9351/6071/files/20230321_i1679353376_5117_5_jpg_4691fb36-0df3-40cd-9fb0-50c478e4b79d.jpg?v=1759823412|https://cdn.shopify.com/s/files/1/0912/9351/6071/files/20230321_i1679353376_5039_4_jpg_5ebd73bc-9076-43d2-a9f9-eacb3dac32bd.jpg?v=1759823412|https://cdn.shopify.com/s/files/1/0912/9351/6071/files/20230321_i1679353376_1554_0_jpg_493b5bcc-1584-4aec-a10a-48a24dd25472.jpg?v=1759823412|https://cdn.shopify.com/s/files/1/0912/9351/6071/files/20230321_i1679353376_4772_7_jpg_8939ec76-2027-4a32-abfe-e45ba1287ea0.jpg?v=1759823412|https://cdn.shopify.com/s/files/1/0912/9351/6071/files/20230321_i1679353376_4638_8_jpg_13392a5d-93d3-4279-a5de-e41d920fe9d6.jpg?v=1759823412,Hi I want FENDI LOW-TOP TRAINER IN LIGHT PINK CALFSKIN,
FENDI TRAINER SNEAKER IN BLACK LAMBSKIN,https://cdn.shopify.com/s/files/1/0912/9351/6071/files/20230614_i1686742983_2413_1_jpg_a0bab464-008e-47b3-bb7e-074d22d37df8.jpg?v=1759823422,footwear,fendi,https://cdn.shopify.com/s/files/1/0912/9351/6071/files/20230614_i1686742983_2413_1_jpg_a0bab464-008e-47b3-bb7e-074d22d37df8.jpg?v=1759823422|https://cdn.shopify.com/s/files/1/0912/9351/6071/files/20230614_i1686742983_8664_3_jpg_98355087-7837-455c-8ff1-09377bbec9c7.jpg?v=1759823422|https://cdn.shopify.com/s/files/1/0912/9351/6071/files/20230614_i1686742983_2212_0_jpg_cdb4e960-d1fd-4a01-8040-6b34f6008841.jpg?v=1759823422|https://cdn.shopify.com/s/files/1/0912/9351/6071/files/20230614_i1686742983_5548_2_jpg_f672fff6-d475-42e9-8478-97dd95ed558b.jpg?v=1759823422|https://cdn.shopify.com/s/files/1/0912/9351/6071/files/20230614_i1686742983_5272_4_jpg_44fd3b06-c92c-4cd0-a225-88952c20fd3f.jpg?v=1759823422|https://cdn.shopify.com/s/files/1/0912/9351/6071/files/20230614_i1686742983_3263_5_jpg_b04fb870-578c-4ccb-a141-6de097b43c6d.jpg?v=1759823422|https://cdn.shopify.com/s/files/1/0912/9351/6071/files/20230614_i1686742983_6673_6_jpg_b70b348f-410d-4693-8ef6-c0bcb0968306.jpg?v=1759823422|https://cdn.shopify.com/s/files/1/0912/9351/6071/files/20230614_i1686742983_2966_7_jpg_bd214177-7b5c-4d23-8b85-2ebbd02922e0.jpg?v=1759823422|https://cdn.shopify.com/s/files/1/0912/9351/6071/files/20230614_i1686742983_5221_8_jpg_3f7a1e1b-4c93-4dd1-930f-76d5b02a2b3d.jpg?v=1759823422,Hi I want FENDI TRAINER SNEAKER IN BLACK LAMBSKIN,
FENDI FIRST 95 MM HIGH-HEELED SANDAL IN OLIVE GREEN LAMBSKIN GOLD HARDWARE,https://cdn.shopify.com/s/files/1/0912/9351/6071/files/20220510_i1652180597_1072_6_jpg_5d61e682-0883-41f8-9851-6e03e03dfaf1.jpg?v=1759823471,footwear,fendi,https://cdn.shopify.com/s/files/1/0912/9351/6071/files/20220510_i1652180597_1072_6_jpg_5d61e682-0883-41f8-9851-6e03e03dfaf1.jpg?v=1759823471|https://cdn.shopify.com/s/files/1/0912/9351/6071/files/20220510_i1652180597_596_3_jpg_df8a806e-808a-436c-bc97-47f23da1531f.jpg?v=1759823471|https://cdn.shopify.com/s/files/1/0912/9351/6071/files/20220510_i1652180597_4152_1_jpg_4a2dc868-31f7-4a9c-995c-b60785bd8635.jpg?v=1759823471|https://cdn.shopify.com/s/files/1/0912/9351/6071/files/20220510_i1652180597_241_5_jpg_97b9073a-dbf7-436c-a9c4-b5e4f314b195.jpg?v=1759823471|https://cdn.shopify.com/s/files/1/0912/9351/6071/files/20220510_i1652180597_8271_0_jpg_f630de2a-5444-42ac-b295-7fb340bf0c86.jpg?v=1759823471|https://cdn.shopify.com/s/files/1/0912/9351/6071/files/20220510_i1652180597_9032_2_jpg_632254db-ec4e-4db1-9b1a-b7c46ffb0f73.jpg?v=1759823471|https://cdn.shopify.com/s/files/1/0912/9351/6071/files/20220510_i1652180597_9648_7_jpg_2354b872-6dc8-4d0d-8cff-d4e62f4a8451.jpg?v=1759823471|https://cdn.shopify.com/s/files/1/0912/9351/6071/files/20220510_i1652180597_1776_4_jpg_f97675d1-1fcc-4ab2-9393-aa61ce570999.jpg?v=1759823471|https://cdn.shopify.com/s/files/1/0912/9351/6071/files/20220510_i1652180597_9850_8_jpg_afec5635-82f9-4098-a7af-4cc5ccbbf9cb.jpg?v=1759823471,Hi I want FENDI FIRST 95 MM HIGH-HEELED SANDAL IN OLIVE GREEN LAMBSKIN GOLD HARDWARE,
FENDI FIRST 95 MM HIGH-HEELED SANDAL IN TRANSPARENT TPU FILM AND LAMBSKIN,https://cdn.shopify.com/s/files/1/0912/9351/6071/files/20220410_i1649585424_1268_3_jpg_52ce8f4e-8245-4637-802f-ca2e40faa287.jpg?v=1759823507,footwear,fendi,https://cdn.shopify.com/s/files/1/0912/9351/6071/files/20220410_i1649585424_1268_3_jpg_52ce8f4e-8245-4637-802f-ca2e40faa287.jpg?v=1759823507|https://cdn.shopify.com/s/files/1/0912/9351/6071/files/20220410_i1649585424_4242_1_jpg_8106db39-19b7-4531-9957-bc5886c2556a.jpg?v=1759823507|https://cdn.shopify.com/s/files/1/0912/9351/6071/files/20220410_i1649585424_6976_0_jpg_cb537b2d-3f75-4f9c-a653-49b59f7563a5.jpg?v=1759823507|https://cdn.shopify.com/s/files/1/0912/9351/6071/files/20220410_i1649585424_6971_5_jpg_0da9a79f-68d1-48d0-b01a-140a5f1dfe18.jpg?v=1759823507|https://cdn.shopify.com/s/files/1/0912/9351/6071/files/20220410_i1649585424_6955_4_jpg_ae7eb384-1e50-4ac0-9caf-381806e1115c.jpg?v=1759823507|https://cdn.shopify.com/s/files/1/0912/9351/6071/files/20220410_i1649585424_5668_8_jpg_e8ef545e-aef4-486a-a8a3-155813a71798.jpg?v=1759823507|https://cdn.shopify.com/s/files/1/0912/9351/6071/files/20220410_i1649585424_5025_6_jpg_9f18e459-35ac-4482-8fcd-09db0d5fba8f.jpg?v=1759823507|https://cdn.shopify.com/s/files/1/0912/9351/6071/files/20220410_i1649585424_4709_7_jpg_ad32fbc9-3805-4192-8852-99321f058fe8.jpg?v=1759823507|https://cdn.shopify.com/s/files/1/0912/9351/6071/files/20220410_i1649585424_3879_2_jpg_88d8a2fe-f75d-4f96-b1e1-3a790bf32439.jpg?v=1759823507,Hi I want FENDI FIRST 95 MM HIGH-HEELED SANDAL IN TRANSPARENT TPU FILM AND LAMBSKIN,
FENDI DELFINA HIGH-HEELED 10 CM SANDAL IN BLACK FF CANVAS,https://cdn.shopify.com/s/files/1/0912/9351/6071/files/20230830_i1693344507_4167_4_jpg_47adaccc-494c-496c-ab80-2fff9eed22fc.jpg?v=1759823563,footwear,fendi,https://cdn.shopify.com/s/files/1/0912/9351/6071/files/20230830_i1693344507_4167_4_jpg_47adaccc-494c-496c-ab80-2fff9eed22fc.jpg?v=1759823563|https://cdn.shopify.com/s/files/1/0912/9351/6071/files/20230830_i1693344507_5365_5_jpg_22b016b4-e7e0-402b-8d5c-0112dfbd87f2.jpg?v=1759823563|https://cdn.shopify.com/s/files/1/0912/9351/6071/files/20230830_i1693344507_4914_3_jpg_b0bf2f5e-0a29-481b-912d-e8bf99573555.jpg?v=1759823563|https://cdn.shopify.com/s/files/1/0912/9351/6071/files/20230830_i1693344507_3369_0_jpg_8071e32b-f583-47b4-b9ce-af6cac86d1e9.jpg?v=1759823563|https://cdn.shopify.com/s/files/1/0912/9351/6071/files/20230830_i1693344507_2191_2_jpg_60eb0347-6425-4ae5-8614-332ddcb53be6.jpg?v=1759823563|https://cdn.shopify.com/s/files/1/0912/9351/6071/files/20230830_i1693344507_7469_1_jpg_d0ee0a39-c7f7-435d-9bae-503ad5121a60.jpg?v=1759823563|https://cdn.shopify.com/s/files/1/0912/9351/6071/files/20230830_i1693344507_8826_6_jpg_1445243f-6deb-490e-859e-26098f84790e.jpg?v=1759823563|https://cdn.shopify.com/s/files/1/0912/9351/6071/files/20230830_i1693344507_9769_7_jpg_5734dfa7-b97f-40ea-ab1e-6b634fe4cdd3.jpg?v=1759823563|https://cdn.shopify.com/s/files/1/0912/9351/6071/files/20230830_i1693344507_2412_8_jpg_5fe09fc2-354a-4d17-beac-a5c8bf93513a.jpg?v=1759823563,Hi I want FENDI DELFINA HIGH-HEELED 10 CM SANDAL IN BLACK FF CANVAS,
FENDI HIGH-HEELED 85 MM IN CHERRY RED LAMBSKIN WITH GOLD HARDWARE,https://cdn.shopify.com/s/files/1/0912/9351/6071/files/img_0f96c430_20240529_i1716918963_3851_4_jpg_86cc91bf-d999-4bfc-ae60-184a90dceaf2.jpg?v=1759823663,footwear,fendi,https://cdn.shopify.com/s/files/1/0912/9351/6071/files/img_0f96c430_20240529_i1716918963_3851_4_jpg_86cc91bf-d999-4bfc-ae60-184a90dceaf2.jpg?v=1759823663|https://cdn.shopify.com/s/files/1/0912/9351/6071/files/img_0f96c430_20240529_i1716918963_8437_8_jpg_5f956ced-5f1d-4415-9556-b4097098c219.jpg?v=1759823663|https://cdn.shopify.com/s/files/1/0912/9351/6071/files/img_0f96c430_20240529_i1716918963_5713_5_jpg_caddcabc-c50e-4f96-b190-c263d29578de.jpg?v=1759823663|https://cdn.shopify.com/s/files/1/0912/9351/6071/files/img_0f96c430_20240529_i1716918963_9560_2_jpg_8a79f13f-2be2-40f2-968f-ccbab328da29.jpg?v=1759823663|https://cdn.shopify.com/s/files/1/0912/9351/6071/files/img_0f96c430_20240529_i1716918963_9571_0_jpg_bcf38db5-b3d1-4472-906b-a230d4a416f7.jpg?v=1759823663|https://cdn.shopify.com/s/files/1/0912/9351/6071/files/img_0f96c430_20240529_i1716918963_6549_6_jpg_633ded56-f6dc-41a3-aed5-0ded10092a46.jpg?v=1759823663|https://cdn.shopify.com/s/files/1/0912/9351/6071/files/img_0f96c430_20240529_i1716918963_319_1_jpg_822d8d30-a711-48fb-9f82-e14c18b07f02.jpg?v=1759823663|https://cdn.shopify.com/s/files/1/0912/9351/6071/files/img_0f96c430_20240529_i1716918963_2913_3_jpg_ce5ed73b-3ca3-4818-9062-642340e6adf8.jpg?v=1759823663|https://cdn.shopify.com/s/files/1/0912/9351/6071/files/img_0f96c430_20240529_i1716918963_4430_7_jpg_bcd8e46a-eabf-4ed5-af14-8902256f1f6a.jpg?v=1759823663,Hi I want FENDI HIGH-HEELED 85 MM IN CHERRY RED LAMBSKIN WITH GOLD HARDWARE,
FENDI HIGH-HEELED 85 MM IN BLACK LAMBSKIN WITH GOLD HARDWARE,https://cdn.shopify.com/s/files/1/0912/9351/6071/files/img_0f96c430_20240529_i1716918978_1999_6_jpg_abbe9e6a-db48-4d3f-a2fa-dd1cbea0e444.jpg?v=1759823669,footwear,fendi,https://cdn.shopify.com/s/files/1/0912/9351/6071/files/img_0f96c430_20240529_i1716918978_1999_6_jpg_abbe9e6a-db48-4d3f-a2fa-dd1cbea0e444.jpg?v=1759823669|https://cdn.shopify.com/s/files/1/0912/9351/6071/files/img_0f96c430_20240529_i1716918978_507_0_jpg_ae3f9513-a0f6-417e-9ab9-0fc87b73dd38.jpg?v=1759823669|https://cdn.shopify.com/s/files/1/0912/9351/6071/files/img_0f96c430_20240529_i1716918978_135_1_jpg_a046765d-e2e7-4acd-bc04-0f7ee97b5ecf.jpg?v=1759823669|https://cdn.shopify.com/s/files/1/0912/9351/6071/files/img_0f96c430_20240529_i1716918978_2892_5_jpg_992ddbfb-8a5c-4a82-87c9-2643e22a2486.jpg?v=1759823669|https://cdn.shopify.com/s/files/1/0912/9351/6071/files/img_0f96c430_20240529_i1716918978_3677_8_jpg_f02a765f-67b2-416b-b6a3-5824a6e8639f.jpg?v=1759823669|https://cdn.shopify.com/s/files/1/0912/9351/6071/files/img_0f96c430_20240529_i1716918978_4095_7_jpg_099ccfa7-f661-4a81-9da1-42e304a05eb1.jpg?v=1759823669|https://cdn.shopify.com/s/files/1/0912/9351/6071/files/img_0f96c430_20240529_i1716918978_6671_3_jpg_412d62d6-a534-41a1-8142-6eba6ff9856a.jpg?v=1759823669|https://cdn.shopify.com/s/files/1/0912/9351/6071/files/img_0f96c430_20240529_i1716918978_6750_4_jpg_beba678b-b909-4b5d-ad37-582980a78fab.jpg?v=1759823669|https://cdn.shopify.com/s/files/1/0912/9351/6071/files/img_0f96c430_20240529_i1716918979_5921_0_jpg_5f5caa65-9b8b-4213-8b08-f07c6afc0db3.jpg?v=1759823669,Hi I want FENDI HIGH-HEELED 85 MM IN BLACK LAMBSKIN WITH GOLD HARDWARE,
FENDI BAGUETTE SIGNATURE SLIDE IN LIGHT BLUE DENIM AND BROWN CALFSKIN,https://cdn.shopify.com/s/files/1/0912/9351/6071/files/20240618_i1718681779_8925_3_jpg_9f4baf93-a977-43b5-8a2b-b960330582ef.jpg?v=1759823688,footwear,fendi,https://cdn.shopify.com/s/files/1/0912/9351/6071/files/20240618_i1718681779_8925_3_jpg_9f4baf93-a977-43b5-8a2b-b960330582ef.jpg?v=1759823688|https://cdn.shopify.com/s/files/1/0912/9351/6071/files/20240618_i1718681779_9911_0_jpg_2ca043f5-3047-42f6-86b4-e89b49590eb2.jpg?v=1759823688|https://cdn.shopify.com/s/files/1/0912/9351/6071/files/20240618_i1718681779_3705_6_jpg_9bed1520-4a39-4507-91e4-562447d7b970.jpg?v=1759823688|https://cdn.shopify.com/s/files/1/0912/9351/6071/files/20240618_i1718681779_1132_1_jpg_2b31c080-09ff-4f55-a761-63266c0b4945.jpg?v=1759823688|https://cdn.shopify.com/s/files/1/0912/9351/6071/files/20240618_i1718681779_1274_2_jpg_eb34057e-5eec-4f01-9114-4ac60dfa2c68.jpg?v=1759823688|https://cdn.shopify.com/s/files/1/0912/9351/6071/files/20240618_i1718681779_6098_4_jpg_6c1f883a-464b-4bfb-b3f2-532bb80e2534.jpg?v=1759823688|https://cdn.shopify.com/s/files/1/0912/9351/6071/files/20240618_i1718681779_7409_7_jpg_a1f13fa6-f6d5-4eff-8133-1486ec1eaf8d.jpg?v=1759823688|https://cdn.shopify.com/s/files/1/0912/9351/6071/files/20240618_i1718681779_6348_5_jpg_a22f262e-d164-4600-9921-c5ae26b2ffed.jpg?v=1759823688|https://cdn.shopify.com/s/files/1/0912/9351/6071/files/20240618_i1718681779_8376_8_jpg_3f3be76f-f049-42da-860d-250c7b8ef1aa.jpg?v=1759823688,Hi I want FENDI BAGUETTE SIGNATURE SLIDE IN LIGHT BLUE DENIM AND BROWN CALFSKIN,
FENDI COLIBRÃÅ’ HIGH-HEELED SLINGBACKS 75MM IN BLACK FABRIC,https://cdn.shopify.com/s/files/1/0912/9351/6071/files/img_0f96c430_20240529_i1716918736_9217_0_jpg_b784acfe-1d45-4548-8346-301aeb0d7a16.jpg?v=1759823772,footwear,fendi,https://cdn.shopify.com/s/files/1/0912/9351/6071/files/img_0f96c430_20240529_i1716918736_9217_0_jpg_b784acfe-1d45-4548-8346-301aeb0d7a16.jpg?v=1759823772|https://cdn.shopify.com/s/files/1/0912/9351/6071/files/img_0f96c430_20240529_i1716918736_3271_0_jpg_ab077b86-c8c4-4417-b9c8-6e5a9e31d174.jpg?v=1759823773|https://cdn.shopify.com/s/files/1/0912/9351/6071/files/img_0f96c430_20240529_i1716918736_3840_0_jpg_16c2f8b6-496d-4da0-9afe-135e9fa81825.jpg?v=1759823773|https://cdn.shopify.com/s/files/1/0912/9351/6071/files/img_0f96c430_20240529_i1716918736_5549_0_jpg_958acc6d-9fc2-4036-b508-4327c02fe0a4.jpg?v=1759823772|https://cdn.shopify.com/s/files/1/0912/9351/6071/files/img_0f96c430_20240529_i1716918736_8793_0_jpg_56ddd10d-5fe0-48bc-a66c-82d0836ecc6e.jpg?v=1759823772|https://cdn.shopify.com/s/files/1/0912/9351/6071/files/img_0f96c430_20240529_i1716918736_6613_0_jpg_f506a4c2-1b9a-401e-b4d4-dd8cee3e2dc4.jpg?v=1759823772|https://cdn.shopify.com/s/files/1/0912/9351/6071/files/img_0f96c430_20240529_i1716918736_6446_0_jpg.jpg?v=1759823773|https://cdn.shopify.com/s/files/1/0912/9351/6071/files/img_0f96c430_20240529_i1716918736_8704_0_jpg_78bf1c16-83fb-45ac-9e6d-4cceac12089c.jpg?v=1759823773|https://cdn.shopify.com/s/files/1/0912/9351/6071/files/img_0f96c430_20240529_i1716918736_9976_0_jpg_5f132fdc-b163-450c-b5d5-2f366213d56c.jpg?v=1759823772,Hi I want FENDI COLIBRÃÅ’ HIGH-HEELED SLINGBACKS 75MM IN BLACK FABRIC,
FENDI ROMA SLIDES IN LIGHT PINK LAMBSKIN LEATHER,https://cdn.shopify.com/s/files/1/0912/9351/6071/files/img_ecdaeb01_20240621_i1718906125_8450_0_jpg_a7b93352-7f87-4fb6-8702-945a7e7b1088.jpg?v=1759823789,footwear,fendi,https://cdn.shopify.com/s/files/1/0912/9351/6071/files/img_ecdaeb01_20240621_i1718906125_8450_0_jpg_a7b93352-7f87-4fb6-8702-945a7e7b1088.jpg?v=1759823789|https://cdn.shopify.com/s/files/1/0912/9351/6071/files/img_ecdaeb01_20240621_i1718906125_3255_0_jpg_1a813d19-168d-40f3-85bf-91fd53f6e03e.jpg?v=1759823789|https://cdn.shopify.com/s/files/1/0912/9351/6071/files/img_ecdaeb01_20240621_i1718906125_2452_0_jpg_36cf27c7-069f-4348-9fcd-9c0d14a088ab.jpg?v=1759823789|https://cdn.shopify.com/s/files/1/0912/9351/6071/files/img_ecdaeb01_20240621_i1718906125_3013_0_jpg_a72b30bc-80af-49bf-b2b1-df3428a54ca2.jpg?v=1759823789|https://cdn.shopify.com/s/files/1/0912/9351/6071/files/img_ecdaeb01_20240621_i1718906125_4004_0_jpg_5078c374-b56f-41c0-9dc4-d37d8c7263f1.jpg?v=1759823789|https://cdn.shopify.com/s/files/1/0912/9351/6071/files/img_ecdaeb01_20240621_i1718906125_554_0_jpg_6f2c1892-2ca7-465f-ba85-72a4857c5f17.jpg?v=1759823789|https://cdn.shopify.com/s/files/1/0912/9351/6071/files/img_ecdaeb01_20240621_i1718906125_125_0_jpg_db9073ca-0bc0-4a65-aa8b-3a5ee92f922a.jpg?v=1759823789|https://cdn.shopify.com/s/files/1/0912/9351/6071/files/img_ecdaeb01_20240621_i1718906125_4063_0_jpg_4d0d73ad-75d0-41ac-8611-a4b87d56adfe.jpg?v=1759823789|https://cdn.shopify.com/s/files/1/0912/9351/6071/files/img_ecdaeb01_20240621_i1718906125_5459_0_jpg_4e49e77a-9616-42d2-8ffa-c3c06fba0079.jpg?v=1759823789,Hi I want FENDI ROMA SLIDES IN LIGHT PINK LAMBSKIN LEATHER,
FENDI BAGUETTE SLIDES IN  BABY BLUE LAMBSKIN,https://cdn.shopify.com/s/files/1/0912/9351/6071/files/20221119_i1668794120_9282_2_jpg_0fc01d38-aeed-48f1-8e95-9e3a2ea4786a.jpg?v=1759823795,footwear,fendi,https://cdn.shopify.com/s/files/1/0912/9351/6071/files/20221119_i1668794120_9282_2_jpg_0fc01d38-aeed-48f1-8e95-9e3a2ea4786a.jpg?v=1759823795|https://cdn.shopify.com/s/files/1/0912/9351/6071/files/20221119_i1668794120_5917_0_jpg_f66fbcab-d0d1-484c-8b08-428c328d7053.jpg?v=1759823795|https://cdn.shopify.com/s/files/1/0912/9351/6071/files/20221119_i1668794120_2657_1_jpg_ca206750-6b79-4451-98b1-e69939a20d40.jpg?v=1759823795|https://cdn.shopify.com/s/files/1/0912/9351/6071/files/20221119_i1668794120_9837_3_jpg_9d895417-1e3b-4517-8791-2d9ba14911b3.jpg?v=1759823795|https://cdn.shopify.com/s/files/1/0912/9351/6071/files/20221119_i1668794120_1394_6_jpg_cd04e04d-5609-4421-9976-169adc896534.jpg?v=1759823795|https://cdn.shopify.com/s/files/1/0912/9351/6071/files/20221119_i1668794120_2913_5_jpg_04cc06bd-5447-4b6f-bb48-35def8a97098.jpg?v=1759823795|https://cdn.shopify.com/s/files/1/0912/9351/6071/files/20221119_i1668794120_5713_4_jpg_37b1763d-452f-4f32-aa78-0416aeeb1be6.jpg?v=1759823794|https://cdn.shopify.com/s/files/1/0912/9351/6071/files/20221119_i1668794120_6437_8_jpg_e27200f3-48f5-4185-bf6e-0de8c87fff80.jpg?v=1759823795|https://cdn.shopify.com/s/files/1/0912/9351/6071/files/20221119_i1668794120_7507_7_jpg_ef28f018-606e-423d-9140-17c3b058b95e.jpg?v=1759823795,Hi I want FENDI BAGUETTE SLIDES IN  BABY BLUE LAMBSKIN,
FENDI BAGUETTE MEDIUM-HEEL SANDALS 45 MM IN BLACK CALFSKIN,https://cdn.shopify.com/s/files/1/0912/9351/6071/files/img_fc23bd8b_20240624_a1719228762848_6570_jpg_4f19075e-9c8f-4e49-b996-34049861be99.jpg?v=1759823838,footwear,fendi,https://cdn.shopify.com/s/files/1/0912/9351/6071/files/img_fc23bd8b_20240624_a1719228762848_6570_jpg_4f19075e-9c8f-4e49-b996-34049861be99.jpg?v=1759823838|https://cdn.shopify.com/s/files/1/0912/9351/6071/files/img_fc23bd8b_20240624_a1719228762705_3831_jpg_40e707f2-33c5-4cae-ac3c-91405451fb5d.jpg?v=1759823838|https://cdn.shopify.com/s/files/1/0912/9351/6071/files/img_fc23bd8b_20240624_a1719228762793_2860_jpg_9cbf61e3-aa4b-47be-9100-2dba8d0ad248.jpg?v=1759823838|https://cdn.shopify.com/s/files/1/0912/9351/6071/files/img_fc23bd8b_20240624_a1719228762638_8382_jpg_3c66d0a8-ccbd-44a3-b221-2e05a55dd34f.jpg?v=1759823838|https://cdn.shopify.com/s/files/1/0912/9351/6071/files/img_fc23bd8b_20240624_a1719228762729_0011_jpg_aba93e73-76ad-4a9b-bf0e-c0b45847714c.jpg?v=1759823838|https://cdn.shopify.com/s/files/1/0912/9351/6071/files/img_fc23bd8b_20240624_a1719228763810_5166_jpg_0459add6-fd4e-4099-84b6-d5401ba00e9a.jpg?v=1759823838|https://cdn.shopify.com/s/files/1/0912/9351/6071/files/img_fc23bd8b_20240624_a1719228762772_2487_jpg_acaac155-2020-43dd-8d89-66c4d00b6b0f.jpg?v=1759823838|https://cdn.shopify.com/s/files/1/0912/9351/6071/files/img_fc23bd8b_20240624_a1719228763820_3312_jpg_3667f43c-ac45-4e95-884c-988acbf875b4.jpg?v=1759823838|https://cdn.shopify.com/s/files/1/0912/9351/6071/files/img_fc23bd8b_20240624_a1719228763888_7431_jpg_197e1f5f-2557-48f9-89c6-cefdf74cea48.jpg?v=1759823838,Hi I want FENDI BAGUETTE MEDIUM-HEEL SANDALS 45 MM IN BLACK CALFSKIN,
FENDI SIGNATURE WEDGE PLATFORM 6 CM IN BLACK FIBRE WITH BROWN EMBROIDERED LOGO,https://cdn.shopify.com/s/files/1/0912/9351/6071/files/img_2de0ff0e_20240704_i1720046568_4931_0_jpg_92d3d70e-13fd-4f01-9469-c362eec0236d.jpg?v=1759823848,footwear,fendi,https://cdn.shopify.com/s/files/1/0912/9351/6071/files/img_2de0ff0e_20240704_i1720046568_4931_0_jpg_92d3d70e-13fd-4f01-9469-c362eec0236d.jpg?v=1759823848|https://cdn.shopify.com/s/files/1/0912/9351/6071/files/img_2de0ff0e_20240704_i1720046568_5360_0_jpg_308e3ac9-c489-468d-9cd9-33690ecb36da.jpg?v=1759823848|https://cdn.shopify.com/s/files/1/0912/9351/6071/files/img_2de0ff0e_20240704_i1720046568_5328_0_jpg_b09f69f6-400d-4508-bf2c-a6c5284720fb.jpg?v=1759823848|https://cdn.shopify.com/s/files/1/0912/9351/6071/files/img_2de0ff0e_20240704_i1720046568_9479_0_jpg_1c18c56f-5fb6-4e2a-94ae-d831d77e81a5.jpg?v=1759823848|https://cdn.shopify.com/s/files/1/0912/9351/6071/files/img_2de0ff0e_20240704_i1720046568_7550_0_jpg_0d2555eb-f531-419a-a20a-4b907c0ae7ee.jpg?v=1759823848|https://cdn.shopify.com/s/files/1/0912/9351/6071/files/img_2de0ff0e_20240704_i1720046568_4290_0_jpg_eba23507-4b9b-4620-973b-0aa89bd159f0.jpg?v=1759823848|https://cdn.shopify.com/s/files/1/0912/9351/6071/files/img_2de0ff0e_20240704_i1720046568_3561_0_jpg_a8af4bc6-a72c-46ee-819a-b734b220b435.jpg?v=1759823848|https://cdn.shopify.com/s/files/1/0912/9351/6071/files/img_2de0ff0e_20240704_i1720046568_9190_0_jpg_df3348db-5d42-4379-9f8f-0fe6e1e231a3.jpg?v=1759823848|https://cdn.shopify.com/s/files/1/0912/9351/6071/files/img_2de0ff0e_20240704_i1720046568_5808_0_jpg_bdae1eef-fbc1-4f81-a199-4a8592165a67.jpg?v=1759823848,Hi I want FENDI SIGNATURE WEDGE PLATFORM 6 CM IN BLACK FIBRE WITH BROWN EMBROIDERED LOGO,
FENDI BAGUETTE DAD SANDALS IN PUNCH PINK CALFSKIN,https://cdn.shopify.com/s/files/1/0912/9351/6071/files/20230430_i1682845752_476_1_jpg_aded283c-f280-47f7-aeef-ce769080aa8f.jpg?v=1759823865,footwear,fendi,https://cdn.shopify.com/s/files/1/0912/9351/6071/files/20230430_i1682845752_476_1_jpg_aded283c-f280-47f7-aeef-ce769080aa8f.jpg?v=1759823865|https://cdn.shopify.com/s/files/1/0912/9351/6071/files/20230430_i1682845752_1894_3_jpg_54bfa2b1-e29c-480b-9ac4-4657450232f2.jpg?v=1759823865|https://cdn.shopify.com/s/files/1/0912/9351/6071/files/20230430_i1682845752_9467_7_jpg_61f2022f-97b1-4013-91a0-9c0bb62ad6b0.jpg?v=1759823865|https://cdn.shopify.com/s/files/1/0912/9351/6071/files/20230430_i1682845752_2031_4_jpg_57c5af0a-848b-4796-991f-5d8b57a62abe.jpg?v=1759823865|https://cdn.shopify.com/s/files/1/0912/9351/6071/files/20230430_i1682845752_8981_6_jpg_b405592c-e2c9-4853-9661-4bdd820ce243.jpg?v=1759823865|https://cdn.shopify.com/s/files/1/0912/9351/6071/files/20230430_i1682845752_8787_5_jpg_697b840b-790f-45a6-b7db-99fe5a606a46.jpg?v=1759823865|https://cdn.shopify.com/s/files/1/0912/9351/6071/files/20230430_i1682845752_7471_8_jpg_b6364720-9e36-4e27-801d-a01390b7c356.jpg?v=1759823865|https://cdn.shopify.com/s/files/1/0912/9351/6071/files/20230430_i1682845752_2973_0_jpg_3b10c73c-df6b-49fc-acd4-9496dba90d27.jpg?v=1759823865|https://cdn.shopify.com/s/files/1/0912/9351/6071/files/20230430_i1682845752_1751_2_jpg_9956854a-31a0-4233-9dc5-74948959b040.jpg?v=1759823865,Hi I want FENDI BAGUETTE DAD SANDALS IN PUNCH PINK CALFSKIN,
FENDI BAGUETTE DAD SANDALS IN CERULEAN BLUE CALFSKIN,https://cdn.shopify.com/s/files/1/0912/9351/6071/files/20230430_i1682845789_9988_0_jpg_9818515b-fb16-4d1f-aedf-33d594855d15.jpg?v=1759823870,footwear,fendi,https://cdn.shopify.com/s/files/1/0912/9351/6071/files/20230430_i1682845789_9988_0_jpg_9818515b-fb16-4d1f-aedf-33d594855d15.jpg?v=1759823870|https://cdn.shopify.com/s/files/1/0912/9351/6071/files/20230430_i1682845789_5246_4_jpg_1f003640-fdc9-475c-98c5-ba1dc3d0d8fc.jpg?v=1759823870|https://cdn.shopify.com/s/files/1/0912/9351/6071/files/20230430_i1682845789_4701_1_jpg_ce28c071-cec4-4a61-9a4a-ce5270ae269e.jpg?v=1759823870|https://cdn.shopify.com/s/files/1/0912/9351/6071/files/20230430_i1682845789_3032_3_jpg_bfcc9809-8793-445b-965a-60e83dce23b8.jpg?v=1759823871|https://cdn.shopify.com/s/files/1/0912/9351/6071/files/20230430_i1682845789_1889_6_jpg_bdc48ac8-79c1-4822-a301-d01cdae966a4.jpg?v=1759823870|https://cdn.shopify.com/s/files/1/0912/9351/6071/files/20230430_i1682845789_1508_5_jpg_62bef916-8251-4673-b71f-26a2e8870043.jpg?v=1759823870|https://cdn.shopify.com/s/files/1/0912/9351/6071/files/20230430_i1682845789_4105_2_jpg_c0c66a33-c407-4e36-a73a-f046b200a9b3.jpg?v=1759823870|https://cdn.shopify.com/s/files/1/0912/9351/6071/files/20230430_i1682845789_9197_7_jpg_fee26e25-e43c-44ed-b1fb-cf0989749bde.jpg?v=1759823871|https://cdn.shopify.com/s/files/1/0912/9351/6071/files/20230430_i1682845789_8913_8_jpg_01935696-8fb1-4ca3-95bd-b687160e355e.jpg?v=1759823871,Hi I want FENDI BAGUETTE DAD SANDALS IN CERULEAN BLUE CALFSKIN,
FENDI PLATFORM WEDGES IN ASH BROWN MIX WHITE FF MONOGRAM FABRIC,https://cdn.shopify.com/s/files/1/0912/9351/6071/files/img_9301c5e6_20240608_i1717857939_5211_6_jpg_94f1a2c6-c69a-416a-a9d3-3ceece7fe46b.jpg?v=1759823905,footwear,fendi,https://cdn.shopify.com/s/files/1/0912/9351/6071/files/img_9301c5e6_20240608_i1717857939_5211_6_jpg_94f1a2c6-c69a-416a-a9d3-3ceece7fe46b.jpg?v=1759823905|https://cdn.shopify.com/s/files/1/0912/9351/6071/files/img_9301c5e6_20240608_i1717857939_4870_7_jpg_3e591bfb-411b-4259-9671-0d8f37356fa8.jpg?v=1759823905|https://cdn.shopify.com/s/files/1/0912/9351/6071/files/img_9301c5e6_20240608_i1717857939_6635_4_jpg_a70083c1-e82e-48bf-b8b3-6085692e6b40.jpg?v=1759823905|https://cdn.shopify.com/s/files/1/0912/9351/6071/files/img_9301c5e6_20240608_i1717857939_6762_0_jpg_25f6eeda-052e-4e2d-afe8-08eb31574316.jpg?v=1759823905|https://cdn.shopify.com/s/files/1/0912/9351/6071/files/img_9301c5e6_20240608_i1717857939_6515_3_jpg_377554a2-3cd6-4a49-8729-b58d66b997c4.jpg?v=1759823905|https://cdn.shopify.com/s/files/1/0912/9351/6071/files/img_9301c5e6_20240608_i1717857939_5960_5_jpg_ab03c814-124d-4805-b6d6-de12d76194b5.jpg?v=1759823905|https://cdn.shopify.com/s/files/1/0912/9351/6071/files/img_9301c5e6_20240608_i1717857939_1167_8_jpg_effa0784-802f-4fe0-a488-0c839e29c94e.jpg?v=1759823905|https://cdn.shopify.com/s/files/1/0912/9351/6071/files/img_9301c5e6_20240608_i1717857939_2380_1_jpg_8bf575f8-1a0f-4047-8c9e-4d76671c8dd3.jpg?v=1759823905|https://cdn.shopify.com/s/files/1/0912/9351/6071/files/img_9301c5e6_20240608_i1717857939_7389_2_jpg_ac0cbcda-8943-478f-a48b-56ee334b7aab.jpg?v=1759823905,Hi I want FENDI PLATFORM WEDGES IN ASH BROWN MIX WHITE FF MONOGRAM FABRIC,
FENDI PLATFORM WEDGES IN CHOCOLATE BROWN FF MONOGRAM FABRIC,https://cdn.shopify.com/s/files/1/0912/9351/6071/files/img_9301c5e6_20240608_i1717857981_3031_0_jpg_a1a201e9-606e-4192-9b34-9c50eeb795d3.jpg?v=1759823909,footwear,fendi,https://cdn.shopify.com/s/files/1/0912/9351/6071/files/img_9301c5e6_20240608_i1717857981_3031_0_jpg_a1a201e9-606e-4192-9b34-9c50eeb795d3.jpg?v=1759823909|https://cdn.shopify.com/s/files/1/0912/9351/6071/files/img_9301c5e6_20240608_i1717857981_3592_1_jpg_eb8aa591-fcf1-4f80-9d2a-0b0a29594257.jpg?v=1759823909|https://cdn.shopify.com/s/files/1/0912/9351/6071/files/img_9301c5e6_20240608_i1717857981_3358_2_jpg_f1ce2836-5076-4c38-8622-e1311c8e630f.jpg?v=1759823909|https://cdn.shopify.com/s/files/1/0912/9351/6071/files/img_9301c5e6_20240608_i1717857981_5460_5_jpg_e128f5ba-bc01-4ebc-83ef-31ec8f215bfa.jpg?v=1759823909|https://cdn.shopify.com/s/files/1/0912/9351/6071/files/img_9301c5e6_20240608_i1717857981_4225_7_jpg_e620a6b4-957b-44ea-901c-cb8e057b9c4f.jpg?v=1759823909|https://cdn.shopify.com/s/files/1/0912/9351/6071/files/img_9301c5e6_20240608_i1717857981_3184_8_jpg_f684c871-4857-41c7-87c1-3a1b2e314f13.jpg?v=1759823909|https://cdn.shopify.com/s/files/1/0912/9351/6071/files/img_9301c5e6_20240608_i1717857981_4454_6_jpg_70f96763-7fc1-4cdd-b756-25c86f923bf0.jpg?v=1759823909|https://cdn.shopify.com/s/files/1/0912/9351/6071/files/img_9301c5e6_20240608_i1717857981_8177_3_jpg_bfffaf85-2709-469b-9424-85b6dc684d3f.jpg?v=1759823909|https://cdn.shopify.com/s/files/1/0912/9351/6071/files/img_9301c5e6_20240608_i1717857981_9269_4_jpg_87662b49-3711-400a-a91e-cc465b4fc206.jpg?v=1759823909,Hi I want FENDI PLATFORM WEDGES IN CHOCOLATE BROWN FF MONOGRAM FABRIC,
FENDI FIRST 80 MM BOOTS IN BLACK CALFSKIN WITH GOLD HARDWARE,https://cdn.shopify.com/s/files/1/0912/9351/6071/files/img_5a273499_20240820_i1724153464_1901_8_jpg_5d4633b7-520a-4e42-ba55-d48d3930ebb7.jpg?v=1759824080,footwear,fendi,https://cdn.shopify.com/s/files/1/0912/9351/6071/files/img_5a273499_20240820_i1724153464_1901_8_jpg_5d4633b7-520a-4e42-ba55-d48d3930ebb7.jpg?v=1759824080|https://cdn.shopify.com/s/files/1/0912/9351/6071/files/img_5a273499_20240820_i1724153464_2777_0_jpg_e5af8d68-2ce0-45ef-b4e4-5225cee3e5a7.jpg?v=1759824080|https://cdn.shopify.com/s/files/1/0912/9351/6071/files/img_5a273499_20240820_i1724153464_3153_7_jpg_9ede1ba4-99c5-42ba-b661-fe7902afbf82.jpg?v=1759824080|https://cdn.shopify.com/s/files/1/0912/9351/6071/files/img_5a273499_20240820_i1724153464_360_4_jpg_e04dad84-a4dd-44ef-bd53-7004daf11ed5.jpg?v=1759824080|https://cdn.shopify.com/s/files/1/0912/9351/6071/files/img_5a273499_20240820_i1724153464_134_6_jpg_ad7acfcf-7a62-4c92-a610-3adbe83912a5.jpg?v=1759824081|https://cdn.shopify.com/s/files/1/0912/9351/6071/files/img_5a273499_20240820_i1724153464_8606_5_jpg_75583084-ac4c-44df-867c-672151595683.jpg?v=1759824080|https://cdn.shopify.com/s/files/1/0912/9351/6071/files/img_5a273499_20240820_i1724153464_9710_3_jpg_a6174e27-5370-40d3-bcca-2e6f729baa0a.jpg?v=1759824080|https://cdn.shopify.com/s/files/1/0912/9351/6071/files/img_5a273499_20240820_i1724153468_254_0_jpg_28764de4-180f-46c2-937e-5aa40c96e154.jpg?v=1759824080|https://cdn.shopify.com/s/files/1/0912/9351/6071/files/img_5a273499_20240820_i1724153464_8473_1_jpg_7c58892d-ea30-458a-a639-a99d871faa46.jpg?v=1759824080,Hi I want FENDI FIRST 80 MM BOOTS IN BLACK CALFSKIN WITH GOLD HARDWARE,
FENDI CASUAL SNEAKER IN TAN BEIGE CALFSKIN AND HEATHER PURPLE SUEDE,https://cdn.shopify.com/s/files/1/0912/9351/6071/files/20211216_i1639586546_6122_3_jpg_1a0129fb-2226-45c9-a5e2-fe6ccd707d1d.jpg?v=1759824113,footwear,fendi,https://cdn.shopify.com/s/files/1/0912/9351/6071/files/20211216_i1639586546_6122_3_jpg_1a0129fb-2226-45c9-a5e2-fe6ccd707d1d.jpg?v=1759824113|https://cdn.shopify.com/s/files/1/0912/9351/6071/files/20211216_i1639586546_3147_1_jpg_00f30990-8cd7-446b-8154-653707ac7b3f.jpg?v=1759824114|https://cdn.shopify.com/s/files/1/0912/9351/6071/files/20211216_i1639586546_4550_0_jpg_4e434630-a356-48ed-9194-8b91ef72bc27.jpg?v=1759824114|https://cdn.shopify.com/s/files/1/0912/9351/6071/files/20211216_i1639586546_5495_2_jpg_1a9c14be-6469-48cd-93cf-d4c6b512396a.jpg?v=1759824113|https://cdn.shopify.com/s/files/1/0912/9351/6071/files/20211216_i1639586546_5911_4_jpg_1fe47d37-ec5c-4ce0-a79d-29cbfa86cd25.jpg?v=1759824114|https://cdn.shopify.com/s/files/1/0912/9351/6071/files/20211216_i1639586546_478_6_jpg_e752b83b-dddd-4fcf-a61e-97d658bf1d01.jpg?v=1759824114|https://cdn.shopify.com/s/files/1/0912/9351/6071/files/20211216_i1639586546_9829_5_jpg_42b126cb-ff2d-4cd3-af6a-e89af7676b2f.jpg?v=1759824114|https://cdn.shopify.com/s/files/1/0912/9351/6071/files/20211216_i1639586546_840_8_jpg_09c31134-da81-4cee-821f-11a20dd66c25.jpg?v=1759824114|https://cdn.shopify.com/s/files/1/0912/9351/6071/files/20211216_i1639586546_8731_7_jpg_f4a84492-5a69-454c-a709-25d92361c38c.jpg?v=1759824114,Hi I want FENDI CASUAL SNEAKER IN TAN BEIGE CALFSKIN AND HEATHER PURPLE SUEDE,
Fendi 2025 FF Logo Double Strap Sandal Brown Black Leather Canvas,https://cdn.shopify.com/s/files/1/0912/9351/6071/files/Image_20251222145000_178_23.jpg?v=1766390156,footwear,fendi,https://cdn.shopify.com/s/files/1/0912/9351/6071/files/Image_20251222145000_178_23.jpg?v=1766390156|https://cdn.shopify.com/s/files/1/0912/9351/6071/files/Image_20251222144951_172_23.jpg?v=1766390156|https://cdn.shopify.com/s/files/1/0912/9351/6071/files/Image_20251222144953_173_23.jpg?v=1766390156|https://cdn.shopify.com/s/files/1/0912/9351/6071/files/Image_20251222144955_174_23.jpg?v=1766390156|https://cdn.shopify.com/s/files/1/0912/9351/6071/files/Image_20251222144956_175_23.jpg?v=1766390156|https://cdn.shopify.com/s/files/1/0912/9351/6071/files/Image_20251222144957_176_23.jpg?v=1766390156|https://cdn.shopify.com/s/files/1/0912/9351/6071/files/Image_20251222144959_177_23.jpg?v=1766390156|https://cdn.shopify.com/s/files/1/0912/9351/6071/files/Image_20251222145001_179_23.jpg?v=1766389947,Hi I want Fendi 2025 FF Logo Double Strap Sandal Brown Black Leather Canvas,New
Fendi 2025 Filo Black Sheepskin and Brown FF Fabric Boot 553107,https://cdn.shopify.com/s/files/1/0912/9351/6071/files/imgHD_9301c5e6_20251102_i1762095175298_7802_0_3_jpg_a2e8995e-c042-498a-804d-8562ed5d7774.jpg?v=1764737608,footwear,fendi,https://cdn.shopify.com/s/files/1/0912/9351/6071/files/imgHD_9301c5e6_20251102_i1762095175298_7802_0_3_jpg_a2e8995e-c042-498a-804d-8562ed5d7774.jpg?v=1764737608|https://cdn.shopify.com/s/files/1/0912/9351/6071/files/imgHD_9301c5e6_20251102_i1762095189114_7538_0_5_jpg_d9f97eab-7684-4a27-bbb5-f02f1705149f.jpg?v=1764737608|https://cdn.shopify.com/s/files/1/0912/9351/6071/files/imgHD_9301c5e6_20251102_i1762095175533_7275_0_4_jpg_fdc291a4-b995-40e0-8cda-a94f9d0ccf3c.jpg?v=1764737608|https://cdn.shopify.com/s/files/1/0912/9351/6071/files/imgHD_9301c5e6_20251102_i1762095175250_7006_0_0_jpg_7fc2eee8-ab45-4934-a695-c0764145bdea.jpg?v=1764737608|https://cdn.shopify.com/s/files/1/0912/9351/6071/files/imgHD_9301c5e6_20251102_i1762095175251_2443_0_2_jpg_086b7b97-dca0-48c4-8bd7-ef970a30e06e.jpg?v=1764737608|https://cdn.shopify.com/s/files/1/0912/9351/6071/files/imgHD_9301c5e6_20251102_i1762095175259_5430_0_1_jpg_6c09cbeb-89a2-4bb5-8cd4-c3c277bde9f2.jpg?v=1764737608,Hi I want Fendi 2025 Filo Black Sheepskin and Brown FF Fabric Boot 553107,New
FENDI low boots  beige calfskin 521238,https://cdn.shopify.com/s/files/1/0912/9351/6071/files/img_91e4ad8d_20250903_a1756881529940_4126.jpg_1.jpg?v=1761356791,footwear,fendi,https://cdn.shopify.com/s/files/1/0912/9351/6071/files/img_91e4ad8d_20250903_a1756881529940_4126.jpg_1.jpg?v=1761356791|https://cdn.shopify.com/s/files/1/0912/9351/6071/files/img_91e4ad8d_20250903_a1756881529940_3436.jpg_1.jpg?v=1761356791|https://cdn.shopify.com/s/files/1/0912/9351/6071/files/img_91e4ad8d_20250903_a1756881529942_7016.jpg_1.jpg?v=1761356791|https://cdn.shopify.com/s/files/1/0912/9351/6071/files/img_91e4ad8d_20250903_a1756881529944_3223.jpg_1.jpg?v=1761356790|https://cdn.shopify.com/s/files/1/0912/9351/6071/files/img_91e4ad8d_20250903_a1756881529947_8156.jpg_1.jpg?v=1761356790|https://cdn.shopify.com/s/files/1/0912/9351/6071/files/img_91e4ad8d_20250903_a1756881530880_8462.jpg_1.jpg?v=1761356791|https://cdn.shopify.com/s/files/1/0912/9351/6071/files/img_91e4ad8d_20250903_a1756881530881_2645.jpg_1.jpg?v=1761356791|https://cdn.shopify.com/s/files/1/0912/9351/6071/files/img_91e4ad8d_20250903_a1756881530882_0580.jpg_1.jpg?v=1761356791|https://cdn.shopify.com/s/files/1/0912/9351/6071/files/img_91e4ad8d_20250903_a1756881530882_1627.jpg_1.jpg?v=1761356791|https://cdn.shopify.com/s/files/1/0912/9351/6071/files/img_91e4ad8d_20250903_a1756881530882_8880.jpg_1.jpg?v=1761356791,Hi I want FENDI low boots  beige calfskin 521238,New
FENDI High boots  black calfskin 521231,https://cdn.shopify.com/s/files/1/0912/9351/6071/files/img_91e4ad8d_20250903_a1756881593717_3663.jpg_1.jpg?v=1761356780,footwear,fendi,https://cdn.shopify.com/s/files/1/0912/9351/6071/files/img_91e4ad8d_20250903_a1756881593717_3663.jpg_1.jpg?v=1761356780|https://cdn.shopify.com/s/files/1/0912/9351/6071/files/img_91e4ad8d_20250903_a1756881593707_2011.jpg_1.jpg?v=1761356780|https://cdn.shopify.com/s/files/1/0912/9351/6071/files/img_91e4ad8d_20250903_a1756881593716_0467.jpg_1.jpg?v=1761356780|https://cdn.shopify.com/s/files/1/0912/9351/6071/files/img_91e4ad8d_20250903_a1756881593720_4662.jpg_1.jpg?v=1761356780|https://cdn.shopify.com/s/files/1/0912/9351/6071/files/img_91e4ad8d_20250903_a1756881593724_0607.jpg_1.jpg?v=1761356780|https://cdn.shopify.com/s/files/1/0912/9351/6071/files/img_91e4ad8d_20250903_a1756881594595_4374.jpg_1.jpg?v=1761356780|https://cdn.shopify.com/s/files/1/0912/9351/6071/files/img_91e4ad8d_20250903_a1756881594596_1753.jpg_1.jpg?v=1761356780|https://cdn.shopify.com/s/files/1/0912/9351/6071/files/img_91e4ad8d_20250903_a1756881594596_3222.jpg_1.jpg?v=1761356780|https://cdn.shopify.com/s/files/1/0912/9351/6071/files/img_91e4ad8d_20250903_a1756881594598_0567.jpg_1.jpg?v=1761356780,Hi I want FENDI High boots  black calfskin 521231,New
FENDI First Wedge Boots Light Beige Sheepskin 521224,https://cdn.shopify.com/s/files/1/0912/9351/6071/files/img_91e4ad8d_20230921_i1695287656_4027_3_jpg.jpg?v=1761356774,footwear,fendi,https://cdn.shopify.com/s/files/1/0912/9351/6071/files/img_91e4ad8d_20230921_i1695287656_4027_3_jpg.jpg?v=1761356774|https://cdn.shopify.com/s/files/1/0912/9351/6071/files/img_91e4ad8d_20230921_i1695287656_2013_8_jpg.jpg?v=1761356774|https://cdn.shopify.com/s/files/1/0912/9351/6071/files/img_91e4ad8d_20230921_i1695287656_2110_7_jpg.jpg?v=1761356774|https://cdn.shopify.com/s/files/1/0912/9351/6071/files/img_91e4ad8d_20230921_i1695287656_5347_5_jpg.jpg?v=1761356774|https://cdn.shopify.com/s/files/1/0912/9351/6071/files/img_91e4ad8d_20230921_i1695287656_6091_4_jpg.jpg?v=1761356774|https://cdn.shopify.com/s/files/1/0912/9351/6071/files/img_91e4ad8d_20230921_i1695287656_1910_2_jpg.jpg?v=1761356774|https://cdn.shopify.com/s/files/1/0912/9351/6071/files/img_91e4ad8d_20230921_i1695287656_3246_0_jpg.jpg?v=1761356774|https://cdn.shopify.com/s/files/1/0912/9351/6071/files/img_91e4ad8d_20230921_i1695287656_5222_6_jpg.jpg?v=1761356774|https://cdn.shopify.com/s/files/1/0912/9351/6071/files/img_91e4ad8d_20230921_i1695287656_5341_1_jpg.jpg?v=1761356774,Hi I want FENDI First Wedge Boots Light Beige Sheepskin 521224,New
FENDI knee boots high heel monogram beige cowhide 521220,https://cdn.shopify.com/s/files/1/0912/9351/6071/files/img_91e4ad8d_20230921_i1695287569_7630_1_jpg.jpg?v=1761356770,footwear,fendi,https://cdn.shopify.com/s/files/1/0912/9351/6071/files/img_91e4ad8d_20230921_i1695287569_7630_1_jpg.jpg?v=1761356770|https://cdn.shopify.com/s/files/1/0912/9351/6071/files/img_91e4ad8d_20230921_i1695287569_9196_8_jpg.jpg?v=1761356770|https://cdn.shopify.com/s/files/1/0912/9351/6071/files/img_91e4ad8d_20230921_i1695287569_2284_0_jpg.jpg?v=1761356770|https://cdn.shopify.com/s/files/1/0912/9351/6071/files/img_91e4ad8d_20230921_i1695287569_2318_5_jpg.jpg?v=1761356770|https://cdn.shopify.com/s/files/1/0912/9351/6071/files/img_91e4ad8d_20230921_i1695287569_4693_6_jpg.jpg?v=1761356770|https://cdn.shopify.com/s/files/1/0912/9351/6071/files/img_91e4ad8d_20230921_i1695287569_6112_4_jpg.jpg?v=1761356770|https://cdn.shopify.com/s/files/1/0912/9351/6071/files/img_91e4ad8d_20230921_i1695287569_7106_3_jpg.jpg?v=1761356770|https://cdn.shopify.com/s/files/1/0912/9351/6071/files/img_91e4ad8d_20230921_i1695287569_9496_7_jpg.jpg?v=1761356770|https://cdn.shopify.com/s/files/1/0912/9351/6071/files/img_91e4ad8d_20230921_i1695287569_9732_2_jpg.jpg?v=1761356770,Hi I want FENDI knee boots high heel monogram beige cowhide 521220,New
Fendi 25 short boots black suede 500935,https://cdn.shopify.com/s/files/1/0912/9351/6071/files/imgHD_2de0ff0e_20251007_a1759823019314_3082_jpg.jpg?v=1760581653,footwear,fendi,https://cdn.shopify.com/s/files/1/0912/9351/6071/files/imgHD_2de0ff0e_20251007_a1759823019314_3082_jpg.jpg?v=1760581653|https://cdn.shopify.com/s/files/1/0912/9351/6071/files/imgHD_2de0ff0e_20251007_a1759823019315_3811_jpg.jpg?v=1760581654|https://cdn.shopify.com/s/files/1/0912/9351/6071/files/imgHD_2de0ff0e_20251007_a1759823023347_2213_jpg.jpg?v=1760581654|https://cdn.shopify.com/s/files/1/0912/9351/6071/files/imgHD_2de0ff0e_20251007_a1759823023348_0455_jpg.jpg?v=1760581654|https://cdn.shopify.com/s/files/1/0912/9351/6071/files/imgHD_2de0ff0e_20251007_a1759823023349_0278_jpg.jpg?v=1760581654|https://cdn.shopify.com/s/files/1/0912/9351/6071/files/imgHD_2de0ff0e_20251007_a1759823023351_7856_jpg.jpg?v=1760581654|https://cdn.shopify.com/s/files/1/0912/9351/6071/files/imgHD_2de0ff0e_20251007_a1759823023353_5227_jpg.jpg?v=1760581654|https://cdn.shopify.com/s/files/1/0912/9351/6071/files/imgHD_2de0ff0e_20251007_a1759823019312_1232_jpg.jpg?v=1760581653|https://cdn.shopify.com/s/files/1/0912/9351/6071/files/imgHD_2de0ff0e_20251007_a1759823019319_3874_jpg.jpg?v=1760581654,Hi I want Fendi 25 short boots black suede 500935,New
FF Sunshine 65 Blue Dark Grey Canvas Flatform Slide,https://cdn.shopify.com/s/files/1/0912/9351/6071/files/img_9301c5e6_20240608_i1717857960_7678_0_jpg_d4d1648e-cce5-4533-b261-0a1d15c786e3.jpg?v=1759823061,footwear,fendi,https://cdn.shopify.com/s/files/1/0912/9351/6071/files/img_9301c5e6_20240608_i1717857960_7678_0_jpg_d4d1648e-cce5-4533-b261-0a1d15c786e3.jpg?v=1759823061|https://cdn.shopify.com/s/files/1/0912/9351/6071/files/img_9301c5e6_20240608_i1717857960_4709_5_jpg_44445782-7403-4c59-a22c-7c494ad30bb4.jpg?v=1759823062|https://cdn.shopify.com/s/files/1/0912/9351/6071/files/img_9301c5e6_20240608_i1717857960_4915_2_jpg_d211f9c9-92b0-486f-8151-eab72f84c42a.jpg?v=1759823061|https://cdn.shopify.com/s/files/1/0912/9351/6071/files/img_9301c5e6_20240608_i1717857960_5110_3_jpg_b260ad21-0c39-4c34-8fac-9a0b3394c40d.jpg?v=1759823061|https://cdn.shopify.com/s/files/1/0912/9351/6071/files/img_9301c5e6_20240608_i1717857960_5971_6_jpg_0a9510e5-d476-4368-9cc1-3aa6f2606955.jpg?v=1759823062|https://cdn.shopify.com/s/files/1/0912/9351/6071/files/img_9301c5e6_20240608_i1717857960_7305_7_jpg_c5f3624a-abc8-41e7-9391-3f562212ee08.jpg?v=1759823062|https://cdn.shopify.com/s/files/1/0912/9351/6071/files/img_9301c5e6_20240608_i1717857960_6505_1_jpg_dc6cffe2-34b6-444a-af15-bbd10ed1ac67.jpg?v=1759823061|https://cdn.shopify.com/s/files/1/0912/9351/6071/files/img_9301c5e6_20240608_i1717857960_2678_4_jpg_59a494b3-3ca2-414e-aad1-f2296ab88f4d.jpg?v=1759823061|https://cdn.shopify.com/s/files/1/0912/9351/6071/files/img_9301c5e6_20240608_i1717857960_8961_8_jpg_5b5d75a9-04e3-4761-a1f7-6ba3fcde85b2.jpg?v=1759823061,Hi I want FF Sunshine 65 Blue Dark Grey Canvas Flatform Slide,
FF Signature 10 Yellow Brown Cotton Fibre Slide,https://cdn.shopify.com/s/files/1/0912/9351/6071/files/img_f4ddc389_20240514_a1715681381971_0485_jpg_a2c5aba5-01a1-4de3-9de5-b3e6e2bd8036.jpg?v=1759823101,footwear,fendi,https://cdn.shopify.com/s/files/1/0912/9351/6071/files/img_f4ddc389_20240514_a1715681381971_0485_jpg_a2c5aba5-01a1-4de3-9de5-b3e6e2bd8036.jpg?v=1759823101|https://cdn.shopify.com/s/files/1/0912/9351/6071/files/img_f4ddc389_20240514_a1715681381926_5414_jpg_68ba90a0-2a97-44f8-9b7f-f96346dcf2e6.jpg?v=1759823101|https://cdn.shopify.com/s/files/1/0912/9351/6071/files/img_f4ddc389_20240514_a1715681381400_2653_jpg_bc731009-6640-43b2-8096-c47fd5a104b7.jpg?v=1759823102|https://cdn.shopify.com/s/files/1/0912/9351/6071/files/img_f4ddc389_20240514_a1715681381409_7133_jpg_a323ea91-be6d-4f9b-81e1-8d41b41711bf.jpg?v=1759823101|https://cdn.shopify.com/s/files/1/0912/9351/6071/files/img_f4ddc389_20240514_a1715681381612_0834_jpg_7005babd-7c83-4934-a6fc-0dcc487e3124.jpg?v=1759823101|https://cdn.shopify.com/s/files/1/0912/9351/6071/files/img_f4ddc389_20240514_a1715681382021_7358_jpg_a40cacec-0cd9-49a4-b6ba-5508db8a58dc.jpg?v=1759823101,Hi I want FF Signature 10 Yellow Brown Cotton Fibre Slide,
FF Baguette Yellow Leather Slide,https://cdn.shopify.com/s/files/1/0912/9351/6071/files/img_03fc6810_20240608_i1717844026_9911_4_jpg_e18e8af9-e44d-490c-b610-2cb64538db26.jpg?v=1759823179,footwear,fendi,https://cdn.shopify.com/s/files/1/0912/9351/6071/files/img_03fc6810_20240608_i1717844026_9911_4_jpg_e18e8af9-e44d-490c-b610-2cb64538db26.jpg?v=1759823179|https://cdn.shopify.com/s/files/1/0912/9351/6071/files/img_03fc6810_20240608_i1717844026_883_8_jpg_1f594b71-4024-4c84-949e-16ab247601e9.jpg?v=1759823179|https://cdn.shopify.com/s/files/1/0912/9351/6071/files/img_03fc6810_20240608_i1717844026_9525_0_jpg_217125c6-501d-4098-9756-a63be360f28d.jpg?v=1759823179|https://cdn.shopify.com/s/files/1/0912/9351/6071/files/img_03fc6810_20240608_i1717844026_2813_6_jpg_cba30148-ad3d-42fa-b020-57e93d5972f8.jpg?v=1759823179|https://cdn.shopify.com/s/files/1/0912/9351/6071/files/img_03fc6810_20240608_i1717844026_3352_3_jpg_2746d862-6337-48d9-af97-66f2e84b0f03.jpg?v=1759823179|https://cdn.shopify.com/s/files/1/0912/9351/6071/files/img_03fc6810_20240608_i1717844026_5813_2_jpg_b080309e-3e7c-4ee6-b25e-1dbcddca4b3e.jpg?v=1759823179|https://cdn.shopify.com/s/files/1/0912/9351/6071/files/img_03fc6810_20240608_i1717844026_6095_5_jpg_eaf7e3d5-475b-4312-9b45-31c741c9ad64.jpg?v=1759823179|https://cdn.shopify.com/s/files/1/0912/9351/6071/files/img_03fc6810_20240608_i1717844026_7981_1_jpg_9ac67417-a3e5-4454-bee9-c3eaa596c194.jpg?v=1759823179|https://cdn.shopify.com/s/files/1/0912/9351/6071/files/img_03fc6810_20240608_i1717844026_6210_7_jpg_a1fa5b28-839d-4346-8110-1a80cd174b4a.jpg?v=1759823179,Hi I want FF Baguette Yellow Leather Slide,
FF Baguette Ivory Leather Slide,https://cdn.shopify.com/s/files/1/0912/9351/6071/files/img_03fc6810_20240608_i1717843868_1209_7_jpg_c925e4d3-99b4-4b04-a8a4-26073501cebf.jpg?v=1759823189,footwear,fendi,https://cdn.shopify.com/s/files/1/0912/9351/6071/files/img_03fc6810_20240608_i1717843868_1209_7_jpg_c925e4d3-99b4-4b04-a8a4-26073501cebf.jpg?v=1759823189|https://cdn.shopify.com/s/files/1/0912/9351/6071/files/img_03fc6810_20240608_i1717843868_680_6_jpg_e042bb58-60c2-4e35-83bd-a5d6f8225386.jpg?v=1759823190|https://cdn.shopify.com/s/files/1/0912/9351/6071/files/img_03fc6810_20240608_i1717843868_1665_8_jpg_f054e547-2201-40b0-941f-13c146613267.jpg?v=1759823190|https://cdn.shopify.com/s/files/1/0912/9351/6071/files/img_03fc6810_20240608_i1717843868_2406_2_jpg_8c9374fb-cd66-4de5-9edf-59ddbd633ead.jpg?v=1759823190|https://cdn.shopify.com/s/files/1/0912/9351/6071/files/img_03fc6810_20240608_i1717843868_3800_0_jpg_67e65d14-2ae9-4034-b65a-655a79e1260d.jpg?v=1759823190|https://cdn.shopify.com/s/files/1/0912/9351/6071/files/img_03fc6810_20240608_i1717843868_5279_1_jpg_bde60f03-cb21-4dd9-adfb-de0752e6f3ec.jpg?v=1759823190|https://cdn.shopify.com/s/files/1/0912/9351/6071/files/img_03fc6810_20240608_i1717843868_5481_5_jpg_d4f07570-824f-4233-a98a-30f349d3b91f.jpg?v=1759823190|https://cdn.shopify.com/s/files/1/0912/9351/6071/files/img_03fc6810_20240608_i1717843868_8139_4_jpg_41ac5572-d847-414e-8488-9f4c0b8da2f3.jpg?v=1759823190|https://cdn.shopify.com/s/files/1/0912/9351/6071/files/img_03fc6810_20240608_i1717843868_6523_3_jpg_8bce0b95-f2b0-48ce-bba5-1b626dee19cb.jpg?v=1759823190,Hi I want FF Baguette Ivory Leather Slide,
FENDI DELFINA HIGH-HEELED 85 MM SANDAL IN BLACK MONOGRAM FF CANVAS,https://cdn.shopify.com/s/files/1/0912/9351/6071/files/20230903_i1693724923_5311_0_jpg_6f38aaae-bb69-49b1-a0c6-8612d6fbfa04.jpg?v=1759823574,footwear,fendi,https://cdn.shopify.com/s/files/1/0912/9351/6071/files/20230903_i1693724923_5311_0_jpg_6f38aaae-bb69-49b1-a0c6-8612d6fbfa04.jpg?v=1759823574|https://cdn.shopify.com/s/files/1/0912/9351/6071/files/20230903_i1693724923_2003_1_jpg_1ad0c4f5-acad-4cd9-b4db-e27eafc7c13f.jpg?v=1759823574|https://cdn.shopify.com/s/files/1/0912/9351/6071/files/20230903_i1693724923_1686_4_jpg_5074eccc-cd55-4c9f-9a06-64f095a3e2e5.jpg?v=1759823574|https://cdn.shopify.com/s/files/1/0912/9351/6071/files/20230903_i1693724923_8974_3_jpg_3982ba8c-59b9-4ab7-88d6-9bde45f19b1e.jpg?v=1759823574|https://cdn.shopify.com/s/files/1/0912/9351/6071/files/20230903_i1693724923_5768_2_jpg_cfd8fb9a-74d1-4609-b0c2-44179d5bf72f.jpg?v=1759823574|https://cdn.shopify.com/s/files/1/0912/9351/6071/files/20230903_i1693724923_3905_8_jpg_b9835e5c-771d-477c-a846-e37a484f599f.jpg?v=1759823574|https://cdn.shopify.com/s/files/1/0912/9351/6071/files/20230903_i1693724923_6557_7_jpg_bc88d0fa-1e02-485c-b30a-10cc33aa2ec4.jpg?v=1759823574|https://cdn.shopify.com/s/files/1/0912/9351/6071/files/20230903_i1693724923_1174_5_jpg_6e0345b5-3adb-4c1d-a776-7b466c13a51c.jpg?v=1759823574|https://cdn.shopify.com/s/files/1/0912/9351/6071/files/20230903_i1693724923_4676_6_jpg_35dbce5a-5497-48a3-84f7-70720ded64c3.jpg?v=1759823574,Hi I want FENDI DELFINA HIGH-HEELED 85 MM SANDAL IN BLACK MONOGRAM FF CANVAS,
FENDI FILO BALLET IN SAPHIRE BLUE LAMBSKIN WITH GOLD HARDWARE,https://cdn.shopify.com/s/files/1/0912/9351/6071/files/img_f4ddc389_20240406_a1712390725108_3505_jpg_8cc27550-451a-4cf0-a367-4712553ad40b.jpg?v=1759823587,footwear,fendi,https://cdn.shopify.com/s/files/1/0912/9351/6071/files/img_f4ddc389_20240406_a1712390725108_3505_jpg_8cc27550-451a-4cf0-a367-4712553ad40b.jpg?v=1759823587|https://cdn.shopify.com/s/files/1/0912/9351/6071/files/img_f4ddc389_20240406_a1712390725541_7686_jpg_bddefcae-f292-4116-8ab3-cae1466f7379.jpg?v=1759823587|https://cdn.shopify.com/s/files/1/0912/9351/6071/files/img_f4ddc389_20240406_a1712390725559_5621_jpg_5b431b72-4c1d-46e8-a453-487b6ea80089.jpg?v=1759823587|https://cdn.shopify.com/s/files/1/0912/9351/6071/files/img_f4ddc389_20240406_a1712390725650_3211_jpg_6fafa37e-f91b-42ef-8992-70c73cf1e7fc.jpg?v=1759823587|https://cdn.shopify.com/s/files/1/0912/9351/6071/files/img_f4ddc389_20240406_a1712390725851_7464_jpg_e091acd0-75d1-42a9-9b77-e2ddc3496e09.jpg?v=1759823587|https://cdn.shopify.com/s/files/1/0912/9351/6071/files/img_f4ddc389_20240406_a1712390725955_2154_jpg_3a8eae61-736e-41c3-b0ff-319e1dfc5128.jpg?v=1759823587,Hi I want FENDI FILO BALLET IN SAPHIRE BLUE LAMBSKIN WITH GOLD HARDWARE,
FENDI FILO BALLET IN WHITE LAMBSKIN WITH GOLD HARDWARE,https://cdn.shopify.com/s/files/1/0912/9351/6071/files/img_f4ddc389_20240406_a1712390469813_7081_jpg_525b8a4a-6f9f-4532-9fa4-b745eabc21dd.jpg?v=1759823589,footwear,fendi,https://cdn.shopify.com/s/files/1/0912/9351/6071/files/img_f4ddc389_20240406_a1712390469813_7081_jpg_525b8a4a-6f9f-4532-9fa4-b745eabc21dd.jpg?v=1759823589|https://cdn.shopify.com/s/files/1/0912/9351/6071/files/img_f4ddc389_20240406_a1712390469790_5241_jpg_03186fd3-0830-47eb-9977-b865c013eedf.jpg?v=1759823589|https://cdn.shopify.com/s/files/1/0912/9351/6071/files/img_f4ddc389_20240406_a1712390470120_0231_jpg_0283eba4-3f83-40c6-96ee-e2593cd3b860.jpg?v=1759823589|https://cdn.shopify.com/s/files/1/0912/9351/6071/files/img_f4ddc389_20240406_a1712390470256_3347_jpg_9dc29ea8-9d77-4a5f-b8b0-b3496dfd3811.jpg?v=1759823589|https://cdn.shopify.com/s/files/1/0912/9351/6071/files/img_f4ddc389_20240406_a1712390470400_3636_jpg_795a6989-ced7-4678-9b74-e5250ed919b3.jpg?v=1759823589|https://cdn.shopify.com/s/files/1/0912/9351/6071/files/img_f4ddc389_20240406_a1712390470443_7483_jpg_706ab030-e5d6-40a1-8048-3e1678905e55.jpg?v=1759823589,Hi I want FENDI FILO BALLET IN WHITE LAMBSKIN WITH GOLD HARDWARE,
FENDI BAGUETTE SLIDES IN  COPPER BROWN LAMBSKIN,https://cdn.shopify.com/s/files/1/0912/9351/6071/files/20221119_i1668793964_4327_2_jpg_6ee14f0f-7a92-4452-b685-6951a90195ea.jpg?v=1759823796,footwear,fendi,https://cdn.shopify.com/s/files/1/0912/9351/6071/files/20221119_i1668793964_4327_2_jpg_6ee14f0f-7a92-4452-b685-6951a90195ea.jpg?v=1759823796|https://cdn.shopify.com/s/files/1/0912/9351/6071/files/20221119_i1668793964_3695_3_jpg_09154ae6-40a4-4bc4-9a48-081a3485061f.jpg?v=1759823797|https://cdn.shopify.com/s/files/1/0912/9351/6071/files/20221119_i1668793964_6110_6_jpg_6a2e4663-2b77-4233-968d-b687fb1bac59.jpg?v=1759823797|https://cdn.shopify.com/s/files/1/0912/9351/6071/files/20221119_i1668793964_8245_5_jpg_a6af0874-2072-49ab-a30b-ff9887029553.jpg?v=1759823797|https://cdn.shopify.com/s/files/1/0912/9351/6071/files/20221119_i1668793964_876_7_jpg_57aae89d-d604-4cc9-bd88-5084ad01be96.jpg?v=1759823797|https://cdn.shopify.com/s/files/1/0912/9351/6071/files/20221119_i1668793964_95_1_jpg_f07c9b20-25d6-4bbb-a320-d5c0e02c468e.jpg?v=1759823797|https://cdn.shopify.com/s/files/1/0912/9351/6071/files/20221119_i1668793964_2678_0_jpg_f7895de8-cea5-43ef-bb63-b2c9e7c16fde.jpg?v=1759823797|https://cdn.shopify.com/s/files/1/0912/9351/6071/files/20221119_i1668793964_4042_8_jpg_534dad73-2d69-4398-8b88-ec15b576bb8d.jpg?v=1759823797|https://cdn.shopify.com/s/files/1/0912/9351/6071/files/20221119_i1668793964_661_4_jpg_19b14c87-3dbe-44f5-a6aa-dfeee4cfb006.jpg?v=1759823797,Hi I want FENDI BAGUETTE SLIDES IN  COPPER BROWN LAMBSKIN,
FENDI BAGUETTE SLIDES IN BLACK LAMBSKIN,https://cdn.shopify.com/s/files/1/0912/9351/6071/files/20221119_i1668793925_4937_0_jpg_12e1b9a5-aa55-4436-b260-1a5d666c9ea3.jpg?v=1759823800,footwear,fendi,https://cdn.shopify.com/s/files/1/0912/9351/6071/files/20221119_i1668793925_4937_0_jpg_12e1b9a5-aa55-4436-b260-1a5d666c9ea3.jpg?v=1759823800|https://cdn.shopify.com/s/files/1/0912/9351/6071/files/20221119_i1668793925_6029_2_jpg_261cfafd-0ae7-4a2e-b790-2249fcabd978.jpg?v=1759823800|https://cdn.shopify.com/s/files/1/0912/9351/6071/files/20221119_i1668793925_674_1_jpg_295b3ba5-d331-4fac-b7ae-c13c80bbe133.jpg?v=1759823800|https://cdn.shopify.com/s/files/1/0912/9351/6071/files/20221119_i1668793925_718_3_jpg_dc7deb49-1e6d-46ee-bc33-5a0cf58dd74c.jpg?v=1759823800|https://cdn.shopify.com/s/files/1/0912/9351/6071/files/20221119_i1668793925_3239_6_jpg_1f87647c-89d4-4f0a-a11c-c42ed58234c0.jpg?v=1759823801|https://cdn.shopify.com/s/files/1/0912/9351/6071/files/20221119_i1668793925_355_4_jpg_9aa9a20d-833a-4c2c-ad77-acd8cfd30b39.jpg?v=1759823801|https://cdn.shopify.com/s/files/1/0912/9351/6071/files/20221119_i1668793925_1190_7_jpg_bf8950ba-ffbe-47f9-83f4-d438f0a8c270.jpg?v=1759823801|https://cdn.shopify.com/s/files/1/0912/9351/6071/files/20221119_i1668793925_6041_5_jpg_0133d3a9-9eca-45a2-95fe-aef8142ce9e5.jpg?v=1759823800|https://cdn.shopify.com/s/files/1/0912/9351/6071/files/20221119_i1668793925_6698_8_jpg_f387ec61-4c2a-410c-b898-b81d42b2a868.jpg?v=1759823801,Hi I want FENDI BAGUETTE SLIDES IN BLACK LAMBSKIN,
FENDI BAGUETTE DAD SANDALS IN BLACK EMBOSSED CALFSKIN WITH GOLD HARDWARE,https://cdn.shopify.com/s/files/1/0912/9351/6071/files/20220712_i1657615347_1824_1_jpg_63789817-1475-4abb-9c01-7cc639adcd55.jpg?v=1759823861,footwear,fendi,https://cdn.shopify.com/s/files/1/0912/9351/6071/files/20220712_i1657615347_1824_1_jpg_63789817-1475-4abb-9c01-7cc639adcd55.jpg?v=1759823861|https://cdn.shopify.com/s/files/1/0912/9351/6071/files/20220712_i1657615347_9570_0_jpg_653640ed-f06f-4505-85aa-e207d17f833d.jpg?v=1759823861|https://cdn.shopify.com/s/files/1/0912/9351/6071/files/20220712_i1657615347_4564_4_jpg_9d93329e-5bfb-4ae0-be2c-cfb7bdd7c6d9.jpg?v=1759823861|https://cdn.shopify.com/s/files/1/0912/9351/6071/files/20220712_i1657615347_8520_6_jpg_b5ad00f2-e0f9-4d47-8335-fd706d9251ca.jpg?v=1759823861|https://cdn.shopify.com/s/files/1/0912/9351/6071/files/20220712_i1657615347_1057_5_jpg_d68d571b-5757-4d90-ad0d-6c01470dfcff.jpg?v=1759823861|https://cdn.shopify.com/s/files/1/0912/9351/6071/files/20220712_i1657615347_7921_3_jpg_b225ea6a-0fc8-4f7a-927c-4d208f9c5acc.jpg?v=1759823861|https://cdn.shopify.com/s/files/1/0912/9351/6071/files/20220712_i1657615347_9431_7_jpg_bef0edd5-b0d4-42b5-bcda-e8b2392e10b2.jpg?v=1759823861|https://cdn.shopify.com/s/files/1/0912/9351/6071/files/20220712_i1657615347_4375_2_jpg_81341dc9-4e9d-47cd-82c0-c6bcd4644ffe.jpg?v=1759823861|https://cdn.shopify.com/s/files/1/0912/9351/6071/files/20220712_i1657615347_9469_8_jpg_4b9bf872-2d4f-4800-a1c6-4035fe044291.jpg?v=1759823861,Hi I want FENDI BAGUETTE DAD SANDALS IN BLACK EMBOSSED CALFSKIN WITH GOLD HARDWARE,
FENDI BAGUETTE MINK SLIDE SLIPPER IN BRIGHT YELLOW FUR,https://cdn.shopify.com/s/files/1/0912/9351/6071/files/20220802_i1659424899_3250_3_jpg_902088ae-b335-4f7b-8f5c-d5daaaf942eb.jpg?v=1759824018,footwear,fendi,https://cdn.shopify.com/s/files/1/0912/9351/6071/files/20220802_i1659424899_3250_3_jpg_902088ae-b335-4f7b-8f5c-d5daaaf942eb.jpg?v=1759824018|https://cdn.shopify.com/s/files/1/0912/9351/6071/files/20220802_i1659424899_4016_7_jpg_69899633-342e-4d8f-9adf-80c0898c430f.jpg?v=1759824018|https://cdn.shopify.com/s/files/1/0912/9351/6071/files/20220802_i1659424899_3640_6_jpg_d3ed484b-81ee-4027-8f06-50572ab1f0c5.jpg?v=1759824018|https://cdn.shopify.com/s/files/1/0912/9351/6071/files/20220802_i1659424899_7528_0_jpg_97bb5daf-1b61-4a2a-bcdd-82ab0427f829.jpg?v=1759824018|https://cdn.shopify.com/s/files/1/0912/9351/6071/files/20220802_i1659424899_7590_8_jpg_06271a8a-9090-436d-8c62-5a855af670d1.jpg?v=1759824018|https://cdn.shopify.com/s/files/1/0912/9351/6071/files/20220802_i1659424899_7691_1_jpg_4072fc67-6396-45ea-ae1c-858fda7b18eb.jpg?v=1759824018|https://cdn.shopify.com/s/files/1/0912/9351/6071/files/20220802_i1659424899_8747_4_jpg_3311068e-6bee-46ba-aae7-df65e741a3a8.jpg?v=1759824018|https://cdn.shopify.com/s/files/1/0912/9351/6071/files/20220802_i1659424899_6048_5_jpg_97a032b7-c776-46de-9297-29c32ce1d2fd.jpg?v=1759824018,Hi I want FENDI BAGUETTE MINK SLIDE SLIPPER IN BRIGHT YELLOW FUR,
FENDI SLIPPER IN SEPIA BROWN FUR,https://cdn.shopify.com/s/files/1/0912/9351/6071/files/img_2e85cf76_20240905_i1725517174_6081_0_jpg_f946ca49-f3c1-4ba3-bf5d-653fb8ceb76e.jpg?v=1759824100,footwear,fendi,https://cdn.shopify.com/s/files/1/0912/9351/6071/files/img_2e85cf76_20240905_i1725517174_6081_0_jpg_f946ca49-f3c1-4ba3-bf5d-653fb8ceb76e.jpg?v=1759824100|https://cdn.shopify.com/s/files/1/0912/9351/6071/files/img_2e85cf76_20240905_i1725517173_6746_0_jpg_b9443f74-9d93-4e77-afcf-24ac66f193ce.jpg?v=1759824100|https://cdn.shopify.com/s/files/1/0912/9351/6071/files/img_2e85cf76_20240905_i1725517173_2834_0_jpg_c8e0e13d-fb1c-48b7-807a-4e46707a2d90.jpg?v=1759824100|https://cdn.shopify.com/s/files/1/0912/9351/6071/files/img_2e85cf76_20240905_i1725517173_1161_0_jpg_51ba10e2-98b0-4e66-b4f5-4709d56bce80.jpg?v=1759824099|https://cdn.shopify.com/s/files/1/0912/9351/6071/files/img_2e85cf76_20240905_i1725517173_3403_0_jpg_44f13db4-d588-4147-b078-036996738c8b.jpg?v=1759824100|https://cdn.shopify.com/s/files/1/0912/9351/6071/files/img_2e85cf76_20240905_i1725517173_6405_0_jpg_f0e9f4b5-f186-42d6-8977-6c6369439042.jpg?v=1759824100|https://cdn.shopify.com/s/files/1/0912/9351/6071/files/img_2e85cf76_20240905_i1725517173_3849_0_jpg_4a1d67f0-35e7-4913-b005-32059501be0b.jpg?v=1759824100|https://cdn.shopify.com/s/files/1/0912/9351/6071/files/img_2e85cf76_20240905_i1725517173_7385_0_jpg_87fd4b3a-1fdd-485b-813d-8322087dac3b.jpg?v=1759824100|https://cdn.shopify.com/s/files/1/0912/9351/6071/files/img_2e85cf76_20240905_i1725517174_3799_0_jpg_6894cb39-dbff-4236-8426-6c54d1d611d7.jpg?v=1759824100,Hi I want FENDI SLIPPER IN SEPIA BROWN FUR,
Fendi 2026 Buckle Loafer Black Calfskin,https://cdn.shopify.com/s/files/1/0912/9351/6071/files/img_eaba05d7_20251031_a1761913105114_8018_jpg.jpg?v=1774348701,footwear,fendi,https://cdn.shopify.com/s/files/1/0912/9351/6071/files/img_eaba05d7_20251031_a1761913105114_8018_jpg.jpg?v=1774348701|https://cdn.shopify.com/s/files/1/0912/9351/6071/files/img_eaba05d7_20251031_a1761913104945_2227_jpg.jpg?v=1774348701|https://cdn.shopify.com/s/files/1/0912/9351/6071/files/img_eaba05d7_20251031_a1761913104983_8038_jpg.jpg?v=1774348701|https://cdn.shopify.com/s/files/1/0912/9351/6071/files/img_eaba05d7_20251031_a1761913105001_2105_jpg.jpg?v=1774348702|https://cdn.shopify.com/s/files/1/0912/9351/6071/files/img_eaba05d7_20251031_a1761913105004_8188_jpg.jpg?v=1774348702|https://cdn.shopify.com/s/files/1/0912/9351/6071/files/img_eaba05d7_20251031_a1761913107606_3817_jpg.jpg?v=1774348702|https://cdn.shopify.com/s/files/1/0912/9351/6071/files/img_eaba05d7_20251031_a1761913107711_1443_jpg.jpg?v=1774348701|https://cdn.shopify.com/s/files/1/0912/9351/6071/files/img_eaba05d7_20251031_a1761913107729_7228_jpg.jpg?v=1774348702|https://cdn.shopify.com/s/files/1/0912/9351/6071/files/img_eaba05d7_20251031_a1761913107845_1201_jpg.jpg?v=1774348701,Hi I want Fendi 2026 Buckle Loafer Black Calfskin,New
Fendi 2025 FF Monogram Chelsea Boot Brown Suede Fabric 553104,https://cdn.shopify.com/s/files/1/0912/9351/6071/files/imgHD_9301c5e6_20251102_i1762095515476_7631_0_3_jpg_5fd75884-2762-4299-bf5e-60c5905c1041.jpg?v=1764737613,footwear,fendi,https://cdn.shopify.com/s/files/1/0912/9351/6071/files/imgHD_9301c5e6_20251102_i1762095515476_7631_0_3_jpg_5fd75884-2762-4299-bf5e-60c5905c1041.jpg?v=1764737613|https://cdn.shopify.com/s/files/1/0912/9351/6071/files/imgHD_9301c5e6_20251102_i1762095515449_6833_0_5_jpg_b37ff60d-db9f-407f-af15-7977e6cf9fd0.jpg?v=1764737613|https://cdn.shopify.com/s/files/1/0912/9351/6071/files/imgHD_9301c5e6_20251102_i1762095520796_3558_0_4_jpg_308b3533-5fe5-4c79-b4fe-aaf3bbd49eba.jpg?v=1764737614|https://cdn.shopify.com/s/files/1/0912/9351/6071/files/imgHD_9301c5e6_20251102_i1762095520523_8689_0_1_jpg_735954ad-b43f-4148-9cb7-106ce726f7d3.jpg?v=1764737613|https://cdn.shopify.com/s/files/1/0912/9351/6071/files/imgHD_9301c5e6_20251102_i1762095520528_6591_0_0_jpg_9acdb0bc-3560-4330-8197-59c0e4dcafc4.jpg?v=1764737613|https://cdn.shopify.com/s/files/1/0912/9351/6071/files/imgHD_9301c5e6_20251102_i1762095520597_5548_0_2_jpg_f88525bb-7526-4b8b-b213-3ad5f8cda3b1.jpg?v=1764737613,Hi I want Fendi 2025 FF Monogram Chelsea Boot Brown Suede Fabric 553104,New
Fendi 2025 FF Monogram Chelsea Boot Black Brown Leather Fabric  553105,https://cdn.shopify.com/s/files/1/0912/9351/6071/files/imgHD_9301c5e6_20251102_i1762095545686_3159_0_3_jpg.jpg?v=1764737611,footwear,fendi,https://cdn.shopify.com/s/files/1/0912/9351/6071/files/imgHD_9301c5e6_20251102_i1762095545686_3159_0_3_jpg.jpg?v=1764737611|https://cdn.shopify.com/s/files/1/0912/9351/6071/files/imgHD_9301c5e6_20251102_i1762095553365_627_0_5_jpg.jpg?v=1764737611|https://cdn.shopify.com/s/files/1/0912/9351/6071/files/imgHD_9301c5e6_20251102_i1762095539748_8829_0_1_jpg.jpg?v=1764737611|https://cdn.shopify.com/s/files/1/0912/9351/6071/files/imgHD_9301c5e6_20251102_i1762095545635_9667_0_0_jpg.jpg?v=1764737611|https://cdn.shopify.com/s/files/1/0912/9351/6071/files/imgHD_9301c5e6_20251102_i1762095545661_3749_0_2_jpg.jpg?v=1764737611|https://cdn.shopify.com/s/files/1/0912/9351/6071/files/imgHD_9301c5e6_20251102_i1762095545673_3236_0_4_jpg.jpg?v=1764737611,Hi I want Fendi 2025 FF Monogram Chelsea Boot Black Brown Leather Fabric  553105,New
Fendi 2025 Filo Black Sheepskin and FF Fabric Boot 553108,https://cdn.shopify.com/s/files/1/0912/9351/6071/files/imgHD_9301c5e6_20251102_i1762095256846_8770_0_3_jpg.jpg?v=1764737606,footwear,fendi,https://cdn.shopify.com/s/files/1/0912/9351/6071/files/imgHD_9301c5e6_20251102_i1762095256846_8770_0_3_jpg.jpg?v=1764737606|https://cdn.shopify.com/s/files/1/0912/9351/6071/files/imgHD_9301c5e6_20251102_i1762095274841_1515_0_5_jpg.jpg?v=1764737606|https://cdn.shopify.com/s/files/1/0912/9351/6071/files/imgHD_9301c5e6_20251102_i1762095256803_691_0_0_jpg.jpg?v=1764737606|https://cdn.shopify.com/s/files/1/0912/9351/6071/files/imgHD_9301c5e6_20251102_i1762095256806_9063_0_1_jpg.jpg?v=1764737606|https://cdn.shopify.com/s/files/1/0912/9351/6071/files/imgHD_9301c5e6_20251102_i1762095256837_4047_0_2_jpg.jpg?v=1764737606|https://cdn.shopify.com/s/files/1/0912/9351/6071/files/imgHD_9301c5e6_20251102_i1762095256852_7447_0_4_jpg.jpg?v=1764737607|https://cdn.shopify.com/s/files/1/0912/9351/6071/files/imgHD_9301c5e6_20251108_i1762606473414_798_0_5_jpg_44e33c1f-a416-4645-9dd7-9aa8f6a6a530.jpg?v=1764737606,Hi I want Fendi 2025 Filo Black Sheepskin and FF Fabric Boot 553108,New
Fendi 2025 Long Boot Black Sheepskin 553109,https://cdn.shopify.com/s/files/1/0912/9351/6071/files/imgHD_9301c5e6_20251108_i1762606485606_5211_0_3_jpg.jpg?v=1764737605,footwear,fendi,https://cdn.shopify.com/s/files/1/0912/9351/6071/files/imgHD_9301c5e6_20251108_i1762606485606_5211_0_3_jpg.jpg?v=1764737605|https://cdn.shopify.com/s/files/1/0912/9351/6071/files/imgHD_9301c5e6_20251108_i1762606473414_798_0_5_jpg.jpg?v=1764737605|https://cdn.shopify.com/s/files/1/0912/9351/6071/files/imgHD_9301c5e6_20251108_i1762606473414_3303_0_2_jpg.jpg?v=1764737605|https://cdn.shopify.com/s/files/1/0912/9351/6071/files/imgHD_9301c5e6_20251108_i1762606473415_4519_0_4_jpg.jpg?v=1764737605|https://cdn.shopify.com/s/files/1/0912/9351/6071/files/imgHD_9301c5e6_20251108_i1762606473415_6349_0_1_jpg.jpg?v=1764737605|https://cdn.shopify.com/s/files/1/0912/9351/6071/files/imgHD_9301c5e6_20251108_i1762606485598_4312_0_0_jpg.jpg?v=1764737605,Hi I want Fendi 2025 Long Boot Black Sheepskin 553109,New
Fendi 2025 Monogram Embossed Long Boot Black Sheepskin 553110,https://cdn.shopify.com/s/files/1/0912/9351/6071/files/imgHD_9301c5e6_20251108_i1762606511296_4754_0_3_jpg.jpg?v=1764737603,footwear,fendi,https://cdn.shopify.com/s/files/1/0912/9351/6071/files/imgHD_9301c5e6_20251108_i1762606511296_4754_0_3_jpg.jpg?v=1764737603|https://cdn.shopify.com/s/files/1/0912/9351/6071/files/imgHD_9301c5e6_20251108_i1762606511217_8878_0_5_jpg.jpg?v=1764737603|https://cdn.shopify.com/s/files/1/0912/9351/6071/files/imgHD_9301c5e6_20251108_i1762606511161_8736_0_0_jpg.jpg?v=1764737603|https://cdn.shopify.com/s/files/1/0912/9351/6071/files/imgHD_9301c5e6_20251108_i1762606511338_3570_0_2_jpg.jpg?v=1764737603|https://cdn.shopify.com/s/files/1/0912/9351/6071/files/imgHD_9301c5e6_20251108_i1762606511365_3692_0_4_jpg.jpg?v=1764737603|https://cdn.shopify.com/s/files/1/0912/9351/6071/files/imgHD_9301c5e6_20251108_i1762606519006_6975_0_1_jpg.jpg?v=1764737603,Hi I want Fendi 2025 Monogram Embossed Long Boot Black Sheepskin 553110,New
Fendi 2025 Sneaker Red Black Suede Cowhide 559784,https://cdn.shopify.com/s/files/1/0912/9351/6071/files/imgHD_dea76023_20251029_i1761753187333_1649_0_5_jpg.png?v=1764737602,footwear,fendi,https://cdn.shopify.com/s/files/1/0912/9351/6071/files/imgHD_dea76023_20251029_i1761753187333_1649_0_5_jpg.png?v=1764737602|https://cdn.shopify.com/s/files/1/0912/9351/6071/files/imgHD_dea76023_20251029_i1761753183190_6843_0_4_jpg.png?v=1764737602|https://cdn.shopify.com/s/files/1/0912/9351/6071/files/imgHD_dea76023_20251029_i1761753183195_7409_0_3_jpg.png?v=1764737602|https://cdn.shopify.com/s/files/1/0912/9351/6071/files/imgHD_dea76023_20251029_i1761753183180_8645_0_1_jpg.png?v=1764737602|https://cdn.shopify.com/s/files/1/0912/9351/6071/files/imgHD_dea76023_20251029_i1761753187331_7838_0_0_jpg.png?v=1764737602|https://cdn.shopify.com/s/files/1/0912/9351/6071/files/imgHD_dea76023_20251029_i1761753183279_5477_0_2_jpg.jpg?v=1764737602,Hi I want Fendi 2025 Sneaker Red Black Suede Cowhide 559784,New
Fendi 2025 FF Jacquard Pattern Sneaker Black Suede Cowhide 559789,https://cdn.shopify.com/s/files/1/0912/9351/6071/files/imgHD_dea76023_20251029_i1761752691772_7748_0_1_jpg.png?v=1764737600,footwear,fendi,https://cdn.shopify.com/s/files/1/0912/9351/6071/files/imgHD_dea76023_20251029_i1761752691772_7748_0_1_jpg.png?v=1764737600|https://cdn.shopify.com/s/files/1/0912/9351/6071/files/imgHD_dea76023_20251029_i1761752692758_2853_0_8_jpg.png?v=1764737600|https://cdn.shopify.com/s/files/1/0912/9351/6071/files/imgHD_dea76023_20251029_i1761752688092_2596_0_5_jpg.png?v=1764737600|https://cdn.shopify.com/s/files/1/0912/9351/6071/files/imgHD_dea76023_20251029_i1761752688092_6983_0_6_jpg.png?v=1764737600|https://cdn.shopify.com/s/files/1/0912/9351/6071/files/imgHD_dea76023_20251029_i1761752688098_7496_0_4_jpg.png?v=1764737600|https://cdn.shopify.com/s/files/1/0912/9351/6071/files/imgHD_dea76023_20251029_i1761752688108_7295_0_7_jpg.png?v=1764737600|https://cdn.shopify.com/s/files/1/0912/9351/6071/files/imgHD_dea76023_20251029_i1761752688187_5503_0_3_jpg.jpg?v=1764737600|https://cdn.shopify.com/s/files/1/0912/9351/6071/files/imgHD_dea76023_20251029_i1761752692760_44_0_0_jpg.png?v=1764737600|https://cdn.shopify.com/s/files/1/0912/9351/6071/files/imgHD_dea76023_20251029_i1761752692850_8404_0_2_jpg.jpg?v=1764737600,Hi I want Fendi 2025 FF Jacquard Pattern Sneaker Black Suede Cowhide 559789,New
Fendi 2025 Loafer Olive Green Calfskin 560515,https://cdn.shopify.com/s/files/1/0912/9351/6071/files/img_eaba05d7_20251031_a1761913124793_8274_jpg.jpg?v=1764737596,footwear,fendi,https://cdn.shopify.com/s/files/1/0912/9351/6071/files/img_eaba05d7_20251031_a1761913124793_8274_jpg.jpg?v=1764737596|https://cdn.shopify.com/s/files/1/0912/9351/6071/files/img_eaba05d7_20251031_a1761913125012_0088_jpg.jpg?v=1764737596|https://cdn.shopify.com/s/files/1/0912/9351/6071/files/img_eaba05d7_20251031_a1761913125043_2411_jpg.jpg?v=1764737596|https://cdn.shopify.com/s/files/1/0912/9351/6071/files/img_eaba05d7_20251031_a1761913126833_8635_jpg.jpg?v=1764737596|https://cdn.shopify.com/s/files/1/0912/9351/6071/files/img_eaba05d7_20251031_a1761913126975_6365_jpg.jpg?v=1764737596|https://cdn.shopify.com/s/files/1/0912/9351/6071/files/img_eaba05d7_20251031_a1761913124822_8013_jpg.jpg?v=1764737596|https://cdn.shopify.com/s/files/1/0912/9351/6071/files/img_eaba05d7_20251031_a1761913124832_8813_jpg.jpg?v=1764737596|https://cdn.shopify.com/s/files/1/0912/9351/6071/files/img_eaba05d7_20251031_a1761913127011_6467_jpg.jpg?v=1764737596|https://cdn.shopify.com/s/files/1/0912/9351/6071/files/img_eaba05d7_20251031_a1761913127194_8152_jpg.jpg?v=1764737596,Hi I want Fendi 2025 Loafer Olive Green Calfskin 560515,New
Fendi 2025 Wave Pulse Sneaker Blue Denim Fabric 561227,https://cdn.shopify.com/s/files/1/0912/9351/6071/files/20251109_i1762683248_6616_0_jpg.jpg?v=1764737594,footwear,fendi,https://cdn.shopify.com/s/files/1/0912/9351/6071/files/20251109_i1762683248_6616_0_jpg.jpg?v=1764737594|https://cdn.shopify.com/s/files/1/0912/9351/6071/files/20251109_i1762683248_1395_4_jpg.jpg?v=1764737594|https://cdn.shopify.com/s/files/1/0912/9351/6071/files/20251109_i1762683248_2320_5_jpg.jpg?v=1764737595|https://cdn.shopify.com/s/files/1/0912/9351/6071/files/20251109_i1762683248_5322_7_jpg.jpg?v=1764737594|https://cdn.shopify.com/s/files/1/0912/9351/6071/files/20251109_i1762683248_6097_8_jpg.jpg?v=1764737594|https://cdn.shopify.com/s/files/1/0912/9351/6071/files/20251109_i1762683248_8150_6_jpg.jpg?v=1764737594|https://cdn.shopify.com/s/files/1/0912/9351/6071/files/20251109_i1762683248_2658_3_jpg.jpg?v=1764737595|https://cdn.shopify.com/s/files/1/0912/9351/6071/files/20251109_i1762683248_4925_1_jpg.jpg?v=1764737594|https://cdn.shopify.com/s/files/1/0912/9351/6071/files/20251109_i1762683248_9829_2_jpg.jpg?v=1764737594,Hi I want Fendi 2025 Wave Pulse Sneaker Blue Denim Fabric 561227,New
Fendi 2025 Match Platform Sneakers White Leather 562575,https://cdn.shopify.com/s/files/1/0912/9351/6071/files/imgHD_28eaa691_20251117_i1763315288560_9129_0_0_jpg.jpg?v=1764737593,footwear,fendi,https://cdn.shopify.com/s/files/1/0912/9351/6071/files/imgHD_28eaa691_20251117_i1763315288560_9129_0_0_jpg.jpg?v=1764737593|https://cdn.shopify.com/s/files/1/0912/9351/6071/files/imgHD_28eaa691_20251117_i1763315284607_9750_0_1_jpg.jpg?v=1764737593|https://cdn.shopify.com/s/files/1/0912/9351/6071/files/imgHD_28eaa691_20251117_i1763315284607_816_0_6_jpg.jpg?v=1764737593|https://cdn.shopify.com/s/files/1/0912/9351/6071/files/imgHD_28eaa691_20251117_i1763315284607_973_0_7_jpg.jpg?v=1764737593|https://cdn.shopify.com/s/files/1/0912/9351/6071/files/imgHD_28eaa691_20251117_i1763315288552_7956_0_8_jpg.jpg?v=1764737593|https://cdn.shopify.com/s/files/1/0912/9351/6071/files/imgHD_28eaa691_20251117_i1763315288557_5929_0_5_jpg.jpg?v=1764737593|https://cdn.shopify.com/s/files/1/0912/9351/6071/files/imgHD_28eaa691_20251117_i1763315284607_8254_0_2_jpg.jpg?v=1764737593|https://cdn.shopify.com/s/files/1/0912/9351/6071/files/imgHD_28eaa691_20251117_i1763315284607_9315_0_4_jpg.jpg?v=1764737593|https://cdn.shopify.com/s/files/1/0912/9351/6071/files/imgHD_28eaa691_20251117_i1763315288553_7453_0_3_jpg.jpg?v=1764737593,Hi I want Fendi 2025 Match Platform Sneakers White Leather 562575,New
Fendi 2025 Match Platform Sneakers Black Leather 562576,https://cdn.shopify.com/s/files/1/0912/9351/6071/files/imgHD_28eaa691_20251117_i1763315363391_4251_0_0_jpg.jpg?v=1764737591,footwear,fendi,https://cdn.shopify.com/s/files/1/0912/9351/6071/files/imgHD_28eaa691_20251117_i1763315363391_4251_0_0_jpg.jpg?v=1764737591|https://cdn.shopify.com/s/files/1/0912/9351/6071/files/imgHD_28eaa691_20251117_i1763315360188_1632_0_7_jpg.jpg?v=1764737591|https://cdn.shopify.com/s/files/1/0912/9351/6071/files/imgHD_28eaa691_20251117_i1763315360188_5641_0_8_jpg.jpg?v=1764737591|https://cdn.shopify.com/s/files/1/0912/9351/6071/files/imgHD_28eaa691_20251117_i1763315366635_7961_0_2_jpg.jpg?v=1764737591|https://cdn.shopify.com/s/files/1/0912/9351/6071/files/imgHD_28eaa691_20251117_i1763315363361_637_0_6_jpg.jpg?v=1764737591|https://cdn.shopify.com/s/files/1/0912/9351/6071/files/imgHD_28eaa691_20251117_i1763315366637_2763_0_5_jpg.jpg?v=1764737591|https://cdn.shopify.com/s/files/1/0912/9351/6071/files/imgHD_28eaa691_20251117_i1763315360188_2469_0_3_jpg.jpg?v=1764737591|https://cdn.shopify.com/s/files/1/0912/9351/6071/files/imgHD_28eaa691_20251117_i1763315366636_726_0_4_jpg.jpg?v=1764737591|https://cdn.shopify.com/s/files/1/0912/9351/6071/files/imgHD_28eaa691_20251117_i1763315360188_3512_0_1_jpg.jpg?v=1764737591,Hi I want Fendi 2025 Match Platform Sneakers Black Leather 562576,New
Fendi 2025 Match Platform Sneakers Blue White Denim Fabric 562577,https://cdn.shopify.com/s/files/1/0912/9351/6071/files/imgHD_28eaa691_20251117_i1763315390568_992_0_0_jpg.jpg?v=1764737589,footwear,fendi,https://cdn.shopify.com/s/files/1/0912/9351/6071/files/imgHD_28eaa691_20251117_i1763315390568_992_0_0_jpg.jpg?v=1764737589|https://cdn.shopify.com/s/files/1/0912/9351/6071/files/imgHD_28eaa691_20251117_i1763315394892_6664_0_7_jpg.jpg?v=1764737589|https://cdn.shopify.com/s/files/1/0912/9351/6071/files/imgHD_28eaa691_20251117_i1763315390565_2349_0_8_jpg.jpg?v=1764737589|https://cdn.shopify.com/s/files/1/0912/9351/6071/files/imgHD_28eaa691_20251117_i1763315394879_2170_0_5_jpg.jpg?v=1764737589|https://cdn.shopify.com/s/files/1/0912/9351/6071/files/imgHD_28eaa691_20251117_i1763315394889_8512_0_2_jpg.jpg?v=1764737589|https://cdn.shopify.com/s/files/1/0912/9351/6071/files/imgHD_28eaa691_20251117_i1763315390562_5590_0_3_jpg.jpg?v=1764737589|https://cdn.shopify.com/s/files/1/0912/9351/6071/files/imgHD_28eaa691_20251117_i1763315390568_1428_0_1_jpg.jpg?v=1764737589|https://cdn.shopify.com/s/files/1/0912/9351/6071/files/imgHD_28eaa691_20251117_i1763315394889_6338_0_4_jpg.jpg?v=1764737589|https://cdn.shopify.com/s/files/1/0912/9351/6071/files/imgHD_28eaa691_20251117_i1763315394892_5082_0_6_jpg.jpg?v=1764737589,Hi I want Fendi 2025 Match Platform Sneakers Blue White Denim Fabric 562577,New
Fendi 2025 Wave Pulse Sneaker Black Gray Suede Cowhide 562136,https://cdn.shopify.com/s/files/1/0912/9351/6071/files/img_a1cf999c_20251105_i1762339357293_114_0_10_jpg.jpg?v=1764737587,footwear,fendi,https://cdn.shopify.com/s/files/1/0912/9351/6071/files/img_a1cf999c_20251105_i1762339357293_114_0_10_jpg.jpg?v=1764737587|https://cdn.shopify.com/s/files/1/0912/9351/6071/files/img_a1cf999c_20251105_i1762339351626_9190_0_4_jpg.jpg?v=1764737587|https://cdn.shopify.com/s/files/1/0912/9351/6071/files/img_a1cf999c_20251105_i1762339351657_1280_0_6_jpg.jpg?v=1764737588|https://cdn.shopify.com/s/files/1/0912/9351/6071/files/img_a1cf999c_20251105_i1762339352353_697_0_5_jpg.jpg?v=1764737587|https://cdn.shopify.com/s/files/1/0912/9351/6071/files/img_a1cf999c_20251105_i1762339352402_7885_0_8_jpg.jpg?v=1764737587|https://cdn.shopify.com/s/files/1/0912/9351/6071/files/img_a1cf999c_20251105_i1762339351635_9926_0_1_jpg.jpg?v=1764737587|https://cdn.shopify.com/s/files/1/0912/9351/6071/files/img_a1cf999c_20251105_i1762339351668_2198_0_0_jpg.jpg?v=1764737587|https://cdn.shopify.com/s/files/1/0912/9351/6071/files/img_a1cf999c_20251105_i1762339352462_1279_0_2_jpg.jpg?v=1764737588|https://cdn.shopify.com/s/files/1/0912/9351/6071/files/img_a1cf999c_20251105_i1762339352484_8756_0_3_jpg.jpg?v=1764737587,Hi I want Fendi 2025 Wave Pulse Sneaker Black Gray Suede Cowhide 562136,New
Fendi 2025 Wave Pulse Sneaker Brown Suede Cowhide 562137,https://cdn.shopify.com/s/files/1/0912/9351/6071/files/img_a1cf999c_20251105_i1762339305049_5945_0_0_jpg.jpg?v=1764737586,footwear,fendi,https://cdn.shopify.com/s/files/1/0912/9351/6071/files/img_a1cf999c_20251105_i1762339305049_5945_0_0_jpg.jpg?v=1764737586|https://cdn.shopify.com/s/files/1/0912/9351/6071/files/img_a1cf999c_20251105_i1762339304988_7819_0_5_jpg.jpg?v=1764737586|https://cdn.shopify.com/s/files/1/0912/9351/6071/files/img_a1cf999c_20251105_i1762339305070_1341_0_6_jpg.jpg?v=1764737586|https://cdn.shopify.com/s/files/1/0912/9351/6071/files/img_a1cf999c_20251105_i1762339305730_448_0_8_jpg.jpg?v=1764737586|https://cdn.shopify.com/s/files/1/0912/9351/6071/files/img_a1cf999c_20251105_i1762339305911_2673_0_7_jpg.jpg?v=1764737586|https://cdn.shopify.com/s/files/1/0912/9351/6071/files/img_a1cf999c_20251105_i1762339305022_9270_0_3_jpg.jpg?v=1764737586|https://cdn.shopify.com/s/files/1/0912/9351/6071/files/img_a1cf999c_20251105_i1762339305886_8359_0_4_jpg.jpg?v=1764737586|https://cdn.shopify.com/s/files/1/0912/9351/6071/files/img_a1cf999c_20251105_i1762339305055_4194_0_1_jpg.jpg?v=1764737586|https://cdn.shopify.com/s/files/1/0912/9351/6071/files/img_a1cf999c_20251105_i1762339305895_4051_0_2_jpg.jpg?v=1764737586,Hi I want Fendi 2025 Wave Pulse Sneaker Brown Suede Cowhide 562137,New
Fendi 2025 Wave Pulse Sneaker White Gray Brown Suede Cowhide 562138,https://cdn.shopify.com/s/files/1/0912/9351/6071/files/img_a1cf999c_20251105_i1762339328256_6799_0_0_jpg.jpg?v=1764737584,footwear,fendi,https://cdn.shopify.com/s/files/1/0912/9351/6071/files/img_a1cf999c_20251105_i1762339328256_6799_0_0_jpg.jpg?v=1764737584|https://cdn.shopify.com/s/files/1/0912/9351/6071/files/img_a1cf999c_20251105_i1762339328271_1521_0_1_jpg.jpg?v=1764737584|https://cdn.shopify.com/s/files/1/0912/9351/6071/files/img_a1cf999c_20251105_i1762339328059_6428_0_5_jpg.jpg?v=1764737584|https://cdn.shopify.com/s/files/1/0912/9351/6071/files/img_a1cf999c_20251105_i1762339328185_7598_0_6_jpg.jpg?v=1764737584|https://cdn.shopify.com/s/files/1/0912/9351/6071/files/img_a1cf999c_20251105_i1762339328646_9867_0_4_jpg.jpg?v=1764737584|https://cdn.shopify.com/s/files/1/0912/9351/6071/files/img_a1cf999c_20251105_i1762339328664_9549_0_8_jpg.jpg?v=1764737584|https://cdn.shopify.com/s/files/1/0912/9351/6071/files/img_a1cf999c_20251105_i1762339328682_88_0_7_jpg.jpg?v=1764737584|https://cdn.shopify.com/s/files/1/0912/9351/6071/files/img_a1cf999c_20251105_i1762339328256_8688_0_2_jpg.jpg?v=1764737584|https://cdn.shopify.com/s/files/1/0912/9351/6071/files/img_a1cf999c_20251105_i1762339328612_1388_0_3_jpg.jpg?v=1764737584,Hi I want Fendi 2025 Wave Pulse Sneaker White Gray Brown Suede Cowhide 562138,New
Fendi 2025 Wave Pulse Sneaker Silver Brown Suede Cowhide 562139,https://cdn.shopify.com/s/files/1/0912/9351/6071/files/img_a1cf999c_20251105_i1762339287404_8011_0_3_jpg.jpg?v=1764737582,footwear,fendi,https://cdn.shopify.com/s/files/1/0912/9351/6071/files/img_a1cf999c_20251105_i1762339287404_8011_0_3_jpg.jpg?v=1764737582|https://cdn.shopify.com/s/files/1/0912/9351/6071/files/img_a1cf999c_20251105_i1762339286700_4524_0_6_jpg.jpg?v=1764737582|https://cdn.shopify.com/s/files/1/0912/9351/6071/files/img_a1cf999c_20251105_i1762339287206_858_0_7_jpg.jpg?v=1764737582|https://cdn.shopify.com/s/files/1/0912/9351/6071/files/img_a1cf999c_20251105_i1762339287394_6366_0_8_jpg.jpg?v=1764737582|https://cdn.shopify.com/s/files/1/0912/9351/6071/files/img_a1cf999c_20251105_i1762339286530_3872_0_4_jpg.jpg?v=1764737582|https://cdn.shopify.com/s/files/1/0912/9351/6071/files/img_a1cf999c_20251105_i1762339286677_6664_0_5_jpg.jpg?v=1764737582|https://cdn.shopify.com/s/files/1/0912/9351/6071/files/img_a1cf999c_20251105_i1762339286682_4845_0_2_jpg.jpg?v=1764737582|https://cdn.shopify.com/s/files/1/0912/9351/6071/files/img_a1cf999c_20251105_i1762339286707_8440_0_0_jpg.jpg?v=1764737582|https://cdn.shopify.com/s/files/1/0912/9351/6071/files/img_a1cf999c_20251105_i1762339287409_6911_0_1_jpg.jpg?v=1764737582,Hi I want Fendi 2025 Wave Pulse Sneaker Silver Brown Suede Cowhide 562139,New
Fendi 2025 Wave Pulse Sneaker White Brown Suede 562140,https://cdn.shopify.com/s/files/1/0912/9351/6071/files/img_a1cf999c_20251105_i1762339261184_9687_0_0_jpg.jpg?v=1764737580,footwear,fendi,https://cdn.shopify.com/s/files/1/0912/9351/6071/files/img_a1cf999c_20251105_i1762339261184_9687_0_0_jpg.jpg?v=1764737580|https://cdn.shopify.com/s/files/1/0912/9351/6071/files/img_a1cf999c_20251105_i1762339262133_3092_0_3_jpg.jpg?v=1764737580|https://cdn.shopify.com/s/files/1/0912/9351/6071/files/img_a1cf999c_20251105_i1762339261184_7296_0_8_jpg.jpg?v=1764737580|https://cdn.shopify.com/s/files/1/0912/9351/6071/files/img_a1cf999c_20251105_i1762339261184_7409_0_6_jpg.jpg?v=1764737580|https://cdn.shopify.com/s/files/1/0912/9351/6071/files/img_a1cf999c_20251105_i1762339261936_8814_0_7_jpg.jpg?v=1764737580|https://cdn.shopify.com/s/files/1/0912/9351/6071/files/img_a1cf999c_20251105_i1762339262169_713_0_5_jpg.jpg?v=1764737580|https://cdn.shopify.com/s/files/1/0912/9351/6071/files/img_a1cf999c_20251105_i1762339261184_66_0_4_jpg.jpg?v=1764737580|https://cdn.shopify.com/s/files/1/0912/9351/6071/files/img_a1cf999c_20251105_i1762339261185_5137_0_1_jpg.jpg?v=1764737580|https://cdn.shopify.com/s/files/1/0912/9351/6071/files/img_a1cf999c_20251105_i1762339262114_3805_0_2_jpg.jpg?v=1764737580,Hi I want Fendi 2025 Wave Pulse Sneaker White Brown Suede 562140,New
Fendi 2025 Match Platform Sneakers Black Leather Wool 562578,https://cdn.shopify.com/s/files/1/0912/9351/6071/files/imgHD_28eaa691_20251127_i1764226974500_3688_0_0_jpg.jpg?v=1764737578,footwear,fendi,https://cdn.shopify.com/s/files/1/0912/9351/6071/files/imgHD_28eaa691_20251127_i1764226974500_3688_0_0_jpg.jpg?v=1764737578|https://cdn.shopify.com/s/files/1/0912/9351/6071/files/imgHD_28eaa691_20251127_i1764226976221_2323_0_7_jpg.jpg?v=1764737578|https://cdn.shopify.com/s/files/1/0912/9351/6071/files/imgHD_28eaa691_20251127_i1764226971301_9325_0_6_jpg.jpg?v=1764737578|https://cdn.shopify.com/s/files/1/0912/9351/6071/files/imgHD_28eaa691_20251127_i1764226974473_926_0_1_jpg.jpg?v=1764737578|https://cdn.shopify.com/s/files/1/0912/9351/6071/files/imgHD_28eaa691_20251127_i1764226976221_1252_0_3_jpg.jpg?v=1764737578|https://cdn.shopify.com/s/files/1/0912/9351/6071/files/imgHD_28eaa691_20251127_i1764226976221_5873_0_5_jpg.jpg?v=1764737578|https://cdn.shopify.com/s/files/1/0912/9351/6071/files/imgHD_28eaa691_20251127_i1764226976221_9586_0_8_jpg.jpg?v=1764737578|https://cdn.shopify.com/s/files/1/0912/9351/6071/files/imgHD_28eaa691_20251127_i1764226971300_9546_0_2_jpg.jpg?v=1764737578|https://cdn.shopify.com/s/files/1/0912/9351/6071/files/imgHD_28eaa691_20251127_i1764226971300_9748_0_4_jpg.jpg?v=1764737578,Hi I want Fendi 2025 Match Platform Sneakers Black Leather Wool 562578,New
Fendi 2025 Match Platform Sneakers White mix Brown Leather Wool 562579,https://cdn.shopify.com/s/files/1/0912/9351/6071/files/imgHD_28eaa691_20251127_i1764227353136_5814_0_0_jpg.jpg?v=1764737576,footwear,fendi,https://cdn.shopify.com/s/files/1/0912/9351/6071/files/imgHD_28eaa691_20251127_i1764227353136_5814_0_0_jpg.jpg?v=1764737576|https://cdn.shopify.com/s/files/1/0912/9351/6071/files/imgHD_28eaa691_20251127_i1764227353137_378_0_8_jpg.jpg?v=1764737577|https://cdn.shopify.com/s/files/1/0912/9351/6071/files/imgHD_28eaa691_20251127_i1764227349718_5733_0_5_jpg.jpg?v=1764737576|https://cdn.shopify.com/s/files/1/0912/9351/6071/files/imgHD_28eaa691_20251127_i1764227349718_973_0_6_jpg.jpg?v=1764737576|https://cdn.shopify.com/s/files/1/0912/9351/6071/files/imgHD_28eaa691_20251127_i1764227349718_8513_0_7_jpg.jpg?v=1764737576|https://cdn.shopify.com/s/files/1/0912/9351/6071/files/imgHD_28eaa691_20251127_i1764227349718_4606_0_2_jpg.jpg?v=1764737577|https://cdn.shopify.com/s/files/1/0912/9351/6071/files/imgHD_28eaa691_20251127_i1764227349718_7399_0_4_jpg.jpg?v=1764737576|https://cdn.shopify.com/s/files/1/0912/9351/6071/files/imgHD_28eaa691_20251127_i1764227353128_6409_0_3_jpg.jpg?v=1764737576|https://cdn.shopify.com/s/files/1/0912/9351/6071/files/imgHD_28eaa691_20251127_i1764227353131_3742_0_1_jpg.jpg?v=1764737577,Hi I want Fendi 2025 Match Platform Sneakers White mix Brown Leather Wool 562579,New
Fendi 2025 Match Platform Sneakers Brown Leather Wool 562580,https://cdn.shopify.com/s/files/1/0912/9351/6071/files/imgHD_28eaa691_20251127_i1764227374791_4837_0_0_jpg.jpg?v=1764737576,footwear,fendi,https://cdn.shopify.com/s/files/1/0912/9351/6071/files/imgHD_28eaa691_20251127_i1764227374791_4837_0_0_jpg.jpg?v=1764737576|https://cdn.shopify.com/s/files/1/0912/9351/6071/files/imgHD_28eaa691_20251127_i1764227372613_6596_0_8_jpg.jpg?v=1764737575|https://cdn.shopify.com/s/files/1/0912/9351/6071/files/imgHD_28eaa691_20251127_i1764227372612_4214_0_7_jpg.jpg?v=1764737575|https://cdn.shopify.com/s/files/1/0912/9351/6071/files/imgHD_28eaa691_20251127_i1764227374791_8066_0_6_jpg.jpg?v=1764737575|https://cdn.shopify.com/s/files/1/0912/9351/6071/files/imgHD_28eaa691_20251127_i1764227372609_7687_0_3_jpg.jpg?v=1764737575|https://cdn.shopify.com/s/files/1/0912/9351/6071/files/imgHD_28eaa691_20251127_i1764227374792_931_0_1_jpg.jpg?v=1764737575|https://cdn.shopify.com/s/files/1/0912/9351/6071/files/imgHD_28eaa691_20251127_i1764227372612_2924_0_2_jpg.jpg?v=1764737575|https://cdn.shopify.com/s/files/1/0912/9351/6071/files/imgHD_28eaa691_20251127_i1764227372612_4096_0_5_jpg.jpg?v=1764737576|https://cdn.shopify.com/s/files/1/0912/9351/6071/files/imgHD_28eaa691_20251127_i1764227374789_6850_0_4_jpg.jpg?v=1764737575,Hi I want Fendi 2025 Match Platform Sneakers Brown Leather Wool 562580,New
Fendi 2025 Match Platform Sneakers White Leather Wool 562581,https://cdn.shopify.com/s/files/1/0912/9351/6071/files/imgHD_28eaa691_20251127_i1764227398072_9481_0_0_jpg.jpg?v=1764737573,footwear,fendi,https://cdn.shopify.com/s/files/1/0912/9351/6071/files/imgHD_28eaa691_20251127_i1764227398072_9481_0_0_jpg.jpg?v=1764737573|https://cdn.shopify.com/s/files/1/0912/9351/6071/files/imgHD_28eaa691_20251127_i1764227398070_3390_0_8_jpg.jpg?v=1764737573|https://cdn.shopify.com/s/files/1/0912/9351/6071/files/imgHD_28eaa691_20251127_i1764227398072_5117_0_6_jpg.jpg?v=1764737573|https://cdn.shopify.com/s/files/1/0912/9351/6071/files/imgHD_28eaa691_20251127_i1764227402219_1062_0_1_jpg.jpg?v=1764737573|https://cdn.shopify.com/s/files/1/0912/9351/6071/files/imgHD_28eaa691_20251127_i1764227402219_2109_0_7_jpg.jpg?v=1764737573|https://cdn.shopify.com/s/files/1/0912/9351/6071/files/imgHD_28eaa691_20251127_i1764227398070_537_0_5_jpg.jpg?v=1764737573|https://cdn.shopify.com/s/files/1/0912/9351/6071/files/imgHD_28eaa691_20251127_i1764227398070_9198_0_4_jpg.jpg?v=1764737573|https://cdn.shopify.com/s/files/1/0912/9351/6071/files/imgHD_28eaa691_20251127_i1764227402220_3773_0_2_jpg.jpg?v=1764737573|https://cdn.shopify.com/s/files/1/0912/9351/6071/files/imgHD_28eaa691_20251127_i1764227402221_8363_0_3_jpg.jpg?v=1764737573,Hi I want Fendi 2025 Match Platform Sneakers White Leather Wool 562581,New
Fendi 2025 Match Platform Sneakers Pink White Leather Wool 562582,https://cdn.shopify.com/s/files/1/0912/9351/6071/files/imgHD_28eaa691_20251127_i1764227550897_1530_0_0_jpg.jpg?v=1764737571,footwear,fendi,https://cdn.shopify.com/s/files/1/0912/9351/6071/files/imgHD_28eaa691_20251127_i1764227550897_1530_0_0_jpg.jpg?v=1764737571|https://cdn.shopify.com/s/files/1/0912/9351/6071/files/imgHD_28eaa691_20251127_i1764227548706_9057_0_8_jpg.jpg?v=1764737572|https://cdn.shopify.com/s/files/1/0912/9351/6071/files/imgHD_28eaa691_20251127_i1764227550898_6765_0_7_jpg.jpg?v=1764737571|https://cdn.shopify.com/s/files/1/0912/9351/6071/files/imgHD_28eaa691_20251127_i1764227548702_9093_0_4_jpg.jpg?v=1764737571|https://cdn.shopify.com/s/files/1/0912/9351/6071/files/imgHD_28eaa691_20251127_i1764227548703_1774_0_6_jpg.jpg?v=1764737571|https://cdn.shopify.com/s/files/1/0912/9351/6071/files/imgHD_28eaa691_20251127_i1764227548705_8080_0_3_jpg.jpg?v=1764737571|https://cdn.shopify.com/s/files/1/0912/9351/6071/files/imgHD_28eaa691_20251127_i1764227550900_556_0_5_jpg.jpg?v=1764737571|https://cdn.shopify.com/s/files/1/0912/9351/6071/files/imgHD_28eaa691_20251127_i1764227550904_1843_0_2_jpg.jpg?v=1764737571|https://cdn.shopify.com/s/files/1/0912/9351/6071/files/imgHD_28eaa691_20251127_i1764227548703_8109_0_1_jpg.jpg?v=1764737571,Hi I want Fendi 2025 Match Platform Sneakers Pink White Leather Wool 562582,New
Fendi 2025 Match Platform Sneakers Blue White Denim Fabric Wool 562583,https://cdn.shopify.com/s/files/1/0912/9351/6071/files/imgHD_28eaa691_20251127_i1764227604228_9593_0_0_jpg.jpg?v=1764737569,footwear,fendi,https://cdn.shopify.com/s/files/1/0912/9351/6071/files/imgHD_28eaa691_20251127_i1764227604228_9593_0_0_jpg.jpg?v=1764737569|https://cdn.shopify.com/s/files/1/0912/9351/6071/files/imgHD_28eaa691_20251127_i1764227604224_6926_0_8_jpg.jpg?v=1764737569|https://cdn.shopify.com/s/files/1/0912/9351/6071/files/imgHD_28eaa691_20251127_i1764227604226_2724_0_5_jpg.jpg?v=1764737569|https://cdn.shopify.com/s/files/1/0912/9351/6071/files/imgHD_28eaa691_20251127_i1764227604226_3472_0_7_jpg.jpg?v=1764737569|https://cdn.shopify.com/s/files/1/0912/9351/6071/files/imgHD_28eaa691_20251127_i1764227604226_2449_0_1_jpg.jpg?v=1764737569|https://cdn.shopify.com/s/files/1/0912/9351/6071/files/imgHD_28eaa691_20251127_i1764227606824_7374_0_2_jpg.jpg?v=1764737569|https://cdn.shopify.com/s/files/1/0912/9351/6071/files/imgHD_28eaa691_20251127_i1764227606824_8499_0_6_jpg.jpg?v=1764737569|https://cdn.shopify.com/s/files/1/0912/9351/6071/files/imgHD_28eaa691_20251127_i1764227606825_3740_0_4_jpg.jpg?v=1764737569|https://cdn.shopify.com/s/files/1/0912/9351/6071/files/imgHD_28eaa691_20251127_i1764227606825_8101_0_3_jpg.jpg?v=1764737569,Hi I want Fendi 2025 Match Platform Sneakers Blue White Denim Fabric Wool 562583,New
Fendi 25 Sandal Brown Leather Fabric,https://cdn.shopify.com/s/files/1/0912/9351/6071/files/Image_20251110093743_2573_15.jpg?v=1762833677,footwear,fendi,https://cdn.shopify.com/s/files/1/0912/9351/6071/files/Image_20251110093743_2573_15.jpg?v=1762833677|https://cdn.shopify.com/s/files/1/0912/9351/6071/files/Image_20251110093741_2572_15.jpg?v=1762833680|https://cdn.shopify.com/s/files/1/0912/9351/6071/files/Image_20251110093734_2569_15.jpg?v=1762833677|https://cdn.shopify.com/s/files/1/0912/9351/6071/files/Image_20251110093736_2570_15.jpg?v=1762833677|https://cdn.shopify.com/s/files/1/0912/9351/6071/files/Image_20251110093739_2571_15.jpg?v=1762833677|https://cdn.shopify.com/s/files/1/0912/9351/6071/files/Image_20251110093745_2574_15.jpg?v=1762833677|https://cdn.shopify.com/s/files/1/0912/9351/6071/files/Image_20251110093749_2575_15.jpg?v=1762833677,Hi I want Fendi 25 Sandal Brown Leather Fabric,New
FENDI low boots  burgundy calfskin 521235,https://cdn.shopify.com/s/files/1/0912/9351/6071/files/img_91e4ad8d_20250903_a1756881364686_3420_jpg.jpg?v=1761356786,footwear,fendi,https://cdn.shopify.com/s/files/1/0912/9351/6071/files/img_91e4ad8d_20250903_a1756881364686_3420_jpg.jpg?v=1761356786|https://cdn.shopify.com/s/files/1/0912/9351/6071/files/img_91e4ad8d_20250903_a1756881364686_8308_jpg.jpg?v=1761356786|https://cdn.shopify.com/s/files/1/0912/9351/6071/files/img_91e4ad8d_20250903_a1756881364687_5150_jpg.jpg?v=1761356786|https://cdn.shopify.com/s/files/1/0912/9351/6071/files/img_91e4ad8d_20250903_a1756881363337_1768_jpg.jpg?v=1761356786|https://cdn.shopify.com/s/files/1/0912/9351/6071/files/img_91e4ad8d_20250903_a1756881363338_8710_jpg.jpg?v=1761356786|https://cdn.shopify.com/s/files/1/0912/9351/6071/files/img_91e4ad8d_20250903_a1756881363339_3253_jpg.jpg?v=1761356786|https://cdn.shopify.com/s/files/1/0912/9351/6071/files/img_91e4ad8d_20250903_a1756881363339_5262_jpg.jpg?v=1761356786|https://cdn.shopify.com/s/files/1/0912/9351/6071/files/img_91e4ad8d_20250903_a1756881363344_6617_jpg.jpg?v=1761356786|https://cdn.shopify.com/s/files/1/0912/9351/6071/files/img_91e4ad8d_20250903_a1756881364694_1516_jpg.jpg?v=1761356786,Hi I want FENDI low boots  burgundy calfskin 521235,New
FENDI High boots  beige calfskin 521232,https://cdn.shopify.com/s/files/1/0912/9351/6071/files/img_91e4ad8d_20250903_a1756881581002_7260_jpg.jpg?v=1761356782,footwear,fendi,https://cdn.shopify.com/s/files/1/0912/9351/6071/files/img_91e4ad8d_20250903_a1756881581002_7260_jpg.jpg?v=1761356782|https://cdn.shopify.com/s/files/1/0912/9351/6071/files/img_91e4ad8d_20250903_a1756881580999_6848_jpg.jpg?v=1761356782|https://cdn.shopify.com/s/files/1/0912/9351/6071/files/img_91e4ad8d_20250903_a1756881581000_4657_jpg.jpg?v=1761356782|https://cdn.shopify.com/s/files/1/0912/9351/6071/files/img_91e4ad8d_20250903_a1756881582123_0222_jpg.jpg?v=1761356782|https://cdn.shopify.com/s/files/1/0912/9351/6071/files/img_91e4ad8d_20250903_a1756881582131_1366_jpg.jpg?v=1761356782|https://cdn.shopify.com/s/files/1/0912/9351/6071/files/img_91e4ad8d_20250903_a1756881582132_4703_jpg.jpg?v=1761356782|https://cdn.shopify.com/s/files/1/0912/9351/6071/files/img_91e4ad8d_20250903_a1756881582133_0238_jpg.jpg?v=1761356782|https://cdn.shopify.com/s/files/1/0912/9351/6071/files/img_91e4ad8d_20250903_a1756881582140_0347_jpg.jpg?v=1761356782|https://cdn.shopify.com/s/files/1/0912/9351/6071/files/img_91e4ad8d_20250903_a1756881581000_5378_jpg.jpg?v=1761356782|https://cdn.shopify.com/s/files/1/0912/9351/6071/files/img_91e4ad8d_20250903_a1756881581001_7772_jpg.jpg?v=1761356782,Hi I want FENDI High boots  beige calfskin 521232,New
FENDI First Wedge Boots Black Sheepskin 521226,https://cdn.shopify.com/s/files/1/0912/9351/6071/files/img_91e4ad8d_20230921_i1695287680_1604_5_jpg.jpg?v=1761356778,footwear,fendi,https://cdn.shopify.com/s/files/1/0912/9351/6071/files/img_91e4ad8d_20230921_i1695287680_1604_5_jpg.jpg?v=1761356778|https://cdn.shopify.com/s/files/1/0912/9351/6071/files/img_91e4ad8d_20230921_i1695287680_515_7_jpg.jpg?v=1761356778|https://cdn.shopify.com/s/files/1/0912/9351/6071/files/img_91e4ad8d_20230921_i1695287680_2015_4_jpg.jpg?v=1761356778|https://cdn.shopify.com/s/files/1/0912/9351/6071/files/img_91e4ad8d_20230921_i1695287680_4127_6_jpg.jpg?v=1761356778|https://cdn.shopify.com/s/files/1/0912/9351/6071/files/img_91e4ad8d_20230921_i1695287680_4728_8_jpg.jpg?v=1761356778|https://cdn.shopify.com/s/files/1/0912/9351/6071/files/img_91e4ad8d_20230921_i1695287680_5233_1_jpg.jpg?v=1761356778|https://cdn.shopify.com/s/files/1/0912/9351/6071/files/img_91e4ad8d_20230921_i1695287680_7834_3_jpg.jpg?v=1761356778|https://cdn.shopify.com/s/files/1/0912/9351/6071/files/img_91e4ad8d_20230921_i1695287680_7938_2_jpg.jpg?v=1761356778|https://cdn.shopify.com/s/files/1/0912/9351/6071/files/img_91e4ad8d_20230921_i1695287680_9819_0_jpg.jpg?v=1761356778,Hi I want FENDI First Wedge Boots Black Sheepskin 521226,New
FENDI First Wedge Boots White Sheepskin 521225,https://cdn.shopify.com/s/files/1/0912/9351/6071/files/img_91e4ad8d_20230921_i1695287643_5164_5_jpg.jpg?v=1761356776,footwear,fendi,https://cdn.shopify.com/s/files/1/0912/9351/6071/files/img_91e4ad8d_20230921_i1695287643_5164_5_jpg.jpg?v=1761356776|https://cdn.shopify.com/s/files/1/0912/9351/6071/files/img_91e4ad8d_20230921_i1695287643_1664_1_jpg.jpg?v=1761356776|https://cdn.shopify.com/s/files/1/0912/9351/6071/files/img_91e4ad8d_20230921_i1695287643_2420_4_jpg.jpg?v=1761356776|https://cdn.shopify.com/s/files/1/0912/9351/6071/files/img_91e4ad8d_20230921_i1695287643_3792_0_jpg.jpg?v=1761356776|https://cdn.shopify.com/s/files/1/0912/9351/6071/files/img_91e4ad8d_20230921_i1695287643_5216_3_jpg.jpg?v=1761356776|https://cdn.shopify.com/s/files/1/0912/9351/6071/files/img_91e4ad8d_20230921_i1695287643_6076_7_jpg.jpg?v=1761356776|https://cdn.shopify.com/s/files/1/0912/9351/6071/files/img_91e4ad8d_20230921_i1695287643_6124_8_jpg.jpg?v=1761356777|https://cdn.shopify.com/s/files/1/0912/9351/6071/files/img_91e4ad8d_20230921_i1695287643_8735_2_jpg.jpg?v=1761356776|https://cdn.shopify.com/s/files/1/0912/9351/6071/files/img_91e4ad8d_20230921_i1695287643_9988_6_jpg.jpg?v=1761356776,Hi I want FENDI First Wedge Boots White Sheepskin 521225,New
FENDI First Wedge Boots Brown Sheepskin 521223,https://cdn.shopify.com/s/files/1/0912/9351/6071/files/img_91e4ad8d_20230921_i1695287669_1908_2_jpg.jpg?v=1761356772,footwear,fendi,https://cdn.shopify.com/s/files/1/0912/9351/6071/files/img_91e4ad8d_20230921_i1695287669_1908_2_jpg.jpg?v=1761356772|https://cdn.shopify.com/s/files/1/0912/9351/6071/files/img_91e4ad8d_20230921_i1695287669_125_3_jpg.jpg?v=1761356772|https://cdn.shopify.com/s/files/1/0912/9351/6071/files/img_91e4ad8d_20230921_i1695287669_180_0_jpg.jpg?v=1761356772|https://cdn.shopify.com/s/files/1/0912/9351/6071/files/img_91e4ad8d_20230921_i1695287669_186_7_jpg.jpg?v=1761356772|https://cdn.shopify.com/s/files/1/0912/9351/6071/files/img_91e4ad8d_20230921_i1695287669_217_8_jpg.jpg?v=1761356772|https://cdn.shopify.com/s/files/1/0912/9351/6071/files/img_91e4ad8d_20230921_i1695287669_3725_4_jpg.jpg?v=1761356772|https://cdn.shopify.com/s/files/1/0912/9351/6071/files/img_91e4ad8d_20230921_i1695287669_4869_5_jpg.jpg?v=1761356772|https://cdn.shopify.com/s/files/1/0912/9351/6071/files/img_91e4ad8d_20230921_i1695287669_5413_6_jpg.jpg?v=1761356772|https://cdn.shopify.com/s/files/1/0912/9351/6071/files/img_91e4ad8d_20230921_i1695287669_5600_1_jpg.jpg?v=1761356772,Hi I want FENDI First Wedge Boots Brown Sheepskin 521223,New
FENDI knee boots high heel monogram olive cowhide 521219,https://cdn.shopify.com/s/files/1/0912/9351/6071/files/img_91e4ad8d_20230921_i1695287556_2603_2_jpg.jpg?v=1761356768,footwear,fendi,https://cdn.shopify.com/s/files/1/0912/9351/6071/files/img_91e4ad8d_20230921_i1695287556_2603_2_jpg.jpg?v=1761356768|https://cdn.shopify.com/s/files/1/0912/9351/6071/files/img_91e4ad8d_20230921_i1695287556_3204_8_jpg.jpg?v=1761356768|https://cdn.shopify.com/s/files/1/0912/9351/6071/files/img_91e4ad8d_20230921_i1695287556_1020_1_jpg.jpg?v=1761356768|https://cdn.shopify.com/s/files/1/0912/9351/6071/files/img_91e4ad8d_20230921_i1695287556_4669_5_jpg.jpg?v=1761356768|https://cdn.shopify.com/s/files/1/0912/9351/6071/files/img_91e4ad8d_20230921_i1695287556_5033_0_jpg.jpg?v=1761356768|https://cdn.shopify.com/s/files/1/0912/9351/6071/files/img_91e4ad8d_20230921_i1695287556_6370_3_jpg.jpg?v=1761356768|https://cdn.shopify.com/s/files/1/0912/9351/6071/files/img_91e4ad8d_20230921_i1695287556_6468_4_jpg.jpg?v=1761356768|https://cdn.shopify.com/s/files/1/0912/9351/6071/files/img_91e4ad8d_20230921_i1695287556_7563_7_jpg.jpg?v=1761356768|https://cdn.shopify.com/s/files/1/0912/9351/6071/files/img_91e4ad8d_20230921_i1695287556_9655_6_jpg.jpg?v=1761356768,Hi I want FENDI knee boots high heel monogram olive cowhide 521219,New
FENDI knee boots high heel monogram brown cowhide 521218,https://cdn.shopify.com/s/files/1/0912/9351/6071/files/img_91e4ad8d_20230921_i1695287541_8435_0_jpg.jpg?v=1761356766,footwear,fendi,https://cdn.shopify.com/s/files/1/0912/9351/6071/files/img_91e4ad8d_20230921_i1695287541_8435_0_jpg.jpg?v=1761356766|https://cdn.shopify.com/s/files/1/0912/9351/6071/files/img_91e4ad8d_20230921_i1695287541_4602_7_jpg.jpg?v=1761356766|https://cdn.shopify.com/s/files/1/0912/9351/6071/files/img_91e4ad8d_20230921_i1695287541_4715_8_jpg.jpg?v=1761356766|https://cdn.shopify.com/s/files/1/0912/9351/6071/files/img_91e4ad8d_20230921_i1695287541_2542_3_jpg.jpg?v=1761356766|https://cdn.shopify.com/s/files/1/0912/9351/6071/files/img_91e4ad8d_20230921_i1695287541_4812_6_jpg.jpg?v=1761356766|https://cdn.shopify.com/s/files/1/0912/9351/6071/files/img_91e4ad8d_20230921_i1695287541_6341_5_jpg.jpg?v=1761356766|https://cdn.shopify.com/s/files/1/0912/9351/6071/files/img_91e4ad8d_20230921_i1695287541_7834_2_jpg.jpg?v=1761356766|https://cdn.shopify.com/s/files/1/0912/9351/6071/files/img_91e4ad8d_20230921_i1695287541_7879_1_jpg.jpg?v=1761356766|https://cdn.shopify.com/s/files/1/0912/9351/6071/files/img_91e4ad8d_20230921_i1695287541_8403_4_jpg.jpg?v=1761356766,Hi I want FENDI knee boots high heel monogram brown cowhide 521218,New
FENDI knee boots high heel monogram blue black cowhide 521217,https://cdn.shopify.com/s/files/1/0912/9351/6071/files/img_91e4ad8d_20230921_i1695287529_7271_5_jpg.jpg?v=1761356764,footwear,fendi,https://cdn.shopify.com/s/files/1/0912/9351/6071/files/img_91e4ad8d_20230921_i1695287529_7271_5_jpg.jpg?v=1761356764|https://cdn.shopify.com/s/files/1/0912/9351/6071/files/img_91e4ad8d_20230921_i1695287529_1181_3_jpg.jpg?v=1761356763|https://cdn.shopify.com/s/files/1/0912/9351/6071/files/img_91e4ad8d_20230921_i1695287529_9222_8_jpg.jpg?v=1761356763|https://cdn.shopify.com/s/files/1/0912/9351/6071/files/img_91e4ad8d_20230921_i1695287529_2253_2_jpg.jpg?v=1761356763|https://cdn.shopify.com/s/files/1/0912/9351/6071/files/img_91e4ad8d_20230921_i1695287529_5698_6_jpg.jpg?v=1761356763|https://cdn.shopify.com/s/files/1/0912/9351/6071/files/img_91e4ad8d_20230921_i1695287529_7339_7_jpg.jpg?v=1761356763|https://cdn.shopify.com/s/files/1/0912/9351/6071/files/img_91e4ad8d_20230921_i1695287529_7759_4_jpg.jpg?v=1761356763|https://cdn.shopify.com/s/files/1/0912/9351/6071/files/img_91e4ad8d_20230921_i1695287529_8022_0_jpg.jpg?v=1761356763|https://cdn.shopify.com/s/files/1/0912/9351/6071/files/img_91e4ad8d_20230921_i1695287529_9324_1_jpg.jpg?v=1761356763,Hi I want FENDI knee boots high heel monogram blue black cowhide 521217,New
FENDI knee boots high heel beige cowhide 521211,https://cdn.shopify.com/s/files/1/0912/9351/6071/files/img_91e4ad8d_20230921_i1695287598_6897_3_jpg.jpg?v=1761356757,footwear,fendi,https://cdn.shopify.com/s/files/1/0912/9351/6071/files/img_91e4ad8d_20230921_i1695287598_6897_3_jpg.jpg?v=1761356757|https://cdn.shopify.com/s/files/1/0912/9351/6071/files/img_91e4ad8d_20230921_i1695287598_887_5_jpg.jpg?v=1761356757|https://cdn.shopify.com/s/files/1/0912/9351/6071/files/img_91e4ad8d_20230921_i1695287598_2909_2_jpg.jpg?v=1761356757|https://cdn.shopify.com/s/files/1/0912/9351/6071/files/img_91e4ad8d_20230921_i1695287598_5997_0_jpg.jpg?v=1761356757|https://cdn.shopify.com/s/files/1/0912/9351/6071/files/img_91e4ad8d_20230921_i1695287598_6774_6_jpg.jpg?v=1761356757|https://cdn.shopify.com/s/files/1/0912/9351/6071/files/img_91e4ad8d_20230921_i1695287598_6852_8_jpg.jpg?v=1761356757|https://cdn.shopify.com/s/files/1/0912/9351/6071/files/img_91e4ad8d_20230921_i1695287598_8611_7_jpg.jpg?v=1761356757|https://cdn.shopify.com/s/files/1/0912/9351/6071/files/img_91e4ad8d_20230921_i1695287598_8620_1_jpg.jpg?v=1761356757|https://cdn.shopify.com/s/files/1/0912/9351/6071/files/img_91e4ad8d_20230921_i1695287598_9713_4_jpg.jpg?v=1761356757,Hi I want FENDI knee boots high heel beige cowhide 521211,New
FENDI knee boots high heel white cowhide 521210,https://cdn.shopify.com/s/files/1/0912/9351/6071/files/img_91e4ad8d_20230921_i1695287587_2014_2.jpg_1.jpg?v=1761356755,footwear,fendi,https://cdn.shopify.com/s/files/1/0912/9351/6071/files/img_91e4ad8d_20230921_i1695287587_2014_2.jpg_1.jpg?v=1761356755|https://cdn.shopify.com/s/files/1/0912/9351/6071/files/img_91e4ad8d_20230921_i1695287587_1225_6.jpg_1.jpg?v=1761356755|https://cdn.shopify.com/s/files/1/0912/9351/6071/files/img_91e4ad8d_20230921_i1695287587_1303_3.jpg_1.jpg?v=1761356755|https://cdn.shopify.com/s/files/1/0912/9351/6071/files/img_91e4ad8d_20230921_i1695287587_2511_8.jpg_1.jpg?v=1761356755|https://cdn.shopify.com/s/files/1/0912/9351/6071/files/img_91e4ad8d_20230921_i1695287587_6993_4.jpg_1.jpg?v=1761356755|https://cdn.shopify.com/s/files/1/0912/9351/6071/files/img_91e4ad8d_20230921_i1695287587_8357_0.jpg_1.jpg?v=1761356755|https://cdn.shopify.com/s/files/1/0912/9351/6071/files/img_91e4ad8d_20230921_i1695287587_9153_7.jpg_1.jpg?v=1761356755|https://cdn.shopify.com/s/files/1/0912/9351/6071/files/img_91e4ad8d_20230921_i1695287587_2169_5.jpg_1.jpg?v=1761356755|https://cdn.shopify.com/s/files/1/0912/9351/6071/files/img_91e4ad8d_20230921_i1695287587_6460_1.jpg_1.jpg?v=1761356755,Hi I want FENDI knee boots high heel white cowhide 521210,New
FENDI knee boots high heel olive green cowhide 521209,https://cdn.shopify.com/s/files/1/0912/9351/6071/files/img_91e4ad8d_20230921_i1695287611_8111_4_jpg.jpg?v=1761356753,footwear,fendi,https://cdn.shopify.com/s/files/1/0912/9351/6071/files/img_91e4ad8d_20230921_i1695287611_8111_4_jpg.jpg?v=1761356753|https://cdn.shopify.com/s/files/1/0912/9351/6071/files/img_91e4ad8d_20230921_i1695287611_5878_0_jpg.jpg?v=1761356753|https://cdn.shopify.com/s/files/1/0912/9351/6071/files/img_91e4ad8d_20230921_i1695287611_5607_8_jpg.jpg?v=1761356753|https://cdn.shopify.com/s/files/1/0912/9351/6071/files/img_91e4ad8d_20230921_i1695287611_2413_6_jpg.jpg?v=1761356753|https://cdn.shopify.com/s/files/1/0912/9351/6071/files/img_91e4ad8d_20230921_i1695287611_2534_5_jpg.jpg?v=1761356753|https://cdn.shopify.com/s/files/1/0912/9351/6071/files/img_91e4ad8d_20230921_i1695287611_5020_7_jpg.jpg?v=1761356753|https://cdn.shopify.com/s/files/1/0912/9351/6071/files/img_91e4ad8d_20230921_i1695287611_8088_2_jpg.jpg?v=1761356753|https://cdn.shopify.com/s/files/1/0912/9351/6071/files/img_91e4ad8d_20230921_i1695287611_8173_1_jpg.jpg?v=1761356753|https://cdn.shopify.com/s/files/1/0912/9351/6071/files/img_91e4ad8d_20230921_i1695287611_9060_3_jpg.jpg?v=1761356753,Hi I want FENDI knee boots high heel olive green cowhide 521209,New
Fendi 25ss slippers taupe brown wool 507103,https://cdn.shopify.com/s/files/1/0912/9351/6071/files/imgHD_8578bd92_20250911_i1757604184656_835_0_0_jpg.jpg?v=1760581687,footwear,fendi,https://cdn.shopify.com/s/files/1/0912/9351/6071/files/imgHD_8578bd92_20250911_i1757604184656_835_0_0_jpg.jpg?v=1760581687|https://cdn.shopify.com/s/files/1/0912/9351/6071/files/imgHD_8578bd92_20250911_i1757604221184_3088_0_6_jpg.jpg?v=1760581687|https://cdn.shopify.com/s/files/1/0912/9351/6071/files/imgHD_8578bd92_20250911_i1757605440172_3737_0_8_jpg.jpg?v=1760581687|https://cdn.shopify.com/s/files/1/0912/9351/6071/files/imgHD_8578bd92_20250911_i1757604221182_6610_0_3_jpg.jpg?v=1760581687|https://cdn.shopify.com/s/files/1/0912/9351/6071/files/imgHD_8578bd92_20250911_i1757604222044_4732_0_2_jpg.jpg?v=1760581687|https://cdn.shopify.com/s/files/1/0912/9351/6071/files/imgHD_8578bd92_20250911_i1757604222730_4866_0_4_jpg.jpg?v=1760581687|https://cdn.shopify.com/s/files/1/0912/9351/6071/files/imgHD_8578bd92_20250911_i1757604223834_2840_0_7_jpg.jpg?v=1760581687|https://cdn.shopify.com/s/files/1/0912/9351/6071/files/imgHD_8578bd92_20250911_i1757605419613_8999_0_5_jpg.jpg?v=1760581687|https://cdn.shopify.com/s/files/1/0912/9351/6071/files/imgHD_8578bd92_20250911_i1757605419637_52_0_1_jpg.jpg?v=1760581687,Hi I want Fendi 25ss slippers taupe brown wool 507103,New
Fendi 25ss slippers dark brown wool 507102,https://cdn.shopify.com/s/files/1/0912/9351/6071/files/imgHD_8578bd92_20250911_i1757605426773_9419_0_0_jpg.jpg?v=1760581685,footwear,fendi,https://cdn.shopify.com/s/files/1/0912/9351/6071/files/imgHD_8578bd92_20250911_i1757605426773_9419_0_0_jpg.jpg?v=1760581685|https://cdn.shopify.com/s/files/1/0912/9351/6071/files/imgHD_8578bd92_20250911_i1757605427354_5151_0_3_jpg.jpg?v=1760581685|https://cdn.shopify.com/s/files/1/0912/9351/6071/files/imgHD_8578bd92_20250911_i1757604172573_9102_0_5_jpg.jpg?v=1760581685|https://cdn.shopify.com/s/files/1/0912/9351/6071/files/imgHD_8578bd92_20250911_i1757604175479_1416_0_8_jpg.jpg?v=1760581685|https://cdn.shopify.com/s/files/1/0912/9351/6071/files/imgHD_8578bd92_20250911_i1757604172682_1460_0_1_jpg.jpg?v=1760581685|https://cdn.shopify.com/s/files/1/0912/9351/6071/files/imgHD_8578bd92_20250911_i1757604175443_2544_0_7_jpg.jpg?v=1760581685|https://cdn.shopify.com/s/files/1/0912/9351/6071/files/imgHD_8578bd92_20250911_i1757605413100_9534_0_2_jpg.jpg?v=1760581685|https://cdn.shopify.com/s/files/1/0912/9351/6071/files/imgHD_8578bd92_20250911_i1757605426693_7009_0_6_jpg.jpg?v=1760581685|https://cdn.shopify.com/s/files/1/0912/9351/6071/files/imgHD_8578bd92_20250911_i1757605427339_6821_0_4_jpg.jpg?v=1760581685,Hi I want Fendi 25ss slippers dark brown wool 507102,New
Fendi 25ss high-heeled boots red sheepskin 502721,https://cdn.shopify.com/s/files/1/0912/9351/6071/files/img_ba08397b_20250926_a1758838725443_0672_jpg.jpg?v=1760581683,footwear,fendi,https://cdn.shopify.com/s/files/1/0912/9351/6071/files/img_ba08397b_20250926_a1758838725443_0672_jpg.jpg?v=1760581683|https://cdn.shopify.com/s/files/1/0912/9351/6071/files/img_ba08397b_20250926_a1758838725214_2414_jpg.jpg?v=1760581683|https://cdn.shopify.com/s/files/1/0912/9351/6071/files/img_ba08397b_20250926_a1758838725386_4043_jpg.jpg?v=1760581683|https://cdn.shopify.com/s/files/1/0912/9351/6071/files/img_ba08397b_20250926_a1758838725462_2585_jpg.jpg?v=1760581683|https://cdn.shopify.com/s/files/1/0912/9351/6071/files/img_ba08397b_20250926_a1758838725678_0713_jpg.jpg?v=1760581683|https://cdn.shopify.com/s/files/1/0912/9351/6071/files/img_ba08397b_20250926_a1758838728129_8555_jpg.jpg?v=1760581683|https://cdn.shopify.com/s/files/1/0912/9351/6071/files/img_ba08397b_20250926_a1758838728224_4481_jpg.jpg?v=1760581683|https://cdn.shopify.com/s/files/1/0912/9351/6071/files/img_ba08397b_20250926_a1758838728261_2576_jpg.jpg?v=1760581683|https://cdn.shopify.com/s/files/1/0912/9351/6071/files/img_ba08397b_20250926_a1758838728312_6687_jpg.jpg?v=1760581683,Hi I want Fendi 25ss high-heeled boots red sheepskin 502721,New
Fendi 25ss high-heeled boots caramel brown sheepskin 502720,https://cdn.shopify.com/s/files/1/0912/9351/6071/files/img_ba08397b_20250926_a1758838716667_8875_jpg.jpg?v=1760581681,footwear,fendi,https://cdn.shopify.com/s/files/1/0912/9351/6071/files/img_ba08397b_20250926_a1758838716667_8875_jpg.jpg?v=1760581681|https://cdn.shopify.com/s/files/1/0912/9351/6071/files/img_ba08397b_20250926_a1758838716911_0885_jpg.jpg?v=1760581681|https://cdn.shopify.com/s/files/1/0912/9351/6071/files/img_ba08397b_20250926_a1758838716957_2463_jpg.jpg?v=1760581681|https://cdn.shopify.com/s/files/1/0912/9351/6071/files/img_ba08397b_20250926_a1758838716985_5147_jpg.jpg?v=1760581681|https://cdn.shopify.com/s/files/1/0912/9351/6071/files/img_ba08397b_20250926_a1758838717155_5020_jpg.jpg?v=1760581681|https://cdn.shopify.com/s/files/1/0912/9351/6071/files/img_ba08397b_20250926_a1758838719294_1722_jpg.jpg?v=1760581681|https://cdn.shopify.com/s/files/1/0912/9351/6071/files/img_ba08397b_20250926_a1758838719499_0377_jpg.jpg?v=1760581681|https://cdn.shopify.com/s/files/1/0912/9351/6071/files/img_ba08397b_20250926_a1758838719650_1074_jpg.jpg?v=1760581681|https://cdn.shopify.com/s/files/1/0912/9351/6071/files/img_ba08397b_20250926_a1758838719696_5525_jpg.jpg?v=1760581681,Hi I want Fendi 25ss high-heeled boots caramel brown sheepskin 502720,New
Fendi 25ss high-heeled boots reddish brown sheepskin 502719,https://cdn.shopify.com/s/files/1/0912/9351/6071/files/img_ba08397b_20250926_a1758838708810_8503_jpg.jpg?v=1760581679,footwear,fendi,https://cdn.shopify.com/s/files/1/0912/9351/6071/files/img_ba08397b_20250926_a1758838708810_8503_jpg.jpg?v=1760581679|https://cdn.shopify.com/s/files/1/0912/9351/6071/files/img_ba08397b_20250926_a1758838708433_4456_jpg.jpg?v=1760581679|https://cdn.shopify.com/s/files/1/0912/9351/6071/files/img_ba08397b_20250926_a1758838708142_6333_jpg.jpg?v=1760581679|https://cdn.shopify.com/s/files/1/0912/9351/6071/files/img_ba08397b_20250926_a1758838708423_0372_jpg.jpg?v=1760581679|https://cdn.shopify.com/s/files/1/0912/9351/6071/files/img_ba08397b_20250926_a1758838708540_4608_jpg.jpg?v=1760581679|https://cdn.shopify.com/s/files/1/0912/9351/6071/files/img_ba08397b_20250926_a1758838711099_0534_jpg.jpg?v=1760581679|https://cdn.shopify.com/s/files/1/0912/9351/6071/files/img_ba08397b_20250926_a1758838711282_0407_jpg.jpg?v=1760581679|https://cdn.shopify.com/s/files/1/0912/9351/6071/files/img_ba08397b_20250926_a1758838711295_5001_jpg.jpg?v=1760581679|https://cdn.shopify.com/s/files/1/0912/9351/6071/files/img_ba08397b_20250926_a1758838711312_6721_jpg.jpg?v=1760581679,Hi I want Fendi 25ss high-heeled boots reddish brown sheepskin 502719,New
Fendi 25ss high-heeled boots black sheepskin 502718,https://cdn.shopify.com/s/files/1/0912/9351/6071/files/img_ba08397b_20250926_a1758838700268_7463.jpg_1.jpg?v=1760581676,footwear,fendi,https://cdn.shopify.com/s/files/1/0912/9351/6071/files/img_ba08397b_20250926_a1758838700268_7463.jpg_1.jpg?v=1760581676|https://cdn.shopify.com/s/files/1/0912/9351/6071/files/img_ba08397b_20250926_a1758838700194_3233.jpg_1.jpg?v=1760581676|https://cdn.shopify.com/s/files/1/0912/9351/6071/files/img_ba08397b_20250926_a1758838703331_1575.jpg_1.jpg?v=1760581676|https://cdn.shopify.com/s/files/1/0912/9351/6071/files/img_ba08397b_20250926_a1758838703344_1284.jpg_1.jpg?v=1760581676|https://cdn.shopify.com/s/files/1/0912/9351/6071/files/img_ba08397b_20250926_a1758838703390_0850.jpg_1.jpg?v=1760581676|https://cdn.shopify.com/s/files/1/0912/9351/6071/files/img_ba08397b_20250926_a1758838703442_5338.jpg_1.jpg?v=1760581676|https://cdn.shopify.com/s/files/1/0912/9351/6071/files/img_ba08397b_20250926_a1758838700171_6261.jpg_1.jpg?v=1760581676|https://cdn.shopify.com/s/files/1/0912/9351/6071/files/img_ba08397b_20250926_a1758838700290_0654.jpg_1.jpg?v=1760581676|https://cdn.shopify.com/s/files/1/0912/9351/6071/files/img_ba08397b_20250926_a1758838700357_1257.jpg_1.jpg?v=1760581676,Hi I want Fendi 25ss high-heeled boots black sheepskin 502718,New
Fendi 25ss high-heeled boots red sheepskin 502717,https://cdn.shopify.com/s/files/1/0912/9351/6071/files/img_ba08397b_20250926_a1758838505963_7653_jpg.jpg?v=1760581672,footwear,fendi,https://cdn.shopify.com/s/files/1/0912/9351/6071/files/img_ba08397b_20250926_a1758838505963_7653_jpg.jpg?v=1760581672|https://cdn.shopify.com/s/files/1/0912/9351/6071/files/img_ba08397b_20250926_a1758838505760_8545_jpg.jpg?v=1760581672|https://cdn.shopify.com/s/files/1/0912/9351/6071/files/img_ba08397b_20250926_a1758838505963_0658_jpg.jpg?v=1760581672|https://cdn.shopify.com/s/files/1/0912/9351/6071/files/img_ba08397b_20250926_a1758838506071_1151_jpg.jpg?v=1760581672|https://cdn.shopify.com/s/files/1/0912/9351/6071/files/img_ba08397b_20250926_a1758838506299_2218_jpg.jpg?v=1760581672|https://cdn.shopify.com/s/files/1/0912/9351/6071/files/img_ba08397b_20250926_a1758838508708_1303_jpg.jpg?v=1760581673|https://cdn.shopify.com/s/files/1/0912/9351/6071/files/img_ba08397b_20250926_a1758838510244_3506_jpg.jpg?v=1760581672|https://cdn.shopify.com/s/files/1/0912/9351/6071/files/img_ba08397b_20250926_a1758838510334_6881_jpg.jpg?v=1760581672|https://cdn.shopify.com/s/files/1/0912/9351/6071/files/img_ba08397b_20250926_a1758838510429_4047_jpg.jpg?v=1760581673,Hi I want Fendi 25ss high-heeled boots red sheepskin 502717,New
Fendi 25ss high-heeled boots caramel brown sheepskin 502716,https://cdn.shopify.com/s/files/1/0912/9351/6071/files/img_ba08397b_20250926_a1758838497223_8045_jpg.jpg?v=1760581669,footwear,fendi,https://cdn.shopify.com/s/files/1/0912/9351/6071/files/img_ba08397b_20250926_a1758838497223_8045_jpg.jpg?v=1760581669|https://cdn.shopify.com/s/files/1/0912/9351/6071/files/img_ba08397b_20250926_a1758838497317_8800_jpg.jpg?v=1760581669|https://cdn.shopify.com/s/files/1/0912/9351/6071/files/img_ba08397b_20250926_a1758838497318_6834_jpg.jpg?v=1760581669|https://cdn.shopify.com/s/files/1/0912/9351/6071/files/img_ba08397b_20250926_a1758838497330_3757_jpg.jpg?v=1760581669|https://cdn.shopify.com/s/files/1/0912/9351/6071/files/img_ba08397b_20250926_a1758838497354_0122_jpg.jpg?v=1760581669|https://cdn.shopify.com/s/files/1/0912/9351/6071/files/img_ba08397b_20250926_a1758838499851_4778_jpg.jpg?v=1760581670|https://cdn.shopify.com/s/files/1/0912/9351/6071/files/img_ba08397b_20250926_a1758838500102_8360_jpg.jpg?v=1760581670|https://cdn.shopify.com/s/files/1/0912/9351/6071/files/img_ba08397b_20250926_a1758838500150_1047_jpg.jpg?v=1760581669|https://cdn.shopify.com/s/files/1/0912/9351/6071/files/img_ba08397b_20250926_a1758838500392_1508_jpg.jpg?v=1760581669,Hi I want Fendi 25ss high-heeled boots caramel brown sheepskin 502716,New
Fendi 25ss high-heeled boots black sheepskin 502714,https://cdn.shopify.com/s/files/1/0912/9351/6071/files/img_ba08397b_20250926_a1758838478396_4483_jpg.jpg?v=1760581665,footwear,fendi,https://cdn.shopify.com/s/files/1/0912/9351/6071/files/img_ba08397b_20250926_a1758838478396_4483_jpg.jpg?v=1760581665|https://cdn.shopify.com/s/files/1/0912/9351/6071/files/img_ba08397b_20250926_a1758838478799_6012_jpg.jpg?v=1760581665|https://cdn.shopify.com/s/files/1/0912/9351/6071/files/img_ba08397b_20250926_a1758838478748_4821_jpg.jpg?v=1760581665|https://cdn.shopify.com/s/files/1/0912/9351/6071/files/img_ba08397b_20250926_a1758838481769_3135_jpg.jpg?v=1760581665|https://cdn.shopify.com/s/files/1/0912/9351/6071/files/img_ba08397b_20250926_a1758838481951_2406_jpg.jpg?v=1760581665|https://cdn.shopify.com/s/files/1/0912/9351/6071/files/img_ba08397b_20250926_a1758838481960_6543_jpg.jpg?v=1760581666|https://cdn.shopify.com/s/files/1/0912/9351/6071/files/img_ba08397b_20250926_a1758838482102_8254_jpg.jpg?v=1760581665|https://cdn.shopify.com/s/files/1/0912/9351/6071/files/img_ba08397b_20250926_a1758838478842_1330_jpg.jpg?v=1760581665|https://cdn.shopify.com/s/files/1/0912/9351/6071/files/img_ba08397b_20250926_a1758838479123_1060_jpg.jpg?v=1760581665,Hi I want Fendi 25ss high-heeled boots black sheepskin 502714,New
Fendi 25 high boots caramel yellow suede 500941,https://cdn.shopify.com/s/files/1/0912/9351/6071/files/imgHD_2de0ff0e_20251007_a1759823222178_2772_jpg.jpg?v=1760581664,footwear,fendi,https://cdn.shopify.com/s/files/1/0912/9351/6071/files/imgHD_2de0ff0e_20251007_a1759823222178_2772_jpg.jpg?v=1760581664|https://cdn.shopify.com/s/files/1/0912/9351/6071/files/imgHD_2de0ff0e_20251007_a1759823231507_3504_jpg.jpg?v=1760581663|https://cdn.shopify.com/s/files/1/0912/9351/6071/files/imgHD_2de0ff0e_20251007_a1759823231512_6445_jpg.jpg?v=1760581663|https://cdn.shopify.com/s/files/1/0912/9351/6071/files/imgHD_2de0ff0e_20251007_a1759823231514_3883_jpg.jpg?v=1760581663|https://cdn.shopify.com/s/files/1/0912/9351/6071/files/imgHD_2de0ff0e_20251007_a1759823222159_7562_jpg.jpg?v=1760581663|https://cdn.shopify.com/s/files/1/0912/9351/6071/files/imgHD_2de0ff0e_20251007_a1759823222177_2528_jpg.jpg?v=1760581663|https://cdn.shopify.com/s/files/1/0912/9351/6071/files/imgHD_2de0ff0e_20251007_a1759823222180_0686_jpg.jpg?v=1760581663|https://cdn.shopify.com/s/files/1/0912/9351/6071/files/imgHD_2de0ff0e_20251007_a1759823222184_1606_jpg.jpg?v=1760581663|https://cdn.shopify.com/s/files/1/0912/9351/6071/files/imgHD_2de0ff0e_20251007_a1759823231510_2204_jpg.jpg?v=1760581663,Hi I want Fendi 25 high boots caramel yellow suede 500941,New
Fendi 25 high boots deep chocolate brown suede 500940,https://cdn.shopify.com/s/files/1/0912/9351/6071/files/imgHD_2de0ff0e_20251007_a1759823167106_6538_jpg.jpg?v=1760581661,footwear,fendi,https://cdn.shopify.com/s/files/1/0912/9351/6071/files/imgHD_2de0ff0e_20251007_a1759823167106_6538_jpg.jpg?v=1760581661|https://cdn.shopify.com/s/files/1/0912/9351/6071/files/imgHD_2de0ff0e_20251007_a1759822554066_1311.jpg_1.jpg?v=1760581661|https://cdn.shopify.com/s/files/1/0912/9351/6071/files/imgHD_2de0ff0e_20251007_a1759823167085_1745_jpg.jpg?v=1760581661|https://cdn.shopify.com/s/files/1/0912/9351/6071/files/imgHD_2de0ff0e_20251007_a1759823167087_1161_jpg.jpg?v=1760581661|https://cdn.shopify.com/s/files/1/0912/9351/6071/files/imgHD_2de0ff0e_20251007_a1759823167089_1771_jpg.jpg?v=1760581661|https://cdn.shopify.com/s/files/1/0912/9351/6071/files/imgHD_2de0ff0e_20251007_a1759823167094_0205_jpg.jpg?v=1760581661|https://cdn.shopify.com/s/files/1/0912/9351/6071/files/imgHD_2de0ff0e_20251007_a1759823176756_4370_jpg.jpg?v=1760581661|https://cdn.shopify.com/s/files/1/0912/9351/6071/files/imgHD_2de0ff0e_20251007_a1759823176757_6160_jpg.jpg?v=1760581661|https://cdn.shopify.com/s/files/1/0912/9351/6071/files/imgHD_2de0ff0e_20251007_a1759823176759_1834_jpg.jpg?v=1760581661,Hi I want Fendi 25 high boots deep chocolate brown suede 500940,New
Fendi 25 high boots caramel brown suede 500939,https://cdn.shopify.com/s/files/1/0912/9351/6071/files/imgHD_2de0ff0e_20251007_a1759823147963_4804.jpg_2.jpg?v=1760581659,footwear,fendi,https://cdn.shopify.com/s/files/1/0912/9351/6071/files/imgHD_2de0ff0e_20251007_a1759823147963_4804.jpg_2.jpg?v=1760581659|https://cdn.shopify.com/s/files/1/0912/9351/6071/files/imgHD_2de0ff0e_20251007_a1759823147941_8487.jpg_2.jpg?v=1760581659|https://cdn.shopify.com/s/files/1/0912/9351/6071/files/imgHD_2de0ff0e_20251007_a1759823147959_0762.jpg_2.jpg?v=1760581659|https://cdn.shopify.com/s/files/1/0912/9351/6071/files/imgHD_2de0ff0e_20251007_a1759823147972_5625.jpg_2.jpg?v=1760581659|https://cdn.shopify.com/s/files/1/0912/9351/6071/files/imgHD_2de0ff0e_20251007_a1759823147979_0138.jpg_2.jpg?v=1760581659|https://cdn.shopify.com/s/files/1/0912/9351/6071/files/imgHD_2de0ff0e_20251007_a1759823153888_7316.jpg_2.jpg?v=1760581660|https://cdn.shopify.com/s/files/1/0912/9351/6071/files/imgHD_2de0ff0e_20251007_a1759823153904_5333.jpg_2.jpg?v=1760581659|https://cdn.shopify.com/s/files/1/0912/9351/6071/files/imgHD_2de0ff0e_20251007_a1759823157379_3717.jpg_2.jpg?v=1760581659|https://cdn.shopify.com/s/files/1/0912/9351/6071/files/imgHD_2de0ff0e_20251007_a1759823157380_0173.jpg_2.jpg?v=1760581659,Hi I want Fendi 25 high boots caramel brown suede 500939,New
Fendi 25 high boots black suede 500938,https://cdn.shopify.com/s/files/1/0912/9351/6071/files/imgHD_2de0ff0e_20251007_a1759823113791_6734_jpg.jpg?v=1760581657,footwear,fendi,https://cdn.shopify.com/s/files/1/0912/9351/6071/files/imgHD_2de0ff0e_20251007_a1759823113791_6734_jpg.jpg?v=1760581657|https://cdn.shopify.com/s/files/1/0912/9351/6071/files/imgHD_2de0ff0e_20251007_a1759823120851_4814_jpg.jpg?v=1760581657|https://cdn.shopify.com/s/files/1/0912/9351/6071/files/imgHD_2de0ff0e_20251007_a1759823122214_6664_jpg.jpg?v=1760581658|https://cdn.shopify.com/s/files/1/0912/9351/6071/files/imgHD_2de0ff0e_20251007_a1759823113778_0788_jpg.jpg?v=1760581658|https://cdn.shopify.com/s/files/1/0912/9351/6071/files/imgHD_2de0ff0e_20251007_a1759823113787_1403_jpg.jpg?v=1760581657|https://cdn.shopify.com/s/files/1/0912/9351/6071/files/imgHD_2de0ff0e_20251007_a1759823113790_4576_jpg.jpg?v=1760581657|https://cdn.shopify.com/s/files/1/0912/9351/6071/files/imgHD_2de0ff0e_20251007_a1759823113790_5406_jpg.jpg?v=1760581657|https://cdn.shopify.com/s/files/1/0912/9351/6071/files/imgHD_2de0ff0e_20251007_a1759823120873_1164_jpg.jpg?v=1760581657|https://cdn.shopify.com/s/files/1/0912/9351/6071/files/imgHD_2de0ff0e_20251007_a1759823122203_5271_jpg.jpg?v=1760581657,Hi I want Fendi 25 high boots black suede 500938,New
Fendi 25 short boots caramel yellow suede 500936,https://cdn.shopify.com/s/files/1/0912/9351/6071/files/imgHD_2de0ff0e_20251007_a1759823048732_8448_jpg.jpg?v=1760581655,footwear,fendi,https://cdn.shopify.com/s/files/1/0912/9351/6071/files/imgHD_2de0ff0e_20251007_a1759823048732_8448_jpg.jpg?v=1760581655|https://cdn.shopify.com/s/files/1/0912/9351/6071/files/imgHD_2de0ff0e_20251007_a1759823048727_5875_jpg.jpg?v=1760581655|https://cdn.shopify.com/s/files/1/0912/9351/6071/files/imgHD_2de0ff0e_20251007_a1759823056862_8524_jpg.jpg?v=1760581655|https://cdn.shopify.com/s/files/1/0912/9351/6071/files/imgHD_2de0ff0e_20251007_a1759823056864_6367_jpg.jpg?v=1760581655|https://cdn.shopify.com/s/files/1/0912/9351/6071/files/imgHD_2de0ff0e_20251007_a1759823056867_5440_jpg.jpg?v=1760581656|https://cdn.shopify.com/s/files/1/0912/9351/6071/files/imgHD_2de0ff0e_20251007_a1759823062342_6664_jpg.jpg?v=1760581656|https://cdn.shopify.com/s/files/1/0912/9351/6071/files/imgHD_2de0ff0e_20251007_a1759823048724_0565_jpg.jpg?v=1760581655|https://cdn.shopify.com/s/files/1/0912/9351/6071/files/imgHD_2de0ff0e_20251007_a1759823048729_3273_jpg.jpg?v=1760581655|https://cdn.shopify.com/s/files/1/0912/9351/6071/files/imgHD_2de0ff0e_20251007_a1759823048733_6412_jpg.jpg?v=1760581656,Hi I want Fendi 25 short boots caramel yellow suede 500936,New
Fendi 25 short boots caramel brown suede 500934,https://cdn.shopify.com/s/files/1/0912/9351/6071/files/imgHD_2de0ff0e_20251007_a1759823002426_7074_jpg.jpg?v=1760581652,footwear,fendi,https://cdn.shopify.com/s/files/1/0912/9351/6071/files/imgHD_2de0ff0e_20251007_a1759823002426_7074_jpg.jpg?v=1760581652|https://cdn.shopify.com/s/files/1/0912/9351/6071/files/imgHD_2de0ff0e_20251007_a1759823002413_5844_jpg.jpg?v=1760581652|https://cdn.shopify.com/s/files/1/0912/9351/6071/files/imgHD_2de0ff0e_20251007_a1759823002439_4768_jpg.jpg?v=1760581652|https://cdn.shopify.com/s/files/1/0912/9351/6071/files/imgHD_2de0ff0e_20251007_a1759823006060_0588_jpg.jpg?v=1760581652|https://cdn.shopify.com/s/files/1/0912/9351/6071/files/imgHD_2de0ff0e_20251007_a1759823006061_6778_jpg.jpg?v=1760581652|https://cdn.shopify.com/s/files/1/0912/9351/6071/files/imgHD_2de0ff0e_20251007_a1759823006063_3508_jpg.jpg?v=1760581652|https://cdn.shopify.com/s/files/1/0912/9351/6071/files/imgHD_2de0ff0e_20251007_a1759823002425_6207_jpg.jpg?v=1760581652|https://cdn.shopify.com/s/files/1/0912/9351/6071/files/imgHD_2de0ff0e_20251007_a1759823002444_4273_jpg.jpg?v=1760581652|https://cdn.shopify.com/s/files/1/0912/9351/6071/files/imgHD_2de0ff0e_20251007_a1759823006064_7560_jpg.jpg?v=1760581652,Hi I want Fendi 25 short boots caramel brown suede 500934,New
Fendi 25 short boots deep chocolate brown suede 500933,https://cdn.shopify.com/s/files/1/0912/9351/6071/files/imgHD_2de0ff0e_20251007_a1759822549239_7004_jpg.jpg?v=1760581650,footwear,fendi,https://cdn.shopify.com/s/files/1/0912/9351/6071/files/imgHD_2de0ff0e_20251007_a1759822549239_7004_jpg.jpg?v=1760581650|https://cdn.shopify.com/s/files/1/0912/9351/6071/files/imgHD_2de0ff0e_20251007_a1759822554068_8143_jpg.jpg?v=1760581650|https://cdn.shopify.com/s/files/1/0912/9351/6071/files/imgHD_2de0ff0e_20251007_a1759822554083_3138_jpg.jpg?v=1760581650|https://cdn.shopify.com/s/files/1/0912/9351/6071/files/imgHD_2de0ff0e_20251007_a1759822549236_8171_jpg.jpg?v=1760581652|https://cdn.shopify.com/s/files/1/0912/9351/6071/files/imgHD_2de0ff0e_20251007_a1759822549248_8042_jpg.jpg?v=1760581650|https://cdn.shopify.com/s/files/1/0912/9351/6071/files/imgHD_2de0ff0e_20251007_a1759822549249_1408_jpg.jpg?v=1760581650|https://cdn.shopify.com/s/files/1/0912/9351/6071/files/imgHD_2de0ff0e_20251007_a1759822549250_7628_jpg.jpg?v=1760581650|https://cdn.shopify.com/s/files/1/0912/9351/6071/files/imgHD_2de0ff0e_20251007_a1759822554065_6358_jpg.jpg?v=1760581650|https://cdn.shopify.com/s/files/1/0912/9351/6071/files/imgHD_2de0ff0e_20251007_a1759822554066_1311_jpg.jpg?v=1760581650,Hi I want Fendi 25 short boots deep chocolate brown suede 500933,New
FF Sunshine 65 Yellow Grey Canvas Flatform Slide,https://cdn.shopify.com/s/files/1/0912/9351/6071/files/img_9301c5e6_20240608_i1717858029_8376_3_jpg_4662f549-4e57-439b-aa2e-b7dc6b5b6c41.jpg?v=1759823055,footwear,fendi,https://cdn.shopify.com/s/files/1/0912/9351/6071/files/img_9301c5e6_20240608_i1717858029_8376_3_jpg_4662f549-4e57-439b-aa2e-b7dc6b5b6c41.jpg?v=1759823055|https://cdn.shopify.com/s/files/1/0912/9351/6071/files/img_9301c5e6_20240608_i1717858029_81_1_jpg_14bc65f2-9054-422c-b1fa-a1d281386ec9.jpg?v=1759823055|https://cdn.shopify.com/s/files/1/0912/9351/6071/files/img_9301c5e6_20240608_i1717858029_4520_4_jpg_58b1653b-68a7-42eb-b9b2-1f75f02c020f.jpg?v=1759823055|https://cdn.shopify.com/s/files/1/0912/9351/6071/files/img_9301c5e6_20240608_i1717858029_5931_7_jpg_5af63a53-6b53-4009-bdd5-f1c6451049e5.jpg?v=1759823055|https://cdn.shopify.com/s/files/1/0912/9351/6071/files/img_9301c5e6_20240608_i1717858029_5953_6_jpg_878eb040-7f1d-40ed-8616-da34a237e3c2.jpg?v=1759823055|https://cdn.shopify.com/s/files/1/0912/9351/6071/files/img_9301c5e6_20240608_i1717858029_9049_0_jpg_02e907dd-bc52-4a8c-b5f1-9b0b38119237.jpg?v=1759823055|https://cdn.shopify.com/s/files/1/0912/9351/6071/files/img_9301c5e6_20240608_i1717858029_1205_2_jpg_01a4bb38-bda9-41b6-88c6-73ca92419e10.jpg?v=1759823055|https://cdn.shopify.com/s/files/1/0912/9351/6071/files/img_9301c5e6_20240608_i1717858029_1181_5_jpg_3cc8e3fd-e5c1-4000-90d0-a909ef57fe81.jpg?v=1759823055|https://cdn.shopify.com/s/files/1/0912/9351/6071/files/img_9301c5e6_20240608_i1717858029_51_8_jpg_594f736f-566f-46a8-b7dc-06f802bc0628.jpg?v=1759823055,Hi I want FF Sunshine 65 Yellow Grey Canvas Flatform Slide,
FF Sunshine 65 Light Brown Grey Canvas Flatform Slide,https://cdn.shopify.com/s/files/1/0912/9351/6071/files/img_9301c5e6_20240608_i1717857939_4870_7_jpg_5e3ccc5e-b7d3-4a66-892a-59561c67884e.jpg?v=1759823057,footwear,fendi,https://cdn.shopify.com/s/files/1/0912/9351/6071/files/img_9301c5e6_20240608_i1717857939_4870_7_jpg_5e3ccc5e-b7d3-4a66-892a-59561c67884e.jpg?v=1759823057|https://cdn.shopify.com/s/files/1/0912/9351/6071/files/img_9301c5e6_20240608_i1717857939_1167_8_jpg_d89faa1a-c583-41d7-ad68-fd152377543e.jpg?v=1759823057|https://cdn.shopify.com/s/files/1/0912/9351/6071/files/img_9301c5e6_20240608_i1717857939_5211_6_jpg_9bfaab8f-97a7-4ef5-b7bd-8fb0cbf4b2bc.jpg?v=1759823057|https://cdn.shopify.com/s/files/1/0912/9351/6071/files/img_9301c5e6_20240608_i1717857939_5960_5_jpg_aeadb6fe-178c-4afc-829f-42baa0045c64.jpg?v=1759823057|https://cdn.shopify.com/s/files/1/0912/9351/6071/files/img_9301c5e6_20240608_i1717857939_6515_3_jpg_7ba938e5-1816-4cd7-b9a4-12628a59804c.jpg?v=1759823057|https://cdn.shopify.com/s/files/1/0912/9351/6071/files/img_9301c5e6_20240608_i1717857939_6635_4_jpg_7a306ffa-3a7f-496c-a436-8f9cac96b37b.jpg?v=1759823057|https://cdn.shopify.com/s/files/1/0912/9351/6071/files/img_9301c5e6_20240608_i1717857939_6762_0_jpg_97306cd1-5ab8-406c-907e-cd0ef65926ac.jpg?v=1759823057|https://cdn.shopify.com/s/files/1/0912/9351/6071/files/img_9301c5e6_20240608_i1717857939_2380_1_jpg_f80c107f-4554-4f51-822f-f2c6119140f7.jpg?v=1759823057|https://cdn.shopify.com/s/files/1/0912/9351/6071/files/img_9301c5e6_20240608_i1717857939_7389_2_jpg_026eccc2-4300-4ac4-b878-565ebc42e363.jpg?v=1759823057,Hi I want FF Sunshine 65 Light Brown Grey Canvas Flatform Slide,
FF Sunshine 65 Blue Grey Canvas Flatform Slide,https://cdn.shopify.com/s/files/1/0912/9351/6071/files/img_9301c5e6_20240608_i1717858006_7282_0_jpg_63a26786-efe7-46c2-82e7-614c55f90f36.jpg?v=1759823059,footwear,fendi,https://cdn.shopify.com/s/files/1/0912/9351/6071/files/img_9301c5e6_20240608_i1717858006_7282_0_jpg_63a26786-efe7-46c2-82e7-614c55f90f36.jpg?v=1759823059|https://cdn.shopify.com/s/files/1/0912/9351/6071/files/img_9301c5e6_20240608_i1717858006_6640_0_jpg_50dc7325-a712-486b-a58c-8cbe099a26ee.jpg?v=1759823059|https://cdn.shopify.com/s/files/1/0912/9351/6071/files/img_9301c5e6_20240608_i1717858006_2407_0_jpg_67aa54a7-c731-474c-affb-8539c06575ea.jpg?v=1759823059|https://cdn.shopify.com/s/files/1/0912/9351/6071/files/img_9301c5e6_20240608_i1717858006_3578_0_jpg_d26b693a-3994-433e-810e-cb2bd306b94d.jpg?v=1759823059|https://cdn.shopify.com/s/files/1/0912/9351/6071/files/img_9301c5e6_20240608_i1717858006_8851_0_jpg_a5882354-0bd0-42eb-b883-01d103ab96f4.jpg?v=1759823059|https://cdn.shopify.com/s/files/1/0912/9351/6071/files/img_9301c5e6_20240608_i1717858006_8913_0_jpg_b701a75b-d93f-4b37-b4ac-4a76f9a942ec.jpg?v=1759823059|https://cdn.shopify.com/s/files/1/0912/9351/6071/files/img_9301c5e6_20240608_i1717858006_9932_0_jpg_74cead5b-ea32-4c70-b748-a4d985bf5957.jpg?v=1759823059|https://cdn.shopify.com/s/files/1/0912/9351/6071/files/img_9301c5e6_20240608_i1717858006_3237_0_jpg_68d00edb-234d-41b3-9f3f-b5a5a30df128.jpg?v=1759823059|https://cdn.shopify.com/s/files/1/0912/9351/6071/files/img_9301c5e6_20240608_i1717858006_3823_0_jpg_5b7ceb8d-0ff6-43bf-9095-acbc22ca9508.jpg?v=1759823059,Hi I want FF Sunshine 65 Blue Grey Canvas Flatform Slide,
FF Sunshine 65 Black Brown Canvas Flatform Slide,https://cdn.shopify.com/s/files/1/0912/9351/6071/files/img_9301c5e6_20240608_i1717857981_3358_2_jpg_31cf9aac-f54b-483f-9b9b-390cca216c61.jpg?v=1759823064,footwear,fendi,https://cdn.shopify.com/s/files/1/0912/9351/6071/files/img_9301c5e6_20240608_i1717857981_3358_2_jpg_31cf9aac-f54b-483f-9b9b-390cca216c61.jpg?v=1759823064|https://cdn.shopify.com/s/files/1/0912/9351/6071/files/img_9301c5e6_20240608_i1717857981_3031_0_jpg_56003a1f-1002-4158-bf42-d1a22e486731.jpg?v=1759823063|https://cdn.shopify.com/s/files/1/0912/9351/6071/files/img_9301c5e6_20240608_i1717857981_3184_8_jpg_2db35c6d-37b4-45ac-ab3e-d8bb7795b5db.jpg?v=1759823064|https://cdn.shopify.com/s/files/1/0912/9351/6071/files/img_9301c5e6_20240608_i1717857981_4225_7_jpg_1511b95e-3b26-454a-9204-5eda9d4a8647.jpg?v=1759823064|https://cdn.shopify.com/s/files/1/0912/9351/6071/files/img_9301c5e6_20240608_i1717857981_3592_1_jpg_67515be8-843e-48ed-aeaa-5d4a06a46b9f.jpg?v=1759823063|https://cdn.shopify.com/s/files/1/0912/9351/6071/files/img_9301c5e6_20240608_i1717857981_5460_5_jpg_a122375c-6216-45e9-b85f-f57271b6bb34.jpg?v=1759823064|https://cdn.shopify.com/s/files/1/0912/9351/6071/files/img_9301c5e6_20240608_i1717857981_8177_3_jpg_30d209c4-173b-402d-8dfb-91dd498c534f.jpg?v=1759823064|https://cdn.shopify.com/s/files/1/0912/9351/6071/files/img_9301c5e6_20240608_i1717857981_4454_6_jpg_800389ce-c52c-4848-9670-42ac71702903.jpg?v=1759823064|https://cdn.shopify.com/s/files/1/0912/9351/6071/files/img_9301c5e6_20240608_i1717857981_9269_4_jpg_939da200-e539-42ed-ac9b-2aa2975ca450.jpg?v=1759823064,Hi I want FF Sunshine 65 Black Brown Canvas Flatform Slide,
FF Sunshine 65 White Cotton Brown Leather Fibre Flatform Slide,https://cdn.shopify.com/s/files/1/0912/9351/6071/files/img_9301c5e6_20240608_i1717857725_1661_5_jpg_05cde27c-2273-4bd5-9fa6-1eef3bc3446e.jpg?v=1759823066,footwear,fendi,https://cdn.shopify.com/s/files/1/0912/9351/6071/files/img_9301c5e6_20240608_i1717857725_1661_5_jpg_05cde27c-2273-4bd5-9fa6-1eef3bc3446e.jpg?v=1759823066|https://cdn.shopify.com/s/files/1/0912/9351/6071/files/img_9301c5e6_20240608_i1717857725_2567_6_jpg_0be0d611-5a52-49cd-9184-18027c29d977.jpg?v=1759823066|https://cdn.shopify.com/s/files/1/0912/9351/6071/files/img_9301c5e6_20240608_i1717857725_3582_2_jpg_186aaf00-1199-4e1f-8f05-3ef663dd186f.jpg?v=1759823066|https://cdn.shopify.com/s/files/1/0912/9351/6071/files/img_9301c5e6_20240608_i1717857725_4824_8_jpg_e758f4c2-08e7-4021-8fd4-0b99abf3cfa5.jpg?v=1759823066|https://cdn.shopify.com/s/files/1/0912/9351/6071/files/img_9301c5e6_20240608_i1717857725_6110_1_jpg_aeea8072-fb44-47dc-a57e-88b62cc126b0.jpg?v=1759823066|https://cdn.shopify.com/s/files/1/0912/9351/6071/files/img_9301c5e6_20240608_i1717857725_2024_3_jpg_ffe6ccbc-f62d-4483-8936-ecaad8dd69a8.jpg?v=1759823066|https://cdn.shopify.com/s/files/1/0912/9351/6071/files/img_9301c5e6_20240608_i1717857725_7558_7_jpg_98143da1-216f-412a-ac8f-3b317b555870.jpg?v=1759823066|https://cdn.shopify.com/s/files/1/0912/9351/6071/files/img_9301c5e6_20240608_i1717857725_6372_4_jpg_46bb6efb-f787-4b7f-8a09-6ea93625b7fa.jpg?v=1759823066|https://cdn.shopify.com/s/files/1/0912/9351/6071/files/img_9301c5e6_20240608_i1717857725_1752_0_jpg_fbfdd95a-5e4f-4836-ac74-ff2a5a3c4655.jpg?v=1759823066,Hi I want FF Sunshine 65 White Cotton Brown Leather Fibre Flatform Slide,
FF Sunshine 65 Chocolate Cotton Brown Leather Fibre Flatform Slide,https://cdn.shopify.com/s/files/1/0912/9351/6071/files/img_9301c5e6_20240608_i1717857801_6999_7_jpg.jpg?v=1759823068,footwear,fendi,https://cdn.shopify.com/s/files/1/0912/9351/6071/files/img_9301c5e6_20240608_i1717857801_6999_7_jpg.jpg?v=1759823068|https://cdn.shopify.com/s/files/1/0912/9351/6071/files/img_9301c5e6_20240608_i1717857801_3229_6_jpg_54c6d544-045a-49cb-9712-f78c7c7da818.jpg?v=1759823068|https://cdn.shopify.com/s/files/1/0912/9351/6071/files/img_9301c5e6_20240608_i1717857801_1624_0_jpg_2d20343d-abaa-4e27-8ee6-62d57cd6b96d.jpg?v=1759823068|https://cdn.shopify.com/s/files/1/0912/9351/6071/files/img_9301c5e6_20240608_i1717857801_4024_3_jpg_3c0aedc7-bcac-42a4-89d2-8bed64603ebc.jpg?v=1759823068|https://cdn.shopify.com/s/files/1/0912/9351/6071/files/img_9301c5e6_20240608_i1717857801_182_2_jpg_c1d8c211-be9e-47ae-8004-88abf742e551.jpg?v=1759823069|https://cdn.shopify.com/s/files/1/0912/9351/6071/files/img_9301c5e6_20240608_i1717857801_6726_4_jpg_4658b5d0-10ef-42a3-a7a6-23c7aafdce43.jpg?v=1759823069|https://cdn.shopify.com/s/files/1/0912/9351/6071/files/img_9301c5e6_20240608_i1717857801_6960_1_jpg_50146987-6c01-4518-9146-687f85a31d92.jpg?v=1759823068|https://cdn.shopify.com/s/files/1/0912/9351/6071/files/img_9301c5e6_20240608_i1717857801_6415_5_jpg_cc0a6c06-4e84-4959-8218-7d19d0e53452.jpg?v=1759823068|https://cdn.shopify.com/s/files/1/0912/9351/6071/files/img_9301c5e6_20240608_i1717857801_9967_8_jpg_14c7d3ea-8b51-442c-bd1e-e85e6f613fb8.jpg?v=1759823068,Hi I want FF Sunshine 65 Chocolate Cotton Brown Leather Fibre Flatform Slide,
FF Women Signature Slides Turquoise White Canvas Slide,https://cdn.shopify.com/s/files/1/0912/9351/6071/files/img_23b8bc1e_20240324_a1711279451299_8750_jpg_66cf146e-a02d-482f-8b83-2a56f4118033.jpg?v=1759823072,footwear,fendi,https://cdn.shopify.com/s/files/1/0912/9351/6071/files/img_23b8bc1e_20240324_a1711279451299_8750_jpg_66cf146e-a02d-482f-8b83-2a56f4118033.jpg?v=1759823072|https://cdn.shopify.com/s/files/1/0912/9351/6071/files/img_23b8bc1e_20240324_a1711279451285_2558_jpg_506f964e-1665-4945-933e-1cd6a81bb728.jpg?v=1759823072|https://cdn.shopify.com/s/files/1/0912/9351/6071/files/img_23b8bc1e_20240324_a1711279451295_6012_jpg_682a8de8-e282-4cd4-98dc-42395f6be9fa.jpg?v=1759823072|https://cdn.shopify.com/s/files/1/0912/9351/6071/files/img_23b8bc1e_20240324_a1711279451334_8580_jpg_58519e3e-fa6d-4c9d-a523-5bdb1a8e5cf0.jpg?v=1759823072|https://cdn.shopify.com/s/files/1/0912/9351/6071/files/img_23b8bc1e_20240324_a1711279451339_1511_jpg_91909ff3-055c-48c3-b490-bd6f307395bc.jpg?v=1759823072|https://cdn.shopify.com/s/files/1/0912/9351/6071/files/img_23b8bc1e_20240324_a1711279451381_8282_jpg_0cb773b7-5ee5-49f3-8a5f-6de9d3914095.jpg?v=1759823072|https://cdn.shopify.com/s/files/1/0912/9351/6071/files/img_23b8bc1e_20240324_a1711279452533_1402_jpg_8c60bf02-9e7a-488c-800a-fc2452e2f6d0.jpg?v=1759823072|https://cdn.shopify.com/s/files/1/0912/9351/6071/files/img_23b8bc1e_20240324_a1711279452544_8005_jpg_e8961c71-844d-4f18-92ad-d38ca9db4ad3.jpg?v=1759823072|https://cdn.shopify.com/s/files/1/0912/9351/6071/files/img_23b8bc1e_20240324_a1711279452520_3164_jpg_93d43456-f916-4c04-b334-def1f1a8ddb6.jpg?v=1759823072,Hi I want FF Women Signature Slides Turquoise White Canvas Slide,
FF Women Signature Slides Tan White Canvas Slide,https://cdn.shopify.com/s/files/1/0912/9351/6071/files/img_23b8bc1e_20240324_a1711279337409_7056_jpg_a8ace6ea-194b-4c0e-ac99-39e65736ca3b.jpg?v=1759823074,footwear,fendi,https://cdn.shopify.com/s/files/1/0912/9351/6071/files/img_23b8bc1e_20240324_a1711279337409_7056_jpg_a8ace6ea-194b-4c0e-ac99-39e65736ca3b.jpg?v=1759823074|https://cdn.shopify.com/s/files/1/0912/9351/6071/files/img_23b8bc1e_20240324_a1711279338605_5088_jpg_0f120b89-11ea-4fda-9ddc-5a6deac06706.jpg?v=1759823074|https://cdn.shopify.com/s/files/1/0912/9351/6071/files/img_23b8bc1e_20240324_a1711279337381_4322_jpg_1e0574db-1f87-4d31-a7aa-bec8cacc077a.jpg?v=1759823074|https://cdn.shopify.com/s/files/1/0912/9351/6071/files/img_23b8bc1e_20240324_a1711279337385_7744_jpg_42532125-19f3-4ef3-b4e8-e74d9a20a163.jpg?v=1759823074|https://cdn.shopify.com/s/files/1/0912/9351/6071/files/img_23b8bc1e_20240324_a1711279337387_8166_jpg_ab5b96b2-9d0f-461f-a41b-b0cc41286fb0.jpg?v=1759823074|https://cdn.shopify.com/s/files/1/0912/9351/6071/files/img_23b8bc1e_20240324_a1711279337468_3788_jpg_7022717d-863c-4835-8a5a-f94a1e653dc8.jpg?v=1759823074|https://cdn.shopify.com/s/files/1/0912/9351/6071/files/img_23b8bc1e_20240324_a1711279337477_6218_jpg_9e462f69-1543-4f5c-ba9c-c3336b543a24.jpg?v=1759823074|https://cdn.shopify.com/s/files/1/0912/9351/6071/files/img_23b8bc1e_20240324_a1711279338603_6778_jpg_665a0b4c-c537-4590-a407-993dcd2de31a.jpg?v=1759823074|https://cdn.shopify.com/s/files/1/0912/9351/6071/files/img_23b8bc1e_20240324_a1711279338652_1876_jpg_f9f38a31-e2ad-48b7-80b8-d43a7162862c.jpg?v=1759823074|https://cdn.shopify.com/s/files/1/0912/9351/6071/files/img_23b8bc1e_20240324_a1711279338620_6156_jpg_3c559e50-656e-4c28-b8f4-93019fa921ce.jpg?v=1759823074,Hi I want FF Women Signature Slides Tan White Canvas Slide,
FF Women Signature Slides Tan Denim Canvas Slide,https://cdn.shopify.com/s/files/1/0912/9351/6071/files/img_23b8bc1e_20240324_a1711279421002_2350_jpg_4fd111b2-1e70-4afd-9b06-db3651e3d1e9.jpg?v=1759823076,footwear,fendi,https://cdn.shopify.com/s/files/1/0912/9351/6071/files/img_23b8bc1e_20240324_a1711279421002_2350_jpg_4fd111b2-1e70-4afd-9b06-db3651e3d1e9.jpg?v=1759823076|https://cdn.shopify.com/s/files/1/0912/9351/6071/files/img_23b8bc1e_20240324_a1711279420927_2743_jpg_129337d7-b419-4887-b282-ce5e6e89dc1e.jpg?v=1759823076|https://cdn.shopify.com/s/files/1/0912/9351/6071/files/img_23b8bc1e_20240324_a1711279420928_8400_jpg_0783383d-3863-4988-aff5-5591d6e9c422.jpg?v=1759823076|https://cdn.shopify.com/s/files/1/0912/9351/6071/files/img_23b8bc1e_20240324_a1711279420947_2233_jpg_3d296e90-dd09-4f24-85b1-995ec2cb8f13.jpg?v=1759823076|https://cdn.shopify.com/s/files/1/0912/9351/6071/files/img_23b8bc1e_20240324_a1711279420991_4671_jpg_1941c26f-bac4-43bc-872b-f97563cd1347.jpg?v=1759823076|https://cdn.shopify.com/s/files/1/0912/9351/6071/files/img_23b8bc1e_20240324_a1711279421009_0540_jpg_f926c0e6-34bf-4ab6-ae3b-aac3f0a7fc8c.jpg?v=1759823076|https://cdn.shopify.com/s/files/1/0912/9351/6071/files/img_23b8bc1e_20240324_a1711279422117_6403_jpg_d38c03f0-8534-4879-94dc-90662cbc4d61.jpg?v=1759823076|https://cdn.shopify.com/s/files/1/0912/9351/6071/files/img_23b8bc1e_20240324_a1711279422225_5114_jpg_d6baaf8c-c896-4ede-b420-48755008bc4d.jpg?v=1759823077|https://cdn.shopify.com/s/files/1/0912/9351/6071/files/img_23b8bc1e_20240324_a1711279422229_4756_jpg_e3674418-0e8a-47cf-886b-722a995428ec.jpg?v=1759823076,Hi I want FF Women Signature Slides Tan Denim Canvas Slide,
FF Women Signature Slides Gray Canvas Slide,https://cdn.shopify.com/s/files/1/0912/9351/6071/files/img_23b8bc1e_20240324_a1711279481956_1454_jpg_80c80ab4-670b-4c72-ae41-c2e98a6ba220.jpg?v=1759823079,footwear,fendi,https://cdn.shopify.com/s/files/1/0912/9351/6071/files/img_23b8bc1e_20240324_a1711279481956_1454_jpg_80c80ab4-670b-4c72-ae41-c2e98a6ba220.jpg?v=1759823079|https://cdn.shopify.com/s/files/1/0912/9351/6071/files/img_23b8bc1e_20240324_a1711279481908_4864_jpg_882af257-ef90-44b3-987b-20a429bbba76.jpg?v=1759823079|https://cdn.shopify.com/s/files/1/0912/9351/6071/files/img_23b8bc1e_20240324_a1711279481873_7148_jpg_ebb1410c-1224-48bd-b532-8680b5807615.jpg?v=1759823079|https://cdn.shopify.com/s/files/1/0912/9351/6071/files/img_23b8bc1e_20240324_a1711279481875_1437_jpg_ccea5132-901c-4276-80f7-f344b161f82b.jpg?v=1759823079|https://cdn.shopify.com/s/files/1/0912/9351/6071/files/img_23b8bc1e_20240324_a1711279481895_6846_jpg_0df7a0f5-9964-40e1-ac24-c8b3dbb2722d.jpg?v=1759823079|https://cdn.shopify.com/s/files/1/0912/9351/6071/files/img_23b8bc1e_20240324_a1711279481951_0082_jpg_b28f5faa-07fa-458a-9ecd-0ab37cf2d747.jpg?v=1759823079|https://cdn.shopify.com/s/files/1/0912/9351/6071/files/img_23b8bc1e_20240324_a1711279482900_3423_jpg_b04a7651-2a65-4e47-83ae-481c53727053.jpg?v=1759823079|https://cdn.shopify.com/s/files/1/0912/9351/6071/files/img_23b8bc1e_20240324_a1711279482918_1155_jpg_243c7d10-d722-409e-abd4-b6508df3b0ad.jpg?v=1759823079|https://cdn.shopify.com/s/files/1/0912/9351/6071/files/img_23b8bc1e_20240324_a1711279482918_1821_jpg_dfe09542-3e58-406f-b0da-42ef1d8b92aa.jpg?v=1759823079,Hi I want FF Women Signature Slides Gray Canvas Slide,
FF Women Signature Slides Dark Pink Gray Canvas Slide,https://cdn.shopify.com/s/files/1/0912/9351/6071/files/img_23b8bc1e_20240324_a1711279436638_1674_jpg_4fa9742f-cc7b-4dd1-b349-06ff80a61a1f.jpg?v=1759823081,footwear,fendi,https://cdn.shopify.com/s/files/1/0912/9351/6071/files/img_23b8bc1e_20240324_a1711279436638_1674_jpg_4fa9742f-cc7b-4dd1-b349-06ff80a61a1f.jpg?v=1759823081|https://cdn.shopify.com/s/files/1/0912/9351/6071/files/img_23b8bc1e_20240324_a1711279436531_3573_jpg_25cc0289-64e3-4382-bf1f-e7fc75a0fee8.jpg?v=1759823081|https://cdn.shopify.com/s/files/1/0912/9351/6071/files/img_23b8bc1e_20240324_a1711279436583_3651_jpg_59f8f835-466c-4d61-86d7-a556cdcbcdf4.jpg?v=1759823081|https://cdn.shopify.com/s/files/1/0912/9351/6071/files/img_23b8bc1e_20240324_a1711279436636_6122_jpg_c047a3b5-1502-4493-b3b8-567e1a93267a.jpg?v=1759823081|https://cdn.shopify.com/s/files/1/0912/9351/6071/files/img_23b8bc1e_20240324_a1711279436639_2323_jpg_3752e8a3-6ca4-46bc-9b9d-ee3c47fa48ed.jpg?v=1759823081|https://cdn.shopify.com/s/files/1/0912/9351/6071/files/img_23b8bc1e_20240324_a1711279436669_3753_jpg_c4cd061d-f8af-470a-b794-5b4c6c81e392.jpg?v=1759823081|https://cdn.shopify.com/s/files/1/0912/9351/6071/files/img_23b8bc1e_20240324_a1711279437732_6566_jpg_d00a717f-226d-4997-914a-7d2bed079b88.jpg?v=1759823081|https://cdn.shopify.com/s/files/1/0912/9351/6071/files/img_23b8bc1e_20240324_a1711279437784_3240_jpg_9539041a-87c0-488b-863f-610922b52a44.jpg?v=1759823081|https://cdn.shopify.com/s/files/1/0912/9351/6071/files/img_23b8bc1e_20240324_a1711279437722_4016_jpg_262ca229-e3f7-4524-adc2-d7a1137b59cb.jpg?v=1759823081,Hi I want FF Women Signature Slides Dark Pink Gray Canvas Slide,
FF Women Signature Slides Blue White Canvas Slide,https://cdn.shopify.com/s/files/1/0912/9351/6071/files/img_23b8bc1e_20240324_a1711279470766_6057_jpg_15de42c5-1ce6-4f33-9f72-d9ba4fcfb584.jpg?v=1759823083,footwear,fendi,https://cdn.shopify.com/s/files/1/0912/9351/6071/files/img_23b8bc1e_20240324_a1711279470766_6057_jpg_15de42c5-1ce6-4f33-9f72-d9ba4fcfb584.jpg?v=1759823083|https://cdn.shopify.com/s/files/1/0912/9351/6071/files/img_23b8bc1e_20240324_a1711279470763_8881_jpg_47009dc1-a060-40d3-a2b4-0bacb3ee98c9.jpg?v=1759823083|https://cdn.shopify.com/s/files/1/0912/9351/6071/files/img_23b8bc1e_20240324_a1711279470765_5540_jpg_eb2a935d-3ed7-4091-93b2-7527dcf6fb01.jpg?v=1759823083|https://cdn.shopify.com/s/files/1/0912/9351/6071/files/img_23b8bc1e_20240324_a1711279470766_2882_jpg_db232ccd-a9ca-4d5b-96ec-e12aa802a3e5.jpg?v=1759823083|https://cdn.shopify.com/s/files/1/0912/9351/6071/files/img_23b8bc1e_20240324_a1711279470802_3473_jpg_15b33ecb-022c-4d60-a64f-8d0241c38762.jpg?v=1759823083|https://cdn.shopify.com/s/files/1/0912/9351/6071/files/img_23b8bc1e_20240324_a1711279470846_3704_jpg_3344d948-807a-40f0-aefa-7d945dee936e.jpg?v=1759823083|https://cdn.shopify.com/s/files/1/0912/9351/6071/files/img_23b8bc1e_20240324_a1711279471959_1172_jpg_db5f29d0-8a79-4606-acc5-3e77051438b9.jpg?v=1759823083|https://cdn.shopify.com/s/files/1/0912/9351/6071/files/img_23b8bc1e_20240324_a1711279471999_0337_jpg_50a27e8d-f34d-40f0-8923-d9c4dc2dc472.jpg?v=1759823083|https://cdn.shopify.com/s/files/1/0912/9351/6071/files/img_23b8bc1e_20240324_a1711279472009_7637_jpg_3ee8f7d1-2a5c-42f1-94d7-d719d3a62a9e.jpg?v=1759823083,Hi I want FF Women Signature Slides Blue White Canvas Slide,
FF Women Roma Signature White Grey Canvas Leather Slide,https://cdn.shopify.com/s/files/1/0912/9351/6071/files/20230224_a1677243830818_8205_jpg_2a345977-707d-4fd6-bc23-dab3a734963c.jpg?v=1759823085,footwear,fendi,https://cdn.shopify.com/s/files/1/0912/9351/6071/files/20230224_a1677243830818_8205_jpg_2a345977-707d-4fd6-bc23-dab3a734963c.jpg?v=1759823085|https://cdn.shopify.com/s/files/1/0912/9351/6071/files/20230224_a1677243831012_5816_jpg_d78ca885-a1b5-4cf0-874e-dd4fd1f68abf.jpg?v=1759823085|https://cdn.shopify.com/s/files/1/0912/9351/6071/files/20230224_a1677243831374_7123_jpg_b7c23381-5fc4-4629-9c73-c4665046811c.jpg?v=1759823085|https://cdn.shopify.com/s/files/1/0912/9351/6071/files/20230224_a1677243831598_0544_jpg_6e079421-7034-4a33-8ff4-c02889337cc3.jpg?v=1759823085|https://cdn.shopify.com/s/files/1/0912/9351/6071/files/20230224_a1677243831763_3027_jpg_5d7091fc-5095-41e6-b561-7730f7a56d71.jpg?v=1759823085|https://cdn.shopify.com/s/files/1/0912/9351/6071/files/20230224_a1677243831954_4468_jpg_ae6e45a6-fab1-444d-8e4c-a77f6f7be94f.jpg?v=1759823085|https://cdn.shopify.com/s/files/1/0912/9351/6071/files/20230224_a1677243832210_3572_jpg_defdfd65-00fb-4577-b21a-b3f39f57bf55.jpg?v=1759823085|https://cdn.shopify.com/s/files/1/0912/9351/6071/files/20230224_a1677243832313_0533_jpg_aeeb36fa-9fbc-4605-8b85-572ea2439876.jpg?v=1759823085|https://cdn.shopify.com/s/files/1/0912/9351/6071/files/20230224_a1677243832422_3514_jpg_80ea8aa2-9f61-4d90-a714-d3cfaab84016.jpg?v=1759823085,Hi I want FF Women Roma Signature White Grey Canvas Leather Slide,
FF Women Roma Signature Orange Grey Canvas Leather Slide,https://cdn.shopify.com/s/files/1/0912/9351/6071/files/20230224_a1677243918552_1263_jpg_5125324a-3de2-497a-aa6c-e728b79b764f.jpg?v=1759823087,footwear,fendi,https://cdn.shopify.com/s/files/1/0912/9351/6071/files/20230224_a1677243918552_1263_jpg_5125324a-3de2-497a-aa6c-e728b79b764f.jpg?v=1759823087|https://cdn.shopify.com/s/files/1/0912/9351/6071/files/20230224_a1677243918661_5721_jpg_7ba75f69-414a-4e4a-91dc-74b825a967ec.jpg?v=1759823087|https://cdn.shopify.com/s/files/1/0912/9351/6071/files/20230224_a1677243918728_4285_jpg_ead2acac-bdb2-4732-9d62-1b83676c9db2.jpg?v=1759823087|https://cdn.shopify.com/s/files/1/0912/9351/6071/files/20230224_a1677243918832_0668_jpg_0bf9055e-6540-49e2-b32b-b646e6013319.jpg?v=1759823087|https://cdn.shopify.com/s/files/1/0912/9351/6071/files/20230224_a1677243918957_8406_jpg_4b10c22f-6792-4c2a-a5c5-6e9fac6f4b93.jpg?v=1759823087|https://cdn.shopify.com/s/files/1/0912/9351/6071/files/20230224_a1677243919194_8480_jpg_441f31dc-5cc5-4008-866c-bc0b5ae51f77.jpg?v=1759823087|https://cdn.shopify.com/s/files/1/0912/9351/6071/files/20230224_a1677243919486_8775_jpg_7fca6dce-c21d-4b06-bf52-ad763a60c48c.jpg?v=1759823087|https://cdn.shopify.com/s/files/1/0912/9351/6071/files/20230224_a1677243919637_5241_jpg_c4670117-056b-4681-817a-940bd45ca32a.jpg?v=1759823087|https://cdn.shopify.com/s/files/1/0912/9351/6071/files/20230224_a1677243919733_6646_jpg_681f159f-1c91-4e8e-84a8-7131e6f94a41.jpg?v=1759823087,Hi I want FF Women Roma Signature Orange Grey Canvas Leather Slide,
FF Women Roma Signature Blue Grey Canvas Leather Slide,https://cdn.shopify.com/s/files/1/0912/9351/6071/files/20230224_a1677243863870_4462_jpg_9cbeebf6-8131-4bd4-9598-eed74469be65.jpg?v=1759823089,footwear,fendi,https://cdn.shopify.com/s/files/1/0912/9351/6071/files/20230224_a1677243863870_4462_jpg_9cbeebf6-8131-4bd4-9598-eed74469be65.jpg?v=1759823089|https://cdn.shopify.com/s/files/1/0912/9351/6071/files/20230224_a1677243864437_3168_jpg_a48f69b6-6465-4d71-abe3-da005b4262c4.jpg?v=1759823089|https://cdn.shopify.com/s/files/1/0912/9351/6071/files/20230224_a1677243864690_3160_jpg_6980e73e-edbd-4a30-bf20-189ed80f0498.jpg?v=1759823089|https://cdn.shopify.com/s/files/1/0912/9351/6071/files/20230224_a1677243864820_2711_jpg_d8fd5e09-b48d-4039-b0f0-8501621060cc.jpg?v=1759823089|https://cdn.shopify.com/s/files/1/0912/9351/6071/files/20230224_a1677243865040_2710_jpg_a90ae032-16ed-4fdf-8e26-dca2fa699343.jpg?v=1759823089|https://cdn.shopify.com/s/files/1/0912/9351/6071/files/20230224_a1677243865409_7372_jpg_d4e5d528-0c0f-4b80-935f-4ff1a4bdbbbe.jpg?v=1759823089|https://cdn.shopify.com/s/files/1/0912/9351/6071/files/20230224_a1677243865706_8786_jpg_300e3648-d2cc-4355-908a-da23e94322b5.jpg?v=1759823089|https://cdn.shopify.com/s/files/1/0912/9351/6071/files/20230224_a1677243865880_5554_jpg_b10ae35d-a34d-43f4-9752-21e5adfc3330.jpg?v=1759823089|https://cdn.shopify.com/s/files/1/0912/9351/6071/files/20230224_a1677243866023_0273_jpg_36ea0b51-7a35-48e2-a810-ea1a5471c0f0.jpg?v=1759823089,Hi I want FF Women Roma Signature Blue Grey Canvas Leather Slide,
FF Women Roma Signature Black Grey Canvas Leather Slide,https://cdn.shopify.com/s/files/1/0912/9351/6071/files/20230224_a1677243944086_1142_jpg_02c6be60-1c36-4093-9aff-3adce62b90c8.jpg?v=1759823091,footwear,fendi,https://cdn.shopify.com/s/files/1/0912/9351/6071/files/20230224_a1677243944086_1142_jpg_02c6be60-1c36-4093-9aff-3adce62b90c8.jpg?v=1759823091|https://cdn.shopify.com/s/files/1/0912/9351/6071/files/20230224_a1677243944295_4465_jpg_75e1e2d9-1982-469c-9fb3-41ddf9378ce4.jpg?v=1759823091|https://cdn.shopify.com/s/files/1/0912/9351/6071/files/20230224_a1677243944632_3386_jpg_1710dc71-3675-4fd9-896b-a7d91bee3107.jpg?v=1759823091|https://cdn.shopify.com/s/files/1/0912/9351/6071/files/20230224_a1677243944891_5630_jpg_f523e7ea-985f-48dd-ab9b-99b5cf6855b8.jpg?v=1759823091|https://cdn.shopify.com/s/files/1/0912/9351/6071/files/20230224_a1677243945123_2253_jpg_ff4d312c-cff3-422c-bbb8-16e5a22561b0.jpg?v=1759823091|https://cdn.shopify.com/s/files/1/0912/9351/6071/files/20230224_a1677243945250_0271_jpg_b221b609-5a80-403d-b395-371299ba368e.jpg?v=1759823091|https://cdn.shopify.com/s/files/1/0912/9351/6071/files/20230224_a1677243945487_8325_jpg_b3b2e78a-e073-4422-815c-654d44ec6e86.jpg?v=1759823091|https://cdn.shopify.com/s/files/1/0912/9351/6071/files/20230224_a1677243945785_7882_jpg_1dd20458-8c44-4d87-8b2c-36d5ae5169f3.jpg?v=1759823091|https://cdn.shopify.com/s/files/1/0912/9351/6071/files/20230224_a1677243946057_8306_jpg_8f82c933-17fb-4c6a-bfa8-2c9e8f92c091.jpg?v=1759823091,Hi I want FF Women Roma Signature Black Grey Canvas Leather Slide,
FF Women Raffia Sandal White,https://cdn.shopify.com/s/files/1/0912/9351/6071/files/20220513_a1652437116158_5001_jpg_a7ee9504-ba74-4fb0-8359-bd48e8ac3f53.jpg?v=1759823093,footwear,fendi,https://cdn.shopify.com/s/files/1/0912/9351/6071/files/20220513_a1652437116158_5001_jpg_a7ee9504-ba74-4fb0-8359-bd48e8ac3f53.jpg?v=1759823093|https://cdn.shopify.com/s/files/1/0912/9351/6071/files/20220513_a1652437116250_4508_jpg_3e563cc3-b91d-4497-8067-1facffa60a46.jpg?v=1759823093|https://cdn.shopify.com/s/files/1/0912/9351/6071/files/20220513_a1652437116330_6736_jpg_3753fdf4-116a-4107-befb-955fe8da11d2.jpg?v=1759823093|https://cdn.shopify.com/s/files/1/0912/9351/6071/files/20220513_a1652437116399_0124_jpg_f76504e3-c88f-4631-8f08-9200bed8f90a.jpg?v=1759823093|https://cdn.shopify.com/s/files/1/0912/9351/6071/files/20220513_a1652437116473_1618_jpg_5ac706f4-3073-44af-862e-30ba2749256c.jpg?v=1759823093|https://cdn.shopify.com/s/files/1/0912/9351/6071/files/20220513_a1652437116567_8814_jpg_673f6178-dd5f-464c-a8dd-011cd55eb2b5.jpg?v=1759823093|https://cdn.shopify.com/s/files/1/0912/9351/6071/files/20220513_a1652437116712_3368_jpg_ca3c3df2-2bc4-4e71-bef3-eeecfb1db3bd.jpg?v=1759823093|https://cdn.shopify.com/s/files/1/0912/9351/6071/files/20220513_a1652437116835_3562_jpg_4af86d3c-a9c1-4a91-9033-8a8bcb99d082.jpg?v=1759823093|https://cdn.shopify.com/s/files/1/0912/9351/6071/files/20220513_a1652437116919_8101_jpg_7105987c-c0c6-4710-bf05-7cc845a2f920.jpg?v=1759823093,Hi I want FF Women Raffia Sandal White,
FF Women Raffia Sandal Tan,https://cdn.shopify.com/s/files/1/0912/9351/6071/files/20220517_a1652753352825_5161_jpg_7549002f-f2b4-4280-84c5-73f92308d929.jpg?v=1759823095,footwear,fendi,https://cdn.shopify.com/s/files/1/0912/9351/6071/files/20220517_a1652753352825_5161_jpg_7549002f-f2b4-4280-84c5-73f92308d929.jpg?v=1759823095|https://cdn.shopify.com/s/files/1/0912/9351/6071/files/20220517_a1652753352875_7070_jpg_32876a3d-0dda-4116-969f-a05b8ae16402.jpg?v=1759823095|https://cdn.shopify.com/s/files/1/0912/9351/6071/files/20220517_a1652753352942_0154_jpg_5b24a251-4847-4ae5-8531-e71e01607e16.jpg?v=1759823095|https://cdn.shopify.com/s/files/1/0912/9351/6071/files/20220517_a1652753352992_0110_jpg_06a7a324-223b-4db8-9a50-f2dd05ed1be2.jpg?v=1759823095|https://cdn.shopify.com/s/files/1/0912/9351/6071/files/20220517_a1652753353059_7561_jpg_7f63c48b-f201-42e5-b6df-1c336e80e459.jpg?v=1759823095|https://cdn.shopify.com/s/files/1/0912/9351/6071/files/20220517_a1652753353145_2141_jpg_2214919b-82d8-4ecb-80b2-9f0b4e801ece.jpg?v=1759823095|https://cdn.shopify.com/s/files/1/0912/9351/6071/files/20220517_a1652753353378_3713_jpg_40cef5fd-bf48-4ba1-a648-44464c030b8e.jpg?v=1759823095|https://cdn.shopify.com/s/files/1/0912/9351/6071/files/20220517_a1652753353463_7855_jpg_c9f8ce67-a5d1-4faa-9bd2-aacc562e19b5.jpg?v=1759823095|https://cdn.shopify.com/s/files/1/0912/9351/6071/files/20220517_a1652753353581_2574_jpg_9442a590-4e56-44c5-a38f-fb8d96620aa3.jpg?v=1759823095,Hi I want FF Women Raffia Sandal Tan,
FF Women Raffia Sandal Black Beige,https://cdn.shopify.com/s/files/1/0912/9351/6071/files/20220517_a1652753395250_6143_jpg_ac3ff750-44d5-4a28-bf4c-ef00723af050.jpg?v=1759823097,footwear,fendi,https://cdn.shopify.com/s/files/1/0912/9351/6071/files/20220517_a1652753395250_6143_jpg_ac3ff750-44d5-4a28-bf4c-ef00723af050.jpg?v=1759823097|https://cdn.shopify.com/s/files/1/0912/9351/6071/files/20220517_a1652753395066_6831_jpg_58b01d2d-a6e6-4678-8c06-2ff2385a9a6e.jpg?v=1759823097|https://cdn.shopify.com/s/files/1/0912/9351/6071/files/20220517_a1652753395132_6327_jpg_b40970dc-7766-4f16-8444-e854e02da5d5.jpg?v=1759823097|https://cdn.shopify.com/s/files/1/0912/9351/6071/files/20220517_a1652753395200_0756_jpg_0c1250c0-f007-485b-a3f5-6a7f3286edfb.jpg?v=1759823098|https://cdn.shopify.com/s/files/1/0912/9351/6071/files/20220517_a1652753395314_5533_jpg_4cc679ab-267f-40a7-a4b3-629241e5e24e.jpg?v=1759823098|https://cdn.shopify.com/s/files/1/0912/9351/6071/files/20220517_a1652753395388_0800_jpg_d9c96ca8-ff0c-4be0-8069-d0656a7b9d24.jpg?v=1759823097|https://cdn.shopify.com/s/files/1/0912/9351/6071/files/20220517_a1652753395503_2347_jpg_270998ca-91d0-4217-9acf-0e5b0af58d6d.jpg?v=1759823097|https://cdn.shopify.com/s/files/1/0912/9351/6071/files/20220517_a1652753395652_8522_jpg_7fc11c95-c60d-479d-b7b0-dc1c5ca45d87.jpg?v=1759823098|https://cdn.shopify.com/s/files/1/0912/9351/6071/files/20220517_a1652753395807_5005_jpg_862622c4-6e6b-43fb-8b0d-e9154f2e61a2.jpg?v=1759823097,Hi I want FF Women Raffia Sandal Black Beige,
FF Women Raffia Black Sandal,https://cdn.shopify.com/s/files/1/0912/9351/6071/files/20220517_a1652753331812_0361_jpg_97d7ec19-49cc-4160-9252-b8c20d4413e9.jpg?v=1759823099,footwear,fendi,https://cdn.shopify.com/s/files/1/0912/9351/6071/files/20220517_a1652753331812_0361_jpg_97d7ec19-49cc-4160-9252-b8c20d4413e9.jpg?v=1759823099|https://cdn.shopify.com/s/files/1/0912/9351/6071/files/20220517_a1652753331879_2070_jpg_08505e99-79f8-4ba1-be24-d9dd685141c2.jpg?v=1759823099|https://cdn.shopify.com/s/files/1/0912/9351/6071/files/20220517_a1652753331969_8610_jpg_500d9a10-c077-4588-9c3d-64007e85bf3b.jpg?v=1759823099|https://cdn.shopify.com/s/files/1/0912/9351/6071/files/20220517_a1652753332016_5454_jpg_4214a818-ec5c-43ec-89cb-38f764749cbf.jpg?v=1759823100|https://cdn.shopify.com/s/files/1/0912/9351/6071/files/20220517_a1652753332115_1180_jpg_efbcdd34-f6c1-4639-b608-5537cc4701c2.jpg?v=1759823099|https://cdn.shopify.com/s/files/1/0912/9351/6071/files/20220517_a1652753332267_3166_jpg_0cef9c5b-78c1-4966-861c-cad6e2dda07f.jpg?v=1759823100|https://cdn.shopify.com/s/files/1/0912/9351/6071/files/20220517_a1652753332420_5357_jpg_240f1a00-ea36-452c-b949-9a41c96578d2.jpg?v=1759823100|https://cdn.shopify.com/s/files/1/0912/9351/6071/files/20220517_a1652753332767_4738_jpg_22323f54-aa80-4f1f-8d88-7d300c35810c.jpg?v=1759823099|https://cdn.shopify.com/s/files/1/0912/9351/6071/files/20220517_a1652753332615_1316_jpg_1ea3fbf1-33b7-4fdf-acc1-95105031c5be.jpg?v=1759823100,Hi I want FF Women Raffia Black Sandal,
FF Signature 10 White Cotton Fibre Slide,https://cdn.shopify.com/s/files/1/0912/9351/6071/files/img_f4ddc389_20240529_a1716984912466_3145_jpg_c02370fa-371f-4537-9b0d-4de9400ebd0b.jpg?v=1759823103,footwear,fendi,https://cdn.shopify.com/s/files/1/0912/9351/6071/files/img_f4ddc389_20240529_a1716984912466_3145_jpg_c02370fa-371f-4537-9b0d-4de9400ebd0b.jpg?v=1759823103|https://cdn.shopify.com/s/files/1/0912/9351/6071/files/img_f4ddc389_20240529_a1716984911939_4113_jpg_0faf6489-3cb5-4bde-81b7-bbd8b6a37ef6.jpg?v=1759823103|https://cdn.shopify.com/s/files/1/0912/9351/6071/files/img_f4ddc389_20240529_a1716984911991_3223_jpg_edb81eb8-9ae3-4a90-b11c-9881bcf3818a.jpg?v=1759823104|https://cdn.shopify.com/s/files/1/0912/9351/6071/files/img_f4ddc389_20240529_a1716984912194_0732_jpg_a72a7e26-b73b-44d2-a859-4ff6e4492b02.jpg?v=1759823104|https://cdn.shopify.com/s/files/1/0912/9351/6071/files/img_f4ddc389_20240529_a1716984912373_7180_jpg_72bd3a1a-39ec-4ad1-a068-59feb1225d67.jpg?v=1759823103|https://cdn.shopify.com/s/files/1/0912/9351/6071/files/img_f4ddc389_20240529_a1716984912628_3463_jpg_c0003288-c92f-485a-8401-2a018d5398f3.jpg?v=1759823104,Hi I want FF Signature 10 White Cotton Fibre Slide,
FF Signature 10 White Brown Cotton Fibre Slide,https://cdn.shopify.com/s/files/1/0912/9351/6071/files/img_f4ddc389_20240514_a1715681107998_3766_jpg_b6544866-b3ed-4cf7-990d-e10fd186e9ae.jpg?v=1759823110,footwear,fendi,https://cdn.shopify.com/s/files/1/0912/9351/6071/files/img_f4ddc389_20240514_a1715681107998_3766_jpg_b6544866-b3ed-4cf7-990d-e10fd186e9ae.jpg?v=1759823110|https://cdn.shopify.com/s/files/1/0912/9351/6071/files/img_f4ddc389_20240514_a1715681107777_3478_jpg_b13374b5-68bb-4965-9c44-18d83da15347.jpg?v=1759823111|https://cdn.shopify.com/s/files/1/0912/9351/6071/files/img_f4ddc389_20240514_a1715681107703_6517_jpg_939534d6-24f6-4da4-80c5-85737ae04fbd.jpg?v=1759823111|https://cdn.shopify.com/s/files/1/0912/9351/6071/files/img_f4ddc389_20240514_a1715681107882_0782_jpg_ba8f3de9-f835-4d92-b1bc-f7316838bc20.jpg?v=1759823111|https://cdn.shopify.com/s/files/1/0912/9351/6071/files/img_f4ddc389_20240514_a1715681107931_3760_jpg_686a8cdf-0e8f-4fc7-9e2c-f7faa67ca153.jpg?v=1759823111|https://cdn.shopify.com/s/files/1/0912/9351/6071/files/img_f4ddc389_20240514_a1715681107970_0868_jpg_b140a1b2-9e5c-4d22-8caf-60ff4e98585d.jpg?v=1759823111,Hi I want FF Signature 10 White Brown Cotton Fibre Slide,
FF Signature 10 Black Cotton Fibre Slide,https://cdn.shopify.com/s/files/1/0912/9351/6071/files/img_f4ddc389_20240529_a1716985608624_6807_jpg_bc6575a2-adc4-4690-b98e-b0e1eff0cb0c.jpg?v=1759823112,footwear,fendi,https://cdn.shopify.com/s/files/1/0912/9351/6071/files/img_f4ddc389_20240529_a1716985608624_6807_jpg_bc6575a2-adc4-4690-b98e-b0e1eff0cb0c.jpg?v=1759823112|https://cdn.shopify.com/s/files/1/0912/9351/6071/files/img_f4ddc389_20240529_a1716985606779_8167_jpg_8d3038b1-1d95-4d5a-bcc7-f0dac432c6fa.jpg?v=1759823112|https://cdn.shopify.com/s/files/1/0912/9351/6071/files/img_f4ddc389_20240529_a1716985607392_5205_jpg_91b70231-539b-49e9-b150-02e80a1e959e.jpg?v=1759823112|https://cdn.shopify.com/s/files/1/0912/9351/6071/files/img_f4ddc389_20240529_a1716985607668_8071_jpg_242cb6d6-72f3-4767-af44-7b69dfcac9e5.jpg?v=1759823112|https://cdn.shopify.com/s/files/1/0912/9351/6071/files/img_f4ddc389_20240529_a1716985608281_1461_jpg_9a4964b8-66f0-4de2-b2c6-5616ea4d0192.jpg?v=1759823112|https://cdn.shopify.com/s/files/1/0912/9351/6071/files/img_f4ddc389_20240529_a1716985608408_0850_jpg_b2ab6ed0-8ca8-41e5-b688-72ee1a5dfde6.jpg?v=1759823112,Hi I want FF Signature 10 Black Cotton Fibre Slide,
FF Signature 10 Black Brown Cotton Fibre Slide,https://cdn.shopify.com/s/files/1/0912/9351/6071/files/img_f4ddc389_20240514_a1715681427485_4652_jpg_cd903ee1-38f5-4c53-b2a0-f4fa95bedec9.jpg?v=1759823113,footwear,fendi,https://cdn.shopify.com/s/files/1/0912/9351/6071/files/img_f4ddc389_20240514_a1715681427485_4652_jpg_cd903ee1-38f5-4c53-b2a0-f4fa95bedec9.jpg?v=1759823113|https://cdn.shopify.com/s/files/1/0912/9351/6071/files/img_f4ddc389_20240514_a1715681427313_0165_jpg_58123d04-6ff5-4a03-8f4e-577a736ea228.jpg?v=1759823113|https://cdn.shopify.com/s/files/1/0912/9351/6071/files/img_f4ddc389_20240514_a1715681427506_8711_jpg_d165f666-c6eb-4f2c-95a0-cf534c9491d2.jpg?v=1759823114|https://cdn.shopify.com/s/files/1/0912/9351/6071/files/img_f4ddc389_20240514_a1715681427565_6851_jpg_36268e71-5d58-4d39-be49-f444bfe80c7d.jpg?v=1759823113|https://cdn.shopify.com/s/files/1/0912/9351/6071/files/img_f4ddc389_20240514_a1715681427679_3151_jpg_2fa79411-4600-4057-b961-7fcfe4e00a20.jpg?v=1759823113|https://cdn.shopify.com/s/files/1/0912/9351/6071/files/img_f4ddc389_20240514_a1715681427750_1056_jpg_ad220104-f812-4f79-a488-e4871d2a5863.jpg?v=1759823113,Hi I want FF Signature 10 Black Brown Cotton Fibre Slide,
FF Multicolor Logo Slide Pink Tan Leather,https://cdn.shopify.com/s/files/1/0912/9351/6071/files/20220508_a1652008249984_5408_jpg_579aeead-d031-4bb2-91d8-fe77acc7d30a.jpg?v=1759823118,footwear,fendi,https://cdn.shopify.com/s/files/1/0912/9351/6071/files/20220508_a1652008249984_5408_jpg_579aeead-d031-4bb2-91d8-fe77acc7d30a.jpg?v=1759823118|https://cdn.shopify.com/s/files/1/0912/9351/6071/files/20220508_a1652008249966_2480_jpg_232588de-7585-40aa-b0e3-db15689b204c.jpg?v=1759823119|https://cdn.shopify.com/s/files/1/0912/9351/6071/files/20220508_a1652008249944_5261_jpg_01f5194f-c104-416b-bafe-d41486fd64e3.jpg?v=1759823119|https://cdn.shopify.com/s/files/1/0912/9351/6071/files/20220508_a1652008249946_3157_jpg_65ceccb4-2b90-4c4b-8f21-a63d58fd09e3.jpg?v=1759823119|https://cdn.shopify.com/s/files/1/0912/9351/6071/files/20220508_a1652008249959_7344_jpg_472fe4ca-0d9b-4abb-89dd-92bf882bb789.jpg?v=1759823118|https://cdn.shopify.com/s/files/1/0912/9351/6071/files/20220508_a1652008249970_7282_jpg_019982de-da96-42b4-8acc-fca72a0a78fe.jpg?v=1759823119|https://cdn.shopify.com/s/files/1/0912/9351/6071/files/20220508_a1652008249976_3883_jpg_5ef58f4d-884d-4f1b-b29b-60030d97de5e.jpg?v=1759823119|https://cdn.shopify.com/s/files/1/0912/9351/6071/files/20220508_a1652008249988_6784_jpg_87c34c76-7f83-42da-969b-65b53782fdd1.jpg?v=1759823119,Hi I want FF Multicolor Logo Slide Pink Tan Leather,
FF Multicolor Logo Slide Pink Light Brown Leather,https://cdn.shopify.com/s/files/1/0912/9351/6071/files/20220508_a1652008137018_7205_jpg_cc02ff02-aeb3-435f-a993-f14ee6c5badf.jpg?v=1759823120,footwear,fendi,https://cdn.shopify.com/s/files/1/0912/9351/6071/files/20220508_a1652008137018_7205_jpg_cc02ff02-aeb3-435f-a993-f14ee6c5badf.jpg?v=1759823120|https://cdn.shopify.com/s/files/1/0912/9351/6071/files/20220508_a1652008137030_0486_jpg_c54ce368-170c-4071-891b-fa23d5dcb94b.jpg?v=1759823120|https://cdn.shopify.com/s/files/1/0912/9351/6071/files/20220508_a1652008137035_7866_jpg_244a0f6f-ce8d-4b54-8f9f-0e1695d524e6.jpg?v=1759823120|https://cdn.shopify.com/s/files/1/0912/9351/6071/files/20220508_a1652008137041_3768_jpg_90b40a08-12b2-488d-b634-356396d8b3d0.jpg?v=1759823120|https://cdn.shopify.com/s/files/1/0912/9351/6071/files/20220508_a1652008137046_1862_jpg_396eb24d-d844-459f-bdd3-72543b692241.jpg?v=1759823120|https://cdn.shopify.com/s/files/1/0912/9351/6071/files/20220508_a1652008137050_8551_jpg_f54b0632-3e7e-4a2a-a40e-96b17ff17800.jpg?v=1759823120|https://cdn.shopify.com/s/files/1/0912/9351/6071/files/20220508_a1652008137057_3662_jpg_b61b2499-38f7-497f-8657-845e95ff367f.jpg?v=1759823120|https://cdn.shopify.com/s/files/1/0912/9351/6071/files/20220508_a1652008137060_5378_jpg_e9721bb1-fcaa-4e40-8a61-44f9ff530275.jpg?v=1759823120,Hi I want FF Multicolor Logo Slide Pink Light Brown Leather,
FF Multicolor Logo Slide Pink Leather,https://cdn.shopify.com/s/files/1/0912/9351/6071/files/20220508_a1652008209249_1535_jpg_4fb8854e-fb01-4e2d-a677-5fff9f90373e.jpg?v=1759823122,footwear,fendi,https://cdn.shopify.com/s/files/1/0912/9351/6071/files/20220508_a1652008209249_1535_jpg_4fb8854e-fb01-4e2d-a677-5fff9f90373e.jpg?v=1759823122|https://cdn.shopify.com/s/files/1/0912/9351/6071/files/20220508_a1652008209255_5555_jpg_77f4197d-1b8a-489d-b1b4-922ca54ae5a3.jpg?v=1759823122|https://cdn.shopify.com/s/files/1/0912/9351/6071/files/20220508_a1652008209262_6452_jpg_42c8eb2a-b9a4-408d-8ca3-5748a143afc1.jpg?v=1759823122|https://cdn.shopify.com/s/files/1/0912/9351/6071/files/20220508_a1652008209267_7261_jpg_c648c688-ac0b-43e5-89bd-b81f11b23b66.jpg?v=1759823122|https://cdn.shopify.com/s/files/1/0912/9351/6071/files/20220508_a1652008209273_7420_jpg_21c0e352-23f0-405d-bb6b-8e72aaf6ea94.jpg?v=1759823122|https://cdn.shopify.com/s/files/1/0912/9351/6071/files/20220508_a1652008209279_4043_jpg_0664e8e0-2386-420b-9bfe-2ee40c1d8f74.jpg?v=1759823122|https://cdn.shopify.com/s/files/1/0912/9351/6071/files/20220508_a1652008209283_8352_jpg_382701fb-a3c6-4fb4-ae94-d4d407d5f23b.jpg?v=1759823122|https://cdn.shopify.com/s/files/1/0912/9351/6071/files/20220508_a1652008209287_4634_jpg_59b929fa-ffa6-419b-a368-50fe8fb12af7.jpg?v=1759823122,Hi I want FF Multicolor Logo Slide Pink Leather,
FF Multicolor Logo Slide Pink Black Leather,https://cdn.shopify.com/s/files/1/0912/9351/6071/files/20220508_a1652008228825_7560_jpg_7db05611-1eca-4133-90e9-16a746e5965f.jpg?v=1759823124,footwear,fendi,https://cdn.shopify.com/s/files/1/0912/9351/6071/files/20220508_a1652008228825_7560_jpg_7db05611-1eca-4133-90e9-16a746e5965f.jpg?v=1759823124|https://cdn.shopify.com/s/files/1/0912/9351/6071/files/20220508_a1652008228814_6544_jpg_80d85ce4-b35f-4f50-a9bd-93369dded904.jpg?v=1759823124|https://cdn.shopify.com/s/files/1/0912/9351/6071/files/20220508_a1652008228828_6320_jpg_840b2d95-fc76-4ac8-8ed7-02ada8badc86.jpg?v=1759823124|https://cdn.shopify.com/s/files/1/0912/9351/6071/files/20220508_a1652008228839_5702_jpg_b556cdb8-8706-46b0-84e8-c57c20b13c09.jpg?v=1759823124|https://cdn.shopify.com/s/files/1/0912/9351/6071/files/20220508_a1652008228842_0178_jpg_1e964b03-990c-433f-ad94-16d1d5aed80a.jpg?v=1759823124|https://cdn.shopify.com/s/files/1/0912/9351/6071/files/20220508_a1652008228848_4778_jpg_a914de96-2718-4d9d-bc6c-56c4bb3ad669.jpg?v=1759823124|https://cdn.shopify.com/s/files/1/0912/9351/6071/files/20220508_a1652008228854_5086_jpg_1ade1996-de82-4599-8f57-47650f1f84b7.jpg?v=1759823124|https://cdn.shopify.com/s/files/1/0912/9351/6071/files/20220508_a1652008228860_8312_jpg_e37f51bc-9c7e-457d-a834-12a3645e7dbd.jpg?v=1759823124|https://cdn.shopify.com/s/files/1/0912/9351/6071/files/20220508_a1652008228835_0165_jpg_71580ee5-1014-4db3-abe6-6d2cdea8eff1.jpg?v=1759823124,Hi I want FF Multicolor Logo Slide Pink Black Leather,
FF Monogram Sunshine 65 Light Blue Fabric Slide,https://cdn.shopify.com/s/files/1/0912/9351/6071/files/img_9301c5e6_20240608_i1717857871_2883_1_jpg_8016aff4-d05f-4888-9ed6-37abe6ca05dd.jpg?v=1759823126,footwear,fendi,https://cdn.shopify.com/s/files/1/0912/9351/6071/files/img_9301c5e6_20240608_i1717857871_2883_1_jpg_8016aff4-d05f-4888-9ed6-37abe6ca05dd.jpg?v=1759823126|https://cdn.shopify.com/s/files/1/0912/9351/6071/files/img_9301c5e6_20240608_i1717857871_2804_7_jpg_93761ae2-270c-4ce4-a9e7-3f47fbeaea69.jpg?v=1759823126|https://cdn.shopify.com/s/files/1/0912/9351/6071/files/img_9301c5e6_20240608_i1717857871_5285_2_jpg_aec88628-a27b-427c-b02a-035041f69393.jpg?v=1759823126|https://cdn.shopify.com/s/files/1/0912/9351/6071/files/img_9301c5e6_20240608_i1717857871_6554_3_jpg_a2cbe8e3-de54-456b-b439-6e25a5863337.jpg?v=1759823126|https://cdn.shopify.com/s/files/1/0912/9351/6071/files/img_9301c5e6_20240608_i1717857871_3182_6_jpg_e819cf56-ca54-4175-849c-23d61f0276c7.jpg?v=1759823126|https://cdn.shopify.com/s/files/1/0912/9351/6071/files/img_9301c5e6_20240608_i1717857871_8025_8_jpg_3a38f605-ea9f-4db9-a7d3-b21bf41d9478.jpg?v=1759823126|https://cdn.shopify.com/s/files/1/0912/9351/6071/files/img_9301c5e6_20240608_i1717857871_8491_0_jpg_6d30cca3-3f05-496b-b677-cc8d80b4ef65.jpg?v=1759823126|https://cdn.shopify.com/s/files/1/0912/9351/6071/files/img_9301c5e6_20240608_i1717857871_5682_4_jpg_a6c85710-fcfd-4323-85e6-a12324578c0f.jpg?v=1759823126|https://cdn.shopify.com/s/files/1/0912/9351/6071/files/img_9301c5e6_20240608_i1717857871_7137_5_jpg_217f004e-a41c-457b-9231-c4cb92c070a2.jpg?v=1759823126,Hi I want FF Monogram Sunshine 65 Light Blue Fabric Slide,
FF Monogram Sunshine 65 Blue Sky Fabric Slide,https://cdn.shopify.com/s/files/1/0912/9351/6071/files/img_9301c5e6_20240608_i1717857847_1161_8_jpg_aa0549f2-5d6b-4584-af58-ef74db8ada33.jpg?v=1759823130,footwear,fendi,https://cdn.shopify.com/s/files/1/0912/9351/6071/files/img_9301c5e6_20240608_i1717857847_1161_8_jpg_aa0549f2-5d6b-4584-af58-ef74db8ada33.jpg?v=1759823130|https://cdn.shopify.com/s/files/1/0912/9351/6071/files/img_9301c5e6_20240608_i1717857847_1587_6_jpg_dfbe04b2-19a6-40df-83ef-46ebf9900455.jpg?v=1759823130|https://cdn.shopify.com/s/files/1/0912/9351/6071/files/img_9301c5e6_20240608_i1717857847_1593_1_jpg_f3a3c871-7db7-423d-a168-798d9d649f32.jpg?v=1759823130|https://cdn.shopify.com/s/files/1/0912/9351/6071/files/img_9301c5e6_20240608_i1717857847_2643_7_jpg_c1bc63c8-b605-4def-b182-01cb74efbce0.jpg?v=1759823130|https://cdn.shopify.com/s/files/1/0912/9351/6071/files/img_9301c5e6_20240608_i1717857847_4886_3_jpg_32d6a05a-a8a0-4a60-8cb4-67746e04f0a8.jpg?v=1759823130|https://cdn.shopify.com/s/files/1/0912/9351/6071/files/img_9301c5e6_20240608_i1717857847_7579_5_jpg_2f7e109e-4932-4c87-b32e-801cd17ff5bf.jpg?v=1759823130|https://cdn.shopify.com/s/files/1/0912/9351/6071/files/img_9301c5e6_20240608_i1717857847_7780_0_jpg_425b3e14-f06c-45a6-9384-2ac118461d4d.jpg?v=1759823130|https://cdn.shopify.com/s/files/1/0912/9351/6071/files/img_9301c5e6_20240608_i1717857847_7675_2_jpg_9d0b5a12-81a9-48c7-8121-5e85ad5506d7.jpg?v=1759823130|https://cdn.shopify.com/s/files/1/0912/9351/6071/files/img_9301c5e6_20240608_i1717857847_4734_4_jpg_fbfb57bb-a064-4d2c-91ef-dd14751f4043.jpg?v=1759823131,Hi I want FF Monogram Sunshine 65 Blue Sky Fabric Slide,
FF Monogram Sunshine 65 Black Grey Fabric Slide,https://cdn.shopify.com/s/files/1/0912/9351/6071/files/img_9301c5e6_20240608_i1717857917_7820_1_jpg_a23e7d0a-6507-4fac-a577-03a694948a82.jpg?v=1759823132,footwear,fendi,https://cdn.shopify.com/s/files/1/0912/9351/6071/files/img_9301c5e6_20240608_i1717857917_7820_1_jpg_a23e7d0a-6507-4fac-a577-03a694948a82.jpg?v=1759823132|https://cdn.shopify.com/s/files/1/0912/9351/6071/files/img_9301c5e6_20240608_i1717857917_2855_2_jpg_24f1d7d3-1699-45c1-9460-4c16778c85db.jpg?v=1759823132|https://cdn.shopify.com/s/files/1/0912/9351/6071/files/img_9301c5e6_20240608_i1717857917_1080_3_jpg_8bf16cdf-2d9c-4b08-9446-257baba39bd3.jpg?v=1759823132|https://cdn.shopify.com/s/files/1/0912/9351/6071/files/img_9301c5e6_20240608_i1717857917_3801_4_jpg_a2a57e57-cb89-4465-882b-af8e4c8b5f5e.jpg?v=1759823132|https://cdn.shopify.com/s/files/1/0912/9351/6071/files/img_9301c5e6_20240608_i1717857917_4385_5_jpg_57684297-fe42-4462-85d8-36dfd1145a3c.jpg?v=1759823132|https://cdn.shopify.com/s/files/1/0912/9351/6071/files/img_9301c5e6_20240608_i1717857917_5035_8_jpg_0b9bf882-c26e-4aa7-a502-42d668b1c24a.jpg?v=1759823132|https://cdn.shopify.com/s/files/1/0912/9351/6071/files/img_9301c5e6_20240608_i1717857917_5051_6_jpg_701f8746-97d5-4f8d-ac77-a2d51e5cf99c.jpg?v=1759823132|https://cdn.shopify.com/s/files/1/0912/9351/6071/files/img_9301c5e6_20240608_i1717857917_845_7_jpg_f025a15e-fac5-4bfb-906e-4b805e0085d4.jpg?v=1759823132|https://cdn.shopify.com/s/files/1/0912/9351/6071/files/img_9301c5e6_20240608_i1717857917_2350_0_jpg_d254bd12-4f66-4491-96be-48e010f74c39.jpg?v=1759823132,Hi I want FF Monogram Sunshine 65 Black Grey Fabric Slide,
FF Monogram Sunshine 65 Black Fabric Slide,https://cdn.shopify.com/s/files/1/0912/9351/6071/files/img_9301c5e6_20240608_i1717857895_353_7_jpg_92c9dca9-8380-4134-9140-f90643f92f70.jpg?v=1759823134,footwear,fendi,https://cdn.shopify.com/s/files/1/0912/9351/6071/files/img_9301c5e6_20240608_i1717857895_353_7_jpg_92c9dca9-8380-4134-9140-f90643f92f70.jpg?v=1759823134|https://cdn.shopify.com/s/files/1/0912/9351/6071/files/img_9301c5e6_20240608_i1717857895_7616_3_jpg_c4488250-e297-4eda-958f-e0fc4aeb16dc.jpg?v=1759823134|https://cdn.shopify.com/s/files/1/0912/9351/6071/files/img_9301c5e6_20240608_i1717857895_2551_0_jpg_5db34a2e-1ce1-4e14-b201-73c415ac3314.jpg?v=1759823134|https://cdn.shopify.com/s/files/1/0912/9351/6071/files/img_9301c5e6_20240608_i1717857895_348_4_jpg_7ed64dd5-32c4-4821-8e50-705dcce016b6.jpg?v=1759823134|https://cdn.shopify.com/s/files/1/0912/9351/6071/files/img_9301c5e6_20240608_i1717857895_3305_5_jpg_6ae381da-cdda-4d3f-87bd-bd6e8857f1f5.jpg?v=1759823134|https://cdn.shopify.com/s/files/1/0912/9351/6071/files/img_9301c5e6_20240608_i1717857895_5368_2_jpg_4e2a8ed1-d35d-412e-b022-36e9e2da20d0.jpg?v=1759823134|https://cdn.shopify.com/s/files/1/0912/9351/6071/files/img_9301c5e6_20240608_i1717857895_7541_1_jpg_52447613-0bc5-415e-94e8-a2574633d82a.jpg?v=1759823134|https://cdn.shopify.com/s/files/1/0912/9351/6071/files/img_9301c5e6_20240608_i1717857895_1494_6_jpg_c3094182-6772-4305-917a-3d5729541ed2.jpg?v=1759823134|https://cdn.shopify.com/s/files/1/0912/9351/6071/files/img_9301c5e6_20240608_i1717857895_5204_8_jpg_ccdf77b0-a8ef-42c4-8841-7de0229ddc38.jpg?v=1759823134,Hi I want FF Monogram Sunshine 65 Black Fabric Slide,
FF Feel Yellow Grey Canvas Slide,https://cdn.shopify.com/s/files/1/0912/9351/6071/files/img_9301c5e6_20240608_i1717857325_1665_2_jpg_db31d438-08d9-483c-be95-43fc9d739360.jpg?v=1759823136,footwear,fendi,https://cdn.shopify.com/s/files/1/0912/9351/6071/files/img_9301c5e6_20240608_i1717857325_1665_2_jpg_db31d438-08d9-483c-be95-43fc9d739360.jpg?v=1759823136|https://cdn.shopify.com/s/files/1/0912/9351/6071/files/img_9301c5e6_20240608_i1717857325_8451_8_jpg_d205d0c7-36f5-43f1-acbc-9605e4666736.jpg?v=1759823136|https://cdn.shopify.com/s/files/1/0912/9351/6071/files/img_9301c5e6_20240608_i1717857325_3992_3_jpg_935d8c60-be3b-45a8-be6e-e15cee0277cb.jpg?v=1759823136|https://cdn.shopify.com/s/files/1/0912/9351/6071/files/img_9301c5e6_20240608_i1717857325_1697_7_jpg_28057f52-d0f5-44ed-971c-70f5ce090d55.jpg?v=1759823136|https://cdn.shopify.com/s/files/1/0912/9351/6071/files/img_9301c5e6_20240608_i1717857325_4869_1_jpg_3f5e2a69-41f7-469f-96ba-2ffd0e183c36.jpg?v=1759823136|https://cdn.shopify.com/s/files/1/0912/9351/6071/files/img_9301c5e6_20240608_i1717857325_7189_0_jpg_d9595a10-be78-4277-b624-c856ec7b0018.jpg?v=1759823136|https://cdn.shopify.com/s/files/1/0912/9351/6071/files/img_9301c5e6_20240608_i1717857325_8429_6_jpg_5a56663a-40a9-4811-8e4e-fba6adca1b28.jpg?v=1759823136|https://cdn.shopify.com/s/files/1/0912/9351/6071/files/img_9301c5e6_20240608_i1717857325_9557_4_jpg_0aeec115-2279-48e8-82f5-c297a1020f8d.jpg?v=1759823136|https://cdn.shopify.com/s/files/1/0912/9351/6071/files/img_9301c5e6_20240608_i1717857325_9976_5_jpg_e2219b2f-d375-4151-8804-d4aafdf649aa.jpg?v=1759823136,Hi I want FF Feel Yellow Grey Canvas Slide,
FF Feel Brown Black Canvas Slide,https://cdn.shopify.com/s/files/1/0912/9351/6071/files/img_9301c5e6_20240608_i1717857301_1498_7_jpg_fa3124ff-0640-49ca-aa70-0a6958f31ef2.jpg?v=1759823140,footwear,fendi,https://cdn.shopify.com/s/files/1/0912/9351/6071/files/img_9301c5e6_20240608_i1717857301_1498_7_jpg_fa3124ff-0640-49ca-aa70-0a6958f31ef2.jpg?v=1759823140|https://cdn.shopify.com/s/files/1/0912/9351/6071/files/img_9301c5e6_20240608_i1717857301_6147_3_jpg_c44a33c1-c92d-4759-b19d-f68f0a4f14f4.jpg?v=1759823140|https://cdn.shopify.com/s/files/1/0912/9351/6071/files/img_9301c5e6_20240608_i1717857301_1391_2_jpg_5e06d3aa-e875-4a1f-8447-1a9a54900219.jpg?v=1759823140|https://cdn.shopify.com/s/files/1/0912/9351/6071/files/img_9301c5e6_20240608_i1717857301_3670_5_jpg_e50a6323-5004-410b-8d02-191c5c880e47.jpg?v=1759823140|https://cdn.shopify.com/s/files/1/0912/9351/6071/files/img_9301c5e6_20240608_i1717857301_5521_1_jpg_36d7f834-2a90-492e-8033-f2e824bc72a4.jpg?v=1759823140|https://cdn.shopify.com/s/files/1/0912/9351/6071/files/img_9301c5e6_20240608_i1717857301_6930_8_jpg_04e4f25f-94cf-4b2b-8d11-4c72ce29327c.jpg?v=1759823140|https://cdn.shopify.com/s/files/1/0912/9351/6071/files/img_9301c5e6_20240608_i1717857301_8615_4_jpg_e427cc64-f0bc-4096-9321-d4054a4a68b7.jpg?v=1759823140|https://cdn.shopify.com/s/files/1/0912/9351/6071/files/img_9301c5e6_20240608_i1717857301_8641_0_jpg_387404e1-89a7-491d-a0f2-bebfaa1084d6.jpg?v=1759823140|https://cdn.shopify.com/s/files/1/0912/9351/6071/files/img_9301c5e6_20240608_i1717857301_4227_6_jpg_ad40796f-c11b-4f7e-b525-806dcdd1f0d6.jpg?v=1759823140,Hi I want FF Feel Brown Black Canvas Slide,
FF Feel Blue Light Grey Canvas Slide,https://cdn.shopify.com/s/files/1/0912/9351/6071/files/img_9301c5e6_20240608_i1717857275_1669_5_jpg_817c3ff5-8ccf-4fab-9bff-512b9fb1f7ce.jpg?v=1759823142,footwear,fendi,https://cdn.shopify.com/s/files/1/0912/9351/6071/files/img_9301c5e6_20240608_i1717857275_1669_5_jpg_817c3ff5-8ccf-4fab-9bff-512b9fb1f7ce.jpg?v=1759823142|https://cdn.shopify.com/s/files/1/0912/9351/6071/files/img_9301c5e6_20240608_i1717857275_2844_3_jpg_7abc8ea8-59ae-4ad8-ba48-7ba445552dd3.jpg?v=1759823142|https://cdn.shopify.com/s/files/1/0912/9351/6071/files/img_9301c5e6_20240608_i1717857275_6116_1_jpg_d9fafc03-b319-4b00-9c18-9f99e8ef3fc7.jpg?v=1759823142|https://cdn.shopify.com/s/files/1/0912/9351/6071/files/img_9301c5e6_20240608_i1717857275_2423_0_jpg_ab22f3ec-4fd2-4c80-a118-a6a9187c153a.jpg?v=1759823142|https://cdn.shopify.com/s/files/1/0912/9351/6071/files/img_9301c5e6_20240608_i1717857275_3289_2_jpg_d0eaee19-414c-40d7-baa5-cfca2e06a3c9.jpg?v=1759823142|https://cdn.shopify.com/s/files/1/0912/9351/6071/files/img_9301c5e6_20240608_i1717857275_3817_4_jpg_ad25b209-b3c2-44cd-9796-f6c6c7350bdd.jpg?v=1759823143|https://cdn.shopify.com/s/files/1/0912/9351/6071/files/img_9301c5e6_20240608_i1717857275_4162_7_jpg_5a4d7b61-a8f4-45c2-b19a-819179b51453.jpg?v=1759823143|https://cdn.shopify.com/s/files/1/0912/9351/6071/files/img_9301c5e6_20240608_i1717857275_2089_8_jpg_913cac80-d6dc-4c9a-8d3b-2d1c0fb2fc51.jpg?v=1759823142|https://cdn.shopify.com/s/files/1/0912/9351/6071/files/img_9301c5e6_20240608_i1717857275_2302_6_jpg_489a248e-e030-48a0-b6ab-6e0a85dcee23.jpg?v=1759823143,Hi I want FF Feel Blue Light Grey Canvas Slide,
FF Feel Blue Grey Canvas Slide,https://cdn.shopify.com/s/files/1/0912/9351/6071/files/img_9301c5e6_20240608_i1717857349_3115_3_jpg_ff7a7b03-f303-4fbe-ace6-a3e538f4ca46.jpg?v=1759823145,footwear,fendi,https://cdn.shopify.com/s/files/1/0912/9351/6071/files/img_9301c5e6_20240608_i1717857349_3115_3_jpg_ff7a7b03-f303-4fbe-ace6-a3e538f4ca46.jpg?v=1759823145|https://cdn.shopify.com/s/files/1/0912/9351/6071/files/img_9301c5e6_20240608_i1717857349_4530_8_jpg_760f7fe7-4ae4-468b-ba96-6f43a2dbc18a.jpg?v=1759823145|https://cdn.shopify.com/s/files/1/0912/9351/6071/files/img_9301c5e6_20240608_i1717857349_8367_4_jpg_72105f7b-ca23-46c8-a4b7-442cbca02df7.jpg?v=1759823145|https://cdn.shopify.com/s/files/1/0912/9351/6071/files/img_9301c5e6_20240608_i1717857348_2206_0_jpg_8b5ebea4-6f5a-4244-aa65-491e78cc5161.jpg?v=1759823145|https://cdn.shopify.com/s/files/1/0912/9351/6071/files/img_9301c5e6_20240608_i1717857349_7161_6_jpg_5d4309c9-b3ae-488a-8de0-1055d17995c2.jpg?v=1759823145|https://cdn.shopify.com/s/files/1/0912/9351/6071/files/img_9301c5e6_20240608_i1717857348_615_2_jpg_2cc0f3da-c0bf-4fa4-b751-202ca5491090.jpg?v=1759823145|https://cdn.shopify.com/s/files/1/0912/9351/6071/files/img_9301c5e6_20240608_i1717857348_8384_1_jpg_02f7cdf2-08f4-43fc-8b5b-32b85e7ae0e5.jpg?v=1759823145|https://cdn.shopify.com/s/files/1/0912/9351/6071/files/img_9301c5e6_20240608_i1717857349_2702_5_jpg_e88de93a-e55f-4a2d-a889-f725202bf6e4.jpg?v=1759823145|https://cdn.shopify.com/s/files/1/0912/9351/6071/files/img_9301c5e6_20240608_i1717857349_3361_7_jpg_55070493-8183-4aba-be43-af7f847e6a0a.jpg?v=1759823145,Hi I want FF Feel Blue Grey Canvas Slide,
FF Feel 10 Yellow Grey FF jacquard Slide,https://cdn.shopify.com/s/files/1/0912/9351/6071/files/img_f4ddc389_20240524_a1716537805076_0616_jpg_bc7211cf-ab22-4e65-89ae-aea32da4b251.jpg?v=1759823147,footwear,fendi,https://cdn.shopify.com/s/files/1/0912/9351/6071/files/img_f4ddc389_20240524_a1716537805076_0616_jpg_bc7211cf-ab22-4e65-89ae-aea32da4b251.jpg?v=1759823147|https://cdn.shopify.com/s/files/1/0912/9351/6071/files/img_f4ddc389_20240524_a1716537804912_6122_jpg_d815a518-d516-45b3-be76-0f8d5d2799e0.jpg?v=1759823147|https://cdn.shopify.com/s/files/1/0912/9351/6071/files/img_f4ddc389_20240524_a1716537804918_5113_jpg_36566eca-3351-4c01-907a-c0dc27b04908.jpg?v=1759823146|https://cdn.shopify.com/s/files/1/0912/9351/6071/files/img_f4ddc389_20240524_a1716537804946_1084_jpg_de906260-7d75-46a0-a5e0-38c75c1b9156.jpg?v=1759823146|https://cdn.shopify.com/s/files/1/0912/9351/6071/files/img_f4ddc389_20240524_a1716537805174_2833_jpg_b7c6171a-c071-4b51-982b-0a3719133fae.jpg?v=1759823146|https://cdn.shopify.com/s/files/1/0912/9351/6071/files/img_f4ddc389_20240524_a1716537805242_6113_jpg_5cb0febd-3c29-48a8-880e-90ab71a02a85.jpg?v=1759823147,Hi I want FF Feel 10 Yellow Grey FF jacquard Slide,
FF Feel 10 White FF jacquard Slide,https://cdn.shopify.com/s/files/1/0912/9351/6071/files/img_f4ddc389_20240524_a1716537550397_8751_jpg_dbcec24a-31b8-4bcb-bd3c-cae1b9bf023d.jpg?v=1759823148,footwear,fendi,https://cdn.shopify.com/s/files/1/0912/9351/6071/files/img_f4ddc389_20240524_a1716537550397_8751_jpg_dbcec24a-31b8-4bcb-bd3c-cae1b9bf023d.jpg?v=1759823148|https://cdn.shopify.com/s/files/1/0912/9351/6071/files/img_f4ddc389_20240524_a1716537550132_0712_jpg_544663c1-b7c5-480a-9c63-80754c6437ae.jpg?v=1759823148|https://cdn.shopify.com/s/files/1/0912/9351/6071/files/img_f4ddc389_20240524_a1716537550178_1231_jpg_72ab97f7-b550-4466-bc84-5423a4d0be24.jpg?v=1759823149|https://cdn.shopify.com/s/files/1/0912/9351/6071/files/img_f4ddc389_20240524_a1716537550288_5387_jpg_eeb5f008-5b91-4f80-80f2-8516f6254597.jpg?v=1759823148|https://cdn.shopify.com/s/files/1/0912/9351/6071/files/img_f4ddc389_20240524_a1716537550331_3541_jpg_28676741-37ff-4d46-a1c4-f84f66aa6efd.jpg?v=1759823149|https://cdn.shopify.com/s/files/1/0912/9351/6071/files/img_f4ddc389_20240524_a1716537550379_1757_jpg_5485f721-d8a9-46d2-83de-2d3c9d404a9b.jpg?v=1759823149,Hi I want FF Feel 10 White FF jacquard Slide,
FF Feel 10 Olive Black FF jacquard Slide,https://cdn.shopify.com/s/files/1/0912/9351/6071/files/img_f4ddc389_20240524_a1716537971978_6027_jpg_8a357bf6-80f2-49b4-bbec-676c66ec68c7.jpg?v=1759823152,footwear,fendi,https://cdn.shopify.com/s/files/1/0912/9351/6071/files/img_f4ddc389_20240524_a1716537971978_6027_jpg_8a357bf6-80f2-49b4-bbec-676c66ec68c7.jpg?v=1759823152|https://cdn.shopify.com/s/files/1/0912/9351/6071/files/img_f4ddc389_20240524_a1716537971539_5883_jpg_cb16366e-eb5d-4ace-90ef-0ca0324aa9dd.jpg?v=1759823152|https://cdn.shopify.com/s/files/1/0912/9351/6071/files/img_f4ddc389_20240524_a1716537971553_0842_jpg_9c1aebef-e003-4f13-b134-4b11d997b6ae.jpg?v=1759823152|https://cdn.shopify.com/s/files/1/0912/9351/6071/files/img_f4ddc389_20240524_a1716537971878_0431_jpg_fa173812-15f9-4b89-8b29-34909d79b4ff.jpg?v=1759823152|https://cdn.shopify.com/s/files/1/0912/9351/6071/files/img_f4ddc389_20240524_a1716537972014_2130_jpg_27cd2764-73d0-4843-86ff-7e14e933ee33.jpg?v=1759823152|https://cdn.shopify.com/s/files/1/0912/9351/6071/files/img_f4ddc389_20240524_a1716537972174_2684_jpg_1b4c8c4f-86f2-486d-9bba-7b4f9cae6183.jpg?v=1759823152,Hi I want FF Feel 10 Olive Black FF jacquard Slide,
FF Feel 10 Brown Black FF jacquard Slide,https://cdn.shopify.com/s/files/1/0912/9351/6071/files/img_f4ddc389_20240524_a1716538210901_7727_jpg_56786bc4-ac7a-43d1-8eb7-f7759473295c.jpg?v=1759823155,footwear,fendi,https://cdn.shopify.com/s/files/1/0912/9351/6071/files/img_f4ddc389_20240524_a1716538210901_7727_jpg_56786bc4-ac7a-43d1-8eb7-f7759473295c.jpg?v=1759823155|https://cdn.shopify.com/s/files/1/0912/9351/6071/files/img_f4ddc389_20240524_a1716538210398_6815_jpg_f93009a5-6bd4-4e75-95ce-47bc620ef960.jpg?v=1759823156|https://cdn.shopify.com/s/files/1/0912/9351/6071/files/img_f4ddc389_20240524_a1716538210371_2171_jpg_9de62334-ff52-4089-b7ba-2e189edbf04e.jpg?v=1759823155|https://cdn.shopify.com/s/files/1/0912/9351/6071/files/img_f4ddc389_20240524_a1716538210483_1751_jpg_81a26437-89c9-4c04-b536-a599b9f2cc23.jpg?v=1759823156|https://cdn.shopify.com/s/files/1/0912/9351/6071/files/img_f4ddc389_20240524_a1716538210580_5248_jpg_1dc27990-0cd6-4db3-b1b8-151e24fd300b.jpg?v=1759823155|https://cdn.shopify.com/s/files/1/0912/9351/6071/files/img_f4ddc389_20240524_a1716538210666_7662_jpg_68fcadd6-1096-490e-be05-7ec8f2919042.jpg?v=1759823155,Hi I want FF Feel 10 Brown Black FF jacquard Slide,
FF Feel 10 Blue Grey FF jacquard Slide,https://cdn.shopify.com/s/files/1/0912/9351/6071/files/img_f4ddc389_20240524_a1716537893478_4568_jpg_3bd9f12f-f9b1-4439-bf1a-a21e3fb2e6e5.jpg?v=1759823161,footwear,fendi,https://cdn.shopify.com/s/files/1/0912/9351/6071/files/img_f4ddc389_20240524_a1716537893478_4568_jpg_3bd9f12f-f9b1-4439-bf1a-a21e3fb2e6e5.jpg?v=1759823161|https://cdn.shopify.com/s/files/1/0912/9351/6071/files/img_f4ddc389_20240524_a1716537893216_1567_jpg_ffd2085c-694c-4049-8edb-4effc4206efb.jpg?v=1759823161|https://cdn.shopify.com/s/files/1/0912/9351/6071/files/img_f4ddc389_20240524_a1716537893481_7357_jpg_92b34a63-fadc-4bd5-b4cb-c9d750fdb599.jpg?v=1759823161|https://cdn.shopify.com/s/files/1/0912/9351/6071/files/img_f4ddc389_20240524_a1716537893555_7824_jpg_5a269963-67bf-49a8-9181-1170a67275d7.jpg?v=1759823161|https://cdn.shopify.com/s/files/1/0912/9351/6071/files/img_f4ddc389_20240524_a1716537893677_6888_jpg_e584155f-e868-43c7-8860-87873821e33c.jpg?v=1759823161|https://cdn.shopify.com/s/files/1/0912/9351/6071/files/img_f4ddc389_20240524_a1716537893737_4323_jpg_8b1abe58-6e0f-4b51-b1ba-1f4ca8807411.jpg?v=1759823162,Hi I want FF Feel 10 Blue Grey FF jacquard Slide,
FF Feel 10 Black Grey FF jacquard Slide,https://cdn.shopify.com/s/files/1/0912/9351/6071/files/img_f4ddc389_20240524_a1716538256518_8688_jpg_aca7aed8-0582-4431-a6ca-d31b6dbff08b.jpg?v=1759823163,footwear,fendi,https://cdn.shopify.com/s/files/1/0912/9351/6071/files/img_f4ddc389_20240524_a1716538256518_8688_jpg_aca7aed8-0582-4431-a6ca-d31b6dbff08b.jpg?v=1759823163|https://cdn.shopify.com/s/files/1/0912/9351/6071/files/img_f4ddc389_20240524_a1716537916656_7075_jpg_2fbeca0d-f40e-4540-9a21-1263b16d7902.jpg?v=1759823163|https://cdn.shopify.com/s/files/1/0912/9351/6071/files/img_f4ddc389_20240524_a1716537916767_5328_jpg_4378f4c7-be24-403d-8ef3-feeb7ccc7d5a.jpg?v=1759823163|https://cdn.shopify.com/s/files/1/0912/9351/6071/files/img_f4ddc389_20240524_a1716537917025_3235_jpg_4d637f8c-7afd-4752-82bf-ec50cd0477b2.jpg?v=1759823163|https://cdn.shopify.com/s/files/1/0912/9351/6071/files/img_f4ddc389_20240524_a1716537917128_1258_jpg_a1278829-91bb-49e4-a28b-b0a9f55e8d15.jpg?v=1759823163|https://cdn.shopify.com/s/files/1/0912/9351/6071/files/img_f4ddc389_20240524_a1716537917229_8735_jpg_205ef8c2-c908-43c0-af21-00a2d9cbc5d3.jpg?v=1759823163,Hi I want FF Feel 10 Black Grey FF jacquard Slide,
FF Feel 10 Black FF jacquard Slide,https://cdn.shopify.com/s/files/1/0912/9351/6071/files/img_f4ddc389_20240524_a1716538285809_0885_jpg_0828ebf6-2cd6-4ccc-8146-eec4130f13fe.jpg?v=1759823165,footwear,fendi,https://cdn.shopify.com/s/files/1/0912/9351/6071/files/img_f4ddc389_20240524_a1716538285809_0885_jpg_0828ebf6-2cd6-4ccc-8146-eec4130f13fe.jpg?v=1759823165|https://cdn.shopify.com/s/files/1/0912/9351/6071/files/img_f4ddc389_20240524_a1716538285623_3786_jpg_80ca87b1-11b0-4557-ac69-46c998bd8d3c.jpg?v=1759823165|https://cdn.shopify.com/s/files/1/0912/9351/6071/files/img_f4ddc389_20240524_a1716538285313_4511_jpg_9bb08b49-7039-4cb4-aabc-7c9b9493a820.jpg?v=1759823165|https://cdn.shopify.com/s/files/1/0912/9351/6071/files/img_f4ddc389_20240524_a1716538285589_7573_jpg_a8281c66-8823-4180-a262-c906a5ac7097.jpg?v=1759823165|https://cdn.shopify.com/s/files/1/0912/9351/6071/files/img_f4ddc389_20240524_a1716538285814_7835_jpg_ccc354ec-6ba7-4ff4-8822-6bfc9d356846.jpg?v=1759823165|https://cdn.shopify.com/s/files/1/0912/9351/6071/files/img_f4ddc389_20240524_a1716538285853_7726_jpg_c9553859-b869-4fab-b312-1f74a2a63bb5.jpg?v=1759823165,Hi I want FF Feel 10 Black FF jacquard Slide,
FF Baguette Slides Women 45 Nappa Leather White,https://cdn.shopify.com/s/files/1/0912/9351/6071/files/img_9ce1a4ce_20240603_i1717425907_9813_7_jpg_7c40f032-abbb-453a-90bc-88b26aab3053.jpg?v=1759823167,footwear,fendi,https://cdn.shopify.com/s/files/1/0912/9351/6071/files/img_9ce1a4ce_20240603_i1717425907_9813_7_jpg_7c40f032-abbb-453a-90bc-88b26aab3053.jpg?v=1759823167|https://cdn.shopify.com/s/files/1/0912/9351/6071/files/img_9ce1a4ce_20240603_i1717425907_737_0_jpg_7ea2d4a0-4dd9-4120-9a83-972d996f9ff1.jpg?v=1759823167|https://cdn.shopify.com/s/files/1/0912/9351/6071/files/img_9ce1a4ce_20240603_i1717425907_2498_2_jpg_125f1bb5-63b8-46cf-9061-99572be1c03e.jpg?v=1759823167|https://cdn.shopify.com/s/files/1/0912/9351/6071/files/img_9ce1a4ce_20240603_i1717425907_1328_8_jpg_a4b0727b-29e2-4ed3-bdd8-3b550b1c8768.jpg?v=1759823167|https://cdn.shopify.com/s/files/1/0912/9351/6071/files/img_9ce1a4ce_20240603_i1717425907_1845_5_jpg_f63c1659-f6c2-403c-8c3b-c361ee990fe0.jpg?v=1759823166|https://cdn.shopify.com/s/files/1/0912/9351/6071/files/img_9ce1a4ce_20240603_i1717425907_5661_4_jpg_fc0d96a0-a4f3-4a91-baf9-bcec0f6565c6.jpg?v=1759823167|https://cdn.shopify.com/s/files/1/0912/9351/6071/files/img_9ce1a4ce_20240603_i1717425907_7473_1_jpg_ec97b1a0-9330-4ea4-88b9-b083ccff4523.jpg?v=1759823167|https://cdn.shopify.com/s/files/1/0912/9351/6071/files/img_9ce1a4ce_20240603_i1717425907_539_3_jpg_e912014d-5520-4357-9835-eef85bbd9394.jpg?v=1759823167|https://cdn.shopify.com/s/files/1/0912/9351/6071/files/img_9ce1a4ce_20240603_i1717425907_5240_6_jpg_1af8f937-b521-4cf0-95c1-a9aa012ca39c.jpg?v=1759823166,Hi I want FF Baguette Slides Women 45 Nappa Leather White,
FF Baguette Slides Women 45 Nappa Leather Green,https://cdn.shopify.com/s/files/1/0912/9351/6071/files/img_9ce1a4ce_20240603_i1717426023_526_6_jpg_cfd18eac-8d60-4314-850a-28d94931eb68.jpg?v=1759823170,footwear,fendi,https://cdn.shopify.com/s/files/1/0912/9351/6071/files/img_9ce1a4ce_20240603_i1717426023_526_6_jpg_cfd18eac-8d60-4314-850a-28d94931eb68.jpg?v=1759823170|https://cdn.shopify.com/s/files/1/0912/9351/6071/files/img_9ce1a4ce_20240603_i1717426022_4762_1_jpg_40743d23-22d4-4c7c-a842-fd6f00c8f9d0.jpg?v=1759823171|https://cdn.shopify.com/s/files/1/0912/9351/6071/files/img_9ce1a4ce_20240603_i1717426022_6990_0_jpg_e22cea8a-becf-4dd3-b310-e12f23f3c6ad.jpg?v=1759823171|https://cdn.shopify.com/s/files/1/0912/9351/6071/files/img_9ce1a4ce_20240603_i1717426023_2019_4_jpg_d591f541-e332-4fbf-9e93-d09df7d6d3ee.jpg?v=1759823171|https://cdn.shopify.com/s/files/1/0912/9351/6071/files/img_9ce1a4ce_20240603_i1717426023_2062_2_jpg_c1314235-2523-4ea1-bcd3-ae915fceb843.jpg?v=1759823171|https://cdn.shopify.com/s/files/1/0912/9351/6071/files/img_9ce1a4ce_20240603_i1717426023_3518_8_jpg_9d5a3800-7d5e-45c3-a801-b8c27daa066d.jpg?v=1759823171|https://cdn.shopify.com/s/files/1/0912/9351/6071/files/img_9ce1a4ce_20240603_i1717426023_9253_5_jpg_708ced81-a063-4cd4-9662-c6c6258e27e2.jpg?v=1759823171|https://cdn.shopify.com/s/files/1/0912/9351/6071/files/img_9ce1a4ce_20240603_i1717426023_9488_7_jpg_8bd67c92-9333-4f09-9178-0ee20c389838.jpg?v=1759823171|https://cdn.shopify.com/s/files/1/0912/9351/6071/files/img_9ce1a4ce_20240603_i1717426030_5979_0_jpg_91335cd1-8d05-4567-aeed-88afd4bbdfb6.jpg?v=1759823171,Hi I want FF Baguette Slides Women 45 Nappa Leather Green,
FF Baguette Slides Women 45 Nappa Leather Black,https://cdn.shopify.com/s/files/1/0912/9351/6071/files/img_9ce1a4ce_20240603_i1717425961_2385_6_jpg_4777cc4a-eefa-465a-b52d-e7724ea0ee23.jpg?v=1759823173,footwear,fendi,https://cdn.shopify.com/s/files/1/0912/9351/6071/files/img_9ce1a4ce_20240603_i1717425961_2385_6_jpg_4777cc4a-eefa-465a-b52d-e7724ea0ee23.jpg?v=1759823173|https://cdn.shopify.com/s/files/1/0912/9351/6071/files/img_9ce1a4ce_20240603_i1717425961_1825_5_jpg_dd7dff8c-e002-478e-af77-c97b82e95f0a.jpg?v=1759823173|https://cdn.shopify.com/s/files/1/0912/9351/6071/files/img_9ce1a4ce_20240603_i1717425961_2261_7_jpg_d366f70f-c514-4218-9f3c-251d2a709c33.jpg?v=1759823173|https://cdn.shopify.com/s/files/1/0912/9351/6071/files/img_9ce1a4ce_20240603_i1717425961_3925_4_jpg_f4594414-b924-4321-91af-0c355c8385d2.jpg?v=1759823173|https://cdn.shopify.com/s/files/1/0912/9351/6071/files/img_9ce1a4ce_20240603_i1717425961_4186_2_jpg_f1024cef-cded-4f7c-84e3-5c2c9827c154.jpg?v=1759823173|https://cdn.shopify.com/s/files/1/0912/9351/6071/files/img_9ce1a4ce_20240603_i1717425961_5471_1_jpg_df9155c4-b92c-401a-b5c0-a77b1c4702e3.jpg?v=1759823173|https://cdn.shopify.com/s/files/1/0912/9351/6071/files/img_9ce1a4ce_20240603_i1717425961_8499_8_jpg_0d2215ae-df97-427b-b9f2-5c57b72e8673.jpg?v=1759823173|https://cdn.shopify.com/s/files/1/0912/9351/6071/files/img_9ce1a4ce_20240603_i1717425965_7955_0_jpg_159472af-4ece-453e-bcbe-79a5529a21d8.jpg?v=1759823173|https://cdn.shopify.com/s/files/1/0912/9351/6071/files/img_9ce1a4ce_20240603_i1717425961_869_3_jpg_8d920d21-ea52-4bba-abc2-71da614957d5.jpg?v=1759823173,Hi I want FF Baguette Slides Women 45 Nappa Leather Black,
FF Baguette Slides Women 45 Nappa Leather Beige,https://cdn.shopify.com/s/files/1/0912/9351/6071/files/img_9ce1a4ce_20240603_i1717425982_7501_4_jpg_c279a8c0-f798-4a28-94fb-a13298813506.jpg?v=1759823175,footwear,fendi,https://cdn.shopify.com/s/files/1/0912/9351/6071/files/img_9ce1a4ce_20240603_i1717425982_7501_4_jpg_c279a8c0-f798-4a28-94fb-a13298813506.jpg?v=1759823175|https://cdn.shopify.com/s/files/1/0912/9351/6071/files/img_9ce1a4ce_20240603_i1717425982_83_2_jpg_0997c592-b1e9-4a6d-87a5-2c92e7d77d19.jpg?v=1759823175|https://cdn.shopify.com/s/files/1/0912/9351/6071/files/img_9ce1a4ce_20240603_i1717425982_4209_1_jpg_49c373c1-f096-49cd-bd31-1cc776e6bf20.jpg?v=1759823175|https://cdn.shopify.com/s/files/1/0912/9351/6071/files/img_9ce1a4ce_20240603_i1717425982_8411_3_jpg_23e512c2-7e81-4e9a-9cb3-9e5f6254211a.jpg?v=1759823175|https://cdn.shopify.com/s/files/1/0912/9351/6071/files/img_9ce1a4ce_20240603_i1717425983_6127_5_jpg_f0406c3e-a7d9-4032-a0d3-877395c92b16.jpg?v=1759823175|https://cdn.shopify.com/s/files/1/0912/9351/6071/files/img_9ce1a4ce_20240603_i1717425983_7232_8_jpg_e11ac88e-7e7a-4efc-b7c1-4cb0cd9e6146.jpg?v=1759823175|https://cdn.shopify.com/s/files/1/0912/9351/6071/files/img_9ce1a4ce_20240603_i1717425983_7235_6_jpg_b144e9d6-fcd6-47de-8081-b9bf9e310317.jpg?v=1759823175|https://cdn.shopify.com/s/files/1/0912/9351/6071/files/img_9ce1a4ce_20240603_i1717425983_7272_7_jpg_af9b5850-9634-41d5-92ff-951fe53fc416.jpg?v=1759823175|https://cdn.shopify.com/s/files/1/0912/9351/6071/files/img_9ce1a4ce_20240603_i1717425982_4221_0_jpg_c4626868-a543-43ef-84ab-73e1c01e1578.jpg?v=1759823175,Hi I want FF Baguette Slides Women 45 Nappa Leather Beige,
FF Baguette Slides Women 45 Nappa Leather Baby Blue,https://cdn.shopify.com/s/files/1/0912/9351/6071/files/img_9ce1a4ce_20240603_i1717425995_4149_2_jpg_1af63727-9cdd-427b-bd8a-a9cf5b062981.jpg?v=1759823177,footwear,fendi,https://cdn.shopify.com/s/files/1/0912/9351/6071/files/img_9ce1a4ce_20240603_i1717425995_4149_2_jpg_1af63727-9cdd-427b-bd8a-a9cf5b062981.jpg?v=1759823177|https://cdn.shopify.com/s/files/1/0912/9351/6071/files/img_9ce1a4ce_20240603_i1717425995_214_5_jpg_08a97e66-f11a-4af8-a197-49b190db3d7a.jpg?v=1759823177|https://cdn.shopify.com/s/files/1/0912/9351/6071/files/img_9ce1a4ce_20240603_i1717425995_5421_0_jpg_25bfadff-3fce-4583-bec6-ff9b9b45baad.jpg?v=1759823177|https://cdn.shopify.com/s/files/1/0912/9351/6071/files/img_9ce1a4ce_20240603_i1717425995_1277_6_jpg_948c277c-4ee0-4501-b19c-3a23e8816a29.jpg?v=1759823177|https://cdn.shopify.com/s/files/1/0912/9351/6071/files/img_9ce1a4ce_20240603_i1717425995_1370_1_jpg_3fc8f2ed-7e65-40bc-ac4e-4e98aedd6455.jpg?v=1759823177|https://cdn.shopify.com/s/files/1/0912/9351/6071/files/img_9ce1a4ce_20240603_i1717425995_1600_7_jpg_b68dec16-d226-4852-b647-b1a10ec047e6.jpg?v=1759823177|https://cdn.shopify.com/s/files/1/0912/9351/6071/files/img_9ce1a4ce_20240603_i1717425995_2474_8_jpg_91e314a2-3e36-415f-bdf5-833a57a6a7a6.jpg?v=1759823177|https://cdn.shopify.com/s/files/1/0912/9351/6071/files/img_9ce1a4ce_20240603_i1717425995_7288_3_jpg_3569b854-fdff-4ff0-bf41-36816f0db9ba.jpg?v=1759823177|https://cdn.shopify.com/s/files/1/0912/9351/6071/files/img_9ce1a4ce_20240603_i1717425995_5093_4_jpg_a05cfe7e-024a-4532-88fd-183a787d2203.jpg?v=1759823177,Hi I want FF Baguette Slides Women 45 Nappa Leather Baby Blue,
FF Baguette Rust Leather Slide,https://cdn.shopify.com/s/files/1/0912/9351/6071/files/img_03fc6810_20240608_i1717843919_2293_2_jpg.jpg?v=1759823181,footwear,fendi,https://cdn.shopify.com/s/files/1/0912/9351/6071/files/img_03fc6810_20240608_i1717843919_2293_2_jpg.jpg?v=1759823181|https://cdn.shopify.com/s/files/1/0912/9351/6071/files/img_03fc6810_20240608_i1717843919_165_6_jpg.jpg?v=1759823182|https://cdn.shopify.com/s/files/1/0912/9351/6071/files/img_03fc6810_20240608_i1717843919_4489_3_jpg.jpg?v=1759823181|https://cdn.shopify.com/s/files/1/0912/9351/6071/files/img_03fc6810_20240608_i1717843919_4648_0_jpg.jpg?v=1759823181|https://cdn.shopify.com/s/files/1/0912/9351/6071/files/img_03fc6810_20240608_i1717843919_5380_5_jpg.jpg?v=1759823181|https://cdn.shopify.com/s/files/1/0912/9351/6071/files/img_03fc6810_20240608_i1717843919_8670_1_jpg.jpg?v=1759823181|https://cdn.shopify.com/s/files/1/0912/9351/6071/files/img_03fc6810_20240608_i1717843919_8971_4_jpg.jpg?v=1759823181|https://cdn.shopify.com/s/files/1/0912/9351/6071/files/img_03fc6810_20240608_i1717843920_866_7_jpg.jpg?v=1759823181|https://cdn.shopify.com/s/files/1/0912/9351/6071/files/img_03fc6810_20240608_i1717843920_964_8_jpg.jpg?v=1759823181,Hi I want FF Baguette Rust Leather Slide,
FF Baguette Red Leather Slide,https://cdn.shopify.com/s/files/1/0912/9351/6071/files/img_03fc6810_20240608_i1717843938_4984_7_jpg_9bf2a053-d0c1-4c46-b54b-19367395676b.jpg?v=1759823183,footwear,fendi,https://cdn.shopify.com/s/files/1/0912/9351/6071/files/img_03fc6810_20240608_i1717843938_4984_7_jpg_9bf2a053-d0c1-4c46-b54b-19367395676b.jpg?v=1759823183|https://cdn.shopify.com/s/files/1/0912/9351/6071/files/img_03fc6810_20240608_i1717843938_1967_2_jpg_2145995c-d539-4324-8c1f-6f256cf523f1.jpg?v=1759823184|https://cdn.shopify.com/s/files/1/0912/9351/6071/files/img_03fc6810_20240608_i1717843938_2822_6_jpg_985be8fd-9b1d-432a-919c-6cd3ead0dbc6.jpg?v=1759823183|https://cdn.shopify.com/s/files/1/0912/9351/6071/files/img_03fc6810_20240608_i1717843938_8920_1_jpg_b0586045-d13c-4b13-b790-4c6d16ebe313.jpg?v=1759823184|https://cdn.shopify.com/s/files/1/0912/9351/6071/files/img_03fc6810_20240608_i1717843938_3600_4_jpg_604ed4ca-b560-463c-984c-ca49232a36da.jpg?v=1759823183|https://cdn.shopify.com/s/files/1/0912/9351/6071/files/img_03fc6810_20240608_i1717843938_4594_0_jpg_259000a1-3a39-4dcb-87d3-6efc08b734ed.jpg?v=1759823183|https://cdn.shopify.com/s/files/1/0912/9351/6071/files/img_03fc6810_20240608_i1717843938_4745_5_jpg_4228e766-1968-4aa7-a791-eceb67348868.jpg?v=1759823183|https://cdn.shopify.com/s/files/1/0912/9351/6071/files/img_03fc6810_20240608_i1717843938_8542_8_jpg_fb281c5a-d6ea-437d-9be0-96b239a60d56.jpg?v=1759823184|https://cdn.shopify.com/s/files/1/0912/9351/6071/files/img_03fc6810_20240608_i1717843938_9831_3_jpg_758afc07-bad4-462a-b965-f48448e7709b.jpg?v=1759823183,Hi I want FF Baguette Red Leather Slide,
FF Baguette Light Pink Leather Slide,https://cdn.shopify.com/s/files/1/0912/9351/6071/files/img_03fc6810_20240608_i1717843841_9222_8_jpg_11ec5dae-4236-4041-a743-bdfaad6bd887.jpg?v=1759823185,footwear,fendi,https://cdn.shopify.com/s/files/1/0912/9351/6071/files/img_03fc6810_20240608_i1717843841_9222_8_jpg_11ec5dae-4236-4041-a743-bdfaad6bd887.jpg?v=1759823185|https://cdn.shopify.com/s/files/1/0912/9351/6071/files/img_03fc6810_20240608_i1717843841_9998_4_jpg_d3c8e89b-ac64-4ec3-a81c-1929a6210898.jpg?v=1759823185|https://cdn.shopify.com/s/files/1/0912/9351/6071/files/img_03fc6810_20240608_i1717843841_2976_6_jpg_0e5a061f-7f9a-43eb-81d2-b51efaf56250.jpg?v=1759823185|https://cdn.shopify.com/s/files/1/0912/9351/6071/files/img_03fc6810_20240608_i1717843841_2095_2_jpg_c4157717-025b-4165-b2b5-05afa7da4c2d.jpg?v=1759823185|https://cdn.shopify.com/s/files/1/0912/9351/6071/files/img_03fc6810_20240608_i1717843841_2127_3_jpg_81dfe8c3-674c-49f9-b99c-8e6faa02eaa2.jpg?v=1759823185|https://cdn.shopify.com/s/files/1/0912/9351/6071/files/img_03fc6810_20240608_i1717843841_5288_5_jpg_3f9a4075-2fc8-4cb7-bd65-ffcd08e28886.jpg?v=1759823186|https://cdn.shopify.com/s/files/1/0912/9351/6071/files/img_03fc6810_20240608_i1717843841_6457_7_jpg_2d487a6c-3610-4a54-8024-f5aee24e97a0.jpg?v=1759823185|https://cdn.shopify.com/s/files/1/0912/9351/6071/files/img_03fc6810_20240608_i1717843841_9155_1_jpg_6eb4e83f-2937-40b6-8bc8-7bc062ad78fc.jpg?v=1759823185|https://cdn.shopify.com/s/files/1/0912/9351/6071/files/img_03fc6810_20240608_i1717843841_9902_0_jpg_7f50e318-47e4-46e7-afee-ab1e400363e5.jpg?v=1759823185,Hi I want FF Baguette Light Pink Leather Slide,
FF Baguette Chocolate Leather Slide,https://cdn.shopify.com/s/files/1/0912/9351/6071/files/img_03fc6810_20240608_i1717843900_6694_5_jpg_96bf2efa-b9c3-40ad-a443-a298214d0553.jpg?v=1759823192,footwear,fendi,https://cdn.shopify.com/s/files/1/0912/9351/6071/files/img_03fc6810_20240608_i1717843900_6694_5_jpg_96bf2efa-b9c3-40ad-a443-a298214d0553.jpg?v=1759823192|https://cdn.shopify.com/s/files/1/0912/9351/6071/files/img_03fc6810_20240608_i1717843899_5250_0_jpg_09795f8f-89a0-4b6f-adc5-fe68b676a85d.jpg?v=1759823191|https://cdn.shopify.com/s/files/1/0912/9351/6071/files/img_03fc6810_20240608_i1717843899_6048_1_jpg_1d5da17a-a3d5-449f-a3a0-1c77a3686ef7.jpg?v=1759823192|https://cdn.shopify.com/s/files/1/0912/9351/6071/files/img_03fc6810_20240608_i1717843900_1166_4_jpg_f39af1bd-04d3-44e4-b916-0f1dbf5b0665.jpg?v=1759823192|https://cdn.shopify.com/s/files/1/0912/9351/6071/files/img_03fc6810_20240608_i1717843900_2369_8_jpg_487fdd3f-8e13-4863-b2fe-16070bbd9ac3.jpg?v=1759823192|https://cdn.shopify.com/s/files/1/0912/9351/6071/files/img_03fc6810_20240608_i1717843900_2738_2_jpg_3d370c9f-a197-4a5a-af81-316f463d2f55.jpg?v=1759823192|https://cdn.shopify.com/s/files/1/0912/9351/6071/files/img_03fc6810_20240608_i1717843900_4268_6_jpg_8ccce23d-185b-41de-9c83-04bacd14d2b1.jpg?v=1759823192|https://cdn.shopify.com/s/files/1/0912/9351/6071/files/img_03fc6810_20240608_i1717843900_5386_3_jpg_fa8fd12d-62d0-42f2-8297-04e45c589a97.jpg?v=1759823192|https://cdn.shopify.com/s/files/1/0912/9351/6071/files/img_03fc6810_20240608_i1717843900_1937_7_jpg_bafd0363-d973-4788-b44b-478f6dc1f317.jpg?v=1759823192,Hi I want FF Baguette Chocolate Leather Slide,
FF 5 Light Blue Canvas Slide,https://cdn.shopify.com/s/files/1/0912/9351/6071/files/img_f4ddc389_20240514_a1715679984215_6402_jpg_7ffe34f5-52b7-4e1b-85af-9f449ea0c9e9.jpg?v=1759823199,footwear,fendi,https://cdn.shopify.com/s/files/1/0912/9351/6071/files/img_f4ddc389_20240514_a1715679984215_6402_jpg_7ffe34f5-52b7-4e1b-85af-9f449ea0c9e9.jpg?v=1759823199|https://cdn.shopify.com/s/files/1/0912/9351/6071/files/img_f4ddc389_20240514_a1715679983787_7073_jpg_3114c415-eecf-4da1-bddd-5134bfd84daa.jpg?v=1759823200|https://cdn.shopify.com/s/files/1/0912/9351/6071/files/img_f4ddc389_20240514_a1715679983904_1530_jpg_ffb18bc4-eb9b-4f9e-85a4-7847d318f13b.jpg?v=1759823199|https://cdn.shopify.com/s/files/1/0912/9351/6071/files/img_f4ddc389_20240514_a1715679984073_7461_jpg_c263f727-ee99-4530-b8eb-f9f7c5524615.jpg?v=1759823200|https://cdn.shopify.com/s/files/1/0912/9351/6071/files/img_f4ddc389_20240514_a1715679984096_8063_jpg_e02fe88a-40b1-48ec-82d5-495def053810.jpg?v=1759823199|https://cdn.shopify.com/s/files/1/0912/9351/6071/files/img_f4ddc389_20240514_a1715679984308_8623_jpg_11d6c1ea-f517-404c-bcd6-24b32fb29126.jpg?v=1759823199,Hi I want FF 5 Light Blue Canvas Slide,
FF 5 Dark Blue Grey Canvas Slide,https://cdn.shopify.com/s/files/1/0912/9351/6071/files/img_f4ddc389_20240514_a1715680352024_0156_jpg_9ae24b8b-dbf8-435a-b511-c204885f8e60.jpg?v=1759823203,footwear,fendi,https://cdn.shopify.com/s/files/1/0912/9351/6071/files/img_f4ddc389_20240514_a1715680352024_0156_jpg_9ae24b8b-dbf8-435a-b511-c204885f8e60.jpg?v=1759823203|https://cdn.shopify.com/s/files/1/0912/9351/6071/files/img_f4ddc389_20240514_a1715680351433_6016_jpg_6b846986-67f7-46fe-9ece-918a19836bab.jpg?v=1759823203|https://cdn.shopify.com/s/files/1/0912/9351/6071/files/img_f4ddc389_20240514_a1715680353113_5327_jpg_45a8d8cf-a3a1-4fb7-9533-21873178e8e8.jpg?v=1759823203|https://cdn.shopify.com/s/files/1/0912/9351/6071/files/img_f4ddc389_20240514_a1715680353149_0537_jpg_d09e9ed0-e938-4b81-bb26-734fe7abea2f.jpg?v=1759823203|https://cdn.shopify.com/s/files/1/0912/9351/6071/files/img_f4ddc389_20240514_a1715680353160_5631_jpg_364e2bfc-2209-4715-8abe-2ea20c41319d.jpg?v=1759823203|https://cdn.shopify.com/s/files/1/0912/9351/6071/files/img_f4ddc389_20240514_a1715680353167_6255_jpg_6c165893-9e21-4fab-b147-34a99369f8ff.jpg?v=1759823203,Hi I want FF 5 Dark Blue Grey Canvas Slide,
FF 5 Brown Black Canvas Slide,https://cdn.shopify.com/s/files/1/0912/9351/6071/files/img_f4ddc389_20240514_a1715680272042_6535_jpg_7612a547-982d-4c6f-944b-96b7857247f7.jpg?v=1759823207,footwear,fendi,https://cdn.shopify.com/s/files/1/0912/9351/6071/files/img_f4ddc389_20240514_a1715680272042_6535_jpg_7612a547-982d-4c6f-944b-96b7857247f7.jpg?v=1759823207|https://cdn.shopify.com/s/files/1/0912/9351/6071/files/img_f4ddc389_20240514_a1715680271390_7386_jpg_df9de841-2bcb-4d8f-93c2-c3fc1cfa3d6e.jpg?v=1759823207|https://cdn.shopify.com/s/files/1/0912/9351/6071/files/img_f4ddc389_20240514_a1715680270472_7427_jpg_776bc980-0e11-4c88-8221-dda3cef1c14e.jpg?v=1759823207|https://cdn.shopify.com/s/files/1/0912/9351/6071/files/img_f4ddc389_20240514_a1715680271947_2482_jpg_87c1e799-1cd1-4e30-81b8-be61223535c8.jpg?v=1759823207|https://cdn.shopify.com/s/files/1/0912/9351/6071/files/img_f4ddc389_20240514_a1715680271954_1673_jpg_150a5518-2bf0-4750-b544-7e612fea40db.jpg?v=1759823207|https://cdn.shopify.com/s/files/1/0912/9351/6071/files/img_f4ddc389_20240514_a1715680272059_4763_jpg_41f24cae-ad75-4ea3-ac71-2eb41d465aba.jpg?v=1759823207,Hi I want FF 5 Brown Black Canvas Slide,
FF 5 Black Canvas Slide,https://cdn.shopify.com/s/files/1/0912/9351/6071/files/img_f4ddc389_20240301_a1709280152285_4623_jpg_65c03f74-6722-4684-a541-af99139b79b4.jpg?v=1759823209,footwear,fendi,https://cdn.shopify.com/s/files/1/0912/9351/6071/files/img_f4ddc389_20240301_a1709280152285_4623_jpg_65c03f74-6722-4684-a541-af99139b79b4.jpg?v=1759823209|https://cdn.shopify.com/s/files/1/0912/9351/6071/files/img_f4ddc389_20240301_a1709280152152_1888_jpg_59fd42b7-710d-48fe-87ba-d00e601140c7.jpg?v=1759823209|https://cdn.shopify.com/s/files/1/0912/9351/6071/files/img_f4ddc389_20240301_a1709280152195_5863_jpg_106fb7b1-30fb-4051-a605-e73ce379fa26.jpg?v=1759823209|https://cdn.shopify.com/s/files/1/0912/9351/6071/files/img_f4ddc389_20240301_a1709280152221_8182_jpg_481a90ee-a557-44fe-84ed-35180acb2319.jpg?v=1759823209|https://cdn.shopify.com/s/files/1/0912/9351/6071/files/img_f4ddc389_20240301_a1709280152490_4687_jpg_9262abea-55f3-4d99-8c0a-3c20894c852d.jpg?v=1759823209|https://cdn.shopify.com/s/files/1/0912/9351/6071/files/img_f4ddc389_20240301_a1709280152763_5628_jpg_04b1b8da-2001-4dbc-adf2-4d29a2ee29c1.jpg?v=1759823209,Hi I want FF 5 Black Canvas Slide,
FF 5 Black Blue Grey Canvas Slide,https://cdn.shopify.com/s/files/1/0912/9351/6071/files/img_f4ddc389_20240514_a1715680070728_7034_jpg_8492352a-218f-4466-82af-1f4ce19fac29.jpg?v=1759823210,footwear,fendi,https://cdn.shopify.com/s/files/1/0912/9351/6071/files/img_f4ddc389_20240514_a1715680070728_7034_jpg_8492352a-218f-4466-82af-1f4ce19fac29.jpg?v=1759823210|https://cdn.shopify.com/s/files/1/0912/9351/6071/files/img_f4ddc389_20240514_a1715680070991_4430_jpg_4c5f5176-5247-423c-ac5a-be8d1c3e1aac.jpg?v=1759823210|https://cdn.shopify.com/s/files/1/0912/9351/6071/files/img_f4ddc389_20240514_a1715680070720_5532_jpg_1bbd9cab-e4ba-4125-b807-7dad14c10b69.jpg?v=1759823210|https://cdn.shopify.com/s/files/1/0912/9351/6071/files/img_f4ddc389_20240514_a1715680070735_3816_jpg_a6657e37-b62c-4d6d-81ca-3ae6fcbc2cbb.jpg?v=1759823210|https://cdn.shopify.com/s/files/1/0912/9351/6071/files/img_f4ddc389_20240514_a1715680070929_8834_jpg_349c53fd-cb92-4bab-b59a-36b8a94dc96b.jpg?v=1759823210|https://cdn.shopify.com/s/files/1/0912/9351/6071/files/img_f4ddc389_20240514_a1715680070699_6713_jpg_4033b0d4-f2f9-49d3-af51-ced869453e45.jpg?v=1759823210,Hi I want FF 5 Black Blue Grey Canvas Slide,
FENDI TRAINER SNEAKER IN LIGHT PINK LAMBSKIN,https://cdn.shopify.com/s/files/1/0912/9351/6071/files/20230614_i1686742686_9781_1_jpg_e6969abd-0320-4f7a-87f9-794476f341a2.jpg?v=1759823414,footwear,fendi,https://cdn.shopify.com/s/files/1/0912/9351/6071/files/20230614_i1686742686_9781_1_jpg_e6969abd-0320-4f7a-87f9-794476f341a2.jpg?v=1759823414|https://cdn.shopify.com/s/files/1/0912/9351/6071/files/20230614_i1686742686_9509_6_jpg_2d5d8bd5-af77-4e31-a7ba-0059cd1a63e2.jpg?v=1759823414|https://cdn.shopify.com/s/files/1/0912/9351/6071/files/20230614_i1686742686_8634_4_jpg_de665e35-f552-4f5c-a504-a8e35478dedc.jpg?v=1759823414|https://cdn.shopify.com/s/files/1/0912/9351/6071/files/20230614_i1686742686_7596_7_jpg_8a152a75-39c3-4b19-8fc8-f7c846ea787e.jpg?v=1759823414|https://cdn.shopify.com/s/files/1/0912/9351/6071/files/20230614_i1686742686_6778_2_jpg_37a0ac21-e4af-4f0e-8231-f5a189e94e94.jpg?v=1759823414|https://cdn.shopify.com/s/files/1/0912/9351/6071/files/20230614_i1686742686_5171_0_jpg_34865b9e-8ab2-4eee-868b-5e946f5b3d55.jpg?v=1759823414|https://cdn.shopify.com/s/files/1/0912/9351/6071/files/20230614_i1686742686_3810_3_jpg_e06a2087-7d5f-4ef9-8d6a-3092c391a591.jpg?v=1759823414|https://cdn.shopify.com/s/files/1/0912/9351/6071/files/20230614_i1686742686_1564_5_jpg_12fd9e96-217f-45e1-84e0-7aefa638a52d.jpg?v=1759823414|https://cdn.shopify.com/s/files/1/0912/9351/6071/files/20230614_i1686742686_1462_8_jpg_7601306b-2f30-4f86-ac09-eaab52742a0d.jpg?v=1759823414,Hi I want FENDI TRAINER SNEAKER IN LIGHT PINK LAMBSKIN,
FENDI TRAINER SNEAKER IN SKY BLUE LAMBSKIN,https://cdn.shopify.com/s/files/1/0912/9351/6071/files/20230614_i1686742826_2242_1_jpg_1631e0ae-97c6-4bd6-b0e6-cba43e219501.jpg?v=1759823416,footwear,fendi,https://cdn.shopify.com/s/files/1/0912/9351/6071/files/20230614_i1686742826_2242_1_jpg_1631e0ae-97c6-4bd6-b0e6-cba43e219501.jpg?v=1759823416|https://cdn.shopify.com/s/files/1/0912/9351/6071/files/20230614_i1686742826_2379_0_jpg_7c8b3926-f853-4eb5-b8e3-13f988198a86.jpg?v=1759823416|https://cdn.shopify.com/s/files/1/0912/9351/6071/files/20230614_i1686742826_7619_4_jpg_96c23c1f-c96b-4fcc-ad13-b53b20e42c45.jpg?v=1759823416|https://cdn.shopify.com/s/files/1/0912/9351/6071/files/20230614_i1686742826_403_2_jpg_834ae782-e791-4bfe-b80e-c4e7348478b8.jpg?v=1759823416|https://cdn.shopify.com/s/files/1/0912/9351/6071/files/20230614_i1686742826_4077_3_jpg_f33846e2-f4e3-4fd4-9d05-e429b8a3ebf0.jpg?v=1759823416|https://cdn.shopify.com/s/files/1/0912/9351/6071/files/20230614_i1686742826_4733_5_jpg_9190330f-419a-407e-ae80-ab3112d25855.jpg?v=1759823416|https://cdn.shopify.com/s/files/1/0912/9351/6071/files/20230614_i1686742826_7694_6_jpg_50e2e38a-92af-4e3d-96f5-3e654a70d1d2.jpg?v=1759823416|https://cdn.shopify.com/s/files/1/0912/9351/6071/files/20230614_i1686742826_7804_7_jpg_c658d35e-dcc6-461e-93e5-4c7876d39f7e.jpg?v=1759823416|https://cdn.shopify.com/s/files/1/0912/9351/6071/files/20230614_i1686742826_8087_8_jpg_c48f81bc-d082-43fd-8a94-e008ca3d9a69.jpg?v=1759823416,Hi I want FENDI TRAINER SNEAKER IN SKY BLUE LAMBSKIN,
FENDI TRAINER SNEAKER IN WHITE LAMBSKIN,https://cdn.shopify.com/s/files/1/0912/9351/6071/files/20230614_i1686742944_2108_1_jpg_48577c76-b7e3-4bf6-bdef-0544a68c82e9.jpg?v=1759823418,footwear,fendi,https://cdn.shopify.com/s/files/1/0912/9351/6071/files/20230614_i1686742944_2108_1_jpg_48577c76-b7e3-4bf6-bdef-0544a68c82e9.jpg?v=1759823418|https://cdn.shopify.com/s/files/1/0912/9351/6071/files/20230614_i1686742944_4427_2_jpg_75922c49-a318-43d9-8bba-ce93cb227c85.jpg?v=1759823418|https://cdn.shopify.com/s/files/1/0912/9351/6071/files/20230614_i1686742944_1333_0_jpg_8da8cee6-9f0f-4b36-9a97-35e78e6fe59f.jpg?v=1759823418|https://cdn.shopify.com/s/files/1/0912/9351/6071/files/20230614_i1686742944_4533_3_jpg_9b065053-8d30-4b6d-a58d-3e794368f5ed.jpg?v=1759823418|https://cdn.shopify.com/s/files/1/0912/9351/6071/files/20230614_i1686742944_9859_4_jpg_e9ea940b-9c15-4808-a247-b36b4a096995.jpg?v=1759823418|https://cdn.shopify.com/s/files/1/0912/9351/6071/files/20230614_i1686742944_1204_5_jpg_0b9b9dbb-10cf-4a3a-8434-cc4a9205540d.jpg?v=1759823418|https://cdn.shopify.com/s/files/1/0912/9351/6071/files/20230614_i1686742944_9078_6_jpg_e028456b-ed54-488a-a04c-1d456a927333.jpg?v=1759823418|https://cdn.shopify.com/s/files/1/0912/9351/6071/files/20230614_i1686742944_4127_7_jpg_c7f65057-6cea-4ff3-ae0d-c5907da019b0.jpg?v=1759823418|https://cdn.shopify.com/s/files/1/0912/9351/6071/files/20230614_i1686742944_7069_8_jpg_f9f24eb5-fa36-4621-8cd1-b8973767fea9.jpg?v=1759823418,Hi I want FENDI TRAINER SNEAKER IN WHITE LAMBSKIN,
FENDI TRAINER SNEAKER IN YELLOWISH GREEN LAMBSKIN,https://cdn.shopify.com/s/files/1/0912/9351/6071/files/20230614_i1686743074_2685_1_jpg_a61d54c1-1eff-4f2f-882d-68abdb78bc21.jpg?v=1759823426,footwear,fendi,https://cdn.shopify.com/s/files/1/0912/9351/6071/files/20230614_i1686743074_2685_1_jpg_a61d54c1-1eff-4f2f-882d-68abdb78bc21.jpg?v=1759823426|https://cdn.shopify.com/s/files/1/0912/9351/6071/files/20230614_i1686743074_4074_2_jpg_a20011ae-39bd-4b07-b288-6c4730bed224.jpg?v=1759823426|https://cdn.shopify.com/s/files/1/0912/9351/6071/files/20230614_i1686743074_2980_3_jpg_b74ca12f-ae5a-432b-ad6e-85808ecdc1c5.jpg?v=1759823426|https://cdn.shopify.com/s/files/1/0912/9351/6071/files/20230614_i1686743074_9280_0_jpg_edc0e095-1496-4d44-8f93-fb4f9ce4fb0b.jpg?v=1759823426|https://cdn.shopify.com/s/files/1/0912/9351/6071/files/20230614_i1686743074_340_5_jpg_eff793d0-c42a-4662-881f-8fe95dfc092b.jpg?v=1759823426|https://cdn.shopify.com/s/files/1/0912/9351/6071/files/20230614_i1686743074_6036_4_jpg_7286085b-229c-4557-8561-219702548d50.jpg?v=1759823426|https://cdn.shopify.com/s/files/1/0912/9351/6071/files/20230614_i1686743074_2661_7_jpg_392ecb1b-321a-4c53-ba64-8994eee9da2e.jpg?v=1759823426|https://cdn.shopify.com/s/files/1/0912/9351/6071/files/20230614_i1686743074_670_6_jpg_dbcc04ef-b67d-4a75-821d-1b6674a0fe4e.jpg?v=1759823426|https://cdn.shopify.com/s/files/1/0912/9351/6071/files/20230614_i1686743074_7088_8_jpg_872e92e7-aa0f-41e7-8488-d26d3c8fce03.jpg?v=1759823426,Hi I want FENDI TRAINER SNEAKER IN YELLOWISH GREEN LAMBSKIN,
FENDI TRAINER SNEAKER IN CORN YELLOW LAMBSKIN,https://cdn.shopify.com/s/files/1/0912/9351/6071/files/20230614_i1686743110_5737_1_jpg_6dcc74a7-17f5-4abf-9b5f-ec18e2cb6fb4.jpg?v=1759823429,footwear,fendi,https://cdn.shopify.com/s/files/1/0912/9351/6071/files/20230614_i1686743110_5737_1_jpg_6dcc74a7-17f5-4abf-9b5f-ec18e2cb6fb4.jpg?v=1759823429|https://cdn.shopify.com/s/files/1/0912/9351/6071/files/20230614_i1686743110_3555_0_jpg_296982d7-54f2-4af4-af62-f0fe0e1914cf.jpg?v=1759823429|https://cdn.shopify.com/s/files/1/0912/9351/6071/files/20230614_i1686743110_5123_2_jpg_a6b43921-3bc4-41fb-8549-8fcef644d069.jpg?v=1759823429|https://cdn.shopify.com/s/files/1/0912/9351/6071/files/20230614_i1686743110_5020_4_jpg_7a58d251-666b-4fa7-9ada-0470c42a91bb.jpg?v=1759823429|https://cdn.shopify.com/s/files/1/0912/9351/6071/files/20230614_i1686743110_1745_3_jpg_414a4b4f-665b-4472-be55-d2ccb80971e0.jpg?v=1759823429|https://cdn.shopify.com/s/files/1/0912/9351/6071/files/20230614_i1686743110_5491_5_jpg_236f522c-0c93-4373-963e-7276f2c787f5.jpg?v=1759823429|https://cdn.shopify.com/s/files/1/0912/9351/6071/files/20230614_i1686743110_7223_6_jpg_05c6a3fc-59c1-41de-8a17-9737616a2a3c.jpg?v=1759823429|https://cdn.shopify.com/s/files/1/0912/9351/6071/files/20230614_i1686743110_4667_7_jpg_1177f845-1248-4510-a4ab-6e9173fb3399.jpg?v=1759823429|https://cdn.shopify.com/s/files/1/0912/9351/6071/files/20230614_i1686743110_3003_8_jpg_67316cba-ac2a-4846-aa4e-d5e6a98b4be5.jpg?v=1759823429,Hi I want FENDI TRAINER SNEAKER IN CORN YELLOW LAMBSKIN,
FENDI LOGO SOCK SNEAKER BOOTS IN LIGHT PINK LAMBSKIN,https://cdn.shopify.com/s/files/1/0912/9351/6071/files/20230106_i1673011877_7113_1_jpg_7d5175fa-f784-43a1-8b48-af2f7c66b178.jpg?v=1759823431,footwear,fendi,https://cdn.shopify.com/s/files/1/0912/9351/6071/files/20230106_i1673011877_7113_1_jpg_7d5175fa-f784-43a1-8b48-af2f7c66b178.jpg?v=1759823431|https://cdn.shopify.com/s/files/1/0912/9351/6071/files/20230106_i1673011877_3365_3_jpg_d83efb2b-3879-445e-a452-2618fa1be096.jpg?v=1759823431|https://cdn.shopify.com/s/files/1/0912/9351/6071/files/20230106_i1673011877_7231_2_jpg_be06bcea-96a1-4282-a27a-a2d071d02f12.jpg?v=1759823431|https://cdn.shopify.com/s/files/1/0912/9351/6071/files/20230106_i1673011877_8458_4_jpg_182d148e-e349-4e45-8bd1-da100814c0e9.jpg?v=1759823431|https://cdn.shopify.com/s/files/1/0912/9351/6071/files/20230106_i1673011877_6027_5_jpg_14f9fbf5-6119-409a-96f1-c3684b6e3fd8.jpg?v=1759823431|https://cdn.shopify.com/s/files/1/0912/9351/6071/files/20230106_i1673011877_7889_6_jpg_c53aabbc-e378-4430-9c59-771912549db0.jpg?v=1759823431|https://cdn.shopify.com/s/files/1/0912/9351/6071/files/20230106_i1673011877_4250_0_jpg_e573424c-759e-430d-a70d-a63b7790ce8c.jpg?v=1759823431|https://cdn.shopify.com/s/files/1/0912/9351/6071/files/20230106_i1673011877_8950_8_jpg_55f4abd2-52b6-4b28-a6f5-f61cf4ecd8f8.jpg?v=1759823431|https://cdn.shopify.com/s/files/1/0912/9351/6071/files/20230106_i1673011877_4918_7_jpg_2fdd1450-a6f6-4530-846c-ee40726cc8e1.jpg?v=1759823431,Hi I want FENDI LOGO SOCK SNEAKER BOOTS IN LIGHT PINK LAMBSKIN,
FENDI LOGO SOCK SNEAKER BOOTS IN SKY BLUE LAMBSKIN,https://cdn.shopify.com/s/files/1/0912/9351/6071/files/20230106_i1673012358_5161_1_jpg_fce69b85-3bae-4a7d-acea-4fc03274d56c.jpg?v=1759823433,footwear,fendi,https://cdn.shopify.com/s/files/1/0912/9351/6071/files/20230106_i1673012358_5161_1_jpg_fce69b85-3bae-4a7d-acea-4fc03274d56c.jpg?v=1759823433|https://cdn.shopify.com/s/files/1/0912/9351/6071/files/20230106_i1673012358_8588_5_jpg_790ff35c-a4b0-4e1d-9ae7-cd37e8423945.jpg?v=1759823433|https://cdn.shopify.com/s/files/1/0912/9351/6071/files/20230106_i1673012358_8566_0_jpg_ff09e14b-b5ad-4140-a1ef-4845aab99671.jpg?v=1759823433|https://cdn.shopify.com/s/files/1/0912/9351/6071/files/20230106_i1673012358_8301_2_jpg_d95aa0d5-9c76-4b23-9aed-d61f869001e3.jpg?v=1759823433|https://cdn.shopify.com/s/files/1/0912/9351/6071/files/20230106_i1673012358_7242_8_jpg_e6aa4992-1da2-4488-9bca-c101e46867d8.jpg?v=1759823434|https://cdn.shopify.com/s/files/1/0912/9351/6071/files/20230106_i1673012358_6703_6_jpg_d31fdc20-64ad-479e-a205-bc2487896bc2.jpg?v=1759823433|https://cdn.shopify.com/s/files/1/0912/9351/6071/files/20230106_i1673012358_4749_7_jpg_0079e8c2-dac0-44ab-9d5e-9e737f895973.jpg?v=1759823433|https://cdn.shopify.com/s/files/1/0912/9351/6071/files/20230106_i1673012358_3657_4_jpg_4e7e3c3b-8349-4b5e-a94f-f2929ebd9328.jpg?v=1759823433|https://cdn.shopify.com/s/files/1/0912/9351/6071/files/20230106_i1673012358_2388_3_jpg_1db0c7f7-e70f-4407-ae77-de558363be6f.jpg?v=1759823433,Hi I want FENDI LOGO SOCK SNEAKER BOOTS IN SKY BLUE LAMBSKIN,
FENDI LOGO SOCK SNEAKER BOOTS IN WHITE LAMBSKIN,https://cdn.shopify.com/s/files/1/0912/9351/6071/files/20230106_i1673012425_3550_1_jpg_d51bf044-b9d9-4488-a5c8-1449d3da8dcc.jpg?v=1759823436,footwear,fendi,https://cdn.shopify.com/s/files/1/0912/9351/6071/files/20230106_i1673012425_3550_1_jpg_d51bf044-b9d9-4488-a5c8-1449d3da8dcc.jpg?v=1759823436|https://cdn.shopify.com/s/files/1/0912/9351/6071/files/20230106_i1673012425_2882_4_jpg_10df6247-103b-4f95-a519-4f94751e8faf.jpg?v=1759823436|https://cdn.shopify.com/s/files/1/0912/9351/6071/files/20230106_i1673012425_3743_2_jpg_ad8888cd-af86-4b82-9310-9cbc0b4cd49c.jpg?v=1759823436|https://cdn.shopify.com/s/files/1/0912/9351/6071/files/20230106_i1673012425_2291_0_jpg_66c75d11-1b81-428b-a601-e9da7cec4295.jpg?v=1759823435|https://cdn.shopify.com/s/files/1/0912/9351/6071/files/20230106_i1673012425_8293_3_jpg_8ae30948-ff6b-459b-82e4-30af82912643.jpg?v=1759823435|https://cdn.shopify.com/s/files/1/0912/9351/6071/files/20230106_i1673012425_7793_5_jpg_02b5dc40-8eda-4770-b0c1-e6d7a72a7447.jpg?v=1759823436|https://cdn.shopify.com/s/files/1/0912/9351/6071/files/20230106_i1673012425_4836_6_jpg_2abd1e10-b973-4e91-8bfe-32eff119108b.jpg?v=1759823436|https://cdn.shopify.com/s/files/1/0912/9351/6071/files/20230106_i1673012425_2951_7_jpg_f3323834-9dd6-4fc6-922a-68c8dbccee2c.jpg?v=1759823436|https://cdn.shopify.com/s/files/1/0912/9351/6071/files/20230106_i1673012425_976_8_jpg_02d1e729-5335-4261-b826-6afd9a0dec9a.jpg?v=1759823435,Hi I want FENDI LOGO SOCK SNEAKER BOOTS IN WHITE LAMBSKIN,
FENDI LOGO SOCK SNEAKER BOOTS IN BLACK LAMBSKIN,https://cdn.shopify.com/s/files/1/0912/9351/6071/files/20230106_i1673012546_5520_1_jpg_05fca8b9-9823-48ef-8011-6a8f1c805c6f.jpg?v=1759823438,footwear,fendi,https://cdn.shopify.com/s/files/1/0912/9351/6071/files/20230106_i1673012546_5520_1_jpg_05fca8b9-9823-48ef-8011-6a8f1c805c6f.jpg?v=1759823438|https://cdn.shopify.com/s/files/1/0912/9351/6071/files/20230106_i1673012546_3644_4_jpg_7ca3f32b-537d-455c-bc35-16d3d634a978.jpg?v=1759823438|https://cdn.shopify.com/s/files/1/0912/9351/6071/files/20230106_i1673012546_4512_0_jpg_02b615c5-08d7-46a6-8680-e9cc12f1f1e8.jpg?v=1759823438|https://cdn.shopify.com/s/files/1/0912/9351/6071/files/20230106_i1673012546_5628_2_jpg_09604e53-c69b-4ac2-b702-0441bde8e90c.jpg?v=1759823438|https://cdn.shopify.com/s/files/1/0912/9351/6071/files/20230106_i1673012546_9369_5_jpg_0f2f87d4-40ad-407c-8fe6-d42e8f6476f0.jpg?v=1759823438|https://cdn.shopify.com/s/files/1/0912/9351/6071/files/20230106_i1673012546_7629_3_jpg_f723e401-352b-4f46-8f15-00d43e471fda.jpg?v=1759823438|https://cdn.shopify.com/s/files/1/0912/9351/6071/files/20230106_i1673012546_7979_6_jpg_15a0f8b3-daa7-453d-827a-a950d60c6d53.jpg?v=1759823438|https://cdn.shopify.com/s/files/1/0912/9351/6071/files/20230106_i1673012546_6448_8_jpg_891e1fae-8e0b-419a-a468-d33c596398e2.jpg?v=1759823438|https://cdn.shopify.com/s/files/1/0912/9351/6071/files/20230106_i1673012546_1453_7_jpg_734fdee5-81b3-4702-b4e7-5c33c80adb7f.jpg?v=1759823438,Hi I want FENDI LOGO SOCK SNEAKER BOOTS IN BLACK LAMBSKIN,
FENDI LOGO SOCK SNEAKER BOOTS IN YELLOWISH GREEN LAMBSKIN,https://cdn.shopify.com/s/files/1/0912/9351/6071/files/20230106_i1673012613_5494_1_jpg_926c6ae3-dba8-42cb-b29d-f60d8c9a3d50.jpg?v=1759823440,footwear,fendi,https://cdn.shopify.com/s/files/1/0912/9351/6071/files/20230106_i1673012613_5494_1_jpg_926c6ae3-dba8-42cb-b29d-f60d8c9a3d50.jpg?v=1759823440|https://cdn.shopify.com/s/files/1/0912/9351/6071/files/20230106_i1673012613_6444_2_jpg_997445ef-1ac3-4c31-be4d-7eee8f6b5dc3.jpg?v=1759823440|https://cdn.shopify.com/s/files/1/0912/9351/6071/files/20230106_i1673012613_5666_4_jpg_9533bfd7-a998-4598-8c8a-9c134eaa8523.jpg?v=1759823440|https://cdn.shopify.com/s/files/1/0912/9351/6071/files/20230106_i1673012613_4248_3_jpg_1b62bebb-5da3-4d37-8065-b470cbd70b3b.jpg?v=1759823440|https://cdn.shopify.com/s/files/1/0912/9351/6071/files/20230106_i1673012613_8206_0_jpg_1ffd58ba-6b0f-49d5-b5a2-a822af7719f5.jpg?v=1759823440|https://cdn.shopify.com/s/files/1/0912/9351/6071/files/20230106_i1673012613_9654_6_jpg_177e8c01-19d0-48bf-9aa4-3318de9a5b9e.jpg?v=1759823440|https://cdn.shopify.com/s/files/1/0912/9351/6071/files/20230106_i1673012613_1664_5_jpg_4f89032a-7d33-4889-8188-be9134328f47.jpg?v=1759823440|https://cdn.shopify.com/s/files/1/0912/9351/6071/files/20230106_i1673012613_7300_8_jpg_1bc821a5-5275-4ebe-995e-36424fc48326.jpg?v=1759823440|https://cdn.shopify.com/s/files/1/0912/9351/6071/files/20230106_i1673012613_1394_7_jpg_d080f783-0c30-4e80-9ae2-211575362d57.jpg?v=1759823440,Hi I want FENDI LOGO SOCK SNEAKER BOOTS IN YELLOWISH GREEN LAMBSKIN,
FENDI LOGO SOCK SNEAKER BOOTS IN CORN YELLOW LAMBSKIN,https://cdn.shopify.com/s/files/1/0912/9351/6071/files/20230106_i1673012661_3051_1_jpg_2aa971d0-f98d-4152-af2a-a7ec0da04116.jpg?v=1759823442,footwear,fendi,https://cdn.shopify.com/s/files/1/0912/9351/6071/files/20230106_i1673012661_3051_1_jpg_2aa971d0-f98d-4152-af2a-a7ec0da04116.jpg?v=1759823442|https://cdn.shopify.com/s/files/1/0912/9351/6071/files/20230106_i1673012661_3316_4_jpg_c6517b0d-c170-4660-8c81-978b1690625b.jpg?v=1759823442|https://cdn.shopify.com/s/files/1/0912/9351/6071/files/20230106_i1673012661_9254_3_jpg_6b0c89b9-887c-4b7a-8e3a-ce1e134d5781.jpg?v=1759823442|https://cdn.shopify.com/s/files/1/0912/9351/6071/files/20230106_i1673012661_428_2_jpg_a67fdf3f-954c-4c47-99e5-8b9395f1e14a.jpg?v=1759823442|https://cdn.shopify.com/s/files/1/0912/9351/6071/files/20230106_i1673012661_1974_0_jpg_6ce1e09e-34b9-4c87-a8ac-c5a385ecdc66.jpg?v=1759823442|https://cdn.shopify.com/s/files/1/0912/9351/6071/files/20230106_i1673012661_9698_5_jpg_8a4f0ed0-6592-4941-8217-1c619230e367.jpg?v=1759823442|https://cdn.shopify.com/s/files/1/0912/9351/6071/files/20230106_i1673012661_7713_8_jpg_2bacd51d-1720-4ee2-91fc-4154fca9b851.jpg?v=1759823442|https://cdn.shopify.com/s/files/1/0912/9351/6071/files/20230106_i1673012661_5217_6_jpg_94cdca63-230f-4d74-80e9-1af3cd100a6c.jpg?v=1759823442|https://cdn.shopify.com/s/files/1/0912/9351/6071/files/20230106_i1673012661_937_7_jpg_99849741-d89e-4713-836b-b022fc53920d.jpg?v=1759823442,Hi I want FENDI LOGO SOCK SNEAKER BOOTS IN CORN YELLOW LAMBSKIN,
FENDI BAGUETTE SLIPPERS IN PASTEL PINK LAMBSKIN WITH GOLD HARDWARE,https://cdn.shopify.com/s/files/1/0912/9351/6071/files/20230621_i1687289239_2295_2_jpg_70649680-da12-459f-87cd-b73d0550fb9f.jpg?v=1759823444,footwear,fendi,https://cdn.shopify.com/s/files/1/0912/9351/6071/files/20230621_i1687289239_2295_2_jpg_70649680-da12-459f-87cd-b73d0550fb9f.jpg?v=1759823444|https://cdn.shopify.com/s/files/1/0912/9351/6071/files/20230621_i1687289239_3155_0_jpg_d9843a7d-685c-4332-a084-00bc45c65dae.jpg?v=1759823444|https://cdn.shopify.com/s/files/1/0912/9351/6071/files/20230621_i1687289239_6477_1_jpg_27f9a759-3d21-4536-a2c8-d033a29b8c7f.jpg?v=1759823444|https://cdn.shopify.com/s/files/1/0912/9351/6071/files/20230621_i1687289239_1721_3_jpg_ce3aa1a0-7d6a-4286-a44a-297e9b48bfd9.jpg?v=1759823444|https://cdn.shopify.com/s/files/1/0912/9351/6071/files/20230621_i1687289239_3836_7_jpg_e22e814a-fe61-4b48-9922-37ab799b2f88.jpg?v=1759823444|https://cdn.shopify.com/s/files/1/0912/9351/6071/files/20230621_i1687289239_8610_4_jpg_ed67dde9-43ee-4361-84c6-4a32cfdf62dd.jpg?v=1759823444|https://cdn.shopify.com/s/files/1/0912/9351/6071/files/20230621_i1687289239_7496_6_jpg_1d250b54-96b3-4e5b-b111-1047047ac1c8.jpg?v=1759823444|https://cdn.shopify.com/s/files/1/0912/9351/6071/files/20230621_i1687289239_3826_5_jpg_9a733ecd-ca43-4400-9c18-3812279c7507.jpg?v=1759823444|https://cdn.shopify.com/s/files/1/0912/9351/6071/files/20230621_i1687289239_617_8_jpg_4c4f23bf-d197-4b77-8689-595508f1e241.jpg?v=1759823444,Hi I want FENDI BAGUETTE SLIPPERS IN PASTEL PINK LAMBSKIN WITH GOLD HARDWARE,
FENDI BAGUETTE SLIPPERS IN SKY BLUE LAMBSKIN WITH GOLD HARDWARE,https://cdn.shopify.com/s/files/1/0912/9351/6071/files/20230621_i1687289334_9009_2_jpg_4779be51-f83a-4dec-8219-0689a9132fe8.jpg?v=1759823446,footwear,fendi,https://cdn.shopify.com/s/files/1/0912/9351/6071/files/20230621_i1687289334_9009_2_jpg_4779be51-f83a-4dec-8219-0689a9132fe8.jpg?v=1759823446|https://cdn.shopify.com/s/files/1/0912/9351/6071/files/20230621_i1687289334_8634_0_jpg_7807e079-f2e6-4ce3-aeaf-1dd102c0e19a.jpg?v=1759823446|https://cdn.shopify.com/s/files/1/0912/9351/6071/files/20230621_i1687289334_7732_3_jpg_3f0f5189-3249-4fd1-bbec-6d950d3f3937.jpg?v=1759823446|https://cdn.shopify.com/s/files/1/0912/9351/6071/files/20230621_i1687289334_2378_1_jpg_c28af9fb-3c33-42e8-bdfb-2607678a8cfd.jpg?v=1759823446|https://cdn.shopify.com/s/files/1/0912/9351/6071/files/20230621_i1687289334_1252_4_jpg_ecb1c2db-112d-4ecd-be5a-439c0701363e.jpg?v=1759823446|https://cdn.shopify.com/s/files/1/0912/9351/6071/files/20230621_i1687289334_3758_8_jpg_cd740442-6c35-497b-811b-a37c6600e9b8.jpg?v=1759823446|https://cdn.shopify.com/s/files/1/0912/9351/6071/files/20230621_i1687289334_2688_6_jpg_9fd753e2-1b58-4ca8-bcb4-b33a83114a34.jpg?v=1759823446|https://cdn.shopify.com/s/files/1/0912/9351/6071/files/20230621_i1687289334_2495_7_jpg_40730bff-df13-48ff-a062-98450a328745.jpg?v=1759823446|https://cdn.shopify.com/s/files/1/0912/9351/6071/files/20230621_i1687289334_2989_5_jpg_e428f162-0863-49c9-b6d2-a91da4dbfebb.jpg?v=1759823446,Hi I want FENDI BAGUETTE SLIPPERS IN SKY BLUE LAMBSKIN WITH GOLD HARDWARE,
FENDI BAGUETTE SLIPPERS IN NAPLES YELLOW LAMBSKIN WITH GOLD HARDWARE,https://cdn.shopify.com/s/files/1/0912/9351/6071/files/20230621_i1687289355_2855_2_jpg_4a19aee5-86b7-47e8-a4ee-bc5aba9046a3.jpg?v=1759823448,footwear,fendi,https://cdn.shopify.com/s/files/1/0912/9351/6071/files/20230621_i1687289355_2855_2_jpg_4a19aee5-86b7-47e8-a4ee-bc5aba9046a3.jpg?v=1759823448|https://cdn.shopify.com/s/files/1/0912/9351/6071/files/20230621_i1687289355_1788_0_jpg_af579e63-e819-4fa5-ab2f-e6a916e24ca7.jpg?v=1759823448|https://cdn.shopify.com/s/files/1/0912/9351/6071/files/20230621_i1687289355_6763_1_jpg_ddf5e5f2-5a80-4de4-aad4-2e3fc623e110.jpg?v=1759823448|https://cdn.shopify.com/s/files/1/0912/9351/6071/files/20230621_i1687289355_8836_3_jpg_fc877484-c45a-4dc7-bd15-8e2aec239c55.jpg?v=1759823448|https://cdn.shopify.com/s/files/1/0912/9351/6071/files/20230621_i1687289355_7992_4_jpg_3e9d8a56-f07d-4b34-9271-04640dc62aa8.jpg?v=1759823448|https://cdn.shopify.com/s/files/1/0912/9351/6071/files/20230621_i1687289355_9621_6_jpg_6e07c789-a1c4-4144-8672-052392117050.jpg?v=1759823448|https://cdn.shopify.com/s/files/1/0912/9351/6071/files/20230621_i1687289355_1366_7_jpg_6b94d2e1-6278-4523-bf1b-05fc78975fc1.jpg?v=1759823448|https://cdn.shopify.com/s/files/1/0912/9351/6071/files/20230621_i1687289355_7595_5_jpg_b2c098da-e8e4-4fb2-b1a9-0017758c5980.jpg?v=1759823448|https://cdn.shopify.com/s/files/1/0912/9351/6071/files/20230621_i1687289355_7_8_jpg_f553c027-3013-45d2-882c-c67628e5bdc1.jpg?v=1759823448,Hi I want FENDI BAGUETTE SLIPPERS IN NAPLES YELLOW LAMBSKIN WITH GOLD HARDWARE,
FENDI BAGUETTE SLIPPERS IN WHITE LAMBSKIN WITH GOLD HARDWARE,https://cdn.shopify.com/s/files/1/0912/9351/6071/files/20230621_i1687289375_3538_2_jpg_97e38458-9dcd-4a6a-b135-b7ad3b667c8b.jpg?v=1759823451,footwear,fendi,https://cdn.shopify.com/s/files/1/0912/9351/6071/files/20230621_i1687289375_3538_2_jpg_97e38458-9dcd-4a6a-b135-b7ad3b667c8b.jpg?v=1759823451|https://cdn.shopify.com/s/files/1/0912/9351/6071/files/20230621_i1687289375_2788_0_jpg_63f20ec7-70f9-4e2a-9662-971fecff0b8c.jpg?v=1759823451|https://cdn.shopify.com/s/files/1/0912/9351/6071/files/20230621_i1687289375_6910_3_jpg_399239ef-51c9-467b-abc7-4ff1768f33e0.jpg?v=1759823451|https://cdn.shopify.com/s/files/1/0912/9351/6071/files/20230621_i1687289375_4945_1_jpg_6c4da062-9b0c-4393-bb0d-360404094c47.jpg?v=1759823451|https://cdn.shopify.com/s/files/1/0912/9351/6071/files/20230621_i1687289375_9088_4_jpg_f14106d0-ae3a-4b00-9b46-fdafbcef4604.jpg?v=1759823451|https://cdn.shopify.com/s/files/1/0912/9351/6071/files/20230621_i1687289375_1756_5_jpg_42fadc3f-6ab2-4caf-8b13-f870346011e8.jpg?v=1759823451|https://cdn.shopify.com/s/files/1/0912/9351/6071/files/20230621_i1687289375_55_7_jpg_96794aed-996d-4cdd-8813-a4f33004bad4.jpg?v=1759823451|https://cdn.shopify.com/s/files/1/0912/9351/6071/files/20230621_i1687289375_4696_6_jpg_a223b737-a866-4afe-babc-12a981f323a8.jpg?v=1759823451|https://cdn.shopify.com/s/files/1/0912/9351/6071/files/20230621_i1687289375_1789_8_jpg_e9a5494c-278b-445f-8585-f3c264a021f7.jpg?v=1759823451,Hi I want FENDI BAGUETTE SLIPPERS IN WHITE LAMBSKIN WITH GOLD HARDWARE,
FENDI BAGUETTE SLIPPERS IN BLACK LAMBSKIN WITH GOLD HARDWARE,https://cdn.shopify.com/s/files/1/0912/9351/6071/files/20230621_i1687289391_5740_2_jpg_bda072a6-e30f-4a22-bee7-3ee26c25e5a5.jpg?v=1759823453,footwear,fendi,https://cdn.shopify.com/s/files/1/0912/9351/6071/files/20230621_i1687289391_5740_2_jpg_bda072a6-e30f-4a22-bee7-3ee26c25e5a5.jpg?v=1759823453|https://cdn.shopify.com/s/files/1/0912/9351/6071/files/20230621_i1687289391_2113_4_jpg_24e415c2-5bfe-4d34-8dd7-11717ef87300.jpg?v=1759823453|https://cdn.shopify.com/s/files/1/0912/9351/6071/files/20230621_i1687289391_7053_3_jpg_c30fd94c-8add-4132-ba08-2bbef8aba50a.jpg?v=1759823453|https://cdn.shopify.com/s/files/1/0912/9351/6071/files/20230621_i1687289391_7114_0_jpg_eca076ce-105b-4a73-b41d-5bed40a9f1a1.jpg?v=1759823453|https://cdn.shopify.com/s/files/1/0912/9351/6071/files/20230621_i1687289391_59_1_jpg_0fb847e8-ffb9-43e4-8a43-793a63b1b9f0.jpg?v=1759823453|https://cdn.shopify.com/s/files/1/0912/9351/6071/files/20230621_i1687289391_4702_7_jpg_2e86fb0f-03a4-4214-aed0-f570242d271e.jpg?v=1759823453|https://cdn.shopify.com/s/files/1/0912/9351/6071/files/20230621_i1687289391_7912_5_jpg_280d2eb8-1fe4-4146-866a-d0f09ea75178.jpg?v=1759823453|https://cdn.shopify.com/s/files/1/0912/9351/6071/files/20230621_i1687289391_4855_6_jpg_d7974af2-7a57-46c3-9629-eb207593676b.jpg?v=1759823453|https://cdn.shopify.com/s/files/1/0912/9351/6071/files/20230621_i1687289391_232_8_jpg_06a86064-e92a-4acd-8bb1-6d9e4397b586.jpg?v=1759823454,Hi I want FENDI BAGUETTE SLIPPERS IN BLACK LAMBSKIN WITH GOLD HARDWARE,
FENDI BAGUETTE SLIPPERS IN PEAR GREEN LAMBSKIN WITH GOLD HARDWARE,https://cdn.shopify.com/s/files/1/0912/9351/6071/files/20230621_i1687289413_8607_2_jpg_6d462a42-5269-41e5-9615-e248afe86f77.jpg?v=1759823455,footwear,fendi,https://cdn.shopify.com/s/files/1/0912/9351/6071/files/20230621_i1687289413_8607_2_jpg_6d462a42-5269-41e5-9615-e248afe86f77.jpg?v=1759823455|https://cdn.shopify.com/s/files/1/0912/9351/6071/files/20230621_i1687289413_4183_4_jpg_0b296477-9fd1-42bd-b038-e9043443fdd7.jpg?v=1759823455|https://cdn.shopify.com/s/files/1/0912/9351/6071/files/20230621_i1687289413_4658_3_jpg_331222be-fa0d-4903-836f-e79704907428.jpg?v=1759823455|https://cdn.shopify.com/s/files/1/0912/9351/6071/files/20230621_i1687289413_6874_0_jpg_08b39aaf-d5b1-49f4-ad55-b9a7a5056622.jpg?v=1759823455|https://cdn.shopify.com/s/files/1/0912/9351/6071/files/20230621_i1687289413_7962_1_jpg_d7e94822-8d44-4d07-97c7-dda65c80e744.jpg?v=1759823455|https://cdn.shopify.com/s/files/1/0912/9351/6071/files/20230621_i1687289413_7966_8_jpg_427f9e73-8d21-433c-a4d0-8c2a33a2b889.jpg?v=1759823455|https://cdn.shopify.com/s/files/1/0912/9351/6071/files/20230621_i1687289413_61_6_jpg_c54ceb5e-6fe1-4586-bd22-eb14b841dd16.jpg?v=1759823455|https://cdn.shopify.com/s/files/1/0912/9351/6071/files/20230621_i1687289413_834_5_jpg_919d9e60-7f5f-4082-ba68-c4aff55491ac.jpg?v=1759823455|https://cdn.shopify.com/s/files/1/0912/9351/6071/files/20230621_i1687289413_6260_7_jpg_a901a052-c38a-4404-88c0-f0849538c4f1.jpg?v=1759823455,Hi I want FENDI BAGUETTE SLIPPERS IN PEAR GREEN LAMBSKIN WITH GOLD HARDWARE,
FENDI O'LOCK SLIDES BLACK AND LIGHT BLUE CALFSKIN WITH GOLD HARDWARE,https://cdn.shopify.com/s/files/1/0912/9351/6071/files/20230524_a1684883865762_5754_jpg_eee9be01-8ce0-4103-b150-c8e17eeb12a4.jpg?v=1759823457,footwear,fendi,https://cdn.shopify.com/s/files/1/0912/9351/6071/files/20230524_a1684883865762_5754_jpg_eee9be01-8ce0-4103-b150-c8e17eeb12a4.jpg?v=1759823457|https://cdn.shopify.com/s/files/1/0912/9351/6071/files/20230524_a1684883866195_2662_jpg_97194638-b5a0-423f-b651-e557d8b7cdee.jpg?v=1759823457|https://cdn.shopify.com/s/files/1/0912/9351/6071/files/20230524_a1684883865664_5873_jpg_b7ee60ae-e64e-41b7-9a24-a4eb931481c5.jpg?v=1759823458|https://cdn.shopify.com/s/files/1/0912/9351/6071/files/20230524_a1684883866262_1303_jpg_ea199b43-d8f8-4f9b-abc1-eebbb1f12185.jpg?v=1759823457|https://cdn.shopify.com/s/files/1/0912/9351/6071/files/20230524_a1684883866009_8723_jpg_59e09fe2-a45f-4c01-b784-d1b7eca5c927.jpg?v=1759823458|https://cdn.shopify.com/s/files/1/0912/9351/6071/files/20230524_a1684883866102_0688_jpg_600b28a5-7f19-4943-833f-fb1b1d4d5210.jpg?v=1759823457|https://cdn.shopify.com/s/files/1/0912/9351/6071/files/20230524_a1684883865912_2000_jpg_c328a065-ada8-4ebe-8a00-858b31e9dec2.jpg?v=1759823457|https://cdn.shopify.com/s/files/1/0912/9351/6071/files/20230524_a1684883865843_0442_jpg_58d2c799-624b-4b1d-9ac4-445d53d6e568.jpg?v=1759823457|https://cdn.shopify.com/s/files/1/0912/9351/6071/files/20230524_a1684883865594_3111_jpg_d0522735-97bb-4d81-a2ec-4e0b1a2525f1.jpg?v=1759823457,Hi I want FENDI O'LOCK SLIDES BLACK AND LIGHT BLUE CALFSKIN WITH GOLD HARDWARE,
FENDI FIRST 95 MM HIGH-HEELED SANDAL IN BLACK LAMBSKIN GOLD HARDWARE,https://cdn.shopify.com/s/files/1/0912/9351/6071/files/20220510_i1652179815_8690_7_jpg_095232b8-8e48-460a-acc5-5bc17e16f456.jpg?v=1759823459,footwear,fendi,https://cdn.shopify.com/s/files/1/0912/9351/6071/files/20220510_i1652179815_8690_7_jpg_095232b8-8e48-460a-acc5-5bc17e16f456.jpg?v=1759823459|https://cdn.shopify.com/s/files/1/0912/9351/6071/files/20220510_i1652179815_8609_1_jpg_ce3d3f8b-e38b-409d-8039-648b476423ba.jpg?v=1759823459|https://cdn.shopify.com/s/files/1/0912/9351/6071/files/20220510_i1652179815_8029_3_jpg_5f4fe996-efa5-46c0-999f-2f80af200875.jpg?v=1759823460|https://cdn.shopify.com/s/files/1/0912/9351/6071/files/20220510_i1652179815_7182_8_jpg_0d025106-eb46-4266-b403-2c1e5e57a0dd.jpg?v=1759823460|https://cdn.shopify.com/s/files/1/0912/9351/6071/files/20220510_i1652179815_5952_2_jpg_2412fbe9-f6a2-4ff2-bfc7-ad23b2b33c0b.jpg?v=1759823460|https://cdn.shopify.com/s/files/1/0912/9351/6071/files/20220510_i1652179815_3692_0_jpg_636a24b6-e3bc-433d-a411-d794ade835af.jpg?v=1759823459|https://cdn.shopify.com/s/files/1/0912/9351/6071/files/20220510_i1652179815_4789_6_jpg_9bbf8262-c9d3-40b0-8fed-4ab30d2a3824.jpg?v=1759823460|https://cdn.shopify.com/s/files/1/0912/9351/6071/files/20220510_i1652179815_2734_4_jpg_4f16f8eb-7c26-4148-807f-99c01bba97d5.jpg?v=1759823460|https://cdn.shopify.com/s/files/1/0912/9351/6071/files/20220510_i1652179815_2333_5_jpg_b62d1f07-7e92-4eaa-92a0-0349625ab0b2.jpg?v=1759823460,Hi I want FENDI FIRST 95 MM HIGH-HEELED SANDAL IN BLACK LAMBSKIN GOLD HARDWARE,
FENDI FIRST 95 MM HIGH-HEELED SANDAL IN WHITE LAMBSKIN GOLD HARDWARE,https://cdn.shopify.com/s/files/1/0912/9351/6071/files/20220510_i1652179913_3616_8_jpg_5bf06c7f-1af7-47ae-a361-547f086c81c3.jpg?v=1759823462,footwear,fendi,https://cdn.shopify.com/s/files/1/0912/9351/6071/files/20220510_i1652179913_3616_8_jpg_5bf06c7f-1af7-47ae-a361-547f086c81c3.jpg?v=1759823462|https://cdn.shopify.com/s/files/1/0912/9351/6071/files/20220510_i1652179913_4183_1_jpg_bcf4a86b-88cb-49a3-8109-8880472cad9f.jpg?v=1759823462|https://cdn.shopify.com/s/files/1/0912/9351/6071/files/20220510_i1652179913_2914_3_jpg_b4746d14-5232-4983-89d5-7242edf9c1eb.jpg?v=1759823462|https://cdn.shopify.com/s/files/1/0912/9351/6071/files/20220510_i1652179913_8959_5_jpg_a4872dc3-5315-4f7d-93f2-1de7dd5a3d46.jpg?v=1759823462|https://cdn.shopify.com/s/files/1/0912/9351/6071/files/20220510_i1652179913_9044_0_jpg_e9791e2c-bc3d-43b1-9429-54393693bad7.jpg?v=1759823462|https://cdn.shopify.com/s/files/1/0912/9351/6071/files/20220510_i1652179913_8857_4_jpg_8a5851a4-ee28-45eb-bdfa-1b0c3eb3e1e2.jpg?v=1759823462|https://cdn.shopify.com/s/files/1/0912/9351/6071/files/20220510_i1652179913_5336_2_jpg_25d216a3-71bb-4474-8b23-902ff3407f17.jpg?v=1759823462|https://cdn.shopify.com/s/files/1/0912/9351/6071/files/20220510_i1652179913_1016_7_jpg_35d64860-09b7-4365-b0f1-ad8c3fbf03ba.jpg?v=1759823462|https://cdn.shopify.com/s/files/1/0912/9351/6071/files/20220510_i1652179913_102_6_jpg_9e53a496-d36a-4d99-a2dd-94c6212474f1.jpg?v=1759823462,Hi I want FENDI FIRST 95 MM HIGH-HEELED SANDAL IN WHITE LAMBSKIN GOLD HARDWARE,
FENDI FIRST 95 MM HIGH-HEELED SANDAL IN CHERRY RED LAMBSKIN GOLD HARDWARE,https://cdn.shopify.com/s/files/1/0912/9351/6071/files/20220510_i1652180257_8122_8_jpg_575341f6-19e4-4345-8015-18b0ba0d51fd.jpg?v=1759823464,footwear,fendi,https://cdn.shopify.com/s/files/1/0912/9351/6071/files/20220510_i1652180257_8122_8_jpg_575341f6-19e4-4345-8015-18b0ba0d51fd.jpg?v=1759823464|https://cdn.shopify.com/s/files/1/0912/9351/6071/files/20220510_i1652180257_549_5_jpg_7d3be6c8-093c-4b97-868e-1e4c08028315.jpg?v=1759823464|https://cdn.shopify.com/s/files/1/0912/9351/6071/files/20220510_i1652180257_94_4_jpg_b9818b38-b8bd-4b1b-8e80-375f02447e86.jpg?v=1759823464|https://cdn.shopify.com/s/files/1/0912/9351/6071/files/20220510_i1652180257_2065_0_jpg_f5d77ce2-e2fb-4c93-90b7-5a60c2483141.jpg?v=1759823464|https://cdn.shopify.com/s/files/1/0912/9351/6071/files/20220510_i1652180257_2213_1_jpg_d4280922-b227-4ba1-96fe-eff5b1620981.jpg?v=1759823464|https://cdn.shopify.com/s/files/1/0912/9351/6071/files/20220510_i1652180257_7600_3_jpg_b2e06f9a-80f9-4c16-bb73-3807602e8498.jpg?v=1759823464|https://cdn.shopify.com/s/files/1/0912/9351/6071/files/20220510_i1652180257_5111_2_jpg_b3f26ae1-41bc-404d-b8d2-c81f6de1935a.jpg?v=1759823464|https://cdn.shopify.com/s/files/1/0912/9351/6071/files/20220510_i1652180257_3768_6_jpg_4000a193-2ca9-4df7-a602-ec2b5e72357d.jpg?v=1759823464|https://cdn.shopify.com/s/files/1/0912/9351/6071/files/20220510_i1652180257_7278_7_jpg_aa38f91b-1e42-4c94-bb09-445cb123d8bc.jpg?v=1759823464,Hi I want FENDI FIRST 95 MM HIGH-HEELED SANDAL IN CHERRY RED LAMBSKIN GOLD HARDWARE,
FENDI FIRST 95 MM HIGH-HEELED SANDAL IN EMERAKD GREEN LAMBSKIN GOLD HARDWARE,https://cdn.shopify.com/s/files/1/0912/9351/6071/files/20220510_i1652180382_4180_8_jpg_23d35e08-1372-45b9-a453-139a3fc7b8a6.jpg?v=1759823466,footwear,fendi,https://cdn.shopify.com/s/files/1/0912/9351/6071/files/20220510_i1652180382_4180_8_jpg_23d35e08-1372-45b9-a453-139a3fc7b8a6.jpg?v=1759823466|https://cdn.shopify.com/s/files/1/0912/9351/6071/files/20220510_i1652180382_4007_1_jpg_e51f4497-27cc-4eaf-8221-75cb93f8d2a3.jpg?v=1759823466|https://cdn.shopify.com/s/files/1/0912/9351/6071/files/20220510_i1652180382_9892_0_jpg_3c78f3ae-a962-4910-b9f0-263743150cfb.jpg?v=1759823466|https://cdn.shopify.com/s/files/1/0912/9351/6071/files/20220510_i1652180382_8884_7_jpg_c5ed8b06-95c7-4e06-b759-20d074513feb.jpg?v=1759823467|https://cdn.shopify.com/s/files/1/0912/9351/6071/files/20220510_i1652180382_8519_4_jpg_99cecc73-9743-4008-8d1a-512ea654ad7a.jpg?v=1759823466|https://cdn.shopify.com/s/files/1/0912/9351/6071/files/20220510_i1652180382_7672_3_jpg_41a85477-d7e1-4698-8106-f1136846ff3d.jpg?v=1759823467|https://cdn.shopify.com/s/files/1/0912/9351/6071/files/20220510_i1652180382_2564_2_jpg_786e550b-1d18-49dd-9cd7-3a5997204020.jpg?v=1759823466|https://cdn.shopify.com/s/files/1/0912/9351/6071/files/20220510_i1652180382_1960_6_jpg_d40c2d1e-fd9c-4d9f-a690-aaf8694d5a6b.jpg?v=1759823467|https://cdn.shopify.com/s/files/1/0912/9351/6071/files/20220510_i1652180382_1214_5_jpg_52f90601-046d-4d86-a0e2-ac8330af64f4.jpg?v=1759823467,Hi I want FENDI FIRST 95 MM HIGH-HEELED SANDAL IN EMERAKD GREEN LAMBSKIN GOLD HARDWARE,
FENDI FIRST 95 MM HIGH-HEELED SANDAL IN BABY PINK LAMBSKIN GOLD HARDWARE,https://cdn.shopify.com/s/files/1/0912/9351/6071/files/20220510_i1652180513_2969_7_jpg_9d190f00-6b07-4722-9867-d121622ca9de.jpg?v=1759823468,footwear,fendi,https://cdn.shopify.com/s/files/1/0912/9351/6071/files/20220510_i1652180513_2969_7_jpg_9d190f00-6b07-4722-9867-d121622ca9de.jpg?v=1759823468|https://cdn.shopify.com/s/files/1/0912/9351/6071/files/20220510_i1652180513_5002_1_jpg_66e2c1a7-a451-4343-a733-91146acba371.jpg?v=1759823469|https://cdn.shopify.com/s/files/1/0912/9351/6071/files/20220510_i1652180513_3069_5_jpg_e1510a3c-c5bc-4cc2-9361-cfb551c42160.jpg?v=1759823469|https://cdn.shopify.com/s/files/1/0912/9351/6071/files/20220510_i1652180513_5584_0_jpg_376de473-917a-47f5-9140-f78d8fbc5394.jpg?v=1759823468|https://cdn.shopify.com/s/files/1/0912/9351/6071/files/20220510_i1652180513_3870_2_jpg_915ea199-f16f-4ab9-926a-a2892da1d390.jpg?v=1759823469|https://cdn.shopify.com/s/files/1/0912/9351/6071/files/20220510_i1652180513_5402_3_jpg_761dc2bc-8881-4ca2-960c-22ce7a8c0b90.jpg?v=1759823468|https://cdn.shopify.com/s/files/1/0912/9351/6071/files/20220510_i1652180513_738_6_jpg_c08d6224-e05c-40e0-8131-dc1b86074721.jpg?v=1759823469|https://cdn.shopify.com/s/files/1/0912/9351/6071/files/20220510_i1652180513_3407_4_jpg_7658ba73-808a-472c-b685-5ed58166efde.jpg?v=1759823469|https://cdn.shopify.com/s/files/1/0912/9351/6071/files/20220510_i1652180513_7554_8_jpg_0d0a66be-645a-49f3-afe0-daaa5f9208bf.jpg?v=1759823469,Hi I want FENDI FIRST 95 MM HIGH-HEELED SANDAL IN BABY PINK LAMBSKIN GOLD HARDWARE,
FENDI FIRST 95 MM HIGH-HEELED SANDAL IN BLACK SUEDE GOLD HARDWARE,https://cdn.shopify.com/s/files/1/0912/9351/6071/files/20220510_i1652180677_9701_6_jpg_78b8f3ed-79e2-481f-abdd-71af298812fa.jpg?v=1759823473,footwear,fendi,https://cdn.shopify.com/s/files/1/0912/9351/6071/files/20220510_i1652180677_9701_6_jpg_78b8f3ed-79e2-481f-abdd-71af298812fa.jpg?v=1759823473|https://cdn.shopify.com/s/files/1/0912/9351/6071/files/20220510_i1652180677_6812_4_jpg_d05af61a-0161-40e8-a465-379998b2cbfc.jpg?v=1759823473|https://cdn.shopify.com/s/files/1/0912/9351/6071/files/20220510_i1652180677_6232_2_jpg_411c89ad-1e8e-4e13-abc7-6897b182bd80.jpg?v=1759823473|https://cdn.shopify.com/s/files/1/0912/9351/6071/files/20220510_i1652180677_5290_7_jpg_ef2abfa4-2005-426d-9ac6-37a1c1e44a43.jpg?v=1759823473|https://cdn.shopify.com/s/files/1/0912/9351/6071/files/20220510_i1652180677_5244_8_jpg_e8ad2aa8-a1f8-47b4-9a22-c01301b51784.jpg?v=1759823473|https://cdn.shopify.com/s/files/1/0912/9351/6071/files/20220510_i1652180677_3413_0_jpg_432e8a84-d5dc-4239-b912-e5322f459773.jpg?v=1759823473|https://cdn.shopify.com/s/files/1/0912/9351/6071/files/20220510_i1652180677_2681_3_jpg_47d689f9-c577-4f2c-95ae-d73c449040b4.jpg?v=1759823473|https://cdn.shopify.com/s/files/1/0912/9351/6071/files/20220510_i1652180677_1610_5_jpg_51bdc7e6-5b8e-400a-95a7-560e6f37d9ab.jpg?v=1759823473|https://cdn.shopify.com/s/files/1/0912/9351/6071/files/20220510_i1652180677_1078_1_jpg_cb3f9c21-fb1a-4b4f-8d61-6b4d613e79e3.jpg?v=1759823473,Hi I want FENDI FIRST 95 MM HIGH-HEELED SANDAL IN BLACK SUEDE GOLD HARDWARE,
FENDI FIRST 95 MM HIGH-HEELED SANDAL IN CHOCOLATE BROWN LAMBSKIN GOLD HARDWARE,https://cdn.shopify.com/s/files/1/0912/9351/6071/files/20220510_i1652179996_3021_7_jpg_7b85617f-6a84-4d1e-b25a-74ca2c00f31d.jpg?v=1759823476,footwear,fendi,https://cdn.shopify.com/s/files/1/0912/9351/6071/files/20220510_i1652179996_3021_7_jpg_7b85617f-6a84-4d1e-b25a-74ca2c00f31d.jpg?v=1759823476|https://cdn.shopify.com/s/files/1/0912/9351/6071/files/20220510_i1652179996_1399_5_jpg_1c300a60-1c47-4b11-9798-0838ca920c96.jpg?v=1759823476|https://cdn.shopify.com/s/files/1/0912/9351/6071/files/20220510_i1652179996_8270_1_jpg_64bdf534-892f-4046-a275-417f54e79daf.jpg?v=1759823476|https://cdn.shopify.com/s/files/1/0912/9351/6071/files/20220510_i1652179996_2672_2_jpg_35bedf05-03af-467a-abd9-f1ffa21716e9.jpg?v=1759823476|https://cdn.shopify.com/s/files/1/0912/9351/6071/files/20220510_i1652179996_1937_4_jpg_c1011676-6cde-48ef-b255-2c774565a3fb.jpg?v=1759823476|https://cdn.shopify.com/s/files/1/0912/9351/6071/files/20220510_i1652179996_9962_0_jpg_6e593d19-0bd8-4bf5-baf5-28194e7a8394.jpg?v=1759823476|https://cdn.shopify.com/s/files/1/0912/9351/6071/files/20220510_i1652179996_8074_3_jpg_bc63ef4a-b14c-4f95-9965-58439b702a23.jpg?v=1759823476|https://cdn.shopify.com/s/files/1/0912/9351/6071/files/20220510_i1652179996_5798_6_jpg_63133c16-50a6-4f36-863d-6f803237645a.jpg?v=1759823476|https://cdn.shopify.com/s/files/1/0912/9351/6071/files/20220510_i1652179996_9854_8_jpg_456c6e5b-ca2f-4fb5-bebd-c6920b1657e7.jpg?v=1759823476,Hi I want FENDI FIRST 95 MM HIGH-HEELED SANDAL IN CHOCOLATE BROWN LAMBSKIN GOLD HARDWARE,
FENDI FIRST 95 MM HIGH-HEELED SANDAL IN FUSCIA PINK LAMBSKIN GOLD HARDWARE,https://cdn.shopify.com/s/files/1/0912/9351/6071/files/20220510_i1652180781_9324_6_jpg_b46a1ae5-6e09-41f8-904b-826764bf82b0.jpg?v=1759823478,footwear,fendi,https://cdn.shopify.com/s/files/1/0912/9351/6071/files/20220510_i1652180781_9324_6_jpg_b46a1ae5-6e09-41f8-904b-826764bf82b0.jpg?v=1759823478|https://cdn.shopify.com/s/files/1/0912/9351/6071/files/20220510_i1652180781_8345_4_jpg_192c8348-bc84-4e8f-9285-e34da8a1a0ce.jpg?v=1759823478|https://cdn.shopify.com/s/files/1/0912/9351/6071/files/20220510_i1652180781_7125_1_jpg_722c9568-5741-426a-b54a-7d8bcca0a2a7.jpg?v=1759823477|https://cdn.shopify.com/s/files/1/0912/9351/6071/files/20220510_i1652180781_1858_0_jpg_1fd92b4b-c229-4471-bc75-9e5b80e42f88.jpg?v=1759823478|https://cdn.shopify.com/s/files/1/0912/9351/6071/files/20220510_i1652180781_8332_3_jpg_3fe6896e-4ae3-421e-b69f-7fdccf20ef91.jpg?v=1759823478|https://cdn.shopify.com/s/files/1/0912/9351/6071/files/20220510_i1652180781_6341_5_jpg_5be640bc-ad51-4458-85c9-8da0d69f9b24.jpg?v=1759823478|https://cdn.shopify.com/s/files/1/0912/9351/6071/files/20220510_i1652180781_3587_8_jpg_aa35dbe1-f12d-4117-b23d-9525f03a806d.jpg?v=1759823478|https://cdn.shopify.com/s/files/1/0912/9351/6071/files/20220510_i1652180781_7035_7_jpg_f25c1599-4460-4907-b847-5d156df314ca.jpg?v=1759823478,Hi I want FENDI FIRST 95 MM HIGH-HEELED SANDAL IN FUSCIA PINK LAMBSKIN GOLD HARDWARE,
FENDI FIRST 95 MM HIGH-HEELED SANDAL IN SEPIA BROWN LAMBSKIN GOLD HARDWARE,https://cdn.shopify.com/s/files/1/0912/9351/6071/files/20220510_i1652181234_695_7_jpg_2d441337-ef81-40ac-b6e5-57e084ca1427.jpg?v=1759823480,footwear,fendi,https://cdn.shopify.com/s/files/1/0912/9351/6071/files/20220510_i1652181234_695_7_jpg_2d441337-ef81-40ac-b6e5-57e084ca1427.jpg?v=1759823480|https://cdn.shopify.com/s/files/1/0912/9351/6071/files/20220510_i1652181234_7434_3_jpg_60807825-c0e9-4ea3-bbb6-e7ffd19780ed.jpg?v=1759823480|https://cdn.shopify.com/s/files/1/0912/9351/6071/files/20220510_i1652181234_4229_1_jpg_de90542c-3d79-4ca2-becf-7287c657f67b.jpg?v=1759823480|https://cdn.shopify.com/s/files/1/0912/9351/6071/files/20220510_i1652181234_763_4_jpg_193a25bb-f10a-4627-afb9-8408673562cb.jpg?v=1759823480|https://cdn.shopify.com/s/files/1/0912/9351/6071/files/20220510_i1652181234_2206_0_jpg_ea401df4-a4d8-444e-a13d-010cab8834e7.jpg?v=1759823480|https://cdn.shopify.com/s/files/1/0912/9351/6071/files/20220510_i1652181234_6843_6_jpg_78cb738c-6c8a-4650-8ec9-f85c1e31f3ab.jpg?v=1759823480|https://cdn.shopify.com/s/files/1/0912/9351/6071/files/20220510_i1652181234_4766_5_jpg_ca630770-ed11-4ec1-aecd-208bf994745d.jpg?v=1759823480|https://cdn.shopify.com/s/files/1/0912/9351/6071/files/20220510_i1652181234_4188_2_jpg_e3c784d6-81ab-4fad-908d-3771934dd405.jpg?v=1759823480|https://cdn.shopify.com/s/files/1/0912/9351/6071/files/20220510_i1652181234_1903_8_jpg_95573c7b-1968-4dc6-9ee2-fe8bb42c4a0b.jpg?v=1759823480,Hi I want FENDI FIRST 95 MM HIGH-HEELED SANDAL IN SEPIA BROWN LAMBSKIN GOLD HARDWARE,
FENDI FIRST 95 MM HIGH-HEELED SANDAL IN CLOUD GREY LAMBSKIN GOLD HARDWARE,https://cdn.shopify.com/s/files/1/0912/9351/6071/files/20220510_i1652180074_821_8_jpg_4d105a20-8750-4baf-8123-9ce02afba389.jpg?v=1759823482,footwear,fendi,https://cdn.shopify.com/s/files/1/0912/9351/6071/files/20220510_i1652180074_821_8_jpg_4d105a20-8750-4baf-8123-9ce02afba389.jpg?v=1759823482|https://cdn.shopify.com/s/files/1/0912/9351/6071/files/20220510_i1652180074_4205_0_jpg_bb9ebed4-eea8-4cce-be04-fcd59016e81b.jpg?v=1759823483|https://cdn.shopify.com/s/files/1/0912/9351/6071/files/20220510_i1652180074_8266_5_jpg_1829b0c2-84b0-41c7-a254-76864daea127.jpg?v=1759823483|https://cdn.shopify.com/s/files/1/0912/9351/6071/files/20220510_i1652180074_9143_1_jpg_fc157371-a7b1-45f5-8280-76913bac286d.jpg?v=1759823483|https://cdn.shopify.com/s/files/1/0912/9351/6071/files/20220510_i1652180074_332_3_jpg_95a4bd46-6f25-479d-826f-64655e821623.jpg?v=1759823483|https://cdn.shopify.com/s/files/1/0912/9351/6071/files/20220510_i1652180074_3259_6_jpg_7cb8b4b8-58cb-49da-84cb-4beb8f4bcbe3.jpg?v=1759823483|https://cdn.shopify.com/s/files/1/0912/9351/6071/files/20220510_i1652180074_9337_4_jpg_0e8a5cfa-100e-4538-92c6-a2d2accddbb5.jpg?v=1759823483|https://cdn.shopify.com/s/files/1/0912/9351/6071/files/20220510_i1652180074_9916_2_jpg_ef12b57f-bb89-44bb-b54b-0eb146042b74.jpg?v=1759823483|https://cdn.shopify.com/s/files/1/0912/9351/6071/files/20220510_i1652180074_8220_7_jpg_9b40a5db-12ba-41a1-aaa8-de38080334cf.jpg?v=1759823482,Hi I want FENDI FIRST 95 MM HIGH-HEELED SANDAL IN CLOUD GREY LAMBSKIN GOLD HARDWARE,
FENDI FIRST 95 MM HIGH-HEELED SANDAL IN MUSTARD YELLOW LAMBSKIN GOLD HARDWARE,https://cdn.shopify.com/s/files/1/0912/9351/6071/files/20220510_i1652180169_2756_8_jpg_b0f2f0f3-64ac-4db1-a738-e5e142edaf9e.jpg?v=1759823485,footwear,fendi,https://cdn.shopify.com/s/files/1/0912/9351/6071/files/20220510_i1652180169_2756_8_jpg_b0f2f0f3-64ac-4db1-a738-e5e142edaf9e.jpg?v=1759823485|https://cdn.shopify.com/s/files/1/0912/9351/6071/files/20220510_i1652180169_2478_3_jpg_10bae055-a345-45f3-b536-7dc6759a6ece.jpg?v=1759823485|https://cdn.shopify.com/s/files/1/0912/9351/6071/files/20220510_i1652180169_9749_6_jpg_691c5a45-e93e-4fa0-a15b-8119b9ccf7a9.jpg?v=1759823485|https://cdn.shopify.com/s/files/1/0912/9351/6071/files/20220510_i1652180169_8531_2_jpg_cb912d27-626a-4091-bd85-a21a3bb59609.jpg?v=1759823485|https://cdn.shopify.com/s/files/1/0912/9351/6071/files/20220510_i1652180169_6645_5_jpg_3b61756c-7d9b-4baa-961c-99ad5d7c11d8.jpg?v=1759823485|https://cdn.shopify.com/s/files/1/0912/9351/6071/files/20220510_i1652180169_4806_7_jpg_b21a5f01-d770-41d8-8b41-c5f1ac6fa033.jpg?v=1759823485|https://cdn.shopify.com/s/files/1/0912/9351/6071/files/20220510_i1652180169_4758_1_jpg_63c94a7d-c7d9-42e2-83f7-3bc6a193da5b.jpg?v=1759823485|https://cdn.shopify.com/s/files/1/0912/9351/6071/files/20220510_i1652180169_2721_0_jpg_d318d760-7cbb-4f78-a254-9a0d8b734507.jpg?v=1759823485,Hi I want FENDI FIRST 95 MM HIGH-HEELED SANDAL IN MUSTARD YELLOW LAMBSKIN GOLD HARDWARE,
FENDI FIRST 95 MM HIGH-HEELED SANDAL IN GOLDEN LAMBSKIN GOLD HARDWARE,https://cdn.shopify.com/s/files/1/0912/9351/6071/files/20220510_i1652181587_4322_8_jpg_9a87ee14-0d57-4477-aff2-28dc608c262d.jpg?v=1759823487,footwear,fendi,https://cdn.shopify.com/s/files/1/0912/9351/6071/files/20220510_i1652181587_4322_8_jpg_9a87ee14-0d57-4477-aff2-28dc608c262d.jpg?v=1759823487|https://cdn.shopify.com/s/files/1/0912/9351/6071/files/20220510_i1652181587_9758_1_jpg_09ca3a5a-8087-469b-b9ba-5a314f12dcfb.jpg?v=1759823487|https://cdn.shopify.com/s/files/1/0912/9351/6071/files/20220510_i1652181587_2042_5_jpg_d29d9f9c-807d-47a7-980c-966ea0860578.jpg?v=1759823487|https://cdn.shopify.com/s/files/1/0912/9351/6071/files/20220510_i1652181587_8048_4_jpg_b4e1cf5f-b777-4047-af38-29d6684eb323.jpg?v=1759823487|https://cdn.shopify.com/s/files/1/0912/9351/6071/files/20220510_i1652181587_6843_0_jpg_35e42bfb-0f65-4700-896e-df7354f5f1c1.jpg?v=1759823487|https://cdn.shopify.com/s/files/1/0912/9351/6071/files/20220510_i1652181587_997_3_jpg_610d4cb7-46b1-479d-b71f-dca98a8ddeb6.jpg?v=1759823487|https://cdn.shopify.com/s/files/1/0912/9351/6071/files/20220510_i1652181587_6185_6_jpg_faf33c37-3f29-43f1-a879-db897c12b3a9.jpg?v=1759823487|https://cdn.shopify.com/s/files/1/0912/9351/6071/files/20220510_i1652181587_524_2_jpg_c9d90895-1bda-4b2f-8c45-dd87f4740282.jpg?v=1759823487|https://cdn.shopify.com/s/files/1/0912/9351/6071/files/20220510_i1652181587_1529_7_jpg_cd3b6686-69df-4ab8-b051-b6f5f04c178d.jpg?v=1759823487,Hi I want FENDI FIRST 95 MM HIGH-HEELED SANDAL IN GOLDEN LAMBSKIN GOLD HARDWARE,
FENDI FIRST 95 MM HIGH-HEELED SANDAL IN CAMEL BROWN LAMBSKIN GOLD HARDWARE,https://cdn.shopify.com/s/files/1/0912/9351/6071/files/20220512_i1652347994_3949_7_jpg_0b33f0ce-0e10-496f-a905-f2d9c2a10bc5.jpg?v=1759823489,footwear,fendi,https://cdn.shopify.com/s/files/1/0912/9351/6071/files/20220512_i1652347994_3949_7_jpg_0b33f0ce-0e10-496f-a905-f2d9c2a10bc5.jpg?v=1759823489|https://cdn.shopify.com/s/files/1/0912/9351/6071/files/20220512_i1652347994_4792_1_jpg_42506f6a-2a57-4869-bb39-4a2dcf4aa86d.jpg?v=1759823489|https://cdn.shopify.com/s/files/1/0912/9351/6071/files/20220512_i1652347994_9496_5_jpg_75b1fa75-df72-48f5-a53f-eae81d3aee8e.jpg?v=1759823489|https://cdn.shopify.com/s/files/1/0912/9351/6071/files/20220512_i1652347994_8698_6_jpg_462b0698-dceb-4d31-89f4-ed275b6fe92e.jpg?v=1759823489|https://cdn.shopify.com/s/files/1/0912/9351/6071/files/20220512_i1652347994_7261_2_jpg_472a676b-1e8b-4780-8a4e-bee24b355c13.jpg?v=1759823489|https://cdn.shopify.com/s/files/1/0912/9351/6071/files/20220512_i1652347994_6179_8_jpg_be3ed186-c62f-4900-8ade-b42a694f3ec5.jpg?v=1759823489|https://cdn.shopify.com/s/files/1/0912/9351/6071/files/20220512_i1652347994_3819_0_jpg_54ace0af-b2ea-499a-8fbf-3929ffb21ac7.jpg?v=1759823489|https://cdn.shopify.com/s/files/1/0912/9351/6071/files/20220512_i1652347994_3482_4_jpg_d409e2b7-d59d-4d80-acc7-39e08ed9cb96.jpg?v=1759823489|https://cdn.shopify.com/s/files/1/0912/9351/6071/files/20220512_i1652347994_2156_3_jpg_12023edc-8999-4d4a-b8e3-54b67b81f7b9.jpg?v=1759823489,Hi I want FENDI FIRST 95 MM HIGH-HEELED SANDAL IN CAMEL BROWN LAMBSKIN GOLD HARDWARE,
FENDI FIRST 95 MM HIGH-HEELED SANDAL IN CHERRY RED TPU FILM AND LAMBSKIN,https://cdn.shopify.com/s/files/1/0912/9351/6071/files/20220410_i1649584734_7936_5_jpg_41550d6b-421a-4020-b4d4-1062f3703ba2.jpg?v=1759823492,footwear,fendi,https://cdn.shopify.com/s/files/1/0912/9351/6071/files/20220410_i1649584734_7936_5_jpg_41550d6b-421a-4020-b4d4-1062f3703ba2.jpg?v=1759823492|https://cdn.shopify.com/s/files/1/0912/9351/6071/files/20220410_i1649584734_3930_4_jpg_6a4432b9-b68a-4e55-813e-25497f019dcc.jpg?v=1759823492|https://cdn.shopify.com/s/files/1/0912/9351/6071/files/20220410_i1649584734_9704_6_jpg_a6a09599-ee78-4475-a243-2ec3bc1621db.jpg?v=1759823492|https://cdn.shopify.com/s/files/1/0912/9351/6071/files/20220410_i1649584734_9088_8_jpg_30e2d51c-1d9a-40d8-89a0-6a1830872acd.jpg?v=1759823492|https://cdn.shopify.com/s/files/1/0912/9351/6071/files/20220410_i1649584734_8780_3_jpg_81c0eef8-13c4-42a0-9eff-32b55b9ed17d.jpg?v=1759823492|https://cdn.shopify.com/s/files/1/0912/9351/6071/files/20220410_i1649584734_5013_0_jpg_e35d2c7d-1b37-4c78-872e-05a60d8c856c.jpg?v=1759823492|https://cdn.shopify.com/s/files/1/0912/9351/6071/files/20220410_i1649584734_3741_7_jpg_37698618-9d48-4fb2-8cd9-9bda1e08ae6d.jpg?v=1759823492|https://cdn.shopify.com/s/files/1/0912/9351/6071/files/20220410_i1649584734_2233_1_jpg_432875cc-4720-4c13-8ecd-683780e02e62.jpg?v=1759823492|https://cdn.shopify.com/s/files/1/0912/9351/6071/files/20220410_i1649584734_1798_2_jpg_378f0700-d0ed-4d2e-bc40-29339c85d525.jpg?v=1759823492,Hi I want FENDI FIRST 95 MM HIGH-HEELED SANDAL IN CHERRY RED TPU FILM AND LAMBSKIN,
FENDI FIRST HIGH HEEL 95 MM SANDAL IN OLIVE GREEN MINK FUR,https://cdn.shopify.com/s/files/1/0912/9351/6071/files/20220601_i1654089830_5586_6_jpg_642be944-f78b-4704-9269-764feeaabd7c.jpg?v=1759823496,footwear,fendi,https://cdn.shopify.com/s/files/1/0912/9351/6071/files/20220601_i1654089830_5586_6_jpg_642be944-f78b-4704-9269-764feeaabd7c.jpg?v=1759823496|https://cdn.shopify.com/s/files/1/0912/9351/6071/files/20220601_i1654089830_3241_4_jpg_1af55802-0b85-4ae9-a42e-85a34f52df4c.jpg?v=1759823496|https://cdn.shopify.com/s/files/1/0912/9351/6071/files/20220601_i1654089830_6060_1_jpg_361fa180-9ded-4fa9-8160-98178e3f7cc9.jpg?v=1759823496|https://cdn.shopify.com/s/files/1/0912/9351/6071/files/20220601_i1654089830_6313_8_jpg_32038d1e-5eb6-4460-8114-dbdfe76666e5.jpg?v=1759823496|https://cdn.shopify.com/s/files/1/0912/9351/6071/files/20220601_i1654089830_5814_0_jpg_5427657b-d527-4e3b-8f1f-7b1e90eed9c6.jpg?v=1759823496|https://cdn.shopify.com/s/files/1/0912/9351/6071/files/20220601_i1654089830_1746_7_jpg_1820e88a-fb1a-45ca-8297-b20d9960f4cf.jpg?v=1759823496|https://cdn.shopify.com/s/files/1/0912/9351/6071/files/20220601_i1654089830_225_2_jpg_94c48614-ebed-4ed2-bff6-b391eda37d87.jpg?v=1759823496|https://cdn.shopify.com/s/files/1/0912/9351/6071/files/20220601_i1654089830_1046_3_jpg_d7964be1-f8e4-41c3-a471-42ee4d29071c.jpg?v=1759823496|https://cdn.shopify.com/s/files/1/0912/9351/6071/files/20220601_i1654089830_7326_5_jpg_d25ddfdc-ad0a-4e38-aa9e-334a6d1da800.jpg?v=1759823496,Hi I want FENDI FIRST HIGH HEEL 95 MM SANDAL IN OLIVE GREEN MINK FUR,
FENDI FIRST HIGH HEEL 95 MM SANDAL IN WHITE MINK FUR,https://cdn.shopify.com/s/files/1/0912/9351/6071/files/20220601_i1654090046_8163_6_jpg_dc44c4f8-a24d-4218-86c5-60a420748d6a.jpg?v=1759823498,footwear,fendi,https://cdn.shopify.com/s/files/1/0912/9351/6071/files/20220601_i1654090046_8163_6_jpg_dc44c4f8-a24d-4218-86c5-60a420748d6a.jpg?v=1759823498|https://cdn.shopify.com/s/files/1/0912/9351/6071/files/20220601_i1654090046_9707_1_jpg_3fa619d3-4a88-4640-953e-a24599c0ec9e.jpg?v=1759823498|https://cdn.shopify.com/s/files/1/0912/9351/6071/files/20220601_i1654090046_9547_0_jpg_4ed213de-1303-4c37-9f83-b300fd0b7e36.jpg?v=1759823498|https://cdn.shopify.com/s/files/1/0912/9351/6071/files/20220601_i1654090046_1069_7_jpg_26425ecc-7646-4599-b252-79a99082e3ed.jpg?v=1759823498|https://cdn.shopify.com/s/files/1/0912/9351/6071/files/20220601_i1654090046_305_4_jpg_89dd1c44-2560-4d01-ae7d-d43312938209.jpg?v=1759823498|https://cdn.shopify.com/s/files/1/0912/9351/6071/files/20220601_i1654090046_8979_3_jpg_7d64d8e8-a86e-4c57-8059-df36c3cb7cd6.jpg?v=1759823498|https://cdn.shopify.com/s/files/1/0912/9351/6071/files/20220601_i1654090046_8930_2_jpg_7af86e16-89aa-4db3-b2bd-f614f014674d.jpg?v=1759823498|https://cdn.shopify.com/s/files/1/0912/9351/6071/files/20220601_i1654090046_5911_8_jpg_3e430f33-8d08-49be-bd28-2f1652fc0001.jpg?v=1759823498|https://cdn.shopify.com/s/files/1/0912/9351/6071/files/20220601_i1654090046_3689_5_jpg_39e5a916-d708-47a1-9411-318016ae34b4.jpg?v=1759823498,Hi I want FENDI FIRST HIGH HEEL 95 MM SANDAL IN WHITE MINK FUR,
FENDI FIRST HIGH HEEL 95 MM SANDAL IN BRIGHT PINK MINK FUR,https://cdn.shopify.com/s/files/1/0912/9351/6071/files/20220601_i1654090130_5096_5_jpg_189cbc56-bf33-4e63-84b8-d8b78ce31c3b.jpg?v=1759823500,footwear,fendi,https://cdn.shopify.com/s/files/1/0912/9351/6071/files/20220601_i1654090130_5096_5_jpg_189cbc56-bf33-4e63-84b8-d8b78ce31c3b.jpg?v=1759823500|https://cdn.shopify.com/s/files/1/0912/9351/6071/files/20220601_i1654090130_1039_6_jpg_d048af7e-16de-4c17-97bf-d7c3f71112ca.jpg?v=1759823500|https://cdn.shopify.com/s/files/1/0912/9351/6071/files/20220601_i1654090130_4897_4_jpg_5e601af1-5903-4122-af91-0a500714bcec.jpg?v=1759823500|https://cdn.shopify.com/s/files/1/0912/9351/6071/files/20220601_i1654090130_2579_0_jpg_33a6b45f-bbef-4803-b532-27cb96c0fbc4.jpg?v=1759823500|https://cdn.shopify.com/s/files/1/0912/9351/6071/files/20220601_i1654090130_90_1_jpg_c0e5235e-a664-4550-a4fa-95ff1b7d779b.jpg?v=1759823500|https://cdn.shopify.com/s/files/1/0912/9351/6071/files/20220601_i1654090130_8435_8_jpg_91d8ae54-4907-4a3b-a884-12b89f15cf04.jpg?v=1759823500|https://cdn.shopify.com/s/files/1/0912/9351/6071/files/20220601_i1654090130_9326_3_jpg_d3681a8a-d792-4bc7-93b7-8058de193eb4.jpg?v=1759823500|https://cdn.shopify.com/s/files/1/0912/9351/6071/files/20220601_i1654090130_7691_2_jpg_6020a7bb-c75e-4daf-b85f-a6b26fac86ec.jpg?v=1759823500|https://cdn.shopify.com/s/files/1/0912/9351/6071/files/20220601_i1654090130_3251_7_jpg_8d1d00a4-3a96-4995-9ec6-9ac0ec70a81e.jpg?v=1759823500,Hi I want FENDI FIRST HIGH HEEL 95 MM SANDAL IN BRIGHT PINK MINK FUR,
FENDI FIRST HIGH HEEL 95 MM SANDAL IN BLACK MINK FUR,https://cdn.shopify.com/s/files/1/0912/9351/6071/files/20220601_i1654090211_3693_5_jpg_3a40f6b1-d076-408d-8494-baa1aec1d9ce.jpg?v=1759823501,footwear,fendi,https://cdn.shopify.com/s/files/1/0912/9351/6071/files/20220601_i1654090211_3693_5_jpg_3a40f6b1-d076-408d-8494-baa1aec1d9ce.jpg?v=1759823501|https://cdn.shopify.com/s/files/1/0912/9351/6071/files/20220601_i1654090211_7913_3_jpg_b54a4d13-3917-414f-97d2-56261c3aa266.jpg?v=1759823502|https://cdn.shopify.com/s/files/1/0912/9351/6071/files/20220601_i1654090211_7621_0_jpg_132d0a56-73e5-4a3a-915c-bc473f4cbf4d.jpg?v=1759823502|https://cdn.shopify.com/s/files/1/0912/9351/6071/files/20220601_i1654090211_6657_2_jpg_d7e807ed-460a-4618-90b2-296ce2cfa469.jpg?v=1759823502|https://cdn.shopify.com/s/files/1/0912/9351/6071/files/20220601_i1654090211_5711_7_jpg_c3592a18-d5de-405b-8534-57ddc59e7b87.jpg?v=1759823502|https://cdn.shopify.com/s/files/1/0912/9351/6071/files/20220601_i1654090211_4212_1_jpg_4a714669-15a1-4c73-83fd-9098c2c52b91.jpg?v=1759823502|https://cdn.shopify.com/s/files/1/0912/9351/6071/files/20220601_i1654090211_3655_8_jpg_6c9a140d-1ff1-4f96-88c1-9a1937065e68.jpg?v=1759823502|https://cdn.shopify.com/s/files/1/0912/9351/6071/files/20220601_i1654090211_2044_6_jpg_6a392e08-59ea-4ded-8cd0-9c981e00602c.jpg?v=1759823502|https://cdn.shopify.com/s/files/1/0912/9351/6071/files/20220601_i1654090211_600_4_jpg_7ea2037a-41c9-48e9-a410-f903bda481b4.jpg?v=1759823502,Hi I want FENDI FIRST HIGH HEEL 95 MM SANDAL IN BLACK MINK FUR,
FENDI FIRST HIGH HEEL 95 MM SANDAL IN LIGHT PINK MINK FUR,https://cdn.shopify.com/s/files/1/0912/9351/6071/files/20220601_i1654090342_4751_4_jpg_d71bc061-addf-402c-bc14-24e7503ca9e4.jpg?v=1759823504,footwear,fendi,https://cdn.shopify.com/s/files/1/0912/9351/6071/files/20220601_i1654090342_4751_4_jpg_d71bc061-addf-402c-bc14-24e7503ca9e4.jpg?v=1759823504|https://cdn.shopify.com/s/files/1/0912/9351/6071/files/20220601_i1654090342_6792_0_jpg_97ab1502-e973-4ecb-9355-1f3cc467aa22.jpg?v=1759823504|https://cdn.shopify.com/s/files/1/0912/9351/6071/files/20220601_i1654090342_4227_5_jpg_01478538-b695-425a-9015-8d172f5b320f.jpg?v=1759823504|https://cdn.shopify.com/s/files/1/0912/9351/6071/files/20220601_i1654090342_4200_1_jpg_d07cc381-1a60-4f26-8036-89d118d968bb.jpg?v=1759823504|https://cdn.shopify.com/s/files/1/0912/9351/6071/files/20220601_i1654090342_9282_3_jpg_a884d4df-06d7-4fe8-9e33-9cdd2f498336.jpg?v=1759823504|https://cdn.shopify.com/s/files/1/0912/9351/6071/files/20220601_i1654090342_3098_7_jpg_340d9a53-6788-48cd-9090-0783ec175f2b.jpg?v=1759823504|https://cdn.shopify.com/s/files/1/0912/9351/6071/files/20220601_i1654090342_164_8_jpg_722c09f2-c698-4712-a3d5-ccb0e8afbe88.jpg?v=1759823504|https://cdn.shopify.com/s/files/1/0912/9351/6071/files/20220601_i1654090342_9508_2_jpg_c6f59c75-298f-411f-b3bb-babdd23c496c.jpg?v=1759823504|https://cdn.shopify.com/s/files/1/0912/9351/6071/files/20220601_i1654090342_8788_6_jpg_5449c883-ff58-486e-9f5c-89a16a05c9c2.jpg?v=1759823504,Hi I want FENDI FIRST HIGH HEEL 95 MM SANDAL IN LIGHT PINK MINK FUR,
FENDI FIRST 95 MM HIGH-HEELED SANDAL IN ROSE PINK TPU FILM AND LAMBSKIN,https://cdn.shopify.com/s/files/1/0912/9351/6071/files/20220410_i1649585500_1986_5_jpg_d18e62e8-1e30-428b-a3e2-8d07480f5da1.jpg?v=1759823509,footwear,fendi,https://cdn.shopify.com/s/files/1/0912/9351/6071/files/20220410_i1649585500_1986_5_jpg_d18e62e8-1e30-428b-a3e2-8d07480f5da1.jpg?v=1759823509|https://cdn.shopify.com/s/files/1/0912/9351/6071/files/20220410_i1649585500_1887_2_jpg_cea60252-64ce-4d78-a85c-3453a940a480.jpg?v=1759823509|https://cdn.shopify.com/s/files/1/0912/9351/6071/files/20220410_i1649585500_9078_7_jpg_d287c83b-b517-4141-95ea-a852c84890c7.jpg?v=1759823509|https://cdn.shopify.com/s/files/1/0912/9351/6071/files/20220410_i1649585500_7909_6_jpg_2e34d40c-2a21-47d4-9d6a-69def4e6efe2.jpg?v=1759823509|https://cdn.shopify.com/s/files/1/0912/9351/6071/files/20220410_i1649585500_1824_0_jpg_ce46407a-391a-437d-acd5-d011aeb6bb39.jpg?v=1759823509|https://cdn.shopify.com/s/files/1/0912/9351/6071/files/20220410_i1649585500_7772_1_jpg_b114ed17-4ff2-4b39-8373-fe4e4feb125a.jpg?v=1759823509|https://cdn.shopify.com/s/files/1/0912/9351/6071/files/20220410_i1649585500_7021_3_jpg_7046c9ca-9bd2-46d6-8543-2ee86947e61a.jpg?v=1759823509|https://cdn.shopify.com/s/files/1/0912/9351/6071/files/20220410_i1649585500_985_4_jpg_333362c0-f1b8-4082-9174-5fc1bba3773a.jpg?v=1759823509|https://cdn.shopify.com/s/files/1/0912/9351/6071/files/20220410_i1649585500_2761_8_jpg_831e875b-e6c0-40ef-9a50-8b5cad117c7b.jpg?v=1759823509,Hi I want FENDI FIRST 95 MM HIGH-HEELED SANDAL IN ROSE PINK TPU FILM AND LAMBSKIN,
FENDI FIRST 95 MM HIGH-HEELED SANDAL IN PURPLE PASTEL TPU FILM AND LAMBSKIN,https://cdn.shopify.com/s/files/1/0912/9351/6071/files/20220410_i1649585584_553_5_jpg_cc08bec3-0429-435b-9d48-3f20ba4a10fd.jpg?v=1759823513,footwear,fendi,https://cdn.shopify.com/s/files/1/0912/9351/6071/files/20220410_i1649585584_553_5_jpg_cc08bec3-0429-435b-9d48-3f20ba4a10fd.jpg?v=1759823513|https://cdn.shopify.com/s/files/1/0912/9351/6071/files/20220410_i1649585584_2591_4_jpg_38b2a6fa-d6e6-451d-8788-21302fa6e60e.jpg?v=1759823513|https://cdn.shopify.com/s/files/1/0912/9351/6071/files/20220410_i1649585584_2533_1_jpg_fe738d5f-3e00-4de0-b623-c43561cc95d6.jpg?v=1759823513|https://cdn.shopify.com/s/files/1/0912/9351/6071/files/20220410_i1649585584_2672_8_jpg_ac57ace1-344f-4176-b593-ffd0a571933a.jpg?v=1759823513|https://cdn.shopify.com/s/files/1/0912/9351/6071/files/20220410_i1649585584_457_3_jpg_f8173e03-bc91-48fe-a7a6-50cdf5280e85.jpg?v=1759823513|https://cdn.shopify.com/s/files/1/0912/9351/6071/files/20220410_i1649585584_7130_0_jpg_dbc06db4-a36c-4cab-a8c9-117addf9719d.jpg?v=1759823513|https://cdn.shopify.com/s/files/1/0912/9351/6071/files/20220410_i1649585584_8796_6_jpg_fb906d4e-ff56-45da-87be-a570d85af462.jpg?v=1759823513|https://cdn.shopify.com/s/files/1/0912/9351/6071/files/20220410_i1649585584_8259_7_jpg_94cb7898-7f58-454c-8277-e27c7deb2be1.jpg?v=1759823513|https://cdn.shopify.com/s/files/1/0912/9351/6071/files/20220410_i1649585584_4802_2_jpg_ca81867f-f191-45c5-bda6-ab1d7407b8ea.jpg?v=1759823513,Hi I want FENDI FIRST 95 MM HIGH-HEELED SANDAL IN PURPLE PASTEL TPU FILM AND LAMBSKIN,
FENDI FIRST 95 MM HIGH-HEELED SANDAL IN LIGHT ORANGE TPU FILM AND LAMBSKIN,https://cdn.shopify.com/s/files/1/0912/9351/6071/files/20220410_i1649585688_6114_5_jpg_a6cdd431-f5c8-41ae-97d9-007bb9ccfeb6.jpg?v=1759823515,footwear,fendi,https://cdn.shopify.com/s/files/1/0912/9351/6071/files/20220410_i1649585688_6114_5_jpg_a6cdd431-f5c8-41ae-97d9-007bb9ccfeb6.jpg?v=1759823515|https://cdn.shopify.com/s/files/1/0912/9351/6071/files/20220410_i1649585688_7293_1_jpg_d541be14-ad16-450c-ab69-fa64025c3002.jpg?v=1759823515|https://cdn.shopify.com/s/files/1/0912/9351/6071/files/20220410_i1649585688_8823_2_jpg_beca8738-b974-4eda-969b-32ba22ba7d5f.jpg?v=1759823515|https://cdn.shopify.com/s/files/1/0912/9351/6071/files/20220410_i1649585688_1355_0_jpg_32f1b1d0-c9e5-4275-b266-7c490571fa44.jpg?v=1759823515|https://cdn.shopify.com/s/files/1/0912/9351/6071/files/20220410_i1649585688_632_8_jpg_2baf7f7a-8f1c-4b77-a40c-f6053318f791.jpg?v=1759823515|https://cdn.shopify.com/s/files/1/0912/9351/6071/files/20220410_i1649585688_9331_3_jpg_4e951677-fb68-4223-9d7b-51c8c8ad0c8e.jpg?v=1759823515|https://cdn.shopify.com/s/files/1/0912/9351/6071/files/20220410_i1649585688_9729_7_jpg_9045e783-a4e6-44fa-9bae-97bb9111224a.jpg?v=1759823515|https://cdn.shopify.com/s/files/1/0912/9351/6071/files/20220410_i1649585688_8411_6_jpg_f138d933-fe89-46b6-a2d8-191a063d3163.jpg?v=1759823515|https://cdn.shopify.com/s/files/1/0912/9351/6071/files/20220410_i1649585688_9971_4_jpg_df6b4508-6801-43ce-ac57-020f96bfd1f8.jpg?v=1759823515,Hi I want FENDI FIRST 95 MM HIGH-HEELED SANDAL IN LIGHT ORANGE TPU FILM AND LAMBSKIN,
FENDI FIRST 95 MM HIGH-HEELED SANDAL IN GREEN FERN TPU FILM AND LAMBSKIN,https://cdn.shopify.com/s/files/1/0912/9351/6071/files/20220410_i1649585772_9559_3_jpg_e6f8d5d2-53d8-411e-b5c2-2aada209b5c1.jpg?v=1759823517,footwear,fendi,https://cdn.shopify.com/s/files/1/0912/9351/6071/files/20220410_i1649585772_9559_3_jpg_e6f8d5d2-53d8-411e-b5c2-2aada209b5c1.jpg?v=1759823517|https://cdn.shopify.com/s/files/1/0912/9351/6071/files/20220410_i1649585772_2940_1_jpg_d9aadabc-efe2-4086-8291-ee31479ea023.jpg?v=1759823517|https://cdn.shopify.com/s/files/1/0912/9351/6071/files/20220410_i1649585772_1483_6_jpg_03cf51bf-e7d9-4bfd-a238-8a2ed5377bbd.jpg?v=1759823518|https://cdn.shopify.com/s/files/1/0912/9351/6071/files/20220410_i1649585772_3756_7_jpg_356dc0a4-4b56-4234-bf88-51ebdca6e9ca.jpg?v=1759823517|https://cdn.shopify.com/s/files/1/0912/9351/6071/files/20220410_i1649585772_2065_4_jpg_5b88239c-9c98-4246-b097-88ec93670b25.jpg?v=1759823518|https://cdn.shopify.com/s/files/1/0912/9351/6071/files/20220410_i1649585772_7093_2_jpg_0efaea08-7192-4305-a612-1ab42e555620.jpg?v=1759823517|https://cdn.shopify.com/s/files/1/0912/9351/6071/files/20220410_i1649585772_6053_0_jpg_c9c0d129-26ea-464c-a05d-914cd56d7303.jpg?v=1759823517|https://cdn.shopify.com/s/files/1/0912/9351/6071/files/20220410_i1649585772_1459_8_jpg_cd33e50d-a19c-47b2-8c45-bfad1e66edad.jpg?v=1759823517|https://cdn.shopify.com/s/files/1/0912/9351/6071/files/20220410_i1649585772_3385_5_jpg_2d4fdfde-c39c-4d0a-b32e-51d2662ae940.jpg?v=1759823517,Hi I want FENDI FIRST 95 MM HIGH-HEELED SANDAL IN GREEN FERN TPU FILM AND LAMBSKIN,
FENDI BAGUETTE MINK MEDIUM-HEELED 45MM IN BLACK FUR AND LAMBSKIN,https://cdn.shopify.com/s/files/1/0912/9351/6071/files/20230402_i1680434489_8114_4_jpg_4c8c0afa-862c-4426-8a3b-de9414135b64.jpg?v=1759823519,footwear,fendi,https://cdn.shopify.com/s/files/1/0912/9351/6071/files/20230402_i1680434489_8114_4_jpg_4c8c0afa-862c-4426-8a3b-de9414135b64.jpg?v=1759823519|https://cdn.shopify.com/s/files/1/0912/9351/6071/files/20230402_i1680434489_2824_2_jpg_e0afc8d9-f8c6-4ca9-a4be-08dbf142f4b3.jpg?v=1759823520|https://cdn.shopify.com/s/files/1/0912/9351/6071/files/20230402_i1680434489_3431_0_jpg_8438e430-219c-4a52-8f76-ff4df33117c5.jpg?v=1759823520|https://cdn.shopify.com/s/files/1/0912/9351/6071/files/20230402_i1680434489_4871_8_jpg_e368ae66-fd3d-4b38-a277-1bd3c111ff78.jpg?v=1759823519|https://cdn.shopify.com/s/files/1/0912/9351/6071/files/20230402_i1680434489_7763_7_jpg_a7cf6591-afae-4acf-b176-eddd7a81c1e4.jpg?v=1759823519|https://cdn.shopify.com/s/files/1/0912/9351/6071/files/20230402_i1680434489_6427_6_jpg_231745d6-4611-46e8-913b-8a306f59e145.jpg?v=1759823519|https://cdn.shopify.com/s/files/1/0912/9351/6071/files/20230402_i1680434489_6693_1_jpg_48ce5ec1-7483-4f97-88bc-30e8a22050ba.jpg?v=1759823519|https://cdn.shopify.com/s/files/1/0912/9351/6071/files/20230402_i1680434489_6739_3_jpg_afbfbf15-8c2c-404b-a10d-b1d626abb8ba.jpg?v=1759823519,Hi I want FENDI BAGUETTE MINK MEDIUM-HEELED 45MM IN BLACK FUR AND LAMBSKIN,
FENDI BAGUETTE MINK MEDIUM-HEELED 45MM IN WHITE FUR AND LAMBSKIN,https://cdn.shopify.com/s/files/1/0912/9351/6071/files/20230402_i1680434616_2300_4_jpg_5c0e189c-ecd0-4447-978c-68aa19db826d.jpg?v=1759823522,footwear,fendi,https://cdn.shopify.com/s/files/1/0912/9351/6071/files/20230402_i1680434616_2300_4_jpg_5c0e189c-ecd0-4447-978c-68aa19db826d.jpg?v=1759823522|https://cdn.shopify.com/s/files/1/0912/9351/6071/files/20230402_i1680434616_6419_2_jpg_921b2b2d-0fcf-4d54-9788-3af2975c7261.jpg?v=1759823522|https://cdn.shopify.com/s/files/1/0912/9351/6071/files/20230402_i1680434616_6148_0_jpg_15b2c647-de9d-406a-99ba-7825de43a48a.jpg?v=1759823522|https://cdn.shopify.com/s/files/1/0912/9351/6071/files/20230402_i1680434616_2147_7_jpg_f9d7651b-df28-4b72-8a72-6dacf13efa71.jpg?v=1759823522|https://cdn.shopify.com/s/files/1/0912/9351/6071/files/20230402_i1680434616_8210_3_jpg_8ad02acd-d964-4411-aa7d-44c1da434e3c.jpg?v=1759823522|https://cdn.shopify.com/s/files/1/0912/9351/6071/files/20230402_i1680434616_1542_1_jpg_1929805e-3ecd-4402-9ef3-75165662a37c.jpg?v=1759823522|https://cdn.shopify.com/s/files/1/0912/9351/6071/files/20230402_i1680434616_1152_5_jpg_64812b89-d861-4592-9ddd-ecc1de8083c9.jpg?v=1759823522|https://cdn.shopify.com/s/files/1/0912/9351/6071/files/20230402_i1680434616_9596_6_jpg_706b423b-90b0-41ce-a936-bc719a92c56b.jpg?v=1759823522|https://cdn.shopify.com/s/files/1/0912/9351/6071/files/20230402_i1680434616_869_8_jpg_ef3795bd-37db-476e-ac1a-e5607c9b0bb3.jpg?v=1759823522,Hi I want FENDI BAGUETTE MINK MEDIUM-HEELED 45MM IN WHITE FUR AND LAMBSKIN,
FENDI BAGUETTE MINK MEDIUM-HEELED 45MM IN NAVY BLUE FUR AND LAMBSKIN,https://cdn.shopify.com/s/files/1/0912/9351/6071/files/20230402_i1680434667_4503_4_jpg_3f255386-6d32-4807-8946-47a2e682edc5.jpg?v=1759823524,footwear,fendi,https://cdn.shopify.com/s/files/1/0912/9351/6071/files/20230402_i1680434667_4503_4_jpg_3f255386-6d32-4807-8946-47a2e682edc5.jpg?v=1759823524|https://cdn.shopify.com/s/files/1/0912/9351/6071/files/20230402_i1680434667_6398_0_jpg_a9ddd837-2a84-45c6-ac2e-b1a1985e89e3.jpg?v=1759823524|https://cdn.shopify.com/s/files/1/0912/9351/6071/files/20230402_i1680434667_9211_2_jpg_543a673f-b171-477e-b880-3c2a5e4193ee.jpg?v=1759823524|https://cdn.shopify.com/s/files/1/0912/9351/6071/files/20230402_i1680434667_2553_7_jpg_5d116b27-f304-4e55-a233-fde8878af646.jpg?v=1759823524|https://cdn.shopify.com/s/files/1/0912/9351/6071/files/20230402_i1680434667_4563_6_jpg_6bba4a40-d067-479e-a508-4484ec282f65.jpg?v=1759823524|https://cdn.shopify.com/s/files/1/0912/9351/6071/files/20230402_i1680434667_5297_3_jpg_90d341d6-9e05-4d64-95c1-e6fe73605670.jpg?v=1759823524|https://cdn.shopify.com/s/files/1/0912/9351/6071/files/20230402_i1680434667_8273_1_jpg_6314afae-754d-4bc1-ac5c-23850dd9ba83.jpg?v=1759823524|https://cdn.shopify.com/s/files/1/0912/9351/6071/files/20230402_i1680434667_2124_8_jpg_27813ff0-f42a-4f98-87cc-0358941a2d86.jpg?v=1759823524|https://cdn.shopify.com/s/files/1/0912/9351/6071/files/20230402_i1680434667_4998_5_jpg_f23ee193-6b4d-4648-892d-c6297f1cbddc.jpg?v=1759823524,Hi I want FENDI BAGUETTE MINK MEDIUM-HEELED 45MM IN NAVY BLUE FUR AND LAMBSKIN,
FENDI BAGUETTE MINK MEDIUM-HEELED 45MM IN NUDE BEIGE FUR AND LAMBSKIN,https://cdn.shopify.com/s/files/1/0912/9351/6071/files/20230402_i1680434712_6822_4_jpg_3fdfe0a8-8b41-4b57-8ad4-9454bb3a5aad.jpg?v=1759823526,footwear,fendi,https://cdn.shopify.com/s/files/1/0912/9351/6071/files/20230402_i1680434712_6822_4_jpg_3fdfe0a8-8b41-4b57-8ad4-9454bb3a5aad.jpg?v=1759823526|https://cdn.shopify.com/s/files/1/0912/9351/6071/files/20230402_i1680434712_9020_0_jpg_dcd02580-441d-46d5-82f9-af5288484817.jpg?v=1759823526|https://cdn.shopify.com/s/files/1/0912/9351/6071/files/20230402_i1680434712_7019_5_jpg_f5f2fbe1-a8c2-424a-aee6-de3095e3fa4b.jpg?v=1759823526|https://cdn.shopify.com/s/files/1/0912/9351/6071/files/20230402_i1680434712_7716_3_jpg_79c802bf-328e-4845-b99f-cf553cafe208.jpg?v=1759823526|https://cdn.shopify.com/s/files/1/0912/9351/6071/files/20230402_i1680434712_2315_1_jpg_525932fe-977b-4718-87ea-0379b3a65a55.jpg?v=1759823526|https://cdn.shopify.com/s/files/1/0912/9351/6071/files/20230402_i1680434712_4204_2_jpg_45da1c36-56a0-4c34-bab7-93a3caefa65c.jpg?v=1759823526|https://cdn.shopify.com/s/files/1/0912/9351/6071/files/20230402_i1680434712_4526_7_jpg_d322c93f-0828-4c31-afe3-7324fb952011.jpg?v=1759823526|https://cdn.shopify.com/s/files/1/0912/9351/6071/files/20230402_i1680434712_4810_6_jpg_9f2d86fa-3d83-4193-8164-8022e6d442cf.jpg?v=1759823526|https://cdn.shopify.com/s/files/1/0912/9351/6071/files/20230402_i1680434712_1682_8_jpg_f48cf603-a7ca-44d2-9b1f-4a4b279612c8.jpg?v=1759823526,Hi I want FENDI BAGUETTE MINK MEDIUM-HEELED 45MM IN NUDE BEIGE FUR AND LAMBSKIN,
FENDI BAGUETTE MINK MEDIUM-HEELED 45MM IN PUNCH PINK FUR AND LAMBSKIN,https://cdn.shopify.com/s/files/1/0912/9351/6071/files/20230402_i1680434772_4466_4_jpg_f0081504-f724-47a1-bc29-7e90cdb208dc.jpg?v=1759823528,footwear,fendi,https://cdn.shopify.com/s/files/1/0912/9351/6071/files/20230402_i1680434772_4466_4_jpg_f0081504-f724-47a1-bc29-7e90cdb208dc.jpg?v=1759823528|https://cdn.shopify.com/s/files/1/0912/9351/6071/files/20230402_i1680434772_8561_2_jpg_2d0b9d9c-d8fb-40b1-b35a-b23dda741fb6.jpg?v=1759823528|https://cdn.shopify.com/s/files/1/0912/9351/6071/files/20230402_i1680434772_2660_0_jpg_2f68ae3d-d433-4f32-9a95-556299dbf6f8.jpg?v=1759823528|https://cdn.shopify.com/s/files/1/0912/9351/6071/files/20230402_i1680434772_3654_7_jpg_903efea1-9e76-415a-9661-78ed5c491869.jpg?v=1759823528|https://cdn.shopify.com/s/files/1/0912/9351/6071/files/20230402_i1680434772_1195_1_jpg_969dabc0-d821-4c9a-a202-19ecbe6b4960.jpg?v=1759823528|https://cdn.shopify.com/s/files/1/0912/9351/6071/files/20230402_i1680434772_4713_5_jpg_595429c6-b813-4013-a84d-3fb6136e2928.jpg?v=1759823528|https://cdn.shopify.com/s/files/1/0912/9351/6071/files/20230402_i1680434772_3897_6_jpg_1bb89ff4-4e65-4304-8238-e337470ffe26.jpg?v=1759823528|https://cdn.shopify.com/s/files/1/0912/9351/6071/files/20230402_i1680434772_7075_3_jpg_7d3d1ba2-c471-4094-a59b-53533c498aa4.jpg?v=1759823528|https://cdn.shopify.com/s/files/1/0912/9351/6071/files/20230402_i1680434772_6020_8_jpg_7fe491dc-fe8c-4229-967a-0e52a2038c16.jpg?v=1759823528,Hi I want FENDI BAGUETTE MINK MEDIUM-HEELED 45MM IN PUNCH PINK FUR AND LAMBSKIN,
FENDI CHUNKY HIGH-HEELED SANDAL IN WHITE CALFKIN WITH GOLD HARDWARE,https://cdn.shopify.com/s/files/1/0912/9351/6071/files/20230715_a1689360620648_3715_jpg_40cc053e-5919-43c3-878d-6c1645f37f07.jpg?v=1759823530,footwear,fendi,https://cdn.shopify.com/s/files/1/0912/9351/6071/files/20230715_a1689360620648_3715_jpg_40cc053e-5919-43c3-878d-6c1645f37f07.jpg?v=1759823530|https://cdn.shopify.com/s/files/1/0912/9351/6071/files/20230715_a1689360620868_3668_jpg_5c6a320a-ea72-42e3-a699-f4cdd5b82003.jpg?v=1759823530|https://cdn.shopify.com/s/files/1/0912/9351/6071/files/20230715_a1689360621043_1764_jpg_d4b8574f-f3aa-4a8a-b230-296ad5a35bf4.jpg?v=1759823530|https://cdn.shopify.com/s/files/1/0912/9351/6071/files/20230715_a1689360621282_5262_jpg_80cf2943-ef6f-447d-990e-946050a856c9.jpg?v=1759823530|https://cdn.shopify.com/s/files/1/0912/9351/6071/files/20230715_a1689360622400_1023_jpg_60b5e809-cb85-4375-99fe-bd5fb483eb6b.jpg?v=1759823530|https://cdn.shopify.com/s/files/1/0912/9351/6071/files/20230715_a1689360622101_5258_jpg_394aeb7c-5f64-4ed3-ba0f-85c40a1dcb12.jpg?v=1759823530|https://cdn.shopify.com/s/files/1/0912/9351/6071/files/20230715_a1689360622775_1511_jpg_8f55ff6d-0c89-4a6d-a438-02bd946c1e0d.jpg?v=1759823530|https://cdn.shopify.com/s/files/1/0912/9351/6071/files/20230715_a1689360622813_8855_jpg_4d924775-df2d-4042-8075-37c1681a6467.jpg?v=1759823530|https://cdn.shopify.com/s/files/1/0912/9351/6071/files/20230715_a1689360621509_5408_jpg_efcb4bfc-3d8a-4df2-b111-cd5ca2e1fde8.jpg?v=1759823530,Hi I want FENDI CHUNKY HIGH-HEELED SANDAL IN WHITE CALFKIN WITH GOLD HARDWARE,
FENDI CHUNKY HIGH-HEELED SANDAL IN ORANGE RED CALFKIN WITH GOLD HARDWARE,https://cdn.shopify.com/s/files/1/0912/9351/6071/files/20230715_a1689360639272_6041_jpg_7a617afe-5f0a-474e-bb7c-1801cf57caff.jpg?v=1759823532,footwear,fendi,https://cdn.shopify.com/s/files/1/0912/9351/6071/files/20230715_a1689360639272_6041_jpg_7a617afe-5f0a-474e-bb7c-1801cf57caff.jpg?v=1759823532|https://cdn.shopify.com/s/files/1/0912/9351/6071/files/20230715_a1689360639498_5035_jpg_0205e8a5-9abc-454c-b045-b2736d32c637.jpg?v=1759823532|https://cdn.shopify.com/s/files/1/0912/9351/6071/files/20230715_a1689360639683_4060_jpg_bc973ae8-c379-4be4-b1ce-b2625cd1e322.jpg?v=1759823532|https://cdn.shopify.com/s/files/1/0912/9351/6071/files/20230715_a1689360639907_5331_jpg_549d431a-8c79-4a72-bc3f-74123162452e.jpg?v=1759823532|https://cdn.shopify.com/s/files/1/0912/9351/6071/files/20230715_a1689360640917_2758_jpg_97c40809-892a-4340-9527-215408f81f50.jpg?v=1759823532|https://cdn.shopify.com/s/files/1/0912/9351/6071/files/20230715_a1689360640681_2356_jpg_08611157-b434-4fd7-bf86-3cbd228a0fc1.jpg?v=1759823532|https://cdn.shopify.com/s/files/1/0912/9351/6071/files/20230715_a1689360640134_3152_jpg_2d422716-1a27-4261-a8d2-35981d0e7778.jpg?v=1759823532|https://cdn.shopify.com/s/files/1/0912/9351/6071/files/20230715_a1689360641091_1106_jpg_58f8a4b1-d284-4730-b363-bddc8d1e9027.jpg?v=1759823532|https://cdn.shopify.com/s/files/1/0912/9351/6071/files/20230715_a1689360640366_0318_jpg_7f9481e6-90a1-48fa-8d06-f263955102d9.jpg?v=1759823532,Hi I want FENDI CHUNKY HIGH-HEELED SANDAL IN ORANGE RED CALFKIN WITH GOLD HARDWARE,
FENDI CHUNKY HIGH-HEELED SANDAL IN BLACK CALFKIN WITH GOLD HARDWARE,https://cdn.shopify.com/s/files/1/0912/9351/6071/files/20230715_a1689360661225_8438_jpg_945d00fe-78c9-4406-b56b-1ba939865605.jpg?v=1759823534,footwear,fendi,https://cdn.shopify.com/s/files/1/0912/9351/6071/files/20230715_a1689360661225_8438_jpg_945d00fe-78c9-4406-b56b-1ba939865605.jpg?v=1759823534|https://cdn.shopify.com/s/files/1/0912/9351/6071/files/20230715_a1689360661466_3272_jpg_ffa1f983-f341-4421-afb1-1d6e208bd3de.jpg?v=1759823534|https://cdn.shopify.com/s/files/1/0912/9351/6071/files/20230715_a1689360661662_3467_jpg_fff763d2-a097-49f9-88cd-98345f0733c3.jpg?v=1759823534|https://cdn.shopify.com/s/files/1/0912/9351/6071/files/20230715_a1689360661866_4248_jpg_cee1eaa2-5314-4bbd-9bc2-59483ef37307.jpg?v=1759823534|https://cdn.shopify.com/s/files/1/0912/9351/6071/files/20230715_a1689360662692_1176_jpg_7685e500-062a-40ae-9020-8b60a0912bbc.jpg?v=1759823534|https://cdn.shopify.com/s/files/1/0912/9351/6071/files/20230715_a1689360662560_7444_jpg_43db198c-c46d-489d-bed1-5da5e1475826.jpg?v=1759823534|https://cdn.shopify.com/s/files/1/0912/9351/6071/files/20230715_a1689360662299_0707_jpg_28448d47-8199-45a4-a22c-56e8dc0f219a.jpg?v=1759823534|https://cdn.shopify.com/s/files/1/0912/9351/6071/files/20230715_a1689360662866_2728_jpg_f0d0ebb5-9e89-458e-b546-a86a6fa84849.jpg?v=1759823534|https://cdn.shopify.com/s/files/1/0912/9351/6071/files/20230715_a1689360662066_6710_jpg_7f1ddc7b-43ce-43e9-9ef4-0b012a4f1936.jpg?v=1759823534,Hi I want FENDI CHUNKY HIGH-HEELED SANDAL IN BLACK CALFKIN WITH GOLD HARDWARE,
FENDI DAD SANDAL IN MAGENTA PURPLE FLEECE,https://cdn.shopify.com/s/files/1/0912/9351/6071/files/20220915_a1663237190159_8738_jpg_ea3779b9-6ed1-4675-8c3e-1ccdf28700e9.jpg?v=1759823540,footwear,fendi,https://cdn.shopify.com/s/files/1/0912/9351/6071/files/20220915_a1663237190159_8738_jpg_ea3779b9-6ed1-4675-8c3e-1ccdf28700e9.jpg?v=1759823540|https://cdn.shopify.com/s/files/1/0912/9351/6071/files/20220915_a1663237190014_2440_jpg_b413b0d3-d814-484e-8742-1ba1d4d51749.jpg?v=1759823540|https://cdn.shopify.com/s/files/1/0912/9351/6071/files/20220915_a1663237190354_6310_jpg_084a8e2b-e70d-4701-a9e4-161ecaf15c4a.jpg?v=1759823541|https://cdn.shopify.com/s/files/1/0912/9351/6071/files/20220915_a1663237190259_8255_jpg_cf494d3f-31d6-4789-af7c-eae1b8259fa6.jpg?v=1759823540|https://cdn.shopify.com/s/files/1/0912/9351/6071/files/20220915_a1663237190479_7042_jpg_69ee8019-07db-4232-ab3a-348463a8c417.jpg?v=1759823540|https://cdn.shopify.com/s/files/1/0912/9351/6071/files/20220915_a1663237190677_5754_jpg_6eb62e48-fe4b-420b-a0f9-d02490c878f4.jpg?v=1759823540|https://cdn.shopify.com/s/files/1/0912/9351/6071/files/20220915_a1663237190576_4734_jpg_9a228a6b-02b5-4f9f-8532-72499148da9d.jpg?v=1759823540|https://cdn.shopify.com/s/files/1/0912/9351/6071/files/20220915_a1663237190779_0546_jpg_786a51e7-cc78-4eb4-aa5d-86816f8dbdee.jpg?v=1759823540|https://cdn.shopify.com/s/files/1/0912/9351/6071/files/20220915_a1663237190944_5201_jpg_b10c4f5a-1d93-44fa-9173-858fda6b722c.jpg?v=1759823540,Hi I want FENDI DAD SANDAL IN MAGENTA PURPLE FLEECE,
FENDI DAD SANDAL IN BLACK MIX CINNAMON BROWN FLEECE,https://cdn.shopify.com/s/files/1/0912/9351/6071/files/20220915_a1663237153931_0642_jpg_4c2a5621-a203-4712-aab2-bbc48ceadb84.jpg?v=1759823542,footwear,fendi,https://cdn.shopify.com/s/files/1/0912/9351/6071/files/20220915_a1663237153931_0642_jpg_4c2a5621-a203-4712-aab2-bbc48ceadb84.jpg?v=1759823542|https://cdn.shopify.com/s/files/1/0912/9351/6071/files/20220915_a1663237153677_1684_jpg_e80877e0-805d-4716-88dc-410ab8415764.jpg?v=1759823542|https://cdn.shopify.com/s/files/1/0912/9351/6071/files/20220915_a1663237153812_6011_jpg_9797cd88-8a85-4776-9bfe-9cbc6b0dc6f8.jpg?v=1759823542|https://cdn.shopify.com/s/files/1/0912/9351/6071/files/20220915_a1663237154037_7304_jpg_fd65100b-160c-4aac-b88c-939be1daff08.jpg?v=1759823542|https://cdn.shopify.com/s/files/1/0912/9351/6071/files/20220915_a1663237154131_5310_jpg_17cbc0a5-9020-4f2b-9f0f-da5eef477302.jpg?v=1759823542|https://cdn.shopify.com/s/files/1/0912/9351/6071/files/20220915_a1663237154252_7234_jpg_04610ff1-3665-4196-b939-54fd3ca8649d.jpg?v=1759823542|https://cdn.shopify.com/s/files/1/0912/9351/6071/files/20220915_a1663237154193_0278_jpg_212b86ba-ed23-472d-b1b2-2602f2b046d9.jpg?v=1759823542|https://cdn.shopify.com/s/files/1/0912/9351/6071/files/20220915_a1663237154350_0867_jpg_3a668edb-44a2-4640-b40e-e5580f62e155.jpg?v=1759823542|https://cdn.shopify.com/s/files/1/0912/9351/6071/files/20220915_a1663237154450_8172_jpg_e920ad7c-1d70-4059-8293-ee0c10d9ada4.jpg?v=1759823542,Hi I want FENDI DAD SANDAL IN BLACK MIX CINNAMON BROWN FLEECE,
FENDI DAD SANDAL IN PASSION RED FLEECE,https://cdn.shopify.com/s/files/1/0912/9351/6071/files/20220915_a1663237223819_1330_jpg_d2cba917-d050-404f-8b3e-7d1f010deb51.jpg?v=1759823544,footwear,fendi,https://cdn.shopify.com/s/files/1/0912/9351/6071/files/20220915_a1663237223819_1330_jpg_d2cba917-d050-404f-8b3e-7d1f010deb51.jpg?v=1759823544|https://cdn.shopify.com/s/files/1/0912/9351/6071/files/20220915_a1663237223686_2815_jpg_54b8cccd-a7ef-4487-a338-ae26e2851d72.jpg?v=1759823544|https://cdn.shopify.com/s/files/1/0912/9351/6071/files/20220915_a1663237223920_1011_jpg_c13a85be-04f0-423c-89b8-e28113ea0567.jpg?v=1759823544|https://cdn.shopify.com/s/files/1/0912/9351/6071/files/20220915_a1663237224020_7254_jpg_2b218ff7-0797-486f-ae2c-a793bd720e9b.jpg?v=1759823544|https://cdn.shopify.com/s/files/1/0912/9351/6071/files/20220915_a1663237224119_1138_jpg_a7aab7dd-85f6-498f-9f8a-90bd4ca0f720.jpg?v=1759823544|https://cdn.shopify.com/s/files/1/0912/9351/6071/files/20220915_a1663237224187_8502_jpg_caa764a1-eb94-41cf-985e-aaca9260a7f6.jpg?v=1759823544|https://cdn.shopify.com/s/files/1/0912/9351/6071/files/20220915_a1663237224294_0175_jpg_bed30ff3-a60f-4526-a894-4e01b8b93484.jpg?v=1759823544|https://cdn.shopify.com/s/files/1/0912/9351/6071/files/20220915_a1663237224387_4500_jpg_60308baa-5067-4894-a911-8cd9360c087a.jpg?v=1759823544|https://cdn.shopify.com/s/files/1/0912/9351/6071/files/20220915_a1663237224488_2258_jpg_e9a0518d-b283-4dc7-ae59-15199d16d560.jpg?v=1759823544,Hi I want FENDI DAD SANDAL IN PASSION RED FLEECE,
FENDI DAD SANDAL IN MOCHA BROWN FLEECE,https://cdn.shopify.com/s/files/1/0912/9351/6071/files/20220915_a1663237262794_0224_jpg_f24f89bd-18f8-4259-96ea-119794790c7f.jpg?v=1759823546,footwear,fendi,https://cdn.shopify.com/s/files/1/0912/9351/6071/files/20220915_a1663237262794_0224_jpg_f24f89bd-18f8-4259-96ea-119794790c7f.jpg?v=1759823546|https://cdn.shopify.com/s/files/1/0912/9351/6071/files/20220915_a1663237262537_5046_jpg_87b760ad-7baa-4004-93cc-31829a8c1487.jpg?v=1759823546|https://cdn.shopify.com/s/files/1/0912/9351/6071/files/20220915_a1663237262694_8880_jpg_be31ccb1-ee7d-4b40-adbc-9233b8719ab9.jpg?v=1759823546|https://cdn.shopify.com/s/files/1/0912/9351/6071/files/20220915_a1663237262901_3364_jpg_82e7c66b-8792-44c5-872c-8cfb75766d09.jpg?v=1759823546|https://cdn.shopify.com/s/files/1/0912/9351/6071/files/20220915_a1663237262998_8072_jpg_4ab3ac54-e66f-44af-9388-1bd5804dc0d8.jpg?v=1759823546|https://cdn.shopify.com/s/files/1/0912/9351/6071/files/20220915_a1663237263111_3885_jpg_aeb2f13f-ba55-41ff-b167-585a7974610c.jpg?v=1759823546|https://cdn.shopify.com/s/files/1/0912/9351/6071/files/20220915_a1663237263214_7706_jpg_4e6fdbee-90a0-4e74-9770-7d539c8bc683.jpg?v=1759823546|https://cdn.shopify.com/s/files/1/0912/9351/6071/files/20220915_a1663237263311_0530_jpg_ef82165a-7b8e-4eca-9da0-8caa9fed4fb4.jpg?v=1759823546|https://cdn.shopify.com/s/files/1/0912/9351/6071/files/20220915_a1663237263412_2030_jpg_94b5bc59-afac-4f93-91db-fd2d87d5aff1.jpg?v=1759823546,Hi I want FENDI DAD SANDAL IN MOCHA BROWN FLEECE,
FENDI DAD SANDAL IN HAZELNUT BEIGE FLEECE,https://cdn.shopify.com/s/files/1/0912/9351/6071/files/20220915_a1663237309151_6240_jpg_f1671e19-25ff-45b5-9f4c-22236a38ba67.jpg?v=1759823548,footwear,fendi,https://cdn.shopify.com/s/files/1/0912/9351/6071/files/20220915_a1663237309151_6240_jpg_f1671e19-25ff-45b5-9f4c-22236a38ba67.jpg?v=1759823548|https://cdn.shopify.com/s/files/1/0912/9351/6071/files/20220915_a1663237308909_4057_jpg_84909c12-1551-448c-9c5e-33d06ad7f0ea.jpg?v=1759823549|https://cdn.shopify.com/s/files/1/0912/9351/6071/files/20220915_a1663237309051_2724_jpg_1db6e6e9-0780-4a60-bf9e-58bae7fb119b.jpg?v=1759823548|https://cdn.shopify.com/s/files/1/0912/9351/6071/files/20220915_a1663237309268_8102_jpg_281c96ab-b058-4155-bf2f-ac7e3da9fa33.jpg?v=1759823548|https://cdn.shopify.com/s/files/1/0912/9351/6071/files/20220915_a1663237309370_7831_jpg_f6f44262-7bfc-4d40-ab0f-4a2df8527aab.jpg?v=1759823548|https://cdn.shopify.com/s/files/1/0912/9351/6071/files/20220915_a1663237309586_4853_jpg_afdc377d-4534-4e0d-a17a-a468d58a3054.jpg?v=1759823548|https://cdn.shopify.com/s/files/1/0912/9351/6071/files/20220915_a1663237309501_1577_jpg_8e40a450-94e6-4a5e-b6ce-e060601b5c34.jpg?v=1759823548|https://cdn.shopify.com/s/files/1/0912/9351/6071/files/20220915_a1663237309670_3156_jpg_b7778611-37d9-44c1-834d-c024185f4fa3.jpg?v=1759823548|https://cdn.shopify.com/s/files/1/0912/9351/6071/files/20220915_a1663237309808_7577_jpg_cefc1381-4419-4110-b264-48630700ec17.jpg?v=1759823548,Hi I want FENDI DAD SANDAL IN HAZELNUT BEIGE FLEECE,
FENDI DAD SANDAL MULE IN BLACK SUEDE WITH FLEECE WITH GOLD HARDWARE,https://cdn.shopify.com/s/files/1/0912/9351/6071/files/20220907_a1662550063790_8060_jpg_a23d91ae-b50e-484e-b058-f798b6773404.jpg?v=1759823550,footwear,fendi,https://cdn.shopify.com/s/files/1/0912/9351/6071/files/20220907_a1662550063790_8060_jpg_a23d91ae-b50e-484e-b058-f798b6773404.jpg?v=1759823550|https://cdn.shopify.com/s/files/1/0912/9351/6071/files/20220907_a1662550064093_8253_jpg_fee4b9a6-be8a-4fc9-abc0-a015c22bfe79.jpg?v=1759823550|https://cdn.shopify.com/s/files/1/0912/9351/6071/files/20220907_a1662550063620_4284_jpg_947e078f-b77c-4d66-9027-3cb7ec2ff510.jpg?v=1759823550|https://cdn.shopify.com/s/files/1/0912/9351/6071/files/20220907_a1662550063900_8475_jpg_99f73762-dd3f-4186-ae9c-1c573c36f95a.jpg?v=1759823550|https://cdn.shopify.com/s/files/1/0912/9351/6071/files/20220907_a1662550064010_3527_jpg_c73082a9-82d8-4423-a328-29b4b47898f5.jpg?v=1759823550|https://cdn.shopify.com/s/files/1/0912/9351/6071/files/20220907_a1662550063527_3587_jpg_7e9cec57-dca8-4bb2-a3ab-a4747eec86a9.jpg?v=1759823550|https://cdn.shopify.com/s/files/1/0912/9351/6071/files/20220907_a1662550064175_1050_jpg_3e29cae1-6496-4a1e-8c9c-19ddd8c455e9.jpg?v=1759823550|https://cdn.shopify.com/s/files/1/0912/9351/6071/files/20220907_a1662550064258_4526_jpg_0cf8628e-d825-48fe-afde-4ccf2997f229.jpg?v=1759823550|https://cdn.shopify.com/s/files/1/0912/9351/6071/files/20220907_a1662550064374_7633_jpg_1d054ae2-09d6-4247-b282-820402559785.jpg?v=1759823550,Hi I want FENDI DAD SANDAL MULE IN BLACK SUEDE WITH FLEECE WITH GOLD HARDWARE,
FENDI DAD SANDAL MULE IN BRONZE BROWN SUEDE WITH WHITE FLEECE,https://cdn.shopify.com/s/files/1/0912/9351/6071/files/20220907_a1662550148015_8768_jpg_4d99f88d-c374-49c8-b2b9-29d47b39bb7f.jpg?v=1759823552,footwear,fendi,https://cdn.shopify.com/s/files/1/0912/9351/6071/files/20220907_a1662550148015_8768_jpg_4d99f88d-c374-49c8-b2b9-29d47b39bb7f.jpg?v=1759823552|https://cdn.shopify.com/s/files/1/0912/9351/6071/files/20220907_a1662550148125_2660_jpg_6fef8c91-8158-418c-8e79-3367c29fc97e.jpg?v=1759823554|https://cdn.shopify.com/s/files/1/0912/9351/6071/files/20220907_a1662550147900_6841_jpg_1b2dd5ad-632d-4711-acec-7a1e2c920b03.jpg?v=1759823552|https://cdn.shopify.com/s/files/1/0912/9351/6071/files/20220907_a1662550147807_4838_jpg_9d2abe4f-c49a-4513-bedf-b0d16f35efc3.jpg?v=1759823553|https://cdn.shopify.com/s/files/1/0912/9351/6071/files/20220907_a1662550147660_6658_jpg_3350e6d9-48cf-4440-ab53-9744de5288f2.jpg?v=1759823552|https://cdn.shopify.com/s/files/1/0912/9351/6071/files/20220907_a1662550148226_1061_jpg_ae1998b4-85d1-46f8-835a-0ea3d1eeddb8.jpg?v=1759823552|https://cdn.shopify.com/s/files/1/0912/9351/6071/files/20220907_a1662550148360_4833_jpg_8a6b3b3d-fdaa-4719-ae27-eaf4d8c96dd4.jpg?v=1759823553|https://cdn.shopify.com/s/files/1/0912/9351/6071/files/20220907_a1662550148476_7311_jpg_4bf97e75-6ed2-4977-8b07-085d148001b1.jpg?v=1759823553|https://cdn.shopify.com/s/files/1/0912/9351/6071/files/20220907_a1662550148582_0533_jpg_de21b13a-a471-4865-8d26-a829f180ab16.jpg?v=1759823552,Hi I want FENDI DAD SANDAL MULE IN BRONZE BROWN SUEDE WITH WHITE FLEECE,
FENDI DAD SANDAL MULE IN BROWN MONOGRAM FF CANVAS WITH WHITE FLEECE,https://cdn.shopify.com/s/files/1/0912/9351/6071/files/20220907_a1662550250331_4860_jpg_1d87e993-f469-4ebf-8fec-20b79a896ec0.jpg?v=1759823554,footwear,fendi,https://cdn.shopify.com/s/files/1/0912/9351/6071/files/20220907_a1662550250331_4860_jpg_1d87e993-f469-4ebf-8fec-20b79a896ec0.jpg?v=1759823554|https://cdn.shopify.com/s/files/1/0912/9351/6071/files/20220907_a1662550250221_7610_jpg_c9954288-e18b-4190-b48a-2f25e301354e.jpg?v=1759823555|https://cdn.shopify.com/s/files/1/0912/9351/6071/files/20220907_a1662550250052_2541_jpg_9279624f-c251-4428-b1cb-08d310dde8d0.jpg?v=1759823555|https://cdn.shopify.com/s/files/1/0912/9351/6071/files/20220907_a1662550250538_2164_jpg_c7136908-667a-4153-8592-038c83d60167.jpg?v=1759823555|https://cdn.shopify.com/s/files/1/0912/9351/6071/files/20220907_a1662550250448_0276_jpg_9bfa1ec7-d738-4493-9eda-9824be575f25.jpg?v=1759823555|https://cdn.shopify.com/s/files/1/0912/9351/6071/files/20220907_a1662550250648_8268_jpg_de07eae8-6e4b-4ec3-882e-b21f1a597b8c.jpg?v=1759823555|https://cdn.shopify.com/s/files/1/0912/9351/6071/files/20220907_a1662550250748_5538_jpg_1031bbf9-3d3f-484f-9479-6815d4b6d6d0.jpg?v=1759823555|https://cdn.shopify.com/s/files/1/0912/9351/6071/files/20220907_a1662550250965_1572_jpg_b109d538-1db3-47e3-898c-33fb5e47be79.jpg?v=1759823554|https://cdn.shopify.com/s/files/1/0912/9351/6071/files/20220907_a1662550250865_8200_jpg_80467488-0a2c-4a92-880a-54e8da28257d.jpg?v=1759823555,Hi I want FENDI DAD SANDAL MULE IN BROWN MONOGRAM FF CANVAS WITH WHITE FLEECE,
FENDI MARTIN BOOTS IN BLACK CALFSKIN AND FUR,https://cdn.shopify.com/s/files/1/0912/9351/6071/files/20230827_a1693117481600_8853_jpg_6cdf24c7-2907-49c9-86c0-bff645f8d82a.jpg?v=1759823559,footwear,fendi,https://cdn.shopify.com/s/files/1/0912/9351/6071/files/20230827_a1693117481600_8853_jpg_6cdf24c7-2907-49c9-86c0-bff645f8d82a.jpg?v=1759823559|https://cdn.shopify.com/s/files/1/0912/9351/6071/files/20230827_a1693117481301_3352_jpg_eac88aa3-827a-4cbd-a307-ed757967980f.jpg?v=1759823559|https://cdn.shopify.com/s/files/1/0912/9351/6071/files/20230827_a1693117481869_8746_jpg_ee2eb7da-ac02-472f-bca4-dba28d338b99.jpg?v=1759823559|https://cdn.shopify.com/s/files/1/0912/9351/6071/files/20230827_a1693117480748_1712_jpg_eda1e993-7692-4a83-80b9-4b673f476a3f.jpg?v=1759823559|https://cdn.shopify.com/s/files/1/0912/9351/6071/files/20230827_a1693117479884_6136_jpg_a4bec2bd-875a-4318-928e-fda9838f4dd9.jpg?v=1759823559|https://cdn.shopify.com/s/files/1/0912/9351/6071/files/20230827_a1693117480480_5041_jpg_740e8277-68a6-4876-98f8-086c3699ea87.jpg?v=1759823559|https://cdn.shopify.com/s/files/1/0912/9351/6071/files/20230827_a1693117480199_2465_jpg_b8dc51c8-1555-4403-a28b-57f2c564cf3c.jpg?v=1759823559|https://cdn.shopify.com/s/files/1/0912/9351/6071/files/20230827_a1693117481015_4356_jpg_78bc19bb-909e-4971-9415-b6d646059a22.jpg?v=1759823559|https://cdn.shopify.com/s/files/1/0912/9351/6071/files/20230827_a1693117482155_1304_jpg_b21f4b13-8ed0-48a2-be62-9aaaa9901c41.jpg?v=1759823559,Hi I want FENDI MARTIN BOOTS IN BLACK CALFSKIN AND FUR,
FENDI DELFINA HIGH-HEELED 85 MM SANDAL IN BROWN MONOGRAM FF CANVAS,https://cdn.shopify.com/s/files/1/0912/9351/6071/files/20230903_i1693724875_3750_0_jpg_87e87736-44fb-48cd-9311-b00fbdd85dac.jpg?v=1759823576,footwear,fendi,https://cdn.shopify.com/s/files/1/0912/9351/6071/files/20230903_i1693724875_3750_0_jpg_87e87736-44fb-48cd-9311-b00fbdd85dac.jpg?v=1759823576|https://cdn.shopify.com/s/files/1/0912/9351/6071/files/20230903_i1693724875_3790_4_jpg_90844cfe-6fce-4412-aea6-c1c329c69caa.jpg?v=1759823576|https://cdn.shopify.com/s/files/1/0912/9351/6071/files/20230903_i1693724875_5456_1_jpg_26002cb8-a020-4e97-bcc8-1eb2216defc8.jpg?v=1759823576|https://cdn.shopify.com/s/files/1/0912/9351/6071/files/20230903_i1693724875_5510_3_jpg_9b09907b-cb35-43f4-9cd1-68fa46785c07.jpg?v=1759823576|https://cdn.shopify.com/s/files/1/0912/9351/6071/files/20230903_i1693724875_5689_2_jpg_00de163d-de5c-4777-9c2b-e201156c12f1.jpg?v=1759823576|https://cdn.shopify.com/s/files/1/0912/9351/6071/files/20230903_i1693724875_7411_8_jpg_daa149e0-194c-4710-b6a8-7fb3ffa3fd59.jpg?v=1759823576|https://cdn.shopify.com/s/files/1/0912/9351/6071/files/20230903_i1693724875_9555_6_jpg_e1489814-b4ca-435e-8526-4666a57c305c.jpg?v=1759823576|https://cdn.shopify.com/s/files/1/0912/9351/6071/files/20230903_i1693724875_6839_5_jpg_0a013b5c-cca6-496c-8239-3735e583d209.jpg?v=1759823576|https://cdn.shopify.com/s/files/1/0912/9351/6071/files/20230903_i1693724875_3353_7_jpg_6333ec83-becb-4c14-8583-3a230aed67a9.jpg?v=1759823576,Hi I want FENDI DELFINA HIGH-HEELED 85 MM SANDAL IN BROWN MONOGRAM FF CANVAS,
FENDI DELFINA HIGH-HEELED 85 MM SANDAL IN WHITE LAMBSKIN,https://cdn.shopify.com/s/files/1/0912/9351/6071/files/20230903_i1693724602_4676_4_jpg_031493c6-1a8d-44ca-a7d7-03efc17b5563.jpg?v=1759823578,footwear,fendi,https://cdn.shopify.com/s/files/1/0912/9351/6071/files/20230903_i1693724602_4676_4_jpg_031493c6-1a8d-44ca-a7d7-03efc17b5563.jpg?v=1759823578|https://cdn.shopify.com/s/files/1/0912/9351/6071/files/20230903_i1693724602_4381_1_jpg_0adda125-9d25-41a2-b13c-f7069be91a22.jpg?v=1759823578|https://cdn.shopify.com/s/files/1/0912/9351/6071/files/20230903_i1693724602_5715_0_jpg_6ce8a359-d4b3-4ff1-ad19-f724bf4840bf.jpg?v=1759823578|https://cdn.shopify.com/s/files/1/0912/9351/6071/files/20230903_i1693724602_5764_3_jpg_a9cd3067-0487-4764-bfe2-0def123f9f0a.jpg?v=1759823578|https://cdn.shopify.com/s/files/1/0912/9351/6071/files/20230903_i1693724602_6459_5_jpg_cf844f5e-23d9-4b73-b8c6-112a43eed6bf.jpg?v=1759823578|https://cdn.shopify.com/s/files/1/0912/9351/6071/files/20230903_i1693724602_6174_2_jpg_7c5d4f66-753a-470f-b726-690ff32f8467.jpg?v=1759823578|https://cdn.shopify.com/s/files/1/0912/9351/6071/files/20230903_i1693724602_7555_8_jpg_3f756b14-0fe1-4190-a2d9-259e9f6a2637.jpg?v=1759823578|https://cdn.shopify.com/s/files/1/0912/9351/6071/files/20230903_i1693724602_6109_6_jpg_aad42464-e2ef-4356-b512-da2e4bca1ab4.jpg?v=1759823578|https://cdn.shopify.com/s/files/1/0912/9351/6071/files/20230903_i1693724602_2542_7_jpg_0b0ba48d-f6f5-4dfc-9591-daa023145376.jpg?v=1759823578,Hi I want FENDI DELFINA HIGH-HEELED 85 MM SANDAL IN WHITE LAMBSKIN,
FENDI DELFINA HIGH-HEELED 85 MM SANDAL IN BLACK LAMBSKIN,https://cdn.shopify.com/s/files/1/0912/9351/6071/files/20230903_i1693724833_5700_0_jpg_0a64a9ff-12de-4c28-b08c-3c9196e9dbc8.jpg?v=1759823580,footwear,fendi,https://cdn.shopify.com/s/files/1/0912/9351/6071/files/20230903_i1693724833_5700_0_jpg_0a64a9ff-12de-4c28-b08c-3c9196e9dbc8.jpg?v=1759823580|https://cdn.shopify.com/s/files/1/0912/9351/6071/files/20230903_i1693724833_8717_3_jpg_123afc45-d367-49b6-8dad-392bdb2a70b6.jpg?v=1759823580|https://cdn.shopify.com/s/files/1/0912/9351/6071/files/20230903_i1693724833_4450_2_jpg_40a3ddec-84ec-4cb5-9b7a-caa0af9e8860.jpg?v=1759823580|https://cdn.shopify.com/s/files/1/0912/9351/6071/files/20230903_i1693724833_8037_4_jpg_6aa466fa-250d-49ec-9481-58aaeb4d2a91.jpg?v=1759823580|https://cdn.shopify.com/s/files/1/0912/9351/6071/files/20230903_i1693724833_3482_1_jpg.jpg?v=1759823581|https://cdn.shopify.com/s/files/1/0912/9351/6071/files/20230903_i1693724833_2036_6_jpg_a0173839-aafa-462d-b642-48b69558fa89.jpg?v=1759823580|https://cdn.shopify.com/s/files/1/0912/9351/6071/files/20230903_i1693724833_3869_8_jpg_276c7b36-e49e-4cf3-806a-daf8cbd6d95b.jpg?v=1759823580|https://cdn.shopify.com/s/files/1/0912/9351/6071/files/20230903_i1693724833_3632_5_jpg_c7851d9d-13f4-46e8-abd2-ebd133e2cd56.jpg?v=1759823581|https://cdn.shopify.com/s/files/1/0912/9351/6071/files/20230903_i1693724833_2540_7_jpg_c656cb3b-962e-492f-a8ea-55c2cb013b23.jpg?v=1759823580,Hi I want FENDI DELFINA HIGH-HEELED 85 MM SANDAL IN BLACK LAMBSKIN,
FENDI DELFINA HIGH-HEELED 85 MM SANDAL IN BEIGE LAMBSKIN,https://cdn.shopify.com/s/files/1/0912/9351/6071/files/20230903_i1693724900_1197_1_jpg_8cf315ae-439f-4e24-9247-9bf81a9d58f8.jpg?v=1759823583,footwear,fendi,https://cdn.shopify.com/s/files/1/0912/9351/6071/files/20230903_i1693724900_1197_1_jpg_8cf315ae-439f-4e24-9247-9bf81a9d58f8.jpg?v=1759823583|https://cdn.shopify.com/s/files/1/0912/9351/6071/files/20230903_i1693724900_6742_4_jpg_44c7d738-3107-4016-92f3-c0c1dc9b327a.jpg?v=1759823583|https://cdn.shopify.com/s/files/1/0912/9351/6071/files/20230903_i1693724900_8720_0_jpg_22eb6d50-1179-495c-8264-1e38d16ac74c.jpg?v=1759823583|https://cdn.shopify.com/s/files/1/0912/9351/6071/files/20230903_i1693724900_5557_2_jpg_554d4641-0a3f-4b79-87c6-0315f9b5bc10.jpg?v=1759823583|https://cdn.shopify.com/s/files/1/0912/9351/6071/files/20230903_i1693724900_9465_3_jpg_3cb4ab7e-d8f0-44ee-b767-3a8925140a20.jpg?v=1759823583|https://cdn.shopify.com/s/files/1/0912/9351/6071/files/20230903_i1693724900_1107_6_jpg_bcaa1009-85bd-43b1-8a1c-eef6d4724f30.jpg?v=1759823582|https://cdn.shopify.com/s/files/1/0912/9351/6071/files/20230903_i1693724900_7648_8_jpg_6689cc5e-7e17-4a8b-9a45-de642fa43e9c.jpg?v=1759823583|https://cdn.shopify.com/s/files/1/0912/9351/6071/files/20230903_i1693724900_2255_5_jpg_45ab8efa-a46d-4ea1-85fe-36297674c6a2.jpg?v=1759823583|https://cdn.shopify.com/s/files/1/0912/9351/6071/files/20230903_i1693724900_4699_7_jpg_ae5bfdaf-3ffa-4663-bcb9-3536b5e11349.jpg?v=1759823583,Hi I want FENDI DELFINA HIGH-HEELED 85 MM SANDAL IN BEIGE LAMBSKIN,
FENDI FILO BALLET IN BLACK LAMBSKIN WITH GOLD HARDWARE,https://cdn.shopify.com/s/files/1/0912/9351/6071/files/img_f4ddc389_20240406_a1712390694139_3466_jpg_5e1c119a-b8f1-43f0-b4b0-959e2b6eee06.jpg?v=1759823585,footwear,fendi,https://cdn.shopify.com/s/files/1/0912/9351/6071/files/img_f4ddc389_20240406_a1712390694139_3466_jpg_5e1c119a-b8f1-43f0-b4b0-959e2b6eee06.jpg?v=1759823585|https://cdn.shopify.com/s/files/1/0912/9351/6071/files/img_f4ddc389_20240406_a1712390693990_4385_jpg_196067a8-03d4-43d0-8630-6fc4bdb54dd5.jpg?v=1759823586|https://cdn.shopify.com/s/files/1/0912/9351/6071/files/img_f4ddc389_20240406_a1712390694372_1234_jpg_84101066-9e53-40ad-a115-bdf0912de3ca.jpg?v=1759823585|https://cdn.shopify.com/s/files/1/0912/9351/6071/files/img_f4ddc389_20240406_a1712390694427_4186_jpg_e4fe6123-289c-40d7-aa63-644404bfe78f.jpg?v=1759823585|https://cdn.shopify.com/s/files/1/0912/9351/6071/files/img_f4ddc389_20240406_a1712390694834_6558_jpg_12224cf0-83f1-4bfe-8def-f6f7f6f0ed85.jpg?v=1759823585|https://cdn.shopify.com/s/files/1/0912/9351/6071/files/img_f4ddc389_20240406_a1712390694861_1262_jpg_ec591450-b99e-44ab-975c-663057294fc1.jpg?v=1759823585,Hi I want FENDI FILO BALLET IN BLACK LAMBSKIN WITH GOLD HARDWARE,
FENDI FLIGHT SNEAKER IN UMBER BROWN SUEDE AND LAMBSKIN,https://cdn.shopify.com/s/files/1/0912/9351/6071/files/20240504_i1714812145_9091_2_jpg_0b097587-f419-4c15-8fcb-d640029f30fb.jpg?v=1759823596,footwear,fendi,https://cdn.shopify.com/s/files/1/0912/9351/6071/files/20240504_i1714812145_9091_2_jpg_0b097587-f419-4c15-8fcb-d640029f30fb.jpg?v=1759823596|https://cdn.shopify.com/s/files/1/0912/9351/6071/files/20240504_i1714812145_1660_1_jpg_84bce0d9-d3a7-47fd-bc3a-e2956f14d0da.jpg?v=1759823596|https://cdn.shopify.com/s/files/1/0912/9351/6071/files/20240504_i1714812145_3204_3_jpg_b314b84c-cff9-47ab-a8ec-273505d7d628.jpg?v=1759823596|https://cdn.shopify.com/s/files/1/0912/9351/6071/files/20240504_i1714812145_9334_0_jpg_40942b6a-fb5a-4958-b3b6-1b80db095775.jpg?v=1759823596|https://cdn.shopify.com/s/files/1/0912/9351/6071/files/20240504_i1714812145_4745_6_jpg_09fc087f-533b-424e-888d-75001738045f.jpg?v=1759823596|https://cdn.shopify.com/s/files/1/0912/9351/6071/files/20240504_i1714812145_7144_5_jpg_597d0460-81a5-46de-a47f-ff572167407e.jpg?v=1759823596|https://cdn.shopify.com/s/files/1/0912/9351/6071/files/20240504_i1714812145_3573_4_jpg_1f75ede6-2dd7-4939-b908-dd53139b073b.jpg?v=1759823596|https://cdn.shopify.com/s/files/1/0912/9351/6071/files/20240504_i1714812145_3247_8_jpg_a86d0208-0d87-4a29-85bd-2f887f8d02bf.jpg?v=1759823596|https://cdn.shopify.com/s/files/1/0912/9351/6071/files/20240504_i1714812145_6891_7_jpg_deb16230-4f67-451e-b1a0-85bd20a6cc5f.jpg?v=1759823596,Hi I want FENDI FLIGHT SNEAKER IN UMBER BROWN SUEDE AND LAMBSKIN,
FENDI GRAPHY LOGO LETTERING SLIDES IN BLACK LAMBSKIN WITH GOLD HARDWARE,https://cdn.shopify.com/s/files/1/0912/9351/6071/files/20220315_i1647356354_6001_4_jpg_70a83c0c-3a21-4792-9f83-b45917086b5e.jpg?v=1759823598,footwear,fendi,https://cdn.shopify.com/s/files/1/0912/9351/6071/files/20220315_i1647356354_6001_4_jpg_70a83c0c-3a21-4792-9f83-b45917086b5e.jpg?v=1759823598|https://cdn.shopify.com/s/files/1/0912/9351/6071/files/20220315_i1647356354_3397_1_jpg_5110988f-288f-4089-b59a-dc12fbda8b23.jpg?v=1759823598|https://cdn.shopify.com/s/files/1/0912/9351/6071/files/20220315_i1647356354_6579_2_jpg_65da4af7-5256-4898-838c-929d35ad28de.jpg?v=1759823598|https://cdn.shopify.com/s/files/1/0912/9351/6071/files/20220315_i1647356354_7377_6_jpg_7be3484c-8762-4d82-879f-16af7d0321c9.jpg?v=1759823598|https://cdn.shopify.com/s/files/1/0912/9351/6071/files/20220315_i1647356354_9120_0_jpg_41b6f93f-40a6-4064-8448-5e276ac30141.jpg?v=1759823599|https://cdn.shopify.com/s/files/1/0912/9351/6071/files/20220315_i1647356354_322_8_jpg_9f9612d7-c211-4f11-9cf3-2acb20afbcc7.jpg?v=1759823598|https://cdn.shopify.com/s/files/1/0912/9351/6071/files/20220315_i1647356354_941_5_jpg_ee0d83c9-9e91-4257-8ed7-4fc24f349ac6.jpg?v=1759823598|https://cdn.shopify.com/s/files/1/0912/9351/6071/files/20220315_i1647356354_1412_7_jpg_bf60de69-694a-4a97-a813-7d5e7f62f813.jpg?v=1759823598|https://cdn.shopify.com/s/files/1/0912/9351/6071/files/20220315_i1647356354_3893_3_jpg_01f60243-29af-46e5-a0b3-eda4d9f00533.jpg?v=1759823598,Hi I want FENDI GRAPHY LOGO LETTERING SLIDES IN BLACK LAMBSKIN WITH GOLD HARDWARE,
FENDI GRAPHY LOGO LETTERING SLIDES IN WHITE LAMBSKIN WITH GOLD HARDWARE,https://cdn.shopify.com/s/files/1/0912/9351/6071/files/20220315_i1647356401_8482_4_jpg_e10fa402-ab99-4f9c-a26c-3f02c143be47.jpg?v=1759823601,footwear,fendi,https://cdn.shopify.com/s/files/1/0912/9351/6071/files/20220315_i1647356401_8482_4_jpg_e10fa402-ab99-4f9c-a26c-3f02c143be47.jpg?v=1759823601|https://cdn.shopify.com/s/files/1/0912/9351/6071/files/20220315_i1647356401_4822_3_jpg_5efcffc7-0cfd-4ba8-b43e-1f3831b7e197.jpg?v=1759823600|https://cdn.shopify.com/s/files/1/0912/9351/6071/files/20220315_i1647356401_4797_7_jpg_94c30990-4bf7-4f33-b13a-beeeddee1650.jpg?v=1759823600|https://cdn.shopify.com/s/files/1/0912/9351/6071/files/20220315_i1647356401_1068_0_jpg_e5288482-1bb5-4b9b-a8ff-4a806e43c524.jpg?v=1759823600|https://cdn.shopify.com/s/files/1/0912/9351/6071/files/20220315_i1647356401_1572_6_jpg_5d316dd9-2252-4e16-9ef9-27e4e5f85e01.jpg?v=1759823600|https://cdn.shopify.com/s/files/1/0912/9351/6071/files/20220315_i1647356401_3201_1_jpg_8590fb92-9c55-4419-a241-9747bebaa438.jpg?v=1759823600|https://cdn.shopify.com/s/files/1/0912/9351/6071/files/20220315_i1647356401_3768_2_jpg_49fbd14d-3ddf-414b-9f53-ecc5a4f0d8f0.jpg?v=1759823600|https://cdn.shopify.com/s/files/1/0912/9351/6071/files/20220315_i1647356401_6195_5_jpg_4529b445-faa0-4981-bb4b-22f1ede098f5.jpg?v=1759823600|https://cdn.shopify.com/s/files/1/0912/9351/6071/files/20220315_i1647356401_8383_8_jpg_a33becd7-25e1-4852-99a8-a7d65a313b66.jpg?v=1759823600,Hi I want FENDI GRAPHY LOGO LETTERING SLIDES IN WHITE LAMBSKIN WITH GOLD HARDWARE,
FENDI GRAPHY LOGO LETTERING SLIDES IN BEIGE LAMBSKIN WITH GOLD HARDWARE,https://cdn.shopify.com/s/files/1/0912/9351/6071/files/20220315_i1647356427_3177_3_jpg_1561f2fe-6386-40f5-9d1d-ddd51c9c9129.jpg?v=1759823602,footwear,fendi,https://cdn.shopify.com/s/files/1/0912/9351/6071/files/20220315_i1647356427_3177_3_jpg_1561f2fe-6386-40f5-9d1d-ddd51c9c9129.jpg?v=1759823602|https://cdn.shopify.com/s/files/1/0912/9351/6071/files/20220315_i1647356427_3789_0_jpg_71234446-c744-4f20-9b11-3ab9ace64a70.jpg?v=1759823603|https://cdn.shopify.com/s/files/1/0912/9351/6071/files/20220315_i1647356427_4042_2_jpg_62bd0c36-6e1d-4a99-a887-463cde021b77.jpg?v=1759823602|https://cdn.shopify.com/s/files/1/0912/9351/6071/files/20220315_i1647356427_1125_1_jpg_17de7efd-6fc5-4f22-af53-541c16e68af4.jpg?v=1759823602|https://cdn.shopify.com/s/files/1/0912/9351/6071/files/20220315_i1647356427_1353_5_jpg_3de1b448-bde6-4522-ac76-3cb0a670a770.jpg?v=1759823603|https://cdn.shopify.com/s/files/1/0912/9351/6071/files/20220315_i1647356427_1666_6_jpg_9d24bc55-dea4-4f6b-b0c8-c6af65ad9613.jpg?v=1759823602|https://cdn.shopify.com/s/files/1/0912/9351/6071/files/20220315_i1647356427_2507_4_jpg_275451a8-e492-4136-b41b-af773081e835.jpg?v=1759823603|https://cdn.shopify.com/s/files/1/0912/9351/6071/files/20220315_i1647356427_8752_7_jpg_2bf82cfb-cf2c-4abf-b5c2-a765179732b9.jpg?v=1759823602|https://cdn.shopify.com/s/files/1/0912/9351/6071/files/20220315_i1647356427_7489_8_jpg_b46b7f98-1642-4894-a022-ab26a127f408.jpg?v=1759823604,Hi I want FENDI GRAPHY LOGO LETTERING SLIDES IN BEIGE LAMBSKIN WITH GOLD HARDWARE,
FF 5 BLUE DENIM CANVAS SLIDE,https://cdn.shopify.com/s/files/1/0912/9351/6071/files/img_8b84efe2_20240517_i1715937644_748_0_jpg_0d269648-e1ad-4817-b689-ed01e799aaa5.jpg?v=1759823607,footwear,fendi,https://cdn.shopify.com/s/files/1/0912/9351/6071/files/img_8b84efe2_20240517_i1715937644_748_0_jpg_0d269648-e1ad-4817-b689-ed01e799aaa5.jpg?v=1759823607|https://cdn.shopify.com/s/files/1/0912/9351/6071/files/img_8b84efe2_20240517_i1715937644_85_0_jpg_cfba68ec-d558-4185-a4b2-17c6db59e08d.jpg?v=1759823607|https://cdn.shopify.com/s/files/1/0912/9351/6071/files/img_8b84efe2_20240517_i1715937644_9589_0_jpg_407e7f93-0b63-47b0-93c8-5b3778c44842.jpg?v=1759823607|https://cdn.shopify.com/s/files/1/0912/9351/6071/files/img_8b84efe2_20240517_i1715937644_9686_0_jpg_83df85db-776d-406e-aec0-da48278a7404.jpg?v=1759823607|https://cdn.shopify.com/s/files/1/0912/9351/6071/files/img_8b84efe2_20240517_i1715937644_7425_0_jpg_c166ef0f-0e58-4755-bdb1-b23054fca726.jpg?v=1759823607|https://cdn.shopify.com/s/files/1/0912/9351/6071/files/img_8b84efe2_20240517_i1715937644_8825_0_jpg_37b5cd76-44b6-481c-8ce1-20abd072b153.jpg?v=1759823607|https://cdn.shopify.com/s/files/1/0912/9351/6071/files/img_8b84efe2_20240517_i1715937644_5856_0_jpg_710a8563-3002-4a34-ac68-ebae24b0bcd6.jpg?v=1759823607|https://cdn.shopify.com/s/files/1/0912/9351/6071/files/img_8b84efe2_20240517_i1715937644_2950_0_jpg_ec8ae7aa-76df-4c66-a419-d52b97e2a6c7.jpg?v=1759823607|https://cdn.shopify.com/s/files/1/0912/9351/6071/files/img_8b84efe2_20240517_i1715937644_7588_0_jpg_9875782b-b881-474b-a92e-d5ccb0b9e928.jpg?v=1759823607,Hi I want FF 5 BLUE DENIM CANVAS SLIDE,
FENDI ROMA SLIDE IN WHITE GRAINED CALFSKIN WITH LOGO,https://cdn.shopify.com/s/files/1/0912/9351/6071/files/img_9301c5e6_20240604_i1717503444_931_0_jpg_1afb4cc4-6958-447b-8f45-9c6472031ad2.jpg?v=1759823614,footwear,fendi,https://cdn.shopify.com/s/files/1/0912/9351/6071/files/img_9301c5e6_20240604_i1717503444_931_0_jpg_1afb4cc4-6958-447b-8f45-9c6472031ad2.jpg?v=1759823614|https://cdn.shopify.com/s/files/1/0912/9351/6071/files/img_9301c5e6_20240604_i1717503444_1315_3_jpg_eeeae6b0-5e94-43a0-8963-3876c2919e1f.jpg?v=1759823614|https://cdn.shopify.com/s/files/1/0912/9351/6071/files/img_9301c5e6_20240604_i1717503444_2056_8_jpg_d33f4959-c58e-4882-bcb6-83946dbfb46f.jpg?v=1759823613|https://cdn.shopify.com/s/files/1/0912/9351/6071/files/img_9301c5e6_20240604_i1717503444_3562_6_jpg_2466e9cf-92fd-43ea-a458-0f053b1479ff.jpg?v=1759823614|https://cdn.shopify.com/s/files/1/0912/9351/6071/files/img_9301c5e6_20240604_i1717503444_6907_2_jpg_31c03ad3-e855-4932-919d-a3972c6f2bba.jpg?v=1759823614|https://cdn.shopify.com/s/files/1/0912/9351/6071/files/img_9301c5e6_20240604_i1717503444_7913_7_jpg_c1f509b4-8980-4e10-a4b2-23d3e8529063.jpg?v=1759823614|https://cdn.shopify.com/s/files/1/0912/9351/6071/files/img_9301c5e6_20240604_i1717503444_9993_4_jpg_cf39fbfd-51ed-4789-bcb4-606145f35bd0.jpg?v=1759823614|https://cdn.shopify.com/s/files/1/0912/9351/6071/files/img_9301c5e6_20240604_i1717503444_8114_1_jpg_b868b1f2-c3cd-4658-b6a5-18c2ca10630a.jpg?v=1759823614|https://cdn.shopify.com/s/files/1/0912/9351/6071/files/img_9301c5e6_20240604_i1717503444_7008_5_jpg_173aae84-68dc-4d1f-86f2-03099ed6cc46.jpg?v=1759823614,Hi I want FENDI ROMA SLIDE IN WHITE GRAINED CALFSKIN WITH LOGO,
FENDI ROMA SLIDE IN SEAFOAM GREEN GRAINED CALFSKIN WITH RED LOGO,https://cdn.shopify.com/s/files/1/0912/9351/6071/files/img_9301c5e6_20240604_i1717504218_4869_1_jpg_4045e12c-8680-4ad7-b7b9-c5967127130c.jpg?v=1759823618,footwear,fendi,https://cdn.shopify.com/s/files/1/0912/9351/6071/files/img_9301c5e6_20240604_i1717504218_4869_1_jpg_4045e12c-8680-4ad7-b7b9-c5967127130c.jpg?v=1759823618|https://cdn.shopify.com/s/files/1/0912/9351/6071/files/img_9301c5e6_20240604_i1717504218_3958_2_jpg_77ac2866-e1af-46b7-a30a-314641b75850.jpg?v=1759823618|https://cdn.shopify.com/s/files/1/0912/9351/6071/files/img_9301c5e6_20240604_i1717504218_5_3_jpg_636a9b80-e860-498e-b96f-218f2bb0bed5.jpg?v=1759823618|https://cdn.shopify.com/s/files/1/0912/9351/6071/files/img_9301c5e6_20240604_i1717504218_8436_6_jpg_ee5594d3-2544-456b-adcc-e2096dcdde25.jpg?v=1759823618|https://cdn.shopify.com/s/files/1/0912/9351/6071/files/img_9301c5e6_20240604_i1717504218_4745_0_jpg_edd3ddd6-d343-4e15-8072-a6d8bf027753.jpg?v=1759823618|https://cdn.shopify.com/s/files/1/0912/9351/6071/files/img_9301c5e6_20240604_i1717504218_5963_5_jpg_c9dfabea-02d5-48c6-b78f-4c3dd04ae612.jpg?v=1759823618|https://cdn.shopify.com/s/files/1/0912/9351/6071/files/img_9301c5e6_20240604_i1717504218_8669_8_jpg_aafbc8e4-9ef6-4c5d-8466-d10a035fcb91.jpg?v=1759823619|https://cdn.shopify.com/s/files/1/0912/9351/6071/files/img_9301c5e6_20240604_i1717504218_8382_7_jpg_8d8984db-3906-483b-95de-aafdacaf0a0b.jpg?v=1759823618|https://cdn.shopify.com/s/files/1/0912/9351/6071/files/img_9301c5e6_20240604_i1717504218_8834_4_jpg_8b521eb0-4108-4012-9f5b-ca934840a3ac.jpg?v=1759823618,Hi I want FENDI ROMA SLIDE IN SEAFOAM GREEN GRAINED CALFSKIN WITH RED LOGO,
FENDI ROMA SLIDE IN BLACK GRAINED CALFSKIN WITH WHITE LOGO,https://cdn.shopify.com/s/files/1/0912/9351/6071/files/img_9301c5e6_20240604_i1717504242_3221_6_jpg_9f42114c-66db-4430-8b15-5cd462606a7d.jpg?v=1759823620,footwear,fendi,https://cdn.shopify.com/s/files/1/0912/9351/6071/files/img_9301c5e6_20240604_i1717504242_3221_6_jpg_9f42114c-66db-4430-8b15-5cd462606a7d.jpg?v=1759823620|https://cdn.shopify.com/s/files/1/0912/9351/6071/files/img_9301c5e6_20240604_i1717504242_5034_7_jpg_110177f4-c7ef-460d-9bbc-5fa66a3c668c.jpg?v=1759823620|https://cdn.shopify.com/s/files/1/0912/9351/6071/files/img_9301c5e6_20240604_i1717504242_598_8_jpg_8e03570f-a15c-4c6f-8e8b-3b8d5e9675cd.jpg?v=1759823620|https://cdn.shopify.com/s/files/1/0912/9351/6071/files/img_9301c5e6_20240604_i1717504242_3066_3_jpg_a74c9ef1-5b65-46c1-a5d3-c82e2c82bfcc.jpg?v=1759823620|https://cdn.shopify.com/s/files/1/0912/9351/6071/files/img_9301c5e6_20240604_i1717504242_6348_4_jpg_c102ca9c-4a97-4ee3-8974-dad4ad01d445.jpg?v=1759823620|https://cdn.shopify.com/s/files/1/0912/9351/6071/files/img_9301c5e6_20240604_i1717504242_5474_1_jpg_bc985326-919c-4598-8506-9738c8f05f85.jpg?v=1759823620|https://cdn.shopify.com/s/files/1/0912/9351/6071/files/img_9301c5e6_20240604_i1717504242_278_0_jpg_92c617ab-07ea-4563-9422-3cc643cbf013.jpg?v=1759823620|https://cdn.shopify.com/s/files/1/0912/9351/6071/files/img_9301c5e6_20240604_i1717504242_5446_2_jpg_e11d71e0-0b43-4332-9134-d843eb5d5a2b.jpg?v=1759823620|https://cdn.shopify.com/s/files/1/0912/9351/6071/files/img_9301c5e6_20240604_i1717504242_5152_5_jpg_9fe1f715-1819-4dac-8e2d-0d5b5726e2d3.jpg?v=1759823620,Hi I want FENDI ROMA SLIDE IN BLACK GRAINED CALFSKIN WITH WHITE LOGO,
FENDI TAG SNEAKER IN BLACK MESH AND RUBBER,https://cdn.shopify.com/s/files/1/0912/9351/6071/files/img_d6d3cd55_20240811_i1723370225_1085_8_jpg_20398c48-9e8e-4645-89c6-f367a12bc6d5.jpg?v=1759823622,footwear,fendi,https://cdn.shopify.com/s/files/1/0912/9351/6071/files/img_d6d3cd55_20240811_i1723370225_1085_8_jpg_20398c48-9e8e-4645-89c6-f367a12bc6d5.jpg?v=1759823622|https://cdn.shopify.com/s/files/1/0912/9351/6071/files/img_d6d3cd55_20240811_i1723370225_4391_7_jpg_0268a21d-0254-4899-b643-8aeec3a3f376.jpg?v=1759823622|https://cdn.shopify.com/s/files/1/0912/9351/6071/files/img_d6d3cd55_20240811_i1723370225_188_1_jpg_2d56d991-fd5d-4459-89ab-de7f1d8f3880.jpg?v=1759823622|https://cdn.shopify.com/s/files/1/0912/9351/6071/files/img_d6d3cd55_20240811_i1723370225_4390_2_jpg_5827d82e-0fe2-4ccf-8a85-47552ef4c56b.jpg?v=1759823622|https://cdn.shopify.com/s/files/1/0912/9351/6071/files/img_d6d3cd55_20240811_i1723370225_8301_4_jpg_a40c3455-078b-4dfd-a5ce-3bebf3a9d284.jpg?v=1759823622|https://cdn.shopify.com/s/files/1/0912/9351/6071/files/img_d6d3cd55_20240811_i1723370225_4460_0_jpg_14513e63-0381-4ac5-955c-a0fa8fcee775.jpg?v=1759823622|https://cdn.shopify.com/s/files/1/0912/9351/6071/files/img_d6d3cd55_20240811_i1723370225_3387_3_jpg_ca7ec46e-0fae-47dd-841a-137c0288415c.jpg?v=1759823622|https://cdn.shopify.com/s/files/1/0912/9351/6071/files/img_d6d3cd55_20240811_i1723370225_3469_6_jpg_fe8b68d6-6602-429b-8fc2-2fc2aefb50dc.jpg?v=1759823622|https://cdn.shopify.com/s/files/1/0912/9351/6071/files/img_d6d3cd55_20240811_i1723370225_8671_5_jpg_276edc94-876f-4ae5-8dc5-2deb7c394596.jpg?v=1759823623,Hi I want FENDI TAG SNEAKER IN BLACK MESH AND RUBBER,
FENDI TAG SNEAKER IN BLACK MIX BLUE MESH AND RUBBER,https://cdn.shopify.com/s/files/1/0912/9351/6071/files/img_d6d3cd55_20240811_i1723370352_6562_8_jpg_0d1df25b-0a57-4048-8e07-0a719d27a16d.jpg?v=1759823625,footwear,fendi,https://cdn.shopify.com/s/files/1/0912/9351/6071/files/img_d6d3cd55_20240811_i1723370352_6562_8_jpg_0d1df25b-0a57-4048-8e07-0a719d27a16d.jpg?v=1759823625|https://cdn.shopify.com/s/files/1/0912/9351/6071/files/img_d6d3cd55_20240811_i1723370352_6945_0_jpg_119cbb5b-efc1-41f1-ba5a-1a766f40db53.jpg?v=1759823624|https://cdn.shopify.com/s/files/1/0912/9351/6071/files/img_d6d3cd55_20240811_i1723370352_983_2_jpg_3d0cdafc-4f5b-404d-9cc8-f0a918c1ce27.jpg?v=1759823624|https://cdn.shopify.com/s/files/1/0912/9351/6071/files/img_d6d3cd55_20240811_i1723370352_9456_6_jpg_9269c884-49ce-490b-9b77-72faee0b6f5a.jpg?v=1759823625|https://cdn.shopify.com/s/files/1/0912/9351/6071/files/img_d6d3cd55_20240811_i1723370352_6618_1_jpg_80621ede-d663-4fdd-9d2c-50fb2cdd508a.jpg?v=1759823625|https://cdn.shopify.com/s/files/1/0912/9351/6071/files/img_d6d3cd55_20240811_i1723370352_4246_5_jpg_233fb148-a989-4b1f-b8b0-d691f26fa114.jpg?v=1759823624|https://cdn.shopify.com/s/files/1/0912/9351/6071/files/img_d6d3cd55_20240811_i1723370352_3225_3_jpg_e8013007-a800-4b3f-a13d-f44a188d6399.jpg?v=1759823624|https://cdn.shopify.com/s/files/1/0912/9351/6071/files/img_d6d3cd55_20240811_i1723370352_4060_7_jpg_74e0b7e0-75d3-4109-9ffe-b547eda513f4.jpg?v=1759823624|https://cdn.shopify.com/s/files/1/0912/9351/6071/files/img_d6d3cd55_20240811_i1723370352_1269_4_jpg_aa5c5b1a-01f3-4db6-8082-4ebbfc126397.jpg?v=1759823624,Hi I want FENDI TAG SNEAKER IN BLACK MIX BLUE MESH AND RUBBER,
FENDI TAG SNEAKER IN LIGHT GREY MESH AND RUBBER,https://cdn.shopify.com/s/files/1/0912/9351/6071/files/img_d6d3cd55_20240811_i1723370381_1208_7_jpg_1064c83e-5f55-429e-96f7-24831ae20bd3.jpg?v=1759823626,footwear,fendi,https://cdn.shopify.com/s/files/1/0912/9351/6071/files/img_d6d3cd55_20240811_i1723370381_1208_7_jpg_1064c83e-5f55-429e-96f7-24831ae20bd3.jpg?v=1759823626|https://cdn.shopify.com/s/files/1/0912/9351/6071/files/img_d6d3cd55_20240811_i1723370381_1015_6_jpg_431af1ad-d086-411c-9025-f74fbb56425b.jpg?v=1759823627|https://cdn.shopify.com/s/files/1/0912/9351/6071/files/img_d6d3cd55_20240811_i1723370381_1521_0_jpg_eba34335-7173-42da-bcd3-b814272b9baa.jpg?v=1759823627|https://cdn.shopify.com/s/files/1/0912/9351/6071/files/img_d6d3cd55_20240811_i1723370381_7147_3_jpg_25cfe297-513c-47e0-bc89-51fafbd5de3e.jpg?v=1759823626|https://cdn.shopify.com/s/files/1/0912/9351/6071/files/img_d6d3cd55_20240811_i1723370381_450_8_jpg_7c28c4d8-9230-4ad0-ad51-185c78b87950.jpg?v=1759823627|https://cdn.shopify.com/s/files/1/0912/9351/6071/files/img_d6d3cd55_20240811_i1723370381_736_4_jpg_37e008ec-efe8-4d75-9aa6-d4e113aa49dc.jpg?v=1759823627|https://cdn.shopify.com/s/files/1/0912/9351/6071/files/img_d6d3cd55_20240811_i1723370381_2049_5_jpg_12b7e9e2-26fa-4cb3-b6fd-69a4ea1d0b51.jpg?v=1759823626|https://cdn.shopify.com/s/files/1/0912/9351/6071/files/img_d6d3cd55_20240811_i1723370381_3015_1_jpg_c32e933f-0898-4064-a166-124a449c90c0.jpg?v=1759823627|https://cdn.shopify.com/s/files/1/0912/9351/6071/files/img_d6d3cd55_20240811_i1723370381_5200_2_jpg_c8a9ee56-2be0-42e5-ad8f-9bb304bb16ca.jpg?v=1759823627,Hi I want FENDI TAG SNEAKER IN LIGHT GREY MESH AND RUBBER,
FENDI TAG SNEAKER IN NEON YELLOW MIX GREY MESH AND RUBBER,https://cdn.shopify.com/s/files/1/0912/9351/6071/files/img_d6d3cd55_20240811_i1723370412_2375_3_jpg_deaeabb2-1d31-4fa2-8776-7cda6054b32a.jpg?v=1759823629,footwear,fendi,https://cdn.shopify.com/s/files/1/0912/9351/6071/files/img_d6d3cd55_20240811_i1723370412_2375_3_jpg_deaeabb2-1d31-4fa2-8776-7cda6054b32a.jpg?v=1759823629|https://cdn.shopify.com/s/files/1/0912/9351/6071/files/img_d6d3cd55_20240811_i1723370412_8195_7_jpg_f6dcee68-fa7d-4bc7-ade7-4d9c7037f836.jpg?v=1759823629|https://cdn.shopify.com/s/files/1/0912/9351/6071/files/img_d6d3cd55_20240811_i1723370412_2925_4_jpg_2efafec2-f977-4544-9a36-362e69d8b35c.jpg?v=1759823629|https://cdn.shopify.com/s/files/1/0912/9351/6071/files/img_d6d3cd55_20240811_i1723370412_4147_5_jpg_7b3a2db0-b160-4a95-a169-bb2cbd7c1cdf.jpg?v=1759823629|https://cdn.shopify.com/s/files/1/0912/9351/6071/files/img_d6d3cd55_20240811_i1723370412_4403_0_jpg_1babb83e-e14b-4f0b-842d-d60018828959.jpg?v=1759823629|https://cdn.shopify.com/s/files/1/0912/9351/6071/files/img_d6d3cd55_20240811_i1723370412_7460_2_jpg_9d58f9bc-cb6c-4b8d-8dc9-f488d15e2039.jpg?v=1759823629|https://cdn.shopify.com/s/files/1/0912/9351/6071/files/img_d6d3cd55_20240811_i1723370412_7215_8_jpg_13536865-ed8a-4897-9907-c76ff8a1b9e0.jpg?v=1759823629|https://cdn.shopify.com/s/files/1/0912/9351/6071/files/img_d6d3cd55_20240811_i1723370412_8732_6_jpg_dc74676b-10a4-453a-b228-bbf659760929.jpg?v=1759823629|https://cdn.shopify.com/s/files/1/0912/9351/6071/files/img_d6d3cd55_20240811_i1723370412_1900_1_jpg_5b4b0268-7ddb-4d1b-8be7-d99d3259660b.jpg?v=1759823629,Hi I want FENDI TAG SNEAKER IN NEON YELLOW MIX GREY MESH AND RUBBER,
FENDI MATCH IN WHITE MIX BLACK AND BROWN CALFSKIN,https://cdn.shopify.com/s/files/1/0912/9351/6071/files/img_2e48c7c0_20240730_i1722278850_2222_0_jpg_d06ab167-748d-467a-aeb7-480bf1f8dff0.jpg?v=1759823631,footwear,fendi,https://cdn.shopify.com/s/files/1/0912/9351/6071/files/img_2e48c7c0_20240730_i1722278850_2222_0_jpg_d06ab167-748d-467a-aeb7-480bf1f8dff0.jpg?v=1759823631|https://cdn.shopify.com/s/files/1/0912/9351/6071/files/img_2e48c7c0_20240730_i1722278850_4622_3_jpg_2b933be4-a8ae-4e14-90a6-c32965ce2807.jpg?v=1759823631|https://cdn.shopify.com/s/files/1/0912/9351/6071/files/img_2e48c7c0_20240730_i1722278850_5413_1_jpg_f4a4e815-d702-4f9b-8d60-bcf023ddfd7c.jpg?v=1759823631|https://cdn.shopify.com/s/files/1/0912/9351/6071/files/img_2e48c7c0_20240730_i1722278850_125_6_jpg_5b54c0ae-06fb-4587-bf48-0590d0fba3c0.jpg?v=1759823631|https://cdn.shopify.com/s/files/1/0912/9351/6071/files/img_2e48c7c0_20240730_i1722278850_3815_5_jpg_c9922e9a-eb30-4b31-9879-68b45bc94d8c.jpg?v=1759823631|https://cdn.shopify.com/s/files/1/0912/9351/6071/files/img_2e48c7c0_20240730_i1722278850_5577_4_jpg_26561e06-0dd0-4943-8302-adaf88459989.jpg?v=1759823631|https://cdn.shopify.com/s/files/1/0912/9351/6071/files/img_2e48c7c0_20240730_i1722278850_9832_8_jpg_f161fe85-9308-4edb-a0b9-d5644e6753f4.jpg?v=1759823631|https://cdn.shopify.com/s/files/1/0912/9351/6071/files/img_2e48c7c0_20240730_i1722278850_5346_7_jpg_22ab1a08-84cc-4a05-b6a2-afb4dca5d93f.jpg?v=1759823631|https://cdn.shopify.com/s/files/1/0912/9351/6071/files/img_2e48c7c0_20240730_i1722278850_6487_2_jpg_313bb761-cd94-4c38-9a92-4e82bffcfbf2.jpg?v=1759823631,Hi I want FENDI MATCH IN WHITE MIX BLACK AND BROWN CALFSKIN,
FENDI MATCH IN WHITE MIX LIGHT GREY CALFSKIN,https://cdn.shopify.com/s/files/1/0912/9351/6071/files/img_2e48c7c0_20240730_i1722278917_144_4_jpg_11c2b861-55e8-416c-97b6-855f9e2d2029.jpg?v=1759823633,footwear,fendi,https://cdn.shopify.com/s/files/1/0912/9351/6071/files/img_2e48c7c0_20240730_i1722278917_144_4_jpg_11c2b861-55e8-416c-97b6-855f9e2d2029.jpg?v=1759823633|https://cdn.shopify.com/s/files/1/0912/9351/6071/files/img_2e48c7c0_20240730_i1722278917_2742_0_jpg_4066a0b9-02b3-49e8-b730-7058d621f326.jpg?v=1759823634|https://cdn.shopify.com/s/files/1/0912/9351/6071/files/img_2e48c7c0_20240730_i1722278918_6447_8_jpg_8e941849-2849-4a50-91ec-1d14ff253cde.jpg?v=1759823634|https://cdn.shopify.com/s/files/1/0912/9351/6071/files/img_2e48c7c0_20240730_i1722278917_6848_1_jpg_51063cf8-70e4-4a8e-b087-0d00bea898a1.jpg?v=1759823634|https://cdn.shopify.com/s/files/1/0912/9351/6071/files/img_2e48c7c0_20240730_i1722278918_7360_6_jpg_bf8174bc-ff23-40a1-9a21-a68334732fbc.jpg?v=1759823634|https://cdn.shopify.com/s/files/1/0912/9351/6071/files/img_2e48c7c0_20240730_i1722278917_4751_5_jpg_7e668ba4-a5b5-43af-ba6d-18bfcea309ad.jpg?v=1759823634|https://cdn.shopify.com/s/files/1/0912/9351/6071/files/img_2e48c7c0_20240730_i1722278917_2519_2_jpg_1a73ed45-369e-42f5-88fb-93529513c5f6.jpg?v=1759823634|https://cdn.shopify.com/s/files/1/0912/9351/6071/files/img_2e48c7c0_20240730_i1722278917_8672_3_jpg_6ada7af5-cd43-46fa-9762-4667d8a412a7.jpg?v=1759823634|https://cdn.shopify.com/s/files/1/0912/9351/6071/files/img_2e48c7c0_20240730_i1722278918_692_7_jpg_6a979201-a18a-4056-b6f2-68ac6efb8d51.jpg?v=1759823634,Hi I want FENDI MATCH IN WHITE MIX LIGHT GREY CALFSKIN,
FENDI MATCH IN WHITE MIX OLIVE CALFSKIN,https://cdn.shopify.com/s/files/1/0912/9351/6071/files/img_2e48c7c0_20240730_i1722278991_1201_2_jpg_f434e9aa-8a97-4190-9a43-808a82bba110.jpg?v=1759823636,footwear,fendi,https://cdn.shopify.com/s/files/1/0912/9351/6071/files/img_2e48c7c0_20240730_i1722278991_1201_2_jpg_f434e9aa-8a97-4190-9a43-808a82bba110.jpg?v=1759823636|https://cdn.shopify.com/s/files/1/0912/9351/6071/files/img_2e48c7c0_20240730_i1722278991_2951_4_jpg_66b23491-4b13-4623-98f9-8dac5f66db5f.jpg?v=1759823636|https://cdn.shopify.com/s/files/1/0912/9351/6071/files/img_2e48c7c0_20240730_i1722278991_7825_0_jpg_180665f2-746d-45a9-83fd-eb7b9fb5a8bd.jpg?v=1759823636|https://cdn.shopify.com/s/files/1/0912/9351/6071/files/img_2e48c7c0_20240730_i1722278991_9771_7_jpg_a1d62690-e839-4d63-9a14-7aa1c469f5ec.jpg?v=1759823636|https://cdn.shopify.com/s/files/1/0912/9351/6071/files/img_2e48c7c0_20240730_i1722278991_1057_1_jpg_0f1ce3c7-8cd5-480e-bd99-b02ce516873f.jpg?v=1759823636|https://cdn.shopify.com/s/files/1/0912/9351/6071/files/img_2e48c7c0_20240730_i1722278992_2511_8_jpg_9b3114cf-ed69-49d8-a522-055641428dcc.jpg?v=1759823636|https://cdn.shopify.com/s/files/1/0912/9351/6071/files/img_2e48c7c0_20240730_i1722278991_3961_5_jpg_d34bc4bc-bb10-4533-bca1-5754155bfd1b.jpg?v=1759823636|https://cdn.shopify.com/s/files/1/0912/9351/6071/files/img_2e48c7c0_20240730_i1722278991_607_6_jpg_62cdf8e9-b196-4b64-bc42-39b71515cfeb.jpg?v=1759823636|https://cdn.shopify.com/s/files/1/0912/9351/6071/files/img_2e48c7c0_20240730_i1722278991_7154_3_jpg_ded65c10-0a6b-4180-8759-3d667b1646ea.jpg?v=1759823636,Hi I want FENDI MATCH IN WHITE MIX OLIVE CALFSKIN,
FENDI THICK-SOLDED SNEAKER IN COLORFUL LAMBSKIN,https://cdn.shopify.com/s/files/1/0912/9351/6071/files/img_30d35e34_20240708_i1720443460_9176_3_jpg_7b28b53d-86f3-446b-9e55-fb85b8c70abf.jpg?v=1759823638,footwear,fendi,https://cdn.shopify.com/s/files/1/0912/9351/6071/files/img_30d35e34_20240708_i1720443460_9176_3_jpg_7b28b53d-86f3-446b-9e55-fb85b8c70abf.jpg?v=1759823638|https://cdn.shopify.com/s/files/1/0912/9351/6071/files/img_30d35e34_20240708_i1720443462_4253_0_jpg_1b8f41df-263d-4799-8963-96451a960639.jpg?v=1759823639|https://cdn.shopify.com/s/files/1/0912/9351/6071/files/img_30d35e34_20240708_i1720443462_3237_0_jpg_9b1f5be0-148c-43f6-8904-7165a2c92231.jpg?v=1759823638|https://cdn.shopify.com/s/files/1/0912/9351/6071/files/img_30d35e34_20240708_i1720443461_7561_8_jpg_702de462-512d-42c8-b479-874618333fe5.jpg?v=1759823639|https://cdn.shopify.com/s/files/1/0912/9351/6071/files/img_30d35e34_20240708_i1720443462_1518_0_jpg_6c1ed221-22b0-4d35-b070-8e272fceded2.jpg?v=1759823639|https://cdn.shopify.com/s/files/1/0912/9351/6071/files/img_30d35e34_20240708_i1720443462_2381_0_jpg_21401eab-8270-42eb-a170-6410dd3b70bd.jpg?v=1759823639|https://cdn.shopify.com/s/files/1/0912/9351/6071/files/img_30d35e34_20240708_i1720443461_1628_4_jpg_d6cdcff0-68c7-44b3-b87c-92e2fdfcdedb.jpg?v=1759823638|https://cdn.shopify.com/s/files/1/0912/9351/6071/files/img_30d35e34_20240708_i1720443462_6220_0_jpg_121d1720-d134-444a-84ac-066614d7ff59.jpg?v=1759823639|https://cdn.shopify.com/s/files/1/0912/9351/6071/files/img_30d35e34_20240708_i1720443462_8312_0_jpg_9c432830-d126-4124-804a-26cbf3b9b1e7.jpg?v=1759823638,Hi I want FENDI THICK-SOLDED SNEAKER IN COLORFUL LAMBSKIN,
FENDI THICK-SOLDED SNEAKER IN WHITE MIX GREY LAMBSKIN,https://cdn.shopify.com/s/files/1/0912/9351/6071/files/img_30d35e34_20240708_i1720443484_27_0_jpg_50fe6286-e065-4486-90e7-68d90b257fc4.jpg?v=1759823641,footwear,fendi,https://cdn.shopify.com/s/files/1/0912/9351/6071/files/img_30d35e34_20240708_i1720443484_27_0_jpg_50fe6286-e065-4486-90e7-68d90b257fc4.jpg?v=1759823641|https://cdn.shopify.com/s/files/1/0912/9351/6071/files/img_30d35e34_20240708_i1720443484_2135_0_jpg_d7c5ba19-405a-4dce-ad0d-ad9ac7c8f512.jpg?v=1759823641|https://cdn.shopify.com/s/files/1/0912/9351/6071/files/img_30d35e34_20240708_i1720443484_2371_0_jpg_41826488-8904-4e44-a5dd-74a86463db9d.jpg?v=1759823641|https://cdn.shopify.com/s/files/1/0912/9351/6071/files/img_30d35e34_20240708_i1720443484_9524_0_jpg_b693b58b-1bde-4bf7-b2d9-9cf95cbba94d.jpg?v=1759823641|https://cdn.shopify.com/s/files/1/0912/9351/6071/files/img_30d35e34_20240708_i1720443484_9822_0_jpg_9cf7d17d-b722-44f8-87fa-ce35735e78cd.jpg?v=1759823641|https://cdn.shopify.com/s/files/1/0912/9351/6071/files/img_30d35e34_20240708_i1720443484_7144_0_jpg_5ffbe3c1-4bcd-4406-9be2-05b3c6c8cf3d.jpg?v=1759823641|https://cdn.shopify.com/s/files/1/0912/9351/6071/files/img_30d35e34_20240708_i1720443484_7215_0_jpg_b89524db-f947-4c0e-9f6f-44723f3937bf.jpg?v=1759823641|https://cdn.shopify.com/s/files/1/0912/9351/6071/files/img_30d35e34_20240708_i1720443484_6712_0_jpg_1d1ddcdf-7c8c-4f09-a569-8633f070cb54.jpg?v=1759823641|https://cdn.shopify.com/s/files/1/0912/9351/6071/files/img_30d35e34_20240708_i1720443484_6491_0_jpg_75072738-8998-4425-a0a0-a13869dadbe2.jpg?v=1759823641,Hi I want FENDI THICK-SOLDED SNEAKER IN WHITE MIX GREY LAMBSKIN,
FENDI THICK-SOLDED SNEAKER IN WHITE LAMBSKIN,https://cdn.shopify.com/s/files/1/0912/9351/6071/files/img_30d35e34_20240708_i1720443526_9042_0_jpg_39443ab1-2ad4-456c-97be-6ae9f844731c.jpg?v=1759823643,footwear,fendi,https://cdn.shopify.com/s/files/1/0912/9351/6071/files/img_30d35e34_20240708_i1720443526_9042_0_jpg_39443ab1-2ad4-456c-97be-6ae9f844731c.jpg?v=1759823643|https://cdn.shopify.com/s/files/1/0912/9351/6071/files/img_30d35e34_20240708_i1720443523_9448_0_jpg_695c582d-31e5-4d91-ac86-8341888dfeb3.jpg?v=1759823643|https://cdn.shopify.com/s/files/1/0912/9351/6071/files/img_30d35e34_20240708_i1720443524_8783_0_jpg_3ff3b1f8-42e6-4b49-b482-6559f30667c8.jpg?v=1759823643|https://cdn.shopify.com/s/files/1/0912/9351/6071/files/img_30d35e34_20240708_i1720443526_3274_0_jpg_e0e0ed11-872a-482a-bf07-75a9044e5d22.jpg?v=1759823643|https://cdn.shopify.com/s/files/1/0912/9351/6071/files/img_30d35e34_20240708_i1720443523_989_0_jpg_8cfaa8dc-f175-4671-bee3-08e0e6aebe6a.jpg?v=1759823643|https://cdn.shopify.com/s/files/1/0912/9351/6071/files/img_30d35e34_20240708_i1720443523_7520_0_jpg_202aa93d-fdba-4694-8755-d4abe7fa72a5.jpg?v=1759823643|https://cdn.shopify.com/s/files/1/0912/9351/6071/files/img_30d35e34_20240708_i1720443524_4507_0_jpg_434588fb-8e4e-44f1-a343-b58832be5df2.jpg?v=1759823643|https://cdn.shopify.com/s/files/1/0912/9351/6071/files/img_30d35e34_20240708_i1720443526_8705_0_jpg_833a3c87-212d-48c3-8274-f23cfa1fc205.jpg?v=1759823643|https://cdn.shopify.com/s/files/1/0912/9351/6071/files/img_30d35e34_20240708_i1720443524_4703_0_jpg_08a4351a-092a-4835-9fea-156a84c13e80.jpg?v=1759823643,Hi I want FENDI THICK-SOLDED SNEAKER IN WHITE LAMBSKIN,
FENDI THICK-SOLDED SNEAKER IN WHITE AND BLACK LAMBSKIN,https://cdn.shopify.com/s/files/1/0912/9351/6071/files/img_30d35e34_20240708_i1720443546_501_0_jpg_8de153b7-d5fe-4467-8e4a-fc24be337a65.jpg?v=1759823645,footwear,fendi,https://cdn.shopify.com/s/files/1/0912/9351/6071/files/img_30d35e34_20240708_i1720443546_501_0_jpg_8de153b7-d5fe-4467-8e4a-fc24be337a65.jpg?v=1759823645|https://cdn.shopify.com/s/files/1/0912/9351/6071/files/img_30d35e34_20240708_i1720443546_1567_0_jpg_a066387e-8f40-41f5-a0e9-082bc1ead89f.jpg?v=1759823645|https://cdn.shopify.com/s/files/1/0912/9351/6071/files/img_30d35e34_20240708_i1720443546_2322_0_jpg_538e21a3-51ec-42ff-a876-9314a4684564.jpg?v=1759823645|https://cdn.shopify.com/s/files/1/0912/9351/6071/files/img_30d35e34_20240708_i1720443546_3102_0_jpg_543b8b8c-f2ff-447e-bb22-58f295ce2836.jpg?v=1759823645|https://cdn.shopify.com/s/files/1/0912/9351/6071/files/img_30d35e34_20240708_i1720443546_3204_0_jpg_d5b9b2eb-adb1-437a-b555-0e71d9a60659.jpg?v=1759823646|https://cdn.shopify.com/s/files/1/0912/9351/6071/files/img_30d35e34_20240708_i1720443546_6726_0_jpg_bc9fb622-4918-4aab-9e2e-3d43f8fea4a0.jpg?v=1759823645|https://cdn.shopify.com/s/files/1/0912/9351/6071/files/img_30d35e34_20240708_i1720443546_5330_0_jpg_434698e2-315f-4bbc-a3af-6a23e2c2dec0.jpg?v=1759823645|https://cdn.shopify.com/s/files/1/0912/9351/6071/files/img_30d35e34_20240708_i1720443546_8125_0_jpg_57af076d-0a39-4964-9088-e167f9ea61cb.jpg?v=1759823645|https://cdn.shopify.com/s/files/1/0912/9351/6071/files/img_30d35e34_20240708_i1720443546_4609_0_jpg_23e80b5a-8b52-4054-9d66-dea0a651fa72.jpg?v=1759823646,Hi I want FENDI THICK-SOLDED SNEAKER IN WHITE AND BLACK LAMBSKIN,
FENDI THICK-SOLDED SNEAKER IN WHITE SUEDE AND MONOGRAM FABRIC,https://cdn.shopify.com/s/files/1/0912/9351/6071/files/img_30d35e34_20240708_i1720443569_9371_0_jpg_11bdfb5a-a5a4-4331-8ee3-3b20f409d31b.jpg?v=1759823648,footwear,fendi,https://cdn.shopify.com/s/files/1/0912/9351/6071/files/img_30d35e34_20240708_i1720443569_9371_0_jpg_11bdfb5a-a5a4-4331-8ee3-3b20f409d31b.jpg?v=1759823648|https://cdn.shopify.com/s/files/1/0912/9351/6071/files/img_30d35e34_20240708_i1720443569_398_0_jpg_a9257d35-983d-4f14-a151-660c15715f6e.jpg?v=1759823648|https://cdn.shopify.com/s/files/1/0912/9351/6071/files/img_30d35e34_20240708_i1720443569_1008_0_jpg_07a2718b-b6de-4dc9-aa10-7a81c2f6155d.jpg?v=1759823648|https://cdn.shopify.com/s/files/1/0912/9351/6071/files/img_30d35e34_20240708_i1720443569_2449_0_jpg_8e368195-22c7-448b-8460-db2e77f48e40.jpg?v=1759823649|https://cdn.shopify.com/s/files/1/0912/9351/6071/files/img_30d35e34_20240708_i1720443570_148_0_jpg_680d874f-6acf-4a11-88e7-a8f280028f29.jpg?v=1759823648|https://cdn.shopify.com/s/files/1/0912/9351/6071/files/img_30d35e34_20240708_i1720443569_5042_0_jpg_8df90f47-76b1-4ea7-bc2c-47652012602d.jpg?v=1759823648|https://cdn.shopify.com/s/files/1/0912/9351/6071/files/img_30d35e34_20240708_i1720443569_9872_0_jpg_c4a835e6-0e5c-49e2-90bb-9c0f8f9e0594.jpg?v=1759823648|https://cdn.shopify.com/s/files/1/0912/9351/6071/files/img_30d35e34_20240708_i1720443569_6421_0_jpg_d2cac5a8-d59e-46f6-ab34-435440d036ae.jpg?v=1759823648|https://cdn.shopify.com/s/files/1/0912/9351/6071/files/img_30d35e34_20240708_i1720443569_7536_0_jpg_d8ef8109-ce15-4fbc-993c-baf9678b825e.jpg?v=1759823648,Hi I want FENDI THICK-SOLDED SNEAKER IN WHITE SUEDE AND MONOGRAM FABRIC,
FENDI THICK-SOLDED SNEAKER IN WHITE SUEDE AND BROWN MONOGRAM FABRIC,https://cdn.shopify.com/s/files/1/0912/9351/6071/files/img_30d35e34_20240708_i1720443596_7674_0_jpg_6abd5b67-7d51-4584-a666-3c751a981007.jpg?v=1759823650,footwear,fendi,https://cdn.shopify.com/s/files/1/0912/9351/6071/files/img_30d35e34_20240708_i1720443596_7674_0_jpg_6abd5b67-7d51-4584-a666-3c751a981007.jpg?v=1759823650|https://cdn.shopify.com/s/files/1/0912/9351/6071/files/img_30d35e34_20240708_i1720443596_9991_0_jpg_f370d044-b570-4dab-8c5f-8c1199373ce0.jpg?v=1759823652|https://cdn.shopify.com/s/files/1/0912/9351/6071/files/img_30d35e34_20240708_i1720443596_5705_0_jpg_892f408e-c78b-4769-bf15-249f697fd160.jpg?v=1759823650|https://cdn.shopify.com/s/files/1/0912/9351/6071/files/img_30d35e34_20240708_i1720443596_8846_0_jpg_6c6f0c1e-372a-428f-829a-1e549e252e1c.jpg?v=1759823650|https://cdn.shopify.com/s/files/1/0912/9351/6071/files/img_30d35e34_20240708_i1720443596_8044_0_jpg_63b33339-36ba-4280-ad44-e7a245073046.jpg?v=1759823650|https://cdn.shopify.com/s/files/1/0912/9351/6071/files/img_30d35e34_20240708_i1720443596_9318_0_jpg_d5d09f2f-b687-40bf-8a56-596705c374e6.jpg?v=1759823650|https://cdn.shopify.com/s/files/1/0912/9351/6071/files/img_30d35e34_20240708_i1720443596_5817_0_jpg_2b3c47ad-d2c1-4958-9fa7-4f564999c763.jpg?v=1759823650|https://cdn.shopify.com/s/files/1/0912/9351/6071/files/img_30d35e34_20240708_i1720443595_6195_0_jpg_21fcdc14-b082-494e-b27a-196aa8a1a53b.jpg?v=1759823650|https://cdn.shopify.com/s/files/1/0912/9351/6071/files/img_30d35e34_20240708_i1720443596_407_0_jpg_0ec39662-07b4-4474-8c5d-b51cc49044d2.jpg?v=1759823650|https://cdn.shopify.com/s/files/1/0912/9351/6071/files/img_30d35e34_20240708_i1720443596_5044_0_jpg_ff755ef0-5cbf-4199-b518-b9a4cd354ebd.jpg?v=1759823650,Hi I want FENDI THICK-SOLDED SNEAKER IN WHITE SUEDE AND BROWN MONOGRAM FABRIC,
FENDI HIGH-HEELED 85 MM SANDALS IN BLACK LAMBSKIN WITH GOLD HARDWARE,https://cdn.shopify.com/s/files/1/0912/9351/6071/files/20220103_i1641217941_5428_1_jpg_98687efb-e270-4d00-af61-5e7f2e99ebf8.jpg?v=1759823654,footwear,fendi,https://cdn.shopify.com/s/files/1/0912/9351/6071/files/20220103_i1641217941_5428_1_jpg_98687efb-e270-4d00-af61-5e7f2e99ebf8.jpg?v=1759823654|https://cdn.shopify.com/s/files/1/0912/9351/6071/files/20220103_i1641217941_3673_2_jpg_ea4e256b-e26a-4da7-8772-ad6b13c999e4.jpg?v=1759823654|https://cdn.shopify.com/s/files/1/0912/9351/6071/files/20220103_i1641217941_6769_0_jpg_1fc492bc-38b0-4de6-9834-494be7a2afd6.jpg?v=1759823654|https://cdn.shopify.com/s/files/1/0912/9351/6071/files/20220103_i1641217941_9243_3_jpg_aa614ea3-7c6f-4657-9c6e-e4a5b8755d11.jpg?v=1759823654|https://cdn.shopify.com/s/files/1/0912/9351/6071/files/20220103_i1641217941_6721_4_jpg_3c873948-4c5c-4aef-a51d-b73d3cb6f7e5.jpg?v=1759823654|https://cdn.shopify.com/s/files/1/0912/9351/6071/files/20220103_i1641217941_4835_7_jpg_38ccd38b-42fb-47db-93e9-f579850cabd4.jpg?v=1759823654|https://cdn.shopify.com/s/files/1/0912/9351/6071/files/20220103_i1641217941_6755_5_jpg_c489655f-084b-4394-ba7d-d8dd628fdfad.jpg?v=1759823654|https://cdn.shopify.com/s/files/1/0912/9351/6071/files/20220103_i1641217941_7859_6_jpg_ecdde2be-a375-4303-a894-ef3e7eb53e24.jpg?v=1759823654|https://cdn.shopify.com/s/files/1/0912/9351/6071/files/20220103_i1641217941_1709_8_jpg_140d8b64-b2bb-4c4a-9dcb-a6e35d2c1e7e.jpg?v=1759823654,Hi I want FENDI HIGH-HEELED 85 MM SANDALS IN BLACK LAMBSKIN WITH GOLD HARDWARE,
FENDI HIGH-HEELED 85 MM SANDALS IN LIGHT PINK LAMBSKIN WITH GOLD HARDWARE,https://cdn.shopify.com/s/files/1/0912/9351/6071/files/20220103_i1641218253_8027_1_jpg_a0f8a963-611f-4b0b-8f5b-521ce638e74d.jpg?v=1759823660,footwear,fendi,https://cdn.shopify.com/s/files/1/0912/9351/6071/files/20220103_i1641218253_8027_1_jpg_a0f8a963-611f-4b0b-8f5b-521ce638e74d.jpg?v=1759823660|https://cdn.shopify.com/s/files/1/0912/9351/6071/files/20220103_i1641218253_192_7_jpg_5311a395-9557-4c34-ba45-e9fa36145357.jpg?v=1759823660|https://cdn.shopify.com/s/files/1/0912/9351/6071/files/20220103_i1641218253_3079_2_jpg_a2ac546b-6e25-43e4-96aa-1995301f5cff.jpg?v=1759823660|https://cdn.shopify.com/s/files/1/0912/9351/6071/files/20220103_i1641218253_5600_5_jpg_d5bf90fb-52de-4fc5-82b2-2cf7140b89a2.jpg?v=1759823660|https://cdn.shopify.com/s/files/1/0912/9351/6071/files/20220103_i1641218253_5873_0_jpg_d838dc0d-ec77-4a14-ae2b-46efaaa2fa9f.jpg?v=1759823660|https://cdn.shopify.com/s/files/1/0912/9351/6071/files/20220103_i1641218253_7357_3_jpg_4d7eb6c8-490b-4464-8d0e-1f29a8dd765f.jpg?v=1759823660|https://cdn.shopify.com/s/files/1/0912/9351/6071/files/20220103_i1641218253_9028_4_jpg_6f363e1a-470c-4814-8d30-8128173a3bb5.jpg?v=1759823660|https://cdn.shopify.com/s/files/1/0912/9351/6071/files/20220103_i1641218253_9652_8_jpg_532ae390-81e6-45b4-b864-b7d6ac0241f2.jpg?v=1759823660|https://cdn.shopify.com/s/files/1/0912/9351/6071/files/20220103_i1641218253_9908_6_jpg_f7cf9d86-e8c0-43b0-b846-e7d6e941f5a2.jpg?v=1759823660,Hi I want FENDI HIGH-HEELED 85 MM SANDALS IN LIGHT PINK LAMBSKIN WITH GOLD HARDWARE,
FENDI HIGH-HEELED 85 MM IN WHITE LAMBSKIN WITH GOLD HARDWARE,https://cdn.shopify.com/s/files/1/0912/9351/6071/files/img_0f96c430_20240529_i1716918947_8442_0_jpg_7420b3e2-5718-4ca9-9949-ae506163f788.jpg?v=1759823666,footwear,fendi,https://cdn.shopify.com/s/files/1/0912/9351/6071/files/img_0f96c430_20240529_i1716918947_8442_0_jpg_7420b3e2-5718-4ca9-9949-ae506163f788.jpg?v=1759823666|https://cdn.shopify.com/s/files/1/0912/9351/6071/files/img_0f96c430_20240529_i1716918947_6325_3_jpg_206890e1-6383-4fbb-b287-5f1e84f329bd.jpg?v=1759823666|https://cdn.shopify.com/s/files/1/0912/9351/6071/files/img_0f96c430_20240529_i1716918947_177_6_jpg_aa344140-a7f5-4526-a07d-6b94e766c317.jpg?v=1759823666|https://cdn.shopify.com/s/files/1/0912/9351/6071/files/img_0f96c430_20240529_i1716918948_1744_8_jpg_7515e608-e528-49c2-8954-8ad24956f0eb.jpg?v=1759823666|https://cdn.shopify.com/s/files/1/0912/9351/6071/files/img_0f96c430_20240529_i1716918947_4947_1_jpg_fd0b9313-61e5-4786-beb8-62fe666b4300.jpg?v=1759823666|https://cdn.shopify.com/s/files/1/0912/9351/6071/files/img_0f96c430_20240529_i1716918947_5620_5_jpg_ac76a749-0862-4054-98ce-ea9a5bea9f2a.jpg?v=1759823666|https://cdn.shopify.com/s/files/1/0912/9351/6071/files/img_0f96c430_20240529_i1716918947_4576_4_jpg_6b4ade44-9e17-49b8-8b0f-ad2d3770977f.jpg?v=1759823666|https://cdn.shopify.com/s/files/1/0912/9351/6071/files/img_0f96c430_20240529_i1716918947_321_2_jpg_cf1ee2dd-9856-455a-a55c-65b10bc72123.jpg?v=1759823666|https://cdn.shopify.com/s/files/1/0912/9351/6071/files/img_0f96c430_20240529_i1716918948_7555_7_jpg_78838dea-37da-49a6-b207-9124afeecc49.jpg?v=1759823666,Hi I want FENDI HIGH-HEELED 85 MM IN WHITE LAMBSKIN WITH GOLD HARDWARE,
FENDI MATCH LOW TOPS IN COFFEE BROWN MIX WHITE CALFSKIN AND MESH,https://cdn.shopify.com/s/files/1/0912/9351/6071/files/img_74fcd372_20240612_i1718173751_245_0_jpg_b1c42278-2684-4960-8683-0faa6d562db7.jpg?v=1759823672,footwear,fendi,https://cdn.shopify.com/s/files/1/0912/9351/6071/files/img_74fcd372_20240612_i1718173751_245_0_jpg_b1c42278-2684-4960-8683-0faa6d562db7.jpg?v=1759823672|https://cdn.shopify.com/s/files/1/0912/9351/6071/files/img_74fcd372_20240612_i1718173750_2888_0_jpg_bb0c0e74-0ce1-4bdf-ba1f-f9805e701846.jpg?v=1759823672|https://cdn.shopify.com/s/files/1/0912/9351/6071/files/img_74fcd372_20240612_i1718173750_3355_0_jpg_336777d0-9633-4fb8-be51-c0403c8f897d.jpg?v=1759823672|https://cdn.shopify.com/s/files/1/0912/9351/6071/files/img_74fcd372_20240612_i1718173750_3423_0_jpg_4c76e29c-e070-477d-a522-c3cfda0af3cb.jpg?v=1759823672|https://cdn.shopify.com/s/files/1/0912/9351/6071/files/img_74fcd372_20240612_i1718173750_5017_0_jpg_2ab3d57c-3a8c-49b3-ac5c-a30c6dedabe3.jpg?v=1759823673|https://cdn.shopify.com/s/files/1/0912/9351/6071/files/img_74fcd372_20240612_i1718173750_5826_0_jpg_6e0e7247-7e1b-4910-9dca-7feb7c63215d.jpg?v=1759823672|https://cdn.shopify.com/s/files/1/0912/9351/6071/files/img_74fcd372_20240612_i1718173750_6952_0_jpg_7b3bddc2-c3bf-42d8-b03e-04074b82d15a.jpg?v=1759823672|https://cdn.shopify.com/s/files/1/0912/9351/6071/files/img_74fcd372_20240612_i1718173751_1271_0_jpg_4738beed-d2fd-49bb-8948-cf38682a1a16.jpg?v=1759823672|https://cdn.shopify.com/s/files/1/0912/9351/6071/files/img_74fcd372_20240612_i1718173751_2074_0_jpg_f93b7cac-7183-4f3c-91da-5d8c9a8dd996.jpg?v=1759823672,Hi I want FENDI MATCH LOW TOPS IN COFFEE BROWN MIX WHITE CALFSKIN AND MESH,
FENDI MATCH LOW TOPS IN BRIGHT YELLOW MIX WHITE CALFSKIN AND MESH,https://cdn.shopify.com/s/files/1/0912/9351/6071/files/img_74fcd372_20240612_i1718173846_1721_0_jpg_451b481c-9afd-4db2-b82f-a006d249de3d.jpg?v=1759823678,footwear,fendi,https://cdn.shopify.com/s/files/1/0912/9351/6071/files/img_74fcd372_20240612_i1718173846_1721_0_jpg_451b481c-9afd-4db2-b82f-a006d249de3d.jpg?v=1759823678|https://cdn.shopify.com/s/files/1/0912/9351/6071/files/img_74fcd372_20240612_i1718173845_475_0_jpg_a8692d6d-8e31-4986-bdf3-773b5a211f68.jpg?v=1759823678|https://cdn.shopify.com/s/files/1/0912/9351/6071/files/img_74fcd372_20240612_i1718173845_1661_0_jpg_2244fe2d-309b-4a3d-ba00-5c08911cae4c.jpg?v=1759823679|https://cdn.shopify.com/s/files/1/0912/9351/6071/files/img_74fcd372_20240612_i1718173845_3909_0_jpg_57514726-235e-42a2-b5c0-d73ea0c642c1.jpg?v=1759823678|https://cdn.shopify.com/s/files/1/0912/9351/6071/files/img_74fcd372_20240612_i1718173845_5291_0_jpg_24e9a49e-03a9-40f0-b790-02700d8036a1.jpg?v=1759823679|https://cdn.shopify.com/s/files/1/0912/9351/6071/files/img_74fcd372_20240612_i1718173845_5309_0_jpg_44461347-7f6e-4ebc-b131-ecbf82cdcf02.jpg?v=1759823679|https://cdn.shopify.com/s/files/1/0912/9351/6071/files/img_74fcd372_20240612_i1718173845_7851_0_jpg_6c5195c7-ce1b-4864-a049-e4191e05e596.jpg?v=1759823679|https://cdn.shopify.com/s/files/1/0912/9351/6071/files/img_74fcd372_20240612_i1718173846_5098_0_jpg_53474427-55df-456c-9ab5-5d0fe3928e80.jpg?v=1759823679|https://cdn.shopify.com/s/files/1/0912/9351/6071/files/img_74fcd372_20240612_i1718173846_6281_0_jpg_6d6d3c01-297d-4955-aecc-ce2ac56e91c4.jpg?v=1759823678,Hi I want FENDI MATCH LOW TOPS IN BRIGHT YELLOW MIX WHITE CALFSKIN AND MESH,
FENDI MATCH LOW TOPS IN CERULEAN BLUE MIX WHITE CALFSKIN AND MESH,https://cdn.shopify.com/s/files/1/0912/9351/6071/files/img_74fcd372_20240612_i1718173969_3422_0_jpg_3815b6a4-d2f7-4687-8b3d-1b6e0fbbd254.jpg?v=1759823682,footwear,fendi,https://cdn.shopify.com/s/files/1/0912/9351/6071/files/img_74fcd372_20240612_i1718173969_3422_0_jpg_3815b6a4-d2f7-4687-8b3d-1b6e0fbbd254.jpg?v=1759823682|https://cdn.shopify.com/s/files/1/0912/9351/6071/files/img_74fcd372_20240612_i1718173969_4258_0_jpg_8999f9ec-2953-4d7f-9132-ae220b56870e.jpg?v=1759823682|https://cdn.shopify.com/s/files/1/0912/9351/6071/files/img_74fcd372_20240612_i1718173969_8996_0_jpg_4d9603d3-e950-4f9d-bc44-ba8b20d0fb2a.jpg?v=1759823682|https://cdn.shopify.com/s/files/1/0912/9351/6071/files/img_74fcd372_20240612_i1718173969_239_0_jpg_208163a4-b79d-4163-9437-136ebd06d532.jpg?v=1759823682|https://cdn.shopify.com/s/files/1/0912/9351/6071/files/img_74fcd372_20240612_i1718173969_9269_0_jpg_d53174a5-cf98-4226-ba35-3657a72913dc.jpg?v=1759823682|https://cdn.shopify.com/s/files/1/0912/9351/6071/files/img_74fcd372_20240612_i1718173969_2669_0_jpg_210187e7-46ff-404e-8a50-bd86e12f3a04.jpg?v=1759823682|https://cdn.shopify.com/s/files/1/0912/9351/6071/files/img_74fcd372_20240612_i1718173969_8768_0_jpg_dc9ec591-41e0-4ee9-832b-0d50a419b4c8.jpg?v=1759823682|https://cdn.shopify.com/s/files/1/0912/9351/6071/files/img_74fcd372_20240612_i1718173969_5155_0_jpg_fb27a7fb-991f-4aeb-a1a3-8c2650a8c2c5.jpg?v=1759823682|https://cdn.shopify.com/s/files/1/0912/9351/6071/files/img_74fcd372_20240612_i1718173969_8553_0_jpg_c199a6fc-8fae-4a48-8231-4636b537962b.jpg?v=1759823682,Hi I want FENDI MATCH LOW TOPS IN CERULEAN BLUE MIX WHITE CALFSKIN AND MESH,
FENDI FLORAL SLIDES IN BLACK MIX WHITE FABRIC,https://cdn.shopify.com/s/files/1/0912/9351/6071/files/20240618_i1718681855_8043_6_jpg_66e464d0-8146-4a74-934f-507d60d67bd1.jpg?v=1759823691,footwear,fendi,https://cdn.shopify.com/s/files/1/0912/9351/6071/files/20240618_i1718681855_8043_6_jpg_66e464d0-8146-4a74-934f-507d60d67bd1.jpg?v=1759823691|https://cdn.shopify.com/s/files/1/0912/9351/6071/files/20240618_i1718681855_6776_7_jpg_b9efcc6a-59fd-476c-9b66-013cc603aa83.jpg?v=1759823691|https://cdn.shopify.com/s/files/1/0912/9351/6071/files/20240618_i1718681855_3902_3_jpg_4025b69f-f098-497a-b9a5-f357cd7d1310.jpg?v=1759823691|https://cdn.shopify.com/s/files/1/0912/9351/6071/files/20240618_i1718681855_6494_1_jpg_643a7235-576d-40a3-985b-c7cf0968861f.jpg?v=1759823691|https://cdn.shopify.com/s/files/1/0912/9351/6071/files/20240618_i1718681855_2862_0_jpg_99e2be34-dd67-47b2-b895-d64405d72bc7.jpg?v=1759823691|https://cdn.shopify.com/s/files/1/0912/9351/6071/files/20240618_i1718681855_4431_4_jpg_21eb1406-548a-4503-9482-54899c4c8b3c.jpg?v=1759823691|https://cdn.shopify.com/s/files/1/0912/9351/6071/files/20240618_i1718681855_6329_2_jpg_d7b3e534-ae36-4de8-ac67-c89d8aa25c27.jpg?v=1759823691|https://cdn.shopify.com/s/files/1/0912/9351/6071/files/20240618_i1718681855_4473_5_jpg_cfd1732f-1f0e-4caa-8dca-f10e878bb671.jpg?v=1759823691|https://cdn.shopify.com/s/files/1/0912/9351/6071/files/20240618_i1718681855_1065_8_jpg_c87778e7-9eeb-44af-85e3-25aff83f141f.jpg?v=1759823691,Hi I want FENDI FLORAL SLIDES IN BLACK MIX WHITE FABRIC,
FENDI FLORAL SLIDES IN CHERRY RED MIX TAN BEIGE FABRIC,https://cdn.shopify.com/s/files/1/0912/9351/6071/files/20240618_i1718681882_9331_6_jpg_162fac59-177c-4295-9df3-73994cc3b8e7.jpg?v=1759823694,footwear,fendi,https://cdn.shopify.com/s/files/1/0912/9351/6071/files/20240618_i1718681882_9331_6_jpg_162fac59-177c-4295-9df3-73994cc3b8e7.jpg?v=1759823694|https://cdn.shopify.com/s/files/1/0912/9351/6071/files/20240618_i1718681882_3121_4_jpg_3c516091-957a-4ee7-a8fd-640e42067845.jpg?v=1759823694|https://cdn.shopify.com/s/files/1/0912/9351/6071/files/20240618_i1718681882_4442_1_jpg_c5ace38e-16d8-486b-be47-e325c93f51bc.jpg?v=1759823694|https://cdn.shopify.com/s/files/1/0912/9351/6071/files/20240618_i1718681882_4083_2_jpg_c1afe471-469f-48a0-954a-6072a4630227.jpg?v=1759823694|https://cdn.shopify.com/s/files/1/0912/9351/6071/files/20240618_i1718681882_1907_3_jpg_b8232afe-4438-46e8-a6aa-f4bcfe39cc23.jpg?v=1759823694|https://cdn.shopify.com/s/files/1/0912/9351/6071/files/20240618_i1718681882_688_0_jpg_badea405-70a0-47ad-bc8b-b64f1f22db29.jpg?v=1759823694|https://cdn.shopify.com/s/files/1/0912/9351/6071/files/20240618_i1718681882_7157_7_jpg_318083b8-2e2e-474f-aba1-43dace54d006.jpg?v=1759823694|https://cdn.shopify.com/s/files/1/0912/9351/6071/files/20240618_i1718681882_6926_5_jpg_86a3660f-c544-4899-a06a-04f386fecb27.jpg?v=1759823694|https://cdn.shopify.com/s/files/1/0912/9351/6071/files/20240618_i1718681882_6635_8_jpg_f963a738-4c41-4608-93e2-018f395492ec.jpg?v=1759823694,Hi I want FENDI FLORAL SLIDES IN CHERRY RED MIX TAN BEIGE FABRIC,
FENDI FLORAL SLIDES IN BLUE MIX WHITE FABRIC,https://cdn.shopify.com/s/files/1/0912/9351/6071/files/20240618_i1718681938_9355_6_jpg_e50a08b8-2ddd-4cf5-b22a-d8aca59175d4.jpg?v=1759823698,footwear,fendi,https://cdn.shopify.com/s/files/1/0912/9351/6071/files/20240618_i1718681938_9355_6_jpg_e50a08b8-2ddd-4cf5-b22a-d8aca59175d4.jpg?v=1759823698|https://cdn.shopify.com/s/files/1/0912/9351/6071/files/20240618_i1718681938_3419_3_jpg_35bc0011-370d-49f7-ac36-98c19177df3d.jpg?v=1759823698|https://cdn.shopify.com/s/files/1/0912/9351/6071/files/20240618_i1718681938_5634_2_jpg_b0782ffc-9bc6-4497-81b8-6d22e65cb0ae.jpg?v=1759823698|https://cdn.shopify.com/s/files/1/0912/9351/6071/files/20240618_i1718681938_5380_0_jpg_b4447d4a-7173-41e9-b82e-53567a2245fb.jpg?v=1759823698|https://cdn.shopify.com/s/files/1/0912/9351/6071/files/20240618_i1718681938_5055_1_jpg_1b9d8a5c-cd21-4e84-a338-1496fa2a52b8.jpg?v=1759823698|https://cdn.shopify.com/s/files/1/0912/9351/6071/files/20240618_i1718681938_2127_4_jpg_ea1c670b-d132-449e-834e-c69c4c945424.jpg?v=1759823699|https://cdn.shopify.com/s/files/1/0912/9351/6071/files/20240618_i1718681938_2420_7_jpg_470ef163-1dad-4e6a-963a-fb567a62d260.jpg?v=1759823699|https://cdn.shopify.com/s/files/1/0912/9351/6071/files/20240618_i1718681938_3930_5_jpg_583826b8-0e7b-41e3-98bc-9394c8fec769.jpg?v=1759823699|https://cdn.shopify.com/s/files/1/0912/9351/6071/files/20240618_i1718681938_7201_8_jpg_a122cdc4-57f1-485f-8f1d-37a93191a0da.jpg?v=1759823699,Hi I want FENDI FLORAL SLIDES IN BLUE MIX WHITE FABRIC,
FENDI ROMA SLIDES IN PASTEL PINK FUSSBETT LAMBSKIN,https://cdn.shopify.com/s/files/1/0912/9351/6071/files/img_a919dd40_20240426_i1714123539_9435_0_jpg_92739846-dc2d-451b-a622-4a646f347e71.jpg?v=1759823703,footwear,fendi,https://cdn.shopify.com/s/files/1/0912/9351/6071/files/img_a919dd40_20240426_i1714123539_9435_0_jpg_92739846-dc2d-451b-a622-4a646f347e71.jpg?v=1759823703|https://cdn.shopify.com/s/files/1/0912/9351/6071/files/img_a919dd40_20240426_i1714123539_7654_0_jpg_ac56bebc-ce2e-4faf-9341-2f336d608358.jpg?v=1759823703|https://cdn.shopify.com/s/files/1/0912/9351/6071/files/img_a919dd40_20240426_i1714123539_1617_0_jpg_d3f1865c-45fe-46ec-8557-de4c7da27f33.jpg?v=1759823703|https://cdn.shopify.com/s/files/1/0912/9351/6071/files/img_a919dd40_20240426_i1714123539_1148_0_jpg_293a7bcb-5503-452a-9978-acfcdcb21088.jpg?v=1759823703|https://cdn.shopify.com/s/files/1/0912/9351/6071/files/img_a919dd40_20240426_i1714123538_8875_1_jpg_09e4b2c7-0522-4fc7-ab27-a47f91ea056c.jpg?v=1759823703|https://cdn.shopify.com/s/files/1/0912/9351/6071/files/img_a919dd40_20240426_i1714123538_7879_6_jpg_14cbb4db-74f8-4be3-ae17-0c6244cb5a7a.jpg?v=1759823703|https://cdn.shopify.com/s/files/1/0912/9351/6071/files/img_a919dd40_20240426_i1714123538_5728_3_jpg_0193c25e-1f43-43a1-a0b1-40ad35f24c8b.jpg?v=1759823704|https://cdn.shopify.com/s/files/1/0912/9351/6071/files/img_a919dd40_20240426_i1714123538_3696_8_jpg_f1745999-2c46-4ab3-b09e-7ba1ddcdcc31.jpg?v=1759823703|https://cdn.shopify.com/s/files/1/0912/9351/6071/files/img_a919dd40_20240426_i1714123538_989_0_jpg_37eea020-5b66-49cb-a398-44cbe258a7c3.jpg?v=1759823703,Hi I want FENDI ROMA SLIDES IN PASTEL PINK FUSSBETT LAMBSKIN,
FENDI ROMA SLIDES IN SUNSHINE YELLOW FUSSBETT LAMBSKIN,https://cdn.shopify.com/s/files/1/0912/9351/6071/files/img_a919dd40_20240426_i1714123552_3075_0_jpg_57aad0fb-c609-4787-95e1-6019bec6faa8.jpg?v=1759823708,footwear,fendi,https://cdn.shopify.com/s/files/1/0912/9351/6071/files/img_a919dd40_20240426_i1714123552_3075_0_jpg_57aad0fb-c609-4787-95e1-6019bec6faa8.jpg?v=1759823708|https://cdn.shopify.com/s/files/1/0912/9351/6071/files/img_a919dd40_20240426_i1714123552_4767_6_jpg_7c2d9526-f5d6-45e7-a065-f97acbfa92b0.jpg?v=1759823708|https://cdn.shopify.com/s/files/1/0912/9351/6071/files/img_a919dd40_20240426_i1714123552_7563_4_jpg_82e4824e-782d-409f-b36e-444e84124ec7.jpg?v=1759823708|https://cdn.shopify.com/s/files/1/0912/9351/6071/files/img_a919dd40_20240426_i1714123554_8336_0_jpg_49f659ae-d7f8-4dba-995f-7599502ac3e7.jpg?v=1759823708|https://cdn.shopify.com/s/files/1/0912/9351/6071/files/img_a919dd40_20240426_i1714123552_7799_2_jpg_4504f7a5-6bb3-461e-bc45-ca011d1dcaed.jpg?v=1759823708|https://cdn.shopify.com/s/files/1/0912/9351/6071/files/img_a919dd40_20240426_i1714123552_6440_3_jpg_ee04e509-1b95-493c-9637-37010884b100.jpg?v=1759823708|https://cdn.shopify.com/s/files/1/0912/9351/6071/files/img_a919dd40_20240426_i1714123552_755_7_jpg_c4b7a438-7ac4-4d7e-b059-b02ead29136d.jpg?v=1759823708|https://cdn.shopify.com/s/files/1/0912/9351/6071/files/img_a919dd40_20240426_i1714123552_6581_8_jpg_55ad650d-d9c9-4791-97c4-e6f49bb0d8ec.jpg?v=1759823708|https://cdn.shopify.com/s/files/1/0912/9351/6071/files/img_a919dd40_20240426_i1714123552_4536_5_jpg_b9d9d91c-e965-4106-98fd-1e7b09fad10f.jpg?v=1759823708,Hi I want FENDI ROMA SLIDES IN SUNSHINE YELLOW FUSSBETT LAMBSKIN,
FENDI ROMA SLIDES IN GREEN MINT FUSSBETT LAMBSKIN,https://cdn.shopify.com/s/files/1/0912/9351/6071/files/img_a919dd40_20240426_i1714123567_1167_4_jpg_ae408fed-a7cb-4d1e-9b97-43cba9ffc51f.jpg?v=1759823711,footwear,fendi,https://cdn.shopify.com/s/files/1/0912/9351/6071/files/img_a919dd40_20240426_i1714123567_1167_4_jpg_ae408fed-a7cb-4d1e-9b97-43cba9ffc51f.jpg?v=1759823711|https://cdn.shopify.com/s/files/1/0912/9351/6071/files/img_a919dd40_20240426_i1714123567_9082_0_jpg_f0f795c1-b6b1-4f19-9c7d-c57a7aed2b75.jpg?v=1759823711|https://cdn.shopify.com/s/files/1/0912/9351/6071/files/img_a919dd40_20240426_i1714123567_2454_1_jpg_d07fea21-7548-4773-a817-e64bcf8612c6.jpg?v=1759823711|https://cdn.shopify.com/s/files/1/0912/9351/6071/files/img_a919dd40_20240426_i1714123567_5877_2_jpg_f918a96b-d3b8-4380-8e7d-1647174c8766.jpg?v=1759823710|https://cdn.shopify.com/s/files/1/0912/9351/6071/files/img_a919dd40_20240426_i1714123567_8881_3_jpg_6c4e479b-9b88-47f2-a90d-9d08820760cb.jpg?v=1759823711|https://cdn.shopify.com/s/files/1/0912/9351/6071/files/img_a919dd40_20240426_i1714123567_3581_5_jpg_5b370a75-fe65-4f5f-b688-893ca244433f.jpg?v=1759823711|https://cdn.shopify.com/s/files/1/0912/9351/6071/files/img_a919dd40_20240426_i1714123567_581_7_jpg_46ca65f1-af24-49b7-9ab3-03dd3b3e1e49.jpg?v=1759823711|https://cdn.shopify.com/s/files/1/0912/9351/6071/files/img_a919dd40_20240426_i1714123567_376_8_jpg_5c8f49fd-07d2-47e9-b8ee-2367e25358bc.jpg?v=1759823711|https://cdn.shopify.com/s/files/1/0912/9351/6071/files/img_a919dd40_20240426_i1714123567_5185_6_jpg.jpg?v=1759823711,Hi I want FENDI ROMA SLIDES IN GREEN MINT FUSSBETT LAMBSKIN,
FENDI ROMA SLIDES IN BLACK  FUSSBETT LAMBSKIN,https://cdn.shopify.com/s/files/1/0912/9351/6071/files/img_a919dd40_20240426_i1714123603_9639_7_jpg_9b665d3d-b10a-4cf4-9a4b-cc065cf2b225.jpg?v=1759823716,footwear,fendi,https://cdn.shopify.com/s/files/1/0912/9351/6071/files/img_a919dd40_20240426_i1714123603_9639_7_jpg_9b665d3d-b10a-4cf4-9a4b-cc065cf2b225.jpg?v=1759823716|https://cdn.shopify.com/s/files/1/0912/9351/6071/files/img_a919dd40_20240426_i1714123603_5535_1_jpg_6d4969c8-55a6-4eef-96ad-5b79ad8de2b3.jpg?v=1759823716|https://cdn.shopify.com/s/files/1/0912/9351/6071/files/img_a919dd40_20240426_i1714123603_4846_4_jpg_90daece7-e1fe-44c3-8456-5c733fefc6a5.jpg?v=1759823717|https://cdn.shopify.com/s/files/1/0912/9351/6071/files/img_a919dd40_20240426_i1714123603_1224_3_jpg_cd0dff0b-da1e-44e4-a0bf-6b421ff5be67.jpg?v=1759823716|https://cdn.shopify.com/s/files/1/0912/9351/6071/files/img_a919dd40_20240426_i1714123603_8252_6_jpg_26b83638-ac85-4121-a2cb-a37b59ee5a79.jpg?v=1759823716|https://cdn.shopify.com/s/files/1/0912/9351/6071/files/img_a919dd40_20240426_i1714123603_9450_0_jpg_1b7cd603-a80e-44da-b2c4-aba2ecb03dbc.jpg?v=1759823716|https://cdn.shopify.com/s/files/1/0912/9351/6071/files/img_a919dd40_20240426_i1714123603_8405_5_jpg_1388bd8e-df2f-45d3-94bb-985c7924627e.jpg?v=1759823716|https://cdn.shopify.com/s/files/1/0912/9351/6071/files/img_a919dd40_20240426_i1714123603_9961_8_jpg_920de170-ff5b-483a-8596-886b0cf65fc1.jpg?v=1759823716|https://cdn.shopify.com/s/files/1/0912/9351/6071/files/img_a919dd40_20240426_i1714123603_5830_2_jpg_3789262e-9445-4f54-882b-bee9a5b0b7b8.jpg?v=1759823716,Hi I want FENDI ROMA SLIDES IN BLACK  FUSSBETT LAMBSKIN,
FENDI FFOLD MEDIUM-HEELED 55 MM SANDALS IN ASH GREY LAMBSKIN WITH GOLD HARDWARE,https://cdn.shopify.com/s/files/1/0912/9351/6071/files/img_d42fcc30_20240427_i1714217769_7064_2_jpg_bc075812-86bb-43b1-837b-331265b90f22.jpg?v=1759823719,footwear,fendi,https://cdn.shopify.com/s/files/1/0912/9351/6071/files/img_d42fcc30_20240427_i1714217769_7064_2_jpg_bc075812-86bb-43b1-837b-331265b90f22.jpg?v=1759823719|https://cdn.shopify.com/s/files/1/0912/9351/6071/files/img_d42fcc30_20240427_i1714217769_7752_7_jpg_52f1be0b-6124-4d2d-8ef4-b2fe1ae329c7.jpg?v=1759823719|https://cdn.shopify.com/s/files/1/0912/9351/6071/files/img_d42fcc30_20240427_i1714217769_347_1_jpg_cdcd16e9-3f8d-47ac-a724-1dd4a4f1e823.jpg?v=1759823719|https://cdn.shopify.com/s/files/1/0912/9351/6071/files/img_d42fcc30_20240427_i1714217769_8500_4_jpg_74e5470a-057f-44de-8f8a-b7e35500be42.jpg?v=1759823719|https://cdn.shopify.com/s/files/1/0912/9351/6071/files/img_d42fcc30_20240427_i1714217769_6000_3_jpg_88b3b4ab-3946-4ca5-a900-c5826fabdc53.jpg?v=1759823719|https://cdn.shopify.com/s/files/1/0912/9351/6071/files/img_d42fcc30_20240427_i1714217769_1973_5_jpg_cfd2cda0-22b6-4ec5-8bda-51c26180d54e.jpg?v=1759823719|https://cdn.shopify.com/s/files/1/0912/9351/6071/files/img_d42fcc30_20240427_i1714217769_7767_6_jpg_e66f4cac-66e0-4181-a32c-f3264b42e8cf.jpg?v=1759823719|https://cdn.shopify.com/s/files/1/0912/9351/6071/files/img_d42fcc30_20240427_i1714217768_7589_0_jpg_1502a410-01a2-4065-8323-a9202a5c036b.jpg?v=1759823719|https://cdn.shopify.com/s/files/1/0912/9351/6071/files/img_d42fcc30_20240427_i1714217769_2522_8_jpg_ba006866-3bde-4951-9dda-b6798cd93cf3.jpg?v=1759823719,Hi I want FENDI FFOLD MEDIUM-HEELED 55 MM SANDALS IN ASH GREY LAMBSKIN WITH GOLD HARDWARE,
FENDI FFOLD MEDIUM-HEELED 55 MM SANDALS IN WHITE LAMBSKIN WITH GOLD HARDWARE,https://cdn.shopify.com/s/files/1/0912/9351/6071/files/img_d42fcc30_20240427_i1714218317_8917_6_jpg_5b3219a2-d5ba-4449-97f8-0cbaf61c7403.jpg?v=1759823722,footwear,fendi,https://cdn.shopify.com/s/files/1/0912/9351/6071/files/img_d42fcc30_20240427_i1714218317_8917_6_jpg_5b3219a2-d5ba-4449-97f8-0cbaf61c7403.jpg?v=1759823722|https://cdn.shopify.com/s/files/1/0912/9351/6071/files/img_d42fcc30_20240427_i1714218316_7401_2_jpg_3524d088-721b-43e4-bb80-f4304881e2f7.jpg?v=1759823722|https://cdn.shopify.com/s/files/1/0912/9351/6071/files/img_d42fcc30_20240427_i1714218317_8637_7_jpg_6bb20756-d743-4d26-a9e0-20b2d859d1d7.jpg?v=1759823722|https://cdn.shopify.com/s/files/1/0912/9351/6071/files/img_d42fcc30_20240427_i1714218316_153_4_jpg_62d1da0f-6d4e-43a4-8fc5-8470f5749004.jpg?v=1759823722|https://cdn.shopify.com/s/files/1/0912/9351/6071/files/img_d42fcc30_20240427_i1714218316_7170_1_jpg_bbb61bd2-4e76-4e86-9e7d-e95019dec527.jpg?v=1759823722|https://cdn.shopify.com/s/files/1/0912/9351/6071/files/img_d42fcc30_20240427_i1714218316_790_5_jpg_cbe15a44-611c-424a-9133-d30642760082.jpg?v=1759823722|https://cdn.shopify.com/s/files/1/0912/9351/6071/files/img_d42fcc30_20240427_i1714218317_2391_8_jpg_ff66e490-783e-4349-9452-4b1c6f19ac4b.jpg?v=1759823722|https://cdn.shopify.com/s/files/1/0912/9351/6071/files/img_d42fcc30_20240427_i1714218316_6913_0_jpg_38180c6c-9cdb-496c-b47a-434641c76b20.jpg?v=1759823722|https://cdn.shopify.com/s/files/1/0912/9351/6071/files/img_d42fcc30_20240427_i1714218316_5721_3_jpg_9c7327b6-521f-40ca-9d22-0798b0749c5b.jpg?v=1759823722,Hi I want FENDI FFOLD MEDIUM-HEELED 55 MM SANDALS IN WHITE LAMBSKIN WITH GOLD HARDWARE,
FENDI FFOLD MEDIUM-HEELED 55 MM SANDALS IN BRONZE BROWN LAMBSKIN WITH GOLD HARDWARE,https://cdn.shopify.com/s/files/1/0912/9351/6071/files/img_d42fcc30_20240427_i1714218345_4107_7_jpg_51a21953-282d-44c3-bc6f-7081786d65a9.jpg?v=1759823725,footwear,fendi,https://cdn.shopify.com/s/files/1/0912/9351/6071/files/img_d42fcc30_20240427_i1714218345_4107_7_jpg_51a21953-282d-44c3-bc6f-7081786d65a9.jpg?v=1759823725|https://cdn.shopify.com/s/files/1/0912/9351/6071/files/img_d42fcc30_20240427_i1714218345_3017_6_jpg_ba2b325e-1f64-4c8a-bfc5-1e5a88cf4893.jpg?v=1759823725|https://cdn.shopify.com/s/files/1/0912/9351/6071/files/img_d42fcc30_20240427_i1714218345_5791_1_jpg_b6d5df63-2336-41a7-b512-f1926492e189.jpg?v=1759823725|https://cdn.shopify.com/s/files/1/0912/9351/6071/files/img_d42fcc30_20240427_i1714218345_1077_3_jpg_2bad21fc-5f4c-40fa-944e-5e8a87cd7ca3.jpg?v=1759823725|https://cdn.shopify.com/s/files/1/0912/9351/6071/files/img_d42fcc30_20240427_i1714218345_8989_0_jpg_94b6c7e9-4296-4dd0-bed0-2f2813ac24fe.jpg?v=1759823725|https://cdn.shopify.com/s/files/1/0912/9351/6071/files/img_d42fcc30_20240427_i1714218345_7803_8_jpg_f75932e1-6b58-4d62-9434-7e4350603a13.jpg?v=1759823725|https://cdn.shopify.com/s/files/1/0912/9351/6071/files/img_d42fcc30_20240427_i1714218345_5382_4_jpg_001ed5d6-f595-45c4-b2d0-1821df6a984d.jpg?v=1759823725|https://cdn.shopify.com/s/files/1/0912/9351/6071/files/img_d42fcc30_20240427_i1714218345_115_2_jpg_d13196dc-ac1e-4e49-ae69-e5d0ed88c809.jpg?v=1759823725|https://cdn.shopify.com/s/files/1/0912/9351/6071/files/img_d42fcc30_20240427_i1714218345_179_5_jpg_854ff9a6-ed63-4638-afd0-2be4b769556a.jpg?v=1759823725,Hi I want FENDI FFOLD MEDIUM-HEELED 55 MM SANDALS IN BRONZE BROWN LAMBSKIN WITH GOLD HARDWARE,
FENDI MEDIUM-HEELED 55 MM MULE IN BLACK LAMBSKIN WITH GOLD HARDWARE,https://cdn.shopify.com/s/files/1/0912/9351/6071/files/img_d42fcc30_20240427_i1714216765_1514_1_jpg_260fef54-057b-4417-9261-478de1a3608b.jpg?v=1759823728,footwear,fendi,https://cdn.shopify.com/s/files/1/0912/9351/6071/files/img_d42fcc30_20240427_i1714216765_1514_1_jpg_260fef54-057b-4417-9261-478de1a3608b.jpg?v=1759823728|https://cdn.shopify.com/s/files/1/0912/9351/6071/files/img_d42fcc30_20240427_i1714216765_6910_6_jpg_ce3adae9-4e29-4d0b-b440-87c60eaa4610.jpg?v=1759823728|https://cdn.shopify.com/s/files/1/0912/9351/6071/files/img_d42fcc30_20240427_i1714216765_7988_4_jpg_c7144be9-50fc-482e-878c-8db4288d06f5.jpg?v=1759823728|https://cdn.shopify.com/s/files/1/0912/9351/6071/files/img_d42fcc30_20240427_i1714216765_4131_8_jpg_0673fa8a-1aaf-467b-9d1e-615d606ec523.jpg?v=1759823728|https://cdn.shopify.com/s/files/1/0912/9351/6071/files/img_d42fcc30_20240427_i1714216765_1332_0_jpg_dbb0b08a-a0e6-470b-98a9-68d09651955f.jpg?v=1759823728|https://cdn.shopify.com/s/files/1/0912/9351/6071/files/img_d42fcc30_20240427_i1714216765_558_7_jpg_3c71be55-b639-4e74-bca0-b2f12b1007e5.jpg?v=1759823728|https://cdn.shopify.com/s/files/1/0912/9351/6071/files/img_d42fcc30_20240427_i1714216765_4052_5_jpg_3e7190bf-8029-43f9-9458-f5bac0c0e16d.jpg?v=1759823728|https://cdn.shopify.com/s/files/1/0912/9351/6071/files/img_d42fcc30_20240427_i1714216765_2875_3_jpg_a914e389-a942-43dc-a20c-b15f0ce22538.jpg?v=1759823728|https://cdn.shopify.com/s/files/1/0912/9351/6071/files/img_d42fcc30_20240427_i1714216765_1993_2_jpg_971f83b2-4688-4d5c-af00-5fc5df5c0850.jpg?v=1759823728,Hi I want FENDI MEDIUM-HEELED 55 MM MULE IN BLACK LAMBSKIN WITH GOLD HARDWARE,
FENDI MEDIUM-HEELED 55 MM MULE IN BRONZE BROWN LAMBSKIN WITH GOLD HARDWARE,https://cdn.shopify.com/s/files/1/0912/9351/6071/files/img_d42fcc30_20240427_i1714217149_8762_1_jpg_b921a482-afdd-45fc-a89c-cfffc6f73d92.jpg?v=1759823731,footwear,fendi,https://cdn.shopify.com/s/files/1/0912/9351/6071/files/img_d42fcc30_20240427_i1714217149_8762_1_jpg_b921a482-afdd-45fc-a89c-cfffc6f73d92.jpg?v=1759823731|https://cdn.shopify.com/s/files/1/0912/9351/6071/files/img_d42fcc30_20240427_i1714217149_9316_8_jpg_263ac3e6-8fff-4200-ad45-e2fea78362aa.jpg?v=1759823731|https://cdn.shopify.com/s/files/1/0912/9351/6071/files/img_d42fcc30_20240427_i1714217149_7497_6_jpg_5662407c-62d5-47ab-b1d5-fa86511cfdf9.jpg?v=1759823731|https://cdn.shopify.com/s/files/1/0912/9351/6071/files/img_d42fcc30_20240427_i1714217149_6314_7_jpg_86bd76f1-621d-4426-b6be-496db22a4af5.jpg?v=1759823731|https://cdn.shopify.com/s/files/1/0912/9351/6071/files/img_d42fcc30_20240427_i1714217149_5821_2_jpg_8fe1caab-7314-44a0-9a62-54f73b64840c.jpg?v=1759823731|https://cdn.shopify.com/s/files/1/0912/9351/6071/files/img_d42fcc30_20240427_i1714217149_2110_4_jpg_7d5137fa-0289-41bc-a9b0-a5260bd53447.jpg?v=1759823731|https://cdn.shopify.com/s/files/1/0912/9351/6071/files/img_d42fcc30_20240427_i1714217149_3874_5_jpg_b8e63bba-1819-4346-86ab-84e2a3949874.jpg?v=1759823731|https://cdn.shopify.com/s/files/1/0912/9351/6071/files/img_d42fcc30_20240427_i1714217149_5308_0_jpg_0ffb9b5a-ee9d-4ad1-8e34-c1d88f588a97.jpg?v=1759823731|https://cdn.shopify.com/s/files/1/0912/9351/6071/files/img_d42fcc30_20240427_i1714217149_7285_3_jpg_cc83ad26-a270-4fdb-90a7-5b4a0ea6e7f2.jpg?v=1759823731,Hi I want FENDI MEDIUM-HEELED 55 MM MULE IN BRONZE BROWN LAMBSKIN WITH GOLD HARDWARE,
FENDI MEDIUM-HEELED 55 MM MULE IN WHITE LAMBSKIN WITH GOLD HARDWARE,https://cdn.shopify.com/s/files/1/0912/9351/6071/files/img_d42fcc30_20240427_i1714217236_388_4_jpg_5480f239-7994-4a25-be1d-bcda0b179841.jpg?v=1773309069,footwear,fendi,https://cdn.shopify.com/s/files/1/0912/9351/6071/files/img_d42fcc30_20240427_i1714217236_388_4_jpg_5480f239-7994-4a25-be1d-bcda0b179841.jpg?v=1773309069|https://cdn.shopify.com/s/files/1/0912/9351/6071/files/img_d42fcc30_20240427_i1714217236_4969_1_jpg_20cc4306-e424-4672-a7dd-f46dc78a3763.jpg?v=1773309069|https://cdn.shopify.com/s/files/1/0912/9351/6071/files/img_d42fcc30_20240427_i1714217236_7965_2_jpg_d06c140b-326c-436d-a63a-3fe37c1fe26a.jpg?v=1773309069|https://cdn.shopify.com/s/files/1/0912/9351/6071/files/img_d42fcc30_20240427_i1714217236_7734_0_jpg_a3318dda-eacf-4424-88e0-453fc329b7f4.jpg?v=1773309068|https://cdn.shopify.com/s/files/1/0912/9351/6071/files/img_d42fcc30_20240427_i1714217236_3887_8_jpg_67cb08a7-5b88-4985-97cc-ccdc91f2e1c2.jpg?v=1773309068|https://cdn.shopify.com/s/files/1/0912/9351/6071/files/img_d42fcc30_20240427_i1714217236_1932_5_jpg_266fe14c-fe32-4fb8-9f5f-a319ada15a2b.jpg?v=1773309068|https://cdn.shopify.com/s/files/1/0912/9351/6071/files/img_d42fcc30_20240427_i1714217236_8769_7_jpg_c23a1c7c-8561-4598-96be-f441fe57e1c6.jpg?v=1773309068|https://cdn.shopify.com/s/files/1/0912/9351/6071/files/img_d42fcc30_20240427_i1714217236_6367_3_jpg_c47d7cfe-89e3-47cc-aba6-95176ede65bd.jpg?v=1773309068|https://cdn.shopify.com/s/files/1/0912/9351/6071/files/img_d42fcc30_20240427_i1714217236_2519_6_jpg_d7a981d3-f718-4ec3-a13c-40d959f901a7.jpg?v=1773309068,Hi I want FENDI MEDIUM-HEELED 55 MM MULE IN WHITE LAMBSKIN WITH GOLD HARDWARE,
FENDI MEDIUM-HEELED 55 MM MULE IN ASH GREY LAMBSKIN WITH GOLD HARDWARE,https://cdn.shopify.com/s/files/1/0912/9351/6071/files/img_d42fcc30_20240427_i1714217271_670_2_jpg_544e70cb-b134-4af8-89fe-b92693d610e7.jpg?v=1759823737,footwear,fendi,https://cdn.shopify.com/s/files/1/0912/9351/6071/files/img_d42fcc30_20240427_i1714217271_670_2_jpg_544e70cb-b134-4af8-89fe-b92693d610e7.jpg?v=1759823737|https://cdn.shopify.com/s/files/1/0912/9351/6071/files/img_d42fcc30_20240427_i1714217271_5380_6_jpg_077bdb58-6ae0-40f2-a048-cf107b6bc6e9.jpg?v=1759823737|https://cdn.shopify.com/s/files/1/0912/9351/6071/files/img_d42fcc30_20240427_i1714217271_854_8_jpg_650627e2-e6a3-4489-b84e-f767c6e8441d.jpg?v=1759823737|https://cdn.shopify.com/s/files/1/0912/9351/6071/files/img_d42fcc30_20240427_i1714217271_8229_0_jpg_b71aef96-fe54-432e-a4fe-333655ee4e78.jpg?v=1759823737|https://cdn.shopify.com/s/files/1/0912/9351/6071/files/img_d42fcc30_20240427_i1714217271_8191_3_jpg_561e68b6-864b-4eb3-934e-54e44b855054.jpg?v=1759823737|https://cdn.shopify.com/s/files/1/0912/9351/6071/files/img_d42fcc30_20240427_i1714217271_7118_1_jpg_92b98da5-33df-4228-b76c-dec3d8c3d18c.jpg?v=1759823737|https://cdn.shopify.com/s/files/1/0912/9351/6071/files/img_d42fcc30_20240427_i1714217271_6830_7_jpg_be81b03d-d9c6-4710-8ed5-4e788be50490.jpg?v=1759823737|https://cdn.shopify.com/s/files/1/0912/9351/6071/files/img_d42fcc30_20240427_i1714217271_404_4_jpg_1ddb07ce-658a-4df7-ab21-7205b703649b.jpg?v=1759823737|https://cdn.shopify.com/s/files/1/0912/9351/6071/files/img_d42fcc30_20240427_i1714217271_489_5_jpg_1e312afb-6d7f-4ff6-86d8-93f436400510.jpg?v=1759823738,Hi I want FENDI MEDIUM-HEELED 55 MM MULE IN ASH GREY LAMBSKIN WITH GOLD HARDWARE,
FENDI HIGH-HEELED 10 CM IN SANGRIA RED GLOSSY LAMBSKIN WITH GOLD HARDWARE,https://cdn.shopify.com/s/files/1/0912/9351/6071/files/img_d42fcc30_20240323_i1711194787_4636_4_jpg_9e57ece5-89ba-49c3-bf76-2dac75cbf543.jpg?v=1759823740,footwear,fendi,https://cdn.shopify.com/s/files/1/0912/9351/6071/files/img_d42fcc30_20240323_i1711194787_4636_4_jpg_9e57ece5-89ba-49c3-bf76-2dac75cbf543.jpg?v=1759823740|https://cdn.shopify.com/s/files/1/0912/9351/6071/files/img_d42fcc30_20240323_i1711194787_7729_6_jpg_1572e139-7b78-4942-8520-5b3e0bdeced7.jpg?v=1759823740|https://cdn.shopify.com/s/files/1/0912/9351/6071/files/img_d42fcc30_20240323_i1711194787_4524_3_jpg_9d0d9639-82fb-439e-bde2-6de996b21d98.jpg?v=1759823740|https://cdn.shopify.com/s/files/1/0912/9351/6071/files/img_d42fcc30_20240323_i1711194787_8516_7_jpg_e713991f-b850-4e15-8fbc-38bc5665de7e.jpg?v=1759823740|https://cdn.shopify.com/s/files/1/0912/9351/6071/files/img_d42fcc30_20240323_i1711194787_1626_2_jpg_2d585800-27ca-4b2f-a912-0a01e4bd6261.jpg?v=1759823740|https://cdn.shopify.com/s/files/1/0912/9351/6071/files/img_d42fcc30_20240323_i1711194787_9565_0_jpg_b5850417-ae8f-4ad1-9ddd-70eb3a8008a9.jpg?v=1759823740|https://cdn.shopify.com/s/files/1/0912/9351/6071/files/img_d42fcc30_20240323_i1711194787_7384_5_jpg_8a171553-a40a-4869-85e3-727d34cdf38c.jpg?v=1759823740|https://cdn.shopify.com/s/files/1/0912/9351/6071/files/img_d42fcc30_20240323_i1711194787_4116_1_jpg_e4ca94e1-6f60-4690-ba10-031366e6f9c8.jpg?v=1759823740|https://cdn.shopify.com/s/files/1/0912/9351/6071/files/img_d42fcc30_20240323_i1711194787_3500_8_jpg_e2c1329e-022b-46ad-8b6b-cf85c1923f23.jpg?v=1759823740,Hi I want FENDI HIGH-HEELED 10 CM IN SANGRIA RED GLOSSY LAMBSKIN WITH GOLD HARDWARE,
FENDI HIGH-HEELED 10 CM IN CHESTNUT BROWN GLOSSY LAMBSKIN WITH GOLD HARDWARE,https://cdn.shopify.com/s/files/1/0912/9351/6071/files/img_d42fcc30_20240323_i1711194854_9795_4_jpg_4b235df0-7d7e-4096-9d12-d50d1521091e.jpg?v=1759823743,footwear,fendi,https://cdn.shopify.com/s/files/1/0912/9351/6071/files/img_d42fcc30_20240323_i1711194854_9795_4_jpg_4b235df0-7d7e-4096-9d12-d50d1521091e.jpg?v=1759823743|https://cdn.shopify.com/s/files/1/0912/9351/6071/files/img_d42fcc30_20240323_i1711194854_8814_3_jpg_f531c188-f7e2-4b2e-8af0-56841ff20755.jpg?v=1759823743|https://cdn.shopify.com/s/files/1/0912/9351/6071/files/img_d42fcc30_20240323_i1711194854_2213_6_jpg_5f03caf3-6b8e-40d5-911d-4f5778fd9d7b.jpg?v=1759823743|https://cdn.shopify.com/s/files/1/0912/9351/6071/files/img_d42fcc30_20240323_i1711194854_9281_8_jpg_01799663-230d-44cc-bad3-800cc41ed9d3.jpg?v=1759823743|https://cdn.shopify.com/s/files/1/0912/9351/6071/files/img_d42fcc30_20240323_i1711194854_6760_5_jpg_56221136-d2b5-40d6-9626-ae9a6376a5ee.jpg?v=1759823743|https://cdn.shopify.com/s/files/1/0912/9351/6071/files/img_d42fcc30_20240323_i1711194854_3751_2_jpg_2e0e30c2-acf5-42a1-89c4-37100b67a15b.jpg?v=1759823743|https://cdn.shopify.com/s/files/1/0912/9351/6071/files/img_d42fcc30_20240323_i1711194854_105_7_jpg_1df73a2f-1555-4e31-b88c-b7fb8ba269a9.jpg?v=1759823743|https://cdn.shopify.com/s/files/1/0912/9351/6071/files/img_d42fcc30_20240323_i1711194853_8826_0_jpg_1b243bf3-d98a-40f8-b13a-8c776cec6e7c.jpg?v=1759823743|https://cdn.shopify.com/s/files/1/0912/9351/6071/files/img_d42fcc30_20240323_i1711194853_1283_1_jpg_5f7e454c-9185-42db-84d3-6af84610842f.jpg?v=1759823743,Hi I want FENDI HIGH-HEELED 10 CM IN CHESTNUT BROWN GLOSSY LAMBSKIN WITH GOLD HARDWARE,
FENDI HIGH-HEELED 10 CM IN BLACK GLOSSY LAMBSKIN WITH GOLD HARDWARE,https://cdn.shopify.com/s/files/1/0912/9351/6071/files/img_d42fcc30_20240323_i1711194894_7091_1_jpg_39c72984-e19d-47e5-97e9-7f65fc842482.jpg?v=1759823746,footwear,fendi,https://cdn.shopify.com/s/files/1/0912/9351/6071/files/img_d42fcc30_20240323_i1711194894_7091_1_jpg_39c72984-e19d-47e5-97e9-7f65fc842482.jpg?v=1759823746|https://cdn.shopify.com/s/files/1/0912/9351/6071/files/img_d42fcc30_20240323_i1711194894_7971_4_jpg_660a03cd-476c-4a37-85a3-a4885ae3b09d.jpg?v=1759823746|https://cdn.shopify.com/s/files/1/0912/9351/6071/files/img_d42fcc30_20240323_i1711194894_950_6_jpg_54beccd1-1ca3-43d9-9a39-d9c993ac4cb6.jpg?v=1759823746|https://cdn.shopify.com/s/files/1/0912/9351/6071/files/img_d42fcc30_20240323_i1711194894_5395_0_jpg_e4bc6641-e240-4cdb-a418-cadf2e3de8fd.jpg?v=1759823746|https://cdn.shopify.com/s/files/1/0912/9351/6071/files/img_d42fcc30_20240323_i1711194894_7513_3_jpg_4a98911a-42c8-4934-a48b-012ee96a54ae.jpg?v=1759823745|https://cdn.shopify.com/s/files/1/0912/9351/6071/files/img_d42fcc30_20240323_i1711194894_7510_7_jpg_15b13fc8-4403-41a5-9460-1de63cfa94f8.jpg?v=1759823746|https://cdn.shopify.com/s/files/1/0912/9351/6071/files/img_d42fcc30_20240323_i1711194894_925_2_jpg_4d70db84-5ce1-4780-af2a-509d76c4da38.jpg?v=1759823746|https://cdn.shopify.com/s/files/1/0912/9351/6071/files/img_d42fcc30_20240323_i1711194894_5558_8_jpg_93e39a28-f27c-49f4-b6fa-bc696ed9746b.jpg?v=1759823746|https://cdn.shopify.com/s/files/1/0912/9351/6071/files/img_d42fcc30_20240323_i1711194894_7927_5_jpg_f7d7cbad-cfdf-4dbf-9dc4-2b9a5102c136.jpg?v=1759823746,Hi I want FENDI HIGH-HEELED 10 CM IN BLACK GLOSSY LAMBSKIN WITH GOLD HARDWARE,
FENDI CRYSTAL HIGH-HEELED SLINGBACK 7 CM IN BRONZE BROWN SUEDE,https://cdn.shopify.com/s/files/1/0912/9351/6071/files/img_d42fcc30_20240323_i1711192927_6647_2_jpg_9a320e1d-ed6e-4a11-997a-3bf8de149e8e.jpg?v=1759823750,footwear,fendi,https://cdn.shopify.com/s/files/1/0912/9351/6071/files/img_d42fcc30_20240323_i1711192927_6647_2_jpg_9a320e1d-ed6e-4a11-997a-3bf8de149e8e.jpg?v=1759823750|https://cdn.shopify.com/s/files/1/0912/9351/6071/files/img_d42fcc30_20240323_i1711192927_8660_4_jpg_4da71406-99a5-48dc-8358-14a52ab7b0db.jpg?v=1759823750|https://cdn.shopify.com/s/files/1/0912/9351/6071/files/img_d42fcc30_20240323_i1711192928_5304_6_jpg_69e8aa2f-0226-42f3-94b4-0b8fad45433b.jpg?v=1759823750|https://cdn.shopify.com/s/files/1/0912/9351/6071/files/img_d42fcc30_20240323_i1711192927_5064_1_jpg_2eb41cd9-16f6-44f9-8e96-48900baee3c0.jpg?v=1759823750|https://cdn.shopify.com/s/files/1/0912/9351/6071/files/img_d42fcc30_20240323_i1711192927_3486_5_jpg_5f5bf293-a1ac-4db1-9c44-641d81381e3a.jpg?v=1759823750|https://cdn.shopify.com/s/files/1/0912/9351/6071/files/img_d42fcc30_20240323_i1711192928_7293_7_jpg_d732788d-9c0a-4903-b920-a47b887ab5d1.jpg?v=1759823750|https://cdn.shopify.com/s/files/1/0912/9351/6071/files/img_d42fcc30_20240323_i1711192927_2720_0_jpg_a7abd040-3b05-4a7b-9f0e-1d5c40658673.jpg?v=1759823751|https://cdn.shopify.com/s/files/1/0912/9351/6071/files/img_d42fcc30_20240323_i1711192927_2473_3_jpg_33982152-5b44-47ea-aeed-2c906ca8c98e.jpg?v=1759823750|https://cdn.shopify.com/s/files/1/0912/9351/6071/files/img_d42fcc30_20240323_i1711192928_2597_8_jpg_8f532870-0784-4dde-9cd6-0d20a39bc1b5.jpg?v=1759823750,Hi I want FENDI CRYSTAL HIGH-HEELED SLINGBACK 7 CM IN BRONZE BROWN SUEDE,
FENDI CRYSTAL HIGH-HEELED SLINGBACK 7 CM IN BLACK  SUEDE,https://cdn.shopify.com/s/files/1/0912/9351/6071/files/img_d42fcc30_20240323_i1711193012_7382_3_jpg_ee861107-d295-4eff-9c6e-aa6979667fc8.jpg?v=1759823752,footwear,fendi,https://cdn.shopify.com/s/files/1/0912/9351/6071/files/img_d42fcc30_20240323_i1711193012_7382_3_jpg_ee861107-d295-4eff-9c6e-aa6979667fc8.jpg?v=1759823752|https://cdn.shopify.com/s/files/1/0912/9351/6071/files/img_d42fcc30_20240323_i1711193013_389_4_jpg_5afa9faa-3fcb-487c-8178-2b65417f37ed.jpg?v=1759823752|https://cdn.shopify.com/s/files/1/0912/9351/6071/files/img_d42fcc30_20240323_i1711193012_5896_0_jpg_b026a9ee-6a9c-4c6b-a4f4-82b8ccbb4246.jpg?v=1759823752|https://cdn.shopify.com/s/files/1/0912/9351/6071/files/img_d42fcc30_20240323_i1711193053_7719_0_jpg_f96c749f-0d01-4ca9-977d-1c7b2d4a32a9.jpg?v=1759823752|https://cdn.shopify.com/s/files/1/0912/9351/6071/files/img_d42fcc30_20240323_i1711193013_9075_5_jpg_098c81f0-5daa-489e-a0a5-52aa071d7af3.jpg?v=1759823752|https://cdn.shopify.com/s/files/1/0912/9351/6071/files/img_d42fcc30_20240323_i1711193013_4965_7_jpg_51b613c3-7404-45c0-bb8f-676aed6340ea.jpg?v=1759823752|https://cdn.shopify.com/s/files/1/0912/9351/6071/files/img_d42fcc30_20240323_i1711193013_4515_6_jpg_a51041b5-7995-4389-bef7-3e54c1b313b4.jpg?v=1759823752|https://cdn.shopify.com/s/files/1/0912/9351/6071/files/img_d42fcc30_20240323_i1711193013_520_8_jpg_fd849182-4cbf-43d2-9b03-c0f825ce5856.jpg?v=1759823752|https://cdn.shopify.com/s/files/1/0912/9351/6071/files/img_d42fcc30_20240323_i1711193012_1005_2_jpg_6b080815-224b-4ca4-8cf7-ab54deba71e2.jpg?v=1759823752,Hi I want FENDI CRYSTAL HIGH-HEELED SLINGBACK 7 CM IN BLACK  SUEDE,
FENDI SEQUINS HIGH-HEELED SLINGBACK 85MM GOLD,https://cdn.shopify.com/s/files/1/0912/9351/6071/files/img_0f96c430_20240529_i1716918354_815_7_jpg_46f5d980-b6c7-4db2-8826-d7738d7c8d29.jpg?v=1759823754,footwear,fendi,https://cdn.shopify.com/s/files/1/0912/9351/6071/files/img_0f96c430_20240529_i1716918354_815_7_jpg_46f5d980-b6c7-4db2-8826-d7738d7c8d29.jpg?v=1759823754|https://cdn.shopify.com/s/files/1/0912/9351/6071/files/img_0f96c430_20240529_i1716918354_1446_0_jpg_3f7cd0eb-e3d0-493e-b88d-ca97aa3a7853.jpg?v=1759823753|https://cdn.shopify.com/s/files/1/0912/9351/6071/files/img_0f96c430_20240529_i1716918354_2606_1_jpg_d7864ca2-e9ce-4641-8a62-ac3b4560cfe8.jpg?v=1759823753|https://cdn.shopify.com/s/files/1/0912/9351/6071/files/img_0f96c430_20240529_i1716918354_439_6_jpg_60771d71-9d12-489f-85d5-77e3c9965004.jpg?v=1759823754|https://cdn.shopify.com/s/files/1/0912/9351/6071/files/img_0f96c430_20240529_i1716918354_6767_4_jpg_eb966c0f-28fc-4f96-90df-eefa1d197fe3.jpg?v=1759823754|https://cdn.shopify.com/s/files/1/0912/9351/6071/files/img_0f96c430_20240529_i1716918354_5253_3_jpg_a3b9db6e-ee99-40a5-8adc-a7a5413ede15.jpg?v=1759823754|https://cdn.shopify.com/s/files/1/0912/9351/6071/files/img_0f96c430_20240529_i1716918356_1554_0_jpg_105d34bf-9351-4630-b2e1-fa8641b88687.jpg?v=1759823753|https://cdn.shopify.com/s/files/1/0912/9351/6071/files/img_0f96c430_20240529_i1716918354_1574_5_jpg_dfcf195d-c845-4321-ba81-e060acfee7a7.jpg?v=1759823754|https://cdn.shopify.com/s/files/1/0912/9351/6071/files/img_0f96c430_20240529_i1716918354_7795_2_jpg_b4b0b003-5586-4639-98b0-13ea50e1c7e5.jpg?v=1759823754,Hi I want FENDI SEQUINS HIGH-HEELED SLINGBACK 85MM GOLD,
FENDI SEQUINS HIGH-HEELED SLINGBACK 85MM SILVER,https://cdn.shopify.com/s/files/1/0912/9351/6071/files/img_0f96c430_20240529_i1716918362_5673_0_jpg_3d0a0fa3-e590-4213-9c4b-66bbc77b6178.jpg?v=1759823756,footwear,fendi,https://cdn.shopify.com/s/files/1/0912/9351/6071/files/img_0f96c430_20240529_i1716918362_5673_0_jpg_3d0a0fa3-e590-4213-9c4b-66bbc77b6178.jpg?v=1759823756|https://cdn.shopify.com/s/files/1/0912/9351/6071/files/img_0f96c430_20240529_i1716918362_60_0_jpg_a6ede5c6-0b3a-493d-a203-4c93d8274c55.jpg?v=1759823756|https://cdn.shopify.com/s/files/1/0912/9351/6071/files/img_0f96c430_20240529_i1716918362_3593_0_jpg_1259d714-26de-4366-a2aa-5ad956242e84.jpg?v=1759823756|https://cdn.shopify.com/s/files/1/0912/9351/6071/files/img_0f96c430_20240529_i1716918362_8447_0_jpg_dd8597c8-ec7b-42d5-adcf-cfc1968f4e29.jpg?v=1759823756|https://cdn.shopify.com/s/files/1/0912/9351/6071/files/img_0f96c430_20240529_i1716918362_532_0_jpg_f474afcf-6cbb-4558-953d-8c37309ee42d.jpg?v=1759823756|https://cdn.shopify.com/s/files/1/0912/9351/6071/files/img_0f96c430_20240529_i1716918362_798_0_jpg_a7945632-b58e-4b57-b8c6-92d27a105923.jpg?v=1759823756|https://cdn.shopify.com/s/files/1/0912/9351/6071/files/img_0f96c430_20240529_i1716918362_7277_0_jpg_0dfe7fc5-8b8f-48fe-b829-be041405cc8d.jpg?v=1759823756|https://cdn.shopify.com/s/files/1/0912/9351/6071/files/img_0f96c430_20240529_i1716918362_7483_0_jpg_e69eeda2-bbb9-4714-8c73-c3d0b6333a9e.jpg?v=1759823756|https://cdn.shopify.com/s/files/1/0912/9351/6071/files/img_0f96c430_20240529_i1716918362_231_0_jpg_a48cb368-13b4-456a-ac01-29f4ecabaa66.jpg?v=1759823756,Hi I want FENDI SEQUINS HIGH-HEELED SLINGBACK 85MM SILVER,
FENDI FIRST HIGH-HEELED SLINGBACK 85 MM IN BEIGE LAMBSKIN GOLD HARDWARE,https://cdn.shopify.com/s/files/1/0912/9351/6071/files/img_0f96c430_20240529_i1716918367_3694_4_jpg_17747561-7963-4119-8a30-b6c34b6688e3.jpg?v=1759823759,footwear,fendi,https://cdn.shopify.com/s/files/1/0912/9351/6071/files/img_0f96c430_20240529_i1716918367_3694_4_jpg_17747561-7963-4119-8a30-b6c34b6688e3.jpg?v=1759823759|https://cdn.shopify.com/s/files/1/0912/9351/6071/files/img_0f96c430_20240529_i1716918367_9574_3_jpg_ad7a4d0f-1792-465b-910d-4e7afbad0b51.jpg?v=1759823760|https://cdn.shopify.com/s/files/1/0912/9351/6071/files/img_0f96c430_20240529_i1716918367_7740_6_jpg_4d392750-d051-471a-9988-cd383306d2cb.jpg?v=1759823760|https://cdn.shopify.com/s/files/1/0912/9351/6071/files/img_0f96c430_20240529_i1716918367_4943_7_jpg_9323cd37-b8aa-46ce-bede-e7460ea75603.jpg?v=1759823760|https://cdn.shopify.com/s/files/1/0912/9351/6071/files/img_0f96c430_20240529_i1716918367_2195_8_jpg_5f7ffd48-1efc-49db-8fff-c7461a822a22.jpg?v=1759823760|https://cdn.shopify.com/s/files/1/0912/9351/6071/files/img_0f96c430_20240529_i1716918367_6100_2_jpg_22b41560-605f-4769-a5e5-70afd57912fb.jpg?v=1759823760|https://cdn.shopify.com/s/files/1/0912/9351/6071/files/img_0f96c430_20240529_i1716918367_8323_1_jpg_b1929133-58cd-4426-a36f-31ec496fbb45.jpg?v=1759823760|https://cdn.shopify.com/s/files/1/0912/9351/6071/files/img_0f96c430_20240529_i1716918367_7057_0_jpg_43cfcb81-9263-4614-99ca-1112e667b162.jpg?v=1759823760|https://cdn.shopify.com/s/files/1/0912/9351/6071/files/img_0f96c430_20240529_i1716918367_3115_5_jpg_fbeeb773-fc9e-4662-a005-0d6cb2a3e96c.jpg?v=1759823760,Hi I want FENDI FIRST HIGH-HEELED SLINGBACK 85 MM IN BEIGE LAMBSKIN GOLD HARDWARE,
FENDI FIRST HIGH-HEELED SLINGBACK 85 MM IN BLACK LAMBSKIN GOLD HARDWARE,https://cdn.shopify.com/s/files/1/0912/9351/6071/files/img_0f96c430_20240529_i1716918385_1903_5_jpg_b2467449-7b00-45d9-a888-a374016e726f.jpg?v=1759823765,footwear,fendi,https://cdn.shopify.com/s/files/1/0912/9351/6071/files/img_0f96c430_20240529_i1716918385_1903_5_jpg_b2467449-7b00-45d9-a888-a374016e726f.jpg?v=1759823765|https://cdn.shopify.com/s/files/1/0912/9351/6071/files/img_0f96c430_20240529_i1716918385_2674_4_jpg_e3a7d849-d15c-4af8-b08f-69e26b6e41ea.jpg?v=1759823765|https://cdn.shopify.com/s/files/1/0912/9351/6071/files/img_0f96c430_20240529_i1716918385_215_8_jpg_6a0e8fee-3518-4b2e-aca0-42562766b607.jpg?v=1759823765|https://cdn.shopify.com/s/files/1/0912/9351/6071/files/img_0f96c430_20240529_i1716918385_3302_2_jpg_5aafe3b6-e460-459b-8cfd-8c9f6b68c0e4.jpg?v=1759823765|https://cdn.shopify.com/s/files/1/0912/9351/6071/files/img_0f96c430_20240529_i1716918385_1489_3_jpg_6ac30544-1aeb-45f3-a267-b853967fbad9.jpg?v=1759823765|https://cdn.shopify.com/s/files/1/0912/9351/6071/files/img_0f96c430_20240529_i1716918385_8952_6_jpg_cc3aa6a1-1c58-4a35-b749-0c4b14402af7.jpg?v=1759823765|https://cdn.shopify.com/s/files/1/0912/9351/6071/files/img_0f96c430_20240529_i1716918385_4244_1_jpg_dac43ffb-d71d-4ec5-93fd-7f106e1185f0.jpg?v=1759823766|https://cdn.shopify.com/s/files/1/0912/9351/6071/files/img_0f96c430_20240529_i1716918385_7959_0_jpg_f322f8d9-ad45-4a37-bad7-39dfe1c7ded2.jpg?v=1759823765|https://cdn.shopify.com/s/files/1/0912/9351/6071/files/img_0f96c430_20240529_i1716918385_660_7_jpg_f26cb05a-5311-457f-980b-dbf1685e970e.jpg?v=1759823765,Hi I want FENDI FIRST HIGH-HEELED SLINGBACK 85 MM IN BLACK LAMBSKIN GOLD HARDWARE,
FENDI FIRST HIGH-HEELED SANDALS 85 MM IN BLACK LAMBSKIN GOLD HARDWARE,https://cdn.shopify.com/s/files/1/0912/9351/6071/files/img_0f96c430_20240529_i1716918579_4603_1_jpg_78187637-14cf-4679-85f6-5d6bd6e0de0f.jpg?v=1759823767,footwear,fendi,https://cdn.shopify.com/s/files/1/0912/9351/6071/files/img_0f96c430_20240529_i1716918579_4603_1_jpg_78187637-14cf-4679-85f6-5d6bd6e0de0f.jpg?v=1759823767|https://cdn.shopify.com/s/files/1/0912/9351/6071/files/img_0f96c430_20240529_i1716918581_7650_0_jpg_4580a872-e790-45c3-8b1e-8373de654833.jpg?v=1759823767|https://cdn.shopify.com/s/files/1/0912/9351/6071/files/img_0f96c430_20240529_i1716918580_735_5_jpg_5a57a174-f790-440a-ba1e-b8d884ca294c.jpg?v=1759823767|https://cdn.shopify.com/s/files/1/0912/9351/6071/files/img_0f96c430_20240529_i1716918579_4201_0_jpg_b63f1fd9-49fe-497b-8b7d-196f6cc40c4b.jpg?v=1759823767|https://cdn.shopify.com/s/files/1/0912/9351/6071/files/img_0f96c430_20240529_i1716918580_4066_4_jpg_1f921918-efb4-4e08-9d16-07504a9da22d.jpg?v=1759823767|https://cdn.shopify.com/s/files/1/0912/9351/6071/files/img_0f96c430_20240529_i1716918580_7220_8_jpg_966de037-9f6f-4483-b888-22c440d5b243.jpg?v=1759823767|https://cdn.shopify.com/s/files/1/0912/9351/6071/files/img_0f96c430_20240529_i1716918580_9161_7_jpg_385c4688-f8d7-4342-a8ee-ae704ef77460.jpg?v=1759823767|https://cdn.shopify.com/s/files/1/0912/9351/6071/files/img_0f96c430_20240529_i1716918580_2586_6_jpg_51d19d36-d106-4cb7-8443-ee695322d840.jpg?v=1759823767|https://cdn.shopify.com/s/files/1/0912/9351/6071/files/img_0f96c430_20240529_i1716918581_3359_0_jpg_6edaed23-71aa-4462-becc-638efa445401.jpg?v=1759823767,Hi I want FENDI FIRST HIGH-HEELED SANDALS 85 MM IN BLACK LAMBSKIN GOLD HARDWARE,
FENDI FIRST HIGH-HEELED SANDALS 85 MM IN TUSCAN TAN LAMBSKIN GOLD HARDWARE,https://cdn.shopify.com/s/files/1/0912/9351/6071/files/img_0f96c430_20240529_i1716918586_7589_0_jpg_0e326e4d-d2d9-46bc-846d-9edcc6fb6a8a.jpg?v=1759823769,footwear,fendi,https://cdn.shopify.com/s/files/1/0912/9351/6071/files/img_0f96c430_20240529_i1716918586_7589_0_jpg_0e326e4d-d2d9-46bc-846d-9edcc6fb6a8a.jpg?v=1759823769|https://cdn.shopify.com/s/files/1/0912/9351/6071/files/img_0f96c430_20240529_i1716918587_1762_3_jpg_691c97ba-257a-4bb0-a470-67309dc570aa.jpg?v=1759823769|https://cdn.shopify.com/s/files/1/0912/9351/6071/files/img_0f96c430_20240529_i1716918586_2583_1_jpg_0b47f022-23a8-45f0-bb95-2c8cb5323486.jpg?v=1759823769|https://cdn.shopify.com/s/files/1/0912/9351/6071/files/img_0f96c430_20240529_i1716918587_8438_6_jpg_ec702d74-5738-4688-9413-8adcaad285a6.jpg?v=1759823769|https://cdn.shopify.com/s/files/1/0912/9351/6071/files/img_0f96c430_20240529_i1716918587_6060_7_jpg_f9c0969a-41a0-42c9-b86c-4b5a26255402.jpg?v=1759823769|https://cdn.shopify.com/s/files/1/0912/9351/6071/files/img_0f96c430_20240529_i1716918587_2819_5_jpg_c2143597-e70e-4c55-94b7-f4aa7ddc3a9c.jpg?v=1759823769|https://cdn.shopify.com/s/files/1/0912/9351/6071/files/img_0f96c430_20240529_i1716918587_9029_8_jpg_823a4586-b5f8-4652-8724-d91731ec761c.jpg?v=1759823769|https://cdn.shopify.com/s/files/1/0912/9351/6071/files/img_0f96c430_20240529_i1716918587_6529_4_jpg_9db4080b-f912-43b1-bdb0-ca9b6676c226.jpg?v=1759823769|https://cdn.shopify.com/s/files/1/0912/9351/6071/files/img_0f96c430_20240529_i1716918586_7505_2_jpg_ea56c4d3-124c-416b-9553-58f8c9b53301.jpg?v=1759823769,Hi I want FENDI FIRST HIGH-HEELED SANDALS 85 MM IN TUSCAN TAN LAMBSKIN GOLD HARDWARE,
FENDI FIRST HIGH-HEELED SANDALS 85 MM IN BEIGE LAMBSKIN GOLD HARDWARE,https://cdn.shopify.com/s/files/1/0912/9351/6071/files/img_0f96c430_20240529_i1716918595_2297_4_jpg_57868a68-130b-4d99-9eb6-bd34705d466f.jpg?v=1759823771,footwear,fendi,https://cdn.shopify.com/s/files/1/0912/9351/6071/files/img_0f96c430_20240529_i1716918595_2297_4_jpg_57868a68-130b-4d99-9eb6-bd34705d466f.jpg?v=1759823771|https://cdn.shopify.com/s/files/1/0912/9351/6071/files/img_0f96c430_20240529_i1716918595_2106_2_jpg_37050522-1846-4e26-a7dd-9b6369407097.jpg?v=1759823771|https://cdn.shopify.com/s/files/1/0912/9351/6071/files/img_0f96c430_20240529_i1716918596_6659_7_jpg_913b1c76-8f13-4b7c-88a8-183718a79222.jpg?v=1759823771|https://cdn.shopify.com/s/files/1/0912/9351/6071/files/img_0f96c430_20240529_i1716918595_7946_0_jpg_8d2f2f61-9854-48bf-bc1d-ed1c60d4dd86.jpg?v=1759823771|https://cdn.shopify.com/s/files/1/0912/9351/6071/files/img_0f96c430_20240529_i1716918596_8070_8_jpg_d506e8e8-29b4-4f06-9d69-591f757d45c8.jpg?v=1759823771|https://cdn.shopify.com/s/files/1/0912/9351/6071/files/img_0f96c430_20240529_i1716918595_2278_5_jpg_52ca1b97-60a0-4a14-bedd-d3f6a5f6fb0b.jpg?v=1759823771|https://cdn.shopify.com/s/files/1/0912/9351/6071/files/img_0f96c430_20240529_i1716918595_6042_1_jpg_5592971d-50cc-43cb-831a-a3810da6194b.jpg?v=1759823771|https://cdn.shopify.com/s/files/1/0912/9351/6071/files/img_0f96c430_20240529_i1716918595_8160_6_jpg_9809cf6b-475a-4128-bcd1-55f7c2ad76dd.jpg?v=1759823771|https://cdn.shopify.com/s/files/1/0912/9351/6071/files/img_0f96c430_20240529_i1716918595_4460_3_jpg_251d59a0-1d4e-4090-b895-dae3fbe10bdc.jpg?v=1759823771,Hi I want FENDI FIRST HIGH-HEELED SANDALS 85 MM IN BEIGE LAMBSKIN GOLD HARDWARE,
FENDI COLIBRÃÅ’ HIGH-HEELED SLINGBACKS 75MM IN LIGHT GREY FABRIC,https://cdn.shopify.com/s/files/1/0912/9351/6071/files/img_0f96c430_20240529_i1716918749_1883_0_jpg_d2fe814e-bab2-4415-b592-6ba516ed4805.jpg?v=1759823776,footwear,fendi,https://cdn.shopify.com/s/files/1/0912/9351/6071/files/img_0f96c430_20240529_i1716918749_1883_0_jpg_d2fe814e-bab2-4415-b592-6ba516ed4805.jpg?v=1759823776|https://cdn.shopify.com/s/files/1/0912/9351/6071/files/img_0f96c430_20240529_i1716918750_922_2_jpg_7cedb59e-d925-4136-921a-05260c2ccd82.jpg?v=1759823776|https://cdn.shopify.com/s/files/1/0912/9351/6071/files/img_0f96c430_20240529_i1716918750_8101_3_jpg_54548b33-9c77-4d74-8198-c2d9d0426a03.jpg?v=1759823776|https://cdn.shopify.com/s/files/1/0912/9351/6071/files/img_0f96c430_20240529_i1716918750_9820_8_jpg_a08ceace-fbaa-4b58-bf36-dc1089e79e0d.jpg?v=1759823776|https://cdn.shopify.com/s/files/1/0912/9351/6071/files/img_0f96c430_20240529_i1716918750_5665_6_jpg_7116a468-8f97-45b4-bca1-3c2ff927ef7b.jpg?v=1759823776|https://cdn.shopify.com/s/files/1/0912/9351/6071/files/img_0f96c430_20240529_i1716918749_1162_1_jpg_02c6c409-845a-4157-bb75-ac2c02c77d36.jpg?v=1759823776|https://cdn.shopify.com/s/files/1/0912/9351/6071/files/img_0f96c430_20240529_i1716918750_1751_7_jpg_4548fcde-6856-439e-8393-e3439a9b2a92.jpg?v=1759823776|https://cdn.shopify.com/s/files/1/0912/9351/6071/files/img_0f96c430_20240529_i1716918750_3551_5_jpg_8a6e72c8-f111-4b0c-939e-d4b924833415.jpg?v=1759823776,Hi I want FENDI COLIBRÃÅ’ HIGH-HEELED SLINGBACKS 75MM IN LIGHT GREY FABRIC,
FENDI BAGUETTE HIGH HEELS 85MM IN WHITE LAMBSKIN WITH GOLD HARDWARE,https://cdn.shopify.com/s/files/1/0912/9351/6071/files/img_0f96c430_20240529_i1716919099_3672_6_jpg_56da2fa9-57c3-41f8-abaa-f65c52342dcd.jpg?v=1759823780,footwear,fendi,https://cdn.shopify.com/s/files/1/0912/9351/6071/files/img_0f96c430_20240529_i1716919099_3672_6_jpg_56da2fa9-57c3-41f8-abaa-f65c52342dcd.jpg?v=1759823780|https://cdn.shopify.com/s/files/1/0912/9351/6071/files/img_0f96c430_20240529_i1716919099_6027_2_jpg_547566bd-c9d0-4e4c-9483-1ca14572e2af.jpg?v=1759823780|https://cdn.shopify.com/s/files/1/0912/9351/6071/files/img_0f96c430_20240529_i1716919099_7046_4_jpg_becddc65-f26a-4307-b7bf-311670460ffe.jpg?v=1759823780|https://cdn.shopify.com/s/files/1/0912/9351/6071/files/img_0f96c430_20240529_i1716919099_5942_0_jpg_59dac239-d0e0-4da6-9587-9bdceb8bc442.jpg?v=1759823780|https://cdn.shopify.com/s/files/1/0912/9351/6071/files/img_0f96c430_20240529_i1716919099_1954_5_jpg_8645a675-54bc-40c0-ad92-73436ec7066c.jpg?v=1759823780|https://cdn.shopify.com/s/files/1/0912/9351/6071/files/img_0f96c430_20240529_i1716919099_1972_7_jpg_b7f3f394-50e1-41b5-a907-05bc7be03e94.jpg?v=1759823780|https://cdn.shopify.com/s/files/1/0912/9351/6071/files/img_0f96c430_20240529_i1716919099_4510_8_jpg_52ea1730-512c-4305-82d7-27fbe80184e9.jpg?v=1759823780|https://cdn.shopify.com/s/files/1/0912/9351/6071/files/img_0f96c430_20240529_i1716919099_5178_3_jpg_66ea446a-5eba-46eb-8f1c-2de6b70e9883.jpg?v=1759823780|https://cdn.shopify.com/s/files/1/0912/9351/6071/files/img_0f96c430_20240529_i1716919099_8571_1_jpg_33eec004-ee96-4da1-bb71-b0ef3ea9aa98.jpg?v=1759823780,Hi I want FENDI BAGUETTE HIGH HEELS 85MM IN WHITE LAMBSKIN WITH GOLD HARDWARE,
FENDI BAGUETTE HIGH HEELS 85MM IN BLACK LAMBSKIN WITH GOLD HARDWARE,https://cdn.shopify.com/s/files/1/0912/9351/6071/files/img_0f96c430_20240529_i1716919112_452_7_jpg_7b65ebdd-f1b6-4812-ad00-14f1cae054cb.jpg?v=1759823782,footwear,fendi,https://cdn.shopify.com/s/files/1/0912/9351/6071/files/img_0f96c430_20240529_i1716919112_452_7_jpg_7b65ebdd-f1b6-4812-ad00-14f1cae054cb.jpg?v=1759823782|https://cdn.shopify.com/s/files/1/0912/9351/6071/files/img_0f96c430_20240529_i1716919113_6356_8_jpg_8ec17309-9389-4af4-9e40-1827f71c6b5b.jpg?v=1759823782|https://cdn.shopify.com/s/files/1/0912/9351/6071/files/img_0f96c430_20240529_i1716919112_5096_4_jpg_773218ea-9e7d-4063-9930-25641c012b7d.jpg?v=1759823782|https://cdn.shopify.com/s/files/1/0912/9351/6071/files/img_0f96c430_20240529_i1716919112_5452_6_jpg_0f5c1ea2-3934-4321-931b-97eb6f6e693e.jpg?v=1759823782|https://cdn.shopify.com/s/files/1/0912/9351/6071/files/img_0f96c430_20240529_i1716919112_8088_2_jpg_0e87cdce-bda9-4aed-8370-d66395ddbbc2.jpg?v=1759823782|https://cdn.shopify.com/s/files/1/0912/9351/6071/files/img_0f96c430_20240529_i1716919112_6338_3_jpg_5d0d6c85-66bd-4e99-bcc8-e15695bc3645.jpg?v=1759823782|https://cdn.shopify.com/s/files/1/0912/9351/6071/files/img_0f96c430_20240529_i1716919112_1935_5_jpg_4b0f585f-5084-41e5-8973-63d69a855d08.jpg?v=1759823782|https://cdn.shopify.com/s/files/1/0912/9351/6071/files/img_0f96c430_20240529_i1716919112_7637_0_jpg_d655221a-1a25-49ce-96f2-3a544b0ae810.jpg?v=1759823782|https://cdn.shopify.com/s/files/1/0912/9351/6071/files/img_0f96c430_20240529_i1716919112_1148_1_jpg_1c1d3c5e-ff3c-4193-8b7f-edc1104e3587.jpg?v=1759823782,Hi I want FENDI BAGUETTE HIGH HEELS 85MM IN BLACK LAMBSKIN WITH GOLD HARDWARE,
FENDI BAGUETTE SLIDES IN LIGHT PINK LAMBSKIN,https://cdn.shopify.com/s/files/1/0912/9351/6071/files/img_fc23bd8b_20240607_a1717764123111_5660_jpg_184e7b92-2950-471b-9503-5bac9ab0abdf.jpg?v=1759823784,footwear,fendi,https://cdn.shopify.com/s/files/1/0912/9351/6071/files/img_fc23bd8b_20240607_a1717764123111_5660_jpg_184e7b92-2950-471b-9503-5bac9ab0abdf.jpg?v=1759823784|https://cdn.shopify.com/s/files/1/0912/9351/6071/files/img_fc23bd8b_20240607_a1717764123110_4851_jpg_b59dcc82-8867-42fc-a268-bfb9a2504d81.jpg?v=1759823784|https://cdn.shopify.com/s/files/1/0912/9351/6071/files/img_fc23bd8b_20240607_a1717764123001_7312_jpg_6b53cb60-e242-4895-b6ee-5352b1d7de13.jpg?v=1759823784|https://cdn.shopify.com/s/files/1/0912/9351/6071/files/img_fc23bd8b_20240607_a1717764123078_6302_jpg_d99a10bc-171c-4229-91e9-c2446a090f97.jpg?v=1759823784|https://cdn.shopify.com/s/files/1/0912/9351/6071/files/img_fc23bd8b_20240607_a1717764123010_6567_jpg_b2a34922-46bb-45bd-a3a0-806fa48d798a.jpg?v=1759823784|https://cdn.shopify.com/s/files/1/0912/9351/6071/files/img_fc23bd8b_20240607_a1717764124160_6287_jpg_d07c5872-ec54-4218-83a7-b90aa01025f3.jpg?v=1759823784|https://cdn.shopify.com/s/files/1/0912/9351/6071/files/img_fc23bd8b_20240607_a1717764122980_5877_jpg_a95194bc-d6dc-4277-a174-77c5047f1e05.jpg?v=1759823784|https://cdn.shopify.com/s/files/1/0912/9351/6071/files/img_fc23bd8b_20240607_a1717764124204_4468_jpg_9a832f41-d14e-4bcb-8738-7d3dcfbc7333.jpg?v=1759823784|https://cdn.shopify.com/s/files/1/0912/9351/6071/files/img_fc23bd8b_20240607_a1717764124195_1775_jpg_4326e20c-5d53-446f-8d45-c5e9f38d2aa5.jpg?v=1759823784,Hi I want FENDI BAGUETTE SLIDES IN LIGHT PINK LAMBSKIN,
FENDI ROMA SLIDES IN WHITE LAMBSKIN LEATHER,https://cdn.shopify.com/s/files/1/0912/9351/6071/files/img_ecdaeb01_20240621_i1718906042_4435_3_jpg_35160f5d-275a-4ffd-a619-827e0f8b018b.jpg?v=1759823787,footwear,fendi,https://cdn.shopify.com/s/files/1/0912/9351/6071/files/img_ecdaeb01_20240621_i1718906042_4435_3_jpg_35160f5d-275a-4ffd-a619-827e0f8b018b.jpg?v=1759823787|https://cdn.shopify.com/s/files/1/0912/9351/6071/files/img_ecdaeb01_20240621_i1718906042_8582_0_jpg_6cc7b47f-4530-4e8f-ad08-ef75c3e0d9fc.jpg?v=1759823787|https://cdn.shopify.com/s/files/1/0912/9351/6071/files/img_ecdaeb01_20240621_i1718906042_7325_6_jpg_8377dec6-627d-4547-8251-ba4e1956146d.jpg?v=1759823787|https://cdn.shopify.com/s/files/1/0912/9351/6071/files/img_ecdaeb01_20240621_i1718906042_284_7_jpg_3d144382-9a61-4ba8-8dad-74531b558959.jpg?v=1759823787|https://cdn.shopify.com/s/files/1/0912/9351/6071/files/img_ecdaeb01_20240621_i1718906042_2235_4_jpg_124ddd03-1fdb-4100-a85d-65ceb7518be2.jpg?v=1759823787|https://cdn.shopify.com/s/files/1/0912/9351/6071/files/img_ecdaeb01_20240621_i1718906042_2841_2_jpg_89c1329e-d8de-470e-a4d1-1ee36c5e94ab.jpg?v=1759823787|https://cdn.shopify.com/s/files/1/0912/9351/6071/files/img_ecdaeb01_20240621_i1718906042_8271_1_jpg_30ca8815-4954-4db8-8936-a54494cb4c86.jpg?v=1759823788|https://cdn.shopify.com/s/files/1/0912/9351/6071/files/img_ecdaeb01_20240621_i1718906042_9166_5_jpg_fe97aaff-9aec-402a-9172-3344f3419f93.jpg?v=1759823787|https://cdn.shopify.com/s/files/1/0912/9351/6071/files/img_ecdaeb01_20240621_i1718906043_1845_8_jpg_35f5046e-26bb-4903-b970-681d0e95f5ac.jpg?v=1759823788,Hi I want FENDI ROMA SLIDES IN WHITE LAMBSKIN LEATHER,
FENDI ROMA SLIDES IN TEAL GREEN LAMBSKIN LEATHER,https://cdn.shopify.com/s/files/1/0912/9351/6071/files/img_ecdaeb01_20240621_i1718906156_4046_0_jpg_c9cdfc6d-d537-423d-8c37-bb6ef0d265e1.jpg?v=1759823791,footwear,fendi,https://cdn.shopify.com/s/files/1/0912/9351/6071/files/img_ecdaeb01_20240621_i1718906156_4046_0_jpg_c9cdfc6d-d537-423d-8c37-bb6ef0d265e1.jpg?v=1759823791|https://cdn.shopify.com/s/files/1/0912/9351/6071/files/img_ecdaeb01_20240621_i1718906155_6470_0_jpg_becb402d-9651-4c6a-af1f-55fd36320c72.jpg?v=1759823791|https://cdn.shopify.com/s/files/1/0912/9351/6071/files/img_ecdaeb01_20240621_i1718906156_3464_0_jpg_0399e5df-7829-4274-b49c-aa0c379f9b99.jpg?v=1759823791|https://cdn.shopify.com/s/files/1/0912/9351/6071/files/img_ecdaeb01_20240621_i1718906155_6866_0_jpg_931f7227-1e86-45f6-8612-c31ef5d17b00.jpg?v=1759823791|https://cdn.shopify.com/s/files/1/0912/9351/6071/files/img_ecdaeb01_20240621_i1718906155_8814_0_jpg_838ad916-b7ba-450b-9e6f-3522f1347188.jpg?v=1759823791|https://cdn.shopify.com/s/files/1/0912/9351/6071/files/img_ecdaeb01_20240621_i1718906156_4880_0_jpg_f679086d-2da6-4cd1-9376-105c257121b7.jpg?v=1759823791|https://cdn.shopify.com/s/files/1/0912/9351/6071/files/img_ecdaeb01_20240621_i1718906156_8996_0_jpg_4b725594-73c5-4147-b7a9-90af9357c4d3.jpg?v=1759823791|https://cdn.shopify.com/s/files/1/0912/9351/6071/files/img_ecdaeb01_20240621_i1718906155_6043_0_jpg_66c55150-86b9-4a10-a374-4d3ebff1dbe2.jpg?v=1759823791|https://cdn.shopify.com/s/files/1/0912/9351/6071/files/img_ecdaeb01_20240621_i1718906156_1046_0_jpg_92900b23-6e94-43fd-9a68-126bfb73dea1.jpg?v=1759823791,Hi I want FENDI ROMA SLIDES IN TEAL GREEN LAMBSKIN LEATHER,
FENDI BAGUETTE SLIDES IN COFFEE BROWN LAMBSKIN,https://cdn.shopify.com/s/files/1/0912/9351/6071/files/20230612_i1686581584_7561_1_jpg_97a2a095-8f7a-4d29-97df-d43dd7431d3b.jpg?v=1759823803,footwear,fendi,https://cdn.shopify.com/s/files/1/0912/9351/6071/files/20230612_i1686581584_7561_1_jpg_97a2a095-8f7a-4d29-97df-d43dd7431d3b.jpg?v=1759823803|https://cdn.shopify.com/s/files/1/0912/9351/6071/files/20230612_i1686581584_4938_2_jpg_0d5a2896-5ff1-4c50-9f22-c8ce34469d87.jpg?v=1759823802|https://cdn.shopify.com/s/files/1/0912/9351/6071/files/20230612_i1686581584_9309_5_jpg_0d7046a4-8247-42d4-9a14-18ada7234d08.jpg?v=1759823802|https://cdn.shopify.com/s/files/1/0912/9351/6071/files/20230612_i1686581584_8851_4_jpg_8644925b-df6a-4e10-a370-5e6f89ffbfbd.jpg?v=1759823802|https://cdn.shopify.com/s/files/1/0912/9351/6071/files/20230612_i1686581584_3893_6_jpg_1a63250e-2ac8-4eb8-8b60-5912b4598639.jpg?v=1759823803|https://cdn.shopify.com/s/files/1/0912/9351/6071/files/20230612_i1686581584_4149_3_jpg_bba11552-de5d-4da7-876e-254e39577ee8.jpg?v=1759823803|https://cdn.shopify.com/s/files/1/0912/9351/6071/files/20230612_i1686581584_5076_0_jpg_d6654efc-8241-470e-ba9b-1560cdebb563.jpg?v=1759823803|https://cdn.shopify.com/s/files/1/0912/9351/6071/files/20230612_i1686581584_3734_7_jpg_30e01fe3-4bff-4121-a014-dd107b920f84.jpg?v=1759823802|https://cdn.shopify.com/s/files/1/0912/9351/6071/files/20230612_i1686581584_7092_8_jpg_12832af4-a696-4529-919a-93bf18c16f3e.jpg?v=1759823802,Hi I want FENDI BAGUETTE SLIDES IN COFFEE BROWN LAMBSKIN,
FENDI BAGUETTE SLIDES IN CINNAMON BROWN LAMBSKIN,https://cdn.shopify.com/s/files/1/0912/9351/6071/files/20230612_i1686581348_2249_0_jpg_0f3f77e1-0825-43c7-b056-a619d874637d.jpg?v=1759823804,footwear,fendi,https://cdn.shopify.com/s/files/1/0912/9351/6071/files/20230612_i1686581348_2249_0_jpg_0f3f77e1-0825-43c7-b056-a619d874637d.jpg?v=1759823804|https://cdn.shopify.com/s/files/1/0912/9351/6071/files/20230612_i1686581348_6783_6_jpg_67f45116-a528-4721-8377-1f557cee1a08.jpg?v=1759823804|https://cdn.shopify.com/s/files/1/0912/9351/6071/files/20230612_i1686581348_8341_7_jpg_acdf46e4-e578-4d07-83b0-512382f8cf06.jpg?v=1759823804|https://cdn.shopify.com/s/files/1/0912/9351/6071/files/20230612_i1686581348_6545_2_jpg_89fe1759-fc0d-41f4-8413-e6812356664d.jpg?v=1759823804|https://cdn.shopify.com/s/files/1/0912/9351/6071/files/20230612_i1686581348_6395_1_jpg_24b769fa-45bb-4143-a84c-de26ac968d25.jpg?v=1759823804|https://cdn.shopify.com/s/files/1/0912/9351/6071/files/20230612_i1686581348_4334_5_jpg_64a6f32f-c13e-456e-9c9c-b8e0ef0c2df8.jpg?v=1759823804|https://cdn.shopify.com/s/files/1/0912/9351/6071/files/20230612_i1686581348_3023_4_jpg_356ab843-e0f8-4d89-9745-94d7590da2ab.jpg?v=1759823804|https://cdn.shopify.com/s/files/1/0912/9351/6071/files/20230612_i1686581348_3273_3_jpg_18ffb27f-ea23-4cac-9d6b-57cc443bcc17.jpg?v=1759823804|https://cdn.shopify.com/s/files/1/0912/9351/6071/files/20230613_i1686594592_4264_0_jpg_8384688f-6c2f-40d3-b728-db674a6117d6.jpg?v=1759823805,Hi I want FENDI BAGUETTE SLIDES IN CINNAMON BROWN LAMBSKIN,
FENDI BAGUETTE WEDGE PLATFORM  85MM IN SEAFOAM GREEN CALFSKIN,https://cdn.shopify.com/s/files/1/0912/9351/6071/files/20230710_i1688980679_7673_1_jpg_77c3d90d-389c-4f2e-afed-3ff6b56446c4.jpg?v=1759823809,footwear,fendi,https://cdn.shopify.com/s/files/1/0912/9351/6071/files/20230710_i1688980679_7673_1_jpg_77c3d90d-389c-4f2e-afed-3ff6b56446c4.jpg?v=1759823809|https://cdn.shopify.com/s/files/1/0912/9351/6071/files/20230710_i1688980679_8860_5_jpg_fa57dabc-6833-4ae1-a078-3d25f7fa3bbe.jpg?v=1759823809|https://cdn.shopify.com/s/files/1/0912/9351/6071/files/20230710_i1688980679_1454_0_jpg_1d4fa5ac-c080-411f-9184-d4192d5f8d6e.jpg?v=1759823809|https://cdn.shopify.com/s/files/1/0912/9351/6071/files/20230710_i1688980679_8739_4_jpg_e166e893-68bf-48b1-9578-0b69ea135172.jpg?v=1759823809|https://cdn.shopify.com/s/files/1/0912/9351/6071/files/20230710_i1688980679_4957_3_jpg_57a6d959-0333-4dac-9021-6635ef116179.jpg?v=1759823809|https://cdn.shopify.com/s/files/1/0912/9351/6071/files/20230710_i1688980679_1855_2_jpg_a9212521-a6de-497e-9786-92062432ae43.jpg?v=1759823809,Hi I want FENDI BAGUETTE WEDGE PLATFORM  85MM IN SEAFOAM GREEN CALFSKIN,
FENDI BAGUETTE HIGH-HEEL SANDALS 8 CM IN CAMEL BROWN CALFSKIN,https://cdn.shopify.com/s/files/1/0912/9351/6071/files/img_e3c869f7_20231125_i1700919054_1511_3_jpg_f9684310-ac57-4413-bc4e-efcb36bf4c64.jpg?v=1759823814,footwear,fendi,https://cdn.shopify.com/s/files/1/0912/9351/6071/files/img_e3c869f7_20231125_i1700919054_1511_3_jpg_f9684310-ac57-4413-bc4e-efcb36bf4c64.jpg?v=1759823814|https://cdn.shopify.com/s/files/1/0912/9351/6071/files/img_e3c869f7_20231125_i1700919054_1040_2_jpg_84a069e2-c489-4683-a604-1ee03c608026.jpg?v=1759823814|https://cdn.shopify.com/s/files/1/0912/9351/6071/files/img_e3c869f7_20231125_i1700919054_2327_1_jpg_ecef91ae-84e3-49c6-b31b-fad9b70ce3bf.jpg?v=1759823814|https://cdn.shopify.com/s/files/1/0912/9351/6071/files/img_e3c869f7_20231125_i1700919054_5568_0_jpg_362b0921-2034-4590-bdfd-9636283cef0e.jpg?v=1759823814|https://cdn.shopify.com/s/files/1/0912/9351/6071/files/img_e3c869f7_20231125_i1700919054_3247_6_jpg_64e7fca7-443e-471a-a57d-722bd70c22ab.jpg?v=1759823814|https://cdn.shopify.com/s/files/1/0912/9351/6071/files/img_e3c869f7_20231125_i1700919054_9438_8_jpg_b1709b73-4776-4540-a3f1-db479d67c079.jpg?v=1759823814|https://cdn.shopify.com/s/files/1/0912/9351/6071/files/img_e3c869f7_20231125_i1700919054_1864_5_jpg_ccfb6965-d0c1-47c4-9353-d6b84755ce14.jpg?v=1759823814|https://cdn.shopify.com/s/files/1/0912/9351/6071/files/img_e3c869f7_20231125_i1700919054_6023_4_jpg_cf23a9e2-f4c5-4f2b-9a3b-6806aab77b56.jpg?v=1759823815|https://cdn.shopify.com/s/files/1/0912/9351/6071/files/img_e3c869f7_20231125_i1700919054_4249_7_jpg_ac187c4f-c984-4fc7-9ab5-7c89e8bdb8e9.jpg?v=1759823814,Hi I want FENDI BAGUETTE HIGH-HEEL SANDALS 8 CM IN CAMEL BROWN CALFSKIN,
FENDI BAGUETTE HIGH-HEEL SANDALS 8 CM IN CERULEAN BLUE CALFSKIN,https://cdn.shopify.com/s/files/1/0912/9351/6071/files/img_e3c869f7_20231125_i1700919164_5512_2_jpg_6ccb8c17-a6ea-4ec1-a1f2-7e2056800de2.jpg?v=1759823816,footwear,fendi,https://cdn.shopify.com/s/files/1/0912/9351/6071/files/img_e3c869f7_20231125_i1700919164_5512_2_jpg_6ccb8c17-a6ea-4ec1-a1f2-7e2056800de2.jpg?v=1759823816|https://cdn.shopify.com/s/files/1/0912/9351/6071/files/img_e3c869f7_20231125_i1700919164_5830_3_jpg_fef3756e-9ee5-43f5-953c-317863f370f1.jpg?v=1759823816|https://cdn.shopify.com/s/files/1/0912/9351/6071/files/img_e3c869f7_20231125_i1700919164_5967_6_jpg_4c0468d0-dc45-4743-a3e6-a264c1ee8f13.jpg?v=1759823816|https://cdn.shopify.com/s/files/1/0912/9351/6071/files/img_e3c869f7_20231125_i1700919164_5061_8_jpg_cd37ec2c-5a58-478a-95d1-b07d3a9953bc.jpg?v=1759823816|https://cdn.shopify.com/s/files/1/0912/9351/6071/files/img_e3c869f7_20231125_i1700919164_6971_0_jpg_3ef341de-9276-4b18-88f1-62bec6bb53e3.jpg?v=1759823816|https://cdn.shopify.com/s/files/1/0912/9351/6071/files/img_e3c869f7_20231125_i1700919164_8509_4_jpg_e1a852d9-e69a-422d-844d-62f9912a747b.jpg?v=1759823816|https://cdn.shopify.com/s/files/1/0912/9351/6071/files/img_e3c869f7_20231125_i1700919164_2043_1_jpg_e477bd1f-37e6-48bd-9457-b61ef02c4259.jpg?v=1759823816|https://cdn.shopify.com/s/files/1/0912/9351/6071/files/img_e3c869f7_20231125_i1700919164_8793_7_jpg_d564a7ad-1cd2-4b88-8d60-75cd1575b7bd.jpg?v=1759823816|https://cdn.shopify.com/s/files/1/0912/9351/6071/files/img_e3c869f7_20231125_i1700919164_8051_5_jpg_d283491f-9d78-4318-a757-9dcbabf79986.jpg?v=1759823816,Hi I want FENDI BAGUETTE HIGH-HEEL SANDALS 8 CM IN CERULEAN BLUE CALFSKIN,
FENDI BAGUETTE HIGH-HEEL SANDALS 8 CM IN MINT GREEN CALFSKIN,https://cdn.shopify.com/s/files/1/0912/9351/6071/files/img_e3c869f7_20231125_i1700919247_9725_1_jpg_80d9f5ec-e18a-4fe6-9e4c-225841170556.jpg?v=1759823818,footwear,fendi,https://cdn.shopify.com/s/files/1/0912/9351/6071/files/img_e3c869f7_20231125_i1700919247_9725_1_jpg_80d9f5ec-e18a-4fe6-9e4c-225841170556.jpg?v=1759823818|https://cdn.shopify.com/s/files/1/0912/9351/6071/files/img_e3c869f7_20231125_i1700919247_2219_3_jpg_57658567-8efe-439a-9a87-1023148ddea6.jpg?v=1759823818|https://cdn.shopify.com/s/files/1/0912/9351/6071/files/img_e3c869f7_20231125_i1700919247_3902_0_jpg_d9507331-9c47-4552-8052-d6efefd1918f.jpg?v=1759823818|https://cdn.shopify.com/s/files/1/0912/9351/6071/files/img_e3c869f7_20231125_i1700919247_1803_2_jpg_75ef2ebb-7add-4803-8e16-1d36c4b8798a.jpg?v=1759823818|https://cdn.shopify.com/s/files/1/0912/9351/6071/files/img_e3c869f7_20231125_i1700919247_5459_8_jpg_9b3f96d1-3f42-413c-9c16-b9e02dde55a3.jpg?v=1759823818|https://cdn.shopify.com/s/files/1/0912/9351/6071/files/img_e3c869f7_20231125_i1700919247_3482_4_jpg_3b85b810-46ba-44fc-99c6-943a66f56c36.jpg?v=1759823818|https://cdn.shopify.com/s/files/1/0912/9351/6071/files/img_e3c869f7_20231125_i1700919247_6424_7_jpg_8c48e024-7792-409c-8e4e-8b85797b9c86.jpg?v=1759823818|https://cdn.shopify.com/s/files/1/0912/9351/6071/files/img_e3c869f7_20231125_i1700919247_5464_6_jpg_77d9122b-bdca-4bc9-98b3-19d5c63cfd11.jpg?v=1759823818|https://cdn.shopify.com/s/files/1/0912/9351/6071/files/img_e3c869f7_20231125_i1700919247_4511_5_jpg_452a8979-6c99-4b26-8044-6b9622fd35e3.jpg?v=1759823818,Hi I want FENDI BAGUETTE HIGH-HEEL SANDALS 8 CM IN MINT GREEN CALFSKIN,
FENDI BAGUETTE HIGH-HEEL SANDALS 8 CM IN DARK PINK CALFSKIN,https://cdn.shopify.com/s/files/1/0912/9351/6071/files/img_e3c869f7_20231125_i1700919345_1367_1_jpg_390fbb12-8e80-44ea-8a46-efd82f3ea5e6.jpg?v=1759823820,footwear,fendi,https://cdn.shopify.com/s/files/1/0912/9351/6071/files/img_e3c869f7_20231125_i1700919345_1367_1_jpg_390fbb12-8e80-44ea-8a46-efd82f3ea5e6.jpg?v=1759823820|https://cdn.shopify.com/s/files/1/0912/9351/6071/files/img_e3c869f7_20231125_i1700919345_9798_7_jpg_2a2e1c86-4ef3-4948-b315-59368fa4a072.jpg?v=1759823819|https://cdn.shopify.com/s/files/1/0912/9351/6071/files/img_e3c869f7_20231125_i1700919345_6179_5_jpg_9c04661e-6834-4345-baf3-bb2e50e75571.jpg?v=1759823820|https://cdn.shopify.com/s/files/1/0912/9351/6071/files/img_e3c869f7_20231125_i1700919345_5175_4_jpg_80529c3d-a483-4247-ada6-4008e43f1aed.jpg?v=1759823820|https://cdn.shopify.com/s/files/1/0912/9351/6071/files/img_e3c869f7_20231125_i1700919345_4879_0_jpg_c4482bba-68c0-439d-8a47-25f00c7318e0.jpg?v=1759823820|https://cdn.shopify.com/s/files/1/0912/9351/6071/files/img_e3c869f7_20231125_i1700919345_3287_6_jpg_b084cfb9-b334-4c86-a7f9-38e111e91b85.jpg?v=1759823820|https://cdn.shopify.com/s/files/1/0912/9351/6071/files/img_e3c869f7_20231125_i1700919345_1840_2_jpg_c98bd62f-f0d7-4dd6-ae7d-3fd6b7e9a850.jpg?v=1759823820|https://cdn.shopify.com/s/files/1/0912/9351/6071/files/img_e3c869f7_20231125_i1700919345_1052_3_jpg_e617997e-bd1a-4438-9236-7f61a1029b10.jpg?v=1759823820|https://cdn.shopify.com/s/files/1/0912/9351/6071/files/img_e3c869f7_20231125_i1700919345_2294_8_jpg_23594e1c-6b74-4e0c-93cf-24fc49f4d8dd.jpg?v=1759823820,Hi I want FENDI BAGUETTE HIGH-HEEL SANDALS 8 CM IN DARK PINK CALFSKIN,
FENDI BAGUETTE HIGH-HEEL SANDALS 8 CM IN WHITE CALFSKIN,https://cdn.shopify.com/s/files/1/0912/9351/6071/files/img_e3c869f7_20231125_i1700919536_6246_1_jpg_cc20c19e-2732-4529-a70b-116bab2707bb.jpg?v=1759823823,footwear,fendi,https://cdn.shopify.com/s/files/1/0912/9351/6071/files/img_e3c869f7_20231125_i1700919536_6246_1_jpg_cc20c19e-2732-4529-a70b-116bab2707bb.jpg?v=1759823823|https://cdn.shopify.com/s/files/1/0912/9351/6071/files/img_e3c869f7_20231125_i1700919536_7824_3_jpg_e6c2d633-b9d2-43b6-b992-5c0d847565f8.jpg?v=1759823823|https://cdn.shopify.com/s/files/1/0912/9351/6071/files/img_e3c869f7_20231125_i1700919536_4299_2_jpg_6385f6dd-8bf5-4beb-860b-adb6b4b4e408.jpg?v=1759823823|https://cdn.shopify.com/s/files/1/0912/9351/6071/files/img_e3c869f7_20231125_i1700919536_5960_0_jpg_1cd1150b-022c-46aa-8cc4-4e85f1550947.jpg?v=1759823823|https://cdn.shopify.com/s/files/1/0912/9351/6071/files/img_e3c869f7_20231125_i1700919536_1389_8_jpg_7e73d867-69ca-4756-b681-c9b17df84544.jpg?v=1759823823|https://cdn.shopify.com/s/files/1/0912/9351/6071/files/img_e3c869f7_20231125_i1700919536_5779_7_jpg_a589490b-c9b2-43e1-ac86-61fdaf7c65bb.jpg?v=1759823823|https://cdn.shopify.com/s/files/1/0912/9351/6071/files/img_e3c869f7_20231125_i1700919536_6086_5_jpg_af57d48c-2345-4431-8cfb-9ee723838a0e.jpg?v=1759823823|https://cdn.shopify.com/s/files/1/0912/9351/6071/files/img_e3c869f7_20231125_i1700919536_4708_6_jpg_565a47d0-82c3-4891-9686-eeea63556d0e.jpg?v=1759823823|https://cdn.shopify.com/s/files/1/0912/9351/6071/files/img_e3c869f7_20231125_i1700919536_8407_4_jpg_cfe4cd8f-a293-4513-ad08-c8804da10100.jpg?v=1759823823,Hi I want FENDI BAGUETTE HIGH-HEEL SANDALS 8 CM IN WHITE CALFSKIN,
FENDI BAGUETTE MEDIUM-HEEL SANDALS 45 MM IN CERULEAN BLUE CALFSKIN,https://cdn.shopify.com/s/files/1/0912/9351/6071/files/img_fc23bd8b_20240624_a1719228162242_1512_jpg_7960e4fa-053d-4b2d-a1dc-3d609ef26514.jpg?v=1759823829,footwear,fendi,https://cdn.shopify.com/s/files/1/0912/9351/6071/files/img_fc23bd8b_20240624_a1719228162242_1512_jpg_7960e4fa-053d-4b2d-a1dc-3d609ef26514.jpg?v=1759823829|https://cdn.shopify.com/s/files/1/0912/9351/6071/files/img_fc23bd8b_20240624_a1719228162248_1180_jpg_b71569b5-fc7c-4711-a88d-22845c8b12f9.jpg?v=1759823829|https://cdn.shopify.com/s/files/1/0912/9351/6071/files/img_fc23bd8b_20240624_a1719228162279_0204_jpg_de7963dc-c7df-4f93-884c-cc4d8b8b1627.jpg?v=1759823829|https://cdn.shopify.com/s/files/1/0912/9351/6071/files/img_fc23bd8b_20240624_a1719228162165_2388_jpg_504ffffb-aa6f-44db-b1ed-68d9a09a73c2.jpg?v=1759823829|https://cdn.shopify.com/s/files/1/0912/9351/6071/files/img_fc23bd8b_20240624_a1719228162315_1174_jpg_5fb6bf14-85e0-4cbb-9049-b450a7671cb0.jpg?v=1759823829|https://cdn.shopify.com/s/files/1/0912/9351/6071/files/img_fc23bd8b_20240624_a1719228163334_4455_jpg_b7811498-9a64-48bb-a567-6d0d6b3a5300.jpg?v=1759823829|https://cdn.shopify.com/s/files/1/0912/9351/6071/files/img_fc23bd8b_20240624_a1719228162097_4426_jpg_449183da-34fb-4c18-8ed0-a39bcdf8cb3b.jpg?v=1759823829|https://cdn.shopify.com/s/files/1/0912/9351/6071/files/img_fc23bd8b_20240624_a1719228163373_6035_jpg_125c0425-de5c-4041-bf6f-bed7ff1b302a.jpg?v=1759823829|https://cdn.shopify.com/s/files/1/0912/9351/6071/files/img_fc23bd8b_20240624_a1719228163327_5018_jpg_10e0606e-5e45-4ceb-b418-6f0b30f83a9f.jpg?v=1759823829,Hi I want FENDI BAGUETTE MEDIUM-HEEL SANDALS 45 MM IN CERULEAN BLUE CALFSKIN,
FENDI BAGUETTE MEDIUM-HEEL SANDALS 45 MM IN WHITE CALFSKIN,https://cdn.shopify.com/s/files/1/0912/9351/6071/files/img_fc23bd8b_20240624_a1719228531402_8611_jpg_f39658f1-a761-46cd-8208-a1979e7ff3ca.jpg?v=1759823831,footwear,fendi,https://cdn.shopify.com/s/files/1/0912/9351/6071/files/img_fc23bd8b_20240624_a1719228531402_8611_jpg_f39658f1-a761-46cd-8208-a1979e7ff3ca.jpg?v=1759823831|https://cdn.shopify.com/s/files/1/0912/9351/6071/files/img_fc23bd8b_20240624_a1719228531376_4366_jpg_299fef63-1755-4836-92ef-8ab5fa0ad3b8.jpg?v=1759823831|https://cdn.shopify.com/s/files/1/0912/9351/6071/files/img_fc23bd8b_20240624_a1719228531490_4237_jpg_f14d7883-efe0-4360-a6ef-ae9e8f359fdd.jpg?v=1759823831|https://cdn.shopify.com/s/files/1/0912/9351/6071/files/img_fc23bd8b_20240624_a1719228531474_5540_jpg_d4965baf-93fe-4709-9fb9-4bd5e5c48ce6.jpg?v=1759823830|https://cdn.shopify.com/s/files/1/0912/9351/6071/files/img_fc23bd8b_20240624_a1719228531364_5103_jpg_addf9a97-02fb-43a6-9ad0-59d8341c56e9.jpg?v=1759823831|https://cdn.shopify.com/s/files/1/0912/9351/6071/files/img_fc23bd8b_20240624_a1719228532581_0072_jpg_0d724274-b203-411c-a609-716efe944817.jpg?v=1759823831|https://cdn.shopify.com/s/files/1/0912/9351/6071/files/img_fc23bd8b_20240624_a1719228531371_4377_jpg_af6f4af1-e3e0-4d3a-a674-9544d734ade2.jpg?v=1759823831|https://cdn.shopify.com/s/files/1/0912/9351/6071/files/img_fc23bd8b_20240624_a1719228532602_8011_jpg_4b1b9006-d7ae-4a20-b424-48b414e2ccc8.jpg?v=1759823831|https://cdn.shopify.com/s/files/1/0912/9351/6071/files/img_fc23bd8b_20240624_a1719228532485_5763_jpg_259fa4b2-ba7a-462b-a961-e5d2b965c8ac.jpg?v=1759823831,Hi I want FENDI BAGUETTE MEDIUM-HEEL SANDALS 45 MM IN WHITE CALFSKIN,
FENDI BAGUETTE MEDIUM-HEEL SANDALS 45 MM IN DESERT SAND CALFSKIN,https://cdn.shopify.com/s/files/1/0912/9351/6071/files/img_fc23bd8b_20240624_a1719228628971_8042_jpg_3411254d-75dc-4f64-9f5c-8f51dd6b6965.jpg?v=1759823832,footwear,fendi,https://cdn.shopify.com/s/files/1/0912/9351/6071/files/img_fc23bd8b_20240624_a1719228628971_8042_jpg_3411254d-75dc-4f64-9f5c-8f51dd6b6965.jpg?v=1759823832|https://cdn.shopify.com/s/files/1/0912/9351/6071/files/img_fc23bd8b_20240624_a1719228628857_1844_jpg_1d79e08b-054e-4e19-9637-4c36b461a15b.jpg?v=1759823832|https://cdn.shopify.com/s/files/1/0912/9351/6071/files/img_fc23bd8b_20240624_a1719228629003_2113_jpg_c9e65b77-73e6-4a2f-924e-fbe9c2112f6e.jpg?v=1759823832|https://cdn.shopify.com/s/files/1/0912/9351/6071/files/img_fc23bd8b_20240624_a1719228629055_8855_jpg_f0676743-808d-4b56-b14e-135e5588a191.jpg?v=1759823832|https://cdn.shopify.com/s/files/1/0912/9351/6071/files/img_fc23bd8b_20240624_a1719228628972_5111_jpg_787b196f-52e7-4bf8-8a8d-bd99ada84a06.jpg?v=1759823832|https://cdn.shopify.com/s/files/1/0912/9351/6071/files/img_fc23bd8b_20240624_a1719228629943_1331_jpg_e1cc121f-f40c-4606-996f-c026176e1895.jpg?v=1759823832|https://cdn.shopify.com/s/files/1/0912/9351/6071/files/img_fc23bd8b_20240624_a1719228628940_1656_jpg_0f251bd3-3288-4d5c-ac9f-b00c317ec07f.jpg?v=1759823832|https://cdn.shopify.com/s/files/1/0912/9351/6071/files/img_fc23bd8b_20240624_a1719228629870_5244_jpg_be534cdb-f32a-4b1d-925e-6d3ad198d691.jpg?v=1759823832|https://cdn.shopify.com/s/files/1/0912/9351/6071/files/img_fc23bd8b_20240624_a1719228629877_6023_jpg_0ae30134-47cf-4ebd-aa9a-4e52f14b9479.jpg?v=1759823832,Hi I want FENDI BAGUETTE MEDIUM-HEEL SANDALS 45 MM IN DESERT SAND CALFSKIN,
FENDI BAGUETTE MEDIUM-HEEL SANDALS 45 MM IN GREEN MINT CALFSKIN,https://cdn.shopify.com/s/files/1/0912/9351/6071/files/img_fc23bd8b_20240624_a1719228659333_6175_jpg_a7538a55-23cc-422a-9c27-676d41ec4772.jpg?v=1759823834,footwear,fendi,https://cdn.shopify.com/s/files/1/0912/9351/6071/files/img_fc23bd8b_20240624_a1719228659333_6175_jpg_a7538a55-23cc-422a-9c27-676d41ec4772.jpg?v=1759823834|https://cdn.shopify.com/s/files/1/0912/9351/6071/files/img_fc23bd8b_20240624_a1719228659164_2504_jpg_5e53a47f-0b96-4f13-b01c-14f61e78a9d8.jpg?v=1759823834|https://cdn.shopify.com/s/files/1/0912/9351/6071/files/img_fc23bd8b_20240624_a1719228659131_8473_jpg_afc60f8e-a47c-4b15-aca8-cb9eb308a9df.jpg?v=1759823834|https://cdn.shopify.com/s/files/1/0912/9351/6071/files/img_fc23bd8b_20240624_a1719228659338_4410_jpg_811480c0-9de0-4371-abc0-881dbcc70cdb.jpg?v=1759823834|https://cdn.shopify.com/s/files/1/0912/9351/6071/files/img_fc23bd8b_20240624_a1719228659086_6364_jpg_35fc301b-d21f-4d45-9580-8f4fa31b28e7.jpg?v=1759823834|https://cdn.shopify.com/s/files/1/0912/9351/6071/files/img_fc23bd8b_20240624_a1719228660325_4744_jpg_96a728a9-e36a-4882-b7fa-e4bf25a9568e.jpg?v=1759823834|https://cdn.shopify.com/s/files/1/0912/9351/6071/files/img_fc23bd8b_20240624_a1719228659170_0762_jpg_f221ab32-cffa-4cbb-9bbd-29eb2940c6f1.jpg?v=1759823834|https://cdn.shopify.com/s/files/1/0912/9351/6071/files/img_fc23bd8b_20240624_a1719228660386_8425_jpg_71103dec-2328-49a1-a74e-2f625247ef13.jpg?v=1759823834|https://cdn.shopify.com/s/files/1/0912/9351/6071/files/img_fc23bd8b_20240624_a1719228660402_5350_jpg_a30ecbcc-3b63-479d-a260-18f8f9932fa7.jpg?v=1759823834,Hi I want FENDI BAGUETTE MEDIUM-HEEL SANDALS 45 MM IN GREEN MINT CALFSKIN,
FENDI BAGUETTE MEDIUM-HEEL SANDALS 45 MM IN BISQUE BEIGE CALFSKIN,https://cdn.shopify.com/s/files/1/0912/9351/6071/files/img_fc23bd8b_20240624_a1719228716782_6168_jpg_939fad29-d399-42ac-a775-5ae1989ccbad.jpg?v=1759823836,footwear,fendi,https://cdn.shopify.com/s/files/1/0912/9351/6071/files/img_fc23bd8b_20240624_a1719228716782_6168_jpg_939fad29-d399-42ac-a775-5ae1989ccbad.jpg?v=1759823836|https://cdn.shopify.com/s/files/1/0912/9351/6071/files/img_fc23bd8b_20240624_a1719228716810_7117_jpg_8d134809-c866-4c7e-b1c9-18b4085f431d.jpg?v=1759823836|https://cdn.shopify.com/s/files/1/0912/9351/6071/files/img_fc23bd8b_20240624_a1719228716857_6575_jpg_3f0a6a75-6d80-45e1-89a7-390d59a95838.jpg?v=1759823836|https://cdn.shopify.com/s/files/1/0912/9351/6071/files/img_fc23bd8b_20240624_a1719228716967_3801_jpg_1d807a3b-ace8-49b1-afe9-f3d3b5eb9776.jpg?v=1759823836|https://cdn.shopify.com/s/files/1/0912/9351/6071/files/img_fc23bd8b_20240624_a1719228716770_2157_jpg_ae5d27c3-b5fd-4825-a3d9-db6afea6afa8.jpg?v=1759823836|https://cdn.shopify.com/s/files/1/0912/9351/6071/files/img_fc23bd8b_20240624_a1719228717869_8082_jpg_69c267ba-90c2-456e-ac5e-debe543f9354.jpg?v=1759823836|https://cdn.shopify.com/s/files/1/0912/9351/6071/files/img_fc23bd8b_20240624_a1719228716891_1803_jpg_ffed2435-db0a-4b08-a842-c10e523c6cc0.jpg?v=1759823836|https://cdn.shopify.com/s/files/1/0912/9351/6071/files/img_fc23bd8b_20240624_a1719228717892_3057_jpg_588d4e7b-da0d-46d3-ae7f-66e6661df261.jpg?v=1759823836|https://cdn.shopify.com/s/files/1/0912/9351/6071/files/img_fc23bd8b_20240624_a1719228717891_4378_jpg_787bfc5e-f121-4b29-a839-adf7129cc26c.jpg?v=1759823836,Hi I want FENDI BAGUETTE MEDIUM-HEEL SANDALS 45 MM IN BISQUE BEIGE CALFSKIN,
FENDI FFOLD MEDIUM-HEEL SANDALS 45 MM IN TUSCAN BEIGE COTTON FIBRE,https://cdn.shopify.com/s/files/1/0912/9351/6071/files/img_fc23bd8b_20240624_a1719229350955_6740_jpg_23a9de43-704a-4f9a-b880-a9ece4e753e8.jpg?v=1759823842,footwear,fendi,https://cdn.shopify.com/s/files/1/0912/9351/6071/files/img_fc23bd8b_20240624_a1719229350955_6740_jpg_23a9de43-704a-4f9a-b880-a9ece4e753e8.jpg?v=1759823842|https://cdn.shopify.com/s/files/1/0912/9351/6071/files/img_fc23bd8b_20240624_a1719229350944_2665_jpg_b8f06cca-d621-4293-8679-4d09a7cf29f7.jpg?v=1759823841|https://cdn.shopify.com/s/files/1/0912/9351/6071/files/img_fc23bd8b_20240624_a1719229351053_7028_jpg_4a7221fc-ca29-49c2-86f5-32661aea8276.jpg?v=1759823842|https://cdn.shopify.com/s/files/1/0912/9351/6071/files/img_fc23bd8b_20240624_a1719229350876_6632_jpg_e76294dd-23e8-4a75-b0fe-23ecd83199c2.jpg?v=1759823842|https://cdn.shopify.com/s/files/1/0912/9351/6071/files/img_fc23bd8b_20240624_a1719229351018_4285_jpg_51026c12-a784-493a-b09c-ac905ee1c969.jpg?v=1759823842|https://cdn.shopify.com/s/files/1/0912/9351/6071/files/img_fc23bd8b_20240624_a1719229351791_6352_jpg_cbbd83d3-0148-4bc5-b375-ac16b7dfacb4.jpg?v=1759823842|https://cdn.shopify.com/s/files/1/0912/9351/6071/files/img_fc23bd8b_20240624_a1719229351094_2060_jpg_62e4d3f0-6cef-49b2-8871-52e15bc4b765.jpg?v=1759823842|https://cdn.shopify.com/s/files/1/0912/9351/6071/files/img_fc23bd8b_20240624_a1719229351788_8378_jpg_bad6f253-f822-4450-aca6-4929347185d3.jpg?v=1759823842|https://cdn.shopify.com/s/files/1/0912/9351/6071/files/img_fc23bd8b_20240624_a1719229351803_7343_jpg_247018a3-98ac-48d2-8102-80bb99331f93.jpg?v=1759823842,Hi I want FENDI FFOLD MEDIUM-HEEL SANDALS 45 MM IN TUSCAN BEIGE COTTON FIBRE,
FENDI FFOLD MEDIUM-HEEL SANDALS 45 MM IN BLACK COTTON FIBRE,https://cdn.shopify.com/s/files/1/0912/9351/6071/files/img_fc23bd8b_20240624_a1719229567706_0714_jpg_dfe9ca44-f423-46cb-9d0c-ade854545c96.jpg?v=1759823844,footwear,fendi,https://cdn.shopify.com/s/files/1/0912/9351/6071/files/img_fc23bd8b_20240624_a1719229567706_0714_jpg_dfe9ca44-f423-46cb-9d0c-ade854545c96.jpg?v=1759823844|https://cdn.shopify.com/s/files/1/0912/9351/6071/files/img_fc23bd8b_20240624_a1719229567697_4851_jpg_cfdbd902-b40f-4b63-ac74-fbcc09729837.jpg?v=1759823844|https://cdn.shopify.com/s/files/1/0912/9351/6071/files/img_fc23bd8b_20240624_a1719229567575_4327_jpg_59979540-04e7-4c62-843c-bf3bb38a0505.jpg?v=1759823844|https://cdn.shopify.com/s/files/1/0912/9351/6071/files/img_fc23bd8b_20240624_a1719229567639_3372_jpg_23f21489-5c57-427e-ab3e-9d8808f7de13.jpg?v=1759823844|https://cdn.shopify.com/s/files/1/0912/9351/6071/files/img_fc23bd8b_20240624_a1719229567723_3162_jpg_6bd088f0-5e89-4588-b1fb-d9b916576b5a.jpg?v=1759823844|https://cdn.shopify.com/s/files/1/0912/9351/6071/files/img_fc23bd8b_20240624_a1719229568588_1210_jpg_0ca56ab1-2980-4ca4-b735-b3e918f9ce47.jpg?v=1759823844|https://cdn.shopify.com/s/files/1/0912/9351/6071/files/img_fc23bd8b_20240624_a1719229568697_5473_jpg_fb2dd877-bd10-4078-96bd-d88732b48f0a.jpg?v=1759823844|https://cdn.shopify.com/s/files/1/0912/9351/6071/files/img_fc23bd8b_20240624_a1719229568703_3825_jpg_a5658178-b7e7-4e26-957b-23bb5eb57c21.jpg?v=1759823844|https://cdn.shopify.com/s/files/1/0912/9351/6071/files/img_fc23bd8b_20240624_a1719229567538_5148_jpg_98d2f08b-74c9-459d-9bd1-393f635c3cd0.jpg?v=1759823844,Hi I want FENDI FFOLD MEDIUM-HEEL SANDALS 45 MM IN BLACK COTTON FIBRE,
FENDI FFOLD MEDIUM-HEEL SANDALS 45 MM IN BEIGE COTTON FIBRE,https://cdn.shopify.com/s/files/1/0912/9351/6071/files/img_fc23bd8b_20240624_a1719229659016_2082_jpg_dc7dfa2b-f4a1-452d-b8fe-902f953f90dd.jpg?v=1759823846,footwear,fendi,https://cdn.shopify.com/s/files/1/0912/9351/6071/files/img_fc23bd8b_20240624_a1719229659016_2082_jpg_dc7dfa2b-f4a1-452d-b8fe-902f953f90dd.jpg?v=1759823846|https://cdn.shopify.com/s/files/1/0912/9351/6071/files/img_fc23bd8b_20240624_a1719229659070_8762_jpg_8d315cb3-68e4-4ff4-a35e-6195b4630565.jpg?v=1759823846|https://cdn.shopify.com/s/files/1/0912/9351/6071/files/img_fc23bd8b_20240624_a1719229659178_6644_jpg_6827287b-7a34-4cb7-8426-48bb9b358b77.jpg?v=1759823846|https://cdn.shopify.com/s/files/1/0912/9351/6071/files/img_fc23bd8b_20240624_a1719229659270_5074_jpg_39433a7a-47d2-400f-8ca9-61a03fd3e393.jpg?v=1759823846|https://cdn.shopify.com/s/files/1/0912/9351/6071/files/img_fc23bd8b_20240624_a1719229659045_2352_jpg_304224ed-3d66-4225-ae4a-c96db971fb57.jpg?v=1759823846|https://cdn.shopify.com/s/files/1/0912/9351/6071/files/img_fc23bd8b_20240624_a1719229660323_3725_jpg_abcb971a-a5fa-4feb-8b40-037c8520fb83.jpg?v=1759823846|https://cdn.shopify.com/s/files/1/0912/9351/6071/files/img_fc23bd8b_20240624_a1719229660322_6703_jpg_9f0406d7-df5b-476d-b4f4-f2fa18dbd025.jpg?v=1759823846|https://cdn.shopify.com/s/files/1/0912/9351/6071/files/img_fc23bd8b_20240624_a1719229659103_6057_jpg_25f245c9-5e84-46d3-8573-5be3e06b3bba.jpg?v=1759823846|https://cdn.shopify.com/s/files/1/0912/9351/6071/files/img_fc23bd8b_20240624_a1719229660251_0337_jpg_7eff2e92-f8b0-4e22-a397-c4e80924f9d7.jpg?v=1759823846,Hi I want FENDI FFOLD MEDIUM-HEEL SANDALS 45 MM IN BEIGE COTTON FIBRE,
FENDI SIGNATURE WEDGE PLATFORM 6 CM IN BEIGE FIBRE WITH BROWN EMBROIDERED LOGO,https://cdn.shopify.com/s/files/1/0912/9351/6071/files/img_2de0ff0e_20240704_i1720046520_3975_8_jpg_2db09c5e-973d-463f-a3f5-685633a7430a.jpg?v=1759823850,footwear,fendi,https://cdn.shopify.com/s/files/1/0912/9351/6071/files/img_2de0ff0e_20240704_i1720046520_3975_8_jpg_2db09c5e-973d-463f-a3f5-685633a7430a.jpg?v=1759823850|https://cdn.shopify.com/s/files/1/0912/9351/6071/files/img_2de0ff0e_20240704_i1720046520_9568_0_jpg_3e12a789-5433-424a-9403-5716e1a7a661.jpg?v=1759823850|https://cdn.shopify.com/s/files/1/0912/9351/6071/files/img_2de0ff0e_20240704_i1720046520_7482_3_jpg_c5805006-b866-423d-aac5-c7dad4b191c5.jpg?v=1759823850|https://cdn.shopify.com/s/files/1/0912/9351/6071/files/img_2de0ff0e_20240704_i1720046520_2990_7_jpg_f844db14-3357-4b2b-adaa-a68d5f2b7af7.jpg?v=1759823850|https://cdn.shopify.com/s/files/1/0912/9351/6071/files/img_2de0ff0e_20240704_i1720046520_2978_4_jpg_f0246b0a-dd66-4dd9-8487-3ef0af372e71.jpg?v=1759823850|https://cdn.shopify.com/s/files/1/0912/9351/6071/files/img_2de0ff0e_20240704_i1720046520_8658_2_jpg_0073f063-fe6d-48eb-8e17-8156e1aded15.jpg?v=1759823850|https://cdn.shopify.com/s/files/1/0912/9351/6071/files/img_2de0ff0e_20240704_i1720046520_4896_5_jpg_1e15e0c3-6ad6-4b22-a969-53fc35112774.jpg?v=1759823850|https://cdn.shopify.com/s/files/1/0912/9351/6071/files/img_2de0ff0e_20240704_i1720046520_4556_6_jpg_3a74d6cb-8ec1-4a60-868f-3301e2cff38a.jpg?v=1759823850|https://cdn.shopify.com/s/files/1/0912/9351/6071/files/img_2de0ff0e_20240704_i1720046520_4006_1_jpg_f32227d6-5f95-44fe-a81a-b2b054f78db8.jpg?v=1759823850,Hi I want FENDI SIGNATURE WEDGE PLATFORM 6 CM IN BEIGE FIBRE WITH BROWN EMBROIDERED LOGO,
FENDI SIGNATURE WEDGE PLATFORM 6 CM IN WHITE FIBRE WITH BROWN EMBROIDERED LOGO,https://cdn.shopify.com/s/files/1/0912/9351/6071/files/img_2de0ff0e_20240704_i1720046482_1912_2_jpg_61b7a8cd-435f-494e-9dd4-ec299e8464a2.jpg?v=1759823852,footwear,fendi,https://cdn.shopify.com/s/files/1/0912/9351/6071/files/img_2de0ff0e_20240704_i1720046482_1912_2_jpg_61b7a8cd-435f-494e-9dd4-ec299e8464a2.jpg?v=1759823852|https://cdn.shopify.com/s/files/1/0912/9351/6071/files/img_2de0ff0e_20240704_i1720046482_3375_4_jpg_9785fde1-ee03-46ae-8149-8d6f5de5f135.jpg?v=1759823853|https://cdn.shopify.com/s/files/1/0912/9351/6071/files/img_2de0ff0e_20240704_i1720046482_2466_8_jpg_9871d444-4a62-4257-b64e-eddb99aa13e4.jpg?v=1759823852|https://cdn.shopify.com/s/files/1/0912/9351/6071/files/img_2de0ff0e_20240704_i1720046482_5106_0_jpg_5eecb20b-7ab7-4828-9b66-f69afa9426fb.jpg?v=1759823853|https://cdn.shopify.com/s/files/1/0912/9351/6071/files/img_2de0ff0e_20240704_i1720046482_9644_1_jpg_2c85b4ec-64b2-4087-87a9-c9c60de592dc.jpg?v=1759823853|https://cdn.shopify.com/s/files/1/0912/9351/6071/files/img_2de0ff0e_20240704_i1720046482_4476_6_jpg_55cdc394-9c8d-4ab9-b0df-c7d3f9c7210b.jpg?v=1759823852|https://cdn.shopify.com/s/files/1/0912/9351/6071/files/img_2de0ff0e_20240704_i1720046482_5814_3_jpg_d32cb4a6-7589-4c1f-b2ec-291112eb17ba.jpg?v=1759823852|https://cdn.shopify.com/s/files/1/0912/9351/6071/files/img_2de0ff0e_20240704_i1720046482_4077_7_jpg_3765fe84-0efa-4383-bf93-ac32f59d3b7b.jpg?v=1759823852|https://cdn.shopify.com/s/files/1/0912/9351/6071/files/img_2de0ff0e_20240704_i1720046482_2530_5_jpg_0beafdfc-d7e4-4d4b-9d32-578df3ca4b3e.jpg?v=1759823853,Hi I want FENDI SIGNATURE WEDGE PLATFORM 6 CM IN WHITE FIBRE WITH BROWN EMBROIDERED LOGO,
FENDI SIGNATURE MULE SLIDES IN WHITE FIBRE WITH BROWN EMBROIDERED LOGO,https://cdn.shopify.com/s/files/1/0912/9351/6071/files/img_0f96c430_20240624_i1719173416_3565_0_jpg_9a7e5408-bf2a-4bc1-89f3-827bb933b85b.jpg?v=1759823854,footwear,fendi,https://cdn.shopify.com/s/files/1/0912/9351/6071/files/img_0f96c430_20240624_i1719173416_3565_0_jpg_9a7e5408-bf2a-4bc1-89f3-827bb933b85b.jpg?v=1759823854|https://cdn.shopify.com/s/files/1/0912/9351/6071/files/img_0f96c430_20240624_i1719173414_2858_0_jpg_bc88080b-9d85-4e7d-a099-dec1eeadaf62.jpg?v=1759823854|https://cdn.shopify.com/s/files/1/0912/9351/6071/files/img_0f96c430_20240624_i1719173415_4291_6_jpg_b2fe2103-eb5b-48ee-8a5b-ad971588dc75.jpg?v=1759823855|https://cdn.shopify.com/s/files/1/0912/9351/6071/files/img_0f96c430_20240624_i1719173415_5169_4_jpg_d20e9c3e-bc29-4d4f-b569-37c1fc7dae87.jpg?v=1759823854|https://cdn.shopify.com/s/files/1/0912/9351/6071/files/img_0f96c430_20240624_i1719173414_9741_3_jpg_4764d44e-4979-4f9b-9459-8c29ec5158cd.jpg?v=1759823854|https://cdn.shopify.com/s/files/1/0912/9351/6071/files/img_0f96c430_20240624_i1719173414_1233_1_jpg_a1e88d18-b0bf-422b-87f9-f0ebfa4c7d57.jpg?v=1759823854|https://cdn.shopify.com/s/files/1/0912/9351/6071/files/img_0f96c430_20240624_i1719173414_8295_2_jpg_f88d65f1-b1ad-40b5-aac2-1a694899f986.jpg?v=1759823854|https://cdn.shopify.com/s/files/1/0912/9351/6071/files/img_0f96c430_20240624_i1719173415_2342_8_jpg_2f902b9b-36d9-4bbe-ba15-3c69832a24f3.jpg?v=1759823855|https://cdn.shopify.com/s/files/1/0912/9351/6071/files/img_0f96c430_20240624_i1719173415_6361_7_jpg_b3a87b83-3e89-4ff2-9ed4-20cff77fc6c3.jpg?v=1759823855,Hi I want FENDI SIGNATURE MULE SLIDES IN WHITE FIBRE WITH BROWN EMBROIDERED LOGO,
FENDI SIGNATURE MULE SLIDES IN DARK BROWN FIBRE,https://cdn.shopify.com/s/files/1/0912/9351/6071/files/img_0f96c430_20240624_i1719173438_48_0_jpg_c663d41a-ee64-4cbc-8276-efd9e261b800.jpg?v=1759823858,footwear,fendi,https://cdn.shopify.com/s/files/1/0912/9351/6071/files/img_0f96c430_20240624_i1719173438_48_0_jpg_c663d41a-ee64-4cbc-8276-efd9e261b800.jpg?v=1759823858|https://cdn.shopify.com/s/files/1/0912/9351/6071/files/img_0f96c430_20240624_i1719173438_3563_0_jpg_9eb64047-b874-4229-a0dd-782640dff549.jpg?v=1759823858|https://cdn.shopify.com/s/files/1/0912/9351/6071/files/img_0f96c430_20240624_i1719173438_2847_0_jpg_4f1faec0-512f-4a22-a544-2664d630332a.jpg?v=1759823858|https://cdn.shopify.com/s/files/1/0912/9351/6071/files/img_0f96c430_20240624_i1719173438_43_0_jpg_2fa03745-0390-4838-9c41-10f2643e08e2.jpg?v=1759823858|https://cdn.shopify.com/s/files/1/0912/9351/6071/files/img_0f96c430_20240624_i1719173438_9003_0_jpg_c8088376-36d5-49a7-9cc0-0a6c83b80d3b.jpg?v=1759823858|https://cdn.shopify.com/s/files/1/0912/9351/6071/files/img_0f96c430_20240624_i1719173438_7995_0_jpg_e73cf375-1c5b-4e6d-ace1-35f3f3cd6b13.jpg?v=1759823859|https://cdn.shopify.com/s/files/1/0912/9351/6071/files/img_0f96c430_20240624_i1719173438_4536_0_jpg_fb733639-b4e6-4d60-82ae-d0a05cfc92b2.jpg?v=1759823859|https://cdn.shopify.com/s/files/1/0912/9351/6071/files/img_0f96c430_20240624_i1719173438_624_0_jpg_1182cdbf-18ca-4ae2-8770-44551e6ce25e.jpg?v=1759823858|https://cdn.shopify.com/s/files/1/0912/9351/6071/files/img_0f96c430_20240624_i1719173438_8913_0_jpg_299a0c95-96bb-47c7-adde-d49a13d8c7b0.jpg?v=1759823859,Hi I want FENDI SIGNATURE MULE SLIDES IN DARK BROWN FIBRE,
FENDI BAGUETTE DAD SANDALS IN ASH GREY CALFSKIN,https://cdn.shopify.com/s/files/1/0912/9351/6071/files/20230430_i1682845734_9688_1_jpg_35cd0c2d-fd1b-483f-b25b-e0982986eb03.jpg?v=1759823863,footwear,fendi,https://cdn.shopify.com/s/files/1/0912/9351/6071/files/20230430_i1682845734_9688_1_jpg_35cd0c2d-fd1b-483f-b25b-e0982986eb03.jpg?v=1759823863|https://cdn.shopify.com/s/files/1/0912/9351/6071/files/20230430_i1682845734_290_5_jpg_acb4d649-7509-4840-9c45-ae237158d711.jpg?v=1759823863|https://cdn.shopify.com/s/files/1/0912/9351/6071/files/20230430_i1682845734_4365_3_jpg_829ac63a-0189-4600-a3c8-3099fba25f5b.jpg?v=1759823863|https://cdn.shopify.com/s/files/1/0912/9351/6071/files/20230430_i1682845734_14_0_jpg_e7f739be-40ed-4d15-8d6e-025637fedda0.jpg?v=1759823863|https://cdn.shopify.com/s/files/1/0912/9351/6071/files/20230430_i1682845734_2567_4_jpg_dbf9387c-9a5b-4d11-a1c6-e5c1e0d66e5e.jpg?v=1759823863|https://cdn.shopify.com/s/files/1/0912/9351/6071/files/20230430_i1682845734_1678_6_jpg_8714aa4e-b139-4327-8fe8-5dde80b3066a.jpg?v=1759823863|https://cdn.shopify.com/s/files/1/0912/9351/6071/files/20230430_i1682845734_3069_7_jpg_212ecc2a-1518-48c7-8e3c-19f7979ed7b3.jpg?v=1759823864|https://cdn.shopify.com/s/files/1/0912/9351/6071/files/20230430_i1682845734_1044_8_jpg_a068b602-7ba8-4b9c-a2a7-faa76eac196e.jpg?v=1759823863,Hi I want FENDI BAGUETTE DAD SANDALS IN ASH GREY CALFSKIN,
FENDI BAGUETTE DAD SANDALS IN WHITE CALFSKIN,https://cdn.shopify.com/s/files/1/0912/9351/6071/files/20230430_i1682845806_7563_6_jpg_bc77d9b5-5f1e-49b8-acb7-5db1587c460a.jpg?v=1759823874,footwear,fendi,https://cdn.shopify.com/s/files/1/0912/9351/6071/files/20230430_i1682845806_7563_6_jpg_bc77d9b5-5f1e-49b8-acb7-5db1587c460a.jpg?v=1759823874|https://cdn.shopify.com/s/files/1/0912/9351/6071/files/20230430_i1682845806_5121_5_jpg_e77c09b7-64b9-4835-9c1d-ac84bcf8de75.jpg?v=1759823874|https://cdn.shopify.com/s/files/1/0912/9351/6071/files/20230430_i1682845806_4484_1_jpg_28a4755f-d876-4f54-94ca-f4372e7e31c5.jpg?v=1759823875|https://cdn.shopify.com/s/files/1/0912/9351/6071/files/20230430_i1682845806_4056_3_jpg_f2689a0c-3435-42f8-9dfc-5beb2deae378.jpg?v=1759823874|https://cdn.shopify.com/s/files/1/0912/9351/6071/files/20230430_i1682845806_3477_7_jpg_b49c47e5-f364-4889-87b0-62d90d0313d5.jpg?v=1759823874|https://cdn.shopify.com/s/files/1/0912/9351/6071/files/20230430_i1682845806_3080_0_jpg_6dc78127-b56d-48fe-8765-5c029fea349a.jpg?v=1759823875|https://cdn.shopify.com/s/files/1/0912/9351/6071/files/20230430_i1682845806_2984_2_jpg_5b0c684c-d659-493d-857a-11d92947767c.jpg?v=1759823875|https://cdn.shopify.com/s/files/1/0912/9351/6071/files/20230430_i1682845806_2865_8_jpg_6a52f874-7e26-4a0e-b54d-497868d89c07.jpg?v=1759823874|https://cdn.shopify.com/s/files/1/0912/9351/6071/files/20230430_i1682845806_1333_4_jpg_1e6071b0-d8d2-4ede-9ec5-889dc4827efa.jpg?v=1759823875,Hi I want FENDI BAGUETTE DAD SANDALS IN WHITE CALFSKIN,
FENDI BAGUETTE DAD SANDALS IN BLACK CALFSKIN WITH GOLD HARDWARE,https://cdn.shopify.com/s/files/1/0912/9351/6071/files/20230430_i1682845825_8796_1_jpg_2813df89-1767-4637-b3d6-d5291c0d5a61.jpg?v=1759823877,footwear,fendi,https://cdn.shopify.com/s/files/1/0912/9351/6071/files/20230430_i1682845825_8796_1_jpg_2813df89-1767-4637-b3d6-d5291c0d5a61.jpg?v=1759823877|https://cdn.shopify.com/s/files/1/0912/9351/6071/files/20230430_i1682845825_7080_5_jpg_c05dcc71-05c8-47a1-aa0b-1b0398824f8e.jpg?v=1759823877|https://cdn.shopify.com/s/files/1/0912/9351/6071/files/20230430_i1682845825_4262_6_jpg_500f36ee-927a-41ab-957a-011366832f85.jpg?v=1759823878|https://cdn.shopify.com/s/files/1/0912/9351/6071/files/20230430_i1682845825_7758_3_jpg_eeec5aba-3ab7-4d6e-8f43-91483ed122ae.jpg?v=1759823877|https://cdn.shopify.com/s/files/1/0912/9351/6071/files/20230430_i1682845825_1570_0_jpg_d3934bbb-a7c5-4e38-8f7b-df6cc6399ab9.jpg?v=1759823878|https://cdn.shopify.com/s/files/1/0912/9351/6071/files/20230430_i1682845825_8103_4_jpg_885d4b9d-468c-4ce6-9172-c6da9b7686f4.jpg?v=1759823877|https://cdn.shopify.com/s/files/1/0912/9351/6071/files/20230430_i1682845825_6350_2_jpg_ee4f2ec2-1a41-4468-9e86-b0ed38d7300a.jpg?v=1759823878|https://cdn.shopify.com/s/files/1/0912/9351/6071/files/20230430_i1682845825_9467_7_jpg_0711fbbb-6623-4e7d-9842-fc94a08d0a83.jpg?v=1759823877|https://cdn.shopify.com/s/files/1/0912/9351/6071/files/20230430_i1682845825_8291_8_jpg_0f032f41-ba48-4d5d-84fd-693105e7e3e2.jpg?v=1759823878,Hi I want FENDI BAGUETTE DAD SANDALS IN BLACK CALFSKIN WITH GOLD HARDWARE,
FENDI DAD SANDAL IN WHITE MIX CIDER BROWN MONOGRAM JACQUARD FABRIC,https://cdn.shopify.com/s/files/1/0912/9351/6071/files/img_9301c5e6_20240608_i1717857246_3136_0_jpg_197e59f8-0e9f-4c68-a16d-5137dbc38481.jpg?v=1759823880,footwear,fendi,https://cdn.shopify.com/s/files/1/0912/9351/6071/files/img_9301c5e6_20240608_i1717857246_3136_0_jpg_197e59f8-0e9f-4c68-a16d-5137dbc38481.jpg?v=1759823880|https://cdn.shopify.com/s/files/1/0912/9351/6071/files/img_9301c5e6_20240608_i1717857246_7772_2_jpg_0777775e-dbb8-4e8a-b5c2-6ec9d82b182c.jpg?v=1759823880|https://cdn.shopify.com/s/files/1/0912/9351/6071/files/img_9301c5e6_20240608_i1717857246_6164_5_jpg_7d28af95-1193-4932-b6dd-448c362910a0.jpg?v=1759823880|https://cdn.shopify.com/s/files/1/0912/9351/6071/files/img_9301c5e6_20240608_i1717857246_8172_3_jpg_8fa7f994-af26-492f-9bb3-66c4b7251e05.jpg?v=1759823880|https://cdn.shopify.com/s/files/1/0912/9351/6071/files/img_9301c5e6_20240608_i1717857246_1762_6_jpg_8a3a7e12-572e-4f96-95b9-65f249d524d0.jpg?v=1759823880|https://cdn.shopify.com/s/files/1/0912/9351/6071/files/img_9301c5e6_20240608_i1717857246_8267_1_jpg_66956d8a-5703-4886-ae84-64bb8cfaa46a.jpg?v=1759823880|https://cdn.shopify.com/s/files/1/0912/9351/6071/files/img_9301c5e6_20240608_i1717857246_8185_7_jpg_cd954ac2-d6af-4c18-9888-47c24fe1f931.jpg?v=1759823880|https://cdn.shopify.com/s/files/1/0912/9351/6071/files/img_9301c5e6_20240608_i1717857246_510_8_jpg_191eaad8-dc5e-4c92-ad4b-10c39cdd17a1.jpg?v=1759823880|https://cdn.shopify.com/s/files/1/0912/9351/6071/files/img_9301c5e6_20240608_i1717857246_2192_4_jpg_c5334d7c-9faa-4c0a-8bb9-af6239e42016.jpg?v=1759823880,Hi I want FENDI DAD SANDAL IN WHITE MIX CIDER BROWN MONOGRAM JACQUARD FABRIC,
FENDI DAD SANDAL IN NAVY BLUE MIX WHITE MONOGRAM JACQUARD FABRIC,https://cdn.shopify.com/s/files/1/0912/9351/6071/files/img_9301c5e6_20240608_i1717857275_4162_7_jpg_c739b32c-9dbd-4fad-ad44-638183aa036c.jpg?v=1759823882,footwear,fendi,https://cdn.shopify.com/s/files/1/0912/9351/6071/files/img_9301c5e6_20240608_i1717857275_4162_7_jpg_c739b32c-9dbd-4fad-ad44-638183aa036c.jpg?v=1759823882|https://cdn.shopify.com/s/files/1/0912/9351/6071/files/img_9301c5e6_20240608_i1717857275_2844_3_jpg_efc2fc6b-a1b1-4be0-bbdf-688a3c47609e.jpg?v=1759823882|https://cdn.shopify.com/s/files/1/0912/9351/6071/files/img_9301c5e6_20240608_i1717857275_1669_5_jpg_9b9c9d9f-9e29-4d60-8381-36f6fe9efa39.jpg?v=1759823882|https://cdn.shopify.com/s/files/1/0912/9351/6071/files/img_9301c5e6_20240608_i1717857275_3817_4_jpg_3010c29d-e040-48ae-afb0-da6ce179f164.jpg?v=1759823882|https://cdn.shopify.com/s/files/1/0912/9351/6071/files/img_9301c5e6_20240608_i1717857275_2423_0_jpg_bc346823-e71b-45b0-b388-b6e200edd85c.jpg?v=1759823882|https://cdn.shopify.com/s/files/1/0912/9351/6071/files/img_9301c5e6_20240608_i1717857275_2089_8_jpg_c36baf80-8e1a-4332-b424-6e9c0fdeb155.jpg?v=1759823882|https://cdn.shopify.com/s/files/1/0912/9351/6071/files/img_9301c5e6_20240608_i1717857275_6116_1_jpg_d05f7ddc-27a0-4ab2-b020-695353f86bf5.jpg?v=1759823882|https://cdn.shopify.com/s/files/1/0912/9351/6071/files/img_9301c5e6_20240608_i1717857275_2302_6_jpg_820ab348-441f-4e35-bb51-ec86a6e5cc26.jpg?v=1759823882|https://cdn.shopify.com/s/files/1/0912/9351/6071/files/img_9301c5e6_20240608_i1717857275_3289_2_jpg_e79e90ac-e2d8-4645-980c-ad97e16e9207.jpg?v=1759823882,Hi I want FENDI DAD SANDAL IN NAVY BLUE MIX WHITE MONOGRAM JACQUARD FABRIC,
FENDI DAD SANDAL IN MOCHA BROWN MIX BLACK MONOGRAM JACQUARD FABRIC,https://cdn.shopify.com/s/files/1/0912/9351/6071/files/img_9301c5e6_20240608_i1717857301_5521_1_jpg_18771f0b-873a-40d2-bf7b-ea4f87274679.jpg?v=1759823884,footwear,fendi,https://cdn.shopify.com/s/files/1/0912/9351/6071/files/img_9301c5e6_20240608_i1717857301_5521_1_jpg_18771f0b-873a-40d2-bf7b-ea4f87274679.jpg?v=1759823884|https://cdn.shopify.com/s/files/1/0912/9351/6071/files/img_9301c5e6_20240608_i1717857301_1498_7_jpg_a77dbff4-ffff-463f-ad13-0b37fbf9ffcb.jpg?v=1759823884|https://cdn.shopify.com/s/files/1/0912/9351/6071/files/img_9301c5e6_20240608_i1717857301_6147_3_jpg_beb38767-b5f3-4c00-8f68-d72f13440067.jpg?v=1759823884|https://cdn.shopify.com/s/files/1/0912/9351/6071/files/img_9301c5e6_20240608_i1717857301_6930_8_jpg_2e92415b-308a-40c0-aae2-3df0ea801d6d.jpg?v=1759823884|https://cdn.shopify.com/s/files/1/0912/9351/6071/files/img_9301c5e6_20240608_i1717857301_3670_5_jpg_cd8f3fc0-dde3-4525-aab2-074f25facfa0.jpg?v=1759823884|https://cdn.shopify.com/s/files/1/0912/9351/6071/files/img_9301c5e6_20240608_i1717857301_8615_4_jpg_922e54e2-4528-4073-a786-2eeb86a18e34.jpg?v=1759823884|https://cdn.shopify.com/s/files/1/0912/9351/6071/files/img_9301c5e6_20240608_i1717857301_1391_2_jpg_d438cf32-da52-40d1-80e6-11a7424b136f.jpg?v=1759823884|https://cdn.shopify.com/s/files/1/0912/9351/6071/files/img_9301c5e6_20240608_i1717857301_8641_0_jpg_ede4c8be-2553-4f71-abba-a8949ef47ca5.jpg?v=1759823884|https://cdn.shopify.com/s/files/1/0912/9351/6071/files/img_9301c5e6_20240608_i1717857301_4227_6_jpg_d0ff8939-6ccb-4644-9df8-ef390471e38f.jpg?v=1759823884,Hi I want FENDI DAD SANDAL IN MOCHA BROWN MIX BLACK MONOGRAM JACQUARD FABRIC,
FENDI DAD SANDAL IN YELLOW MIX LIGHT PURPLE CANVAS WITH GOLD HARDWARE,https://cdn.shopify.com/s/files/1/0912/9351/6071/files/img_9301c5e6_20240608_i1717857325_9557_4_jpg_56ab6565-6992-4cb4-bdd0-9453c6771b9a.jpg?v=1759823886,footwear,fendi,https://cdn.shopify.com/s/files/1/0912/9351/6071/files/img_9301c5e6_20240608_i1717857325_9557_4_jpg_56ab6565-6992-4cb4-bdd0-9453c6771b9a.jpg?v=1759823886|https://cdn.shopify.com/s/files/1/0912/9351/6071/files/img_9301c5e6_20240608_i1717857325_8429_6_jpg_a2fa3a20-4148-491e-8fe2-3cbd93910412.jpg?v=1759823886|https://cdn.shopify.com/s/files/1/0912/9351/6071/files/img_9301c5e6_20240608_i1717857325_1665_2_jpg_034a8e37-a59b-44ff-8319-fa738c3663f5.jpg?v=1759823886|https://cdn.shopify.com/s/files/1/0912/9351/6071/files/img_9301c5e6_20240608_i1717857325_7189_0_jpg_d054c147-452f-470c-941b-bfda7a6812b9.jpg?v=1759823886|https://cdn.shopify.com/s/files/1/0912/9351/6071/files/img_9301c5e6_20240608_i1717857325_8451_8_jpg_e2a917c5-d99d-40d7-8bf5-5c8595b31b2a.jpg?v=1759823886|https://cdn.shopify.com/s/files/1/0912/9351/6071/files/img_9301c5e6_20240608_i1717857325_3992_3_jpg_214dbe31-25b4-4be7-8537-1cb823fcba60.jpg?v=1759823886|https://cdn.shopify.com/s/files/1/0912/9351/6071/files/img_9301c5e6_20240608_i1717857325_1697_7_jpg_c0d1e5e7-16a5-49f6-8612-ab2430b08876.jpg?v=1759823886|https://cdn.shopify.com/s/files/1/0912/9351/6071/files/img_9301c5e6_20240608_i1717857325_4869_1_jpg_6b170312-e476-4784-a26a-f0c40a71bd02.jpg?v=1759823886|https://cdn.shopify.com/s/files/1/0912/9351/6071/files/img_9301c5e6_20240608_i1717857325_9976_5_jpg_bb2d6cda-98d7-4490-b1aa-29b2652f1b35.jpg?v=1759823886,Hi I want FENDI DAD SANDAL IN YELLOW MIX LIGHT PURPLE CANVAS WITH GOLD HARDWARE,
FENDI DAD SANDAL IN NAVY BLUE MIX LIGHT GREY CANVAS WITH GOLD HARDWARE,https://cdn.shopify.com/s/files/1/0912/9351/6071/files/img_9301c5e6_20240608_i1717857348_8384_1_jpg_0d8215dc-6698-4866-844e-7ef50de22627.jpg?v=1759823888,footwear,fendi,https://cdn.shopify.com/s/files/1/0912/9351/6071/files/img_9301c5e6_20240608_i1717857348_8384_1_jpg_0d8215dc-6698-4866-844e-7ef50de22627.jpg?v=1759823888|https://cdn.shopify.com/s/files/1/0912/9351/6071/files/img_9301c5e6_20240608_i1717857349_7161_6_jpg_42dcdfcf-7e8f-4c15-9e32-41259ad60e30.jpg?v=1759823888|https://cdn.shopify.com/s/files/1/0912/9351/6071/files/img_9301c5e6_20240608_i1717857349_4530_8_jpg_4055d319-0b24-4416-aa01-5cfbad0811bd.jpg?v=1759823888|https://cdn.shopify.com/s/files/1/0912/9351/6071/files/img_9301c5e6_20240608_i1717857349_3115_3_jpg_2d6bbe59-9375-4344-8f4b-a1db49f9c653.jpg?v=1759823888|https://cdn.shopify.com/s/files/1/0912/9351/6071/files/img_9301c5e6_20240608_i1717857349_8367_4_jpg_3fd70b3d-aeca-4cb6-9220-7f0cc6cc4e96.jpg?v=1759823888|https://cdn.shopify.com/s/files/1/0912/9351/6071/files/img_9301c5e6_20240608_i1717857348_2206_0_jpg_9e97fd38-ce43-45cd-ae2f-486cf3bc4e73.jpg?v=1759823888|https://cdn.shopify.com/s/files/1/0912/9351/6071/files/img_9301c5e6_20240608_i1717857348_615_2_jpg_c1bcbafe-ff8c-49be-9879-6526faa748e9.jpg?v=1759823888|https://cdn.shopify.com/s/files/1/0912/9351/6071/files/img_9301c5e6_20240608_i1717857349_3361_7_jpg_980232ae-651b-4a3d-9def-e0b6d729a4a4.jpg?v=1759823888|https://cdn.shopify.com/s/files/1/0912/9351/6071/files/img_9301c5e6_20240608_i1717857349_2702_5_jpg_fdfbdf13-aff0-4b55-a2ab-63355c6826b7.jpg?v=1759823889,Hi I want FENDI DAD SANDAL IN NAVY BLUE MIX LIGHT GREY CANVAS WITH GOLD HARDWARE,
FENDI PLATFORM WEDGES IN WHITE RAFFIA WITH BROWN EMBROIDERED LOGO,https://cdn.shopify.com/s/files/1/0912/9351/6071/files/img_9301c5e6_20240608_i1717857725_3582_2_jpg_bcaafc58-f528-43bc-9a84-4ec7821880c1.jpg?v=1759823890,footwear,fendi,https://cdn.shopify.com/s/files/1/0912/9351/6071/files/img_9301c5e6_20240608_i1717857725_3582_2_jpg_bcaafc58-f528-43bc-9a84-4ec7821880c1.jpg?v=1759823890|https://cdn.shopify.com/s/files/1/0912/9351/6071/files/img_9301c5e6_20240608_i1717857725_1661_5_jpg_d59a8a3f-1c3a-4cb2-8d57-a1af94c65b03.jpg?v=1759823890|https://cdn.shopify.com/s/files/1/0912/9351/6071/files/img_9301c5e6_20240608_i1717857725_2567_6_jpg_df9b76c5-79f9-4011-96ba-f4642aa6a925.jpg?v=1759823890|https://cdn.shopify.com/s/files/1/0912/9351/6071/files/img_9301c5e6_20240608_i1717857725_6110_1_jpg_7c98c1a4-fa79-43f3-af37-11b59fcba934.jpg?v=1759823890|https://cdn.shopify.com/s/files/1/0912/9351/6071/files/img_9301c5e6_20240608_i1717857725_7558_7_jpg_78f927fa-16b7-4daa-98ea-0accdb879832.jpg?v=1759823890|https://cdn.shopify.com/s/files/1/0912/9351/6071/files/img_9301c5e6_20240608_i1717857725_4824_8_jpg_42cd185d-a7dc-4a17-9f64-e195174b5e7b.jpg?v=1759823890|https://cdn.shopify.com/s/files/1/0912/9351/6071/files/img_9301c5e6_20240608_i1717857725_2024_3_jpg_09e49af0-15e1-4515-8699-bacaa0c1c056.jpg?v=1759823890|https://cdn.shopify.com/s/files/1/0912/9351/6071/files/img_9301c5e6_20240608_i1717857725_1752_0_jpg_3bd574f8-9392-4a2c-82aa-71dad10666d9.jpg?v=1759823890|https://cdn.shopify.com/s/files/1/0912/9351/6071/files/img_9301c5e6_20240608_i1717857725_6372_4_jpg_32da5676-a638-44a9-bb2d-bc143a045e1c.jpg?v=1759823890,Hi I want FENDI PLATFORM WEDGES IN WHITE RAFFIA WITH BROWN EMBROIDERED LOGO,
FENDI PLATFORM WEDGES IN BLACK MIX CHOCOLATE BROWN RAFFIA,https://cdn.shopify.com/s/files/1/0912/9351/6071/files/img_9301c5e6_20240608_i1717857801_4024_3_jpg_eb5844f0-24b6-44ce-8cbb-8974d22c9306.jpg?v=1759823894,footwear,fendi,https://cdn.shopify.com/s/files/1/0912/9351/6071/files/img_9301c5e6_20240608_i1717857801_4024_3_jpg_eb5844f0-24b6-44ce-8cbb-8974d22c9306.jpg?v=1759823894|https://cdn.shopify.com/s/files/1/0912/9351/6071/files/img_9301c5e6_20240608_i1717857801_182_2_jpg_a94af3fd-b71f-45ad-83a1-a8840c7bc8dd.jpg?v=1759823895|https://cdn.shopify.com/s/files/1/0912/9351/6071/files/img_9301c5e6_20240608_i1717857801_6960_1_jpg_32a2a5d5-ff2c-4175-ac97-d0c416335483.jpg?v=1759823895|https://cdn.shopify.com/s/files/1/0912/9351/6071/files/img_9301c5e6_20240608_i1717857801_3229_6_jpg_d96eba05-0d5a-4e56-b6aa-1a58cfa121b5.jpg?v=1759823894|https://cdn.shopify.com/s/files/1/0912/9351/6071/files/img_9301c5e6_20240608_i1717857801_6999_7_jpg_314b317d-8b8b-495c-b507-84908f99193d.jpg?v=1759823895|https://cdn.shopify.com/s/files/1/0912/9351/6071/files/img_9301c5e6_20240608_i1717857801_1624_0_jpg_4f0287f3-3c48-4098-a98f-ca65aae18156.jpg?v=1759823894|https://cdn.shopify.com/s/files/1/0912/9351/6071/files/img_9301c5e6_20240608_i1717857801_6726_4_jpg_39891a21-eebf-427f-aa97-47a141f73681.jpg?v=1759823894|https://cdn.shopify.com/s/files/1/0912/9351/6071/files/img_9301c5e6_20240608_i1717857801_6415_5_jpg_b20128ee-ff15-4cb9-8ca3-ec42048b3841.jpg?v=1759823894|https://cdn.shopify.com/s/files/1/0912/9351/6071/files/img_9301c5e6_20240608_i1717857801_9967_8_jpg_ad97766f-3bdf-4c78-a0ca-aed802a8860a.jpg?v=1759823895,Hi I want FENDI PLATFORM WEDGES IN BLACK MIX CHOCOLATE BROWN RAFFIA,
FENDI PLATFORM WEDGES IN STEEL BLUE JACQUARD FABRIC WITH EMBROIDERED LOGO,https://cdn.shopify.com/s/files/1/0912/9351/6071/files/img_9301c5e6_20240608_i1717857847_4886_3_jpg_6fce78d2-fc39-47a9-9004-a037c0478cd2.jpg?v=1759823896,footwear,fendi,https://cdn.shopify.com/s/files/1/0912/9351/6071/files/img_9301c5e6_20240608_i1717857847_4886_3_jpg_6fce78d2-fc39-47a9-9004-a037c0478cd2.jpg?v=1759823896|https://cdn.shopify.com/s/files/1/0912/9351/6071/files/img_9301c5e6_20240608_i1717857847_1593_1_jpg_6cc879e0-1fab-41e4-a19c-32973ddebb2c.jpg?v=1759823897|https://cdn.shopify.com/s/files/1/0912/9351/6071/files/img_9301c5e6_20240608_i1717857847_7579_5_jpg_f4c2472e-95e3-421a-9e04-ca4cd25b89c5.jpg?v=1759823897|https://cdn.shopify.com/s/files/1/0912/9351/6071/files/img_9301c5e6_20240608_i1717857847_7780_0_jpg_21faded2-e55c-4fc2-9be0-546d4a9c5cd5.jpg?v=1759823897|https://cdn.shopify.com/s/files/1/0912/9351/6071/files/img_9301c5e6_20240608_i1717857847_1161_8_jpg_f2bd9b83-1cc1-45a0-8162-fe42e1c64a8f.jpg?v=1759823897|https://cdn.shopify.com/s/files/1/0912/9351/6071/files/img_9301c5e6_20240608_i1717857847_1587_6_jpg_ef480334-b124-450a-b938-11eba3a16051.jpg?v=1759823897|https://cdn.shopify.com/s/files/1/0912/9351/6071/files/img_9301c5e6_20240608_i1717857847_7675_2_jpg_95318348-17df-482f-b446-49e56015c9e3.jpg?v=1759823897|https://cdn.shopify.com/s/files/1/0912/9351/6071/files/img_9301c5e6_20240608_i1717857847_2643_7_jpg_8b4b8441-59c5-4a1c-babc-474c8770ebee.jpg?v=1759823897|https://cdn.shopify.com/s/files/1/0912/9351/6071/files/img_9301c5e6_20240608_i1717857847_4734_4_jpg_fd6b8551-79a7-4f89-bb21-d4cae2b89420.jpg?v=1759823897,Hi I want FENDI PLATFORM WEDGES IN STEEL BLUE JACQUARD FABRIC WITH EMBROIDERED LOGO,
FENDI PLATFORM WEDGES IN PIGEON BLUE JACQUARD FABRIC WITH EMBROIDERED LOGO,https://cdn.shopify.com/s/files/1/0912/9351/6071/files/img_9301c5e6_20240608_i1717857871_8025_8_jpg_8b4b6827-dba8-4931-adb0-1c545b01c5ec.jpg?v=1759823899,footwear,fendi,https://cdn.shopify.com/s/files/1/0912/9351/6071/files/img_9301c5e6_20240608_i1717857871_8025_8_jpg_8b4b6827-dba8-4931-adb0-1c545b01c5ec.jpg?v=1759823899|https://cdn.shopify.com/s/files/1/0912/9351/6071/files/img_9301c5e6_20240608_i1717857871_6554_3_jpg_4c0311b7-089d-48b6-bc90-a2493b253cd4.jpg?v=1759823899|https://cdn.shopify.com/s/files/1/0912/9351/6071/files/img_9301c5e6_20240608_i1717857871_8491_0_jpg_ca96f782-73e1-40a6-ab70-a29c97a2f3f2.jpg?v=1759823899|https://cdn.shopify.com/s/files/1/0912/9351/6071/files/img_9301c5e6_20240608_i1717857871_5285_2_jpg_7cf8f7ba-a27a-4cd9-b3aa-690cc79b508a.jpg?v=1759823899|https://cdn.shopify.com/s/files/1/0912/9351/6071/files/img_9301c5e6_20240608_i1717857871_2883_1_jpg_b0aabd8f-43eb-44b4-966b-15fc238654f7.jpg?v=1759823899|https://cdn.shopify.com/s/files/1/0912/9351/6071/files/img_9301c5e6_20240608_i1717857871_2804_7_jpg_4c2e18c2-3b99-4d60-ae3f-10a94ab01159.jpg?v=1759823899|https://cdn.shopify.com/s/files/1/0912/9351/6071/files/img_9301c5e6_20240608_i1717857871_3182_6_jpg_76715704-fd18-4770-bd65-fb43eab6fcd2.jpg?v=1759823899|https://cdn.shopify.com/s/files/1/0912/9351/6071/files/img_9301c5e6_20240608_i1717857871_5682_4_jpg_c73e0671-c9e9-4bfc-a9b9-7d5cf0d6b8c8.jpg?v=1759823899|https://cdn.shopify.com/s/files/1/0912/9351/6071/files/img_9301c5e6_20240608_i1717857871_7137_5_jpg_031f2e7b-bb45-419e-b53a-d56ad1b0df7a.jpg?v=1759823899,Hi I want FENDI PLATFORM WEDGES IN PIGEON BLUE JACQUARD FABRIC WITH EMBROIDERED LOGO,
FENDI PLATFORM WEDGES IN BLACK JACUARD FABRIC WITH BLACK EMBROIDERED LOGO,https://cdn.shopify.com/s/files/1/0912/9351/6071/files/img_9301c5e6_20240608_i1717857895_7541_1_jpg_84a820ca-1d3e-4457-9125-e31ab2660de5.jpg?v=1759823901,footwear,fendi,https://cdn.shopify.com/s/files/1/0912/9351/6071/files/img_9301c5e6_20240608_i1717857895_7541_1_jpg_84a820ca-1d3e-4457-9125-e31ab2660de5.jpg?v=1759823901|https://cdn.shopify.com/s/files/1/0912/9351/6071/files/img_9301c5e6_20240608_i1717857895_2551_0_jpg_e0b8161c-9192-4cb5-936a-8195e2479827.jpg?v=1759823901|https://cdn.shopify.com/s/files/1/0912/9351/6071/files/img_9301c5e6_20240608_i1717857895_5368_2_jpg_bef02a59-e4f3-477f-aaa9-ab2db10b6a5b.jpg?v=1759823901|https://cdn.shopify.com/s/files/1/0912/9351/6071/files/img_9301c5e6_20240608_i1717857895_348_4_jpg_13ef2ed2-51f2-46cc-8669-7893245a2027.jpg?v=1759823901|https://cdn.shopify.com/s/files/1/0912/9351/6071/files/img_9301c5e6_20240608_i1717857895_3305_5_jpg_63c04977-0bd2-404b-838f-c7decad367ff.jpg?v=1759823901|https://cdn.shopify.com/s/files/1/0912/9351/6071/files/img_9301c5e6_20240608_i1717857895_353_7_jpg_661f313e-fd1e-4a85-b9e4-16fbe5a9fd4a.jpg?v=1759823901|https://cdn.shopify.com/s/files/1/0912/9351/6071/files/img_9301c5e6_20240608_i1717857895_7616_3_jpg_4f534855-e845-4b19-96f5-aac8c3a91df9.jpg?v=1759823901|https://cdn.shopify.com/s/files/1/0912/9351/6071/files/img_9301c5e6_20240608_i1717857895_1494_6_jpg_6296962e-43a8-4908-901a-95ef680ca876.jpg?v=1759823901|https://cdn.shopify.com/s/files/1/0912/9351/6071/files/img_9301c5e6_20240608_i1717857895_5204_8_jpg_5dd5debc-e8dd-4fed-a4d5-53fbc031a1e2.jpg?v=1759823901,Hi I want FENDI PLATFORM WEDGES IN BLACK JACUARD FABRIC WITH BLACK EMBROIDERED LOGO,
FENDI PLATFORM WEDGES IN GREY MONOGRAM JACQUARD WITH BLACK EMBROIDERED LOGO,https://cdn.shopify.com/s/files/1/0912/9351/6071/files/img_9301c5e6_20240608_i1717857917_5035_8_jpg_f7a746ec-4fb1-404c-8a36-02b1097c1ce4.jpg?v=1759823903,footwear,fendi,https://cdn.shopify.com/s/files/1/0912/9351/6071/files/img_9301c5e6_20240608_i1717857917_5035_8_jpg_f7a746ec-4fb1-404c-8a36-02b1097c1ce4.jpg?v=1759823903|https://cdn.shopify.com/s/files/1/0912/9351/6071/files/img_9301c5e6_20240608_i1717857917_4385_5_jpg_c6e4cc1a-0355-4b64-901e-908ca177b28a.jpg?v=1759823903|https://cdn.shopify.com/s/files/1/0912/9351/6071/files/img_9301c5e6_20240608_i1717857917_2855_2_jpg_c1e7256d-a8fd-4ce1-bb87-6e00d5e2b41e.jpg?v=1759823903|https://cdn.shopify.com/s/files/1/0912/9351/6071/files/img_9301c5e6_20240608_i1717857917_1080_3_jpg_eeab4473-ce6d-423c-b771-04832bdff482.jpg?v=1759823903|https://cdn.shopify.com/s/files/1/0912/9351/6071/files/img_9301c5e6_20240608_i1717857917_7820_1_jpg_8132f575-399d-4be8-a37a-505e80bb75fa.jpg?v=1759823903|https://cdn.shopify.com/s/files/1/0912/9351/6071/files/img_9301c5e6_20240608_i1717857917_3801_4_jpg_2b0a346a-1050-4959-a39c-a16291cf899c.jpg?v=1759823903|https://cdn.shopify.com/s/files/1/0912/9351/6071/files/img_9301c5e6_20240608_i1717857917_5051_6_jpg_0d0295e1-ddad-4860-8121-42206ea9f931.jpg?v=1759823903|https://cdn.shopify.com/s/files/1/0912/9351/6071/files/img_9301c5e6_20240608_i1717857917_845_7_jpg_5ffeb5ef-be80-4059-a2a7-2c354f05e619.jpg?v=1759823903|https://cdn.shopify.com/s/files/1/0912/9351/6071/files/img_9301c5e6_20240608_i1717857917_2350_0_jpg_aa2f574d-1a24-4a19-8cdc-5cec2682d94d.jpg?v=1759823903,Hi I want FENDI PLATFORM WEDGES IN GREY MONOGRAM JACQUARD WITH BLACK EMBROIDERED LOGO,
FENDI PLATFORM WEDGES IN AEGEAN BLUE MIX WHITE FF MONOGRAM FABRIC,https://cdn.shopify.com/s/files/1/0912/9351/6071/files/img_9301c5e6_20240608_i1717857960_7305_7_jpg_36d91d0d-4250-4bbd-b106-00d6f209e766.jpg?v=1759823907,footwear,fendi,https://cdn.shopify.com/s/files/1/0912/9351/6071/files/img_9301c5e6_20240608_i1717857960_7305_7_jpg_36d91d0d-4250-4bbd-b106-00d6f209e766.jpg?v=1759823907|https://cdn.shopify.com/s/files/1/0912/9351/6071/files/img_9301c5e6_20240608_i1717857960_5971_6_jpg_75870754-d610-4907-8d63-8e426845afc7.jpg?v=1759823907|https://cdn.shopify.com/s/files/1/0912/9351/6071/files/img_9301c5e6_20240608_i1717857960_7678_0_jpg_115ee9cf-2dd4-49db-bff8-1ef2e064514b.jpg?v=1759823907|https://cdn.shopify.com/s/files/1/0912/9351/6071/files/img_9301c5e6_20240608_i1717857960_4709_5_jpg_d372553c-d1ae-422a-af18-5f9f5fd7d92f.jpg?v=1759823907|https://cdn.shopify.com/s/files/1/0912/9351/6071/files/img_9301c5e6_20240608_i1717857960_4915_2_jpg_346a59b8-3463-49ec-948e-49786a9f5a23.jpg?v=1759823907|https://cdn.shopify.com/s/files/1/0912/9351/6071/files/img_9301c5e6_20240608_i1717857960_5110_3_jpg_c2fbba76-6205-46e5-b082-de9d0c5278f4.jpg?v=1759823907|https://cdn.shopify.com/s/files/1/0912/9351/6071/files/img_9301c5e6_20240608_i1717857960_6505_1_jpg_364b9feb-69f6-4f9d-9dff-91d80e5767a3.jpg?v=1759823907|https://cdn.shopify.com/s/files/1/0912/9351/6071/files/img_9301c5e6_20240608_i1717857960_2678_4_jpg_0eb8e0e4-0adf-4a13-aca6-a312ffdf7ebf.jpg?v=1759823907|https://cdn.shopify.com/s/files/1/0912/9351/6071/files/img_9301c5e6_20240608_i1717857960_8961_8_jpg_c3174eff-8ed0-4e1d-aa44-8f684dc1d0bb.jpg?v=1759823907,Hi I want FENDI PLATFORM WEDGES IN AEGEAN BLUE MIX WHITE FF MONOGRAM FABRIC,
FENDI PLATFORM WEDGES IN NAVY BLUE MIX BEIGE FF MONOGRAM FABRIC,https://cdn.shopify.com/s/files/1/0912/9351/6071/files/img_9301c5e6_20240608_i1717858006_8851_0_jpg_a92cee42-99f5-4426-b471-7c688d8adca0.jpg?v=1759823911,footwear,fendi,https://cdn.shopify.com/s/files/1/0912/9351/6071/files/img_9301c5e6_20240608_i1717858006_8851_0_jpg_a92cee42-99f5-4426-b471-7c688d8adca0.jpg?v=1759823911|https://cdn.shopify.com/s/files/1/0912/9351/6071/files/img_9301c5e6_20240608_i1717858006_6640_0_jpg_1cd8566b-972c-416a-be1e-003e920e7e92.jpg?v=1759823911|https://cdn.shopify.com/s/files/1/0912/9351/6071/files/img_9301c5e6_20240608_i1717858006_7282_0_jpg_fd799448-f45b-4ca2-a419-2ae5fb3cbed9.jpg?v=1759823911|https://cdn.shopify.com/s/files/1/0912/9351/6071/files/img_9301c5e6_20240608_i1717858006_2407_0_jpg_f14bcf28-24df-4238-b80f-87bda9e0b772.jpg?v=1759823911|https://cdn.shopify.com/s/files/1/0912/9351/6071/files/img_9301c5e6_20240608_i1717858006_3578_0_jpg_04ba4c6a-44cb-4143-a638-d19d6b77d32a.jpg?v=1759823911|https://cdn.shopify.com/s/files/1/0912/9351/6071/files/img_9301c5e6_20240608_i1717858006_8913_0_jpg_c42a3a07-b0ef-48d6-a582-becd969ee4e4.jpg?v=1759823911|https://cdn.shopify.com/s/files/1/0912/9351/6071/files/img_9301c5e6_20240608_i1717858006_9932_0_jpg_727b2819-8ff8-4c6a-a624-c5225487ad1c.jpg?v=1759823911|https://cdn.shopify.com/s/files/1/0912/9351/6071/files/img_9301c5e6_20240608_i1717858006_3237_0_jpg_a4bd321a-9b54-42f2-9792-ea67a4f94fbd.jpg?v=1759823911|https://cdn.shopify.com/s/files/1/0912/9351/6071/files/img_9301c5e6_20240608_i1717858006_3823_0_jpg_2d7615a6-0282-4e06-baa7-540f602e8445.jpg?v=1759823911,Hi I want FENDI PLATFORM WEDGES IN NAVY BLUE MIX BEIGE FF MONOGRAM FABRIC,
FENDI PLATFORM WEDGES IN LIGHT YELLOW MIX GREY FF MONOGRAM FABRIC,https://cdn.shopify.com/s/files/1/0912/9351/6071/files/img_9301c5e6_20240608_i1717858029_5931_7_jpg_2c410c3f-f944-47e4-81f0-a51f6c7219be.jpg?v=1759823913,footwear,fendi,https://cdn.shopify.com/s/files/1/0912/9351/6071/files/img_9301c5e6_20240608_i1717858029_5931_7_jpg_2c410c3f-f944-47e4-81f0-a51f6c7219be.jpg?v=1759823913|https://cdn.shopify.com/s/files/1/0912/9351/6071/files/img_9301c5e6_20240608_i1717858029_4520_4_jpg_b8ada084-64a8-4419-92ed-339f49c74430.jpg?v=1759823913|https://cdn.shopify.com/s/files/1/0912/9351/6071/files/img_9301c5e6_20240608_i1717858029_51_8_jpg_376e6954-5696-4f0b-b612-6a9feb814a52.jpg?v=1759823913|https://cdn.shopify.com/s/files/1/0912/9351/6071/files/img_9301c5e6_20240608_i1717858029_81_1_jpg_af258c9f-50ab-438f-abdb-abb9d3f9266f.jpg?v=1759823913|https://cdn.shopify.com/s/files/1/0912/9351/6071/files/img_9301c5e6_20240608_i1717858029_1181_5_jpg_48ae8771-bf8a-4721-9cd6-2f5bed2966c0.jpg?v=1759823913|https://cdn.shopify.com/s/files/1/0912/9351/6071/files/img_9301c5e6_20240608_i1717858029_1205_2_jpg_1e4ecabd-487b-478b-a538-3a4eae0f5b72.jpg?v=1759823913|https://cdn.shopify.com/s/files/1/0912/9351/6071/files/img_9301c5e6_20240608_i1717858029_5953_6_jpg_a4f9cd99-ad7e-48f3-975f-0f88a1ee90f3.jpg?v=1759823913|https://cdn.shopify.com/s/files/1/0912/9351/6071/files/img_9301c5e6_20240608_i1717858029_8376_3_jpg_f6128543-67e2-4b47-90ca-6a29fdf068cc.jpg?v=1759823913|https://cdn.shopify.com/s/files/1/0912/9351/6071/files/img_9301c5e6_20240608_i1717858029_9049_0_jpg_9d502370-1d17-4fdf-9889-1ab80abb01c1.jpg?v=1759823913,Hi I want FENDI PLATFORM WEDGES IN LIGHT YELLOW MIX GREY FF MONOGRAM FABRIC,
FENDI FLAT SLIPPER IN WHITE JACQUARD FABRIC WITH GOLD HARDWARE,https://cdn.shopify.com/s/files/1/0912/9351/6071/files/img_ff64fc05_20240629_i1719661441_4644_2_jpg_9193a25c-5ffe-476b-b500-4fb0496d6b04.jpg?v=1759823915,footwear,fendi,https://cdn.shopify.com/s/files/1/0912/9351/6071/files/img_ff64fc05_20240629_i1719661441_4644_2_jpg_9193a25c-5ffe-476b-b500-4fb0496d6b04.jpg?v=1759823915|https://cdn.shopify.com/s/files/1/0912/9351/6071/files/img_ff64fc05_20240629_i1719661441_2727_0_jpg_241415c7-5ad1-4e2a-a74e-72b4d675392f.jpg?v=1759823915|https://cdn.shopify.com/s/files/1/0912/9351/6071/files/img_ff64fc05_20240629_i1719661441_190_6_jpg_aa081fe9-b39c-4588-a338-df30e62ab900.jpg?v=1759823915|https://cdn.shopify.com/s/files/1/0912/9351/6071/files/img_ff64fc05_20240629_i1719661445_9567_0_jpg_2d17bc3c-4c5b-4426-b27f-695b1ddbaab9.jpg?v=1759823915|https://cdn.shopify.com/s/files/1/0912/9351/6071/files/img_ff64fc05_20240629_i1719661445_8388_0_jpg_26050afe-2489-4abe-9008-b7d25ba78de5.jpg?v=1759823915|https://cdn.shopify.com/s/files/1/0912/9351/6071/files/img_ff64fc05_20240629_i1719661441_2854_5_jpg_2b114467-1405-4ebf-8142-19f24281e443.jpg?v=1759823915|https://cdn.shopify.com/s/files/1/0912/9351/6071/files/img_ff64fc05_20240629_i1719661441_4880_1_jpg_ca3fe761-3a0f-4671-965e-e3dc3fdd3bc3.jpg?v=1759823915|https://cdn.shopify.com/s/files/1/0912/9351/6071/files/img_ff64fc05_20240629_i1719661441_4162_8_jpg_a32cb0cf-61ca-4dc1-adb6-deb0982e8e35.jpg?v=1759823915|https://cdn.shopify.com/s/files/1/0912/9351/6071/files/img_ff64fc05_20240629_i1719661441_2463_4_jpg_a786a913-0e71-45e1-bf7d-e7b9e52195d8.jpg?v=1759823915,Hi I want FENDI FLAT SLIPPER IN WHITE JACQUARD FABRIC WITH GOLD HARDWARE,
FENDI FLAT SLIPPER IN CHOCOLATE BROWN MONOGRAM JACQUARD FABRIC WITH GOLD HARDWARE,https://cdn.shopify.com/s/files/1/0912/9351/6071/files/img_ff64fc05_20240629_i1719661507_8363_0_jpg_73d1e538-dda8-4d2b-b0a9-79dbee258248.jpg?v=1759823917,footwear,fendi,https://cdn.shopify.com/s/files/1/0912/9351/6071/files/img_ff64fc05_20240629_i1719661507_8363_0_jpg_73d1e538-dda8-4d2b-b0a9-79dbee258248.jpg?v=1759823917|https://cdn.shopify.com/s/files/1/0912/9351/6071/files/img_ff64fc05_20240629_i1719661507_6778_0_jpg_3726fc99-7f4d-4a05-8584-eb9ab251a962.jpg?v=1759823917|https://cdn.shopify.com/s/files/1/0912/9351/6071/files/img_ff64fc05_20240629_i1719661507_3795_0_jpg_34dcc2c8-f8bd-41f2-9773-e924789d6552.jpg?v=1759823917|https://cdn.shopify.com/s/files/1/0912/9351/6071/files/img_ff64fc05_20240629_i1719661508_4438_0_jpg_52b16168-faee-46e8-93c6-2e59be8ac75d.jpg?v=1759823917|https://cdn.shopify.com/s/files/1/0912/9351/6071/files/img_ff64fc05_20240629_i1719661508_8573_0_jpg_1dc0b700-7962-4e5b-8745-b5f5d74eca0e.jpg?v=1759823917|https://cdn.shopify.com/s/files/1/0912/9351/6071/files/img_ff64fc05_20240629_i1719661507_2250_0_jpg_cded33e5-6183-448d-a5d7-a0dc551c4175.jpg?v=1759823917|https://cdn.shopify.com/s/files/1/0912/9351/6071/files/img_ff64fc05_20240629_i1719661507_6484_0_jpg_0986c899-77fb-454a-87ed-a871109e1b23.jpg?v=1759823917|https://cdn.shopify.com/s/files/1/0912/9351/6071/files/img_ff64fc05_20240629_i1719661507_4989_0_jpg_dc5e4493-1d0b-4c1a-a765-626e468718cc.jpg?v=1759823918|https://cdn.shopify.com/s/files/1/0912/9351/6071/files/img_ff64fc05_20240629_i1719661507_74_0_jpg_9fbd6574-6cdf-4d7d-8951-36f89d01767c.jpg?v=1759823918,Hi I want FENDI FLAT SLIPPER IN CHOCOLATE BROWN MONOGRAM JACQUARD FABRIC WITH GOLD HARDWARE,
FENDI FLAT SLIPPER IN NAVY BLUE MONOGRAM JACQUARD FABRIC WITH GOLD HARDWARE,https://cdn.shopify.com/s/files/1/0912/9351/6071/files/img_ff64fc05_20240629_i1719661552_2412_0_jpg_adf8c42b-0c88-4069-8f3b-641022e5240d.jpg?v=1759823919,footwear,fendi,https://cdn.shopify.com/s/files/1/0912/9351/6071/files/img_ff64fc05_20240629_i1719661552_2412_0_jpg_adf8c42b-0c88-4069-8f3b-641022e5240d.jpg?v=1759823919|https://cdn.shopify.com/s/files/1/0912/9351/6071/files/img_ff64fc05_20240629_i1719661553_5746_0_jpg_6a7f72c9-3313-4678-ad1b-b34743298749.jpg?v=1759823919|https://cdn.shopify.com/s/files/1/0912/9351/6071/files/img_ff64fc05_20240629_i1719661552_4802_0_jpg_b075c1b2-b811-4e64-bbef-0a98e0a17c0f.jpg?v=1759823919|https://cdn.shopify.com/s/files/1/0912/9351/6071/files/img_ff64fc05_20240629_i1719661553_9761_0_jpg_caea2948-37c3-4fbf-81dd-d411584e8843.jpg?v=1759823919|https://cdn.shopify.com/s/files/1/0912/9351/6071/files/img_ff64fc05_20240629_i1719661553_2304_0_jpg_54e841ea-15c1-4247-bc7d-a5b2e0345a91.jpg?v=1759823920|https://cdn.shopify.com/s/files/1/0912/9351/6071/files/img_ff64fc05_20240629_i1719661553_4589_0_jpg_e103f90b-26b9-4c0c-b47b-34b183c7fc20.jpg?v=1759823919|https://cdn.shopify.com/s/files/1/0912/9351/6071/files/img_ff64fc05_20240629_i1719661553_6302_0_jpg_353cad0a-99c1-4ab6-9276-4b5a022fe469.jpg?v=1759823920|https://cdn.shopify.com/s/files/1/0912/9351/6071/files/img_ff64fc05_20240629_i1719661553_1536_0_jpg_54873492-422c-4dab-985c-e9c563749a7b.jpg?v=1759823920|https://cdn.shopify.com/s/files/1/0912/9351/6071/files/img_ff64fc05_20240629_i1719661553_9951_0_jpg_c7212aba-7f70-42a2-873f-1ebbaee63642.jpg?v=1759823920,Hi I want FENDI FLAT SLIPPER IN NAVY BLUE MONOGRAM JACQUARD FABRIC WITH GOLD HARDWARE,
FENDI FLAT SLIPPER IN CEDAR BROWN MIX BLACK MONOGRAM JACQUARD FABRIC WITH GOLD HARDWARE,https://cdn.shopify.com/s/files/1/0912/9351/6071/files/img_ff64fc05_20240629_i1719661673_5646_0_jpg_fb98d487-367d-42f8-b41f-af2f5c6f080e.jpg?v=1759823922,footwear,fendi,https://cdn.shopify.com/s/files/1/0912/9351/6071/files/img_ff64fc05_20240629_i1719661673_5646_0_jpg_fb98d487-367d-42f8-b41f-af2f5c6f080e.jpg?v=1759823922|https://cdn.shopify.com/s/files/1/0912/9351/6071/files/img_ff64fc05_20240629_i1719661673_824_0_jpg_ae7b8338-c555-4d3e-b8a8-6d62ea2a33f9.jpg?v=1759823922|https://cdn.shopify.com/s/files/1/0912/9351/6071/files/img_ff64fc05_20240629_i1719661673_5336_0_jpg_57f69220-9991-4e6d-980d-cf2c9da8b1d5.jpg?v=1759823922|https://cdn.shopify.com/s/files/1/0912/9351/6071/files/img_ff64fc05_20240629_i1719661673_3021_0_jpg_30d5e820-b7f1-44aa-a827-aedf10cbc308.jpg?v=1759823922|https://cdn.shopify.com/s/files/1/0912/9351/6071/files/img_ff64fc05_20240629_i1719661673_7482_0_jpg_450dfae2-1440-4f58-bc2b-cdd00d66d112.jpg?v=1759823922|https://cdn.shopify.com/s/files/1/0912/9351/6071/files/img_ff64fc05_20240629_i1719661673_2533_0_jpg_11941931-6c5d-4e9c-88cc-0a88f6dcb5af.jpg?v=1759823922|https://cdn.shopify.com/s/files/1/0912/9351/6071/files/img_ff64fc05_20240629_i1719661673_6849_0_jpg_aee8ecf5-a57b-4466-8907-f5abb06c6f01.jpg?v=1759823922|https://cdn.shopify.com/s/files/1/0912/9351/6071/files/img_ff64fc05_20240629_i1719661674_3755_0_jpg_9c4fca49-ac80-4c3c-a727-5e742a52cd65.jpg?v=1759823922|https://cdn.shopify.com/s/files/1/0912/9351/6071/files/img_ff64fc05_20240629_i1719661673_2457_0_jpg_f01c16e5-7600-4e00-be8c-f6c5891f878e.jpg?v=1759823922,Hi I want FENDI FLAT SLIPPER IN CEDAR BROWN MIX BLACK MONOGRAM JACQUARD FABRIC WITH GOLD HARDWARE,
FENDI FLAT SLIPPER IN BROWN MONOGRAM JACQUARD FABRIC WITH GOLD HARDWARE,https://cdn.shopify.com/s/files/1/0912/9351/6071/files/img_ff64fc05_20240629_i1719661716_2841_0_jpg_f608d817-46ff-4b15-9cd3-67117953e1d9.jpg?v=1759823924,footwear,fendi,https://cdn.shopify.com/s/files/1/0912/9351/6071/files/img_ff64fc05_20240629_i1719661716_2841_0_jpg_f608d817-46ff-4b15-9cd3-67117953e1d9.jpg?v=1759823924|https://cdn.shopify.com/s/files/1/0912/9351/6071/files/img_ff64fc05_20240629_i1719661716_271_0_jpg_055e8caf-ef02-41df-aaa8-a2f2d6f12234.jpg?v=1759823923|https://cdn.shopify.com/s/files/1/0912/9351/6071/files/img_ff64fc05_20240629_i1719661716_2209_0_jpg_4d5dd27a-002a-479d-a7a8-4d3558831f26.jpg?v=1759823924|https://cdn.shopify.com/s/files/1/0912/9351/6071/files/img_ff64fc05_20240629_i1719661716_7471_0_jpg_64ddf8aa-8169-4c7a-a3c8-74ace53c2d4e.jpg?v=1759823924|https://cdn.shopify.com/s/files/1/0912/9351/6071/files/img_ff64fc05_20240629_i1719661716_3359_0_jpg_41a1d113-c41f-4c61-beff-61b40a751649.jpg?v=1759823924|https://cdn.shopify.com/s/files/1/0912/9351/6071/files/img_ff64fc05_20240629_i1719661716_2487_0_jpg_56ed510c-e769-42a4-80a9-470ef2b744ff.jpg?v=1759823924|https://cdn.shopify.com/s/files/1/0912/9351/6071/files/img_ff64fc05_20240629_i1719661716_7363_0_jpg_3566e2ce-8117-485a-9c08-9179846e2685.jpg?v=1759823924|https://cdn.shopify.com/s/files/1/0912/9351/6071/files/img_ff64fc05_20240629_i1719661716_3328_0_jpg_7c5829cd-b4b4-4d4f-9b17-4766dd53aa6f.jpg?v=1759823924|https://cdn.shopify.com/s/files/1/0912/9351/6071/files/img_ff64fc05_20240629_i1719661716_8039_0_jpg_1ca778f4-395b-4f48-ba45-33f0341bb8ce.jpg?v=1759823924,Hi I want FENDI FLAT SLIPPER IN BROWN MONOGRAM JACQUARD FABRIC WITH GOLD HARDWARE,
FENDI FLAT SLIPPER IN YELLOW MIX GREY MONOGRAM JACQUARD FABRIC WITH GOLD HARDWARE,https://cdn.shopify.com/s/files/1/0912/9351/6071/files/img_ff64fc05_20240629_i1719661752_7472_6_jpg_fca3269c-d33f-4c83-8253-3fa28a409d26.jpg?v=1759823926,footwear,fendi,https://cdn.shopify.com/s/files/1/0912/9351/6071/files/img_ff64fc05_20240629_i1719661752_7472_6_jpg_fca3269c-d33f-4c83-8253-3fa28a409d26.jpg?v=1759823926|https://cdn.shopify.com/s/files/1/0912/9351/6071/files/img_ff64fc05_20240629_i1719661752_1974_1_jpg_55c46ca0-979d-41f8-aa12-38cf834ddf42.jpg?v=1759823926|https://cdn.shopify.com/s/files/1/0912/9351/6071/files/img_ff64fc05_20240629_i1719661752_1169_5_jpg_82d19223-49b3-4cd3-b5b4-7b515d8f3b93.jpg?v=1759823926|https://cdn.shopify.com/s/files/1/0912/9351/6071/files/img_ff64fc05_20240629_i1719661752_2739_4_jpg_75d399c2-71ab-48f9-8eb2-5c683b1c68f9.jpg?v=1759823925|https://cdn.shopify.com/s/files/1/0912/9351/6071/files/img_ff64fc05_20240629_i1719661752_3147_7_jpg_bfdd27e3-9c9c-4612-a154-3852c8d7a432.jpg?v=1759823926|https://cdn.shopify.com/s/files/1/0912/9351/6071/files/img_ff64fc05_20240629_i1719661752_8916_2_jpg_5814cc7d-5adc-43a7-9535-c0a27db4fedd.jpg?v=1759823926|https://cdn.shopify.com/s/files/1/0912/9351/6071/files/img_ff64fc05_20240629_i1719661752_1317_3_jpg_a4d7e71a-e268-44d9-be17-44eb57138ac3.jpg?v=1759823926|https://cdn.shopify.com/s/files/1/0912/9351/6071/files/img_ff64fc05_20240629_i1719661752_9727_8_jpg_94020256-2b5e-4cd0-95db-224edb9ea58f.jpg?v=1759823926|https://cdn.shopify.com/s/files/1/0912/9351/6071/files/img_ff64fc05_20240629_i1719661752_6013_0_jpg_1072b967-dec3-4500-ab1f-fee5e9984d47.jpg?v=1759823926,Hi I want FENDI FLAT SLIPPER IN YELLOW MIX GREY MONOGRAM JACQUARD FABRIC WITH GOLD HARDWARE,
FENDI DIAGONAL ONE-STRAP SLIDE IN BLACK MIX BROWN MONOGRAM CALFSKIN,https://cdn.shopify.com/s/files/1/0912/9351/6071/files/img_9301c5e6_20240727_i1722088216_27_2_jpg_a41cfbd8-2583-4f27-89b9-90b6eb1a2fcf.jpg?v=1759823928,footwear,fendi,https://cdn.shopify.com/s/files/1/0912/9351/6071/files/img_9301c5e6_20240727_i1722088216_27_2_jpg_a41cfbd8-2583-4f27-89b9-90b6eb1a2fcf.jpg?v=1759823928|https://cdn.shopify.com/s/files/1/0912/9351/6071/files/img_9301c5e6_20240727_i1722088216_1789_5_jpg_0b3ce73c-4d4c-48f0-96ff-30e10aa74f35.jpg?v=1759823928|https://cdn.shopify.com/s/files/1/0912/9351/6071/files/img_9301c5e6_20240727_i1722088216_8958_7_jpg_7feaec44-e3d2-4322-8739-c8e8406abeb1.jpg?v=1759823928|https://cdn.shopify.com/s/files/1/0912/9351/6071/files/img_9301c5e6_20240727_i1722088216_2165_4_jpg_513a04a4-2ad4-444e-9422-187e4cd08aec.jpg?v=1759823928|https://cdn.shopify.com/s/files/1/0912/9351/6071/files/img_9301c5e6_20240727_i1722088216_2907_8_jpg_032c3672-7baa-41ad-ad3d-3eecfaaa42ab.jpg?v=1759823928|https://cdn.shopify.com/s/files/1/0912/9351/6071/files/img_9301c5e6_20240727_i1722088216_4080_0_jpg_42b6c571-b6d2-4d71-9f81-73d6cfd87010.jpg?v=1759823928|https://cdn.shopify.com/s/files/1/0912/9351/6071/files/img_9301c5e6_20240727_i1722088216_3609_6_jpg_50b7e108-efe7-4711-9aa9-1f7bbe4b373c.jpg?v=1759823928|https://cdn.shopify.com/s/files/1/0912/9351/6071/files/img_9301c5e6_20240727_i1722088216_8210_1_jpg_fb5fb16e-29b0-4899-8ccd-81eacb7ec64d.jpg?v=1759823928|https://cdn.shopify.com/s/files/1/0912/9351/6071/files/img_9301c5e6_20240727_i1722088216_9071_3_jpg_4812e2c9-fb5c-4a96-8c85-c103b3aaee39.jpg?v=1759823928,Hi I want FENDI DIAGONAL ONE-STRAP SLIDE IN BLACK MIX BROWN MONOGRAM CALFSKIN,
FENDI DIAGONAL ONE-STRAP SLIDE IN BLACK CALFSKIN AND RUBBER,https://cdn.shopify.com/s/files/1/0912/9351/6071/files/img_9301c5e6_20240727_i1722088243_6641_7_jpg_01e5e71f-5220-422d-91f3-7ee47579078f.jpg?v=1759823932,footwear,fendi,https://cdn.shopify.com/s/files/1/0912/9351/6071/files/img_9301c5e6_20240727_i1722088243_6641_7_jpg_01e5e71f-5220-422d-91f3-7ee47579078f.jpg?v=1759823932|https://cdn.shopify.com/s/files/1/0912/9351/6071/files/img_9301c5e6_20240727_i1722088243_8724_0_jpg_f8fa6fb2-fa2d-4fac-a168-dc2423aea9dd.jpg?v=1759823932|https://cdn.shopify.com/s/files/1/0912/9351/6071/files/img_9301c5e6_20240727_i1722088243_5973_3_jpg_14e08cb9-a75b-42a9-bf43-0d66e7531cb3.jpg?v=1759823932|https://cdn.shopify.com/s/files/1/0912/9351/6071/files/img_9301c5e6_20240727_i1722088243_6747_5_jpg_34ba167e-da08-47fd-b243-1448df7416db.jpg?v=1759823932|https://cdn.shopify.com/s/files/1/0912/9351/6071/files/img_9301c5e6_20240727_i1722088243_1564_8_jpg_17b55f9f-0e1a-43db-87df-342c31384cc1.jpg?v=1759823932|https://cdn.shopify.com/s/files/1/0912/9351/6071/files/img_9301c5e6_20240727_i1722088243_4217_2_jpg_068a5ed9-8d40-4ffb-9673-82cb38fe3179.jpg?v=1759823932|https://cdn.shopify.com/s/files/1/0912/9351/6071/files/img_9301c5e6_20240727_i1722088243_4005_1_jpg_33be52b2-9e22-48e9-8684-f3af2f9e4ce5.jpg?v=1759823932|https://cdn.shopify.com/s/files/1/0912/9351/6071/files/img_9301c5e6_20240727_i1722088243_5127_4_jpg_319eb529-2561-4f3a-8d7d-83d0045e508d.jpg?v=1759823932|https://cdn.shopify.com/s/files/1/0912/9351/6071/files/img_9301c5e6_20240727_i1722088243_6266_6_jpg_933c8591-2960-46b9-bfd3-4f96c730414c.jpg?v=1759823932,Hi I want FENDI DIAGONAL ONE-STRAP SLIDE IN BLACK CALFSKIN AND RUBBER,
FENDI HIGH SANDAL 10 CM IN SAGE GREEN CALFSKIN,https://cdn.shopify.com/s/files/1/0912/9351/6071/files/img_8eefc6c8_20240809_i1723190980_1813_7_jpg_1d46c743-7721-41a9-84d7-b0caa0360879.jpg?v=1759823935,footwear,fendi,https://cdn.shopify.com/s/files/1/0912/9351/6071/files/img_8eefc6c8_20240809_i1723190980_1813_7_jpg_1d46c743-7721-41a9-84d7-b0caa0360879.jpg?v=1759823935|https://cdn.shopify.com/s/files/1/0912/9351/6071/files/img_8eefc6c8_20240809_i1723190979_5108_0_jpg_24985f37-edfb-4759-b4c2-315f63289872.jpg?v=1759823935|https://cdn.shopify.com/s/files/1/0912/9351/6071/files/img_8eefc6c8_20240809_i1723190979_5509_2_jpg_90786ded-c133-4dbc-931c-f04eeb55747a.jpg?v=1759823934|https://cdn.shopify.com/s/files/1/0912/9351/6071/files/img_8eefc6c8_20240809_i1723190979_5952_1_jpg_79b30a44-e8d8-4193-af0a-0a15475f0129.jpg?v=1759823934|https://cdn.shopify.com/s/files/1/0912/9351/6071/files/img_8eefc6c8_20240809_i1723190979_7143_3_jpg_c60853e2-93da-4934-888b-012b9c1b98cf.jpg?v=1759823934|https://cdn.shopify.com/s/files/1/0912/9351/6071/files/img_8eefc6c8_20240809_i1723190980_4304_5_jpg_d12b90e2-a95b-4699-bb6c-a7e8b675d571.jpg?v=1759823934|https://cdn.shopify.com/s/files/1/0912/9351/6071/files/img_8eefc6c8_20240809_i1723190979_8293_4_jpg_fd77905d-efaa-4f59-bc36-6b084564ad87.jpg?v=1759823934|https://cdn.shopify.com/s/files/1/0912/9351/6071/files/img_8eefc6c8_20240809_i1723190980_315_6_jpg_b09e402e-94af-405a-9ad1-8781b9af2cd7.jpg?v=1759823934,Hi I want FENDI HIGH SANDAL 10 CM IN SAGE GREEN CALFSKIN,
FENDI HIGH SANDAL 10 CM IN BLACK CALFSKIN,https://cdn.shopify.com/s/files/1/0912/9351/6071/files/img_8eefc6c8_20240809_i1723191002_5243_7_jpg_92c4e11e-2406-4e63-9497-d488434fb49c.jpg?v=1759823937,footwear,fendi,https://cdn.shopify.com/s/files/1/0912/9351/6071/files/img_8eefc6c8_20240809_i1723191002_5243_7_jpg_92c4e11e-2406-4e63-9497-d488434fb49c.jpg?v=1759823937|https://cdn.shopify.com/s/files/1/0912/9351/6071/files/img_8eefc6c8_20240809_i1723191002_8338_6_jpg_e7c68c10-5725-45d7-9a54-2187f94bfd00.jpg?v=1759823937|https://cdn.shopify.com/s/files/1/0912/9351/6071/files/img_8eefc6c8_20240809_i1723191002_5298_1_jpg_9f31ee26-6f6e-4426-834a-dc9535ec70ed.jpg?v=1759823937|https://cdn.shopify.com/s/files/1/0912/9351/6071/files/img_8eefc6c8_20240809_i1723191002_3696_4_jpg_4c03f992-6696-4862-b685-92adcf7a50eb.jpg?v=1759823937|https://cdn.shopify.com/s/files/1/0912/9351/6071/files/img_8eefc6c8_20240809_i1723191002_1657_2_jpg_04006d6f-a169-40e1-89cd-47cb36cbedfc.jpg?v=1759823937|https://cdn.shopify.com/s/files/1/0912/9351/6071/files/img_8eefc6c8_20240809_i1723191002_3946_5_jpg_1a9c7afc-0973-441d-8dcc-d8722b3783b6.jpg?v=1759823937|https://cdn.shopify.com/s/files/1/0912/9351/6071/files/img_8eefc6c8_20240809_i1723191002_633_8_jpg_ee79783a-a272-4f80-b02f-6aa73df58552.jpg?v=1759823937|https://cdn.shopify.com/s/files/1/0912/9351/6071/files/img_8eefc6c8_20240809_i1723191002_5953_0_jpg_f016ce9b-a5fc-4172-bfb3-7d6ef605e818.jpg?v=1759823937|https://cdn.shopify.com/s/files/1/0912/9351/6071/files/img_8eefc6c8_20240809_i1723191002_9435_3_jpg_d707c0a9-8574-484c-bb8f-b35ffc6a8fa1.jpg?v=1759823937,Hi I want FENDI HIGH SANDAL 10 CM IN BLACK CALFSKIN,
FENDI HIGH SANDAL 10 CM IN BEIGE CALFSKIN,https://cdn.shopify.com/s/files/1/0912/9351/6071/files/img_8eefc6c8_20240809_i1723191045_2743_4_jpg_8147bca6-4d9a-498d-96c8-2b1c5f5e327a.jpg?v=1759823939,footwear,fendi,https://cdn.shopify.com/s/files/1/0912/9351/6071/files/img_8eefc6c8_20240809_i1723191045_2743_4_jpg_8147bca6-4d9a-498d-96c8-2b1c5f5e327a.jpg?v=1759823939|https://cdn.shopify.com/s/files/1/0912/9351/6071/files/img_8eefc6c8_20240809_i1723191045_743_5_jpg_57151467-e08e-4728-92c4-f12be204065a.jpg?v=1759823940|https://cdn.shopify.com/s/files/1/0912/9351/6071/files/img_8eefc6c8_20240809_i1723191045_6152_0_jpg_22fa988f-f18f-4802-8c9b-ae8c7ed077c2.jpg?v=1759823939|https://cdn.shopify.com/s/files/1/0912/9351/6071/files/img_8eefc6c8_20240809_i1723191045_6520_2_jpg_863ab482-1d2f-4a88-9300-f5866de74dde.jpg?v=1759823939|https://cdn.shopify.com/s/files/1/0912/9351/6071/files/img_8eefc6c8_20240809_i1723191045_5297_6_jpg_35d567b8-97d5-46e9-92c0-49b0407ddf25.jpg?v=1759823939|https://cdn.shopify.com/s/files/1/0912/9351/6071/files/img_8eefc6c8_20240809_i1723191045_5280_1_jpg_498674bb-6c59-4de1-ac19-06e6d4e7feef.jpg?v=1759823939|https://cdn.shopify.com/s/files/1/0912/9351/6071/files/img_8eefc6c8_20240809_i1723191045_3176_3_jpg_fdbb5669-86de-4461-9268-7b53615b4d04.jpg?v=1759823939|https://cdn.shopify.com/s/files/1/0912/9351/6071/files/img_8eefc6c8_20240809_i1723191045_3094_8_jpg_d3ba97d2-d0ce-47b7-8619-dac998edc18a.jpg?v=1759823939|https://cdn.shopify.com/s/files/1/0912/9351/6071/files/img_8eefc6c8_20240809_i1723191045_2801_7_jpg_575f8ac3-d698-4bca-a8c5-d0bea1f0c36b.jpg?v=1759823939,Hi I want FENDI HIGH SANDAL 10 CM IN BEIGE CALFSKIN,
FENDI HIGH SANDAL 10 CM IN SEPIA BROWN CALFSKIN,https://cdn.shopify.com/s/files/1/0912/9351/6071/files/img_8eefc6c8_20240809_i1723191024_7600_8_jpg_d01394da-db93-41a9-bf19-67d14452fd4b.jpg?v=1759823942,footwear,fendi,https://cdn.shopify.com/s/files/1/0912/9351/6071/files/img_8eefc6c8_20240809_i1723191024_7600_8_jpg_d01394da-db93-41a9-bf19-67d14452fd4b.jpg?v=1759823942|https://cdn.shopify.com/s/files/1/0912/9351/6071/files/img_8eefc6c8_20240809_i1723191024_6589_5_jpg_c97586a3-cd64-4e2a-a50c-f7fd3128963e.jpg?v=1759823942|https://cdn.shopify.com/s/files/1/0912/9351/6071/files/img_8eefc6c8_20240809_i1723191024_5979_6_jpg_f769a397-6369-4161-a8d1-f2a4d8b668a4.jpg?v=1759823942|https://cdn.shopify.com/s/files/1/0912/9351/6071/files/img_8eefc6c8_20240809_i1723191024_5727_2_jpg_565743d0-1f7b-41cc-8278-be2da738276c.jpg?v=1759823942|https://cdn.shopify.com/s/files/1/0912/9351/6071/files/img_8eefc6c8_20240809_i1723191024_2438_3_jpg_eeb60afd-500f-48e7-a575-94b876950550.jpg?v=1759823942|https://cdn.shopify.com/s/files/1/0912/9351/6071/files/img_8eefc6c8_20240809_i1723191024_6634_1_jpg_5d8d137a-37ae-4525-96f1-ba28b08ce016.jpg?v=1759823942|https://cdn.shopify.com/s/files/1/0912/9351/6071/files/img_8eefc6c8_20240809_i1723191024_2761_0_jpg_982efeaf-2352-4fb4-ad56-22d2694707f3.jpg?v=1759823942|https://cdn.shopify.com/s/files/1/0912/9351/6071/files/img_8eefc6c8_20240809_i1723191024_2661_4_jpg_0123099f-3a97-441f-b9ca-debbf28cf1a8.jpg?v=1759823942|https://cdn.shopify.com/s/files/1/0912/9351/6071/files/img_8eefc6c8_20240809_i1723191024_2676_7_jpg_dc0ff7ee-7c90-4a6d-8fbc-af64f87de61d.jpg?v=1759823942,Hi I want FENDI HIGH SANDAL 10 CM IN SEPIA BROWN CALFSKIN,
FENDI O'LOCK THONG SANDAL WHITE CALFSKIN WITH GOLD HARDWARE,https://cdn.shopify.com/s/files/1/0912/9351/6071/files/img_8eefc6c8_20240809_i1723191143_3231_6_jpg_15e58181-0384-4cd6-ab29-760497f51805.jpg?v=1759823944,footwear,fendi,https://cdn.shopify.com/s/files/1/0912/9351/6071/files/img_8eefc6c8_20240809_i1723191143_3231_6_jpg_15e58181-0384-4cd6-ab29-760497f51805.jpg?v=1759823944|https://cdn.shopify.com/s/files/1/0912/9351/6071/files/img_8eefc6c8_20240809_i1723191143_2395_3_jpg_3cc02ef6-3434-4732-81de-d1c26445efc6.jpg?v=1759823944|https://cdn.shopify.com/s/files/1/0912/9351/6071/files/img_8eefc6c8_20240809_i1723191143_4714_8_jpg_83cc9b5c-a1bd-4405-a219-60b1fa9d4354.jpg?v=1759823944|https://cdn.shopify.com/s/files/1/0912/9351/6071/files/img_8eefc6c8_20240809_i1723191143_9932_4_jpg_1d0eba8c-239f-417d-9e50-8ec6ec092590.jpg?v=1759823944|https://cdn.shopify.com/s/files/1/0912/9351/6071/files/img_8eefc6c8_20240809_i1723191142_676_0_jpg_8d0e09a2-bb2b-43be-b3da-0a848b1e4893.jpg?v=1759823944|https://cdn.shopify.com/s/files/1/0912/9351/6071/files/img_8eefc6c8_20240809_i1723191142_6702_1_jpg_58490c20-2911-4115-944e-8547fe8da99c.jpg?v=1759823944|https://cdn.shopify.com/s/files/1/0912/9351/6071/files/img_8eefc6c8_20240809_i1723191143_2238_7_jpg_1c902542-bd29-466c-8e2d-bc5eadcea1c2.jpg?v=1759823944|https://cdn.shopify.com/s/files/1/0912/9351/6071/files/img_8eefc6c8_20240809_i1723191143_2491_2_jpg_c18a8e0f-7058-4a94-92d9-54cc7122ef28.jpg?v=1759823944|https://cdn.shopify.com/s/files/1/0912/9351/6071/files/img_8eefc6c8_20240809_i1723191143_4609_5_jpg_2633beed-d527-4cbe-85a0-f16ce283dd8b.jpg?v=1759823945,Hi I want FENDI O'LOCK THONG SANDAL WHITE CALFSKIN WITH GOLD HARDWARE,
FENDI O'LOCK THONG SANDAL BROWN CALFSKIN WITH GOLD HARDWARE,https://cdn.shopify.com/s/files/1/0912/9351/6071/files/img_8eefc6c8_20240809_i1723191192_3923_3_jpg_f69e6561-5eba-4340-9be7-381ff31cadfa.jpg?v=1759823953,footwear,fendi,https://cdn.shopify.com/s/files/1/0912/9351/6071/files/img_8eefc6c8_20240809_i1723191192_3923_3_jpg_f69e6561-5eba-4340-9be7-381ff31cadfa.jpg?v=1759823953|https://cdn.shopify.com/s/files/1/0912/9351/6071/files/img_8eefc6c8_20240809_i1723191192_4130_4_jpg_d13d9cb8-7aac-457c-8f37-f9dab734f612.jpg?v=1759823953|https://cdn.shopify.com/s/files/1/0912/9351/6071/files/img_8eefc6c8_20240809_i1723191192_6012_5_jpg_6886fdfe-a45d-4e13-a49e-73443640f74e.jpg?v=1759823953|https://cdn.shopify.com/s/files/1/0912/9351/6071/files/img_8eefc6c8_20240809_i1723191192_7625_1_jpg_d970407f-17f9-471f-8fde-6233e7230938.jpg?v=1759823953|https://cdn.shopify.com/s/files/1/0912/9351/6071/files/img_8eefc6c8_20240809_i1723191192_8812_2_jpg_c0a3abf3-0fa6-490b-8755-ba94d254c9d6.jpg?v=1759823953|https://cdn.shopify.com/s/files/1/0912/9351/6071/files/img_8eefc6c8_20240809_i1723191192_1142_0_jpg_0f730508-7e7f-403d-b1d7-2e920e62c5ec.jpg?v=1759823953|https://cdn.shopify.com/s/files/1/0912/9351/6071/files/img_8eefc6c8_20240809_i1723191192_927_7_jpg_290803f7-099a-4e2b-99d6-3fccd4a3122c.jpg?v=1759823953|https://cdn.shopify.com/s/files/1/0912/9351/6071/files/img_8eefc6c8_20240809_i1723191192_4045_8_jpg_3a49422b-e457-45a7-a3ec-f154f0dcc0fc.jpg?v=1759823953|https://cdn.shopify.com/s/files/1/0912/9351/6071/files/img_8eefc6c8_20240809_i1723191192_501_6_jpg_f1e4dfdc-3b49-491b-b70d-49b416309979.jpg?v=1759823953,Hi I want FENDI O'LOCK THONG SANDAL BROWN CALFSKIN WITH GOLD HARDWARE,
FENDI O'LOCK SLIDES BROWN CALFSKIN WITH GOLD HARDWARE,https://cdn.shopify.com/s/files/1/0912/9351/6071/files/img_8eefc6c8_20240809_i1723191280_8175_0_jpg_efb1a44d-7a21-4059-a920-bbb9cb4d2b87.jpg?v=1759823956,footwear,fendi,https://cdn.shopify.com/s/files/1/0912/9351/6071/files/img_8eefc6c8_20240809_i1723191280_8175_0_jpg_efb1a44d-7a21-4059-a920-bbb9cb4d2b87.jpg?v=1759823956|https://cdn.shopify.com/s/files/1/0912/9351/6071/files/img_8eefc6c8_20240809_i1723191280_2527_7_jpg_39673b55-aabc-4d71-b770-60dc3d2e5701.jpg?v=1759823955|https://cdn.shopify.com/s/files/1/0912/9351/6071/files/img_8eefc6c8_20240809_i1723191280_1338_2_jpg_f7fa8947-7099-4b5c-a7f2-2c121d464523.jpg?v=1759823956|https://cdn.shopify.com/s/files/1/0912/9351/6071/files/img_8eefc6c8_20240809_i1723191280_3406_3_jpg_16fb6eee-a4ef-4a32-93bd-3e537275c7f1.jpg?v=1759823956|https://cdn.shopify.com/s/files/1/0912/9351/6071/files/img_8eefc6c8_20240809_i1723191280_671_6_jpg_75c60045-528f-4dd4-a9a6-40a418eec020.jpg?v=1759823956|https://cdn.shopify.com/s/files/1/0912/9351/6071/files/img_8eefc6c8_20240809_i1723191280_7647_8_jpg_5e7e6877-104f-4db9-9471-4d1696e18174.jpg?v=1759823956|https://cdn.shopify.com/s/files/1/0912/9351/6071/files/img_8eefc6c8_20240809_i1723191280_8748_4_jpg_f1edb269-695f-4ba6-b970-d9b7588617f1.jpg?v=1759823956|https://cdn.shopify.com/s/files/1/0912/9351/6071/files/img_8eefc6c8_20240809_i1723191280_9649_5_jpg_ace840c2-6f9b-47fa-977c-790fab582497.jpg?v=1759823956|https://cdn.shopify.com/s/files/1/0912/9351/6071/files/img_8eefc6c8_20240809_i1723191280_9711_1_jpg_e3eb46ad-cb66-4a54-a2a5-14fc99d14d66.jpg?v=1759823956,Hi I want FENDI O'LOCK SLIDES BROWN CALFSKIN WITH GOLD HARDWARE,
FENDI O'LOCK SLIDES WHITE CALFSKIN WITH GOLD HARDWARE,https://cdn.shopify.com/s/files/1/0912/9351/6071/files/img_8eefc6c8_20240809_i1723191309_8022_7_jpg_e9852470-a67b-4fc4-828a-51036728d465.jpg?v=1759823958,footwear,fendi,https://cdn.shopify.com/s/files/1/0912/9351/6071/files/img_8eefc6c8_20240809_i1723191309_8022_7_jpg_e9852470-a67b-4fc4-828a-51036728d465.jpg?v=1759823958|https://cdn.shopify.com/s/files/1/0912/9351/6071/files/img_8eefc6c8_20240809_i1723191309_5_6_jpg_9a755a6a-8dfb-45db-82c8-bde0ba1711b1.jpg?v=1759823958|https://cdn.shopify.com/s/files/1/0912/9351/6071/files/img_8eefc6c8_20240809_i1723191309_749_4_jpg_aca9c30f-8443-47b3-bc03-607fa7ceaa42.jpg?v=1759823958|https://cdn.shopify.com/s/files/1/0912/9351/6071/files/img_8eefc6c8_20240809_i1723191309_5166_3_jpg_448b1b07-e8ae-4ffd-81bc-30fb050d2dd8.jpg?v=1759823958|https://cdn.shopify.com/s/files/1/0912/9351/6071/files/img_8eefc6c8_20240809_i1723191309_8491_0_jpg_02583a7b-b2ae-4cfd-84d8-17d8b88c2824.jpg?v=1759823958|https://cdn.shopify.com/s/files/1/0912/9351/6071/files/img_8eefc6c8_20240809_i1723191309_3513_2_jpg_ff031bd4-2795-4dae-815d-bebca9285216.jpg?v=1759823958|https://cdn.shopify.com/s/files/1/0912/9351/6071/files/img_8eefc6c8_20240809_i1723191309_5483_5_jpg_0dcbe101-590c-41d1-9fd3-a32afeb54669.jpg?v=1759823958|https://cdn.shopify.com/s/files/1/0912/9351/6071/files/img_8eefc6c8_20240809_i1723191309_1641_8_jpg_ef7c8cbb-67c5-4a55-a425-1ec6767f305c.jpg?v=1759823958|https://cdn.shopify.com/s/files/1/0912/9351/6071/files/img_8eefc6c8_20240809_i1723191309_8527_1_jpg_22e4e16b-a2ac-4786-93b5-ca7bc9bec3f2.jpg?v=1759823958,Hi I want FENDI O'LOCK SLIDES WHITE CALFSKIN WITH GOLD HARDWARE,
FENDI THICK SOLE 3 CM SEQUIN SLIPPER NAVY BLUE,https://cdn.shopify.com/s/files/1/0912/9351/6071/files/img_ff64fc05_20240811_i1723387554_5776_6_jpg_016e3f94-bbbf-4a01-90f9-58ecdd81be65.jpg?v=1759823960,footwear,fendi,https://cdn.shopify.com/s/files/1/0912/9351/6071/files/img_ff64fc05_20240811_i1723387554_5776_6_jpg_016e3f94-bbbf-4a01-90f9-58ecdd81be65.jpg?v=1759823960|https://cdn.shopify.com/s/files/1/0912/9351/6071/files/img_ff64fc05_20240811_i1723387554_482_3_jpg_4174b5b2-5c8c-4eae-ab47-7f2d34c8e924.jpg?v=1759823960|https://cdn.shopify.com/s/files/1/0912/9351/6071/files/img_ff64fc05_20240811_i1723387554_2816_7_jpg_c6a8cb5f-6074-4312-83e3-83f1954622ec.jpg?v=1759823960|https://cdn.shopify.com/s/files/1/0912/9351/6071/files/img_ff64fc05_20240811_i1723387554_3976_0_jpg_1e7f112e-a75b-47b6-9667-c576be7b4ab7.jpg?v=1759823960|https://cdn.shopify.com/s/files/1/0912/9351/6071/files/img_ff64fc05_20240811_i1723387554_4699_1_jpg_59bd8148-29a7-478e-b988-db704a1ec0fe.jpg?v=1759823960|https://cdn.shopify.com/s/files/1/0912/9351/6071/files/img_ff64fc05_20240811_i1723387554_5308_4_jpg_5b93ad57-0cc7-4597-9075-857d9055c42d.jpg?v=1759823960|https://cdn.shopify.com/s/files/1/0912/9351/6071/files/img_ff64fc05_20240811_i1723387554_7879_2_jpg_88762842-315d-4c50-ab99-00c0a68a101b.jpg?v=1759823960|https://cdn.shopify.com/s/files/1/0912/9351/6071/files/img_ff64fc05_20240811_i1723387554_8832_5_jpg_9e976d08-61e1-4c29-a301-feb0a39414fd.jpg?v=1759823960|https://cdn.shopify.com/s/files/1/0912/9351/6071/files/img_ff64fc05_20240811_i1723387555_2043_8_jpg_0d37b5e5-e7ac-4c72-8531-03fab06ed099.jpg?v=1759823960,Hi I want FENDI THICK SOLE 3 CM SEQUIN SLIPPER NAVY BLUE,
FENDI THICK SOLE 3 CM SEQUIN SLIPPER ROUGH PINK,https://cdn.shopify.com/s/files/1/0912/9351/6071/files/img_ff64fc05_20240811_i1723387586_856_3_jpg_4a19fc3a-b8de-4c83-8ff4-b22d0705d76b.jpg?v=1759823962,footwear,fendi,https://cdn.shopify.com/s/files/1/0912/9351/6071/files/img_ff64fc05_20240811_i1723387586_856_3_jpg_4a19fc3a-b8de-4c83-8ff4-b22d0705d76b.jpg?v=1759823962|https://cdn.shopify.com/s/files/1/0912/9351/6071/files/img_ff64fc05_20240811_i1723387586_5817_8_jpg_6aef3073-055e-4fa1-b876-9ab319ba8265.jpg?v=1759823963|https://cdn.shopify.com/s/files/1/0912/9351/6071/files/img_ff64fc05_20240811_i1723387586_7159_2_jpg_486398a2-f6f1-435f-a98c-43a952028841.jpg?v=1759823963|https://cdn.shopify.com/s/files/1/0912/9351/6071/files/img_ff64fc05_20240811_i1723387586_9139_7_jpg_bff4d61d-bd9f-4e13-8b18-1e59bb6cd7f1.jpg?v=1759823963|https://cdn.shopify.com/s/files/1/0912/9351/6071/files/img_ff64fc05_20240811_i1723387586_7597_6_jpg_14f3d071-4845-4b95-9f39-d4e1b308d0b3.jpg?v=1759823963|https://cdn.shopify.com/s/files/1/0912/9351/6071/files/img_ff64fc05_20240811_i1723387586_4327_5_jpg_158c613a-5fbe-411d-8754-de31380b7749.jpg?v=1759823963|https://cdn.shopify.com/s/files/1/0912/9351/6071/files/img_ff64fc05_20240811_i1723387586_6206_4_jpg_f6a659d6-6081-48fc-a720-8f04034e4c35.jpg?v=1759823963|https://cdn.shopify.com/s/files/1/0912/9351/6071/files/img_ff64fc05_20240811_i1723387586_5885_0_jpg_f08a8745-40f1-4a3d-b47c-3ccead5162d4.jpg?v=1759823963|https://cdn.shopify.com/s/files/1/0912/9351/6071/files/img_ff64fc05_20240811_i1723387586_7061_1_jpg_aa7a3c12-be24-46e7-a479-866f76178c72.jpg?v=1759823963,Hi I want FENDI THICK SOLE 3 CM SEQUIN SLIPPER ROUGH PINK,
FENDI THICK SOLE 3 CM SEQUIN SLIPPER GOLDEN,https://cdn.shopify.com/s/files/1/0912/9351/6071/files/img_ff64fc05_20240811_i1723387623_2736_5_jpg_7f45dbe8-9b0e-4d9f-bbe3-5a7f93ba8702.jpg?v=1759823965,footwear,fendi,https://cdn.shopify.com/s/files/1/0912/9351/6071/files/img_ff64fc05_20240811_i1723387623_2736_5_jpg_7f45dbe8-9b0e-4d9f-bbe3-5a7f93ba8702.jpg?v=1759823965|https://cdn.shopify.com/s/files/1/0912/9351/6071/files/img_ff64fc05_20240811_i1723387623_4055_6_jpg_6a2c85df-6244-4655-bffc-1da954b11d4e.jpg?v=1759823965|https://cdn.shopify.com/s/files/1/0912/9351/6071/files/img_ff64fc05_20240811_i1723387623_4108_7_jpg_cb43a1c9-6ed3-42d9-b20b-edf0fbe8f9c2.jpg?v=1759823965|https://cdn.shopify.com/s/files/1/0912/9351/6071/files/img_ff64fc05_20240811_i1723387623_5092_1_jpg_05b93228-5f68-438f-ae36-ece37b341ce4.jpg?v=1759823965|https://cdn.shopify.com/s/files/1/0912/9351/6071/files/img_ff64fc05_20240811_i1723387623_5282_4_jpg_304489fe-a07e-4395-bb27-fc2a2e16ff5e.jpg?v=1759823965|https://cdn.shopify.com/s/files/1/0912/9351/6071/files/img_ff64fc05_20240811_i1723387623_6694_8_jpg_2d3894fb-07d7-4e29-8156-ed4ed856531c.jpg?v=1759823965|https://cdn.shopify.com/s/files/1/0912/9351/6071/files/img_ff64fc05_20240811_i1723387623_7758_2_jpg_3c5f7e0c-a49e-4d72-8e19-6f5c4668e9d4.jpg?v=1759823965|https://cdn.shopify.com/s/files/1/0912/9351/6071/files/img_ff64fc05_20240811_i1723387623_7796_3_jpg_46dba953-e2a0-443a-b2fa-7e05185b66f5.jpg?v=1759823965|https://cdn.shopify.com/s/files/1/0912/9351/6071/files/img_ff64fc05_20240811_i1723387623_8129_0_jpg_20820cee-9ff9-4a17-9f03-f29aaf11eae4.jpg?v=1759823965,Hi I want FENDI THICK SOLE 3 CM SEQUIN SLIPPER GOLDEN,
FENDI THICK SOLE 3 CM SEQUIN SLIPPER SILVER,https://cdn.shopify.com/s/files/1/0912/9351/6071/files/img_ff64fc05_20240811_i1723387667_4475_7_jpg_db733bea-856c-4b46-a40a-06a6bbc9b58c.jpg?v=1759823967,footwear,fendi,https://cdn.shopify.com/s/files/1/0912/9351/6071/files/img_ff64fc05_20240811_i1723387667_4475_7_jpg_db733bea-856c-4b46-a40a-06a6bbc9b58c.jpg?v=1759823967|https://cdn.shopify.com/s/files/1/0912/9351/6071/files/img_ff64fc05_20240811_i1723387666_3028_2_jpg_e278ac63-2e31-447b-bb04-3cc1bdbc6a8e.jpg?v=1759823967|https://cdn.shopify.com/s/files/1/0912/9351/6071/files/img_ff64fc05_20240811_i1723387666_9391_1_jpg_9cc9a577-9b24-4b24-b4ee-d77aa9afbf38.jpg?v=1759823967|https://cdn.shopify.com/s/files/1/0912/9351/6071/files/img_ff64fc05_20240811_i1723387666_9913_4_jpg_0eb327ce-9087-43d8-8681-08bca05e97fd.jpg?v=1759823968|https://cdn.shopify.com/s/files/1/0912/9351/6071/files/img_ff64fc05_20240811_i1723387666_9293_6_jpg_1a9729a3-4089-47bc-87b6-6f5bf4051cc7.jpg?v=1759823967|https://cdn.shopify.com/s/files/1/0912/9351/6071/files/img_ff64fc05_20240811_i1723387666_8490_5_jpg_e8fae43c-b8d8-4160-9fb1-68c475d9e2d7.jpg?v=1759823967|https://cdn.shopify.com/s/files/1/0912/9351/6071/files/img_ff64fc05_20240811_i1723387666_2296_0_jpg_d0662beb-ab0e-4f0a-9ed7-c6c3757b08e1.jpg?v=1759823967|https://cdn.shopify.com/s/files/1/0912/9351/6071/files/img_ff64fc05_20240811_i1723387666_9584_3_jpg_ca6d5c13-1ee6-4ef9-9b2c-8a6f95e7b1db.jpg?v=1759823967,Hi I want FENDI THICK SOLE 3 CM SEQUIN SLIPPER SILVER,
FENDI THICK SOLE 3 CM SEQUIN SLIPPER BLACK,https://cdn.shopify.com/s/files/1/0912/9351/6071/files/img_ff64fc05_20240811_i1723387515_1022_3_jpg_b53f8f33-05d9-46b7-ab28-33b43b813988.jpg?v=1759823970,footwear,fendi,https://cdn.shopify.com/s/files/1/0912/9351/6071/files/img_ff64fc05_20240811_i1723387515_1022_3_jpg_b53f8f33-05d9-46b7-ab28-33b43b813988.jpg?v=1759823970|https://cdn.shopify.com/s/files/1/0912/9351/6071/files/img_ff64fc05_20240811_i1723387515_456_5_jpg_28cea3e2-e336-4c0a-9afb-b25e7f874ca3.jpg?v=1759823970|https://cdn.shopify.com/s/files/1/0912/9351/6071/files/img_ff64fc05_20240811_i1723387515_1171_8_jpg_c0d00f41-9c4a-47f7-84e6-a0cebc7c5f76.jpg?v=1759823970|https://cdn.shopify.com/s/files/1/0912/9351/6071/files/img_ff64fc05_20240811_i1723387515_1187_6_jpg_7f990d5c-226d-4c85-8ec5-9e23e2bb486f.jpg?v=1759823970|https://cdn.shopify.com/s/files/1/0912/9351/6071/files/img_ff64fc05_20240811_i1723387515_1555_4_jpg_fd4d6f9a-8673-47e1-874e-6fe053a07a62.jpg?v=1759823970|https://cdn.shopify.com/s/files/1/0912/9351/6071/files/img_ff64fc05_20240811_i1723387515_2703_2_jpg_1a7d22d7-ac0f-4696-b096-5398f118a649.jpg?v=1759823970|https://cdn.shopify.com/s/files/1/0912/9351/6071/files/img_ff64fc05_20240811_i1723387515_4257_1_jpg_4544d8ef-012a-4523-8007-5f13b2b75e4f.jpg?v=1759823970|https://cdn.shopify.com/s/files/1/0912/9351/6071/files/img_ff64fc05_20240811_i1723387515_9510_7_jpg_bd470b9f-a099-440d-a546-72b926e7d5f1.jpg?v=1759823970|https://cdn.shopify.com/s/files/1/0912/9351/6071/files/img_ff64fc05_20240811_i1723387515_9972_0_jpg_ae4132ef-e181-4cf8-ad39-ed3f06b5a619.jpg?v=1759823970,Hi I want FENDI THICK SOLE 3 CM SEQUIN SLIPPER BLACK,
FENDI THICK SOLE 6 CM SEQUIN SLIPPER BLACK,https://cdn.shopify.com/s/files/1/0912/9351/6071/files/img_ff64fc05_20240811_i1723387765_3229_8_jpg_c2b18f0f-8bb7-412d-adee-efb3a340bf16.jpg?v=1759823972,footwear,fendi,https://cdn.shopify.com/s/files/1/0912/9351/6071/files/img_ff64fc05_20240811_i1723387765_3229_8_jpg_c2b18f0f-8bb7-412d-adee-efb3a340bf16.jpg?v=1759823972|https://cdn.shopify.com/s/files/1/0912/9351/6071/files/img_ff64fc05_20240811_i1723387765_1137_3_jpg_50193f57-4466-49d7-8ef2-f0c3d360d9c2.jpg?v=1759823972|https://cdn.shopify.com/s/files/1/0912/9351/6071/files/img_ff64fc05_20240811_i1723387765_6787_5_jpg_b1fe9300-6c9d-440c-afa4-227ceacbec83.jpg?v=1759823972|https://cdn.shopify.com/s/files/1/0912/9351/6071/files/img_ff64fc05_20240811_i1723387765_8860_2_jpg_04b1abf3-9964-45ec-a75c-3177fcf68d42.jpg?v=1759823972|https://cdn.shopify.com/s/files/1/0912/9351/6071/files/img_ff64fc05_20240811_i1723387764_1731_0_jpg_e25e1fe6-3c7e-489b-94cb-892dde662efa.jpg?v=1759823973|https://cdn.shopify.com/s/files/1/0912/9351/6071/files/img_ff64fc05_20240811_i1723387764_8444_1_jpg_a1299e8e-7314-4a1b-aac9-f3c1a9099a99.jpg?v=1759823973|https://cdn.shopify.com/s/files/1/0912/9351/6071/files/img_ff64fc05_20240811_i1723387765_260_4_jpg_97b69cd6-be0e-421e-8f6e-1ad9a206f9ae.jpg?v=1759823973|https://cdn.shopify.com/s/files/1/0912/9351/6071/files/img_ff64fc05_20240811_i1723387765_928_7_jpg_b635a396-5605-4b21-8d63-fd297fbff44f.jpg?v=1759823973|https://cdn.shopify.com/s/files/1/0912/9351/6071/files/img_ff64fc05_20240811_i1723387765_2916_6_jpg_3a421b0a-ef19-4cc9-89e0-9132172ca01f.jpg?v=1759823972,Hi I want FENDI THICK SOLE 6 CM SEQUIN SLIPPER BLACK,
FENDI THICK SOLE 6 CM SEQUIN SLIPPER NAVY BLUE,https://cdn.shopify.com/s/files/1/0912/9351/6071/files/img_ff64fc05_20240811_i1723387840_639_1_jpg_2f5c664d-b8e0-4cc1-9498-6be86655e41a.jpg?v=1759823975,footwear,fendi,https://cdn.shopify.com/s/files/1/0912/9351/6071/files/img_ff64fc05_20240811_i1723387840_639_1_jpg_2f5c664d-b8e0-4cc1-9498-6be86655e41a.jpg?v=1759823975|https://cdn.shopify.com/s/files/1/0912/9351/6071/files/img_ff64fc05_20240811_i1723387840_3422_4_jpg_c4f8f454-f4c6-4b80-b47c-70779427fb23.jpg?v=1759823975|https://cdn.shopify.com/s/files/1/0912/9351/6071/files/img_ff64fc05_20240811_i1723387840_6884_6_jpg_ebe2c75c-8f84-4f35-bad9-ee161ff2a206.jpg?v=1759823975|https://cdn.shopify.com/s/files/1/0912/9351/6071/files/img_ff64fc05_20240811_i1723387840_8217_0_jpg_7df73e33-10d0-4226-afa4-fb104e939973.jpg?v=1759823975|https://cdn.shopify.com/s/files/1/0912/9351/6071/files/img_ff64fc05_20240811_i1723387840_1385_3_jpg_86984235-2038-4aa7-8053-ecb45743e7b6.jpg?v=1759823975|https://cdn.shopify.com/s/files/1/0912/9351/6071/files/img_ff64fc05_20240811_i1723387840_1369_7_jpg_db51a1c7-8b7a-4728-af9f-be005896b42b.jpg?v=1759823975|https://cdn.shopify.com/s/files/1/0912/9351/6071/files/img_ff64fc05_20240811_i1723387840_6622_2_jpg_024a6f64-816a-4558-be67-76bb4dcc5920.jpg?v=1759823975|https://cdn.shopify.com/s/files/1/0912/9351/6071/files/img_ff64fc05_20240811_i1723387840_7521_5_jpg_30c55e26-64d0-41b3-bcd0-e17b0a6b1555.jpg?v=1759823975|https://cdn.shopify.com/s/files/1/0912/9351/6071/files/img_ff64fc05_20240811_i1723387840_5094_8_jpg_19e2284a-19ad-4de4-812a-6673d0413cdb.jpg?v=1759823975,Hi I want FENDI THICK SOLE 6 CM SEQUIN SLIPPER NAVY BLUE,
FENDI THICK SOLE 6 CM SEQUIN SLIPPER ROUGH PINK,https://cdn.shopify.com/s/files/1/0912/9351/6071/files/img_ff64fc05_20240811_i1723387877_9946_0_jpg_4e220e17-a5f2-4b46-85aa-77998874915f.jpg?v=1759823977,footwear,fendi,https://cdn.shopify.com/s/files/1/0912/9351/6071/files/img_ff64fc05_20240811_i1723387877_9946_0_jpg_4e220e17-a5f2-4b46-85aa-77998874915f.jpg?v=1759823977|https://cdn.shopify.com/s/files/1/0912/9351/6071/files/img_ff64fc05_20240811_i1723387877_3425_1_jpg_cc6deb7a-f826-496a-8462-2c393047face.jpg?v=1759823978|https://cdn.shopify.com/s/files/1/0912/9351/6071/files/img_ff64fc05_20240811_i1723387878_7318_8_jpg_b5312de1-4cbf-41c0-bba6-7086caa2d5a3.jpg?v=1759823978|https://cdn.shopify.com/s/files/1/0912/9351/6071/files/img_ff64fc05_20240811_i1723387877_3498_2_jpg_2c608a3d-1c4a-4cac-9df1-bc47f1e0b8f9.jpg?v=1759823978|https://cdn.shopify.com/s/files/1/0912/9351/6071/files/img_ff64fc05_20240811_i1723387877_9536_4_jpg_c3d7e64d-85ea-456c-ba34-f6fe5d1cdd7b.jpg?v=1759823978|https://cdn.shopify.com/s/files/1/0912/9351/6071/files/img_ff64fc05_20240811_i1723387877_3246_3_jpg_67178b66-38ff-4942-8c70-fb88811502db.jpg?v=1759823978|https://cdn.shopify.com/s/files/1/0912/9351/6071/files/img_ff64fc05_20240811_i1723387878_8443_5_jpg_9a62eb94-ffeb-449c-a963-1ff9a948b502.jpg?v=1759823978|https://cdn.shopify.com/s/files/1/0912/9351/6071/files/img_ff64fc05_20240811_i1723387878_7322_7_jpg_846bcdcc-45ba-4780-bf88-4edcaa7ff5a6.jpg?v=1759823978|https://cdn.shopify.com/s/files/1/0912/9351/6071/files/img_ff64fc05_20240811_i1723387878_219_6_jpg_9aebe933-bc30-4222-a672-79e5ba5b1965.jpg?v=1759823978,Hi I want FENDI THICK SOLE 6 CM SEQUIN SLIPPER ROUGH PINK,
FENDI THICK SOLE 6 CM SEQUIN SLIPPER GOLD,https://cdn.shopify.com/s/files/1/0912/9351/6071/files/img_ff64fc05_20240811_i1723387919_1607_3_jpg_c636ff7d-6c00-4916-a666-6d83ab340131.jpg?v=1759823980,footwear,fendi,https://cdn.shopify.com/s/files/1/0912/9351/6071/files/img_ff64fc05_20240811_i1723387919_1607_3_jpg_c636ff7d-6c00-4916-a666-6d83ab340131.jpg?v=1759823980|https://cdn.shopify.com/s/files/1/0912/9351/6071/files/img_ff64fc05_20240811_i1723387920_3994_6_jpg_e32e9592-0ae2-4e86-9b82-5726f058dacf.jpg?v=1759823980|https://cdn.shopify.com/s/files/1/0912/9351/6071/files/img_ff64fc05_20240811_i1723387920_2885_7_jpg_09147e90-9011-4b05-bb47-c1bc227dd007.jpg?v=1759823980|https://cdn.shopify.com/s/files/1/0912/9351/6071/files/img_ff64fc05_20240811_i1723387920_4588_8_jpg_77e84b2b-1a3d-4e3a-aa10-5d416e406277.jpg?v=1759823980|https://cdn.shopify.com/s/files/1/0912/9351/6071/files/img_ff64fc05_20240811_i1723387919_2066_1_jpg_3c19a729-081d-4501-b431-c50fe29a79a5.jpg?v=1759823980|https://cdn.shopify.com/s/files/1/0912/9351/6071/files/img_ff64fc05_20240811_i1723387919_9238_0_jpg_5ca8b1b5-6a53-4971-a41a-442c60bb92de.jpg?v=1759823980|https://cdn.shopify.com/s/files/1/0912/9351/6071/files/img_ff64fc05_20240811_i1723387919_9615_4_jpg_3a9f7f3c-69c5-4717-98d1-76c315ca4e6a.jpg?v=1759823980|https://cdn.shopify.com/s/files/1/0912/9351/6071/files/img_ff64fc05_20240811_i1723387919_2181_2_jpg_43ac3eb0-0d82-4b4a-8214-d42b78c70ec2.jpg?v=1759823980|https://cdn.shopify.com/s/files/1/0912/9351/6071/files/img_ff64fc05_20240811_i1723387920_9196_5_jpg_17671e30-8745-4066-a976-f7344e40717f.jpg?v=1759823980,Hi I want FENDI THICK SOLE 6 CM SEQUIN SLIPPER GOLD,
FENDI THICK SOLE 6 CM SEQUIN SLIPPER SILVER,https://cdn.shopify.com/s/files/1/0912/9351/6071/files/img_ff64fc05_20240811_i1723387956_2315_1_jpg_da1d05b0-8079-4429-8869-75e041633c53.jpg?v=1759823983,footwear,fendi,https://cdn.shopify.com/s/files/1/0912/9351/6071/files/img_ff64fc05_20240811_i1723387956_2315_1_jpg_da1d05b0-8079-4429-8869-75e041633c53.jpg?v=1759823983|https://cdn.shopify.com/s/files/1/0912/9351/6071/files/img_ff64fc05_20240811_i1723387956_9773_4_jpg_d8cd1d14-42fb-42ac-b897-616ce4404d56.jpg?v=1759823983|https://cdn.shopify.com/s/files/1/0912/9351/6071/files/img_ff64fc05_20240811_i1723387956_1946_5_jpg_528a8930-7385-4cf9-9a44-c81ec931c1b3.jpg?v=1759823983|https://cdn.shopify.com/s/files/1/0912/9351/6071/files/img_ff64fc05_20240811_i1723387956_3056_3_jpg_7e775f02-1c5e-458e-a944-80db9a622149.jpg?v=1759823983|https://cdn.shopify.com/s/files/1/0912/9351/6071/files/img_ff64fc05_20240811_i1723387956_2511_6_jpg_6e0b1a1a-ffa2-4abc-85ea-c25e197c0b90.jpg?v=1759823983|https://cdn.shopify.com/s/files/1/0912/9351/6071/files/img_ff64fc05_20240811_i1723387956_9072_2_jpg_e83eb80a-0c74-4acd-ba49-ab7f1de564da.jpg?v=1759823983|https://cdn.shopify.com/s/files/1/0912/9351/6071/files/img_ff64fc05_20240811_i1723387956_3853_7_jpg_80bb0a10-b430-4a0f-be51-8bcb7ded519c.jpg?v=1759823983|https://cdn.shopify.com/s/files/1/0912/9351/6071/files/img_ff64fc05_20240811_i1723387956_9395_8_jpg_d6833fec-1cbb-4ea0-822d-e9f5ecb22d6f.jpg?v=1759823983|https://cdn.shopify.com/s/files/1/0912/9351/6071/files/img_ff64fc05_20240811_i1723387956_8024_0_jpg_aecf9cc4-3350-48c2-b77d-a0ff30b1039e.jpg?v=1759823983,Hi I want FENDI THICK SOLE 6 CM SEQUIN SLIPPER SILVER,
FENDI LOGO SLIDES IN BLACK CALFSKIN,https://cdn.shopify.com/s/files/1/0912/9351/6071/files/img_ff64fc05_20240811_i1723388104_1669_1_jpg_7fbbec68-1e87-429e-8eca-b19df45e3c31.jpg?v=1759823985,footwear,fendi,https://cdn.shopify.com/s/files/1/0912/9351/6071/files/img_ff64fc05_20240811_i1723388104_1669_1_jpg_7fbbec68-1e87-429e-8eca-b19df45e3c31.jpg?v=1759823985|https://cdn.shopify.com/s/files/1/0912/9351/6071/files/img_ff64fc05_20240811_i1723388105_4025_5_jpg_63861cfe-ed6e-4360-9112-cb06970636b5.jpg?v=1759823985|https://cdn.shopify.com/s/files/1/0912/9351/6071/files/img_ff64fc05_20240811_i1723388104_5172_4_jpg_6ea6d39f-0487-4b61-9177-1a47d2d64daf.jpg?v=1759823985|https://cdn.shopify.com/s/files/1/0912/9351/6071/files/img_ff64fc05_20240811_i1723388105_5742_7_jpg_36cb549c-bab4-4726-bd00-ca68dd1843c8.jpg?v=1759823985|https://cdn.shopify.com/s/files/1/0912/9351/6071/files/img_ff64fc05_20240811_i1723388104_8196_3_jpg_bafce9b5-91ac-47a0-a9aa-42465d60c902.jpg?v=1759823985|https://cdn.shopify.com/s/files/1/0912/9351/6071/files/img_ff64fc05_20240811_i1723388105_932_8_jpg_fb66e2b6-e2cc-48a1-8583-709ac46f2f91.jpg?v=1759823985|https://cdn.shopify.com/s/files/1/0912/9351/6071/files/img_ff64fc05_20240811_i1723388105_6511_6_jpg_95066fce-1e50-4244-abec-2b99da08c98f.jpg?v=1759823985|https://cdn.shopify.com/s/files/1/0912/9351/6071/files/img_ff64fc05_20240811_i1723388104_5891_0_jpg_72ecc3e7-ec75-4a94-a08c-aafc13ca3011.jpg?v=1759823985|https://cdn.shopify.com/s/files/1/0912/9351/6071/files/img_ff64fc05_20240811_i1723388104_4754_2_jpg_3d529924-ac78-444a-ba8b-bd3a593039a7.jpg?v=1759823985,Hi I want FENDI LOGO SLIDES IN BLACK CALFSKIN,
FENDI LOGO SLIDES IN WHITE CALFSKIN,https://cdn.shopify.com/s/files/1/0912/9351/6071/files/img_ff64fc05_20240811_i1723388139_2713_4_jpg_15782b5d-ced9-4783-ad0d-48fe3bfbd3d3.jpg?v=1759823987,footwear,fendi,https://cdn.shopify.com/s/files/1/0912/9351/6071/files/img_ff64fc05_20240811_i1723388139_2713_4_jpg_15782b5d-ced9-4783-ad0d-48fe3bfbd3d3.jpg?v=1759823987|https://cdn.shopify.com/s/files/1/0912/9351/6071/files/img_ff64fc05_20240811_i1723388139_1413_1_jpg_7d5ca924-28eb-4a8b-9d2c-a38ed175d1fa.jpg?v=1759823987|https://cdn.shopify.com/s/files/1/0912/9351/6071/files/img_ff64fc05_20240811_i1723388139_4910_8_jpg_bc1f95f5-9160-4b40-8b87-8432ca1102b2.jpg?v=1759823987|https://cdn.shopify.com/s/files/1/0912/9351/6071/files/img_ff64fc05_20240811_i1723388139_8553_5_jpg_2f80b778-2f76-4c7e-bf7c-87cd52c352e4.jpg?v=1759823987|https://cdn.shopify.com/s/files/1/0912/9351/6071/files/img_ff64fc05_20240811_i1723388139_3346_7_jpg_fd7bfd39-fb9c-4f2e-a7d1-ebb5ed55cfc4.jpg?v=1759823987|https://cdn.shopify.com/s/files/1/0912/9351/6071/files/img_ff64fc05_20240811_i1723388139_2659_0_jpg_848ce3c0-991e-44be-aa6b-6a023198112c.jpg?v=1759823987|https://cdn.shopify.com/s/files/1/0912/9351/6071/files/img_ff64fc05_20240811_i1723388139_4142_3_jpg_eacc69b5-2631-4c38-b8d5-ab867f6eb368.jpg?v=1759823987|https://cdn.shopify.com/s/files/1/0912/9351/6071/files/img_ff64fc05_20240811_i1723388139_1223_2_jpg_acff7e2b-1158-4fe4-9afe-7c7f81e01570.jpg?v=1759823987,Hi I want FENDI LOGO SLIDES IN WHITE CALFSKIN,
FENDI LOGO SLIDES IN LIGHT PINK CALFSKIN,https://cdn.shopify.com/s/files/1/0912/9351/6071/files/img_ff64fc05_20240811_i1723388182_4442_3_jpg_d5c47fb8-a69c-4aa8-83b4-0eb44d12290b.jpg?v=1759823989,footwear,fendi,https://cdn.shopify.com/s/files/1/0912/9351/6071/files/img_ff64fc05_20240811_i1723388182_4442_3_jpg_d5c47fb8-a69c-4aa8-83b4-0eb44d12290b.jpg?v=1759823989|https://cdn.shopify.com/s/files/1/0912/9351/6071/files/img_ff64fc05_20240811_i1723388182_1367_7_jpg_a594832b-5c42-406f-a77c-6036dedd161a.jpg?v=1759823989|https://cdn.shopify.com/s/files/1/0912/9351/6071/files/img_ff64fc05_20240811_i1723388182_9903_1_jpg_ddf554ef-3584-4e3f-85c7-be74f690b1cc.jpg?v=1759823989|https://cdn.shopify.com/s/files/1/0912/9351/6071/files/img_ff64fc05_20240811_i1723388182_5894_0_jpg_051fac41-a513-45d9-a439-95adf80f8e42.jpg?v=1759823990|https://cdn.shopify.com/s/files/1/0912/9351/6071/files/img_ff64fc05_20240811_i1723388182_3020_4_jpg_19c8b24c-6f87-4b82-9194-db9f3d4cf569.jpg?v=1759823990|https://cdn.shopify.com/s/files/1/0912/9351/6071/files/img_ff64fc05_20240811_i1723388182_2291_2_jpg_122d9e7a-4b46-41eb-9d96-320b37c118f2.jpg?v=1759823990|https://cdn.shopify.com/s/files/1/0912/9351/6071/files/img_ff64fc05_20240811_i1723388182_9772_6_jpg_d93cb910-6121-4678-bac3-5a774c676795.jpg?v=1759823990|https://cdn.shopify.com/s/files/1/0912/9351/6071/files/img_ff64fc05_20240811_i1723388182_8745_5_jpg_abcc9b72-01b7-4659-aa35-0b9368b71376.jpg?v=1759823990|https://cdn.shopify.com/s/files/1/0912/9351/6071/files/img_ff64fc05_20240811_i1723388182_325_8_jpg_f8ae7d90-7b08-4e81-bdd9-8260573223d3.jpg?v=1759823990,Hi I want FENDI LOGO SLIDES IN LIGHT PINK CALFSKIN,
FENDI LOGO SLIDES IN CHERRY RED CALFSKIN,https://cdn.shopify.com/s/files/1/0912/9351/6071/files/img_ff64fc05_20240811_i1723388253_1368_1_jpg_83b71334-2c12-4c26-89a2-59e150c921bb.jpg?v=1759823993,footwear,fendi,https://cdn.shopify.com/s/files/1/0912/9351/6071/files/img_ff64fc05_20240811_i1723388253_1368_1_jpg_83b71334-2c12-4c26-89a2-59e150c921bb.jpg?v=1759823993|https://cdn.shopify.com/s/files/1/0912/9351/6071/files/img_ff64fc05_20240811_i1723388253_402_7_jpg_766a2a26-5c71-4e2c-9961-40a62866587e.jpg?v=1759823993|https://cdn.shopify.com/s/files/1/0912/9351/6071/files/img_ff64fc05_20240811_i1723388253_8358_0_jpg_0c6d73cb-9039-41bd-83b7-d7b905774033.jpg?v=1759823992|https://cdn.shopify.com/s/files/1/0912/9351/6071/files/img_ff64fc05_20240811_i1723388253_3026_8_jpg_55c9a7ae-5278-4c0b-88eb-b6c1a0a09345.jpg?v=1759823993|https://cdn.shopify.com/s/files/1/0912/9351/6071/files/img_ff64fc05_20240811_i1723388253_4980_4_jpg_3f23646f-5761-4938-a45c-0d2c16a024d9.jpg?v=1759823993|https://cdn.shopify.com/s/files/1/0912/9351/6071/files/img_ff64fc05_20240811_i1723388253_7515_5_jpg_e98a8099-3528-4c0a-b956-c24836deef58.jpg?v=1759823992|https://cdn.shopify.com/s/files/1/0912/9351/6071/files/img_ff64fc05_20240811_i1723388253_7174_6_jpg_2dac2ae1-380e-4840-bae9-244a3b53ab71.jpg?v=1759823993|https://cdn.shopify.com/s/files/1/0912/9351/6071/files/img_ff64fc05_20240811_i1723388253_9614_2_jpg_351562e7-20f9-429d-b691-271cdb81fe8f.jpg?v=1759823993|https://cdn.shopify.com/s/files/1/0912/9351/6071/files/img_ff64fc05_20240811_i1723388253_5230_3_jpg_530fc603-1e22-43df-abe4-da5a8aa02b3a.jpg?v=1759823993,Hi I want FENDI LOGO SLIDES IN CHERRY RED CALFSKIN,
FENDI BAGUETTE SLIDES WOMEN IN BLACK RAFFIA,https://cdn.shopify.com/s/files/1/0912/9351/6071/files/img_e3c869f7_20240616_i1718480677_467_0_jpg_0184c90c-c119-4c42-8b94-4fbd91773e32.jpg?v=1759824000,footwear,fendi,https://cdn.shopify.com/s/files/1/0912/9351/6071/files/img_e3c869f7_20240616_i1718480677_467_0_jpg_0184c90c-c119-4c42-8b94-4fbd91773e32.jpg?v=1759824000|https://cdn.shopify.com/s/files/1/0912/9351/6071/files/img_e3c869f7_20240616_i1718480677_6599_5_jpg_e9896ecc-efe0-4873-a610-c45314000f25.jpg?v=1759824000|https://cdn.shopify.com/s/files/1/0912/9351/6071/files/img_e3c869f7_20240616_i1718480677_6633_6_jpg_9e860528-e018-4a16-9630-2b2a3fc669fa.jpg?v=1759824000|https://cdn.shopify.com/s/files/1/0912/9351/6071/files/img_e3c869f7_20240616_i1718480677_9802_7_jpg_e5c82260-fd1b-446b-aac5-1879f6c02514.jpg?v=1759824000|https://cdn.shopify.com/s/files/1/0912/9351/6071/files/img_e3c869f7_20240616_i1718480677_4249_4_jpg_572a30eb-4fcc-4073-8e97-2f44290c765d.jpg?v=1759824000|https://cdn.shopify.com/s/files/1/0912/9351/6071/files/img_e3c869f7_20240616_i1718480677_2249_2_jpg_14c888cb-9d62-4c6e-9a1d-32b6f156f1b7.jpg?v=1759824000|https://cdn.shopify.com/s/files/1/0912/9351/6071/files/img_e3c869f7_20240616_i1718480677_6486_8_jpg_a4cd9e10-e97b-4e28-b8b0-4a4139ee79aa.jpg?v=1759824000|https://cdn.shopify.com/s/files/1/0912/9351/6071/files/img_e3c869f7_20240616_i1718480677_8118_3_jpg_19c8eb7f-e55b-4eba-af77-ff3c40cf6871.jpg?v=1759824000|https://cdn.shopify.com/s/files/1/0912/9351/6071/files/img_e3c869f7_20240616_i1718480677_2267_1_jpg_6e261a38-ba33-408b-849e-d02d856c46eb.jpg?v=1759824000,Hi I want FENDI BAGUETTE SLIDES WOMEN IN BLACK RAFFIA,
FENDI BAGUETTE SLIDES WOMEN IN BEIGE RAFFIA,https://cdn.shopify.com/s/files/1/0912/9351/6071/files/img_e3c869f7_20240616_i1718481018_1320_2_jpg_36974fe3-06f8-40cc-a80c-fbaed183bc0e.jpg?v=1759824002,footwear,fendi,https://cdn.shopify.com/s/files/1/0912/9351/6071/files/img_e3c869f7_20240616_i1718481018_1320_2_jpg_36974fe3-06f8-40cc-a80c-fbaed183bc0e.jpg?v=1759824002|https://cdn.shopify.com/s/files/1/0912/9351/6071/files/img_e3c869f7_20240616_i1718481018_127_1_jpg_e3cbc83f-49cc-4e21-b81b-52f40d6ee533.jpg?v=1759824002|https://cdn.shopify.com/s/files/1/0912/9351/6071/files/img_e3c869f7_20240616_i1718481018_595_5_jpg_b28a76fc-009f-4601-8bf4-4d13cf4ed4a8.jpg?v=1759824002|https://cdn.shopify.com/s/files/1/0912/9351/6071/files/img_e3c869f7_20240616_i1718481018_7496_7_jpg_35e91099-cefb-4925-8d90-8f50032fe3f8.jpg?v=1759824002|https://cdn.shopify.com/s/files/1/0912/9351/6071/files/img_e3c869f7_20240616_i1718481018_9517_8_jpg_16ab0601-2f5b-4402-b723-f3420925433b.jpg?v=1759824002|https://cdn.shopify.com/s/files/1/0912/9351/6071/files/img_e3c869f7_20240616_i1718481018_6764_3_jpg_44cec8ed-cc22-4cc2-bd18-c5b70d7d5ea3.jpg?v=1759824003|https://cdn.shopify.com/s/files/1/0912/9351/6071/files/img_e3c869f7_20240616_i1718481018_6913_4_jpg_e15da9af-6137-4050-8df4-5495d8d57aed.jpg?v=1759824002|https://cdn.shopify.com/s/files/1/0912/9351/6071/files/img_e3c869f7_20240616_i1718481018_2744_0_jpg_42fed652-bf87-40ef-9533-57863357b7ff.jpg?v=1759824002|https://cdn.shopify.com/s/files/1/0912/9351/6071/files/img_e3c869f7_20240616_i1718481018_3598_6_jpg.jpg?v=1759824003,Hi I want FENDI BAGUETTE SLIDES WOMEN IN BEIGE RAFFIA,
FENDI BAGUETTE SLIDES WOMEN IN BLACK CALFSKIN,https://cdn.shopify.com/s/files/1/0912/9351/6071/files/20230328_i1680014607_6923_1_jpg_e44003ed-d9ff-4fc5-babc-8f76f603e690.jpg?v=1759824004,footwear,fendi,https://cdn.shopify.com/s/files/1/0912/9351/6071/files/20230328_i1680014607_6923_1_jpg_e44003ed-d9ff-4fc5-babc-8f76f603e690.jpg?v=1759824004|https://cdn.shopify.com/s/files/1/0912/9351/6071/files/20230328_i1680014607_6720_0_jpg_f689148b-a097-46f2-b1df-5b247504e551.jpg?v=1759824005|https://cdn.shopify.com/s/files/1/0912/9351/6071/files/20230328_i1680014607_645_5_jpg_08f73e6a-a6a6-41d0-84df-44ec55e78540.jpg?v=1759824005|https://cdn.shopify.com/s/files/1/0912/9351/6071/files/20230328_i1680014607_906_4_jpg_5ef9c2bf-870e-482e-8c8a-5c9904734ea2.jpg?v=1759824005|https://cdn.shopify.com/s/files/1/0912/9351/6071/files/20230328_i1680014607_3617_3_jpg_25a486d6-8f43-4556-8f4f-8cded99e94e6.jpg?v=1759824004|https://cdn.shopify.com/s/files/1/0912/9351/6071/files/20230328_i1680014607_7556_2_jpg_3ab5f2a5-8478-4e30-be11-13fbc5cd76b8.jpg?v=1759824005|https://cdn.shopify.com/s/files/1/0912/9351/6071/files/20230328_i1680014607_4256_7_jpg_ad0be138-66ca-4d5b-b48c-9b619b97318c.jpg?v=1759824005|https://cdn.shopify.com/s/files/1/0912/9351/6071/files/20230328_i1680014607_8540_6_jpg_f3639fbf-ebf9-436f-9ea9-51aacfffa390.jpg?v=1759824005|https://cdn.shopify.com/s/files/1/0912/9351/6071/files/20230328_i1680014607_4769_8_jpg_f45a5dcf-8658-42be-b0f2-2db423e6c751.jpg?v=1759824005,Hi I want FENDI BAGUETTE SLIDES WOMEN IN BLACK CALFSKIN,
FENDI BAGUETTE SLIDES WOMEN IN BEIGE CALFSKIN,https://cdn.shopify.com/s/files/1/0912/9351/6071/files/20230328_i1680013952_598_5_jpg_3d168c33-e1dd-4f12-a5cb-8ea42c39790e.jpg?v=1759824009,footwear,fendi,https://cdn.shopify.com/s/files/1/0912/9351/6071/files/20230328_i1680013952_598_5_jpg_3d168c33-e1dd-4f12-a5cb-8ea42c39790e.jpg?v=1759824009|https://cdn.shopify.com/s/files/1/0912/9351/6071/files/20230328_i1680013952_5518_1_jpg_ffd798ac-d3d4-401a-83bb-369ca0e85e32.jpg?v=1759824008|https://cdn.shopify.com/s/files/1/0912/9351/6071/files/20230328_i1680013952_1060_0_jpg_2b0d471b-f493-40fc-8c04-4b00e454dec4.jpg?v=1759824007|https://cdn.shopify.com/s/files/1/0912/9351/6071/files/20230328_i1680013952_7042_3_jpg_7b0bd76b-54ce-4667-88a7-d25e843d8ecf.jpg?v=1759824007|https://cdn.shopify.com/s/files/1/0912/9351/6071/files/20230328_i1680013952_5148_6_jpg_1ffcd0a5-6b85-4cf4-a510-d66f977ced9f.jpg?v=1759824007|https://cdn.shopify.com/s/files/1/0912/9351/6071/files/20230328_i1680013952_8879_4_jpg_dc32a690-c271-4ab4-a025-62880bd4d42e.jpg?v=1759824007|https://cdn.shopify.com/s/files/1/0912/9351/6071/files/20230328_i1680013952_5908_2_jpg_a995e082-c263-4167-9ee9-94a1903d3661.jpg?v=1759824007|https://cdn.shopify.com/s/files/1/0912/9351/6071/files/20230328_i1680013952_170_8_jpg_8186a7e4-9f14-4b0d-9280-4d3daed22d43.jpg?v=1759824007|https://cdn.shopify.com/s/files/1/0912/9351/6071/files/20230328_i1680013952_9844_7_jpg_435170b7-2118-4262-a126-c7e2324dfd2f.jpg?v=1759824007,Hi I want FENDI BAGUETTE SLIDES WOMEN IN BEIGE CALFSKIN,
FENDI BAGUETTE SLIDES WOMEN IN WHITE CALFSKIN,https://cdn.shopify.com/s/files/1/0912/9351/6071/files/20230328_i1680014458_3250_3_jpg_76ce0a40-01de-4882-99bf-a5a0327d4b49.jpg?v=1759824010,footwear,fendi,https://cdn.shopify.com/s/files/1/0912/9351/6071/files/20230328_i1680014458_3250_3_jpg_76ce0a40-01de-4882-99bf-a5a0327d4b49.jpg?v=1759824010|https://cdn.shopify.com/s/files/1/0912/9351/6071/files/20230328_i1680014458_7429_1_jpg_f427f412-40c4-48e1-9290-c23f59af2065.jpg?v=1759824010|https://cdn.shopify.com/s/files/1/0912/9351/6071/files/20230328_i1680014458_7987_0_jpg_5f71ab81-c640-4d1a-878f-2ec4ba04bc27.jpg?v=1759824010|https://cdn.shopify.com/s/files/1/0912/9351/6071/files/20230328_i1680014458_1637_2_jpg_2e23b720-784f-4e8c-9865-29ff0dfb2618.jpg?v=1759824010|https://cdn.shopify.com/s/files/1/0912/9351/6071/files/20230328_i1680014458_1511_5_jpg_587e51c3-0181-46ee-a942-365cc92d0392.jpg?v=1759824010|https://cdn.shopify.com/s/files/1/0912/9351/6071/files/20230328_i1680014458_4510_4_jpg_55ab2090-b35a-4f1c-b73b-7337b9d2c8b1.jpg?v=1759824010|https://cdn.shopify.com/s/files/1/0912/9351/6071/files/20230328_i1680014458_4861_8_jpg_396198b5-7df7-44b3-a4a0-845c09aa282f.jpg?v=1759824010|https://cdn.shopify.com/s/files/1/0912/9351/6071/files/20230328_i1680014458_7205_6_jpg_e386e8b5-775c-4daf-a42e-e0b978243184.jpg?v=1759824010|https://cdn.shopify.com/s/files/1/0912/9351/6071/files/20230328_i1680014458_9174_7_jpg_affb4bb4-83d2-4753-8eed-9467bee13873.jpg?v=1759824010,Hi I want FENDI BAGUETTE SLIDES WOMEN IN WHITE CALFSKIN,
FENDI BAGUETTE MINK SLIDE SLIPPER IN BLACK FUR,https://cdn.shopify.com/s/files/1/0912/9351/6071/files/20220731_i1659221448_2852_7_jpg_cce34c61-5ed7-40d5-8101-2ce7e8749d29.jpg?v=1759824015,footwear,fendi,https://cdn.shopify.com/s/files/1/0912/9351/6071/files/20220731_i1659221448_2852_7_jpg_cce34c61-5ed7-40d5-8101-2ce7e8749d29.jpg?v=1759824015|https://cdn.shopify.com/s/files/1/0912/9351/6071/files/20220731_i1659221448_4296_2_jpg_a2637fad-f3f3-4c55-80a6-922e6784658b.jpg?v=1759824015|https://cdn.shopify.com/s/files/1/0912/9351/6071/files/20220731_i1659221448_5987_6_jpg_bfd6f752-bba4-40b3-ab93-85f06e7f1775.jpg?v=1759824015|https://cdn.shopify.com/s/files/1/0912/9351/6071/files/20220731_i1659221448_2771_0_jpg_d36bda30-32a1-4104-abe8-bdc133ef765e.jpg?v=1759824015|https://cdn.shopify.com/s/files/1/0912/9351/6071/files/20220731_i1659221448_2292_8_jpg_ba986015-b3b9-4bda-aaba-4d36700eba56.jpg?v=1759824015|https://cdn.shopify.com/s/files/1/0912/9351/6071/files/20220731_i1659221448_7695_1_jpg_92eeac07-35a5-4694-b05a-c43a316c99e4.jpg?v=1759824015|https://cdn.shopify.com/s/files/1/0912/9351/6071/files/20220731_i1659221448_6428_3_jpg_5b21c2a8-a46e-4978-8974-7e061b7a50e6.jpg?v=1759824015|https://cdn.shopify.com/s/files/1/0912/9351/6071/files/20220731_i1659221448_7346_5_jpg_be6acf21-6765-483c-bd81-467c966bfc48.jpg?v=1759824015|https://cdn.shopify.com/s/files/1/0912/9351/6071/files/20220731_i1659221448_9570_4_jpg_2b5ae6da-9241-49d0-9a59-7de9f9df0df9.jpg?v=1759824015,Hi I want FENDI BAGUETTE MINK SLIDE SLIPPER IN BLACK FUR,
FENDI BAGUETTE MINK SLIDE SLIPPER IN LIGHT PINK FUR,https://cdn.shopify.com/s/files/1/0912/9351/6071/files/20220731_i1659221620_1101_7_jpg_0746ab42-bac6-49fb-ab9c-38ada17a3597.jpg?v=1759824020,footwear,fendi,https://cdn.shopify.com/s/files/1/0912/9351/6071/files/20220731_i1659221620_1101_7_jpg_0746ab42-bac6-49fb-ab9c-38ada17a3597.jpg?v=1759824020|https://cdn.shopify.com/s/files/1/0912/9351/6071/files/20220731_i1659221620_6053_0_jpg_56561d04-4962-4138-a287-7d7a67827281.jpg?v=1759824020|https://cdn.shopify.com/s/files/1/0912/9351/6071/files/20220731_i1659221620_9232_3_jpg_fdbe4724-a43a-4e9c-b52b-5536cc7391cf.jpg?v=1759824020|https://cdn.shopify.com/s/files/1/0912/9351/6071/files/20220731_i1659221620_8644_8_jpg_cf45ba54-9fe2-4f48-ae77-02289242234f.jpg?v=1759824020|https://cdn.shopify.com/s/files/1/0912/9351/6071/files/20220731_i1659221620_7013_2_jpg_6f4d96c1-820d-443e-bdfe-ff64241be146.jpg?v=1759824020|https://cdn.shopify.com/s/files/1/0912/9351/6071/files/20220731_i1659221620_6436_1_jpg_d5af94f4-51e1-45a5-b60f-9e277ee1f9fb.jpg?v=1759824020|https://cdn.shopify.com/s/files/1/0912/9351/6071/files/20220731_i1659221620_4470_5_jpg_bc2964ba-8939-4fa7-9c0a-c487a95796b0.jpg?v=1759824020|https://cdn.shopify.com/s/files/1/0912/9351/6071/files/20220731_i1659221620_4251_4_jpg_20f75fbe-bdd6-4b71-ae48-818663e7c5d5.jpg?v=1759824020|https://cdn.shopify.com/s/files/1/0912/9351/6071/files/20220731_i1659221620_3232_6_jpg_83ae940f-e812-423d-924d-0b62f1c08230.jpg?v=1759824020,Hi I want FENDI BAGUETTE MINK SLIDE SLIPPER IN LIGHT PINK FUR,
FENDI BAGUETTE MINK SLIDE SLIPPER IN ELECTRIC BLUE FUR,https://cdn.shopify.com/s/files/1/0912/9351/6071/files/20220802_i1659424959_4860_6_jpg_b100f976-2d54-472f-acc8-2310b518a316.jpg?v=1759824025,footwear,fendi,https://cdn.shopify.com/s/files/1/0912/9351/6071/files/20220802_i1659424959_4860_6_jpg_b100f976-2d54-472f-acc8-2310b518a316.jpg?v=1759824025|https://cdn.shopify.com/s/files/1/0912/9351/6071/files/20220802_i1659424959_7748_3_jpg_76d4cff9-05bf-41c9-b3bb-0b602d0b80b8.jpg?v=1759824025|https://cdn.shopify.com/s/files/1/0912/9351/6071/files/20220802_i1659424959_6584_1_jpg_b7a23b63-eb0c-47d6-b367-b6e0e2caa155.jpg?v=1759824025|https://cdn.shopify.com/s/files/1/0912/9351/6071/files/20220802_i1659424959_8128_7_jpg_599c547a-dc8a-47db-bfc3-cf9880b8cd41.jpg?v=1759824026|https://cdn.shopify.com/s/files/1/0912/9351/6071/files/20220802_i1659424959_8436_0_jpg_f9fe44c8-bd72-4945-8098-89167bd1df0b.jpg?v=1759824025|https://cdn.shopify.com/s/files/1/0912/9351/6071/files/20220802_i1659424959_8643_5_jpg_6b2d5689-55bc-44b8-84ea-66cebcf15a11.jpg?v=1759824025|https://cdn.shopify.com/s/files/1/0912/9351/6071/files/20220802_i1659424959_9714_8_jpg_207511b9-0f79-40bd-b5e6-7a21b2f03d7f.jpg?v=1759824025|https://cdn.shopify.com/s/files/1/0912/9351/6071/files/20220802_i1659424959_2555_2_jpg_ecbd2f29-1519-4f91-a258-848c8691f66e.jpg?v=1759824025|https://cdn.shopify.com/s/files/1/0912/9351/6071/files/20220802_i1659424959_7241_4_jpg_479f2c54-d1e2-4161-a825-e1a85368587c.jpg?v=1759824025,Hi I want FENDI BAGUETTE MINK SLIDE SLIPPER IN ELECTRIC BLUE FUR,
FENDI BAGUETTE MINK SLIDE SLIPPER IN CANDY RED FUR,https://cdn.shopify.com/s/files/1/0912/9351/6071/files/20230313_i1678664704_5302_6_jpg_27e13504-1204-4cf7-be7c-18ca5df5623e.jpg?v=1759824029,footwear,fendi,https://cdn.shopify.com/s/files/1/0912/9351/6071/files/20230313_i1678664704_5302_6_jpg_27e13504-1204-4cf7-be7c-18ca5df5623e.jpg?v=1759824029|https://cdn.shopify.com/s/files/1/0912/9351/6071/files/20230313_i1678664704_7412_0_jpg_05d497d6-4db7-4eae-8aa0-c442a1a88646.jpg?v=1759824030|https://cdn.shopify.com/s/files/1/0912/9351/6071/files/20230313_i1678664704_7340_5_jpg_5671047e-6927-462d-8548-583a7d346e41.jpg?v=1759824030|https://cdn.shopify.com/s/files/1/0912/9351/6071/files/20230313_i1678664704_6842_1_jpg_7800da0c-c566-421f-a7ba-520f81f07a06.jpg?v=1759824029|https://cdn.shopify.com/s/files/1/0912/9351/6071/files/20230313_i1678664704_4791_8_jpg_9a4eb0d1-8b00-4521-8b0b-4a1a02942be1.jpg?v=1759824030|https://cdn.shopify.com/s/files/1/0912/9351/6071/files/20230313_i1678664704_3271_7_jpg_3d713f21-5ce0-4af0-b078-6e38b52130ee.jpg?v=1759824029|https://cdn.shopify.com/s/files/1/0912/9351/6071/files/20230313_i1678664704_3802_2_jpg_32eef664-a09f-4cf1-b58c-cbd9fd43a791.jpg?v=1759824030|https://cdn.shopify.com/s/files/1/0912/9351/6071/files/20230313_i1678664704_2606_4_jpg_87c4db6a-3f98-45a3-a7c8-ed70e8affdd5.jpg?v=1759824030|https://cdn.shopify.com/s/files/1/0912/9351/6071/files/20230313_i1678664704_1637_3_jpg_1b641823-0070-48b2-8b24-4ff72139a42c.jpg?v=1759824030,Hi I want FENDI BAGUETTE MINK SLIDE SLIPPER IN CANDY RED FUR,
FENDI BAGUETTE MINK SLIDE SLIPPER IN AZURE BLUE FUR,https://cdn.shopify.com/s/files/1/0912/9351/6071/files/20230331_i1680219964_5620_6_jpg_2514bf94-86c6-4389-a534-0c5ba6c24af4.jpg?v=1759824033,footwear,fendi,https://cdn.shopify.com/s/files/1/0912/9351/6071/files/20230331_i1680219964_5620_6_jpg_2514bf94-86c6-4389-a534-0c5ba6c24af4.jpg?v=1759824033|https://cdn.shopify.com/s/files/1/0912/9351/6071/files/20230331_i1680219964_8663_4_jpg_baccfc07-ba1d-4d40-914f-6940104cf80e.jpg?v=1759824033|https://cdn.shopify.com/s/files/1/0912/9351/6071/files/20230331_i1680219964_4703_7_jpg_d0c40c50-7d40-4199-bc7e-07630a9fabcc.jpg?v=1759824033|https://cdn.shopify.com/s/files/1/0912/9351/6071/files/20230331_i1680219964_9289_8_jpg_f00fdfc3-8d9c-45f8-89bb-c9a4c98dddb9.jpg?v=1759824033|https://cdn.shopify.com/s/files/1/0912/9351/6071/files/20230331_i1680219964_8128_1_jpg_5447695d-07ea-4aad-b1ea-1ce674cfd9ab.jpg?v=1759824033|https://cdn.shopify.com/s/files/1/0912/9351/6071/files/20230331_i1680219964_6383_0_jpg_797b60e5-3b34-45e8-bd97-180c192c14a5.jpg?v=1759824033|https://cdn.shopify.com/s/files/1/0912/9351/6071/files/20230331_i1680219964_5740_2_jpg_466116a6-a236-4364-b69f-d6a8699bbbed.jpg?v=1759824033|https://cdn.shopify.com/s/files/1/0912/9351/6071/files/20230331_i1680219964_1340_5_jpg_f99a06a4-c532-431f-9baf-176054df0bfc.jpg?v=1759824033|https://cdn.shopify.com/s/files/1/0912/9351/6071/files/20230331_i1680219964_223_3_jpg_e1a6e2d2-1505-4b12-908b-10a381247801.jpg?v=1759824033,Hi I want FENDI BAGUETTE MINK SLIDE SLIPPER IN AZURE BLUE FUR,
FENDI BAGUETTE MINK SLIDE SLIPPER IN ROSE RED FUR,https://cdn.shopify.com/s/files/1/0912/9351/6071/files/20230331_i1680220011_4410_1_jpg_430a99e7-59ad-42a6-8279-5d2c8648f475.jpg?v=1759824038,footwear,fendi,https://cdn.shopify.com/s/files/1/0912/9351/6071/files/20230331_i1680220011_4410_1_jpg_430a99e7-59ad-42a6-8279-5d2c8648f475.jpg?v=1759824038|https://cdn.shopify.com/s/files/1/0912/9351/6071/files/20230331_i1680220011_138_0_jpg_7bcb98ff-11e0-4db4-bb6e-c5f6366ce330.jpg?v=1759824038|https://cdn.shopify.com/s/files/1/0912/9351/6071/files/20230331_i1680220011_4435_3_jpg_392944da-fb73-49e3-b7c2-8473b96d4fed.jpg?v=1759824038|https://cdn.shopify.com/s/files/1/0912/9351/6071/files/20230331_i1680220011_6119_7_jpg_0929be15-1534-4424-b542-d831f893eec1.jpg?v=1759824038|https://cdn.shopify.com/s/files/1/0912/9351/6071/files/20230331_i1680220011_7299_6_jpg_9fe52ec2-0c8b-46c3-9d28-d92b9e0861de.jpg?v=1759824038|https://cdn.shopify.com/s/files/1/0912/9351/6071/files/20230331_i1680220011_1715_8_jpg_e9de0bca-556f-4d04-916c-f67b954a464a.jpg?v=1759824038|https://cdn.shopify.com/s/files/1/0912/9351/6071/files/20230331_i1680220011_272_2_jpg_9008ae07-0bda-4270-8de1-da052e3ec6e1.jpg?v=1759824038|https://cdn.shopify.com/s/files/1/0912/9351/6071/files/20230331_i1680220011_1205_5_jpg_be60b8ca-a66e-4151-900f-0a927c11bc95.jpg?v=1759824038|https://cdn.shopify.com/s/files/1/0912/9351/6071/files/20230331_i1680220011_2895_4_jpg_07e11c1e-3ee5-45c4-8a7f-9f9e44131dbb.jpg?v=1759824038,Hi I want FENDI BAGUETTE MINK SLIDE SLIPPER IN ROSE RED FUR,
FENDI BAGUETTE MINK SLIDE SLIPPER IN WHITE FUR,https://cdn.shopify.com/s/files/1/0912/9351/6071/files/img_959a5568_20240409_i1712631360_7196_1_jpg_e0466b8d-80c9-40ff-9dc4-ccb4019c078b.jpg?v=1759824040,footwear,fendi,https://cdn.shopify.com/s/files/1/0912/9351/6071/files/img_959a5568_20240409_i1712631360_7196_1_jpg_e0466b8d-80c9-40ff-9dc4-ccb4019c078b.jpg?v=1759824040|https://cdn.shopify.com/s/files/1/0912/9351/6071/files/img_959a5568_20240409_i1712631361_679_8_jpg_2a56a4ee-af5f-4edf-be07-bc5a91115678.jpg?v=1759824040|https://cdn.shopify.com/s/files/1/0912/9351/6071/files/img_959a5568_20240409_i1712631360_7393_3_jpg_cd687f0c-eb5f-4f07-96fa-eea2e7391a3b.jpg?v=1759824040|https://cdn.shopify.com/s/files/1/0912/9351/6071/files/img_959a5568_20240409_i1712631360_8235_0_jpg_777c048f-8724-466f-8dd8-a9dd62b66773.jpg?v=1759824040|https://cdn.shopify.com/s/files/1/0912/9351/6071/files/img_959a5568_20240409_i1712631360_8742_4_jpg_56d63a2f-b1d0-49b2-96a5-88c3a0853959.jpg?v=1759824040|https://cdn.shopify.com/s/files/1/0912/9351/6071/files/img_959a5568_20240409_i1712631361_2112_5_jpg_9c838168-8d19-46ed-abd8-52c36d830375.jpg?v=1759824040|https://cdn.shopify.com/s/files/1/0912/9351/6071/files/img_959a5568_20240409_i1712631361_7634_7_jpg_9e6dbb02-fc77-45b9-bcd9-9523dfd6692d.jpg?v=1759824040|https://cdn.shopify.com/s/files/1/0912/9351/6071/files/img_959a5568_20240409_i1712631361_1604_6_jpg_cee9d6d6-dbe8-40e6-a126-3855b33532fc.jpg?v=1759824040|https://cdn.shopify.com/s/files/1/0912/9351/6071/files/img_959a5568_20240409_i1712631360_6739_2_jpg_e9b22905-3179-4c9c-ae08-f76edd276a11.jpg?v=1759824040,Hi I want FENDI BAGUETTE MINK SLIDE SLIPPER IN WHITE FUR,
FENDI BAGUETTE SLIDE SLIPPERS IN DEEP PINK WOOL,https://cdn.shopify.com/s/files/1/0912/9351/6071/files/20230825_i1692937070_9672_6_jpg_dd62c1db-c4a0-423c-a315-dd05782b7228.jpg?v=1759824042,footwear,fendi,https://cdn.shopify.com/s/files/1/0912/9351/6071/files/20230825_i1692937070_9672_6_jpg_dd62c1db-c4a0-423c-a315-dd05782b7228.jpg?v=1759824042|https://cdn.shopify.com/s/files/1/0912/9351/6071/files/20230825_i1692937070_6248_8_jpg_f81a0f54-0f53-4aa4-9855-499e832fbc1a.jpg?v=1759824042|https://cdn.shopify.com/s/files/1/0912/9351/6071/files/20230825_i1692937070_8314_1_jpg_3dd8b3ab-ce13-424e-bd99-803fc7523984.jpg?v=1759824042|https://cdn.shopify.com/s/files/1/0912/9351/6071/files/20230825_i1692937070_8915_0_jpg_bbfef4ff-cb5a-4d57-aafc-088852eb159b.jpg?v=1759824042|https://cdn.shopify.com/s/files/1/0912/9351/6071/files/20230825_i1692937070_5221_7_jpg_075c8804-92e3-4eb1-b682-84bbc3a1b1e6.jpg?v=1759824042|https://cdn.shopify.com/s/files/1/0912/9351/6071/files/20230825_i1692937070_3260_2_jpg_9eeb6497-7a50-400c-be9b-a1bd8995d663.jpg?v=1759824042|https://cdn.shopify.com/s/files/1/0912/9351/6071/files/20230825_i1692937070_2460_4_jpg_73331b46-8426-41ce-aa86-e9439fb92916.jpg?v=1759824042|https://cdn.shopify.com/s/files/1/0912/9351/6071/files/20230825_i1692937070_5467_3_jpg_7bf02e03-1277-444e-a499-30e5abc26575.jpg?v=1759824042|https://cdn.shopify.com/s/files/1/0912/9351/6071/files/20230825_i1692937070_2328_5_jpg_6afe84b5-8fda-4679-8c73-986538cfd037.jpg?v=1759824042,Hi I want FENDI BAGUETTE SLIDE SLIPPERS IN DEEP PINK WOOL,
FENDI BAGUETTE SLIDE SLIPPERS IN BEIGE WOOL,https://cdn.shopify.com/s/files/1/0912/9351/6071/files/20230825_i1692937125_2957_2_jpg_a89b37e5-0451-4faf-8b16-f4cf3bff7fe2.jpg?v=1759824044,footwear,fendi,https://cdn.shopify.com/s/files/1/0912/9351/6071/files/20230825_i1692937125_2957_2_jpg_a89b37e5-0451-4faf-8b16-f4cf3bff7fe2.jpg?v=1759824044|https://cdn.shopify.com/s/files/1/0912/9351/6071/files/20230825_i1692937125_3547_0_jpg_42c5ac79-a35a-4715-9cd1-fe2bf1731269.jpg?v=1759824044|https://cdn.shopify.com/s/files/1/0912/9351/6071/files/20230825_i1692937125_3255_8_jpg_4d299acc-e342-4954-a75b-f5305c47a89b.jpg?v=1759824044|https://cdn.shopify.com/s/files/1/0912/9351/6071/files/20230825_i1692937125_1096_1_jpg_7702f230-5bd5-4ae4-9e77-dd76ac51e843.jpg?v=1759824044|https://cdn.shopify.com/s/files/1/0912/9351/6071/files/20230825_i1692937125_1128_7_jpg_f02819be-4ea9-4490-bb93-88648eaee528.jpg?v=1759824044|https://cdn.shopify.com/s/files/1/0912/9351/6071/files/20230825_i1692937125_1985_6_jpg_d2256a2a-23b5-474d-a09e-cdbe5aa805a0.jpg?v=1759824044|https://cdn.shopify.com/s/files/1/0912/9351/6071/files/20230825_i1692937125_1821_4_jpg_b2754e61-0ab6-4d7d-b37f-7f3fa5c2d467.jpg?v=1759824044|https://cdn.shopify.com/s/files/1/0912/9351/6071/files/20230825_i1692937125_6057_3_jpg_1f52fa90-d87a-4f79-bcd4-9443a4cdfe35.jpg?v=1759824044|https://cdn.shopify.com/s/files/1/0912/9351/6071/files/20230825_i1692937125_6008_5_jpg_2d1844f8-b010-4de1-88b5-037c808ec494.jpg?v=1759824044,Hi I want FENDI BAGUETTE SLIDE SLIPPERS IN BEIGE WOOL,
FENDI BAGUETTE SLIDE SLIPPERS IN CERULEAN BLUE WOOL,https://cdn.shopify.com/s/files/1/0912/9351/6071/files/20230825_i1692937254_347_4_jpg_3ec26a7b-58eb-4708-886c-3988cb691296.jpg?v=1759824046,footwear,fendi,https://cdn.shopify.com/s/files/1/0912/9351/6071/files/20230825_i1692937254_347_4_jpg_3ec26a7b-58eb-4708-886c-3988cb691296.jpg?v=1759824046|https://cdn.shopify.com/s/files/1/0912/9351/6071/files/20230825_i1692937254_2473_0_jpg_ce9da73b-1bba-4640-8964-5bdbc9f6f803.jpg?v=1759824046|https://cdn.shopify.com/s/files/1/0912/9351/6071/files/20230825_i1692937254_1591_3_jpg_34b3ebc5-03a7-48bc-a53b-b87fbaf99a80.jpg?v=1759824046|https://cdn.shopify.com/s/files/1/0912/9351/6071/files/20230825_i1692937254_3381_5_jpg_1353e923-2453-4da8-b68b-1d22f908b7ba.jpg?v=1759824046|https://cdn.shopify.com/s/files/1/0912/9351/6071/files/20230825_i1692937254_3661_2_jpg_b17bcbb3-4d4b-4b04-b791-485b3ed137d4.jpg?v=1759824046|https://cdn.shopify.com/s/files/1/0912/9351/6071/files/20230825_i1692937254_3935_8_jpg_acc44d45-be98-4352-90fe-43a69c6d3423.jpg?v=1759824046|https://cdn.shopify.com/s/files/1/0912/9351/6071/files/20230825_i1692937254_5529_7_jpg_dd460ad3-3d86-4bac-896b-916f7a0683ab.jpg?v=1759824046|https://cdn.shopify.com/s/files/1/0912/9351/6071/files/20230825_i1692937254_5852_1_jpg_3a21d1c1-334b-4303-b4de-5b5bc4b950d3.jpg?v=1759824047|https://cdn.shopify.com/s/files/1/0912/9351/6071/files/20230825_i1692937254_7950_6_jpg_14473d92-1662-452a-a361-464d7bedae6c.jpg?v=1759824046,Hi I want FENDI BAGUETTE SLIDE SLIPPERS IN CERULEAN BLUE WOOL,
FENDI BAGUETTE SLIDE SLIPPERS IN CINNAMON BROWN WOOL,https://cdn.shopify.com/s/files/1/0912/9351/6071/files/20230825_i1692937279_504_1_jpg_f62aaea9-7a42-4cb0-aa3f-98129e99b59f.jpg?v=1759824048,footwear,fendi,https://cdn.shopify.com/s/files/1/0912/9351/6071/files/20230825_i1692937279_504_1_jpg_f62aaea9-7a42-4cb0-aa3f-98129e99b59f.jpg?v=1759824048|https://cdn.shopify.com/s/files/1/0912/9351/6071/files/20230825_i1692937279_6204_6_jpg_fa5fd392-88ce-479c-a6a2-940b3fcf1016.jpg?v=1759824048|https://cdn.shopify.com/s/files/1/0912/9351/6071/files/20230825_i1692937279_1248_5_jpg_7ef7cc27-3666-45dc-9afe-597db48ccb54.jpg?v=1759824048|https://cdn.shopify.com/s/files/1/0912/9351/6071/files/20230825_i1692937279_1615_7_jpg_460cc448-14fc-4aaf-b880-42313c229e0b.jpg?v=1759824049|https://cdn.shopify.com/s/files/1/0912/9351/6071/files/20230825_i1692937279_3727_8_jpg_fbc5b3d6-1012-4e9f-a9a4-e7a07e9ea94e.jpg?v=1759824048|https://cdn.shopify.com/s/files/1/0912/9351/6071/files/20230825_i1692937279_4351_0_jpg_1b854c2b-070b-4e65-a530-f301bcd65f4f.jpg?v=1759824048|https://cdn.shopify.com/s/files/1/0912/9351/6071/files/20230825_i1692937279_5764_2_jpg_429e4855-4741-40ff-aaf5-fd74e0159d79.jpg?v=1759824048|https://cdn.shopify.com/s/files/1/0912/9351/6071/files/20230825_i1692937279_7104_3_jpg_0d71cb91-133a-4542-b916-2c30a1dca7a0.jpg?v=1759824048|https://cdn.shopify.com/s/files/1/0912/9351/6071/files/20230825_i1692937279_8366_4_jpg_2ea17514-3752-4397-b7be-cee32fafcf4b.jpg?v=1759824049,Hi I want FENDI BAGUETTE SLIDE SLIPPERS IN CINNAMON BROWN WOOL,
FENDI BAGUETTE SLIDE SLIPPERS IN LIGHT PINK WOOL,https://cdn.shopify.com/s/files/1/0912/9351/6071/files/20230825_i1692937301_9952_6_jpg_1df31a64-089d-47cc-8993-3ad1fcec75d7.jpg?v=1759824051,footwear,fendi,https://cdn.shopify.com/s/files/1/0912/9351/6071/files/20230825_i1692937301_9952_6_jpg_1df31a64-089d-47cc-8993-3ad1fcec75d7.jpg?v=1759824051|https://cdn.shopify.com/s/files/1/0912/9351/6071/files/20230825_i1692937301_1829_2_jpg_b72d4aa9-8b01-445e-b717-d19bae58453f.jpg?v=1759824050|https://cdn.shopify.com/s/files/1/0912/9351/6071/files/20230825_i1692937301_4163_0_jpg_92783371-c81a-4427-bcef-48ed7b6ec8f3.jpg?v=1759824051|https://cdn.shopify.com/s/files/1/0912/9351/6071/files/20230825_i1692937301_5522_7_jpg_b9c3dfcf-bd6b-4a0b-85d5-392e2c2bda2c.jpg?v=1759824051|https://cdn.shopify.com/s/files/1/0912/9351/6071/files/20230825_i1692937301_8532_1_jpg_19b900af-f2b5-428a-a0ae-de9f09962bb9.jpg?v=1759824050|https://cdn.shopify.com/s/files/1/0912/9351/6071/files/20230825_i1692937301_9630_3_jpg_fa1c3531-fcba-4eec-b204-c262d83874b8.jpg?v=1759824051|https://cdn.shopify.com/s/files/1/0912/9351/6071/files/20230825_i1692937301_326_5_jpg_0da81b33-1051-4673-803c-88545e2433f8.jpg?v=1759824050|https://cdn.shopify.com/s/files/1/0912/9351/6071/files/20230825_i1692937301_599_8_jpg_ee193aec-457f-4610-bbf6-0b70f1f60b3c.jpg?v=1759824050|https://cdn.shopify.com/s/files/1/0912/9351/6071/files/20230825_i1692937301_2403_4_jpg_121a91f9-bccd-45f6-864a-e76ba4b8d721.jpg?v=1759824051,Hi I want FENDI BAGUETTE SLIDE SLIPPERS IN LIGHT PINK WOOL,
FENDI BAGUETTE SLIDE SLIPPERS IN WHITE WOOL,https://cdn.shopify.com/s/files/1/0912/9351/6071/files/20230825_i1692937351_4557_6_jpg_a74b252b-af7f-4e5d-a028-7b6de1838a52.jpg?v=1759824055,footwear,fendi,https://cdn.shopify.com/s/files/1/0912/9351/6071/files/20230825_i1692937351_4557_6_jpg_a74b252b-af7f-4e5d-a028-7b6de1838a52.jpg?v=1759824055|https://cdn.shopify.com/s/files/1/0912/9351/6071/files/20230825_i1692937351_3575_1_jpg_e44394d7-3a87-4e65-b63b-41f0b5c33aff.jpg?v=1759824055|https://cdn.shopify.com/s/files/1/0912/9351/6071/files/20230825_i1692937351_1336_0_jpg_2e182b8f-5925-4296-a002-ae0d62ae5d31.jpg?v=1759824056|https://cdn.shopify.com/s/files/1/0912/9351/6071/files/20230825_i1692937351_1857_8_jpg_b61f6f68-c36d-48a1-8741-f268a1b304c4.jpg?v=1759824055|https://cdn.shopify.com/s/files/1/0912/9351/6071/files/20230825_i1692937351_885_7_jpg_27478740-5300-403b-8643-ecc0a0f49dd6.jpg?v=1759824055|https://cdn.shopify.com/s/files/1/0912/9351/6071/files/20230825_i1692937351_5908_2_jpg_028a3d8a-0e2f-4035-8cc8-ab49a024da60.jpg?v=1759824055|https://cdn.shopify.com/s/files/1/0912/9351/6071/files/20230825_i1692937351_8993_3_jpg_8f9a0a74-23d1-4d40-a046-6a41f7bdaa55.jpg?v=1759824055|https://cdn.shopify.com/s/files/1/0912/9351/6071/files/20230825_i1692937351_7304_5_jpg_545db335-2cae-4de7-b309-d40dbcbfc47a.jpg?v=1759824055|https://cdn.shopify.com/s/files/1/0912/9351/6071/files/20230825_i1692937351_8927_4_jpg_5bd1c1c1-d0f0-49ab-87ad-39cf941eeba2.jpg?v=1759824055,Hi I want FENDI BAGUETTE SLIDE SLIPPERS IN WHITE WOOL,
FENDI BAGUETTE SLIDE SLIPPERS IN BRIGHT YELLOW WOOL,https://cdn.shopify.com/s/files/1/0912/9351/6071/files/img_c413a7f4_20230923_i1695423136_7453_5_jpg_61fd53ab-bf91-4566-9314-d271bb2e861a.jpg?v=1759824057,footwear,fendi,https://cdn.shopify.com/s/files/1/0912/9351/6071/files/img_c413a7f4_20230923_i1695423136_7453_5_jpg_61fd53ab-bf91-4566-9314-d271bb2e861a.jpg?v=1759824057|https://cdn.shopify.com/s/files/1/0912/9351/6071/files/img_c413a7f4_20230923_i1695423136_5509_2_jpg_5e070025-7521-4d54-93d5-b9287bc314ec.jpg?v=1759824058|https://cdn.shopify.com/s/files/1/0912/9351/6071/files/img_c413a7f4_20230923_i1695423136_2547_0_jpg_896fca93-194b-44a7-9e9f-887d77bb2b79.jpg?v=1759824057|https://cdn.shopify.com/s/files/1/0912/9351/6071/files/img_c413a7f4_20230923_i1695423136_5369_7_jpg_029ff2d3-373b-48dc-b070-8b868f3edb4e.jpg?v=1759824057|https://cdn.shopify.com/s/files/1/0912/9351/6071/files/img_c413a7f4_20230923_i1695423136_275_1_jpg_c9ee1f75-111f-4512-ae13-f968f3954ce4.jpg?v=1759824058|https://cdn.shopify.com/s/files/1/0912/9351/6071/files/img_c413a7f4_20230923_i1695423136_528_6_jpg_b94a8707-c47c-4188-9ca2-2d7467ad4587.jpg?v=1759824057|https://cdn.shopify.com/s/files/1/0912/9351/6071/files/img_c413a7f4_20230923_i1695423136_2963_8_jpg_7054b94e-c6bd-4b92-90d0-985ef26b6a52.jpg?v=1759824058|https://cdn.shopify.com/s/files/1/0912/9351/6071/files/img_c413a7f4_20230923_i1695423136_1303_4_jpg_15193325-8e8f-422a-80ed-54a01f6af4d5.jpg?v=1759824057|https://cdn.shopify.com/s/files/1/0912/9351/6071/files/img_c413a7f4_20230923_i1695423136_82_3_jpg_93ad9318-a283-4d2d-b660-b5a67b7c7e0a.jpg?v=1759824057,Hi I want FENDI BAGUETTE SLIDE SLIPPERS IN BRIGHT YELLOW WOOL,
FENDI BAGUETTE SLIDE SLIPPERS IN CHERRY RED WOOL,https://cdn.shopify.com/s/files/1/0912/9351/6071/files/img_c413a7f4_20230923_i1695423170_6990_7_jpg_2783b34a-d89b-4e94-91e6-e2a5b53ea4e9.jpg?v=1759824059,footwear,fendi,https://cdn.shopify.com/s/files/1/0912/9351/6071/files/img_c413a7f4_20230923_i1695423170_6990_7_jpg_2783b34a-d89b-4e94-91e6-e2a5b53ea4e9.jpg?v=1759824059|https://cdn.shopify.com/s/files/1/0912/9351/6071/files/img_c413a7f4_20230923_i1695423170_1588_8_jpg_826ec074-5e7f-4c5f-bef8-f2b05edff93c.jpg?v=1759824059|https://cdn.shopify.com/s/files/1/0912/9351/6071/files/img_c413a7f4_20230923_i1695423170_7295_1_jpg_747c18b3-83e5-426f-83c7-c5947024e826.jpg?v=1759824059|https://cdn.shopify.com/s/files/1/0912/9351/6071/files/img_c413a7f4_20230923_i1695423170_6283_3_jpg_3aa8c24d-243f-4e87-8c18-32d7ae27b5c1.jpg?v=1759824059|https://cdn.shopify.com/s/files/1/0912/9351/6071/files/img_c413a7f4_20230923_i1695423170_1412_0_jpg_d5f71319-6722-4aa5-a3dc-a10e1d757879.jpg?v=1759824060|https://cdn.shopify.com/s/files/1/0912/9351/6071/files/img_c413a7f4_20230923_i1695423170_5596_2_jpg_35796c00-14ce-4a1b-bcb3-bb82dbdb72d9.jpg?v=1759824060|https://cdn.shopify.com/s/files/1/0912/9351/6071/files/img_c413a7f4_20230923_i1695423170_3585_6_jpg_09ddfea0-0076-4ef3-91c3-81c5bfce4406.jpg?v=1759824059|https://cdn.shopify.com/s/files/1/0912/9351/6071/files/img_c413a7f4_20230923_i1695423170_2190_5_jpg_bc6a280f-8543-4cc0-bfc0-a29729e015f8.jpg?v=1759824059|https://cdn.shopify.com/s/files/1/0912/9351/6071/files/img_c413a7f4_20230923_i1695423170_451_4_jpg_607b070b-496a-4a58-aaa4-3f4be6d282f0.jpg?v=1759824059,Hi I want FENDI BAGUETTE SLIDE SLIPPERS IN CHERRY RED WOOL,
FENDI BAGUETTE SLIDE SLIPPERS IN GREY WOOL,https://cdn.shopify.com/s/files/1/0912/9351/6071/files/img_c413a7f4_20230923_i1695423202_6661_1_jpg_715ac568-ab09-4bf2-8003-8fe3bbc1e2ed.jpg?v=1759824062,footwear,fendi,https://cdn.shopify.com/s/files/1/0912/9351/6071/files/img_c413a7f4_20230923_i1695423202_6661_1_jpg_715ac568-ab09-4bf2-8003-8fe3bbc1e2ed.jpg?v=1759824062|https://cdn.shopify.com/s/files/1/0912/9351/6071/files/img_c413a7f4_20230923_i1695423202_5249_7_jpg_bc589f38-62a1-48be-8a66-de2567c5cc03.jpg?v=1759824061|https://cdn.shopify.com/s/files/1/0912/9351/6071/files/img_c413a7f4_20230923_i1695423202_3806_0_jpg_94fd5512-0f5b-4e01-bc68-45af9cea0448.jpg?v=1759824062|https://cdn.shopify.com/s/files/1/0912/9351/6071/files/img_c413a7f4_20230923_i1695423202_7658_5_jpg_f9d532be-c6d2-4e2b-8b77-cda0d5f4ae96.jpg?v=1759824062|https://cdn.shopify.com/s/files/1/0912/9351/6071/files/img_c413a7f4_20230923_i1695423202_6924_8_jpg_db3df4dd-e2a6-44f7-bb47-97cdf91ac2e7.jpg?v=1759824062|https://cdn.shopify.com/s/files/1/0912/9351/6071/files/img_c413a7f4_20230923_i1695423202_6342_3_jpg_80dcffeb-4d2d-4c1d-81a4-23667bbc6fb9.jpg?v=1759824061|https://cdn.shopify.com/s/files/1/0912/9351/6071/files/img_c413a7f4_20230923_i1695423202_5361_2_jpg_59705b14-d290-4de1-ae29-18075f395582.jpg?v=1759824062|https://cdn.shopify.com/s/files/1/0912/9351/6071/files/img_c413a7f4_20230923_i1695423202_1521_6_jpg_e8c2588f-6946-4d68-9c23-a263ea175c95.jpg?v=1759824062|https://cdn.shopify.com/s/files/1/0912/9351/6071/files/img_c413a7f4_20230923_i1695423202_1647_4_jpg_e0a9afeb-3892-4866-b1de-74cf4d7861fc.jpg?v=1759824062,Hi I want FENDI BAGUETTE SLIDE SLIPPERS IN GREY WOOL,
FENDI BAGUETTE LOAFERS IN GREY MIX LEMON YELLOW CANVAS GOLD HARDWARE,https://cdn.shopify.com/s/files/1/0912/9351/6071/files/img_f4ddc389_20240620_a1718868310865_4785_jpg_badd6e3e-afac-442b-b044-92d6fe02466a.jpg?v=1759824063,footwear,fendi,https://cdn.shopify.com/s/files/1/0912/9351/6071/files/img_f4ddc389_20240620_a1718868310865_4785_jpg_badd6e3e-afac-442b-b044-92d6fe02466a.jpg?v=1759824063|https://cdn.shopify.com/s/files/1/0912/9351/6071/files/img_f4ddc389_20240620_a1718868310064_5330_jpg_90b10b0f-3286-483f-afba-f8680c6ad6d8.jpg?v=1759824063|https://cdn.shopify.com/s/files/1/0912/9351/6071/files/img_f4ddc389_20240620_a1718868309619_2462_jpg_a213f985-b949-4e4e-9532-8fe8ae775a85.jpg?v=1759824064|https://cdn.shopify.com/s/files/1/0912/9351/6071/files/img_f4ddc389_20240620_a1718868310722_6125_jpg_489ef03a-79f0-4355-b385-bb0b6f799f71.jpg?v=1759824063|https://cdn.shopify.com/s/files/1/0912/9351/6071/files/img_f4ddc389_20240620_a1718868309770_8715_jpg_874a75d5-64db-43bd-8f0f-b7079651d9a0.jpg?v=1759824063|https://cdn.shopify.com/s/files/1/0912/9351/6071/files/img_f4ddc389_20240620_a1718868310296_0625_jpg_848b0209-c22f-4e33-a4c1-c3418ee5c278.jpg?v=1759824064,Hi I want FENDI BAGUETTE LOAFERS IN GREY MIX LEMON YELLOW CANVAS GOLD HARDWARE,
FENDI BAGUETTE LOAFERS IN AZURE BLUE CANVAS GOLD HARDWARE,https://cdn.shopify.com/s/files/1/0912/9351/6071/files/img_f4ddc389_20240620_a1718868715396_6541_jpg_8c3f3fec-b285-47f2-85ad-07e7582cdd3f.jpg?v=1759824065,footwear,fendi,https://cdn.shopify.com/s/files/1/0912/9351/6071/files/img_f4ddc389_20240620_a1718868715396_6541_jpg_8c3f3fec-b285-47f2-85ad-07e7582cdd3f.jpg?v=1759824065|https://cdn.shopify.com/s/files/1/0912/9351/6071/files/img_f4ddc389_20240620_a1718868716311_1674_jpg_0d414bde-83bb-4a57-add3-67152ff28e77.jpg?v=1759824065|https://cdn.shopify.com/s/files/1/0912/9351/6071/files/img_f4ddc389_20240620_a1718868716173_5205_jpg_3c2cfab7-cd91-4205-88eb-e86b0ccd0119.jpg?v=1759824065|https://cdn.shopify.com/s/files/1/0912/9351/6071/files/img_f4ddc389_20240620_a1718868716127_8746_jpg_060ebdc0-2660-44d3-80ae-6e71026ef673.jpg?v=1759824065|https://cdn.shopify.com/s/files/1/0912/9351/6071/files/img_f4ddc389_20240620_a1718868715596_3605_jpg_e7228de7-2c79-4628-a296-eb2d0d17297b.jpg?v=1759824065|https://cdn.shopify.com/s/files/1/0912/9351/6071/files/img_f4ddc389_20240620_a1718868715514_1404_jpg_efc6cb14-a6ff-4bfe-9b5d-0153beb70fd1.jpg?v=1759824065,Hi I want FENDI BAGUETTE LOAFERS IN AZURE BLUE CANVAS GOLD HARDWARE,
FENDI BAGUETTE LOAFERS IN BEIGE MIX BROWN CANVAS GOLD HARDWARE,https://cdn.shopify.com/s/files/1/0912/9351/6071/files/img_f4ddc389_20240620_a1718868764897_1174_jpg_8e2d3121-49b5-4a2b-b1da-d135f3ef6ba3.jpg?v=1759824067,footwear,fendi,https://cdn.shopify.com/s/files/1/0912/9351/6071/files/img_f4ddc389_20240620_a1718868764897_1174_jpg_8e2d3121-49b5-4a2b-b1da-d135f3ef6ba3.jpg?v=1759824067|https://cdn.shopify.com/s/files/1/0912/9351/6071/files/img_f4ddc389_20240620_a1718868777310_5816_jpg_9f0d101c-5ebb-405d-9c90-f00f4bda768b.jpg?v=1759824067|https://cdn.shopify.com/s/files/1/0912/9351/6071/files/img_f4ddc389_20240620_a1718868765188_2717_jpg_20588f0c-1682-4d73-b727-8bf7b95a5383.jpg?v=1759824067|https://cdn.shopify.com/s/files/1/0912/9351/6071/files/img_f4ddc389_20240620_a1718868764355_6610_jpg_78041ff1-6744-4d6c-a495-d1be576b220c.jpg?v=1759824067|https://cdn.shopify.com/s/files/1/0912/9351/6071/files/img_f4ddc389_20240620_a1718868764287_6000_jpg_57143bf6-e06a-4154-b09d-2bbdde187ec8.jpg?v=1759824067|https://cdn.shopify.com/s/files/1/0912/9351/6071/files/img_f4ddc389_20240620_a1718868764130_5672_jpg_9596d275-85df-4733-a742-c1bb641ea3f9.jpg?v=1759824067,Hi I want FENDI BAGUETTE LOAFERS IN BEIGE MIX BROWN CANVAS GOLD HARDWARE,
FENDI BAGUETTE LOAFERS IN OLIVE GREEN MIX BLACK CANVAS GOLD HARDWARE,https://cdn.shopify.com/s/files/1/0912/9351/6071/files/img_f4ddc389_20240620_a1718869129450_4784_jpg_7ab63c91-23d5-4933-88c1-3c31a4678247.jpg?v=1759824068,footwear,fendi,https://cdn.shopify.com/s/files/1/0912/9351/6071/files/img_f4ddc389_20240620_a1718869129450_4784_jpg_7ab63c91-23d5-4933-88c1-3c31a4678247.jpg?v=1759824068|https://cdn.shopify.com/s/files/1/0912/9351/6071/files/img_f4ddc389_20240620_a1718869129795_8156_jpg_2e855569-e26e-4807-a52f-7e2a18dab408.jpg?v=1759824069|https://cdn.shopify.com/s/files/1/0912/9351/6071/files/img_f4ddc389_20240620_a1718869130782_5156_jpg_dd964f92-d842-440d-81cb-571fa2b5b3ce.jpg?v=1759824068|https://cdn.shopify.com/s/files/1/0912/9351/6071/files/img_f4ddc389_20240620_a1718869130172_0774_jpg_7d6f553d-2dfe-4001-a199-aedb9ff93a24.jpg?v=1759824068|https://cdn.shopify.com/s/files/1/0912/9351/6071/files/img_f4ddc389_20240620_a1718869131094_1333_jpg_7ca48323-3a19-498e-9f3f-8a5c8e8d872e.jpg?v=1759824068|https://cdn.shopify.com/s/files/1/0912/9351/6071/files/img_f4ddc389_20240620_a1718869130805_8665_jpg_3b218dd3-6f1e-405b-94ef-5858f06a5f6f.jpg?v=1759824069,Hi I want FENDI BAGUETTE LOAFERS IN OLIVE GREEN MIX BLACK CANVAS GOLD HARDWARE,
FENDI BAGUETTE LOAFERS IN NAVY BLUE MIX WHITE CANVAS GOLD HARDWARE,https://cdn.shopify.com/s/files/1/0912/9351/6071/files/img_f4ddc389_20240620_a1718869212957_8646_jpg_a43085f0-7261-4135-980c-fe2b130573f4.jpg?v=1759824070,footwear,fendi,https://cdn.shopify.com/s/files/1/0912/9351/6071/files/img_f4ddc389_20240620_a1718869212957_8646_jpg_a43085f0-7261-4135-980c-fe2b130573f4.jpg?v=1759824070|https://cdn.shopify.com/s/files/1/0912/9351/6071/files/img_f4ddc389_20240620_a1718869213256_3556_jpg_bd733ead-bda2-4b56-b8d1-cc6a1bdf4fdf.jpg?v=1759824070|https://cdn.shopify.com/s/files/1/0912/9351/6071/files/img_f4ddc389_20240620_a1718869214604_5408_jpg_f7f8c10a-56d8-428e-b3b1-cd2f7584f3fe.jpg?v=1759824070|https://cdn.shopify.com/s/files/1/0912/9351/6071/files/img_f4ddc389_20240620_a1718869214352_1112_jpg_eccf644e-c321-4f85-9e9e-89850755286c.jpg?v=1759824070|https://cdn.shopify.com/s/files/1/0912/9351/6071/files/img_f4ddc389_20240620_a1718869214208_1822_jpg_93b7c887-7765-42a6-b309-6ee1a1c00123.jpg?v=1759824070|https://cdn.shopify.com/s/files/1/0912/9351/6071/files/img_f4ddc389_20240620_a1718869213282_2582_jpg_86d3cfcd-3dc9-45bd-a7b3-3fd78a5a070e.jpg?v=1759824070,Hi I want FENDI BAGUETTE LOAFERS IN NAVY BLUE MIX WHITE CANVAS GOLD HARDWARE,
FENDI LOAFERS IN BLACK LAMBSKIN GOLD BUCKLE,https://cdn.shopify.com/s/files/1/0912/9351/6071/files/img_f4ddc389_20240820_a1724158440157_7068_jpg_e3fa9bd3-3ff5-445f-9680-c9bd87008661.jpg?v=1759824072,footwear,fendi,https://cdn.shopify.com/s/files/1/0912/9351/6071/files/img_f4ddc389_20240820_a1724158440157_7068_jpg_e3fa9bd3-3ff5-445f-9680-c9bd87008661.jpg?v=1759824072|https://cdn.shopify.com/s/files/1/0912/9351/6071/files/img_f4ddc389_20240820_a1724158441119_3383_jpg_c9bea05f-e377-45b0-8f21-dfa18c2267d2.jpg?v=1759824072|https://cdn.shopify.com/s/files/1/0912/9351/6071/files/img_f4ddc389_20240820_a1724158441474_5365_jpg_3611edf6-8949-44d9-b424-d84e78b59d2c.jpg?v=1759824072|https://cdn.shopify.com/s/files/1/0912/9351/6071/files/img_f4ddc389_20240820_a1724158441239_6386_jpg_b1056888-d1d3-4d9f-a4c5-1b7f2492be8d.jpg?v=1759824072|https://cdn.shopify.com/s/files/1/0912/9351/6071/files/img_f4ddc389_20240820_a1724158441014_5511_jpg_26869c26-a519-4ef0-a0e5-c6cae3047bc0.jpg?v=1759824072|https://cdn.shopify.com/s/files/1/0912/9351/6071/files/img_f4ddc389_20240820_a1724158440068_0272_jpg_dd0a1c58-d90a-44a8-9a9d-ea61f2846abb.jpg?v=1759824072,Hi I want FENDI LOAFERS IN BLACK LAMBSKIN GOLD BUCKLE,
FENDI LOAFERS IN WHITE LAMBSKIN GOLD BUCKLE,https://cdn.shopify.com/s/files/1/0912/9351/6071/files/img_f4ddc389_20240820_a1724158566434_2260_jpg_a6b9b512-cc14-4045-93ba-9992b780b67f.jpg?v=1759824074,footwear,fendi,https://cdn.shopify.com/s/files/1/0912/9351/6071/files/img_f4ddc389_20240820_a1724158566434_2260_jpg_a6b9b512-cc14-4045-93ba-9992b780b67f.jpg?v=1759824074|https://cdn.shopify.com/s/files/1/0912/9351/6071/files/img_f4ddc389_20240820_a1724158566416_1701_jpg_ba4d7ab8-2160-4dbb-9cc3-ad9063ff67de.jpg?v=1759824074|https://cdn.shopify.com/s/files/1/0912/9351/6071/files/img_f4ddc389_20240820_a1724158566168_5022_jpg_53c9c46a-69cc-48ea-89ab-8a5c045afdab.jpg?v=1759824074|https://cdn.shopify.com/s/files/1/0912/9351/6071/files/img_f4ddc389_20240820_a1724158566092_4703_jpg_0635ee02-d195-4ea6-b9c5-0ec774a39547.jpg?v=1759824074|https://cdn.shopify.com/s/files/1/0912/9351/6071/files/img_f4ddc389_20240820_a1724158566078_1756_jpg_bf4b7810-9269-43ae-989a-7a64042d420f.jpg?v=1759824074|https://cdn.shopify.com/s/files/1/0912/9351/6071/files/img_f4ddc389_20240820_a1724158565975_6600_jpg_ca8dcfc7-bffd-4eec-9859-01121af77dea.jpg?v=1759824074,Hi I want FENDI LOAFERS IN WHITE LAMBSKIN GOLD BUCKLE,
FENDI FIRST 80 MM BOOTS IN SANGRIA RED CALFSKIN WITH GOLD HARDWARE,https://cdn.shopify.com/s/files/1/0912/9351/6071/files/img_5a273499_20240820_i1724153335_6684_5_jpg_795c94c2-20aa-4a67-b70e-3ebbfdb0693e.jpg?v=1759824076,footwear,fendi,https://cdn.shopify.com/s/files/1/0912/9351/6071/files/img_5a273499_20240820_i1724153335_6684_5_jpg_795c94c2-20aa-4a67-b70e-3ebbfdb0693e.jpg?v=1759824076|https://cdn.shopify.com/s/files/1/0912/9351/6071/files/img_5a273499_20240820_i1724153335_5121_7_jpg_fe7fd731-dabb-4163-871a-4e9afd1cc752.jpg?v=1759824076|https://cdn.shopify.com/s/files/1/0912/9351/6071/files/img_5a273499_20240820_i1724153335_8550_4_jpg_5b4e9b53-160c-45ec-8d1f-b33ce19db141.jpg?v=1759824076|https://cdn.shopify.com/s/files/1/0912/9351/6071/files/img_5a273499_20240820_i1724153335_3975_8_jpg_11e0b2aa-42b8-4c54-8d07-f9d2114313be.jpg?v=1759824076|https://cdn.shopify.com/s/files/1/0912/9351/6071/files/img_5a273499_20240820_i1724153335_5432_1_jpg_007d8d61-55de-41a5-991f-cc25cfc2f583.jpg?v=1759824076|https://cdn.shopify.com/s/files/1/0912/9351/6071/files/img_5a273499_20240820_i1724153335_8076_6_jpg_e108ba3a-0292-47a9-835c-6ab4832c0509.jpg?v=1759824076|https://cdn.shopify.com/s/files/1/0912/9351/6071/files/img_5a273499_20240820_i1724153335_3401_2_jpg_84f159c7-7df4-4a35-864f-960b8c1a4c4b.jpg?v=1759824076|https://cdn.shopify.com/s/files/1/0912/9351/6071/files/img_5a273499_20240820_i1724153335_8671_3_jpg_cf963b36-1d44-4ae8-bcfc-158115203f9f.jpg?v=1759824076|https://cdn.shopify.com/s/files/1/0912/9351/6071/files/img_5a273499_20240820_i1724153335_5356_0_jpg_4ae60983-992f-48ab-9326-fcdefa84cc0e.jpg?v=1759824076,Hi I want FENDI FIRST 80 MM BOOTS IN SANGRIA RED CALFSKIN WITH GOLD HARDWARE,
FENDI FIRST 80 MM BOOTS IN CIDER BROWN CALFSKIN WITH GOLD HARDWARE,https://cdn.shopify.com/s/files/1/0912/9351/6071/files/img_5a273499_20240820_i1724153405_7941_1_jpg_157d957d-4a9f-40e8-8989-a25df71ae9d2.jpg?v=1759824078,footwear,fendi,https://cdn.shopify.com/s/files/1/0912/9351/6071/files/img_5a273499_20240820_i1724153405_7941_1_jpg_157d957d-4a9f-40e8-8989-a25df71ae9d2.jpg?v=1759824078|https://cdn.shopify.com/s/files/1/0912/9351/6071/files/img_5a273499_20240820_i1724153405_4792_0_jpg_a4877ad5-e278-4128-86fd-56bc782e81de.jpg?v=1759824078|https://cdn.shopify.com/s/files/1/0912/9351/6071/files/img_5a273499_20240820_i1724153405_9677_3_jpg_6859ad0f-0278-4c03-a6e2-bcd477290c46.jpg?v=1759824078|https://cdn.shopify.com/s/files/1/0912/9351/6071/files/img_5a273499_20240820_i1724153405_7553_2_jpg_d99967b9-5eb0-4465-b1bc-9b7238a866c4.jpg?v=1759824078|https://cdn.shopify.com/s/files/1/0912/9351/6071/files/img_5a273499_20240820_i1724153405_4441_5_jpg_6e145d98-7554-48f3-859a-354008d8313b.jpg?v=1759824078|https://cdn.shopify.com/s/files/1/0912/9351/6071/files/img_5a273499_20240820_i1724153405_4001_6_jpg_331a6674-5005-4c2b-ba81-505eeca89446.jpg?v=1759824078|https://cdn.shopify.com/s/files/1/0912/9351/6071/files/img_5a273499_20240820_i1724153405_2499_4_jpg_c1f1b24c-096b-46f3-b895-e20eee1e0373.jpg?v=1759824078|https://cdn.shopify.com/s/files/1/0912/9351/6071/files/img_5a273499_20240820_i1724153405_1896_8_jpg_366ae469-e289-4885-bc8b-96418a5e00ef.jpg?v=1759824078|https://cdn.shopify.com/s/files/1/0912/9351/6071/files/img_5a273499_20240820_i1724153405_2167_7_jpg_b0c26afb-7a75-42b1-90c5-8b3d367515e0.jpg?v=1759824078,Hi I want FENDI FIRST 80 MM BOOTS IN CIDER BROWN CALFSKIN WITH GOLD HARDWARE,
FENDI FASTER TRAINER IN BLACK CALFSKIN AND SUEDE,https://cdn.shopify.com/s/files/1/0912/9351/6071/files/20220907_i1662543700_7777_1_jpg_5cecee1d-7119-44d7-a254-879ad8fd7a37.jpg?v=1759824082,footwear,fendi,https://cdn.shopify.com/s/files/1/0912/9351/6071/files/20220907_i1662543700_7777_1_jpg_5cecee1d-7119-44d7-a254-879ad8fd7a37.jpg?v=1759824082|https://cdn.shopify.com/s/files/1/0912/9351/6071/files/20220907_i1662543700_2498_8_jpg_bff29f09-4845-4e3c-93aa-06b4a8e6b6d1.jpg?v=1759824082|https://cdn.shopify.com/s/files/1/0912/9351/6071/files/20220907_i1662543700_5415_0_jpg_4768e885-b903-4063-9134-8b6a6eb4ce75.jpg?v=1759824082|https://cdn.shopify.com/s/files/1/0912/9351/6071/files/20220907_i1662543700_6932_3_jpg_e999364f-9805-4e6c-905b-51caf4c488a9.jpg?v=1759824082|https://cdn.shopify.com/s/files/1/0912/9351/6071/files/20220907_i1662543700_3077_2_jpg_df924469-0efe-4f3c-bdea-52435092f82b.jpg?v=1759824084|https://cdn.shopify.com/s/files/1/0912/9351/6071/files/20220907_i1662543700_7900_4_jpg_f52af75b-5d32-44f5-b43d-2edd24da666c.jpg?v=1759824082|https://cdn.shopify.com/s/files/1/0912/9351/6071/files/20220907_i1662543700_5291_5_jpg_893014d7-81ae-44d3-8099-9bc29726d968.jpg?v=1759824082|https://cdn.shopify.com/s/files/1/0912/9351/6071/files/20220907_i1662543700_4745_7_jpg_8238f217-c971-46e0-8263-de818e18c7d8.jpg?v=1759824083|https://cdn.shopify.com/s/files/1/0912/9351/6071/files/20220907_i1662543700_593_6_jpg_6bcccef9-9bf8-4e1c-ae5e-a63045d55a7e.jpg?v=1759824082,Hi I want FENDI FASTER TRAINER IN BLACK CALFSKIN AND SUEDE,
FENDI FASTER TRAINER IN GREY CALFSKIN AND SUEDE,https://cdn.shopify.com/s/files/1/0912/9351/6071/files/20220907_i1662543720_3865_8_jpg_0c851f23-a7f9-43a5-a737-1566e08b19f5.jpg?v=1759824084,footwear,fendi,https://cdn.shopify.com/s/files/1/0912/9351/6071/files/20220907_i1662543720_3865_8_jpg_0c851f23-a7f9-43a5-a737-1566e08b19f5.jpg?v=1759824084|https://cdn.shopify.com/s/files/1/0912/9351/6071/files/20220907_i1662543720_1850_0_jpg_d281bfd5-905a-4ff9-9181-7262894e9322.jpg?v=1759824084|https://cdn.shopify.com/s/files/1/0912/9351/6071/files/20220907_i1662543720_6890_1_jpg_e45969c2-8c7b-4d81-8265-99b69493bcf0.jpg?v=1759824084|https://cdn.shopify.com/s/files/1/0912/9351/6071/files/20220907_i1662543720_3490_3_jpg_2ed3cfa0-bedf-4c33-9207-ee1c59413e17.jpg?v=1759824085|https://cdn.shopify.com/s/files/1/0912/9351/6071/files/20220907_i1662543720_9312_4_jpg_544b6e90-660c-4b72-82cd-aec127cde0d9.jpg?v=1759824084|https://cdn.shopify.com/s/files/1/0912/9351/6071/files/20220907_i1662543720_8618_2_jpg_dd042d3f-5d67-449f-abb7-54290c732863.jpg?v=1759824084|https://cdn.shopify.com/s/files/1/0912/9351/6071/files/20220907_i1662543720_6692_6_jpg_cfea18a3-56b9-43ba-acc3-96c7806af411.jpg?v=1759824085|https://cdn.shopify.com/s/files/1/0912/9351/6071/files/20220907_i1662543720_707_5_jpg_edef1906-8fef-4fab-9699-6fd415358952.jpg?v=1759824084|https://cdn.shopify.com/s/files/1/0912/9351/6071/files/20220907_i1662543720_6011_7_jpg_0c7ef37e-2482-467c-b9b1-1f59ba091cc4.jpg?v=1759824084,Hi I want FENDI FASTER TRAINER IN GREY CALFSKIN AND SUEDE,
FENDI FASTER TRAINER IN BLACK SUEDE MIX WHITE CALFSKIN,https://cdn.shopify.com/s/files/1/0912/9351/6071/files/20220907_i1662543747_4706_2_jpg_6eb89dc6-f184-4414-917d-0db1424d586e.jpg?v=1759824086,footwear,fendi,https://cdn.shopify.com/s/files/1/0912/9351/6071/files/20220907_i1662543747_4706_2_jpg_6eb89dc6-f184-4414-917d-0db1424d586e.jpg?v=1759824086|https://cdn.shopify.com/s/files/1/0912/9351/6071/files/20220907_i1662543747_7973_4_jpg_259d3b40-5b42-43b4-8f6a-3eb8d61e700b.jpg?v=1759824086|https://cdn.shopify.com/s/files/1/0912/9351/6071/files/20220907_i1662543747_3346_0_jpg_37a5454b-e1bc-4d73-b976-b84ba26f9d98.jpg?v=1759824087|https://cdn.shopify.com/s/files/1/0912/9351/6071/files/20220907_i1662543747_4409_1_jpg_147c17db-3cbe-4aaf-bcf0-0a43c429b64b.jpg?v=1759824087|https://cdn.shopify.com/s/files/1/0912/9351/6071/files/20220907_i1662543747_4260_3_jpg_c33cad85-e98a-47f2-91b4-bef2aa40b4f0.jpg?v=1759824086|https://cdn.shopify.com/s/files/1/0912/9351/6071/files/20220907_i1662543747_9597_8_jpg_1def2a05-25c8-4766-a9d5-10f473b02367.jpg?v=1759824087|https://cdn.shopify.com/s/files/1/0912/9351/6071/files/20220907_i1662543747_929_7_jpg_2c898730-375c-430b-89f1-f31af38334f7.jpg?v=1759824086|https://cdn.shopify.com/s/files/1/0912/9351/6071/files/20220907_i1662543747_2766_6_jpg_c694880f-495a-4d06-bbdc-6204a437f790.jpg?v=1759824087|https://cdn.shopify.com/s/files/1/0912/9351/6071/files/20220907_i1662543747_1606_5_jpg_1f534d57-14d8-4ad0-aba7-f66725deaf89.jpg?v=1759824087,Hi I want FENDI FASTER TRAINER IN BLACK SUEDE MIX WHITE CALFSKIN,
FENDI FASTER TRAINER IN BURGUNDY RED SUEDE AND CALFSKIN,https://cdn.shopify.com/s/files/1/0912/9351/6071/files/20220907_i1662543777_8827_3_jpg_77218e3a-6a53-4d66-95f5-8889e4bd657c.jpg?v=1759824089,footwear,fendi,https://cdn.shopify.com/s/files/1/0912/9351/6071/files/20220907_i1662543777_8827_3_jpg_77218e3a-6a53-4d66-95f5-8889e4bd657c.jpg?v=1759824089|https://cdn.shopify.com/s/files/1/0912/9351/6071/files/20220907_i1662543777_2480_0_jpg_b04ccc69-e8bb-4b84-8747-1af514d832dc.jpg?v=1759824089|https://cdn.shopify.com/s/files/1/0912/9351/6071/files/20220907_i1662543777_3975_1_jpg_87146c2a-fff6-4516-b68d-d3b8d87b7c02.jpg?v=1759824089|https://cdn.shopify.com/s/files/1/0912/9351/6071/files/20220907_i1662543777_3693_2_jpg_419fe107-b186-4f5e-8763-472fa33627f1.jpg?v=1759824089|https://cdn.shopify.com/s/files/1/0912/9351/6071/files/20220907_i1662543777_7957_6_jpg_7171981c-6acb-4101-aded-503787545d79.jpg?v=1759824089|https://cdn.shopify.com/s/files/1/0912/9351/6071/files/20220907_i1662543777_6993_4_jpg_1913d59d-e10e-492f-8b7d-4ef122bb84c6.jpg?v=1759824089|https://cdn.shopify.com/s/files/1/0912/9351/6071/files/20220907_i1662543777_97_7_jpg_bb34fe54-f278-463f-a2c1-4e3df5124e33.jpg?v=1759824089|https://cdn.shopify.com/s/files/1/0912/9351/6071/files/20220907_i1662543777_433_5_jpg_ccb393b2-bf2a-486d-942b-960e7750c077.jpg?v=1759824089|https://cdn.shopify.com/s/files/1/0912/9351/6071/files/20220907_i1662543777_4932_8_jpg_6d208d5d-1559-4da5-bc86-c8fbedd4f167.jpg?v=1759824089,Hi I want FENDI FASTER TRAINER IN BURGUNDY RED SUEDE AND CALFSKIN,
FENDI MATCH LOW-TOPS IN DARK TAN MIX WHITE CALFSKIN,https://cdn.shopify.com/s/files/1/0912/9351/6071/files/img_2b94df99_20240909_i1725874409_5785_2_jpg_77518d0d-c620-4df2-aba1-c048619f3397.jpg?v=1759824091,footwear,fendi,https://cdn.shopify.com/s/files/1/0912/9351/6071/files/img_2b94df99_20240909_i1725874409_5785_2_jpg_77518d0d-c620-4df2-aba1-c048619f3397.jpg?v=1759824091|https://cdn.shopify.com/s/files/1/0912/9351/6071/files/img_2b94df99_20240909_i1725874409_7316_4_jpg_4f2f2a64-452f-46fc-8b2c-5e038933930a.jpg?v=1759824091|https://cdn.shopify.com/s/files/1/0912/9351/6071/files/img_2b94df99_20240909_i1725874409_6958_3_jpg_17cc7aec-b8c4-4dc1-af77-69ac9f958ec8.jpg?v=1759824091|https://cdn.shopify.com/s/files/1/0912/9351/6071/files/img_2b94df99_20240909_i1725874409_6811_5_jpg_c5a3a7ab-7132-4af7-b289-98578659f135.jpg?v=1759824091|https://cdn.shopify.com/s/files/1/0912/9351/6071/files/img_2b94df99_20240909_i1725874409_376_0_jpg_e8f08f68-05df-43ed-9fd4-a003395caaec.jpg?v=1759824091|https://cdn.shopify.com/s/files/1/0912/9351/6071/files/img_2b94df99_20240909_i1725874409_5444_1_jpg_495cb20a-c04e-4028-bfc6-78b0b5cd5cb1.jpg?v=1759824091|https://cdn.shopify.com/s/files/1/0912/9351/6071/files/img_2b94df99_20240909_i1725874409_5478_7_jpg_2276f091-c1fc-4066-89c8-34e756fb5273.jpg?v=1759824091|https://cdn.shopify.com/s/files/1/0912/9351/6071/files/img_2b94df99_20240909_i1725874409_3578_8_jpg_329a9e37-ef65-43ef-be7d-bfa7ab1b0710.jpg?v=1759824091|https://cdn.shopify.com/s/files/1/0912/9351/6071/files/img_2b94df99_20240909_i1725874409_2167_6_jpg_00955841-6186-4bca-9e30-7b3fa250f1c3.jpg?v=1759824091,Hi I want FENDI MATCH LOW-TOPS IN DARK TAN MIX WHITE CALFSKIN,
FENDI MATCH LOW-TOPS IN BURGUNDY RED MIX WHITE CALFSKIN,https://cdn.shopify.com/s/files/1/0912/9351/6071/files/img_2b94df99_20240909_i1725874426_6965_0_jpg_6be3cc44-5829-4614-9688-81952f8fb2ec.jpg?v=1759824093,footwear,fendi,https://cdn.shopify.com/s/files/1/0912/9351/6071/files/img_2b94df99_20240909_i1725874426_6965_0_jpg_6be3cc44-5829-4614-9688-81952f8fb2ec.jpg?v=1759824093|https://cdn.shopify.com/s/files/1/0912/9351/6071/files/img_2b94df99_20240909_i1725874425_9515_0_jpg_b1d3cfa2-815d-4587-84a1-7b7ca2729a52.jpg?v=1759824093|https://cdn.shopify.com/s/files/1/0912/9351/6071/files/img_2b94df99_20240909_i1725874422_1248_2_jpg_a303342c-c7ac-457e-a71a-6928040d8f35.jpg?v=1759824093|https://cdn.shopify.com/s/files/1/0912/9351/6071/files/img_2b94df99_20240909_i1725874425_8348_0_jpg_db0fe5d2-e08f-4370-b395-7498d700eedb.jpg?v=1759824093|https://cdn.shopify.com/s/files/1/0912/9351/6071/files/img_2b94df99_20240909_i1725874426_2445_0_jpg_6223288f-8f76-4703-aa4a-f77bf1a2241a.jpg?v=1759824093|https://cdn.shopify.com/s/files/1/0912/9351/6071/files/img_2b94df99_20240909_i1725874426_9237_0_jpg_3b30fb19-7c2d-4e6b-b054-754d30eb6d7f.jpg?v=1759824093|https://cdn.shopify.com/s/files/1/0912/9351/6071/files/img_2b94df99_20240909_i1725874425_3740_0_jpg_6de8c5bf-0dcb-4388-98e7-9054a083b5e5.jpg?v=1759824093|https://cdn.shopify.com/s/files/1/0912/9351/6071/files/img_2b94df99_20240909_i1725874425_6217_0_jpg_80d28ba3-d4cf-48ae-85e9-e743ac316c85.jpg?v=1759824093,Hi I want FENDI MATCH LOW-TOPS IN BURGUNDY RED MIX WHITE CALFSKIN,
FENDI BAGUETTE LOAFERS IN WHITE CALFSKIN WITH GOLD HARDWARE,https://cdn.shopify.com/s/files/1/0912/9351/6071/files/img_f4ddc389_20240827_a1724750859594_6284_jpg_02f19009-0526-4145-a0a0-011f8dcddd1b.jpg?v=1759824095,footwear,fendi,https://cdn.shopify.com/s/files/1/0912/9351/6071/files/img_f4ddc389_20240827_a1724750859594_6284_jpg_02f19009-0526-4145-a0a0-011f8dcddd1b.jpg?v=1759824095|https://cdn.shopify.com/s/files/1/0912/9351/6071/files/img_f4ddc389_20240827_a1724750859816_2143_jpg_04afa13b-80bf-4b1e-a896-6c6244eaa836.jpg?v=1759824095|https://cdn.shopify.com/s/files/1/0912/9351/6071/files/img_f4ddc389_20240827_a1724750859213_7053_jpg_97f7dcf0-f270-4705-8e55-acc2ad2612a9.jpg?v=1759824095|https://cdn.shopify.com/s/files/1/0912/9351/6071/files/img_f4ddc389_20240827_a1724750859297_2148_jpg_4d26cb83-155a-4225-acb6-a71d67694308.jpg?v=1759824095|https://cdn.shopify.com/s/files/1/0912/9351/6071/files/img_f4ddc389_20240827_a1724750859750_7717_jpg_f7733732-d9eb-4a1d-8f04-265a1a991ec1.jpg?v=1759824095|https://cdn.shopify.com/s/files/1/0912/9351/6071/files/img_f4ddc389_20240827_a1724750859335_5833_jpg_ee914045-ebe4-4a5f-a179-8d5d0127d32e.jpg?v=1759824095,Hi I want FENDI BAGUETTE LOAFERS IN WHITE CALFSKIN WITH GOLD HARDWARE,
FENDI BAGUETTE LOAFERS IN MAROON RED CALFSKIN WITH GOLD HARDWARE,https://cdn.shopify.com/s/files/1/0912/9351/6071/files/img_f4ddc389_20240827_a1724751345811_0208_jpg_f3c07c7d-4a4d-4379-94e9-818796ef69d9.jpg?v=1759821929,footwear,fendi,https://cdn.shopify.com/s/files/1/0912/9351/6071/files/img_f4ddc389_20240827_a1724751345811_0208_jpg_f3c07c7d-4a4d-4379-94e9-818796ef69d9.jpg?v=1759821929|https://cdn.shopify.com/s/files/1/0912/9351/6071/files/img_f4ddc389_20240827_a1724751345361_5751_jpg_966c7334-af89-44dc-a45f-b9c976362d00.jpg?v=1759821929|https://cdn.shopify.com/s/files/1/0912/9351/6071/files/img_f4ddc389_20240827_a1724751345874_4127_jpg_b36b7b53-cbe3-47ba-b40a-1de339af667a.jpg?v=1759821929|https://cdn.shopify.com/s/files/1/0912/9351/6071/files/img_f4ddc389_20240827_a1724751346248_3475_jpg_ea17d5d6-a724-4ecc-b255-e4a2e389c8dc.jpg?v=1759821929|https://cdn.shopify.com/s/files/1/0912/9351/6071/files/img_f4ddc389_20240827_a1724751346097_1667_jpg_7a4ff460-50b9-4b7a-94ab-1eb44d09a3a8.jpg?v=1759821929|https://cdn.shopify.com/s/files/1/0912/9351/6071/files/img_f4ddc389_20240827_a1724751346277_1556_jpg_db057b0c-bdf7-426f-96d4-bcefd7cfb4b6.jpg?v=1759821929,Hi I want FENDI BAGUETTE LOAFERS IN MAROON RED CALFSKIN WITH GOLD HARDWARE,
FENDI BAGUETTE LOAFERS IN BLACK CALFSKIN WITH GOLD HARDWARE,https://cdn.shopify.com/s/files/1/0912/9351/6071/files/img_f4ddc389_20240827_a1724751383369_3741_jpg_e1ec2ef5-79f4-4f71-b464-8b5d87cb10b9.jpg?v=1759824097,footwear,fendi,https://cdn.shopify.com/s/files/1/0912/9351/6071/files/img_f4ddc389_20240827_a1724751383369_3741_jpg_e1ec2ef5-79f4-4f71-b464-8b5d87cb10b9.jpg?v=1759824097|https://cdn.shopify.com/s/files/1/0912/9351/6071/files/img_f4ddc389_20240827_a1724751382659_6745_jpg_a550b579-95e9-4dfe-92d0-d1efb37d0bf5.jpg?v=1759824097|https://cdn.shopify.com/s/files/1/0912/9351/6071/files/img_f4ddc389_20240827_a1724751383248_8756_jpg_a65d2eb3-03c5-4633-a04c-644af5530cda.jpg?v=1759824097|https://cdn.shopify.com/s/files/1/0912/9351/6071/files/img_f4ddc389_20240827_a1724751382426_4442_jpg_e4154efe-4e21-48fc-a82e-42fdae7cfff0.jpg?v=1759824097|https://cdn.shopify.com/s/files/1/0912/9351/6071/files/img_f4ddc389_20240827_a1724751383236_4455_jpg_cb8d8f3e-e03b-40b7-84e1-601ee34e1c3f.jpg?v=1759824096|https://cdn.shopify.com/s/files/1/0912/9351/6071/files/img_f4ddc389_20240827_a1724751383241_3605_jpg_a74dbfc5-833e-4a80-bad5-c14f3e364715.jpg?v=1759824097,Hi I want FENDI BAGUETTE LOAFERS IN BLACK CALFSKIN WITH GOLD HARDWARE,
FENDI CASUAL SNEAKER IN WHITE CALFSKIN AND LIGHT PINK SUEDE,https://cdn.shopify.com/s/files/1/0912/9351/6071/files/20211216_i1639586294_7311_2_jpg_6213117a-1e02-4d15-960b-23839ee49804.jpg?v=1759824107,footwear,fendi,https://cdn.shopify.com/s/files/1/0912/9351/6071/files/20211216_i1639586294_7311_2_jpg_6213117a-1e02-4d15-960b-23839ee49804.jpg?v=1759824107|https://cdn.shopify.com/s/files/1/0912/9351/6071/files/20211216_i1639586294_1333_0_jpg_3769a3c2-dcb1-46da-b320-426235d27846.jpg?v=1759824107|https://cdn.shopify.com/s/files/1/0912/9351/6071/files/20211216_i1639586294_1660_1_jpg_9ccd3532-90f2-48ad-973e-87475e2a81a1.jpg?v=1759824107|https://cdn.shopify.com/s/files/1/0912/9351/6071/files/20211216_i1639586294_7673_3_jpg_968ec7a3-ac13-4bf2-bf50-881f800df420.jpg?v=1759824107|https://cdn.shopify.com/s/files/1/0912/9351/6071/files/20211216_i1639586294_7020_4_jpg_f1913b18-d47b-47cd-a8d0-caa64772ca0f.jpg?v=1759824107|https://cdn.shopify.com/s/files/1/0912/9351/6071/files/20211216_i1639586294_8557_7_jpg_5fe9d0b7-ea8b-4d04-a663-a5243fc5bf6d.jpg?v=1759824107|https://cdn.shopify.com/s/files/1/0912/9351/6071/files/20211216_i1639586294_7248_5_jpg_181f5ab0-22f0-40e4-8f10-3cf4ad8f2520.jpg?v=1759824107|https://cdn.shopify.com/s/files/1/0912/9351/6071/files/20211216_i1639586294_8170_6_jpg_48f05dfd-2e97-4daf-8522-4a4284da7aea.jpg?v=1759824107|https://cdn.shopify.com/s/files/1/0912/9351/6071/files/20211216_i1639586294_8739_8_jpg_a13988a7-79fe-4481-b9a8-958de8972b1e.jpg?v=1759824107,Hi I want FENDI CASUAL SNEAKER IN WHITE CALFSKIN AND LIGHT PINK SUEDE,
FENDI CASUAL SNEAKER IN WHITE CALFSKIN AND BLACK SUEDE,https://cdn.shopify.com/s/files/1/0912/9351/6071/files/20211216_i1639586233_6243_4_jpg_bcf209f5-8b38-461d-8c4c-828ee1b589d8.jpg?v=1759824109,footwear,fendi,https://cdn.shopify.com/s/files/1/0912/9351/6071/files/20211216_i1639586233_6243_4_jpg_bcf209f5-8b38-461d-8c4c-828ee1b589d8.jpg?v=1759824109|https://cdn.shopify.com/s/files/1/0912/9351/6071/files/20211216_i1639586233_699_3_jpg_3f827bde-22d4-4aa6-8cbb-b25fceeb8f80.jpg?v=1759824109|https://cdn.shopify.com/s/files/1/0912/9351/6071/files/20211216_i1639586233_6463_0_jpg_7095e5d8-d168-4773-aa97-a66bb923d2eb.jpg?v=1759824110|https://cdn.shopify.com/s/files/1/0912/9351/6071/files/20211216_i1639586233_4726_2_jpg_fac24921-a41e-4f6a-a287-7ceb99ddc041.jpg?v=1759824110|https://cdn.shopify.com/s/files/1/0912/9351/6071/files/20211216_i1639586233_62_1_jpg_21c54e81-37e7-4e3f-b030-0267c7242d23.jpg?v=1759824110|https://cdn.shopify.com/s/files/1/0912/9351/6071/files/20211216_i1639586233_895_5_jpg_e2fed9cf-4890-4c2f-9ac3-612e757db42f.jpg?v=1759824109|https://cdn.shopify.com/s/files/1/0912/9351/6071/files/20211216_i1639586233_2193_7_jpg_b756fbfb-0a5e-478c-9674-bdbf102efa62.jpg?v=1759824110|https://cdn.shopify.com/s/files/1/0912/9351/6071/files/20211216_i1639586233_3095_6_jpg_e14505a5-4607-449a-b849-4e3d4ac57507.jpg?v=1759824109|https://cdn.shopify.com/s/files/1/0912/9351/6071/files/20211216_i1639586233_5532_8_jpg_45d433d9-1b09-4177-9c95-b5cd95059cfb.jpg?v=1759824110,Hi I want FENDI CASUAL SNEAKER IN WHITE CALFSKIN AND BLACK SUEDE,
FENDI CASUAL SNEAKER IN BLACK MIX WHITE CALFSKIN ATTACH RHINSTONES,https://cdn.shopify.com/s/files/1/0912/9351/6071/files/20230915_i1694723108_205_2_jpg.jpg?v=1759824122,footwear,fendi,https://cdn.shopify.com/s/files/1/0912/9351/6071/files/20230915_i1694723108_205_2_jpg.jpg?v=1759824122|https://cdn.shopify.com/s/files/1/0912/9351/6071/files/20230915_i1694723108_6653_4_jpg.jpg?v=1759824122|https://cdn.shopify.com/s/files/1/0912/9351/6071/files/20230915_i1694723108_7962_1_jpg.jpg?v=1759824122|https://cdn.shopify.com/s/files/1/0912/9351/6071/files/20230915_i1694723108_2261_0_jpg.jpg?v=1759824122|https://cdn.shopify.com/s/files/1/0912/9351/6071/files/20230915_i1694723108_6060_3_jpg.jpg?v=1759824122|https://cdn.shopify.com/s/files/1/0912/9351/6071/files/20230915_i1694723108_2230_5_jpg.jpg?v=1759824122|https://cdn.shopify.com/s/files/1/0912/9351/6071/files/20230915_i1694723108_5215_6_jpg.jpg?v=1759824122|https://cdn.shopify.com/s/files/1/0912/9351/6071/files/20230915_i1694723108_4435_7_jpg.jpg?v=1759824122|https://cdn.shopify.com/s/files/1/0912/9351/6071/files/20230915_i1694723108_6122_8_jpg.jpg?v=1759824122,Hi I want FENDI CASUAL SNEAKER IN BLACK MIX WHITE CALFSKIN ATTACH RHINSTONES,
FENDI CASUAL SNEAKER IN GREY CALFSKIN ATTACH RHINSTONES,https://cdn.shopify.com/s/files/1/0912/9351/6071/files/20230915_i1694723089_5588_2_jpg_43516d97-858c-45c6-a636-f380c7b40903.jpg?v=1759824125,footwear,fendi,https://cdn.shopify.com/s/files/1/0912/9351/6071/files/20230915_i1694723089_5588_2_jpg_43516d97-858c-45c6-a636-f380c7b40903.jpg?v=1759824125|https://cdn.shopify.com/s/files/1/0912/9351/6071/files/20230915_i1694723089_9295_4_jpg_638a4c9f-eeca-441c-9bd8-aeeacbd26c9c.jpg?v=1759824125|https://cdn.shopify.com/s/files/1/0912/9351/6071/files/20230915_i1694723089_9465_3_jpg_abae606e-9c6a-4f40-80fc-9a687601d0a6.jpg?v=1759824124|https://cdn.shopify.com/s/files/1/0912/9351/6071/files/20230915_i1694723089_6140_1_jpg_80333606-fb31-4e85-8813-7a64a8e61b71.jpg?v=1759824124|https://cdn.shopify.com/s/files/1/0912/9351/6071/files/20230915_i1694723089_1285_0_jpg_c90873c8-df30-4e26-8d4e-be0c358a0033.jpg?v=1759824124|https://cdn.shopify.com/s/files/1/0912/9351/6071/files/20230915_i1694723089_3600_5_jpg_9fd616df-c35f-4842-9cd6-a5866bf45c42.jpg?v=1759824125|https://cdn.shopify.com/s/files/1/0912/9351/6071/files/20230915_i1694723089_7959_7_jpg_c4c3c6d8-527c-4755-a59c-dc0252533127.jpg?v=1759824125|https://cdn.shopify.com/s/files/1/0912/9351/6071/files/20230915_i1694723089_3895_6_jpg_44d6d3b5-0c20-489d-98c5-1487b638c464.jpg?v=1759824124|https://cdn.shopify.com/s/files/1/0912/9351/6071/files/20230915_i1694723089_7682_8_jpg_4e2fb6c2-ad66-47a6-b7c7-15428f5ebf7f.jpg?v=1759824125,Hi I want FENDI CASUAL SNEAKER IN GREY CALFSKIN ATTACH RHINSTONES,
