name,image,category,brand,images,whatsapp_text,badge
icare 58cm woven raffia calfskin,https://cdn.shopify.com/s/files/1/0912/9351/6071/files/20240611_i1718087578_6184_0_jpg_4e953e25-9e05-4929-b3d6-b1f44682c9f2.jpg?v=1783666576,handbags,ysl,https://cdn.shopify.com/s/files/1/0912/9351/6071/files/20240611_i1718087578_6184_0_jpg_4e953e25-9e05-4929-b3d6-b1f44682c9f2.jpg?v=1783666576|https://cdn.shopify.com/s/files/1/0912/9351/6071/files/Image_20251015095322_11211_16_03256832-d1fd-4a1c-8be8-401dfc377599.jpg?v=1783666576|https://cdn.shopify.com/s/files/1/0912/9351/6071/files/20240611_i1718087578_1148_2_jpg_76b04159-ea4f-4815-9151-aa316450a03a.jpg?v=1783666576|https://cdn.shopify.com/s/files/1/0912/9351/6071/files/20240611_i1718087578_240_5_jpg_9d746282-d83c-4ef4-9ba9-37221c4c4752.jpg?v=1783666576|https://cdn.shopify.com/s/files/1/0912/9351/6071/files/20240611_i1718087578_4480_1_jpg_c6584fc1-df6e-4dbc-a619-713a6a7c3cef.jpg?v=1783666576|https://cdn.shopify.com/s/files/1/0912/9351/6071/files/20240611_i1718087578_585_8_jpg_4337f991-f6f7-4d6e-a12a-49fd5bb78735.jpg?v=1783666576|https://cdn.shopify.com/s/files/1/0912/9351/6071/files/20240611_i1718087578_6153_3_jpg_291168af-b466-440d-9aae-a2301483bcaa.jpg?v=1783666575|https://cdn.shopify.com/s/files/1/0912/9351/6071/files/20240611_i1718087578_7626_6_jpg_014f9239-138d-4308-ac49-f0a0f19acbb8.jpg?v=1783666575|https://cdn.shopify.com/s/files/1/0912/9351/6071/files/20240611_i1718087578_8441_4_jpg_1d2a28d4-929a-424d-8b12-d6a9c7b468f2.jpg?v=1783666575|https://cdn.shopify.com/s/files/1/0912/9351/6071/files/20240611_i1718087578_9951_7_jpg_c077ab9e-7972-48b0-95f7-9fc7d9bcf2bf.jpg?v=1783666575,Hi I want icare 58cm woven raffia calfskin,
YSL WHITE LAMBSKIN CLUTCH  225388,https://cdn.shopify.com/s/files/1/0912/9351/6071/files/img_f8c0bdc9_20240510_i1715341205_146_4_jpg_593ab426-43d2-4787-8380-d257ff14d6bf.jpg?v=1775555092,handbags,ysl,https://cdn.shopify.com/s/files/1/0912/9351/6071/files/img_f8c0bdc9_20240510_i1715341205_146_4_jpg_593ab426-43d2-4787-8380-d257ff14d6bf.jpg?v=1775555092|https://cdn.shopify.com/s/files/1/0912/9351/6071/files/img_f8c0bdc9_20240510_i1715341205_2125_6_jpg_50c96858-390d-47e9-abbb-39e56a24c27f.jpg?v=1775555092|https://cdn.shopify.com/s/files/1/0912/9351/6071/files/img_f8c0bdc9_20240510_i1715341205_3085_7_jpg_301ef05e-45a8-4e7b-9566-3cb3f693dc37.jpg?v=1775555092|https://cdn.shopify.com/s/files/1/0912/9351/6071/files/img_f8c0bdc9_20240510_i1715341205_3499_3_jpg_e9fb3c81-2e9c-4504-9095-81ce334115bc.jpg?v=1775555092|https://cdn.shopify.com/s/files/1/0912/9351/6071/files/img_f8c0bdc9_20240510_i1715341205_3757_0_jpg_07813409-19ca-487f-8dfb-75fa7508b52b.jpg?v=1775555092|https://cdn.shopify.com/s/files/1/0912/9351/6071/files/img_f8c0bdc9_20240510_i1715341205_8367_1_jpg_38911bd8-293d-4689-a797-4d1ac823c9de.jpg?v=1775555092|https://cdn.shopify.com/s/files/1/0912/9351/6071/files/img_f8c0bdc9_20240510_i1715341205_8973_5_jpg_8818321a-0983-415d-86f7-efe67d76a35c.jpg?v=1775555092|https://cdn.shopify.com/s/files/1/0912/9351/6071/files/img_f8c0bdc9_20240510_i1715341205_9792_2_jpg_12927fdb-8681-446f-b7d6-a054b0e326ae.jpg?v=1775555092|https://cdn.shopify.com/s/files/1/0912/9351/6071/files/img_f8c0bdc9_20240510_i1715341206_1927_8_jpg_a17932c5-8990-4595-a590-f5ce92891f04.jpg?v=1775555092,Hi I want YSL WHITE LAMBSKIN CLUTCH  225388,New
YSL Niki Medium Bag 28cm Grey Crinkled Vintage Leather,https://cdn.shopify.com/s/files/1/0912/9351/6071/files/20230304_i1677907848_7427_1_jpg_a5a746e4-cd6f-401e-bb84-a97463176dad.jpg?v=1759128684,handbags,ysl,https://cdn.shopify.com/s/files/1/0912/9351/6071/files/20230304_i1677907848_7427_1_jpg_a5a746e4-cd6f-401e-bb84-a97463176dad.jpg?v=1759128684|https://cdn.shopify.com/s/files/1/0912/9351/6071/files/20230304_i1677907848_3066_6_jpg_c12b2ea2-899f-4ead-bea6-40b9927dca08.jpg?v=1759128684|https://cdn.shopify.com/s/files/1/0912/9351/6071/files/20230304_i1677907848_4579_2_jpg_066a0401-1fc8-44d3-bd48-aba07de8dd46.jpg?v=1759128684|https://cdn.shopify.com/s/files/1/0912/9351/6071/files/20230304_i1677907848_4939_3_jpg_f03a3f08-316b-4c70-9ffb-0df6244e1586.jpg?v=1759128684|https://cdn.shopify.com/s/files/1/0912/9351/6071/files/20230304_i1677907848_5308_0_jpg_d162e83f-0480-4cc8-b438-6dbd9bcee9fa.jpg?v=1759128684|https://cdn.shopify.com/s/files/1/0912/9351/6071/files/20230304_i1677907848_8888_7_jpg_5b415156-0e93-4255-be9f-a73b61083f03.jpg?v=1759128684|https://cdn.shopify.com/s/files/1/0912/9351/6071/files/20230304_i1677907848_9248_5_jpg_7408c01f-cbd2-4d45-ae53-fc043c84a948.jpg?v=1759128684|https://cdn.shopify.com/s/files/1/0912/9351/6071/files/20230304_i1677907848_9317_8_jpg_887eb395-0094-48ed-ae67-f8fb513611c0.jpg?v=1759128684|https://cdn.shopify.com/s/files/1/0912/9351/6071/files/20230304_i1677907911_2673_0_jpg_41600e94-c2b4-42d1-9a00-ae28db742292.jpg?v=1759128684,Hi I want YSL Niki Medium Bag 28cm Grey Crinkled Vintage Leather,New
LOULOU SMALL 24 IN BURGUNDY RED SHEEPSKIN GOLD HARDWARE,https://cdn.shopify.com/s/files/1/0912/9351/6071/files/img_f8c0bdc9_20241224_i1735020333667_5040_0_0_jpg_638240a0-e4e9-4c8c-937e-77cd8759a022.jpg?v=1759128995,handbags,ysl,https://cdn.shopify.com/s/files/1/0912/9351/6071/files/img_f8c0bdc9_20241224_i1735020333667_5040_0_0_jpg_638240a0-e4e9-4c8c-937e-77cd8759a022.jpg?v=1759128995|https://cdn.shopify.com/s/files/1/0912/9351/6071/files/img_f8c0bdc9_20241224_i1735020333744_7463_0_2_jpg_459b60af-4f28-4783-a782-4b45b375fb32.jpg?v=1759128995|https://cdn.shopify.com/s/files/1/0912/9351/6071/files/img_f8c0bdc9_20241224_i1735020333807_9608_0_4_jpg_8e676691-56fc-46ee-bedc-0614cb227ccb.jpg?v=1759128995|https://cdn.shopify.com/s/files/1/0912/9351/6071/files/img_f8c0bdc9_20241224_i1735020333876_143_0_1_jpg_9977d9b9-1442-4b5a-99ee-7a33e7637b01.jpg?v=1759128995|https://cdn.shopify.com/s/files/1/0912/9351/6071/files/img_f8c0bdc9_20241224_i1735020333944_7007_0_3_jpg_57387674-26bd-49d1-bc9e-ca14cba1ab54.jpg?v=1759128995|https://cdn.shopify.com/s/files/1/0912/9351/6071/files/img_f8c0bdc9_20241224_i1735020334018_8792_0_7_jpg_cc72ba15-42b2-4ac3-a881-d19869df1aa5.jpg?v=1759128995|https://cdn.shopify.com/s/files/1/0912/9351/6071/files/img_f8c0bdc9_20241224_i1735020334094_9450_0_5_jpg_7e78caf8-30d3-4af0-8e51-26b21dab3d79.jpg?v=1759128995|https://cdn.shopify.com/s/files/1/0912/9351/6071/files/img_f8c0bdc9_20241224_i1735020334169_1075_0_8_jpg_6f7fc4f7-f614-45d0-ad80-77efd167b16a.jpg?v=1759128995|https://cdn.shopify.com/s/files/1/0912/9351/6071/files/img_f8c0bdc9_20241224_i1735020334238_2659_0_6_jpg_9588a9f1-82f5-481d-b29f-1d72adcde336.jpg?v=1759128995,Hi I want LOULOU SMALL 24 IN BURGUNDY RED SHEEPSKIN GOLD HARDWARE,
VOLTAIRE SADDLE BAG 21 IN BORDEAUX RED PATENT CALFSKIN,https://cdn.shopify.com/s/files/1/0912/9351/6071/files/img_f8c0bdc9_20241121_i1732169534_2360_1_jpg_804ccfd3-8a87-4d2f-bbf9-addc34e7bb5f.jpg?v=1759131265,handbags,ysl,https://cdn.shopify.com/s/files/1/0912/9351/6071/files/img_f8c0bdc9_20241121_i1732169534_2360_1_jpg_804ccfd3-8a87-4d2f-bbf9-addc34e7bb5f.jpg?v=1759131265|https://cdn.shopify.com/s/files/1/0912/9351/6071/files/img_f8c0bdc9_20241121_i1732169534_457_0_jpg_ca718d9b-085d-4202-8238-5dcb605531f9.jpg?v=1759131265|https://cdn.shopify.com/s/files/1/0912/9351/6071/files/img_f8c0bdc9_20241121_i1732169534_2137_8_jpg_a03ae893-69f4-4f73-996e-fba5cda23693.jpg?v=1759131265|https://cdn.shopify.com/s/files/1/0912/9351/6071/files/img_f8c0bdc9_20241121_i1732169534_3715_6_jpg_b669dcbd-a502-4d9e-a598-2a89dc3dc4ca.jpg?v=1759131265|https://cdn.shopify.com/s/files/1/0912/9351/6071/files/img_f8c0bdc9_20241121_i1732169534_3757_7_jpg_a5d554a2-f2a7-457b-b88e-0b59c96e02bd.jpg?v=1759131265|https://cdn.shopify.com/s/files/1/0912/9351/6071/files/img_f8c0bdc9_20241121_i1732169534_4744_3_jpg_47549d61-4e0b-4bbb-9063-87d48b8a960a.jpg?v=1759131265|https://cdn.shopify.com/s/files/1/0912/9351/6071/files/img_f8c0bdc9_20241121_i1732169534_7519_4_jpg_c3f0310b-45bd-4487-a299-6ac6f7cc3268.jpg?v=1759131265|https://cdn.shopify.com/s/files/1/0912/9351/6071/files/img_f8c0bdc9_20241121_i1732169534_8702_5_jpg_7810f5f9-a9a2-4586-a086-d3d3fff78221.jpg?v=1759131265|https://cdn.shopify.com/s/files/1/0912/9351/6071/files/img_f8c0bdc9_20241121_i1732169534_8919_2_jpg_aa36c3d7-929c-41b6-9dcf-e650a20ba89c.jpg?v=1759131265,Hi I want VOLTAIRE SADDLE BAG 21 IN BORDEAUX RED PATENT CALFSKIN,
YSL Loulou Puffer Quilted Bag Beige Gold Lambskin 338806,https://cdn.shopify.com/s/files/1/0912/9351/6071/files/imgHD_8eee9a63_20250628_i1751094914273_6531_0_0_jpg_f9fc2ff9-a7b6-4268-b44b-b70f95d88089.jpg?v=1759132933,handbags,ysl,https://cdn.shopify.com/s/files/1/0912/9351/6071/files/imgHD_8eee9a63_20250628_i1751094914273_6531_0_0_jpg_f9fc2ff9-a7b6-4268-b44b-b70f95d88089.jpg?v=1759132933|https://cdn.shopify.com/s/files/1/0912/9351/6071/files/imgHD_8eee9a63_20250628_i1751094917559_6216_0_1_jpg_98322567-056a-4b93-b5ca-b3b0080cd224.jpg?v=1759132933|https://cdn.shopify.com/s/files/1/0912/9351/6071/files/imgHD_8eee9a63_20250628_i1751094914271_922_0_3_jpg_fe4bd0e7-712a-4563-af33-b832c5865f93.jpg?v=1759132933|https://cdn.shopify.com/s/files/1/0912/9351/6071/files/imgHD_8eee9a63_20250628_i1751094914268_4859_0_6_jpg_c1b8433a-79ca-439e-9e0f-faed178ed94b.jpg?v=1759132933|https://cdn.shopify.com/s/files/1/0912/9351/6071/files/imgHD_8eee9a63_20250628_i1751094914273_3073_0_8_jpg_e97590b2-338f-4cb8-9c51-1ad08d9c4250.jpg?v=1759132933|https://cdn.shopify.com/s/files/1/0912/9351/6071/files/imgHD_8eee9a63_20250628_i1751094917561_3656_0_7_jpg_79fe7594-a039-43d4-b33f-aca5d25f6f25.jpg?v=1759132933|https://cdn.shopify.com/s/files/1/0912/9351/6071/files/imgHD_8eee9a63_20250628_i1751094914253_8616_0_4_jpg_500dc309-7288-4f1e-9579-d91e02aae96d.jpg?v=1759132933|https://cdn.shopify.com/s/files/1/0912/9351/6071/files/imgHD_8eee9a63_20250628_i1751094917561_8920_0_2_jpg_c9ee254f-0537-4e4f-b541-7019b683c3ef.jpg?v=1759132933|https://cdn.shopify.com/s/files/1/0912/9351/6071/files/imgHD_8eee9a63_20250628_i1751094917572_8612_0_5_jpg_4a3dc4b1-7b14-4969-b918-8f563fcbbf00.jpg?v=1759132933,Hi I want YSL Loulou Puffer Quilted Bag Beige Gold Lambskin 338806,New
TOTE BAG 50 IN CINNAMON BROWN CALFSKIN,https://cdn.shopify.com/s/files/1/0912/9351/6071/files/img_f8c0bdc9_20240904_i1725440757_6166_8_jpg_4aa642d0-4dab-4373-8246-3e950b4d6a30.jpg?v=1759131883,handbags,ysl,https://cdn.shopify.com/s/files/1/0912/9351/6071/files/img_f8c0bdc9_20240904_i1725440757_6166_8_jpg_4aa642d0-4dab-4373-8246-3e950b4d6a30.jpg?v=1759131883|https://cdn.shopify.com/s/files/1/0912/9351/6071/files/img_f8c0bdc9_20240904_i1725440757_1048_7_jpg_436edfb6-a1ae-4469-87ff-fd8b7d86fa2f.jpg?v=1759131883|https://cdn.shopify.com/s/files/1/0912/9351/6071/files/img_f8c0bdc9_20240904_i1725440757_2201_3_jpg_d25af522-19fa-487e-a881-7af1faa7594c.jpg?v=1759131883|https://cdn.shopify.com/s/files/1/0912/9351/6071/files/img_f8c0bdc9_20240904_i1725440757_2676_4_jpg_01f5e91c-3880-4a81-a563-11ea37d82383.jpg?v=1759131883|https://cdn.shopify.com/s/files/1/0912/9351/6071/files/img_f8c0bdc9_20240904_i1725440757_2849_6_jpg_fb4168e7-f3e0-416b-8698-a9e46d413e62.jpg?v=1759131883|https://cdn.shopify.com/s/files/1/0912/9351/6071/files/img_f8c0bdc9_20240904_i1725440757_3383_2_jpg_81466103-7c13-416f-873e-0302527b7ed3.jpg?v=1759131883|https://cdn.shopify.com/s/files/1/0912/9351/6071/files/img_f8c0bdc9_20240904_i1725440757_3800_5_jpg_47bfa4cc-7706-4ac1-86b2-027426ceecaa.jpg?v=1759131883|https://cdn.shopify.com/s/files/1/0912/9351/6071/files/img_f8c0bdc9_20240904_i1725440757_4580_1_jpg_4b786dd2-8056-4aab-a554-b13a2165929d.jpg?v=1759131883|https://cdn.shopify.com/s/files/1/0912/9351/6071/files/img_f8c0bdc9_20240904_i1725440757_6082_0_jpg_837588dd-4d71-453c-9a8b-0f1b7b65a5e3.jpg?v=1759131883,Hi I want TOTE BAG 50 IN CINNAMON BROWN CALFSKIN,
Saint Laurent ICARE MAXI SHOPPING BAG IN QUILTED BLACK LAMBSKIN,https://cdn.shopify.com/s/files/1/0912/9351/6071/files/Image_20240221000316_bccec77f-bf20-4087-bf55-bd9e60228160.jpg?v=1759133445,handbags,ysl,https://cdn.shopify.com/s/files/1/0912/9351/6071/files/Image_20240221000316_bccec77f-bf20-4087-bf55-bd9e60228160.jpg?v=1759133445|https://cdn.shopify.com/s/files/1/0912/9351/6071/files/Image_20240221000320_fa83a5e6-829d-4c8a-ae8e-5f1d0c69ffac.jpg?v=1759133445|https://cdn.shopify.com/s/files/1/0912/9351/6071/files/Image_20240221000324_e56d202c-1539-43f8-b24c-936525c73ebb.jpg?v=1759133445|https://cdn.shopify.com/s/files/1/0912/9351/6071/files/Image_20240221000328_62ca4624-44d7-4636-abdf-40775dfc6ab5.jpg?v=1759133445|https://cdn.shopify.com/s/files/1/0912/9351/6071/files/Image_20240221000337_8903da73-b203-4685-b86e-62ede3b5c4c3.jpg?v=1759133445|https://cdn.shopify.com/s/files/1/0912/9351/6071/files/Image_20240221000334_caae2544-f96b-4fa3-956c-97a887bb4c2f.jpg?v=1759133445|https://cdn.shopify.com/s/files/1/0912/9351/6071/files/Image_20240221000340_a41b0d1c-153a-4aa3-94f6-d5e3257b80b2.jpg?v=1759133445|https://cdn.shopify.com/s/files/1/0912/9351/6071/files/Image_20240221000331_4d04e75c-cd63-4153-be4a-674cd461bf50.jpg?v=1759133445,Hi I want Saint Laurent ICARE MAXI SHOPPING BAG IN QUILTED BLACK LAMBSKIN,
kate medium 24cm black grained calfskin,https://cdn.shopify.com/s/files/1/0912/9351/6071/files/13342017255356941_d58f6862-f618-493e-b214-3f9c3f1f5cc4.jpg?v=1759133467,handbags,ysl,https://cdn.shopify.com/s/files/1/0912/9351/6071/files/13342017255356941_d58f6862-f618-493e-b214-3f9c3f1f5cc4.jpg?v=1759133467|https://cdn.shopify.com/s/files/1/0912/9351/6071/files/13342017240286977_91f617e8-8579-445e-94df-9cfea68ed4c1.jpg?v=1759133467|https://cdn.shopify.com/s/files/1/0912/9351/6071/files/13342017245059594_e73ebbd8-e427-439b-9e51-93e1ea4c34f3.jpg?v=1759133467|https://cdn.shopify.com/s/files/1/0912/9351/6071/files/13342017246546493_74374280-9ca7-4935-854b-b02e75f149d1.jpg?v=1759133467|https://cdn.shopify.com/s/files/1/0912/9351/6071/files/13342017248037623_601057f3-fd98-4e3b-9fca-2b3e682566c3.jpg?v=1759133468|https://cdn.shopify.com/s/files/1/0912/9351/6071/files/13342017249558730_4b45db05-fcbd-46a5-abc9-65330efb7e61.jpg?v=1759133468|https://cdn.shopify.com/s/files/1/0912/9351/6071/files/13342017250946351_7797b155-c497-43d2-879b-a7762b4d01a4.jpg?v=1759133468|https://cdn.shopify.com/s/files/1/0912/9351/6071/files/13342017252466699_ad2ef23a-8d4b-4497-83c7-1053b9d7879d.jpg?v=1759133468|https://cdn.shopify.com/s/files/1/0912/9351/6071/files/13342017253856688_4a5d4fb5-4605-4359-9d19-2a175f7ab706.jpg?v=1759133468,Hi I want kate medium 24cm black grained calfskin,
kate medium reversible 28.5cm brown calfskin suede calfskin,https://cdn.shopify.com/s/files/1/0912/9351/6071/files/20211119_i1637317020_845_1_jpg_4b70a999-c410-46a9-a06f-2dceb8ed44db.jpg?v=1759133552,handbags,ysl,https://cdn.shopify.com/s/files/1/0912/9351/6071/files/20211119_i1637317020_845_1_jpg_4b70a999-c410-46a9-a06f-2dceb8ed44db.jpg?v=1759133552|https://cdn.shopify.com/s/files/1/0912/9351/6071/files/20211119_i1637317020_1140_0_jpg_ba753d9a-83b2-4414-9444-0fe05606cb6c.jpg?v=1759133552|https://cdn.shopify.com/s/files/1/0912/9351/6071/files/20211119_i1637317020_2608_3_jpg_2644be6b-7bde-4344-a283-5a01e5e41314.jpg?v=1759133552|https://cdn.shopify.com/s/files/1/0912/9351/6071/files/20211119_i1637317020_5332_6_jpg_35811ad7-d307-4ee8-b61d-81825e7d260b.jpg?v=1759133552|https://cdn.shopify.com/s/files/1/0912/9351/6071/files/20211119_i1637317020_6783_5_jpg_ce7ce2c0-53d0-4a3d-a3c1-3aedfa0a527f.jpg?v=1759133552|https://cdn.shopify.com/s/files/1/0912/9351/6071/files/20211119_i1637317020_7914_7_jpg_756468d9-5389-4af3-95c2-4094f5c770b5.jpg?v=1759133552|https://cdn.shopify.com/s/files/1/0912/9351/6071/files/20211119_i1637317020_9640_2_jpg_3467c455-2eee-496c-b107-29e3a0d9d67e.jpg?v=1759133552|https://cdn.shopify.com/s/files/1/0912/9351/6071/files/20211119_i1637317025_6919_0_jpg_18cd0aa6-1809-4dae-944d-aa98253353cd.jpg?v=1759133552|https://cdn.shopify.com/s/files/1/0912/9351/6071/files/20211119_i1637317052_4342_0_jpg_59c64f18-713c-48f7-8543-70655a82bba8.jpg?v=1759133552,Hi I want kate medium reversible 28.5cm brown calfskin suede calfskin,
YSL Icarino Icare Mini Bag Black Lambskin,https://cdn.shopify.com/s/files/1/0912/9351/6071/files/Image_20250912151801_8061_16.jpg?v=1759128244,handbags,ysl,https://cdn.shopify.com/s/files/1/0912/9351/6071/files/Image_20250912151801_8061_16.jpg?v=1759128244|https://cdn.shopify.com/s/files/1/0912/9351/6071/files/Image_20250912151803_8062_16.jpg?v=1759128244|https://cdn.shopify.com/s/files/1/0912/9351/6071/files/Image_20250912151806_8064_16.jpg?v=1759128244|https://cdn.shopify.com/s/files/1/0912/9351/6071/files/Image_20250912151808_8065_16.jpg?v=1759128244|https://cdn.shopify.com/s/files/1/0912/9351/6071/files/Image_20250912151811_8066_16.jpg?v=1759128244|https://cdn.shopify.com/s/files/1/0912/9351/6071/files/Image_20250912151813_8067_16.jpg?v=1759128244|https://cdn.shopify.com/s/files/1/0912/9351/6071/files/Image_20250912151814_8068_16.jpg?v=1759128244|https://cdn.shopify.com/s/files/1/0912/9351/6071/files/Image_20250912151817_8069_16.jpg?v=1759128244|https://cdn.shopify.com/s/files/1/0912/9351/6071/files/Image_20250912151819_8070_16.jpg?v=1759128244,Hi I want YSL Icarino Icare Mini Bag Black Lambskin,New
YSL Icarino Icare Mini Bag Brown Suede,https://cdn.shopify.com/s/files/1/0912/9351/6071/files/Image_20250912151723_8051_16.jpg?v=1759128242,handbags,ysl,https://cdn.shopify.com/s/files/1/0912/9351/6071/files/Image_20250912151723_8051_16.jpg?v=1759128242|https://cdn.shopify.com/s/files/1/0912/9351/6071/files/Image_20250912151724_8052_16.jpg?v=1759128242|https://cdn.shopify.com/s/files/1/0912/9351/6071/files/Image_20250912151727_8054_16.jpg?v=1759128242|https://cdn.shopify.com/s/files/1/0912/9351/6071/files/Image_20250912151729_8055_16.jpg?v=1759128242|https://cdn.shopify.com/s/files/1/0912/9351/6071/files/Image_20250912151731_8056_16.jpg?v=1759128242|https://cdn.shopify.com/s/files/1/0912/9351/6071/files/Image_20250912151733_8057_16.jpg?v=1759128242|https://cdn.shopify.com/s/files/1/0912/9351/6071/files/Image_20250912151735_8058_16.jpg?v=1759128242|https://cdn.shopify.com/s/files/1/0912/9351/6071/files/Image_20250912151737_8059_16.jpg?v=1759128242|https://cdn.shopify.com/s/files/1/0912/9351/6071/files/Image_20250912151739_8060_16.jpg?v=1759128242,Hi I want YSL Icarino Icare Mini Bag Brown Suede,New
le 5a7 large 30cm black calfskin,https://cdn.shopify.com/s/files/1/0912/9351/6071/files/20230801_i1690894612_4546_0_jpg_31727131-5f3a-4eee-80ed-34315a0b5eeb.jpg?v=1776508807,handbags,ysl,https://cdn.shopify.com/s/files/1/0912/9351/6071/files/20230801_i1690894612_4546_0_jpg_31727131-5f3a-4eee-80ed-34315a0b5eeb.jpg?v=1776508807|https://cdn.shopify.com/s/files/1/0912/9351/6071/files/20230801_i1690894612_3841_4_jpg_5f4ae7e6-6dff-4963-81f9-c21d5408d113.jpg?v=1776508807|https://cdn.shopify.com/s/files/1/0912/9351/6071/files/20230801_i1690894612_4407_2_jpg_2cd5cece-6b92-425d-b178-6124035c036d.jpg?v=1776508807|https://cdn.shopify.com/s/files/1/0912/9351/6071/files/20230801_i1690894612_5305_3_jpg_7579ff16-9962-4ddc-a02d-bd59ac46a278.jpg?v=1776508806|https://cdn.shopify.com/s/files/1/0912/9351/6071/files/20230801_i1690894612_5916_8_jpg_44b6345c-630e-40b9-80a6-f054381768ce.jpg?v=1776508807|https://cdn.shopify.com/s/files/1/0912/9351/6071/files/20230801_i1690894612_6784_5_jpg_43a55a8b-dd43-4778-aa1b-b382e7e3542b.jpg?v=1776508806|https://cdn.shopify.com/s/files/1/0912/9351/6071/files/20230801_i1690894612_8085_7_jpg_ad9b248e-05dd-4a32-bee4-97af2465470e.jpg?v=1776508806|https://cdn.shopify.com/s/files/1/0912/9351/6071/files/20230801_i1690894612_8936_1_jpg_d56cc222-b5f9-41f9-b0c6-7e2de811dafd.jpg?v=1776508806|https://cdn.shopify.com/s/files/1/0912/9351/6071/files/20230801_i1690894913_265_0_jpg_62774e64-f939-4f20-8108-a326245656d2.jpg?v=1776508806,Hi I want le 5a7 large 30cm black calfskin,
ENVELOPE CLUTCH 29 IN WHITE LAMBSKIN COPPER LOGO,https://cdn.shopify.com/s/files/1/0912/9351/6071/files/img_f8c0bdc9_20240510_i1715341205_146_4_jpg_229221d7-cf22-43c3-a1ae-11219e5a5717.jpg?v=1759131982,handbags,ysl,https://cdn.shopify.com/s/files/1/0912/9351/6071/files/img_f8c0bdc9_20240510_i1715341205_146_4_jpg_229221d7-cf22-43c3-a1ae-11219e5a5717.jpg?v=1759131982|https://cdn.shopify.com/s/files/1/0912/9351/6071/files/img_f8c0bdc9_20240510_i1715341205_2125_6_jpg_2a5d571c-b9da-4583-b1d3-d31ad28a982a.jpg?v=1759131982|https://cdn.shopify.com/s/files/1/0912/9351/6071/files/img_f8c0bdc9_20240510_i1715341205_3085_7_jpg_81070a02-d6d9-43b8-a44d-1f16c167a2a6.jpg?v=1759131982|https://cdn.shopify.com/s/files/1/0912/9351/6071/files/img_f8c0bdc9_20240510_i1715341205_3499_3_jpg_f3fead04-f870-4087-b8c2-733bc2ce0798.jpg?v=1759131982|https://cdn.shopify.com/s/files/1/0912/9351/6071/files/img_f8c0bdc9_20240510_i1715341205_3757_0_jpg_0513e348-902f-4f88-8e17-6d688828f721.jpg?v=1759131982|https://cdn.shopify.com/s/files/1/0912/9351/6071/files/img_f8c0bdc9_20240510_i1715341205_8367_1_jpg_65e67269-f9dd-49db-94b3-9354bb1c779a.jpg?v=1759131982|https://cdn.shopify.com/s/files/1/0912/9351/6071/files/img_f8c0bdc9_20240510_i1715341205_8973_5_jpg_d5b0ff71-1b4d-40e7-a2b0-cc24ba1bf124.jpg?v=1759131982|https://cdn.shopify.com/s/files/1/0912/9351/6071/files/img_f8c0bdc9_20240510_i1715341205_9792_2_jpg_b72d5d31-2eba-41da-82a7-61590a229239.jpg?v=1759131982|https://cdn.shopify.com/s/files/1/0912/9351/6071/files/img_f8c0bdc9_20240510_i1715341206_1927_8_jpg_9758d5bd-3e5d-4c27-a425-bec907347686.jpg?v=1759131982,Hi I want ENVELOPE CLUTCH 29 IN WHITE LAMBSKIN COPPER LOGO,
LOULOU MEDIUM 32 CREAM QUILTED LEATHER GOLD HARDWARE,https://cdn.shopify.com/s/files/1/0912/9351/6071/files/20220830_i1661839432_216_0_jpg_ad22a45c-8adf-4057-8746-fe3769655991.jpg?v=1775471607,handbags,ysl,https://cdn.shopify.com/s/files/1/0912/9351/6071/files/20220830_i1661839432_216_0_jpg_ad22a45c-8adf-4057-8746-fe3769655991.jpg?v=1775471607|https://cdn.shopify.com/s/files/1/0912/9351/6071/files/20220830_i1661839432_236_6_jpg_e03c596e-8354-4843-920e-cbefba8b104d.jpg?v=1775471607|https://cdn.shopify.com/s/files/1/0912/9351/6071/files/20220830_i1661839432_391_5_jpg_bcf50f4f-737b-43d2-801a-07581ead7863.jpg?v=1775471607|https://cdn.shopify.com/s/files/1/0912/9351/6071/files/20220830_i1661839432_404_2_jpg_5e90a882-cf3f-4472-a605-d26305524571.jpg?v=1775471607|https://cdn.shopify.com/s/files/1/0912/9351/6071/files/20220830_i1661839432_3373_1_jpg_61a0396f-8845-4154-bf70-94f1e5a19a2f.jpg?v=1775471607|https://cdn.shopify.com/s/files/1/0912/9351/6071/files/20220830_i1661839432_3922_8_jpg_928c70e6-a827-42c4-8448-faabd4233106.jpg?v=1775471607|https://cdn.shopify.com/s/files/1/0912/9351/6071/files/20220830_i1661839432_7247_7_jpg_aaf434ac-3082-40b8-b992-4f795beec518.jpg?v=1775471607|https://cdn.shopify.com/s/files/1/0912/9351/6071/files/20220830_i1661839432_7868_4_jpg_706c3985-5ff9-4bfd-89f6-279c02c594e4.jpg?v=1775471607|https://cdn.shopify.com/s/files/1/0912/9351/6071/files/20220830_i1661839432_8234_3_jpg_99ea69e3-0cde-4dda-aee1-1aaf47c2f136.jpg?v=1775471607,Hi I want LOULOU MEDIUM 32 CREAM QUILTED LEATHER GOLD HARDWARE,
YSL Gaby Vanity Bag 18 Burgundy Quilted Calfskin,https://cdn.shopify.com/s/files/1/0912/9351/6071/files/imgHD_8eee9a63_20250912_i1757655701038_9207_0_0_jpg.jpg?v=1769506509,handbags,ysl,https://cdn.shopify.com/s/files/1/0912/9351/6071/files/imgHD_8eee9a63_20250912_i1757655701038_9207_0_0_jpg.jpg?v=1769506509|https://cdn.shopify.com/s/files/1/0912/9351/6071/files/imgHD_8eee9a63_20250912_i1757655653521_3833_0_7_jpg.jpg?v=1769506509|https://cdn.shopify.com/s/files/1/0912/9351/6071/files/imgHD_8eee9a63_20250912_i1757655701034_8502_0_6_jpg.jpg?v=1769506509|https://cdn.shopify.com/s/files/1/0912/9351/6071/files/imgHD_8eee9a63_20250912_i1757655653506_7963_0_3_jpg.jpg?v=1769506509|https://cdn.shopify.com/s/files/1/0912/9351/6071/files/imgHD_8eee9a63_20250912_i1757655653511_5764_0_1_jpg.jpg?v=1769506509|https://cdn.shopify.com/s/files/1/0912/9351/6071/files/imgHD_8eee9a63_20250912_i1757655701065_4153_0_5_jpg.jpg?v=1769506509|https://cdn.shopify.com/s/files/1/0912/9351/6071/files/imgHD_8eee9a63_20250912_i1757655721227_234_0_2_jpg.jpg?v=1769506509|https://cdn.shopify.com/s/files/1/0912/9351/6071/files/imgHD_8eee9a63_20250912_i1757655721227_2388_0_4_jpg.jpg?v=1769506509,Hi I want YSL Gaby Vanity Bag 18 Burgundy Quilted Calfskin,New
cassandre classic black belt bag grained calfskin,https://cdn.shopify.com/s/files/1/0912/9351/6071/files/Image_20240629010001_a55472cd-65fa-46b3-ac5f-be96532e827f.jpg?v=1775903082,handbags,ysl,https://cdn.shopify.com/s/files/1/0912/9351/6071/files/Image_20240629010001_a55472cd-65fa-46b3-ac5f-be96532e827f.jpg?v=1775903082|https://cdn.shopify.com/s/files/1/0912/9351/6071/files/Image_20240629010846_2dd9a41a-5e01-42eb-bbdf-2ee580d7b5c7.jpg?v=1775903082|https://cdn.shopify.com/s/files/1/0912/9351/6071/files/Image_20240629010848_117b278b-9c2c-4634-b3fd-d97a87293ec9.jpg?v=1775903081|https://cdn.shopify.com/s/files/1/0912/9351/6071/files/Image_20240629010849_dad643fe-97ca-46e9-a322-54fd8281a481.jpg?v=1775903081|https://cdn.shopify.com/s/files/1/0912/9351/6071/files/Image_20240629010850_82cd6be1-82d0-40fd-9dbe-3f4d19e744ce.jpg?v=1775903081|https://cdn.shopify.com/s/files/1/0912/9351/6071/files/Image_20240629010851_89a696fd-18d0-46e0-9faa-d24d0856a307.jpg?v=1775903082|https://cdn.shopify.com/s/files/1/0912/9351/6071/files/Image_20240629010853_f8303b77-4e00-4256-8837-abcff06dabb3.jpg?v=1775903081|https://cdn.shopify.com/s/files/1/0912/9351/6071/files/Image_20240629010854_9252f875-e8ae-46af-b9d8-ae02406aaab4.jpg?v=1775903081|https://cdn.shopify.com/s/files/1/0912/9351/6071/files/Image_20240629010855_a4b3f5ab-bf5c-46d5-b466-a14e11e14ad8.jpg?v=1775903081,Hi I want cassandre classic black belt bag grained calfskin,New
le 5a7 small 23cm black calfskin,https://cdn.shopify.com/s/files/1/0912/9351/6071/files/20221213_i1670910401_2860_0_jpg_99f9d11e-fbe6-4089-9bf7-1c7424d9c6b8.jpg?v=1759128322,handbags,ysl,https://cdn.shopify.com/s/files/1/0912/9351/6071/files/20221213_i1670910401_2860_0_jpg_99f9d11e-fbe6-4089-9bf7-1c7424d9c6b8.jpg?v=1759128322|https://cdn.shopify.com/s/files/1/0912/9351/6071/files/20221213_i1670910401_1502_5_jpg_51dd5ccc-2a0c-4bcc-9778-ee83bd984101.jpg?v=1759128322|https://cdn.shopify.com/s/files/1/0912/9351/6071/files/20221213_i1670910401_2867_3_jpg_8c7a2f1f-ea65-4773-bd85-79d49fb6ca35.jpg?v=1759128322|https://cdn.shopify.com/s/files/1/0912/9351/6071/files/20221213_i1670910401_3144_8_jpg_0cbd9ee3-66fd-4570-9e03-294dc7c17d6f.jpg?v=1759128322|https://cdn.shopify.com/s/files/1/0912/9351/6071/files/20221213_i1670910401_3227_2_jpg_fff73fb7-c259-4dfb-aa7d-f25f9fb2d1cc.jpg?v=1759128322|https://cdn.shopify.com/s/files/1/0912/9351/6071/files/20221213_i1670910401_3419_4_jpg_767e6ab3-5918-4830-bbcf-1253cdbf2ca3.jpg?v=1759128322|https://cdn.shopify.com/s/files/1/0912/9351/6071/files/20221213_i1670910401_8318_6_jpg_68f8dbf5-55ad-4552-83d3-abdac5907e39.jpg?v=1759128322|https://cdn.shopify.com/s/files/1/0912/9351/6071/files/20221213_i1670910401_8755_1_jpg_e041ce7f-202e-4f25-8137-dd906b0c8223.jpg?v=1759128322|https://cdn.shopify.com/s/files/1/0912/9351/6071/files/20221213_i1670910401_9467_7_jpg_a926691b-b57e-42fb-8a15-2549d138bf69.jpg?v=1759128322,Hi I want le 5a7 small 23cm black calfskin,
le 37 20cm black shiny calfskin,https://cdn.shopify.com/s/files/1/0912/9351/6071/files/20230824_i1692863071_1935_0_jpg_79f31361-6344-4ae5-ba32-78fe796acd97.jpg?v=1759128415,handbags,ysl,https://cdn.shopify.com/s/files/1/0912/9351/6071/files/20230824_i1692863071_1935_0_jpg_79f31361-6344-4ae5-ba32-78fe796acd97.jpg?v=1759128415|https://cdn.shopify.com/s/files/1/0912/9351/6071/files/20230806_i1691311529_3079_3_jpg_98bb803d-0a0b-499c-9ce3-2ce267d32577.jpg?v=1759128415|https://cdn.shopify.com/s/files/1/0912/9351/6071/files/20230806_i1691311529_6488_7_jpg_b642fea3-c3f9-4c76-becc-fada96f9f890.jpg?v=1759128415|https://cdn.shopify.com/s/files/1/0912/9351/6071/files/20230806_i1691311529_6682_8_jpg_b98738fd-728b-49a9-b959-2921c124609c.jpg?v=1759128415|https://cdn.shopify.com/s/files/1/0912/9351/6071/files/20230806_i1691311975_1584_0_jpg_a4aef58a-4034-49e6-b36c-1324ad120899.jpg?v=1759128415|https://cdn.shopify.com/s/files/1/0912/9351/6071/files/20230806_i1691312009_5639_0_jpg_3653076a-62a7-41ee-bc03-e0c75393fd4c.jpg?v=1759128415|https://cdn.shopify.com/s/files/1/0912/9351/6071/files/20230806_i1691312257_6129_0_jpg_28f9dbef-ba68-433d-9a84-3cadeaba5ca0.jpg?v=1759128415|https://cdn.shopify.com/s/files/1/0912/9351/6071/files/20230824_i1692863071_5812_1_jpg_7d29d2cb-94c8-41df-9039-5746f3aefa1d.jpg?v=1759128415|https://cdn.shopify.com/s/files/1/0912/9351/6071/files/20230824_i1692863088_4773_0_jpg_89e115c8-3b57-44b5-a500-adbf6213ce13.jpg?v=1759128415,Hi I want le 37 20cm black shiny calfskin,
YSL SMALL 23CM MANON BEIGE RAFFIA TAN CALFSKIN,https://cdn.shopify.com/s/files/1/0912/9351/6071/files/img_c531d0e5_20240711_i1720675776_2468_2_jpg_f1b126ac-8cad-4f7f-8d89-33f43987bbd1.jpg?v=1759128543,handbags,ysl,https://cdn.shopify.com/s/files/1/0912/9351/6071/files/img_c531d0e5_20240711_i1720675776_2468_2_jpg_f1b126ac-8cad-4f7f-8d89-33f43987bbd1.jpg?v=1759128543|https://cdn.shopify.com/s/files/1/0912/9351/6071/files/img_c531d0e5_20240711_i1720675776_2184_1_jpg_2fc3a015-f252-438f-8705-e4d071f7206e.jpg?v=1759128543|https://cdn.shopify.com/s/files/1/0912/9351/6071/files/img_c531d0e5_20240711_i1720675776_3153_8_jpg_a40f582d-7b92-4a9f-aa9e-e426b38d7427.jpg?v=1759128543|https://cdn.shopify.com/s/files/1/0912/9351/6071/files/img_c531d0e5_20240711_i1720675776_3295_5_jpg_5b104993-ae07-4fc2-acd3-ec52525f0b1d.jpg?v=1759128543|https://cdn.shopify.com/s/files/1/0912/9351/6071/files/img_c531d0e5_20240711_i1720675776_4199_0_jpg_f771a3e1-5f92-477f-865b-be88b898b5e2.jpg?v=1759128543|https://cdn.shopify.com/s/files/1/0912/9351/6071/files/img_c531d0e5_20240711_i1720675776_4728_6_jpg_70412981-fbb1-489c-97e9-85fb8a3f356f.jpg?v=1759128543|https://cdn.shopify.com/s/files/1/0912/9351/6071/files/img_c531d0e5_20240711_i1720675776_560_4_jpg_5227bfc0-ae0e-4e49-93d0-df09cf0a433d.jpg?v=1759128543|https://cdn.shopify.com/s/files/1/0912/9351/6071/files/img_c531d0e5_20240711_i1720675776_7117_7_jpg_d890f4ac-7934-4cda-90d2-80b49f7de959.jpg?v=1759128543|https://cdn.shopify.com/s/files/1/0912/9351/6071/files/img_c531d0e5_20240711_i1720675776_8911_3_jpg_68643423-559c-4928-b630-2a2a051f3288.jpg?v=1759128543,Hi I want YSL SMALL 23CM MANON BEIGE RAFFIA TAN CALFSKIN,
YSL LE 37 20CM BEIGE RAFFIA BUCKET BAG,https://cdn.shopify.com/s/files/1/0912/9351/6071/files/img_c531d0e5_20240711_i1720674964_2521_2_jpg_b977dd88-9c0e-4d62-9c98-6605730ce0ef.jpg?v=1782294827,handbags,ysl,https://cdn.shopify.com/s/files/1/0912/9351/6071/files/img_c531d0e5_20240711_i1720674964_2521_2_jpg_b977dd88-9c0e-4d62-9c98-6605730ce0ef.jpg?v=1782294827|https://cdn.shopify.com/s/files/1/0912/9351/6071/files/img_c531d0e5_20240711_i1720674964_1189_1_jpg_0adc6807-0d96-4b56-b177-35bdf2afdb03.jpg?v=1782294827|https://cdn.shopify.com/s/files/1/0912/9351/6071/files/img_c531d0e5_20240711_i1720674964_1591_8_jpg_81f8433d-27aa-4ca1-a8fd-08168f736169.jpg?v=1782294827|https://cdn.shopify.com/s/files/1/0912/9351/6071/files/img_c531d0e5_20240711_i1720674964_3050_4_jpg_a21204ad-e049-4547-9839-c6de4d4e31b5.jpg?v=1782294827|https://cdn.shopify.com/s/files/1/0912/9351/6071/files/img_c531d0e5_20240711_i1720674964_428_7_jpg_a29f5955-6dbe-45f5-9ce6-5d1213236b45.jpg?v=1782294827|https://cdn.shopify.com/s/files/1/0912/9351/6071/files/img_c531d0e5_20240711_i1720674964_4982_5_jpg_708b539d-ab5c-4fa1-a5c9-55dbb0c10014.jpg?v=1782294827|https://cdn.shopify.com/s/files/1/0912/9351/6071/files/img_c531d0e5_20240711_i1720674964_5157_3_jpg_9def448c-5b33-4fc2-bcaf-1bbcb3570314.jpg?v=1782294827|https://cdn.shopify.com/s/files/1/0912/9351/6071/files/img_c531d0e5_20240711_i1720674964_5537_6_jpg_f6075dd8-56d2-4745-a434-b47caeea03b5.jpg?v=1782294827|https://cdn.shopify.com/s/files/1/0912/9351/6071/files/img_c531d0e5_20240711_i1720674964_9823_0_jpg_9d318aa6-a306-4a82-be9b-ef1d49d24bd3.jpg?v=1782294827,Hi I want YSL LE 37 20CM BEIGE RAFFIA BUCKET BAG,
TOTE BAG 40 IN BLACK RAFFIA GOLD LOGO,https://cdn.shopify.com/s/files/1/0912/9351/6071/files/img_c531d0e5_20240711_i1720673156_8996_2_jpg_d766721a-edba-492a-a3f0-350d48ec1bc5.jpg?v=1759130339,handbags,ysl,https://cdn.shopify.com/s/files/1/0912/9351/6071/files/img_c531d0e5_20240711_i1720673156_8996_2_jpg_d766721a-edba-492a-a3f0-350d48ec1bc5.jpg?v=1759130339|https://cdn.shopify.com/s/files/1/0912/9351/6071/files/img_c531d0e5_20240711_i1720673156_1004_5_jpg_6692169e-1454-4aee-89c6-ffbcc1cda633.jpg?v=1759130339|https://cdn.shopify.com/s/files/1/0912/9351/6071/files/img_c531d0e5_20240711_i1720673156_2965_1_jpg_d455b9fc-0c56-4363-a861-bc5229e680d9.jpg?v=1759130339|https://cdn.shopify.com/s/files/1/0912/9351/6071/files/img_c531d0e5_20240711_i1720673156_3206_4_jpg_a60d4f2f-56ca-4a33-8e32-f46e0c753a29.jpg?v=1759130339|https://cdn.shopify.com/s/files/1/0912/9351/6071/files/img_c531d0e5_20240711_i1720673156_4635_0_jpg_58530283-f24a-4a6c-ad5a-0fa94eadfb1f.jpg?v=1759130339|https://cdn.shopify.com/s/files/1/0912/9351/6071/files/img_c531d0e5_20240711_i1720673156_7646_6_jpg_4979a245-ae76-4fc3-88c4-e97100c488c6.jpg?v=1759130339|https://cdn.shopify.com/s/files/1/0912/9351/6071/files/img_c531d0e5_20240711_i1720673156_7739_8_jpg_e88a4716-91eb-4f52-90dc-dd29c48afdb4.jpg?v=1759130339|https://cdn.shopify.com/s/files/1/0912/9351/6071/files/img_c531d0e5_20240711_i1720673156_8604_7_jpg_b1c13e71-fb74-4501-a820-7f5164ffb7af.jpg?v=1759130339|https://cdn.shopify.com/s/files/1/0912/9351/6071/files/img_c531d0e5_20240711_i1720673156_8642_3_jpg_5d1bddb6-ab89-47d0-a7a1-aa88f236bc47.jpg?v=1759130339,Hi I want TOTE BAG 40 IN BLACK RAFFIA GOLD LOGO,
ENVELOPE CHAIN BAG 22 IN SEPIA TAN LAMBSKIN GOLD HARDWARE,https://cdn.shopify.com/s/files/1/0912/9351/6071/files/img_f8c0bdc9_20240903_i1725360804_2336_2_jpg_3db91c4b-18f9-4a21-ae14-6c940666f125.jpg?v=1759130418,handbags,ysl,https://cdn.shopify.com/s/files/1/0912/9351/6071/files/img_f8c0bdc9_20240903_i1725360804_2336_2_jpg_3db91c4b-18f9-4a21-ae14-6c940666f125.jpg?v=1759130418|https://cdn.shopify.com/s/files/1/0912/9351/6071/files/img_f8c0bdc9_20240903_i1725360804_1180_0_jpg_bbe61058-b356-4403-98e4-b636053dc883.jpg?v=1759130418|https://cdn.shopify.com/s/files/1/0912/9351/6071/files/img_f8c0bdc9_20240903_i1725360804_1293_3_jpg_4e4958a1-b55b-4bdd-8409-73b3378a608c.jpg?v=1759130418|https://cdn.shopify.com/s/files/1/0912/9351/6071/files/img_f8c0bdc9_20240903_i1725360804_6023_1_jpg_118313be-b5a9-4e80-ad2e-d7a2643f5fc5.jpg?v=1759130418|https://cdn.shopify.com/s/files/1/0912/9351/6071/files/img_f8c0bdc9_20240903_i1725360805_1748_8_jpg_0a32a29a-ad25-468a-b3a3-5c647c94be73.jpg?v=1759130418|https://cdn.shopify.com/s/files/1/0912/9351/6071/files/img_f8c0bdc9_20240903_i1725360805_4992_7_jpg_eed43d37-5113-4646-a5fd-bf9d0c0fe2e0.jpg?v=1759130418|https://cdn.shopify.com/s/files/1/0912/9351/6071/files/img_f8c0bdc9_20240903_i1725360805_6174_5_jpg_8a12a35e-0f91-4960-a9fb-5fd69b1984e8.jpg?v=1759130418|https://cdn.shopify.com/s/files/1/0912/9351/6071/files/img_f8c0bdc9_20240903_i1725360805_7216_4_jpg_f05246fd-64ef-49f2-aef0-5ba4e95abcb7.jpg?v=1759130418|https://cdn.shopify.com/s/files/1/0912/9351/6071/files/img_f8c0bdc9_20240903_i1725360805_9619_6_jpg_b3ca40ad-2ede-4d99-beb4-3994fddbb5cb.jpg?v=1759130418,Hi I want ENVELOPE CHAIN BAG 22 IN SEPIA TAN LAMBSKIN GOLD HARDWARE,
SHOPPING TOTE BAG 38 IN LIGHT BROWN CALFSKIN,https://cdn.shopify.com/s/files/1/0912/9351/6071/files/img_f8c0bdc9_20241008_i1728374299_1999_7_jpg_b0e669db-c3e8-4c92-9443-5268fec03482.jpg?v=1759130563,handbags,ysl,https://cdn.shopify.com/s/files/1/0912/9351/6071/files/img_f8c0bdc9_20241008_i1728374299_1999_7_jpg_b0e669db-c3e8-4c92-9443-5268fec03482.jpg?v=1759130563|https://cdn.shopify.com/s/files/1/0912/9351/6071/files/img_f8c0bdc9_20241008_i1728374299_268_8_jpg_f84749bd-af1f-42f2-873b-61beae253cd0.jpg?v=1759130563|https://cdn.shopify.com/s/files/1/0912/9351/6071/files/img_f8c0bdc9_20241008_i1728374299_810_1_jpg_61069b6d-dba5-480a-8799-dd40334366e8.jpg?v=1759130563|https://cdn.shopify.com/s/files/1/0912/9351/6071/files/img_f8c0bdc9_20241008_i1728374299_2458_0_jpg_6c7ed7e2-c282-472f-925a-a5fefc0729e2.jpg?v=1759130563|https://cdn.shopify.com/s/files/1/0912/9351/6071/files/img_f8c0bdc9_20241008_i1728374299_4484_5_jpg_97960fee-c50a-4dd5-aef2-0af07255a23c.jpg?v=1759130563|https://cdn.shopify.com/s/files/1/0912/9351/6071/files/img_f8c0bdc9_20241008_i1728374299_6610_2_jpg_6fa9f7e6-7458-4f1d-9b05-5288f3418426.jpg?v=1759130563|https://cdn.shopify.com/s/files/1/0912/9351/6071/files/img_f8c0bdc9_20241008_i1728374299_8252_6_jpg_294e0e57-cb6e-4da0-8713-c60aaca3837a.jpg?v=1759130563|https://cdn.shopify.com/s/files/1/0912/9351/6071/files/img_f8c0bdc9_20241008_i1728374299_9327_3_jpg_924323cc-d8b3-4cbf-bc3a-9be428689c95.jpg?v=1759130563|https://cdn.shopify.com/s/files/1/0912/9351/6071/files/img_f8c0bdc9_20241008_i1728374299_6763_4_jpg_543e8491-7cf8-4bda-b275-520d9a4d103c.jpg?v=1759130563,Hi I want SHOPPING TOTE BAG 38 IN LIGHT BROWN CALFSKIN,
LE 37 SMALL BUCKET BAG 20 IN DIRT BROWN SUEDE,https://cdn.shopify.com/s/files/1/0912/9351/6071/files/img_f8c0bdc9_20241121_i1732169105_2265_7_jpg.jpg?v=1778316014,handbags,ysl,https://cdn.shopify.com/s/files/1/0912/9351/6071/files/img_f8c0bdc9_20241121_i1732169105_2265_7_jpg.jpg?v=1778316014|https://cdn.shopify.com/s/files/1/0912/9351/6071/files/img_f8c0bdc9_20241121_i1732169105_3655_0_jpg.jpg?v=1778316013|https://cdn.shopify.com/s/files/1/0912/9351/6071/files/img_f8c0bdc9_20241121_i1732169105_4073_4_jpg.jpg?v=1778316013|https://cdn.shopify.com/s/files/1/0912/9351/6071/files/img_f8c0bdc9_20241121_i1732169105_4808_6_jpg.jpg?v=1778316013|https://cdn.shopify.com/s/files/1/0912/9351/6071/files/img_f8c0bdc9_20241121_i1732169105_5632_8_jpg.jpg?v=1778316013|https://cdn.shopify.com/s/files/1/0912/9351/6071/files/img_f8c0bdc9_20241121_i1732169105_8161_5_jpg.jpg?v=1778316013|https://cdn.shopify.com/s/files/1/0912/9351/6071/files/img_f8c0bdc9_20241121_i1732169105_8598_1_jpg.jpg?v=1778316013|https://cdn.shopify.com/s/files/1/0912/9351/6071/files/img_f8c0bdc9_20241121_i1732169105_8612_2_jpg.jpg?v=1778316014|https://cdn.shopify.com/s/files/1/0912/9351/6071/files/img_f8c0bdc9_20241121_i1732169105_9628_3_jpg.jpg?v=1778316013,Hi I want LE 37 SMALL BUCKET BAG 20 IN DIRT BROWN SUEDE,
TOTE BAG 50 IN BLACK CALFSKIN,https://cdn.shopify.com/s/files/1/0912/9351/6071/files/img_f8c0bdc9_20240904_i1725441359_7981_6_jpg_1a589ba7-e699-4662-81ae-53b7cb2b094a.jpg?v=1759131891,handbags,ysl,https://cdn.shopify.com/s/files/1/0912/9351/6071/files/img_f8c0bdc9_20240904_i1725441359_7981_6_jpg_1a589ba7-e699-4662-81ae-53b7cb2b094a.jpg?v=1759131891|https://cdn.shopify.com/s/files/1/0912/9351/6071/files/img_f8c0bdc9_20240904_i1725441359_3272_0_jpg_193388a5-f86a-4e71-b1c3-b031f8c7b9d8.jpg?v=1759131891|https://cdn.shopify.com/s/files/1/0912/9351/6071/files/img_f8c0bdc9_20240904_i1725441359_3521_1_jpg_3f020fb1-ee87-4aa9-bc04-82206ee58042.jpg?v=1759131891|https://cdn.shopify.com/s/files/1/0912/9351/6071/files/img_f8c0bdc9_20240904_i1725441359_4282_3_jpg_b0e71a5d-e10f-46a8-afc1-cbfa5bb3c005.jpg?v=1759131892|https://cdn.shopify.com/s/files/1/0912/9351/6071/files/img_f8c0bdc9_20240904_i1725441359_5572_7_jpg_cc0f2b43-8cca-4264-ae55-74efe17a0a0b.jpg?v=1759131892|https://cdn.shopify.com/s/files/1/0912/9351/6071/files/img_f8c0bdc9_20240904_i1725441359_6275_2_jpg_43844691-2c39-499b-bcd1-9bf7fd99d2e1.jpg?v=1759131892|https://cdn.shopify.com/s/files/1/0912/9351/6071/files/img_f8c0bdc9_20240904_i1725441359_8408_4_jpg_f772f8eb-a76d-48ea-93c1-e9f1c71640d8.jpg?v=1759131892|https://cdn.shopify.com/s/files/1/0912/9351/6071/files/img_f8c0bdc9_20240904_i1725441359_8663_5_jpg_45ae815f-675b-4673-8f32-4c1b34a7240a.jpg?v=1759131892|https://cdn.shopify.com/s/files/1/0912/9351/6071/files/img_f8c0bdc9_20240904_i1725441360_7986_8_jpg_e17b392c-abd1-4a3d-98e0-b391e10c8786.jpg?v=1759131892,Hi I want TOTE BAG 50 IN BLACK CALFSKIN,
ENVELOPE CLUTCH 29 IN BLACK LAMBSKIN COPPER LOGO,https://cdn.shopify.com/s/files/1/0912/9351/6071/files/img_f8c0bdc9_20231129_i1701245821_6051_0_jpg_46128244-c2ba-4c80-882e-58e80cfb34f8.jpg?v=1759131971,handbags,ysl,https://cdn.shopify.com/s/files/1/0912/9351/6071/files/img_f8c0bdc9_20231129_i1701245821_6051_0_jpg_46128244-c2ba-4c80-882e-58e80cfb34f8.jpg?v=1759131971|https://cdn.shopify.com/s/files/1/0912/9351/6071/files/img_f8c0bdc9_20231129_i1701245821_363_6_jpg_f23595b9-a451-4187-afa8-6557ebf6acae.jpg?v=1759131971|https://cdn.shopify.com/s/files/1/0912/9351/6071/files/img_f8c0bdc9_20231129_i1701245821_1859_1_jpg_b5247237-305a-4ba0-b965-b57833c68d4d.jpg?v=1759131971|https://cdn.shopify.com/s/files/1/0912/9351/6071/files/img_f8c0bdc9_20231129_i1701245821_2228_5_jpg_ad6e7dcb-74a2-4396-bf2f-c334db446256.jpg?v=1759131971|https://cdn.shopify.com/s/files/1/0912/9351/6071/files/img_f8c0bdc9_20231129_i1701245821_3840_8_jpg_e6f21b9f-a779-47d9-8e8d-47798e78ec82.jpg?v=1759131971|https://cdn.shopify.com/s/files/1/0912/9351/6071/files/img_f8c0bdc9_20231129_i1701245821_4705_3_jpg_3c4b396f-33b2-45ae-85e9-5225a186e59a.jpg?v=1759131971|https://cdn.shopify.com/s/files/1/0912/9351/6071/files/img_f8c0bdc9_20231129_i1701245821_5278_7_jpg_7aa75ce9-6873-45fe-9f00-6cffaed52a8c.jpg?v=1759131971|https://cdn.shopify.com/s/files/1/0912/9351/6071/files/img_f8c0bdc9_20231129_i1701245821_7744_2_jpg_fdd04b6b-8e14-4d7f-ba2d-35e04635be82.jpg?v=1759131971|https://cdn.shopify.com/s/files/1/0912/9351/6071/files/img_f8c0bdc9_20231129_i1701245821_8356_4_jpg_27783e1f-2e98-4fd5-bcd4-6b0e9147127c.jpg?v=1759131971,Hi I want ENVELOPE CLUTCH 29 IN BLACK LAMBSKIN COPPER LOGO,
CITY BACKPACK 38 IN BLACK CALFSKIN,https://cdn.shopify.com/s/files/1/0912/9351/6071/files/img_f8c0bdc9_20241206_1733455612_996_jpg_4e554904-df25-4487-96d8-301dc4606b72.jpg?v=1759132452,handbags,ysl,https://cdn.shopify.com/s/files/1/0912/9351/6071/files/img_f8c0bdc9_20241206_1733455612_996_jpg_4e554904-df25-4487-96d8-301dc4606b72.jpg?v=1759132452|https://cdn.shopify.com/s/files/1/0912/9351/6071/files/img_f8c0bdc9_20241206_1733455612_99_jpg_58993e0b-3126-4a6f-ba40-0df8a37a50f4.jpg?v=1759132452|https://cdn.shopify.com/s/files/1/0912/9351/6071/files/img_f8c0bdc9_20241206_1733455612_127_jpg_949c8b78-92ca-456f-9d0e-196d6868bb80.jpg?v=1759132452|https://cdn.shopify.com/s/files/1/0912/9351/6071/files/img_f8c0bdc9_20241206_1733455612_220_jpg_6c382245-3546-451b-9be4-068ee889e544.jpg?v=1759132452|https://cdn.shopify.com/s/files/1/0912/9351/6071/files/img_f8c0bdc9_20241206_1733455612_488_jpg_20be14e5-fd37-4ee4-b6dd-7041b6960619.jpg?v=1759132452|https://cdn.shopify.com/s/files/1/0912/9351/6071/files/img_f8c0bdc9_20241206_1733455612_591_jpg_165fbc99-b866-4c97-ba3c-fa6f51f4efe4.jpg?v=1759132452|https://cdn.shopify.com/s/files/1/0912/9351/6071/files/img_f8c0bdc9_20241206_1733455612_781_jpg_2a0cdb49-7b57-4bce-b767-c4c3ea0368b3.jpg?v=1759132452|https://cdn.shopify.com/s/files/1/0912/9351/6071/files/img_f8c0bdc9_20241206_1733455612_939_jpg_d240b899-2b66-44f5-a388-8c415661a6de.jpg?v=1759132452|https://cdn.shopify.com/s/files/1/0912/9351/6071/files/img_f8c0bdc9_20241206_1733455612_950_jpg_7b47222e-85c8-4fe0-bbdf-e6a72ab8daa5.jpg?v=1759132452,Hi I want CITY BACKPACK 38 IN BLACK CALFSKIN,
kate medium 24cm beige grained calfskin gold hardware,https://cdn.shopify.com/s/files/1/0912/9351/6071/files/20221115_i1668494925_4946_0_jpg_f205d40e-6d04-41a5-bf7b-1d0ad9c163cf.jpg?v=1776335174,handbags,ysl,https://cdn.shopify.com/s/files/1/0912/9351/6071/files/20221115_i1668494925_4946_0_jpg_f205d40e-6d04-41a5-bf7b-1d0ad9c163cf.jpg?v=1776335174|https://cdn.shopify.com/s/files/1/0912/9351/6071/files/20221115_i1668494925_1705_2_jpg_b3af4a50-17d6-42c5-9bd5-b457f985e675.jpg?v=1776335174|https://cdn.shopify.com/s/files/1/0912/9351/6071/files/20221115_i1668494925_2018_7_jpg_f034125d-f9c3-4ad9-a377-228a99dee57e.jpg?v=1776335174|https://cdn.shopify.com/s/files/1/0912/9351/6071/files/20221115_i1668494925_3705_3_jpg_08212f92-ce8c-4a72-850b-754dca315af1.jpg?v=1776335174|https://cdn.shopify.com/s/files/1/0912/9351/6071/files/20221115_i1668494925_4803_8_jpg_9026765c-8900-4d31-9f99-d81c21087cb3.jpg?v=1776335174|https://cdn.shopify.com/s/files/1/0912/9351/6071/files/20221115_i1668494925_6203_4_jpg_82d7ebf8-ef75-4f3c-9e0f-6342c1778a9c.jpg?v=1776335174|https://cdn.shopify.com/s/files/1/0912/9351/6071/files/20221115_i1668494925_7543_1_jpg_4c4bad13-6d46-4592-9b78-6b939ca37866.jpg?v=1776335174|https://cdn.shopify.com/s/files/1/0912/9351/6071/files/20221115_i1668494925_8306_6_jpg_1692841b-109b-4c9b-a739-4076b1b6c580.jpg?v=1776335174|https://cdn.shopify.com/s/files/1/0912/9351/6071/files/20221115_i1668494925_9359_5_jpg_e2d7bdab-f6a0-4e11-81eb-b0dfd649ada4.jpg?v=1776335174,Hi I want kate medium 24cm beige grained calfskin gold hardware,
kate medium reversible 28.5cm red calfskin suede calfskin,https://cdn.shopify.com/s/files/1/0912/9351/6071/files/20220921_i1663747037_5899_0_jpg_8dcc944d-de0e-44a8-a067-0b479f26f261.jpg?v=1759133563,handbags,ysl,https://cdn.shopify.com/s/files/1/0912/9351/6071/files/20220921_i1663747037_5899_0_jpg_8dcc944d-de0e-44a8-a067-0b479f26f261.jpg?v=1759133563|https://cdn.shopify.com/s/files/1/0912/9351/6071/files/20220921_i1663744893_1557_6_jpg_12364d81-d249-498e-8f2d-8f053edc7170.jpg?v=1759133563|https://cdn.shopify.com/s/files/1/0912/9351/6071/files/20220921_i1663744893_2803_2_jpg_107a6eeb-ad17-45e2-ad74-f2e379682f0f.jpg?v=1759133563|https://cdn.shopify.com/s/files/1/0912/9351/6071/files/20220921_i1663744893_4096_4_jpg_bfa847e3-fcca-4615-8f1d-1f021b0efcc6.jpg?v=1759133563|https://cdn.shopify.com/s/files/1/0912/9351/6071/files/20220921_i1663744893_7573_3_jpg_ca0fa3cd-e74a-472b-a9a8-7dbf9099b995.jpg?v=1759133563|https://cdn.shopify.com/s/files/1/0912/9351/6071/files/20220921_i1663744893_7866_8_jpg_d9cf99a9-532a-4084-834d-322b4221550c.jpg?v=1759133563|https://cdn.shopify.com/s/files/1/0912/9351/6071/files/20220921_i1663744893_7875_5_jpg_dd3649d3-1d89-4a83-82a4-3eab3712f3da.jpg?v=1759133563|https://cdn.shopify.com/s/files/1/0912/9351/6071/files/20220921_i1663744901_243_0_jpg_fd1f13e9-9455-4bf3-a59b-37fcc61ddfff.jpg?v=1759133563|https://cdn.shopify.com/s/files/1/0912/9351/6071/files/20220921_i1663746984_7575_0_jpg_cb04297f-170f-4116-8d59-1c3bbd13aebb.jpg?v=1759133563,Hi I want kate medium reversible 28.5cm red calfskin suede calfskin,
BEA HOBO 50 GRAINED BLACK LEATHER,https://cdn.shopify.com/s/files/1/0912/9351/6071/files/20231208_i1702021909_775_0_jpg_28cd2f3d-1c93-4064-9256-527322a75162.jpg?v=1774002464,handbags,ysl,https://cdn.shopify.com/s/files/1/0912/9351/6071/files/20231208_i1702021909_775_0_jpg_28cd2f3d-1c93-4064-9256-527322a75162.jpg?v=1774002464|https://cdn.shopify.com/s/files/1/0912/9351/6071/files/20231208_i1702021662_210_1_jpg_e1141180-f764-40ac-b4b6-6dd6fab3bec1.jpg?v=1774002464|https://cdn.shopify.com/s/files/1/0912/9351/6071/files/20231208_i1702021662_1032_3_jpg_fb6f224e-6b56-4b75-9c86-15932646b41b.jpg?v=1774002464|https://cdn.shopify.com/s/files/1/0912/9351/6071/files/20231208_i1702021662_1753_6_jpg_b27d5406-ec17-4f79-b343-495045ccf3fa.jpg?v=1774002464|https://cdn.shopify.com/s/files/1/0912/9351/6071/files/20231208_i1702021662_6088_8_jpg_b5fe53cf-3d95-46b8-8d4a-d42ffc0428a6.jpg?v=1774002464|https://cdn.shopify.com/s/files/1/0912/9351/6071/files/20231208_i1702021662_6848_2_jpg_c8de5279-04a0-43c6-b9e0-2d54dff0e46c.jpg?v=1774002464|https://cdn.shopify.com/s/files/1/0912/9351/6071/files/20231208_i1702021662_6859_5_jpg_890168fa-2967-487e-8b07-e9fd8cf00c03.jpg?v=1774002464|https://cdn.shopify.com/s/files/1/0912/9351/6071/files/20231208_i1702021662_7960_4_jpg_1197b888-b1fb-4f7a-bb3c-55764cbe301c.jpg?v=1774002464|https://cdn.shopify.com/s/files/1/0912/9351/6071/files/20231208_i1702021662_8032_7_jpg_412d4902-33fe-497e-90f1-782738546710.jpg?v=1774002464,Hi I want BEA HOBO 50 GRAINED BLACK LEATHER,
LOULOU MEDIUM 32 ALL BLACK QUILTED LEATHER,https://cdn.shopify.com/s/files/1/0912/9351/6071/files/20220830_i1661838954_7819_0_jpg_6af70279-7fc3-4404-a0a6-86833e6765fb.jpg?v=1775471615,handbags,ysl,https://cdn.shopify.com/s/files/1/0912/9351/6071/files/20220830_i1661838954_7819_0_jpg_6af70279-7fc3-4404-a0a6-86833e6765fb.jpg?v=1775471615|https://cdn.shopify.com/s/files/1/0912/9351/6071/files/20220830_i1661838954_2409_4_jpg_998550a0-25be-4e4a-ad17-00f3fd541bae.jpg?v=1775471615|https://cdn.shopify.com/s/files/1/0912/9351/6071/files/20220830_i1661838954_1885_5_jpg_2742f1c3-1918-48ce-8775-43342d588e73.jpg?v=1775471615|https://cdn.shopify.com/s/files/1/0912/9351/6071/files/20220830_i1661838954_2988_6_jpg_dceef14f-f638-4435-b1b5-3b54f605cc09.jpg?v=1775471615|https://cdn.shopify.com/s/files/1/0912/9351/6071/files/20220830_i1661838954_3899_8_jpg_4a54ba83-e340-45a7-86ba-b622acf9d3d9.jpg?v=1775471615|https://cdn.shopify.com/s/files/1/0912/9351/6071/files/20220830_i1661838954_4266_1_jpg_0b25ab8f-fbbd-4205-aa6a-aab13da5baab.jpg?v=1775471615|https://cdn.shopify.com/s/files/1/0912/9351/6071/files/20220830_i1661838954_4730_3_jpg_081fc3a7-4ea5-42a8-92de-8b2b8740b76d.jpg?v=1775471615|https://cdn.shopify.com/s/files/1/0912/9351/6071/files/20220830_i1661838954_8830_7_jpg_b1dbc39a-a2bc-496b-b198-3eae96f097ba.jpg?v=1775471615|https://cdn.shopify.com/s/files/1/0912/9351/6071/files/20220830_i1661838954_9689_2_jpg_490c00e7-af81-4700-bea1-4276e5c4a2cb.jpg?v=1775471615,Hi I want LOULOU MEDIUM 32 ALL BLACK QUILTED LEATHER,
ICARE MAXI 58 SHOPPING BAG BLACK QUILTED LAMBSKIN,https://cdn.shopify.com/s/files/1/0912/9351/6071/files/20231119_i1700383863_5375_0_jpg_2b5150dd-0dd1-46da-b7b9-33ae42750ace.jpg?v=1777025556,handbags,ysl,https://cdn.shopify.com/s/files/1/0912/9351/6071/files/20231119_i1700383863_5375_0_jpg_2b5150dd-0dd1-46da-b7b9-33ae42750ace.jpg?v=1777025556|https://cdn.shopify.com/s/files/1/0912/9351/6071/files/20231119_i1700383704_833_7_jpg_82341a6c-24e1-4e12-8740-1c0fb38145a0.jpg?v=1777025556|https://cdn.shopify.com/s/files/1/0912/9351/6071/files/20231119_i1700383704_2918_2_jpg_35ee8d03-b9f0-4c0b-ba02-52dcf62ba702.jpg?v=1777025556|https://cdn.shopify.com/s/files/1/0912/9351/6071/files/20231119_i1700383704_3255_3_jpg_94b889df-3ec7-4bb7-94ce-78f24c8bb13f.jpg?v=1777025556|https://cdn.shopify.com/s/files/1/0912/9351/6071/files/20231119_i1700383704_4663_8_jpg_ec59d401-a7a4-44d2-9290-f834d0505d5d.jpg?v=1777025556|https://cdn.shopify.com/s/files/1/0912/9351/6071/files/20231119_i1700383704_4868_4_jpg_6c136b10-9ff4-4d33-8605-970acb591e05.jpg?v=1777025556|https://cdn.shopify.com/s/files/1/0912/9351/6071/files/20231119_i1700383704_6257_6_jpg_8e488e09-35e2-4339-bca5-713580982e52.jpg?v=1777025556|https://cdn.shopify.com/s/files/1/0912/9351/6071/files/20231119_i1700383704_9375_5_jpg_1daee914-29f9-4a53-a3d6-203b3dddb8d0.jpg?v=1777025556|https://cdn.shopify.com/s/files/1/0912/9351/6071/files/20231119_i1700383863_4778_1_jpg_8eb7ad2b-ff2f-47ae-a34a-2ea6083b3911.jpg?v=1777025556,Hi I want ICARE MAXI 58 SHOPPING BAG BLACK QUILTED LAMBSKIN,
LOULOU MEDIUM 32 OLIVE QUILTED LEATHER,https://cdn.shopify.com/s/files/1/0912/9351/6071/files/20230702_i1688278273_4962_0_jpg_b04cb933-bda8-4ebf-8c16-5a581fc4902a.jpg?v=1775816728,handbags,ysl,https://cdn.shopify.com/s/files/1/0912/9351/6071/files/20230702_i1688278273_4962_0_jpg_b04cb933-bda8-4ebf-8c16-5a581fc4902a.jpg?v=1775816728|https://cdn.shopify.com/s/files/1/0912/9351/6071/files/20230702_i1688278273_986_6_jpg_39732bf4-5539-445b-bfc2-b70f3ccea17c.jpg?v=1775816728|https://cdn.shopify.com/s/files/1/0912/9351/6071/files/20230702_i1688278273_1860_7_jpg_470fcf3b-5c5c-42ea-ae3f-fa7ac085aa5a.jpg?v=1775816728|https://cdn.shopify.com/s/files/1/0912/9351/6071/files/20230702_i1688278273_2124_1_jpg_1278d885-7931-4a89-9582-718c4a215b34.jpg?v=1775816729|https://cdn.shopify.com/s/files/1/0912/9351/6071/files/20230702_i1688278273_4380_3_jpg_88071e15-896c-4e41-9d02-325a3410103c.jpg?v=1775816729|https://cdn.shopify.com/s/files/1/0912/9351/6071/files/20230702_i1688278273_6116_5_jpg_411c7389-73a1-4e5c-9387-2fab3153ffbd.jpg?v=1775816728|https://cdn.shopify.com/s/files/1/0912/9351/6071/files/20230702_i1688278273_7244_2_jpg_beba7fb0-c5c2-4c08-85a5-9d35847d978c.jpg?v=1775816728|https://cdn.shopify.com/s/files/1/0912/9351/6071/files/20230702_i1688278273_8117_8_jpg_b9fb7bee-9352-4cff-85d5-3f5992e4d35c.jpg?v=1775816728|https://cdn.shopify.com/s/files/1/0912/9351/6071/files/20230702_i1688278273_8262_4_jpg_a7f51a93-ae1d-4a47-b0e7-5a9a408d1b83.jpg?v=1775816729,Hi I want LOULOU MEDIUM 32 OLIVE QUILTED LEATHER,
YSL Jamie Lucky Bag Beige Brown Raffia 339402,https://cdn.shopify.com/s/files/1/0912/9351/6071/files/img_bce60362_20250704_i1751604030_9251_0_jpg_48f79724-2461-4e27-953d-82b3fdf45137.jpg?v=1759133060,handbags,ysl,https://cdn.shopify.com/s/files/1/0912/9351/6071/files/img_bce60362_20250704_i1751604030_9251_0_jpg_48f79724-2461-4e27-953d-82b3fdf45137.jpg?v=1759133060|https://cdn.shopify.com/s/files/1/0912/9351/6071/files/img_bce60362_20250704_i1751604030_2891_0_jpg_7738f676-8baf-4995-8d1a-eabbafd17059.jpg?v=1759133060|https://cdn.shopify.com/s/files/1/0912/9351/6071/files/img_bce60362_20250704_i1751604030_8362_0_jpg_0844db21-7848-4bf6-875d-b7b1f2c85e09.jpg?v=1759133060|https://cdn.shopify.com/s/files/1/0912/9351/6071/files/img_bce60362_20250704_i1751604031_2509_0_jpg_88ed844d-e66a-4ae9-b9ad-4b4b6a421518.jpg?v=1759133060|https://cdn.shopify.com/s/files/1/0912/9351/6071/files/img_bce60362_20250704_i1751604031_3180_0_jpg_b97f3acf-736b-419d-813d-75e4c4fe155f.jpg?v=1759133060|https://cdn.shopify.com/s/files/1/0912/9351/6071/files/img_bce60362_20250704_i1751604031_6567_0_jpg_eb33bace-0fa0-423e-9675-ba891cbcf8f8.jpg?v=1759133060|https://cdn.shopify.com/s/files/1/0912/9351/6071/files/img_bce60362_20250704_i1751604030_590_0_jpg_0215681a-20e3-44f1-b202-0b4450774b65.jpg?v=1759133060|https://cdn.shopify.com/s/files/1/0912/9351/6071/files/img_bce60362_20250704_i1751604030_6004_0_jpg_9cc931aa-bab0-4a7c-b346-b3e832bc12f6.jpg?v=1759133060|https://cdn.shopify.com/s/files/1/0912/9351/6071/files/img_bce60362_20250704_i1751604031_787_0_jpg_87eab1e4-e54e-428a-a9e5-3029dfb36ed9.jpg?v=1759133060,Hi I want YSL Jamie Lucky Bag Beige Brown Raffia 339402,New
YSL Niki Baby Bag Burgundy Calfskin 338872,https://cdn.shopify.com/s/files/1/0912/9351/6071/files/imgHD_8eee9a63_20250527_i1748356875883_7234_0_0_jpg_90f552ba-34d9-4aba-bf82-7903adf63b4a.jpg?v=1759132985,handbags,ysl,https://cdn.shopify.com/s/files/1/0912/9351/6071/files/imgHD_8eee9a63_20250527_i1748356875883_7234_0_0_jpg_90f552ba-34d9-4aba-bf82-7903adf63b4a.jpg?v=1759132985|https://cdn.shopify.com/s/files/1/0912/9351/6071/files/imgHD_8eee9a63_20250527_i1748356878069_3733_0_7_jpg_63f16a79-f54b-48d1-8c11-52b45a95c47f.jpg?v=1759132985|https://cdn.shopify.com/s/files/1/0912/9351/6071/files/imgHD_8eee9a63_20250527_i1748356878070_1732_0_8_jpg_87581165-d81d-4ea9-9c71-6c24bf2950e3.jpg?v=1759132985|https://cdn.shopify.com/s/files/1/0912/9351/6071/files/imgHD_8eee9a63_20250527_i1748356875879_3160_0_5_jpg_2a977889-2ee4-4c14-9b5a-b377a1674fd4.jpg?v=1759132985|https://cdn.shopify.com/s/files/1/0912/9351/6071/files/imgHD_8eee9a63_20250527_i1748356875883_119_0_2_jpg_7b832121-1ca4-41bc-a786-0cd2b88c9a96.jpg?v=1759132985|https://cdn.shopify.com/s/files/1/0912/9351/6071/files/imgHD_8eee9a63_20250527_i1748356875883_2624_0_3_jpg_380dcaa0-9b73-409f-ab31-963a0456cd2a.jpg?v=1759132985|https://cdn.shopify.com/s/files/1/0912/9351/6071/files/imgHD_8eee9a63_20250527_i1748356875883_3597_0_1_jpg_10ffe770-349c-426f-a613-e011a51f5d53.jpg?v=1759132985|https://cdn.shopify.com/s/files/1/0912/9351/6071/files/imgHD_8eee9a63_20250527_i1748356878059_8538_0_4_jpg_2694cc2d-adee-4d1e-bc19-eb857b21ce5f.jpg?v=1759132985|https://cdn.shopify.com/s/files/1/0912/9351/6071/files/imgHD_8eee9a63_20250527_i1748356878061_7996_0_6_jpg_78970334-3547-4ec0-9fc2-715fac323672.jpg?v=1759132985,Hi I want YSL Niki Baby Bag Burgundy Calfskin 338872,New
YSL Loulou Puffer Quilted Bag Brown Gold Lambskin  338793,https://cdn.shopify.com/s/files/1/0912/9351/6071/files/imgHD_8eee9a63_20250628_i1751094361689_9853_0_0_jpg_6f8797b5-1d61-4d38-97f2-ad5625125428.jpg?v=1759132911,handbags,ysl,https://cdn.shopify.com/s/files/1/0912/9351/6071/files/imgHD_8eee9a63_20250628_i1751094361689_9853_0_0_jpg_6f8797b5-1d61-4d38-97f2-ad5625125428.jpg?v=1759132911|https://cdn.shopify.com/s/files/1/0912/9351/6071/files/imgHD_8eee9a63_20250628_i1751094363941_8927_0_3_jpg_e9d2e464-012b-46f3-9e6b-d93a9a4c58b8.jpg?v=1759132911|https://cdn.shopify.com/s/files/1/0912/9351/6071/files/imgHD_8eee9a63_20250628_i1751094361689_6308_0_7_jpg_27cd425a-1356-4dfe-987f-d57ef67fd9b1.jpg?v=1759132911|https://cdn.shopify.com/s/files/1/0912/9351/6071/files/imgHD_8eee9a63_20250628_i1751094363955_7722_0_8_jpg_d1597767-c242-4971-8b90-449a1b08be0f.jpg?v=1759132911|https://cdn.shopify.com/s/files/1/0912/9351/6071/files/imgHD_8eee9a63_20250628_i1751094361689_468_0_5_jpg_6fefff92-30b0-4c5b-bccb-05f7f97f03e1.jpg?v=1759132911|https://cdn.shopify.com/s/files/1/0912/9351/6071/files/imgHD_8eee9a63_20250628_i1751094361689_6269_0_6_jpg_7f4eba4e-24c9-46ec-88d7-966b0d5027d0.jpg?v=1759132911|https://cdn.shopify.com/s/files/1/0912/9351/6071/files/imgHD_8eee9a63_20250628_i1751094361689_7279_0_4_jpg_e7684e80-7d9e-4712-9b94-d8df35f7b6f8.jpg?v=1759132911|https://cdn.shopify.com/s/files/1/0912/9351/6071/files/imgHD_8eee9a63_20250628_i1751094363936_6050_0_1_jpg_30808c35-0730-4e32-957b-0a7e84788dd8.jpg?v=1759132911|https://cdn.shopify.com/s/files/1/0912/9351/6071/files/imgHD_8eee9a63_20250628_i1751094363952_2453_0_2_jpg_2c8c5cc9-70dc-43c4-bbfe-25a2c0551396.jpg?v=1759132911,Hi I want YSL Loulou Puffer Quilted Bag Brown Gold Lambskin  338793,New
YSL Wallet Black Cowhide 240570,https://cdn.shopify.com/s/files/1/0912/9351/6071/files/img_80e46a01_20241127_i1732678805_2980_3_jpg_09bc069c-48f1-46ed-b310-f6974b904720.jpg?v=1759132765,handbags,ysl,https://cdn.shopify.com/s/files/1/0912/9351/6071/files/img_80e46a01_20241127_i1732678805_2980_3_jpg_09bc069c-48f1-46ed-b310-f6974b904720.jpg?v=1759132765|https://cdn.shopify.com/s/files/1/0912/9351/6071/files/img_80e46a01_20241127_i1732678805_1842_5_jpg_35968a1b-dfb6-40f7-b5a5-54f1b46d00db.jpg?v=1759132765|https://cdn.shopify.com/s/files/1/0912/9351/6071/files/img_80e46a01_20241127_i1732678805_2118_0_jpg_98ad5c52-919f-4259-861a-3fb1045c61e1.jpg?v=1759132765|https://cdn.shopify.com/s/files/1/0912/9351/6071/files/img_80e46a01_20241127_i1732678805_3456_6_jpg_0afe63df-8914-4508-8110-e944af9fe6eb.jpg?v=1759132765|https://cdn.shopify.com/s/files/1/0912/9351/6071/files/img_80e46a01_20241127_i1732678805_4037_2_jpg_0fb333e1-b286-44de-97ba-d28ac09df0b1.jpg?v=1759132765|https://cdn.shopify.com/s/files/1/0912/9351/6071/files/img_80e46a01_20241127_i1732678805_5390_7_jpg_a1bf6cf3-2028-4efb-9c05-bcf3aab40d58.jpg?v=1759132765|https://cdn.shopify.com/s/files/1/0912/9351/6071/files/img_80e46a01_20241127_i1732678805_6891_4_jpg_b062d112-e347-453e-966c-e8b0f61d49d7.jpg?v=1759132765|https://cdn.shopify.com/s/files/1/0912/9351/6071/files/img_80e46a01_20241127_i1732678805_7461_1_jpg_02390cbd-f0ba-49e0-838c-aab3275e1913.jpg?v=1759132765|https://cdn.shopify.com/s/files/1/0912/9351/6071/files/img_80e46a01_20241127_i1732678805_7597_8_jpg_b0e38984-36fc-4a5b-bbd2-dc957a9fcf5c.jpg?v=1759132765,Hi I want YSL Wallet Black Cowhide 240570,New
le 5a7 small 23 cream canvas brown calfskin,https://cdn.shopify.com/s/files/1/0912/9351/6071/files/20230727_i1690440529_9748_1_jpg_545bb4d6-7458-46db-bf26-9dd08a9003d1.jpg?v=1759128396,handbags,ysl,https://cdn.shopify.com/s/files/1/0912/9351/6071/files/20230727_i1690440529_9748_1_jpg_545bb4d6-7458-46db-bf26-9dd08a9003d1.jpg?v=1759128396|https://cdn.shopify.com/s/files/1/0912/9351/6071/files/20230727_i1690440529_1080_8_jpg_7ac96e1e-dbc9-4646-a935-68643dd5035c.jpg?v=1759128396|https://cdn.shopify.com/s/files/1/0912/9351/6071/files/20230727_i1690440529_2140_5_jpg_079bae51-ccc0-49d9-8bbf-6e6fcc0b2651.jpg?v=1759128396|https://cdn.shopify.com/s/files/1/0912/9351/6071/files/20230727_i1690440529_5147_7_jpg_a8c7c2bf-c933-4510-bc2f-22b41e8e28a5.jpg?v=1759128396|https://cdn.shopify.com/s/files/1/0912/9351/6071/files/20230727_i1690440529_6193_6_jpg_8eefb235-7bb0-4f31-b4da-865a96534c65.jpg?v=1759128396|https://cdn.shopify.com/s/files/1/0912/9351/6071/files/20230727_i1690440529_6224_2_jpg_b610508d-52cb-4185-82f5-c09bb2e17ff3.jpg?v=1759128396|https://cdn.shopify.com/s/files/1/0912/9351/6071/files/20230727_i1690440529_6310_0_jpg_66b41a29-fcf5-48d1-9164-f38b49bee8cf.jpg?v=1759128396|https://cdn.shopify.com/s/files/1/0912/9351/6071/files/20230727_i1690440529_6844_4_jpg_43cd1b31-0ece-4ecc-8eb4-00b01ec70736.jpg?v=1759128396,Hi I want le 5a7 small 23 cream canvas brown calfskin,
le 37 woven raffia 20cm black calfskin,https://cdn.shopify.com/s/files/1/0912/9351/6071/files/img_aed707d3_20240510_a1715315731439_8435_jpg_bab1f7a8-c8fe-489a-ae3e-66119c8f8afc.jpg?v=1778558116,handbags,ysl,https://cdn.shopify.com/s/files/1/0912/9351/6071/files/img_aed707d3_20240510_a1715315731439_8435_jpg_bab1f7a8-c8fe-489a-ae3e-66119c8f8afc.jpg?v=1778558116|https://cdn.shopify.com/s/files/1/0912/9351/6071/files/img_aed707d3_20240510_a1715315731061_6328_jpg_845c35ff-b927-4db8-a3b2-beb33da89568.jpg?v=1778558116|https://cdn.shopify.com/s/files/1/0912/9351/6071/files/img_aed707d3_20240510_a1715315731204_4703_jpg_87d18eec-1aa1-4bdd-a913-e659c38f1eb5.jpg?v=1778558116|https://cdn.shopify.com/s/files/1/0912/9351/6071/files/img_aed707d3_20240510_a1715315731362_0331_jpg_c3d3f77f-f50f-44bd-bc66-71ab17472589.jpg?v=1778558116|https://cdn.shopify.com/s/files/1/0912/9351/6071/files/img_aed707d3_20240510_a1715315731375_2646_jpg_0e6572b0-f77e-4db2-8958-2cf354459dc2.jpg?v=1778558116|https://cdn.shopify.com/s/files/1/0912/9351/6071/files/img_aed707d3_20240510_a1715315733199_8366_jpg_fd37bccf-f645-4ee4-be36-eb5030be2a44.jpg?v=1778558116|https://cdn.shopify.com/s/files/1/0912/9351/6071/files/img_aed707d3_20240510_a1715315733203_2803_jpg_dcadd412-b2ba-4190-9854-e0d36b49ba67.jpg?v=1778558116|https://cdn.shopify.com/s/files/1/0912/9351/6071/files/img_aed707d3_20240510_a1715315733335_6655_jpg_8494fea4-11cd-483a-8408-be87d06818d2.jpg?v=1778558116|https://cdn.shopify.com/s/files/1/0912/9351/6071/files/img_aed707d3_20240623_a1719127547327_4870_jpg_427b47cd-3e14-44e0-9299-edaf49a3bb2a.jpg?v=1778558116,Hi I want le 37 woven raffia 20cm black calfskin,
le 37 woven raffia 20cm brown calfskin,https://cdn.shopify.com/s/files/1/0912/9351/6071/files/img_aed707d3_20240531_a1717133513525_1767_jpg_de434b0e-5f1f-4734-963f-1a4dd7f08bcb.jpg?v=1759128447,handbags,ysl,https://cdn.shopify.com/s/files/1/0912/9351/6071/files/img_aed707d3_20240531_a1717133513525_1767_jpg_de434b0e-5f1f-4734-963f-1a4dd7f08bcb.jpg?v=1759128447|https://cdn.shopify.com/s/files/1/0912/9351/6071/files/img_aed707d3_20240531_a1717133513133_2788_jpg_817e4c9d-74d8-4357-800c-0434f227636a.jpg?v=1759128447|https://cdn.shopify.com/s/files/1/0912/9351/6071/files/img_aed707d3_20240531_a1717133513488_3432_jpg_0272d381-24d4-41d6-aa62-8802dbd704de.jpg?v=1759128447|https://cdn.shopify.com/s/files/1/0912/9351/6071/files/img_aed707d3_20240531_a1717133513655_1280_jpg_e6ad0ba2-c594-46f3-b29d-aff7e1a64344.jpg?v=1759128447|https://cdn.shopify.com/s/files/1/0912/9351/6071/files/img_aed707d3_20240531_a1717133513691_8161_jpg_76bb6ea0-cf88-49e7-8868-1e434c64ba14.jpg?v=1759128447|https://cdn.shopify.com/s/files/1/0912/9351/6071/files/img_aed707d3_20240531_a1717133513813_8426_jpg_b96fa586-bdb9-48d2-a80c-aa78a45eaa06.jpg?v=1759128447|https://cdn.shopify.com/s/files/1/0912/9351/6071/files/img_aed707d3_20240531_a1717133514775_2286_jpg_410dc862-c15b-4a06-b213-06e362db02e9.jpg?v=1759128447|https://cdn.shopify.com/s/files/1/0912/9351/6071/files/img_aed707d3_20240531_a1717133531854_1454_jpg_a275452a-485e-4336-862e-0806a22a3f7e.jpg?v=1759128447|https://cdn.shopify.com/s/files/1/0912/9351/6071/files/img_aed707d3_20240531_a1717133532929_2634_jpg_93b3a3f5-a750-40b0-b620-43b7f897a631.jpg?v=1759128447,Hi I want le 37 woven raffia 20cm brown calfskin,
YSL College Medium 24cm Black Quilted Calfskin Gold Hardware,https://cdn.shopify.com/s/files/1/0912/9351/6071/files/20200522_i1590158136_368_0_jpg_7dd38635-64af-401a-baf5-1283a9748b46.jpg?v=1759128640,handbags,ysl,https://cdn.shopify.com/s/files/1/0912/9351/6071/files/20200522_i1590158136_368_0_jpg_7dd38635-64af-401a-baf5-1283a9748b46.jpg?v=1759128640|https://cdn.shopify.com/s/files/1/0912/9351/6071/files/20200522_i1590158136_1147_1_jpg_3b0ef423-d148-42e4-87ee-fd7e9546943d.jpg?v=1759128640|https://cdn.shopify.com/s/files/1/0912/9351/6071/files/20200522_i1590158136_3865_5_jpg_8df8cfec-534e-4a05-aaf3-4fece5e42aef.jpg?v=1759128640|https://cdn.shopify.com/s/files/1/0912/9351/6071/files/20200522_i1590158136_4200_3_jpg_06498e13-6bfe-4e90-9b7b-1c156972c0db.jpg?v=1759128640|https://cdn.shopify.com/s/files/1/0912/9351/6071/files/20200522_i1590158136_8143_2_jpg_6b14fa70-bff3-451b-b116-5650c15897c3.jpg?v=1759128640|https://cdn.shopify.com/s/files/1/0912/9351/6071/files/20200522_i1590158136_1453_7_jpg_810a333d-a791-4b20-89e1-d3ec9dbba2f1.jpg?v=1759128640|https://cdn.shopify.com/s/files/1/0912/9351/6071/files/20200522_i1590158136_1465_6_jpg_3d4b167d-ab19-421a-8a1e-89baa37f446b.jpg?v=1759128640|https://cdn.shopify.com/s/files/1/0912/9351/6071/files/20200522_i1590158136_5566_4_jpg_b66680c9-8d1f-46df-8050-3ca52b144cfa.jpg?v=1759128640|https://cdn.shopify.com/s/files/1/0912/9351/6071/files/20200522_i1590158136_7386_8_jpg_78ef4a63-2c4a-43e8-b2b4-89ca632c8aaf.jpg?v=1759128640,Hi I want YSL College Medium 24cm Black Quilted Calfskin Gold Hardware,
CLUTCH 24 IN BLACK QUILTED CALFSKIN GOLD BUCKLE,https://cdn.shopify.com/s/files/1/0912/9351/6071/files/img_f8c0bdc9_20241015_i1728977164_4349_1_jpg_497fe284-23a7-41b1-aae7-8382c802fb7a.jpg?v=1759128817,handbags,ysl,https://cdn.shopify.com/s/files/1/0912/9351/6071/files/img_f8c0bdc9_20241015_i1728977164_4349_1_jpg_497fe284-23a7-41b1-aae7-8382c802fb7a.jpg?v=1759128817|https://cdn.shopify.com/s/files/1/0912/9351/6071/files/img_f8c0bdc9_20241015_i1728977164_1068_3_jpg_f8b0eff5-458e-41d2-867f-6562b26b3aca.jpg?v=1759128817|https://cdn.shopify.com/s/files/1/0912/9351/6071/files/img_f8c0bdc9_20241015_i1728977164_1618_0_jpg_5882ddc9-c893-4170-b960-de1969951c41.jpg?v=1759128817|https://cdn.shopify.com/s/files/1/0912/9351/6071/files/img_f8c0bdc9_20241015_i1728977164_2105_5_jpg_7db89ada-c282-43a8-9440-0027b4c24b86.jpg?v=1759128817|https://cdn.shopify.com/s/files/1/0912/9351/6071/files/img_f8c0bdc9_20241015_i1728977164_3497_2_jpg_bdc41aeb-5c50-4815-b47e-052e6e948671.jpg?v=1759128817|https://cdn.shopify.com/s/files/1/0912/9351/6071/files/img_f8c0bdc9_20241015_i1728977164_6022_8_jpg_76fce7bc-c880-4b90-a505-103dd33e210c.jpg?v=1759128818|https://cdn.shopify.com/s/files/1/0912/9351/6071/files/img_f8c0bdc9_20241015_i1728977164_6970_4_jpg_743b0d88-0ade-46f6-baef-30aeff892b17.jpg?v=1759128818|https://cdn.shopify.com/s/files/1/0912/9351/6071/files/img_f8c0bdc9_20241015_i1728977164_7203_6_jpg_bdd6574a-15cc-4f85-96f8-c4a760a7f51b.jpg?v=1759128818|https://cdn.shopify.com/s/files/1/0912/9351/6071/files/img_f8c0bdc9_20241015_i1728977164_9878_7_jpg_4277b71f-e5ad-4bcd-8dda-ee4820df746a.jpg?v=1759128818,Hi I want CLUTCH 24 IN BLACK QUILTED CALFSKIN GOLD BUCKLE,
LOULOU SMALL 24 IN WHITE SHEEPSKIN GOLD HARDWARE,https://cdn.shopify.com/s/files/1/0912/9351/6071/files/img_f8c0bdc9_20241224_i1735019434337_9373_0_0_jpg.jpg?v=1776854086,handbags,ysl,https://cdn.shopify.com/s/files/1/0912/9351/6071/files/img_f8c0bdc9_20241224_i1735019434337_9373_0_0_jpg.jpg?v=1776854086|https://cdn.shopify.com/s/files/1/0912/9351/6071/files/img_f8c0bdc9_20241224_i1735019434140_3431_0_5_jpg.jpg?v=1776854086|https://cdn.shopify.com/s/files/1/0912/9351/6071/files/img_f8c0bdc9_20241224_i1735019434207_9494_0_2_jpg.jpg?v=1776854086|https://cdn.shopify.com/s/files/1/0912/9351/6071/files/img_f8c0bdc9_20241224_i1735019434269_8455_0_7_jpg.jpg?v=1776854087|https://cdn.shopify.com/s/files/1/0912/9351/6071/files/img_f8c0bdc9_20241224_i1735019434403_2007_0_3_jpg.jpg?v=1776854086|https://cdn.shopify.com/s/files/1/0912/9351/6071/files/img_f8c0bdc9_20241224_i1735019434471_2084_0_6_jpg.jpg?v=1776854086|https://cdn.shopify.com/s/files/1/0912/9351/6071/files/img_f8c0bdc9_20241224_i1735019434542_90_0_8_jpg.jpg?v=1776854086|https://cdn.shopify.com/s/files/1/0912/9351/6071/files/img_f8c0bdc9_20241224_i1735019434610_8321_0_1_jpg.jpg?v=1776854086|https://cdn.shopify.com/s/files/1/0912/9351/6071/files/img_f8c0bdc9_20241224_i1735019434681_7469_0_4_jpg.jpg?v=1776854086,Hi I want LOULOU SMALL 24 IN WHITE SHEEPSKIN GOLD HARDWARE,
LOU MINI CAMERA BAG 19 IN BLACK CAVIAR PATTERN CALFSKIN SILVER HARDWARE,https://cdn.shopify.com/s/files/1/0912/9351/6071/files/20220530_i1653896777_6371_0_jpg_8499a556-c9ef-4347-9feb-e84e57c41e0f.jpg?v=1759129144,handbags,ysl,https://cdn.shopify.com/s/files/1/0912/9351/6071/files/20220530_i1653896777_6371_0_jpg_8499a556-c9ef-4347-9feb-e84e57c41e0f.jpg?v=1759129144|https://cdn.shopify.com/s/files/1/0912/9351/6071/files/20220530_i1653896777_761_5_jpg_39d779cf-9aa5-48a9-a466-1e59c5b9a28f.jpg?v=1759129144|https://cdn.shopify.com/s/files/1/0912/9351/6071/files/20220530_i1653896777_1660_4_jpg_fead0bb0-dd95-4fb3-aac3-7dcf0535c5f7.jpg?v=1759129144|https://cdn.shopify.com/s/files/1/0912/9351/6071/files/20220530_i1653896777_2544_3_jpg_4a1dbd34-6d28-4281-ba83-781bcd68c4c0.jpg?v=1759129144|https://cdn.shopify.com/s/files/1/0912/9351/6071/files/20220530_i1653896777_2978_1_jpg_e45b789a-00d7-4d5a-868b-42e57e063025.jpg?v=1759129144|https://cdn.shopify.com/s/files/1/0912/9351/6071/files/20220530_i1653896777_4740_6_jpg_c011e07c-1b91-4a9c-acf3-56f68ec384b9.jpg?v=1759129144|https://cdn.shopify.com/s/files/1/0912/9351/6071/files/20220530_i1653896777_6200_7_jpg_ddbe7cfc-7ad6-483d-94f6-6ed3cd054d9f.jpg?v=1759129144|https://cdn.shopify.com/s/files/1/0912/9351/6071/files/20220530_i1653896777_6623_2_jpg_90ad2f83-bc33-4c58-b710-6a1368b63cc8.jpg?v=1759129144|https://cdn.shopify.com/s/files/1/0912/9351/6071/files/20220530_i1653896856_8002_0_jpg_4f8dda0f-8fb3-4463-a6e0-efcb70af9389.jpg?v=1759129144,Hi I want LOU MINI CAMERA BAG 19 IN BLACK CAVIAR PATTERN CALFSKIN SILVER HARDWARE,
ENVELOPE CHAIN BAG 24 IN BLACK CALFSKIN,https://cdn.shopify.com/s/files/1/0912/9351/6071/files/img_aed707d3_20231028_a1698478522594_0213_jpg_3cde5c26-ba44-4e90-aa82-9cd2a4bcc097.jpg?v=1759129339,handbags,ysl,https://cdn.shopify.com/s/files/1/0912/9351/6071/files/img_aed707d3_20231028_a1698478522594_0213_jpg_3cde5c26-ba44-4e90-aa82-9cd2a4bcc097.jpg?v=1759129339|https://cdn.shopify.com/s/files/1/0912/9351/6071/files/img_aed707d3_20231028_a1698478522945_4083_jpg_eb8993ef-fa20-4262-ba09-868f4c055d43.jpg?v=1759129339|https://cdn.shopify.com/s/files/1/0912/9351/6071/files/img_aed707d3_20231028_a1698478523286_8504_jpg_f70e3a60-676b-4f70-a88e-43da6c38c12e.jpg?v=1759129339|https://cdn.shopify.com/s/files/1/0912/9351/6071/files/img_aed707d3_20231028_a1698478523764_6453_jpg_718d1806-4720-489e-a4bd-bdd3554f65d0.jpg?v=1759129339|https://cdn.shopify.com/s/files/1/0912/9351/6071/files/img_aed707d3_20231028_a1698478524353_1405_jpg_71600334-1c3f-4d06-ae34-910aecc349c1.jpg?v=1759129339|https://cdn.shopify.com/s/files/1/0912/9351/6071/files/img_aed707d3_20231028_a1698478524678_8112_jpg_99d4c2f2-52b4-4436-9ac4-b21fc6a761c8.jpg?v=1759129339|https://cdn.shopify.com/s/files/1/0912/9351/6071/files/img_aed707d3_20231028_a1698478524928_5887_jpg_c2c45f06-f247-48e4-9959-5a53443e2e5d.jpg?v=1759129339|https://cdn.shopify.com/s/files/1/0912/9351/6071/files/img_aed707d3_20231028_a1698478525295_6614_jpg_0c2fa44e-4ac1-44e4-ab6e-5973f0931643.jpg?v=1759129339|https://cdn.shopify.com/s/files/1/0912/9351/6071/files/img_aed707d3_20231028_a1698478525780_0213_jpg_508a6383-4723-4956-a77a-7b6e0189a519.jpg?v=1759129339,Hi I want ENVELOPE CHAIN BAG 24 IN BLACK CALFSKIN,
JAMIE POCHON 33 IN BRONZE BROWN LAMBSKIN GOLD HARDWARE,https://cdn.shopify.com/s/files/1/0912/9351/6071/files/img_b28ef27a_20240620_i1718848837_9958_2_jpg_e78ad85b-a0e2-4558-9571-bc37c9d237ba.jpg?v=1759129663,handbags,ysl,https://cdn.shopify.com/s/files/1/0912/9351/6071/files/img_b28ef27a_20240620_i1718848837_9958_2_jpg_e78ad85b-a0e2-4558-9571-bc37c9d237ba.jpg?v=1759129663|https://cdn.shopify.com/s/files/1/0912/9351/6071/files/img_b28ef27a_20240620_i1718848837_3240_0_jpg_eef61631-7abf-402b-8f9e-a4ad4df7a20f.jpg?v=1759129663|https://cdn.shopify.com/s/files/1/0912/9351/6071/files/img_b28ef27a_20240620_i1718848837_5070_1_jpg_479ff9a7-b466-4f33-80f6-c44f46995137.jpg?v=1759129663|https://cdn.shopify.com/s/files/1/0912/9351/6071/files/img_b28ef27a_20240620_i1718848837_5629_7_jpg_a8fba3b0-d64e-44e3-a707-fa0d65ed81d0.jpg?v=1759129663|https://cdn.shopify.com/s/files/1/0912/9351/6071/files/img_b28ef27a_20240620_i1718848837_5855_8_jpg_a548a9fc-4892-4ad7-8419-7061f4443dde.jpg?v=1759129663|https://cdn.shopify.com/s/files/1/0912/9351/6071/files/img_b28ef27a_20240620_i1718848837_6606_6_jpg_77e463b4-faa6-45af-8c8d-7de8ae1c5a41.jpg?v=1759129663|https://cdn.shopify.com/s/files/1/0912/9351/6071/files/img_b28ef27a_20240620_i1718848837_6627_4_jpg_1b75966b-3536-4eef-b85a-a7c54706bd31.jpg?v=1759129663|https://cdn.shopify.com/s/files/1/0912/9351/6071/files/img_b28ef27a_20240620_i1718848837_9627_5_jpg_cdf5809f-a73f-464c-a9e4-9db55a3f5a14.jpg?v=1759129663|https://cdn.shopify.com/s/files/1/0912/9351/6071/files/img_b28ef27a_20240620_i1718848837_9757_3_jpg_26e023ba-46bd-4bec-b190-0eeb869b731d.jpg?v=1759129663,Hi I want JAMIE POCHON 33 IN BRONZE BROWN LAMBSKIN GOLD HARDWARE,
NIKI MEDIUM 28 IN CHESTNUT BROWN ELEPHANT PATTERN LAMBSKIN GOLD HARDWARE,https://cdn.shopify.com/s/files/1/0912/9351/6071/files/img_f8c0bdc9_20231116_i1700124758_9391_0_jpg_54b8e81c-3b25-46d4-a784-480b892a0644.jpg?v=1759129727,handbags,ysl,https://cdn.shopify.com/s/files/1/0912/9351/6071/files/img_f8c0bdc9_20231116_i1700124758_9391_0_jpg_54b8e81c-3b25-46d4-a784-480b892a0644.jpg?v=1759129727|https://cdn.shopify.com/s/files/1/0912/9351/6071/files/img_f8c0bdc9_20231116_i1700124758_3901_8_jpg_f383af1e-0b5d-449b-812e-4e19e842432c.jpg?v=1759129727|https://cdn.shopify.com/s/files/1/0912/9351/6071/files/img_f8c0bdc9_20231116_i1700124758_49_3_jpg_ddc80516-97be-44ed-982b-6511e5f096ae.jpg?v=1759129727|https://cdn.shopify.com/s/files/1/0912/9351/6071/files/img_f8c0bdc9_20231116_i1700124758_676_5_jpg_aa732e19-e7e7-4e69-a9b2-9e5c2d9ca21d.jpg?v=1759129727|https://cdn.shopify.com/s/files/1/0912/9351/6071/files/img_f8c0bdc9_20231116_i1700124758_1438_2_jpg_53285d84-47a2-40b8-a0e9-a14dd6305419.jpg?v=1759129727|https://cdn.shopify.com/s/files/1/0912/9351/6071/files/img_f8c0bdc9_20231116_i1700124758_2152_1_jpg_76245d80-9838-4115-b617-b19059aedb7b.jpg?v=1759129727|https://cdn.shopify.com/s/files/1/0912/9351/6071/files/img_f8c0bdc9_20231116_i1700124758_2368_4_jpg_67165215-b00b-439e-b1e5-72ea5644e16c.jpg?v=1759129727|https://cdn.shopify.com/s/files/1/0912/9351/6071/files/img_f8c0bdc9_20231116_i1700124758_3280_6_jpg_a4f53c1f-22de-4352-8f29-1a367f76d058.jpg?v=1759129727|https://cdn.shopify.com/s/files/1/0912/9351/6071/files/img_f8c0bdc9_20231116_i1700124758_4869_7_jpg_50f7ee04-3a0b-47d6-8717-1f8ceeeacfbf.jpg?v=1759129727,Hi I want NIKI MEDIUM 28 IN CHESTNUT BROWN ELEPHANT PATTERN LAMBSKIN GOLD HARDWARE,
LE 37 MEDIUM BUCKET BAG 26 IN BRUNETTE BROWN CALFSKIN GOLD HARDWARE,https://cdn.shopify.com/s/files/1/0912/9351/6071/files/img_f8c0bdc9_20241010_i1728544276_49_2_jpg_846659c2-7d57-4293-a342-af2d58da9ca2.jpg?v=1759130456,handbags,ysl,https://cdn.shopify.com/s/files/1/0912/9351/6071/files/img_f8c0bdc9_20241010_i1728544276_49_2_jpg_846659c2-7d57-4293-a342-af2d58da9ca2.jpg?v=1759130456|https://cdn.shopify.com/s/files/1/0912/9351/6071/files/img_f8c0bdc9_20241010_i1728544276_5458_1_jpg_c9124309-ba05-4d3b-93c2-5e7153e7ed25.jpg?v=1759130456|https://cdn.shopify.com/s/files/1/0912/9351/6071/files/img_f8c0bdc9_20241010_i1728544275_3203_0_jpg_f5ae8841-b1c4-48d7-ab84-ee3ba8b8241f.jpg?v=1759130456|https://cdn.shopify.com/s/files/1/0912/9351/6071/files/img_f8c0bdc9_20241010_i1728544276_1216_7_jpg_c6300d6c-38c8-4254-b9b9-a8cf2cd1608a.jpg?v=1759130456|https://cdn.shopify.com/s/files/1/0912/9351/6071/files/img_f8c0bdc9_20241010_i1728544276_2166_4_jpg_9c14e3a0-d48c-4e92-8612-cd7b719aaaf5.jpg?v=1759130456|https://cdn.shopify.com/s/files/1/0912/9351/6071/files/img_f8c0bdc9_20241010_i1728544276_3900_3_jpg_3bbd5cf5-f2ad-425f-ad26-3425d173f903.jpg?v=1759130456|https://cdn.shopify.com/s/files/1/0912/9351/6071/files/img_f8c0bdc9_20241010_i1728544276_5136_8_jpg_42b0029b-e7be-445d-ba93-ce7232d5784f.jpg?v=1759130456|https://cdn.shopify.com/s/files/1/0912/9351/6071/files/img_f8c0bdc9_20241010_i1728544276_5648_6_jpg_2d0b7716-13cc-45c8-b2e5-268b2eee4cf9.jpg?v=1759130456|https://cdn.shopify.com/s/files/1/0912/9351/6071/files/img_f8c0bdc9_20241010_i1728544276_8562_5_jpg_2694b7a1-67ce-44e0-ab4e-5b1d8d7eed18.jpg?v=1759130456,Hi I want LE 37 MEDIUM BUCKET BAG 26 IN BRUNETTE BROWN CALFSKIN GOLD HARDWARE,
CROSSBODY BAG 24 IN BLACK PLAID NYLON,https://cdn.shopify.com/s/files/1/0912/9351/6071/files/img_f8c0bdc9_20240701_i1719825788_5371_2_jpg_3c10982a-5f77-4870-9abf-37139cf330a4.jpg?v=1759130664,handbags,ysl,https://cdn.shopify.com/s/files/1/0912/9351/6071/files/img_f8c0bdc9_20240701_i1719825788_5371_2_jpg_3c10982a-5f77-4870-9abf-37139cf330a4.jpg?v=1759130664|https://cdn.shopify.com/s/files/1/0912/9351/6071/files/img_f8c0bdc9_20240701_i1719825788_405_5_jpg_4dcf45f6-85bd-42b9-801b-f7befa66f266.jpg?v=1759130664|https://cdn.shopify.com/s/files/1/0912/9351/6071/files/img_f8c0bdc9_20240701_i1719825788_2625_1_jpg_4fa318c7-5e91-446a-aafd-32defcb16ee7.jpg?v=1759130664|https://cdn.shopify.com/s/files/1/0912/9351/6071/files/img_f8c0bdc9_20240701_i1719825788_2866_7_jpg_5b2bdfc9-32f8-473c-83f1-334920b962ca.jpg?v=1759130664|https://cdn.shopify.com/s/files/1/0912/9351/6071/files/img_f8c0bdc9_20240701_i1719825788_4117_3_jpg_3cf5826d-a197-4ea8-83c6-a618693241b3.jpg?v=1759130664|https://cdn.shopify.com/s/files/1/0912/9351/6071/files/img_f8c0bdc9_20240701_i1719825788_4226_4_jpg_a9be8c56-16b4-49cb-af4d-21a19c7b5929.jpg?v=1759130664|https://cdn.shopify.com/s/files/1/0912/9351/6071/files/img_f8c0bdc9_20240701_i1719825788_6314_0_jpg_a6ccd290-2ee0-4d20-9540-e8cbf565acc7.jpg?v=1759130664|https://cdn.shopify.com/s/files/1/0912/9351/6071/files/img_f8c0bdc9_20240701_i1719825788_8845_6_jpg_32ae4cef-619c-4134-99fb-53820236015b.jpg?v=1759130664|https://cdn.shopify.com/s/files/1/0912/9351/6071/files/img_f8c0bdc9_20240701_i1719825788_9247_8_jpg_c94c3288-34f0-4654-97dd-62ac502c43fa.jpg?v=1759130664,Hi I want CROSSBODY BAG 24 IN BLACK PLAID NYLON,
LOU CAMERA BAG 23 IN LEOPARD PRINT CALFSKIN,https://cdn.shopify.com/s/files/1/0912/9351/6071/files/img_f8c0bdc9_20241108_i1731047172_1328_6_jpg_63bd8475-8ba7-4cc9-b760-c42f3e2f2601.jpg?v=1759130921,handbags,ysl,https://cdn.shopify.com/s/files/1/0912/9351/6071/files/img_f8c0bdc9_20241108_i1731047172_1328_6_jpg_63bd8475-8ba7-4cc9-b760-c42f3e2f2601.jpg?v=1759130921|https://cdn.shopify.com/s/files/1/0912/9351/6071/files/img_f8c0bdc9_20241108_i1731047171_1424_0_jpg_8c541f90-73ed-4465-9c1b-2636f5e1efca.jpg?v=1759130921|https://cdn.shopify.com/s/files/1/0912/9351/6071/files/img_f8c0bdc9_20241108_i1731047171_2597_2_jpg_980434c5-882b-4a07-a1dd-842a8efec60e.jpg?v=1759130921|https://cdn.shopify.com/s/files/1/0912/9351/6071/files/img_f8c0bdc9_20241108_i1731047171_2779_3_jpg_3533dfa9-bbef-45a6-a1ca-d96e6b44dfd0.jpg?v=1759130921|https://cdn.shopify.com/s/files/1/0912/9351/6071/files/img_f8c0bdc9_20241108_i1731047171_6855_4_jpg_1a8648a4-c441-4dd0-9eb2-d3f666e50614.jpg?v=1759130921|https://cdn.shopify.com/s/files/1/0912/9351/6071/files/img_f8c0bdc9_20241108_i1731047171_9072_1_jpg_606acfea-2cdb-4317-a770-a0ce2591a4f8.jpg?v=1759130921|https://cdn.shopify.com/s/files/1/0912/9351/6071/files/img_f8c0bdc9_20241108_i1731047172_467_5_jpg_3b878ae8-8f52-4885-88c3-6ebc62110de5.jpg?v=1759130921|https://cdn.shopify.com/s/files/1/0912/9351/6071/files/img_f8c0bdc9_20241108_i1731047172_4091_8_jpg_4f971f50-0674-4491-a8e4-886b856214eb.jpg?v=1759130921|https://cdn.shopify.com/s/files/1/0912/9351/6071/files/img_f8c0bdc9_20241108_i1731047172_9931_7_jpg_6a06ff1e-fe52-4b38-9418-7d58abd46a59.jpg?v=1759130921,Hi I want LOU CAMERA BAG 23 IN LEOPARD PRINT CALFSKIN,
JAMIE 4.3 LARGE BAG 43 IN BRONZE BROWN SMOOTH LAMBSKIN GOLD HARDWARE,https://cdn.shopify.com/s/files/1/0912/9351/6071/files/img_f8c0bdc9_20241217_1734412209_648_jpg_5c9c69fe-9ae6-4a9b-9f08-08df17b0a094.jpg?v=1759131124,handbags,ysl,https://cdn.shopify.com/s/files/1/0912/9351/6071/files/img_f8c0bdc9_20241217_1734412209_648_jpg_5c9c69fe-9ae6-4a9b-9f08-08df17b0a094.jpg?v=1759131124|https://cdn.shopify.com/s/files/1/0912/9351/6071/files/img_f8c0bdc9_20241217_1734412209_200_jpg_ac5ce828-31e8-4ba6-ab5d-2edba5ac7ead.jpg?v=1759131124|https://cdn.shopify.com/s/files/1/0912/9351/6071/files/img_f8c0bdc9_20241217_1734412209_297_jpg_19c5fda5-ce62-4b15-adb7-4046bbed0c57.jpg?v=1759131124|https://cdn.shopify.com/s/files/1/0912/9351/6071/files/img_f8c0bdc9_20241217_1734412209_517_jpg_8d103745-133b-4786-b264-1f3ffcce4c83.jpg?v=1759131124|https://cdn.shopify.com/s/files/1/0912/9351/6071/files/img_f8c0bdc9_20241217_1734412209_700_jpg_fb7cfc62-06c9-4d40-9710-50ade3a1ea13.jpg?v=1759131124|https://cdn.shopify.com/s/files/1/0912/9351/6071/files/img_f8c0bdc9_20241217_1734412209_766_jpg_87679199-dcea-40c5-b371-0335e0643fd8.jpg?v=1759131124|https://cdn.shopify.com/s/files/1/0912/9351/6071/files/img_f8c0bdc9_20241217_1734412209_831_jpg_673f5110-335b-46db-97cd-e09dd2a768f9.jpg?v=1759131124|https://cdn.shopify.com/s/files/1/0912/9351/6071/files/img_f8c0bdc9_20241217_1734412209_941_jpg_3a98daaf-a392-4a78-8cdc-c0c788728b66.jpg?v=1759131124|https://cdn.shopify.com/s/files/1/0912/9351/6071/files/img_f8c0bdc9_20241217_1734412210_84_jpg_07123341-517d-49f8-8ef0-d532b1379876.jpg?v=1759131124,Hi I want JAMIE 4.3 LARGE BAG 43 IN BRONZE BROWN SMOOTH LAMBSKIN GOLD HARDWARE,
VOLTAIRE 24 IN BRUNETTE BROWN CALFSKIN,https://cdn.shopify.com/s/files/1/0912/9351/6071/files/img_f8c0bdc9_20241121_i1732169987_6130_5_jpg_92b4eda2-6cc0-4329-b800-a65598ebdc69.jpg?v=1759131282,handbags,ysl,https://cdn.shopify.com/s/files/1/0912/9351/6071/files/img_f8c0bdc9_20241121_i1732169987_6130_5_jpg_92b4eda2-6cc0-4329-b800-a65598ebdc69.jpg?v=1759131282|https://cdn.shopify.com/s/files/1/0912/9351/6071/files/img_f8c0bdc9_20241121_i1732169987_283_2_jpg_ea5b7075-4f3c-4d52-9cc3-1edd18b8b864.jpg?v=1759131282|https://cdn.shopify.com/s/files/1/0912/9351/6071/files/img_f8c0bdc9_20241121_i1732169987_2185_7_jpg_5a723437-eaea-4c6a-9a81-8cd5a12b1d60.jpg?v=1759131282|https://cdn.shopify.com/s/files/1/0912/9351/6071/files/img_f8c0bdc9_20241121_i1732169987_2487_0_jpg_316be4bb-0162-4fe9-be03-2bbc009ac6ab.jpg?v=1759131282|https://cdn.shopify.com/s/files/1/0912/9351/6071/files/img_f8c0bdc9_20241121_i1732169987_2499_6_jpg_d14cf048-f5bf-4c37-9211-b1a278978840.jpg?v=1759131282|https://cdn.shopify.com/s/files/1/0912/9351/6071/files/img_f8c0bdc9_20241121_i1732169987_2918_1_jpg_0a78acd2-6255-49ff-81f3-05ec8eb5be3b.jpg?v=1759131282|https://cdn.shopify.com/s/files/1/0912/9351/6071/files/img_f8c0bdc9_20241121_i1732169987_4076_4_jpg_17316720-862d-47be-9fed-30d858f0ac6f.jpg?v=1759131282|https://cdn.shopify.com/s/files/1/0912/9351/6071/files/img_f8c0bdc9_20241121_i1732169987_5557_8_jpg_45799e32-9616-4cd1-a090-f783114ee969.jpg?v=1759131282|https://cdn.shopify.com/s/files/1/0912/9351/6071/files/img_f8c0bdc9_20241121_i1732169987_8472_3_jpg_31455626-e73b-4d89-8c59-bef537f5e2d3.jpg?v=1759131282,Hi I want VOLTAIRE 24 IN BRUNETTE BROWN CALFSKIN,
CASSANDRA MINI TOP HANDLE BAG 20 IN WHITE CROCODILE-EMBOSSED GLOSSY CALFSKIN,https://cdn.shopify.com/s/files/1/0912/9351/6071/files/img_f8c0bdc9_20240516_i1715854848_2167_1_jpg_8fce8602-c100-4a32-8c73-d1ca1e2a2050.jpg?v=1759131383,handbags,ysl,https://cdn.shopify.com/s/files/1/0912/9351/6071/files/img_f8c0bdc9_20240516_i1715854848_2167_1_jpg_8fce8602-c100-4a32-8c73-d1ca1e2a2050.jpg?v=1759131383|https://cdn.shopify.com/s/files/1/0912/9351/6071/files/img_f8c0bdc9_20240516_i1715854848_1488_6_jpg_ca4e3fb2-2bc2-4e39-9e32-bcd53a8c9500.jpg?v=1759131383|https://cdn.shopify.com/s/files/1/0912/9351/6071/files/img_f8c0bdc9_20240516_i1715854848_2881_3_jpg_6657748f-eae8-46c1-992a-3890786887e0.jpg?v=1759131383|https://cdn.shopify.com/s/files/1/0912/9351/6071/files/img_f8c0bdc9_20240516_i1715854848_2938_7_jpg_a64dabb0-6e34-41df-b381-38e010b4cd3a.jpg?v=1759131383|https://cdn.shopify.com/s/files/1/0912/9351/6071/files/img_f8c0bdc9_20240516_i1715854848_5711_0_jpg_df1fbd4c-7212-450a-b1d7-0faf545eb225.jpg?v=1759131383|https://cdn.shopify.com/s/files/1/0912/9351/6071/files/img_f8c0bdc9_20240516_i1715854848_6334_5_jpg_9d74a45c-d0f7-4a91-8150-0620aabe641a.jpg?v=1759131383|https://cdn.shopify.com/s/files/1/0912/9351/6071/files/img_f8c0bdc9_20240516_i1715854848_6735_8_jpg_27e124b4-58e7-47d7-a0ee-74245f913d0c.jpg?v=1759131383|https://cdn.shopify.com/s/files/1/0912/9351/6071/files/img_f8c0bdc9_20240516_i1715854848_7052_4_jpg_ed97c98b-e21e-42a4-a60b-5fcb5f9b8372.jpg?v=1759131383|https://cdn.shopify.com/s/files/1/0912/9351/6071/files/img_f8c0bdc9_20240516_i1715854848_7434_2_jpg_6aa8fc69-5b00-4127-aad9-8c757ccc33b5.jpg?v=1759131383,Hi I want CASSANDRA MINI TOP HANDLE BAG 20 IN WHITE CROCODILE-EMBOSSED GLOSSY CALFSKIN,
CASSANDRA MINI TOP HANDLE BAG 20 IN RED CALFSKIN GOLD HARDWARE,https://cdn.shopify.com/s/files/1/0912/9351/6071/files/img_f8c0bdc9_20240510_i1715338075_3216_0_jpg_171913fc-cb9c-4ecd-a537-7d2141a6c6fb.jpg?v=1759131393,handbags,ysl,https://cdn.shopify.com/s/files/1/0912/9351/6071/files/img_f8c0bdc9_20240510_i1715338075_3216_0_jpg_171913fc-cb9c-4ecd-a537-7d2141a6c6fb.jpg?v=1759131393|https://cdn.shopify.com/s/files/1/0912/9351/6071/files/img_f8c0bdc9_20240510_i1715338075_419_0_jpg_cfa06052-85d7-40cd-baf4-878cbc0aede9.jpg?v=1759131393|https://cdn.shopify.com/s/files/1/0912/9351/6071/files/img_f8c0bdc9_20240510_i1715338075_594_0_jpg_dbbd4f07-3679-4c72-9000-267f20cd28bd.jpg?v=1759131393|https://cdn.shopify.com/s/files/1/0912/9351/6071/files/img_f8c0bdc9_20240510_i1715338075_843_0_jpg_b4a44158-0567-471c-aa57-8d7cd4684a9b.jpg?v=1759131393|https://cdn.shopify.com/s/files/1/0912/9351/6071/files/img_f8c0bdc9_20240510_i1715338075_1308_0_jpg_7e6361c1-98b3-4fb5-866f-5388246a70f0.jpg?v=1759131393|https://cdn.shopify.com/s/files/1/0912/9351/6071/files/img_f8c0bdc9_20240510_i1715338075_1735_0_jpg_1a883100-3b03-4fa9-8a26-3ed53e9bb8e8.jpg?v=1759131393|https://cdn.shopify.com/s/files/1/0912/9351/6071/files/img_f8c0bdc9_20240510_i1715338075_5085_0_jpg_ffdae409-fa1e-438f-a882-ca42f13c2e04.jpg?v=1759131393|https://cdn.shopify.com/s/files/1/0912/9351/6071/files/img_f8c0bdc9_20240510_i1715338075_5622_0_jpg_5b48629a-91a0-48a0-bd67-f98d16a85c8c.jpg?v=1759131393|https://cdn.shopify.com/s/files/1/0912/9351/6071/files/img_f8c0bdc9_20240510_i1715338075_8947_0_jpg_6d962572-6db2-4dac-a5ab-bdedf50baec6.jpg?v=1759131393,Hi I want CASSANDRA MINI TOP HANDLE BAG 20 IN RED CALFSKIN GOLD HARDWARE,
LOU BACKPACK 33 IN BLACK QUILTED CALFSKIN SILVER HARDWARE,https://cdn.shopify.com/s/files/1/0912/9351/6071/files/20230719_i1689754488_3015_0_jpg_4e3f5e1a-2ba6-4aff-bd9b-d9e875cfbe4c.jpg?v=1759131657,handbags,ysl,https://cdn.shopify.com/s/files/1/0912/9351/6071/files/20230719_i1689754488_3015_0_jpg_4e3f5e1a-2ba6-4aff-bd9b-d9e875cfbe4c.jpg?v=1759131657|https://cdn.shopify.com/s/files/1/0912/9351/6071/files/20230719_i1689754488_51_6_jpg_cf7971e8-b379-48f9-9ca3-392a2d7f2bdd.jpg?v=1759131657|https://cdn.shopify.com/s/files/1/0912/9351/6071/files/20230719_i1689754488_239_5_jpg_4fa0b499-1c55-4d72-be05-c9897f826ad2.jpg?v=1759131657|https://cdn.shopify.com/s/files/1/0912/9351/6071/files/20230719_i1689754488_3607_1_jpg_e0bd43f6-48a8-4d32-b67a-f6d05859e812.jpg?v=1759131657|https://cdn.shopify.com/s/files/1/0912/9351/6071/files/20230719_i1689754488_4986_8_jpg_961a6818-4f8c-49d3-b21f-3d70d79f6829.jpg?v=1759131657|https://cdn.shopify.com/s/files/1/0912/9351/6071/files/20230719_i1689754488_4992_2_jpg_d536ff2a-3a63-4ee4-8ccd-6e9efee2bbee.jpg?v=1759131657|https://cdn.shopify.com/s/files/1/0912/9351/6071/files/20230719_i1689754488_6699_7_jpg_54b88c1e-c1df-4800-ac51-985ce6d56332.jpg?v=1759131657|https://cdn.shopify.com/s/files/1/0912/9351/6071/files/20230719_i1689754488_7825_4_jpg_3e8f5637-51f6-47ea-a2de-700e833741af.jpg?v=1759131657|https://cdn.shopify.com/s/files/1/0912/9351/6071/files/20230719_i1689754488_9314_3_jpg_0a244a7a-91d0-4fbf-b5f9-df19ba375056.jpg?v=1759131657,Hi I want LOU BACKPACK 33 IN BLACK QUILTED CALFSKIN SILVER HARDWARE,
MINI NOLITA BAG 18 IN WHITE LAMBSKIN COPPER HARDWARE,https://cdn.shopify.com/s/files/1/0912/9351/6071/files/img_f8c0bdc9_20241209_1733713924_851_jpg.jpg?v=1778124893,handbags,ysl,https://cdn.shopify.com/s/files/1/0912/9351/6071/files/img_f8c0bdc9_20241209_1733713924_851_jpg.jpg?v=1778124893|https://cdn.shopify.com/s/files/1/0912/9351/6071/files/img_f8c0bdc9_20241209_1733713924_1_jpg.jpg?v=1778124893|https://cdn.shopify.com/s/files/1/0912/9351/6071/files/img_f8c0bdc9_20241209_1733713924_36_jpg.jpg?v=1778124893|https://cdn.shopify.com/s/files/1/0912/9351/6071/files/img_f8c0bdc9_20241209_1733713924_58_jpg.jpg?v=1778124893|https://cdn.shopify.com/s/files/1/0912/9351/6071/files/img_f8c0bdc9_20241209_1733713924_204_jpg.jpg?v=1778124893|https://cdn.shopify.com/s/files/1/0912/9351/6071/files/img_f8c0bdc9_20241209_1733713924_335_jpg.jpg?v=1778124892|https://cdn.shopify.com/s/files/1/0912/9351/6071/files/img_f8c0bdc9_20241209_1733713924_465_jpg.jpg?v=1778124893|https://cdn.shopify.com/s/files/1/0912/9351/6071/files/img_f8c0bdc9_20241209_1733713924_623_jpg.jpg?v=1778124893|https://cdn.shopify.com/s/files/1/0912/9351/6071/files/img_f8c0bdc9_20241209_1733713924_790_jpg.jpg?v=1778124893,Hi I want MINI NOLITA BAG 18 IN WHITE LAMBSKIN COPPER HARDWARE,
LE 5 À 7 BEA TOTE BAG 50 IN LEOPARD PRINT LEATHER GOLD LOGO,https://cdn.shopify.com/s/files/1/0912/9351/6071/files/img_f8c0bdc9_20241210_1733820872_933_jpg_0b49abde-de43-4cee-bef8-77f299f991c2.jpg?v=1759132396,handbags,ysl,https://cdn.shopify.com/s/files/1/0912/9351/6071/files/img_f8c0bdc9_20241210_1733820872_933_jpg_0b49abde-de43-4cee-bef8-77f299f991c2.jpg?v=1759132396|https://cdn.shopify.com/s/files/1/0912/9351/6071/files/img_f8c0bdc9_20241210_1733820872_692_jpg_16710a96-880b-4878-bd49-2ec1842da2f9.jpg?v=1759132396|https://cdn.shopify.com/s/files/1/0912/9351/6071/files/img_f8c0bdc9_20241210_1733820872_346_jpg_31cc69f0-d2fa-44fc-bd31-454ab62b63fd.jpg?v=1759132396|https://cdn.shopify.com/s/files/1/0912/9351/6071/files/img_f8c0bdc9_20241210_1733820872_387_jpg_e93ca663-6c69-4942-9be5-a2f7f93f2a98.jpg?v=1759132396|https://cdn.shopify.com/s/files/1/0912/9351/6071/files/img_f8c0bdc9_20241210_1733820872_415_jpg_2a5012f7-9a7d-463c-9979-c4b520694788.jpg?v=1759132396|https://cdn.shopify.com/s/files/1/0912/9351/6071/files/img_f8c0bdc9_20241210_1733820872_537_jpg_ddf9f514-e14f-4cf0-baab-19289b59aec3.jpg?v=1759132396|https://cdn.shopify.com/s/files/1/0912/9351/6071/files/img_f8c0bdc9_20241210_1733820872_810_jpg_80e435c2-15d0-4460-b31f-1455234f8515.jpg?v=1759132396|https://cdn.shopify.com/s/files/1/0912/9351/6071/files/img_f8c0bdc9_20241210_1733820872_861_jpg_33dd7d8a-3871-48cf-b798-855dfd8e3758.jpg?v=1759132396|https://cdn.shopify.com/s/files/1/0912/9351/6071/files/img_f8c0bdc9_20241210_1733820872_973_jpg_3aa59c6a-5001-4e66-b20c-8dbd04f35abb.jpg?v=1759132396,Hi I want LE 5 À 7 BEA TOTE BAG 50 IN LEOPARD PRINT LEATHER GOLD LOGO,
Le 5 a 7 24 Black Lambskin Ghw,https://cdn.shopify.com/s/files/1/0912/9351/6071/files/20221018_i1666087003_6995_0_jpg_f8f3f6c7-c2f4-4f29-ab07-3df2aaeebb40.jpg?v=1759133664,handbags,ysl,https://cdn.shopify.com/s/files/1/0912/9351/6071/files/20221018_i1666087003_6995_0_jpg_f8f3f6c7-c2f4-4f29-ab07-3df2aaeebb40.jpg?v=1759133664|https://cdn.shopify.com/s/files/1/0912/9351/6071/files/20221018_i1666087003_3694_1_jpg_5336cbe1-6ccc-471d-8b89-2caf06d7a5c3.jpg?v=1759133664|https://cdn.shopify.com/s/files/1/0912/9351/6071/files/20221018_i1666087003_9202_6_jpg_cc417a37-1c30-4f32-b32a-06bfa511623b.jpg?v=1759133664|https://cdn.shopify.com/s/files/1/0912/9351/6071/files/20221018_i1666087003_5801_5_jpg_47ee1764-2640-4d25-a37d-9c0ad2fb8023.jpg?v=1759133664|https://cdn.shopify.com/s/files/1/0912/9351/6071/files/20221018_i1666087003_1733_7_jpg_81236225-5b93-4700-a2c2-a3b8016f3c13.jpg?v=1759133664|https://cdn.shopify.com/s/files/1/0912/9351/6071/files/20221018_i1666087003_1287_4_jpg_d972be65-b295-4264-8314-d4d57827b0f8.jpg?v=1759133664|https://cdn.shopify.com/s/files/1/0912/9351/6071/files/20221018_i1666087003_230_3_jpg_89e4f45e-23b1-4ce6-9b39-3791c5820ce7.jpg?v=1759133664|https://cdn.shopify.com/s/files/1/0912/9351/6071/files/20221018_i1666087003_695_2_jpg_a5dfa7b9-24fb-4a88-a46f-63c45120698f.jpg?v=1759133664|https://cdn.shopify.com/s/files/1/0912/9351/6071/files/20221018_i1666087003_608_8_jpg_aafaf4f7-24c2-4ff4-9e91-401905b3fd0d.jpg?v=1759133664,Hi I want Le 5 a 7 24 Black Lambskin Ghw,
Le 5 a 7 24 Black Lambskin Shw,https://cdn.shopify.com/s/files/1/0912/9351/6071/files/20230413_i1681360668_2354_0_jpg_2bc14fb2-e5d6-4213-ba9e-6285f5415de5.jpg?v=1759133673,handbags,ysl,https://cdn.shopify.com/s/files/1/0912/9351/6071/files/20230413_i1681360668_2354_0_jpg_2bc14fb2-e5d6-4213-ba9e-6285f5415de5.jpg?v=1759133673|https://cdn.shopify.com/s/files/1/0912/9351/6071/files/20230413_i1681360668_9073_1_jpg_e4566558-9c07-41f5-955a-b17032bdf790.jpg?v=1759133673|https://cdn.shopify.com/s/files/1/0912/9351/6071/files/20230413_i1681360668_4067_5_jpg_834f2c83-b087-4da3-b076-4ef716f42b2c.jpg?v=1759133673|https://cdn.shopify.com/s/files/1/0912/9351/6071/files/20230413_i1681360668_1070_2_jpg_e6d6f854-9809-434e-ba37-935c96a3441e.jpg?v=1759133673|https://cdn.shopify.com/s/files/1/0912/9351/6071/files/20230413_i1681360668_532_6_jpg_47fbac2e-6fe4-4fe2-b3f8-841ae151e9cc.jpg?v=1759133673|https://cdn.shopify.com/s/files/1/0912/9351/6071/files/20230413_i1681360668_7492_4_jpg_7c77e213-8dd4-43e2-8f80-98a431996f9a.jpg?v=1759133673|https://cdn.shopify.com/s/files/1/0912/9351/6071/files/20230413_i1681360668_7473_3_jpg_7211d248-1ee8-4740-a72b-85b81df02de0.jpg?v=1759133673|https://cdn.shopify.com/s/files/1/0912/9351/6071/files/20230413_i1681360681_6623_0_jpg_cadfcda1-3ee5-43df-8e57-508d4fa3eef9.jpg?v=1759133673|https://cdn.shopify.com/s/files/1/0912/9351/6071/files/20230413_i1681360681_9527_1_jpg_ec58ca1e-7c17-4d2f-a57f-c923bcc39309.jpg?v=1759133673,Hi I want Le 5 a 7 24 Black Lambskin Shw,
SL Cassandra Top Handle 2wayBag Beige Canvas Brown Leather,https://cdn.shopify.com/s/files/1/0912/9351/6071/files/20230414_i1681453501_3529_0_jpg_67e89335-f8d1-4e82-a5f5-e25969bc668f.jpg?v=1759133762,handbags,ysl,https://cdn.shopify.com/s/files/1/0912/9351/6071/files/20230414_i1681453501_3529_0_jpg_67e89335-f8d1-4e82-a5f5-e25969bc668f.jpg?v=1759133762|https://cdn.shopify.com/s/files/1/0912/9351/6071/files/20230414_i1681453501_7730_2_jpg_9ab6e0d1-0af4-4ada-9cac-8aa85b8e7588.jpg?v=1759133762|https://cdn.shopify.com/s/files/1/0912/9351/6071/files/20230414_i1681453501_4325_5_jpg_45ec3727-1131-4eb4-84af-c83dccd4b2ed.jpg?v=1759133762|https://cdn.shopify.com/s/files/1/0912/9351/6071/files/20230414_i1681453721_6528_0_jpg_20577e2c-3be8-4b58-bd0a-ec54bde230ec.jpg?v=1759133762|https://cdn.shopify.com/s/files/1/0912/9351/6071/files/20230414_i1681453518_510_0_jpg_90679f56-1fa0-4e64-b8c6-0da0d60d6ec6.jpg?v=1759133762|https://cdn.shopify.com/s/files/1/0912/9351/6071/files/20230414_i1681453501_1107_1_jpg_2abce0a7-f244-410e-aac5-226521232748.jpg?v=1759133762|https://cdn.shopify.com/s/files/1/0912/9351/6071/files/20230414_i1681453501_7808_4_jpg_baae66d0-8bd4-451a-9ed0-580fc8489449.jpg?v=1759133763|https://cdn.shopify.com/s/files/1/0912/9351/6071/files/20230414_i1681453501_9632_3_jpg_0322a572-027e-4e45-b7af-527b30400a4d.jpg?v=1759133763|https://cdn.shopify.com/s/files/1/0912/9351/6071/files/20230414_i1681453504_2835_0_jpg_6a8e62a3-2b8a-4c6c-b861-262366754e90.jpg?v=1759133763,Hi I want SL Cassandra Top Handle 2wayBag Beige Canvas Brown Leather,
SL Kaia Small Satchel in white smooth leather,https://cdn.shopify.com/s/files/1/0912/9351/6071/files/20221206_i1670301724_5243_0_jpg_6e6839e4-8261-49cf-8980-374790098df7.jpg?v=1759133829,handbags,ysl,https://cdn.shopify.com/s/files/1/0912/9351/6071/files/20221206_i1670301724_5243_0_jpg_6e6839e4-8261-49cf-8980-374790098df7.jpg?v=1759133829|https://cdn.shopify.com/s/files/1/0912/9351/6071/files/i1670301724_2778_1_1df6b9ba-f1ec-41b3-b80d-dcc3ff0937d4.jpg?v=1759133829|https://cdn.shopify.com/s/files/1/0912/9351/6071/files/20221206_i1670301724_1773_8_jpg_0d6c70fc-d71e-4f88-b1ff-369c5b54b82e.jpg?v=1759133829|https://cdn.shopify.com/s/files/1/0912/9351/6071/files/20221206_i1670301724_4331_2_jpg_61e084d4-ec1b-43b3-a930-19e034e786a2.jpg?v=1759133829|https://cdn.shopify.com/s/files/1/0912/9351/6071/files/20221206_i1670301724_6360_7_jpg_a9834d63-c54d-4d75-85eb-2870e3636e9d.jpg?v=1759133829|https://cdn.shopify.com/s/files/1/0912/9351/6071/files/20221206_i1670301724_305_5_jpg_2e70e551-7a0a-4b88-8945-2ba1475fe167.jpg?v=1759133829|https://cdn.shopify.com/s/files/1/0912/9351/6071/files/20221206_i1670301724_1310_6_jpg_9a819aec-b056-416e-b1ea-4cd2d190c8f5.jpg?v=1759133829|https://cdn.shopify.com/s/files/1/0912/9351/6071/files/20221206_i1670301724_6983_4_jpg_2a21dd80-4178-410d-8f1b-affcbb83d46a.jpg?v=1759133829|https://cdn.shopify.com/s/files/1/0912/9351/6071/files/20221206_i1670301724_7452_3_jpg_62fb73c0-a27a-4cb3-8779-7fb7af3eacf6.jpg?v=1759133829,Hi I want SL Kaia Small Satchel in white smooth leather,
LOULOU PUFFER SMALL 29CM RODEO BLUE SUEDE DENIM,https://cdn.shopify.com/s/files/1/0912/9351/6071/files/20210413_i1618307126_331_0_jpg_4d9a6020-f16f-41ac-a6d1-d2b71ac32653.jpg?v=1759134019,handbags,ysl,https://cdn.shopify.com/s/files/1/0912/9351/6071/files/20210413_i1618307126_331_0_jpg_4d9a6020-f16f-41ac-a6d1-d2b71ac32653.jpg?v=1759134019|https://cdn.shopify.com/s/files/1/0912/9351/6071/files/20210413_i1618307126_1108_4_jpg_d78c7871-14d6-441a-8ed9-ecab5238c168.jpg?v=1759134020|https://cdn.shopify.com/s/files/1/0912/9351/6071/files/20210413_i1618307126_1202_2_jpg_58b4258d-3f5f-40f6-8075-970baa34cc4f.jpg?v=1759134020|https://cdn.shopify.com/s/files/1/0912/9351/6071/files/20210413_i1618307126_2228_6_jpg_5c3ad31e-a23d-42be-a25d-8e521dc5ef5c.jpg?v=1759134020|https://cdn.shopify.com/s/files/1/0912/9351/6071/files/20210413_i1618307126_2549_8_jpg_731e763e-ced2-40f3-bde0-130a96826c3c.jpg?v=1759134020|https://cdn.shopify.com/s/files/1/0912/9351/6071/files/20210413_i1618307126_3485_1_jpg_a7bc2a84-69ff-4a2a-8e8e-1a4d92a12aa5.jpg?v=1759134020|https://cdn.shopify.com/s/files/1/0912/9351/6071/files/20210413_i1618307126_7271_7_jpg_b1227915-6256-48a2-908b-1a6dc3de12dc.jpg?v=1759134020|https://cdn.shopify.com/s/files/1/0912/9351/6071/files/20210413_i1618307126_7641_3_jpg_013f3f9d-169c-4b05-9421-f8f96867aafd.jpg?v=1759134020|https://cdn.shopify.com/s/files/1/0912/9351/6071/files/20210413_i1618307126_9353_5_jpg_f164b8a6-5f23-4940-8c02-00d96d22fdda.jpg?v=1759134020,Hi I want LOULOU PUFFER SMALL 29CM RODEO BLUE SUEDE DENIM,
LOULOU MEDIUM 32 BLACK QUILTED LEATHER GOLD HARDWARE,https://cdn.shopify.com/s/files/1/0912/9351/6071/files/20230702_i1688279746_5198_0_jpg_62be10fa-67a4-4506-8eee-559e96619d4e.jpg?v=1775471593,handbags,ysl,https://cdn.shopify.com/s/files/1/0912/9351/6071/files/20230702_i1688279746_5198_0_jpg_62be10fa-67a4-4506-8eee-559e96619d4e.jpg?v=1775471593|https://cdn.shopify.com/s/files/1/0912/9351/6071/files/20230702_i1688279746_2035_3_jpg_cd91ca6e-fea7-4e50-8e0b-4c5a13730a6b.jpg?v=1775471593|https://cdn.shopify.com/s/files/1/0912/9351/6071/files/20230702_i1688279746_3281_1_jpg_bfe518c6-8538-4196-8296-62c12c2063b5.jpg?v=1775471593|https://cdn.shopify.com/s/files/1/0912/9351/6071/files/20230702_i1688279746_3565_2_jpg_3c8134fc-4a0e-4cf3-a898-a24e920c5365.jpg?v=1775471593|https://cdn.shopify.com/s/files/1/0912/9351/6071/files/20230702_i1688279746_3678_5_jpg_c2f130a4-48f7-489e-b1d9-4818582329bf.jpg?v=1775471593|https://cdn.shopify.com/s/files/1/0912/9351/6071/files/20230702_i1688279746_5406_6_jpg_d0fccf1f-e050-4bbe-8286-35320d4aa13e.jpg?v=1775471593|https://cdn.shopify.com/s/files/1/0912/9351/6071/files/20230702_i1688279746_6235_4_jpg_b41489f0-5b91-41f0-981c-518de3922f24.jpg?v=1775471593|https://cdn.shopify.com/s/files/1/0912/9351/6071/files/20230702_i1688279746_8219_7_jpg_88d506ec-3adf-4e0a-a36e-110ca27e6f21.jpg?v=1775471593|https://cdn.shopify.com/s/files/1/0912/9351/6071/files/20230702_i1688279746_9672_8_jpg_d0be0d79-710c-4a5e-9bbb-1d91ddbd44e0.jpg?v=1775471593,Hi I want LOULOU MEDIUM 32 BLACK QUILTED LEATHER GOLD HARDWARE,
LOULOU MEDIUM 32 BROWN QUILTED LEATHER GOLD HARDWARE,https://cdn.shopify.com/s/files/1/0912/9351/6071/files/20220830_i1661839593_6674_0_jpg_6dc9c686-f743-48bf-baae-ca9da404e345.jpg?v=1775471612,handbags,ysl,https://cdn.shopify.com/s/files/1/0912/9351/6071/files/20220830_i1661839593_6674_0_jpg_6dc9c686-f743-48bf-baae-ca9da404e345.jpg?v=1775471612|https://cdn.shopify.com/s/files/1/0912/9351/6071/files/20220830_i1661839593_1758_2_jpg_ed082eaf-d53a-4583-8e23-8d4a823b2f04.jpg?v=1775471612|https://cdn.shopify.com/s/files/1/0912/9351/6071/files/20220830_i1661839593_2822_3_jpg_4129c06c-c4e1-4da0-94a2-c45a8e3fd9c7.jpg?v=1775471612|https://cdn.shopify.com/s/files/1/0912/9351/6071/files/20220830_i1661839593_3713_1_jpg_a1733acd-6a5b-4183-acef-0cddbbbc2758.jpg?v=1775471612|https://cdn.shopify.com/s/files/1/0912/9351/6071/files/20220830_i1661839593_6454_6_jpg_b7c7af4a-f271-4e91-b4cf-068397ea3878.jpg?v=1775471612|https://cdn.shopify.com/s/files/1/0912/9351/6071/files/20220830_i1661839593_6847_8_jpg_d9a7e554-1ccf-4005-bc7d-7f03c252abaa.jpg?v=1775471612|https://cdn.shopify.com/s/files/1/0912/9351/6071/files/20220830_i1661839593_7107_7_jpg_ac2b2ae0-b9bb-4f81-9bf9-2e6371eb8834.jpg?v=1775471612|https://cdn.shopify.com/s/files/1/0912/9351/6071/files/20220830_i1661839593_7337_5_jpg_c67e36b9-ef88-41a0-b529-24abe190319a.jpg?v=1775471612|https://cdn.shopify.com/s/files/1/0912/9351/6071/files/20220830_i1661839593_8413_4_jpg_78685d9f-35e2-4f61-bea1-22e6e928e132.jpg?v=1775471612,Hi I want LOULOU MEDIUM 32 BROWN QUILTED LEATHER GOLD HARDWARE,
LOULOU MEDIUM 32 BLACK  QUILTED LEATHER SILVER HARDWARE,https://cdn.shopify.com/s/files/1/0912/9351/6071/files/20220830_i1661839072_5767_0_jpg_eeb36d24-3d5d-4d9e-9571-773b8fd74855.jpg?v=1775471618,handbags,ysl,https://cdn.shopify.com/s/files/1/0912/9351/6071/files/20220830_i1661839072_5767_0_jpg_eeb36d24-3d5d-4d9e-9571-773b8fd74855.jpg?v=1775471618|https://cdn.shopify.com/s/files/1/0912/9351/6071/files/20220830_i1661839072_249_8_jpg_9a701c20-400e-4fd7-a2e2-e2fca9d76861.jpg?v=1775471618|https://cdn.shopify.com/s/files/1/0912/9351/6071/files/20220830_i1661839072_1683_3_jpg_7334aa38-2f43-47a7-a585-c30b06dfd07d.jpg?v=1775471618|https://cdn.shopify.com/s/files/1/0912/9351/6071/files/20220830_i1661839072_1884_6_jpg_849cb2f3-a52b-4f5b-8cb4-4371443b4d76.jpg?v=1775471618|https://cdn.shopify.com/s/files/1/0912/9351/6071/files/20220830_i1661839072_3110_1_jpg_57b54a49-8bca-4e82-b449-d5c7b90ee1a6.jpg?v=1775471618|https://cdn.shopify.com/s/files/1/0912/9351/6071/files/20220830_i1661839072_3692_7_jpg_e58b5366-e348-4a76-a47f-9d169c4d66f5.jpg?v=1775471618|https://cdn.shopify.com/s/files/1/0912/9351/6071/files/20220830_i1661839072_3696_4_jpg_2839307e-bc05-4a7b-acfd-e43c0de01a09.jpg?v=1775471618|https://cdn.shopify.com/s/files/1/0912/9351/6071/files/20220830_i1661839072_5079_2_jpg_1a5ae253-bbe8-41ba-9838-51930f615b69.jpg?v=1775471618|https://cdn.shopify.com/s/files/1/0912/9351/6071/files/20220830_i1661839072_9102_5_jpg_77bc9c76-d917-4625-ae58-0559a5b9d1fc.jpg?v=1775471618,Hi I want LOULOU MEDIUM 32 BLACK  QUILTED LEATHER SILVER HARDWARE,
YSL 2026 Evening Bag 18cm Crystal,https://cdn.shopify.com/s/files/1/0912/9351/6071/files/Image_20260627145113_348_25_d11ff789-7504-4ad4-bb9f-ca266d69b6a3.jpg?v=1782720121,handbags,ysl,https://cdn.shopify.com/s/files/1/0912/9351/6071/files/Image_20260627145113_348_25_d11ff789-7504-4ad4-bb9f-ca266d69b6a3.jpg?v=1782720121|https://cdn.shopify.com/s/files/1/0912/9351/6071/files/P01215840_b1_f48e2d2f-c7d6-4975-a9b0-7fd133243998.jpg?v=1782720121|https://cdn.shopify.com/s/files/1/0912/9351/6071/files/Image_20260627145114_349_25_291c33e2-58cd-4220-931b-8e34c6099304.jpg?v=1782720121|https://cdn.shopify.com/s/files/1/0912/9351/6071/files/Image_20260627145115_350_25_41b8a9d2-c5c9-4878-8bd8-f5e77dfee7ef.jpg?v=1782720121|https://cdn.shopify.com/s/files/1/0912/9351/6071/files/Image_20260627145116_351_25_c22b623b-202b-4273-b1dc-99e2b6732f3c.jpg?v=1782720121|https://cdn.shopify.com/s/files/1/0912/9351/6071/files/Image_20260627145118_352_25_f5fe1189-f611-47b9-a182-af4c1b94cc91.jpg?v=1782720121|https://cdn.shopify.com/s/files/1/0912/9351/6071/files/Image_20260627145119_353_25_fe514ab7-ed9f-430a-ae24-9961d90ce340.jpg?v=1782720121|https://cdn.shopify.com/s/files/1/0912/9351/6071/files/Image_20260627145121_354_25_bb28a3b3-906a-4490-9eb4-f81e72230265.jpg?v=1782720121|https://cdn.shopify.com/s/files/1/0912/9351/6071/files/Image_20260627145122_355_25_8e95e9cd-f167-4764-bff3-b75465114142.jpg?v=1782720121|https://cdn.shopify.com/s/files/1/0912/9351/6071/files/Image_20260627145123_356_25_d5591651-383c-4c83-914f-e9d11cce59fe.jpg?v=1782720121,Hi I want YSL 2026 Evening Bag 18cm Crystal,New
YSL 2026 Icare Wooden Bead  46cm Brown Woven Bag,https://cdn.shopify.com/s/files/1/0912/9351/6071/files/Image_20260504101138_4149_65_d3a48ae9-d06c-4658-b0c7-58843b6eb318.jpg?v=1782699371,handbags,ysl,https://cdn.shopify.com/s/files/1/0912/9351/6071/files/Image_20260504101138_4149_65_d3a48ae9-d06c-4658-b0c7-58843b6eb318.jpg?v=1782699371|https://cdn.shopify.com/s/files/1/0912/9351/6071/files/Image_20260504101138_4150_65_8c1102fd-cfa6-462c-8a57-b515124fa79d.jpg?v=1782699371|https://cdn.shopify.com/s/files/1/0912/9351/6071/files/Image_20260504101139_4151_65_226a78a7-6ea4-4d4c-9ec8-935950ed3a7a.jpg?v=1782699371|https://cdn.shopify.com/s/files/1/0912/9351/6071/files/Image_20260504101140_4152_65_80ba30de-c0ea-4b22-9449-ad7b8cce585a.jpg?v=1782699371|https://cdn.shopify.com/s/files/1/0912/9351/6071/files/Image_20260504101141_4153_65_55f389ab-e065-47f5-bbd3-164e9ed275c3.jpg?v=1782699371|https://cdn.shopify.com/s/files/1/0912/9351/6071/files/Image_20260504101142_4154_65_147efe7e-76eb-407c-9754-83b02a016a3b.jpg?v=1782699371|https://cdn.shopify.com/s/files/1/0912/9351/6071/files/Image_20260504101143_4155_65_5e8917e5-9d4d-4b18-b920-50aa4d5c4ad8.jpg?v=1782699371|https://cdn.shopify.com/s/files/1/0912/9351/6071/files/Image_20260504101144_4156_65_e9cffc2d-b2cd-4e79-b161-8d0d67542e25.jpg?v=1782699371|https://cdn.shopify.com/s/files/1/0912/9351/6071/files/Image_20260504101145_4157_65_66e1bd16-d260-4252-840c-2235dddbb27e.jpg?v=1782699371,Hi I want YSL 2026 Icare Wooden Bead  46cm Brown Woven Bag,New
YSL Shoulder Bag 25 Camel Brown Calfskin,https://cdn.shopify.com/s/files/1/0912/9351/6071/files/imgHD_8eee9a63_20250804_i1754288399979_7869_0_0_jpg.jpg?v=1769506527,handbags,ysl,https://cdn.shopify.com/s/files/1/0912/9351/6071/files/imgHD_8eee9a63_20250804_i1754288399979_7869_0_0_jpg.jpg?v=1769506527|https://cdn.shopify.com/s/files/1/0912/9351/6071/files/imgHD_8eee9a63_20250804_i1754288401715_689_0_6_jpg.jpg?v=1769506527|https://cdn.shopify.com/s/files/1/0912/9351/6071/files/imgHD_8eee9a63_20250804_i1754288401712_8189_0_7_jpg.jpg?v=1769506527|https://cdn.shopify.com/s/files/1/0912/9351/6071/files/imgHD_8eee9a63_20250804_i1754288399979_3557_0_5_jpg.jpg?v=1769506527|https://cdn.shopify.com/s/files/1/0912/9351/6071/files/imgHD_8eee9a63_20250804_i1754288399979_1386_0_1_jpg.jpg?v=1769506526|https://cdn.shopify.com/s/files/1/0912/9351/6071/files/imgHD_8eee9a63_20250804_i1754288399979_4138_0_4_jpg.jpg?v=1769506527|https://cdn.shopify.com/s/files/1/0912/9351/6071/files/imgHD_8eee9a63_20250804_i1754288399979_8003_0_3_jpg.jpg?v=1769506526|https://cdn.shopify.com/s/files/1/0912/9351/6071/files/imgHD_8eee9a63_20250804_i1754288401706_921_0_2_jpg.jpg?v=1769506527,Hi I want YSL Shoulder Bag 25 Camel Brown Calfskin,New
YSL Niki Mini Handbag 18 Black Lambskin Gold Hardware,https://cdn.shopify.com/s/files/1/0912/9351/6071/files/imgHD_4dea1bed_20250527_i1748358443531_4312_0_0_jpg.jpg?v=1769506522,handbags,ysl,https://cdn.shopify.com/s/files/1/0912/9351/6071/files/imgHD_4dea1bed_20250527_i1748358443531_4312_0_0_jpg.jpg?v=1769506522|https://cdn.shopify.com/s/files/1/0912/9351/6071/files/imgHD_4dea1bed_20250527_i1748358443528_1149_0_5_jpg.jpg?v=1769506522|https://cdn.shopify.com/s/files/1/0912/9351/6071/files/imgHD_4dea1bed_20250527_i1748358443539_1914_0_6_jpg.jpg?v=1769506522|https://cdn.shopify.com/s/files/1/0912/9351/6071/files/imgHD_4dea1bed_20250527_i1748358290714_8759_0_3_jpg.jpg?v=1769506522|https://cdn.shopify.com/s/files/1/0912/9351/6071/files/imgHD_4dea1bed_20250527_i1748358442005_8810_0_8_jpg.jpg?v=1769506522|https://cdn.shopify.com/s/files/1/0912/9351/6071/files/imgHD_4dea1bed_20250527_i1748358442006_6854_0_7_jpg.jpg?v=1769506522|https://cdn.shopify.com/s/files/1/0912/9351/6071/files/imgHD_4dea1bed_20250527_i1748358442017_8009_0_3_jpg.jpg?v=1769506522|https://cdn.shopify.com/s/files/1/0912/9351/6071/files/imgHD_4dea1bed_20250527_i1748358442019_8471_0_2_jpg.jpg?v=1769506522|https://cdn.shopify.com/s/files/1/0912/9351/6071/files/imgHD_4dea1bed_20250527_i1748358443520_2802_0_4_jpg.jpg?v=1769506522,Hi I want YSL Niki Mini Handbag 18 Black Lambskin Gold Hardware,New
YSL Handbag 28 Brown Pattern Lambskin,https://cdn.shopify.com/s/files/1/0912/9351/6071/files/img_d005b8fd_20240723_i1721734866_151_4_jpg.jpg?v=1769506480,handbags,ysl,https://cdn.shopify.com/s/files/1/0912/9351/6071/files/img_d005b8fd_20240723_i1721734866_151_4_jpg.jpg?v=1769506480|https://cdn.shopify.com/s/files/1/0912/9351/6071/files/img_d005b8fd_20240723_i1721734866_742_0_jpg.jpg?v=1769506480|https://cdn.shopify.com/s/files/1/0912/9351/6071/files/img_d005b8fd_20240723_i1721734866_1672_6_jpg.jpg?v=1769506480|https://cdn.shopify.com/s/files/1/0912/9351/6071/files/img_d005b8fd_20240723_i1721734866_5009_2_jpg.jpg?v=1769506480|https://cdn.shopify.com/s/files/1/0912/9351/6071/files/img_d005b8fd_20240723_i1721734866_5186_5_jpg.jpg?v=1769506480|https://cdn.shopify.com/s/files/1/0912/9351/6071/files/img_d005b8fd_20240723_i1721734866_5544_8_jpg.jpg?v=1769506480|https://cdn.shopify.com/s/files/1/0912/9351/6071/files/img_d005b8fd_20240723_i1721734866_5902_1_jpg.jpg?v=1769506480|https://cdn.shopify.com/s/files/1/0912/9351/6071/files/img_d005b8fd_20240723_i1721734866_7240_3_jpg.jpg?v=1769506480|https://cdn.shopify.com/s/files/1/0912/9351/6071/files/img_d005b8fd_20240723_i1721734866_7599_7_jpg.jpg?v=1769506480,Hi I want YSL Handbag 28 Brown Pattern Lambskin,New
YSL 2025 Tote 38cm Bag Brown Smooth Leather,https://cdn.shopify.com/s/files/1/0912/9351/6071/files/Image_20251030104918_917_20.jpg?v=1761797352,handbags,ysl,https://cdn.shopify.com/s/files/1/0912/9351/6071/files/Image_20251030104918_917_20.jpg?v=1761797352|https://cdn.shopify.com/s/files/1/0912/9351/6071/files/Image_20251030104919_918_20.jpg?v=1761797352|https://cdn.shopify.com/s/files/1/0912/9351/6071/files/Image_20251030104920_919_20.jpg?v=1761797352|https://cdn.shopify.com/s/files/1/0912/9351/6071/files/Image_20251030104921_920_20.jpg?v=1761797352|https://cdn.shopify.com/s/files/1/0912/9351/6071/files/Image_20251030104923_921_20.jpg?v=1761797352|https://cdn.shopify.com/s/files/1/0912/9351/6071/files/Image_20251030104924_922_20.jpg?v=1761797352|https://cdn.shopify.com/s/files/1/0912/9351/6071/files/Image_20251030104925_923_20.jpg?v=1761797352|https://cdn.shopify.com/s/files/1/0912/9351/6071/files/Image_20251030104926_925_20.jpg?v=1761797352|https://cdn.shopify.com/s/files/1/0912/9351/6071/files/Image_20251030104927_926_20.jpg?v=1761797352,Hi I want YSL 2025 Tote 38cm Bag Brown Smooth Leather,New
Saint Laurent Sac De Jour Nano Tote Bag Brown Calfskin,https://cdn.shopify.com/s/files/1/0912/9351/6071/files/Image_20250908101704_8007_17.jpg?v=1759128248,handbags,ysl,https://cdn.shopify.com/s/files/1/0912/9351/6071/files/Image_20250908101704_8007_17.jpg?v=1759128248|https://cdn.shopify.com/s/files/1/0912/9351/6071/files/Image_20250908101705_8008_17.jpg?v=1759128248|https://cdn.shopify.com/s/files/1/0912/9351/6071/files/Image_20250908101706_8010_17.jpg?v=1759128248|https://cdn.shopify.com/s/files/1/0912/9351/6071/files/Image_20250908101707_8011_17.jpg?v=1759128248|https://cdn.shopify.com/s/files/1/0912/9351/6071/files/Image_20250908101709_8012_17.jpg?v=1759128248|https://cdn.shopify.com/s/files/1/0912/9351/6071/files/Image_20250908101710_8013_17.jpg?v=1759128248|https://cdn.shopify.com/s/files/1/0912/9351/6071/files/Image_20250908101710_8014_17.jpg?v=1759128248|https://cdn.shopify.com/s/files/1/0912/9351/6071/files/Image_20250908101711_8015_17.jpg?v=1759128248,Hi I want Saint Laurent Sac De Jour Nano Tote Bag Brown Calfskin,New
YSL Icarino Icare 44cm Bag Black Lambskin,https://cdn.shopify.com/s/files/1/0912/9351/6071/files/Image_20250923171753_9181_16.jpg?v=1759128235,handbags,ysl,https://cdn.shopify.com/s/files/1/0912/9351/6071/files/Image_20250923171753_9181_16.jpg?v=1759128235|https://cdn.shopify.com/s/files/1/0912/9351/6071/files/Image_20250923171756_9183_16.jpg?v=1759128235|https://cdn.shopify.com/s/files/1/0912/9351/6071/files/Image_20250923171758_9184_16.jpg?v=1759128235|https://cdn.shopify.com/s/files/1/0912/9351/6071/files/Image_20250923171802_9185_16.jpg?v=1759128235|https://cdn.shopify.com/s/files/1/0912/9351/6071/files/Image_20250923171806_9186_16.jpg?v=1759128235|https://cdn.shopify.com/s/files/1/0912/9351/6071/files/Image_20250923171810_9187_16.jpg?v=1759128235|https://cdn.shopify.com/s/files/1/0912/9351/6071/files/Image_20250923171813_9188_16.jpg?v=1759128235|https://cdn.shopify.com/s/files/1/0912/9351/6071/files/Image_20250923171816_9189_16.jpg?v=1759128235|https://cdn.shopify.com/s/files/1/0912/9351/6071/files/Image_20250923171820_9190_16.jpg?v=1759128235,Hi I want YSL Icarino Icare 44cm Bag Black Lambskin,New
YSL bag 59cm Black Gold Calfskin,https://cdn.shopify.com/s/files/1/0912/9351/6071/files/img_d005b8fd_20250704_i1751612764034_2121_0_8_jpg_9ca0d3fc-4380-43c2-89c7-7fb2c9e51dd6.jpg?v=1775644569,handbags,ysl,https://cdn.shopify.com/s/files/1/0912/9351/6071/files/img_d005b8fd_20250704_i1751612764034_2121_0_8_jpg_9ca0d3fc-4380-43c2-89c7-7fb2c9e51dd6.jpg?v=1775644569|https://cdn.shopify.com/s/files/1/0912/9351/6071/files/img_d005b8fd_20250704_i1751612766602_8706_0_6_jpg_d316e031-e66a-426c-8bf6-745b94465b4b.jpg?v=1775644568|https://cdn.shopify.com/s/files/1/0912/9351/6071/files/img_d005b8fd_20250704_i1751612764034_1152_0_2_jpg_3055786e-eb30-44eb-b90e-ff56952f5028.jpg?v=1775644569|https://cdn.shopify.com/s/files/1/0912/9351/6071/files/img_d005b8fd_20250704_i1751612764034_1662_0_7_jpg_bd7398f3-5586-4057-ba57-2b15a2a48948.jpg?v=1775644569|https://cdn.shopify.com/s/files/1/0912/9351/6071/files/img_d005b8fd_20250704_i1751612764034_2647_0_4_jpg_94002575-b71d-4c8c-8461-2a7b9ffc7f21.jpg?v=1775644569|https://cdn.shopify.com/s/files/1/0912/9351/6071/files/img_d005b8fd_20250704_i1751612764034_8588_0_0_jpg_d85fcb11-4840-42d9-bbbb-5762cb7659a2.jpg?v=1775644569|https://cdn.shopify.com/s/files/1/0912/9351/6071/files/img_d005b8fd_20250704_i1751612766598_1236_0_3_jpg_5783c2ea-619a-4f2a-a00d-086003b1a7cf.jpg?v=1775644568|https://cdn.shopify.com/s/files/1/0912/9351/6071/files/img_d005b8fd_20250704_i1751612766602_4589_0_5_jpg_b3b2f207-e42a-428a-9682-b30e25108a9c.jpg?v=1775644569|https://cdn.shopify.com/s/files/1/0912/9351/6071/files/img_d005b8fd_20250704_i1751612766610_8369_0_1_jpg_1b13a7c0-fef5-4b21-a67b-83a01b82c87e.jpg?v=1775644568,Hi I want YSL bag 59cm Black Gold Calfskin,New
YSL Niki Baby Bag Black Calfskin 338910,https://cdn.shopify.com/s/files/1/0912/9351/6071/files/imgHD_8eee9a63_20250527_i1748361798511_4218_0_0_jpg_9b2a19a8-ff00-414a-8b2b-e45a393cc8ad.jpg?v=1759133049,handbags,ysl,https://cdn.shopify.com/s/files/1/0912/9351/6071/files/imgHD_8eee9a63_20250527_i1748361798511_4218_0_0_jpg_9b2a19a8-ff00-414a-8b2b-e45a393cc8ad.jpg?v=1759133049|https://cdn.shopify.com/s/files/1/0912/9351/6071/files/imgHD_8eee9a63_20250527_i1748361798506_6328_0_3_jpg_69a3558e-d533-4e79-894f-06d194fca5f5.jpg?v=1759133049|https://cdn.shopify.com/s/files/1/0912/9351/6071/files/imgHD_8eee9a63_20250527_i1748361798500_7868_0_6_jpg_45eed1ac-975c-494c-acf8-b8dfab91c7ae.jpg?v=1759133049|https://cdn.shopify.com/s/files/1/0912/9351/6071/files/imgHD_8eee9a63_20250527_i1748361798511_7731_0_1_jpg_8593ecc5-9207-4f41-b4ae-400592cbf769.jpg?v=1759133049|https://cdn.shopify.com/s/files/1/0912/9351/6071/files/imgHD_8eee9a63_20250527_i1748361801376_4550_0_7_jpg_7cd0f954-b33c-445b-bc16-34d29ae6802c.jpg?v=1759133049|https://cdn.shopify.com/s/files/1/0912/9351/6071/files/imgHD_8eee9a63_20250527_i1748361798516_4136_0_4_jpg_998480e1-bcd2-436f-a1f9-90ea2e8ac1f3.jpg?v=1759133049|https://cdn.shopify.com/s/files/1/0912/9351/6071/files/imgHD_8eee9a63_20250527_i1748361801386_594_0_5_jpg_2ab596ff-c5fc-407d-9d4e-2e5be6f23a7c.jpg?v=1759133049|https://cdn.shopify.com/s/files/1/0912/9351/6071/files/imgHD_8eee9a63_20250527_i1748361801302_5906_0_8_jpg_35adbcb3-d37f-4e1b-95e7-27a3f356c58f.jpg?v=1759133049|https://cdn.shopify.com/s/files/1/0912/9351/6071/files/imgHD_8eee9a63_20250527_i1748361801380_8722_0_2_jpg_0b6c2db5-935a-448c-b93b-4fe1e0febb49.jpg?v=1759133049,Hi I want YSL Niki Baby Bag Black Calfskin 338910,New
YSL Wallet White Gold Cowhide 240578,https://cdn.shopify.com/s/files/1/0912/9351/6071/files/img_80e46a01_20241127_i1732678759_2352_4_jpg_5ef65b4e-7b3c-4148-9ff1-8f99a54033d2.jpg?v=1759132803,handbags,ysl,https://cdn.shopify.com/s/files/1/0912/9351/6071/files/img_80e46a01_20241127_i1732678759_2352_4_jpg_5ef65b4e-7b3c-4148-9ff1-8f99a54033d2.jpg?v=1759132803|https://cdn.shopify.com/s/files/1/0912/9351/6071/files/img_80e46a01_20241127_i1732678759_6951_0_jpg_dd9fb167-1b55-4ef8-9e33-a632747f2a6e.jpg?v=1759132803|https://cdn.shopify.com/s/files/1/0912/9351/6071/files/img_80e46a01_20241127_i1732678759_379_3_jpg_49bff7b3-0032-447c-8357-fb4f6ec3f873.jpg?v=1759132803|https://cdn.shopify.com/s/files/1/0912/9351/6071/files/img_80e46a01_20241127_i1732678759_3592_2_jpg_66e34f2e-1734-47e9-9d08-a78ea3760f9a.jpg?v=1759132803|https://cdn.shopify.com/s/files/1/0912/9351/6071/files/img_80e46a01_20241127_i1732678759_5657_5_jpg_1c6c94a0-08b7-4b49-8984-cad342e6f1a6.jpg?v=1759132803|https://cdn.shopify.com/s/files/1/0912/9351/6071/files/img_80e46a01_20241127_i1732678759_6029_7_jpg_c0d7db4b-1631-4977-b61f-2abfaa39cdf0.jpg?v=1759132803|https://cdn.shopify.com/s/files/1/0912/9351/6071/files/img_80e46a01_20241127_i1732678759_6764_6_jpg_22434e36-2513-45a1-865d-7f73af6509a4.jpg?v=1759132803|https://cdn.shopify.com/s/files/1/0912/9351/6071/files/img_80e46a01_20241127_i1732678759_7448_8_jpg_79ea6f62-1794-44c0-beab-58ff0b19f045.jpg?v=1759132803|https://cdn.shopify.com/s/files/1/0912/9351/6071/files/img_80e46a01_20241127_i1732678759_9929_1_jpg_ae0ed007-9fc5-40bf-9c12-60dbaae7e5a9.jpg?v=1759132803,Hi I want YSL Wallet White Gold Cowhide 240578,New
YSL Wallet Brown Gold Cowhide 240576,https://cdn.shopify.com/s/files/1/0912/9351/6071/files/img_80e46a01_20241127_i1732678772_6802_3_jpg_f3bf0e17-8dbf-4011-a2e4-43cee19f9c11.jpg?v=1759132793,handbags,ysl,https://cdn.shopify.com/s/files/1/0912/9351/6071/files/img_80e46a01_20241127_i1732678772_6802_3_jpg_f3bf0e17-8dbf-4011-a2e4-43cee19f9c11.jpg?v=1759132793|https://cdn.shopify.com/s/files/1/0912/9351/6071/files/img_80e46a01_20241127_i1732678772_253_2_jpg_21f10571-c8ac-47c3-89b6-2df62c4f6c3f.jpg?v=1759132793|https://cdn.shopify.com/s/files/1/0912/9351/6071/files/img_80e46a01_20241127_i1732678772_3496_7_jpg_cf2a3a71-0a2a-4f8c-9d20-5f0bb1476e55.jpg?v=1759132793|https://cdn.shopify.com/s/files/1/0912/9351/6071/files/img_80e46a01_20241127_i1732678772_4959_5_jpg_74a2d15a-4760-4214-8ca9-7bbc16425bdf.jpg?v=1759132793|https://cdn.shopify.com/s/files/1/0912/9351/6071/files/img_80e46a01_20241127_i1732678772_8736_8_jpg_5240c93e-b21f-4fe6-b58b-bf05f829f9e0.jpg?v=1759132793|https://cdn.shopify.com/s/files/1/0912/9351/6071/files/img_80e46a01_20241127_i1732678772_9722_6_jpg_3d253079-a6b6-48b3-b3f5-6cb1c2df3efb.jpg?v=1759132793|https://cdn.shopify.com/s/files/1/0912/9351/6071/files/img_80e46a01_20241127_i1732678772_9899_1_jpg_1ad7df1e-583d-4c77-86f4-0aa15c82411d.jpg?v=1759132793|https://cdn.shopify.com/s/files/1/0912/9351/6071/files/img_80e46a01_20241127_i1732678772_5588_0_jpg_bd5619b0-fb0e-4716-a6cf-27b9e12cefc5.jpg?v=1759132793|https://cdn.shopify.com/s/files/1/0912/9351/6071/files/img_80e46a01_20241127_i1732678772_8828_4_jpg_0d8e79e8-a815-4218-8265-49c1cf1921ad.jpg?v=1759132793,Hi I want YSL Wallet Brown Gold Cowhide 240576,New
YSL Wallet Black Silver Cowhide 240574,https://cdn.shopify.com/s/files/1/0912/9351/6071/files/img_80e46a01_20241127_i1732678789_317_1_jpg_e9fb7516-39ce-4f77-afc0-d0b6f2d4805a.jpg?v=1759132783,handbags,ysl,https://cdn.shopify.com/s/files/1/0912/9351/6071/files/img_80e46a01_20241127_i1732678789_317_1_jpg_e9fb7516-39ce-4f77-afc0-d0b6f2d4805a.jpg?v=1759132783|https://cdn.shopify.com/s/files/1/0912/9351/6071/files/img_80e46a01_20241127_i1732678789_1324_3_jpg_b22a108a-6a51-4425-b7ba-f7e2b248e4b5.jpg?v=1759132783|https://cdn.shopify.com/s/files/1/0912/9351/6071/files/img_80e46a01_20241127_i1732678789_3161_7_jpg_751a3445-df84-440e-bd71-7321de8776be.jpg?v=1759132783|https://cdn.shopify.com/s/files/1/0912/9351/6071/files/img_80e46a01_20241127_i1732678789_3282_8_jpg_fbdc0c8e-c8d8-4610-bbaa-d9ede5a73e93.jpg?v=1759132783|https://cdn.shopify.com/s/files/1/0912/9351/6071/files/img_80e46a01_20241127_i1732678789_6482_0_jpg_930442fa-5d33-4c1c-99fd-ebd1d4b1748e.jpg?v=1759132783|https://cdn.shopify.com/s/files/1/0912/9351/6071/files/img_80e46a01_20241127_i1732678789_7090_4_jpg_eccff971-631c-4ccf-9097-94f36770cb04.jpg?v=1759132783|https://cdn.shopify.com/s/files/1/0912/9351/6071/files/img_80e46a01_20241127_i1732678789_7584_5_jpg_6992ba66-70f0-43ce-a8c2-386915167b19.jpg?v=1759132784|https://cdn.shopify.com/s/files/1/0912/9351/6071/files/img_80e46a01_20241127_i1732678789_7810_2_jpg_431a2d17-31be-4a96-8232-5d8e262a92f5.jpg?v=1759132784|https://cdn.shopify.com/s/files/1/0912/9351/6071/files/img_80e46a01_20241127_i1732678789_9022_6_jpg_f5cef1ff-77a1-485f-b13d-b4951349becd.jpg?v=1759132784,Hi I want YSL Wallet Black Silver Cowhide 240574,New
le 5a7 large 30cm woven raffia brown calfskin,https://cdn.shopify.com/s/files/1/0912/9351/6071/files/20240526_i1716707033_204_0_jpg_2329f9e1-7fbe-4d06-916d-088aa0e142b5.jpg?v=1759128347,handbags,ysl,https://cdn.shopify.com/s/files/1/0912/9351/6071/files/20240526_i1716707033_204_0_jpg_2329f9e1-7fbe-4d06-916d-088aa0e142b5.jpg?v=1759128347|https://cdn.shopify.com/s/files/1/0912/9351/6071/files/20240526_i1716706744_2526_6_jpg_51a33928-3648-4bd4-9882-1ee05a95a65b.jpg?v=1759128347|https://cdn.shopify.com/s/files/1/0912/9351/6071/files/20240526_i1716706744_6523_4_jpg_b5a42abc-4a40-4ebd-b597-03bbe60ba55e.jpg?v=1759128347|https://cdn.shopify.com/s/files/1/0912/9351/6071/files/20240526_i1716706744_7557_5_jpg_eb76e1d8-b1dc-4bfa-91a1-d57ac38779de.jpg?v=1759128347|https://cdn.shopify.com/s/files/1/0912/9351/6071/files/20240526_i1716706744_8203_0_jpg_a37ca40f-81af-4cb4-b0d4-c9e522000d66.jpg?v=1759128347|https://cdn.shopify.com/s/files/1/0912/9351/6071/files/20240526_i1716706744_8810_1_jpg_f458249b-350b-4246-a0f6-338617e8a151.jpg?v=1759128347|https://cdn.shopify.com/s/files/1/0912/9351/6071/files/20240526_i1716707033_6435_1_jpg_b4ae9d81-417c-4892-b5e0-572edc5d7d4b.jpg?v=1759128347|https://cdn.shopify.com/s/files/1/0912/9351/6071/files/20240526_i1716706744_8901_3_jpg_c60998cb-257c-485a-bc6a-c1c68d1c5e19.jpg?v=1759128348|https://cdn.shopify.com/s/files/1/0912/9351/6071/files/20240526_i1716707067_310_0_jpg_27bd26be-0f1f-4465-8925-a906c8921a69.jpg?v=1759128348,Hi I want le 5a7 large 30cm woven raffia brown calfskin,
YSL MEDIUM 44CM PANIER BLACK RAFFIA TOTE BAG,https://cdn.shopify.com/s/files/1/0912/9351/6071/files/img_c531d0e5_20240902_i1725259183_8264_1_jpg_093eade9-aaab-425a-9ff8-2a3b3c5cc7ce.jpg?v=1775730707,handbags,ysl,https://cdn.shopify.com/s/files/1/0912/9351/6071/files/img_c531d0e5_20240902_i1725259183_8264_1_jpg_093eade9-aaab-425a-9ff8-2a3b3c5cc7ce.jpg?v=1775730707|https://cdn.shopify.com/s/files/1/0912/9351/6071/files/img_c531d0e5_20240902_i1725259183_1543_0_jpg_fd6e3f46-2fb8-453a-9fd2-637c9691d675.jpg?v=1775730707|https://cdn.shopify.com/s/files/1/0912/9351/6071/files/img_c531d0e5_20240902_i1725259183_3551_3_jpg_3c74735b-46a7-408e-a639-0f384893ac20.jpg?v=1775730707|https://cdn.shopify.com/s/files/1/0912/9351/6071/files/img_c531d0e5_20240902_i1725259183_495_4_jpg_6f35d88f-e1bb-4de8-aedc-e48fa1708572.jpg?v=1775730707|https://cdn.shopify.com/s/files/1/0912/9351/6071/files/img_c531d0e5_20240902_i1725259183_5103_8_jpg_7c539500-9a8b-4d57-9bd4-c7d1430fd024.jpg?v=1775730707|https://cdn.shopify.com/s/files/1/0912/9351/6071/files/img_c531d0e5_20240902_i1725259183_5859_2_jpg_4b375a6c-8bf9-451a-85fa-f08eea1b44f2.jpg?v=1775730707|https://cdn.shopify.com/s/files/1/0912/9351/6071/files/img_c531d0e5_20240902_i1725259183_6016_6_jpg_0f54f022-8361-4f4e-b991-819646428248.jpg?v=1775730707|https://cdn.shopify.com/s/files/1/0912/9351/6071/files/img_c531d0e5_20240902_i1725259183_7968_7_jpg_310ce6aa-b8c0-4a47-80b0-64e64517ca45.jpg?v=1775730707|https://cdn.shopify.com/s/files/1/0912/9351/6071/files/img_c531d0e5_20240902_i1725259183_8709_5_jpg_c54f2b42-b55a-46bb-b462-ada775739db4.jpg?v=1775730707,Hi I want YSL MEDIUM 44CM PANIER BLACK RAFFIA TOTE BAG,
YSL LE 37 20CM BLACK RAFFIA BUCKET BAG,https://cdn.shopify.com/s/files/1/0912/9351/6071/files/img_c531d0e5_20240711_i1720675141_7249_7_jpg_9ec3b9cd-fe00-4e57-b329-57eeb0a66612.jpg?v=1759128553,handbags,ysl,https://cdn.shopify.com/s/files/1/0912/9351/6071/files/img_c531d0e5_20240711_i1720675141_7249_7_jpg_9ec3b9cd-fe00-4e57-b329-57eeb0a66612.jpg?v=1759128553|https://cdn.shopify.com/s/files/1/0912/9351/6071/files/img_c531d0e5_20240711_i1720675141_1412_0_jpg_94a762c9-f71b-4890-acc8-1bd6d8a8a1b6.jpg?v=1759128553|https://cdn.shopify.com/s/files/1/0912/9351/6071/files/img_c531d0e5_20240711_i1720675141_6280_4_jpg_8d704478-61b1-4d52-835f-9706588b754f.jpg?v=1759128553|https://cdn.shopify.com/s/files/1/0912/9351/6071/files/img_c531d0e5_20240711_i1720675141_6959_3_jpg_621495b8-1a4f-4a9c-9f2e-4490d28c065d.jpg?v=1759128553|https://cdn.shopify.com/s/files/1/0912/9351/6071/files/img_c531d0e5_20240711_i1720675179_5395_0_jpg_fb8c9519-e7fd-4ba1-bfe8-4e12d92d5ae2.jpg?v=1759128553|https://cdn.shopify.com/s/files/1/0912/9351/6071/files/img_c531d0e5_20240711_i1720675141_4393_2_jpg_c2d77bcc-4bf0-404b-9af8-77a4f9bf8c2c.jpg?v=1759128553|https://cdn.shopify.com/s/files/1/0912/9351/6071/files/img_c531d0e5_20240711_i1720675141_5450_5_jpg_7263c3a9-214c-4b1e-8751-fdd1ae2eb6ac.jpg?v=1759128553|https://cdn.shopify.com/s/files/1/0912/9351/6071/files/img_c531d0e5_20240711_i1720675141_6415_1_jpg_02ab9974-1698-4e48-bfb9-9b73c0f4f822.jpg?v=1759128553|https://cdn.shopify.com/s/files/1/0912/9351/6071/files/img_c531d0e5_20240711_i1720675141_9720_6_jpg_4b1f5c22-cd60-4caf-b243-7737cb26b948.jpg?v=1759128553,Hi I want YSL LE 37 20CM BLACK RAFFIA BUCKET BAG,
YSL PANIER BAG 55CM BEIGE CROCHET RAFFIA TAN CALFSKIN,https://cdn.shopify.com/s/files/1/0912/9351/6071/files/img_c531d0e5_20240228_i1709132755_9824_4_jpg_625e70b0-b11d-4464-b0f5-35fcf6795d56.jpg?v=1759128585,handbags,ysl,https://cdn.shopify.com/s/files/1/0912/9351/6071/files/img_c531d0e5_20240228_i1709132755_9824_4_jpg_625e70b0-b11d-4464-b0f5-35fcf6795d56.jpg?v=1759128585|https://cdn.shopify.com/s/files/1/0912/9351/6071/files/img_c531d0e5_20240228_i1709132755_5747_8_jpg_5f089f2c-ffa2-4b6c-b1a1-6f8abeff19d9.jpg?v=1759128585|https://cdn.shopify.com/s/files/1/0912/9351/6071/files/img_c531d0e5_20240228_i1709132755_3498_7_jpg_5a36b13d-8d2a-48e7-9501-63fe044eca13.jpg?v=1759128585|https://cdn.shopify.com/s/files/1/0912/9351/6071/files/img_c531d0e5_20240228_i1709132755_3586_3_jpg_faa4ce80-d32a-4cf5-b551-2a15425071ca.jpg?v=1759128585|https://cdn.shopify.com/s/files/1/0912/9351/6071/files/img_c531d0e5_20240228_i1709132755_5608_6_jpg_7a956bad-fb5b-4625-b387-8ee7c988c09b.jpg?v=1759128585|https://cdn.shopify.com/s/files/1/0912/9351/6071/files/img_c531d0e5_20240228_i1709132755_5946_5_jpg_747130f3-5e05-4946-84b4-6afe23e9bda8.jpg?v=1759128585|https://cdn.shopify.com/s/files/1/0912/9351/6071/files/img_c531d0e5_20240228_i1709132755_6098_2_jpg_b88682e1-2d07-461c-bcb5-e5367eba4030.jpg?v=1759128585|https://cdn.shopify.com/s/files/1/0912/9351/6071/files/img_c531d0e5_20240228_i1709132755_6948_1_jpg_150922ff-d847-40d4-a9a0-92c9ef0fba2d.jpg?v=1759128585|https://cdn.shopify.com/s/files/1/0912/9351/6071/files/img_c531d0e5_20240228_i1709132755_8294_0_jpg_da6c9ed6-9f6f-4cbd-ae61-a43e57c4b07a.jpg?v=1759128585,Hi I want YSL PANIER BAG 55CM BEIGE CROCHET RAFFIA TAN CALFSKIN,
YL Woc 22cm All Black Grained Calfskin,https://cdn.shopify.com/s/files/1/0912/9351/6071/files/Image_20241026135354_487b3fcc-2e68-481f-b60d-2a9be94d115c.jpg?v=1759128694,handbags,ysl,https://cdn.shopify.com/s/files/1/0912/9351/6071/files/Image_20241026135354_487b3fcc-2e68-481f-b60d-2a9be94d115c.jpg?v=1759128694|https://cdn.shopify.com/s/files/1/0912/9351/6071/files/Image_20241026135411_d5c3f0f4-401a-4fc0-adec-880faab01409.jpg?v=1759128694|https://cdn.shopify.com/s/files/1/0912/9351/6071/files/Image_20241026135414_814a3f69-a5ac-4d97-8449-60a247479fb7.jpg?v=1759128694|https://cdn.shopify.com/s/files/1/0912/9351/6071/files/Image_20241026135415_cd5bb70c-25cc-4eed-86fe-19055c2ea4d8.jpg?v=1759128694|https://cdn.shopify.com/s/files/1/0912/9351/6071/files/Image_20241026135410_89c3d35b-72cd-411b-9ad7-126e5984f5c2.jpg?v=1759128694|https://cdn.shopify.com/s/files/1/0912/9351/6071/files/Image_20241026135412_ce2d96de-e8c6-423b-b542-40028dfb9b98.jpg?v=1759128694|https://cdn.shopify.com/s/files/1/0912/9351/6071/files/Image_202410261354121_39e13e75-6890-43b5-91b9-55505c881330.jpg?v=1759128694|https://cdn.shopify.com/s/files/1/0912/9351/6071/files/Image_20241026135416_4eb51456-958b-4496-998b-98b1afa5df3b.jpg?v=1759128694,Hi I want YL Woc 22cm All Black Grained Calfskin,
POCHON BUCKET BAG 20 IN BLACK LAMBSKIN GOLD HARDWARE,https://cdn.shopify.com/s/files/1/0912/9351/6071/files/img_f8c0bdc9_20240924_i1727162167_1033_7_jpg_9827d1c1-0591-4a5a-b232-c3c2aef3a482.jpg?v=1759128756,handbags,ysl,https://cdn.shopify.com/s/files/1/0912/9351/6071/files/img_f8c0bdc9_20240924_i1727162167_1033_7_jpg_9827d1c1-0591-4a5a-b232-c3c2aef3a482.jpg?v=1759128756|https://cdn.shopify.com/s/files/1/0912/9351/6071/files/img_f8c0bdc9_20240924_i1727162166_8129_0_jpg_33a07738-c44b-46a7-81b0-e8888ea420fd.jpg?v=1759128756|https://cdn.shopify.com/s/files/1/0912/9351/6071/files/img_f8c0bdc9_20240924_i1727162167_1508_8_jpg_a4906bd1-7a61-4dd4-9ed9-74d509b9b200.jpg?v=1759128756|https://cdn.shopify.com/s/files/1/0912/9351/6071/files/img_f8c0bdc9_20240924_i1727162167_1599_1_jpg_b4582c61-8f3f-4bd3-b903-64816234de12.jpg?v=1759128756|https://cdn.shopify.com/s/files/1/0912/9351/6071/files/img_f8c0bdc9_20240924_i1727162167_2300_6_jpg_883157c7-30d3-41c8-9921-8f04daf94150.jpg?v=1759128756|https://cdn.shopify.com/s/files/1/0912/9351/6071/files/img_f8c0bdc9_20240924_i1727162167_2665_5_jpg_12feef32-27dd-492a-aca1-54a702bfbe9e.jpg?v=1759128756|https://cdn.shopify.com/s/files/1/0912/9351/6071/files/img_f8c0bdc9_20240924_i1727162167_4703_3_jpg_6180a449-b3a7-4b16-91dd-0a922bbefe90.jpg?v=1759128756|https://cdn.shopify.com/s/files/1/0912/9351/6071/files/img_f8c0bdc9_20240924_i1727162167_5604_4_jpg_5c2810e9-169a-4fd5-b29a-df0e5e0bcb60.jpg?v=1759128756|https://cdn.shopify.com/s/files/1/0912/9351/6071/files/img_f8c0bdc9_20240924_i1727162167_8113_2_jpg_bfc38a31-a158-4ea3-b433-c18166f58809.jpg?v=1759128756,Hi I want POCHON BUCKET BAG 20 IN BLACK LAMBSKIN GOLD HARDWARE,
CLUTCH 30 IN BLACK QUILTED CALFSKIN SILVER BUCKLE,https://cdn.shopify.com/s/files/1/0912/9351/6071/files/img_f8c0bdc9_20241015_i1728975695_7698_5_jpg_a838b60c-a789-4d45-a5fa-b69c8239fc6c.jpg?v=1759128777,handbags,ysl,https://cdn.shopify.com/s/files/1/0912/9351/6071/files/img_f8c0bdc9_20241015_i1728975695_7698_5_jpg_a838b60c-a789-4d45-a5fa-b69c8239fc6c.jpg?v=1759128777|https://cdn.shopify.com/s/files/1/0912/9351/6071/files/img_f8c0bdc9_20241015_i1728975695_337_1_jpg_95cedd16-9e3e-4e55-9b8a-16479a47175c.jpg?v=1759128777|https://cdn.shopify.com/s/files/1/0912/9351/6071/files/img_f8c0bdc9_20241015_i1728975695_1891_4_jpg_b37887ce-0de7-42a1-aa1d-ae87f70b5dd1.jpg?v=1759128777|https://cdn.shopify.com/s/files/1/0912/9351/6071/files/img_f8c0bdc9_20241015_i1728975695_5038_6_jpg_4e0fac59-6871-4247-ba65-9059f1356108.jpg?v=1759128777|https://cdn.shopify.com/s/files/1/0912/9351/6071/files/img_f8c0bdc9_20241015_i1728975695_5742_0_jpg_4691795d-0b88-41a8-a226-ff3b4cedcce7.jpg?v=1759128777|https://cdn.shopify.com/s/files/1/0912/9351/6071/files/img_f8c0bdc9_20241015_i1728975695_6496_3_jpg_ba298b48-f6f2-43c4-9aaf-7c4c82d2b91c.jpg?v=1759128777|https://cdn.shopify.com/s/files/1/0912/9351/6071/files/img_f8c0bdc9_20241015_i1728975695_7142_8_jpg_bf484200-538b-4914-9c08-70b64ccda61b.jpg?v=1759128777|https://cdn.shopify.com/s/files/1/0912/9351/6071/files/img_f8c0bdc9_20241015_i1728975695_7969_7_jpg_a758f72f-5070-408e-aa09-195ca7ccb353.jpg?v=1759128777|https://cdn.shopify.com/s/files/1/0912/9351/6071/files/img_f8c0bdc9_20241015_i1728975695_8250_2_jpg_677d793d-7908-419b-b89a-6453ceeb863b.jpg?v=1759128777,Hi I want CLUTCH 30 IN BLACK QUILTED CALFSKIN SILVER BUCKLE,
CLUTCH 36 IN BLACK QUILTED CALFSKIN GOLD BUCKLE,https://cdn.shopify.com/s/files/1/0912/9351/6071/files/img_f8c0bdc9_20241015_i1728976688_9006_7_jpg_72c979ec-3dbb-41dc-a989-25699ba3c08f.jpg?v=1759128795,handbags,ysl,https://cdn.shopify.com/s/files/1/0912/9351/6071/files/img_f8c0bdc9_20241015_i1728976688_9006_7_jpg_72c979ec-3dbb-41dc-a989-25699ba3c08f.jpg?v=1759128795|https://cdn.shopify.com/s/files/1/0912/9351/6071/files/img_f8c0bdc9_20241015_i1728976688_50_6_jpg_462ecf18-509f-4c8a-9548-eda5506a046b.jpg?v=1759128795|https://cdn.shopify.com/s/files/1/0912/9351/6071/files/img_f8c0bdc9_20241015_i1728976688_1942_5_jpg_12dffe35-d447-4542-a156-f22bb03e94b9.jpg?v=1759128795|https://cdn.shopify.com/s/files/1/0912/9351/6071/files/img_f8c0bdc9_20241015_i1728976688_2169_0_jpg_54fde7c9-39b0-4912-b22a-eab5f541283c.jpg?v=1759128795|https://cdn.shopify.com/s/files/1/0912/9351/6071/files/img_f8c0bdc9_20241015_i1728976688_2236_2_jpg_15ad2b3a-b698-42bf-8242-832f06272b95.jpg?v=1759128795|https://cdn.shopify.com/s/files/1/0912/9351/6071/files/img_f8c0bdc9_20241015_i1728976688_2444_3_jpg_a26a0958-e54a-4d0b-9620-506da8088611.jpg?v=1759128795|https://cdn.shopify.com/s/files/1/0912/9351/6071/files/img_f8c0bdc9_20241015_i1728976688_2739_1_jpg_8141034d-b51a-413f-865d-e0cd43211bb0.jpg?v=1759128795|https://cdn.shopify.com/s/files/1/0912/9351/6071/files/img_f8c0bdc9_20241015_i1728976688_3230_4_jpg_68594b2b-c70f-4420-9e65-483763d4e83c.jpg?v=1759128795|https://cdn.shopify.com/s/files/1/0912/9351/6071/files/img_f8c0bdc9_20241015_i1728976689_8788_8_jpg_3607f828-6a62-474c-966f-a5cafc6c8686.jpg?v=1759128795,Hi I want CLUTCH 36 IN BLACK QUILTED CALFSKIN GOLD BUCKLE,
CLUTCH 30 IN BLACK QUILTED CALFSKIN GOLD BUCKLE,https://cdn.shopify.com/s/files/1/0912/9351/6071/files/img_f8c0bdc9_20241015_i1728976972_1466_1_jpg_8e92f2fa-e3ae-4c20-adec-d876fc48b980.jpg?v=1759128807,handbags,ysl,https://cdn.shopify.com/s/files/1/0912/9351/6071/files/img_f8c0bdc9_20241015_i1728976972_1466_1_jpg_8e92f2fa-e3ae-4c20-adec-d876fc48b980.jpg?v=1759128807|https://cdn.shopify.com/s/files/1/0912/9351/6071/files/img_f8c0bdc9_20241015_i1728976972_8880_5_jpg_49095608-147a-49cf-a241-a2f3dfe76142.jpg?v=1759128807|https://cdn.shopify.com/s/files/1/0912/9351/6071/files/img_f8c0bdc9_20241015_i1728976972_2731_2_jpg_62452e8d-9d60-41e8-a032-764f06006577.jpg?v=1759128807|https://cdn.shopify.com/s/files/1/0912/9351/6071/files/img_f8c0bdc9_20241015_i1728976972_3843_0_jpg_80bb9767-8090-417e-8417-d466afc4fb0c.jpg?v=1759128807|https://cdn.shopify.com/s/files/1/0912/9351/6071/files/img_f8c0bdc9_20241015_i1728976972_8422_4_jpg_a01b3e47-6e58-4556-a04c-d3165c1441fd.jpg?v=1759128807|https://cdn.shopify.com/s/files/1/0912/9351/6071/files/img_f8c0bdc9_20241015_i1728976972_8642_6_jpg_b44d26f5-365d-4bd0-9c0b-671cdecdfecb.jpg?v=1759128807|https://cdn.shopify.com/s/files/1/0912/9351/6071/files/img_f8c0bdc9_20241015_i1728976972_9834_3_jpg_9ee29ac1-ea41-4eab-bfa0-9b1149aa52fe.jpg?v=1759128807|https://cdn.shopify.com/s/files/1/0912/9351/6071/files/img_f8c0bdc9_20241015_i1728976973_4105_8_jpg_c5a91ecc-88ca-4ed9-bd41-4a9e0fc65dad.jpg?v=1759128807|https://cdn.shopify.com/s/files/1/0912/9351/6071/files/img_f8c0bdc9_20241015_i1728976973_8386_7_jpg_bf4670cf-d209-4751-946b-16c322ec9ed5.jpg?v=1759128807,Hi I want CLUTCH 30 IN BLACK QUILTED CALFSKIN GOLD BUCKLE,
CASSANDRA CHAIN BAG 22 IN BLACK CAVIAR PATTERN CALFSKIN GOLD HARDWARE,https://cdn.shopify.com/s/files/1/0912/9351/6071/files/img_f8c0bdc9_20241223_1734935677_560_jpg_68a674f4-c040-4a8a-a7ba-b242203f5d0c.jpg?v=1759128838,handbags,ysl,https://cdn.shopify.com/s/files/1/0912/9351/6071/files/img_f8c0bdc9_20241223_1734935677_560_jpg_68a674f4-c040-4a8a-a7ba-b242203f5d0c.jpg?v=1759128838|https://cdn.shopify.com/s/files/1/0912/9351/6071/files/img_f8c0bdc9_20241223_1734935677_17_jpg_5ffbb88c-97e0-4862-a93c-069a92b26896.jpg?v=1759128838|https://cdn.shopify.com/s/files/1/0912/9351/6071/files/img_f8c0bdc9_20241223_1734935677_107_jpg_d400ad31-0495-4ff8-8721-cb26b1642307.jpg?v=1759128838|https://cdn.shopify.com/s/files/1/0912/9351/6071/files/img_f8c0bdc9_20241223_1734935677_122_jpg_62b00179-bb92-42cd-a84d-901e03300ced.jpg?v=1759128838|https://cdn.shopify.com/s/files/1/0912/9351/6071/files/img_f8c0bdc9_20241223_1734935677_349_jpg_9eafdc8a-244d-4880-bade-27dd6c4e5e68.jpg?v=1759128838|https://cdn.shopify.com/s/files/1/0912/9351/6071/files/img_f8c0bdc9_20241223_1734935677_406_jpg_c074e13b-18b6-462e-9c03-4d486f1581f0.jpg?v=1759128838|https://cdn.shopify.com/s/files/1/0912/9351/6071/files/img_f8c0bdc9_20241223_1734935677_417_jpg_b9054eb9-f5ab-4582-b941-94902e65fc41.jpg?v=1759128838|https://cdn.shopify.com/s/files/1/0912/9351/6071/files/img_f8c0bdc9_20241223_1734935677_751_jpg_61026d18-5c3c-4e57-a378-713e3aa3b702.jpg?v=1759128838|https://cdn.shopify.com/s/files/1/0912/9351/6071/files/img_f8c0bdc9_20241223_1734935677_800_jpg_1f779cae-0b47-4692-80f0-a73a53198839.jpg?v=1759128838,Hi I want CASSANDRA CHAIN BAG 22 IN BLACK CAVIAR PATTERN CALFSKIN GOLD HARDWARE,
CASSANDRA CHAIN BAG 22 IN BLACK CROCODILE PATTERN CALFSKIN GOLD HARDWARE,https://cdn.shopify.com/s/files/1/0912/9351/6071/files/img_f8c0bdc9_20241223_1734936027_162_jpg_e06dc620-e840-4e31-8114-ded194edd08f.jpg?v=1759128864,handbags,ysl,https://cdn.shopify.com/s/files/1/0912/9351/6071/files/img_f8c0bdc9_20241223_1734936027_162_jpg_e06dc620-e840-4e31-8114-ded194edd08f.jpg?v=1759128864|https://cdn.shopify.com/s/files/1/0912/9351/6071/files/img_f8c0bdc9_20241223_1734936027_11_jpg_30ffbbb6-685d-499a-a96a-508a7a47e7f8.jpg?v=1759128864|https://cdn.shopify.com/s/files/1/0912/9351/6071/files/img_f8c0bdc9_20241223_1734936027_69_jpg_2d4d893f-b573-45c3-96fe-bd0edd06662c.jpg?v=1759128864|https://cdn.shopify.com/s/files/1/0912/9351/6071/files/img_f8c0bdc9_20241223_1734936027_113_jpg_059989ee-fc55-4fda-b128-21f55386d450.jpg?v=1759128864|https://cdn.shopify.com/s/files/1/0912/9351/6071/files/img_f8c0bdc9_20241223_1734936027_301_jpg_67482e0f-2c70-45e4-98a1-40b1f0e1a11e.jpg?v=1759128864|https://cdn.shopify.com/s/files/1/0912/9351/6071/files/img_f8c0bdc9_20241223_1734936027_360_jpg_a85c6226-1bfc-4df9-a8e8-cacf9547af39.jpg?v=1759128864|https://cdn.shopify.com/s/files/1/0912/9351/6071/files/img_f8c0bdc9_20241223_1734936027_728_jpg_6fcf6b5c-5f22-46f8-969b-8f9a3643f01b.jpg?v=1759128864|https://cdn.shopify.com/s/files/1/0912/9351/6071/files/img_f8c0bdc9_20241223_1734936027_793_jpg_94984a8d-4b0e-4ae4-96e3-ecd36b7413fd.jpg?v=1759128864|https://cdn.shopify.com/s/files/1/0912/9351/6071/files/img_f8c0bdc9_20241223_1734936027_949_jpg_8d71e2cb-6400-43e5-b17a-f2aa1a8947db.jpg?v=1759128864,Hi I want CASSANDRA CHAIN BAG 22 IN BLACK CROCODILE PATTERN CALFSKIN GOLD HARDWARE,
LOULOU MINI 20 IN BURGUNDY RED SHEEPSKIN GOLD HARDWARE,https://cdn.shopify.com/s/files/1/0912/9351/6071/files/img_f8c0bdc9_20241224_i1735020452617_1804_0_0_jpg_5b245c7d-2d26-47eb-84a8-642c53f75470.jpg?v=1759129005,handbags,ysl,https://cdn.shopify.com/s/files/1/0912/9351/6071/files/img_f8c0bdc9_20241224_i1735020452617_1804_0_0_jpg_5b245c7d-2d26-47eb-84a8-642c53f75470.jpg?v=1759129005|https://cdn.shopify.com/s/files/1/0912/9351/6071/files/img_f8c0bdc9_20241224_i1735020452550_5271_0_3_jpg_05425d0f-10d3-4959-a2a2-52954cb95d3b.jpg?v=1759129005|https://cdn.shopify.com/s/files/1/0912/9351/6071/files/img_f8c0bdc9_20241224_i1735020452684_3768_0_6_jpg_818c53f3-4a79-43d5-870e-43130b4bd1f8.jpg?v=1759129005|https://cdn.shopify.com/s/files/1/0912/9351/6071/files/img_f8c0bdc9_20241224_i1735020452748_9428_0_4_jpg_d164d5a7-5ca2-4836-84fc-99d4bad50e43.jpg?v=1759129005|https://cdn.shopify.com/s/files/1/0912/9351/6071/files/img_f8c0bdc9_20241224_i1735020452816_7248_0_1_jpg_9c67c980-f698-4543-ad97-95aa9a50cca6.jpg?v=1759129005|https://cdn.shopify.com/s/files/1/0912/9351/6071/files/img_f8c0bdc9_20241224_i1735020452888_9490_0_2_jpg_015111f1-c959-42e8-8eae-44ff3d786ba9.jpg?v=1759129005|https://cdn.shopify.com/s/files/1/0912/9351/6071/files/img_f8c0bdc9_20241224_i1735020452964_1226_0_7_jpg_d342dbf8-f957-4f78-97c3-c0e900ef3b5f.jpg?v=1759129005|https://cdn.shopify.com/s/files/1/0912/9351/6071/files/img_f8c0bdc9_20241224_i1735020453038_7672_0_8_jpg_255b35e0-dda5-4871-9038-7db8572830d1.jpg?v=1759129005|https://cdn.shopify.com/s/files/1/0912/9351/6071/files/img_f8c0bdc9_20241224_i1735020453107_9591_0_5_jpg_a6d974a7-ba02-4581-b154-4c56ba021a16.jpg?v=1759129006,Hi I want LOULOU MINI 20 IN BURGUNDY RED SHEEPSKIN GOLD HARDWARE,
UPTOWN POUCH 27 IN PASTEL GRAY CROCODILE-EMBOSSED SHINY CALFSKIN GOLD LOGO,https://cdn.shopify.com/s/files/1/0912/9351/6071/files/20220815_i1660551522_5333_0_jpg_08fb71d0-e7f4-486a-98c6-24ffffecc072.jpg?v=1759129187,handbags,ysl,https://cdn.shopify.com/s/files/1/0912/9351/6071/files/20220815_i1660551522_5333_0_jpg_08fb71d0-e7f4-486a-98c6-24ffffecc072.jpg?v=1759129187|https://cdn.shopify.com/s/files/1/0912/9351/6071/files/20220815_i1660551522_433_3_jpg_371017b9-63fd-465e-9c67-313060d96362.jpg?v=1759129187|https://cdn.shopify.com/s/files/1/0912/9351/6071/files/20220815_i1660551522_958_7_jpg_af461a36-fe92-4ef3-a245-2dda5d3ad488.jpg?v=1759129187|https://cdn.shopify.com/s/files/1/0912/9351/6071/files/20220815_i1660551522_1007_4_jpg_fb0f07e7-c8a7-46cf-8651-55b9e0cfd79f.jpg?v=1759129187|https://cdn.shopify.com/s/files/1/0912/9351/6071/files/20220815_i1660551522_4831_6_jpg_0e53320a-1d7e-4b51-bd7b-a3a536579133.jpg?v=1759129187|https://cdn.shopify.com/s/files/1/0912/9351/6071/files/20220815_i1660551522_5855_5_jpg_9425689e-36ef-4758-88c6-867d3e134aef.jpg?v=1759129187|https://cdn.shopify.com/s/files/1/0912/9351/6071/files/20220815_i1660551522_7092_1_jpg_583d4406-acba-4d74-a5de-639ab727b268.jpg?v=1759129187|https://cdn.shopify.com/s/files/1/0912/9351/6071/files/20220815_i1660551522_9877_8_jpg_2b9ba8f2-7ae1-4f15-900a-bd2c8ff257d9.jpg?v=1759129187|https://cdn.shopify.com/s/files/1/0912/9351/6071/files/20220815_i1660551522_9928_2_jpg_f0ceedea-51c1-42ed-a1ed-080de23ae57a.jpg?v=1759129187,Hi I want UPTOWN POUCH 27 IN PASTEL GRAY CROCODILE-EMBOSSED SHINY CALFSKIN GOLD LOGO,
UPTOWN POUCH 27 IN BLACK CROCODILE-EMBOSSED SHINY CALFSKIN GOLD LOGO,https://cdn.shopify.com/s/files/1/0912/9351/6071/files/20220617_i1655449163_478_0_jpg_2f6e650a-3bde-4724-9ddc-810eabbc999f.jpg?v=1759129200,handbags,ysl,https://cdn.shopify.com/s/files/1/0912/9351/6071/files/20220617_i1655449163_478_0_jpg_2f6e650a-3bde-4724-9ddc-810eabbc999f.jpg?v=1759129200|https://cdn.shopify.com/s/files/1/0912/9351/6071/files/20220617_i1655449163_2232_5_jpg_495a93c3-2285-413a-806b-f0b9dbc53483.jpg?v=1759129200|https://cdn.shopify.com/s/files/1/0912/9351/6071/files/20220617_i1655449163_6560_2_jpg_b79b5959-073d-4928-b40a-3ca5bcb7c7e3.jpg?v=1759129200|https://cdn.shopify.com/s/files/1/0912/9351/6071/files/20220617_i1655449163_6786_4_jpg_ff600c3c-77f2-4a8a-9080-7d49cb5ef399.jpg?v=1759129200|https://cdn.shopify.com/s/files/1/0912/9351/6071/files/20220617_i1655449163_8105_3_jpg_a21c8088-483c-44fc-846f-93f67227908f.jpg?v=1759129200|https://cdn.shopify.com/s/files/1/0912/9351/6071/files/20220617_i1655449163_8168_1_jpg_c86214bb-4171-486c-a72e-0673e7acbcce.jpg?v=1759129200|https://cdn.shopify.com/s/files/1/0912/9351/6071/files/20220617_i1655449173_1573_0_jpg_dcb55954-d2eb-47d7-824f-3a22f5ccbfc3.jpg?v=1759129200|https://cdn.shopify.com/s/files/1/0912/9351/6071/files/20220617_i1655449173_4057_1_jpg_3ade0d13-3750-40ef-8015-0cae11ec5ec5.jpg?v=1759129200|https://cdn.shopify.com/s/files/1/0912/9351/6071/files/20220617_i1655449173_7755_2_jpg_4b622607-7b78-4e23-8df6-78c88718218d.jpg?v=1759129200,Hi I want UPTOWN POUCH 27 IN BLACK CROCODILE-EMBOSSED SHINY CALFSKIN GOLD LOGO,
COLLEGE TASSEL 24 IN ORANGE PEEL SUEDE GOLD HARDWARE,https://cdn.shopify.com/s/files/1/0912/9351/6071/files/20220902_i1662102200_3980_0_jpg_789010a6-e614-48f8-bd02-574bf32fcc85.jpg?v=1759129211,handbags,ysl,https://cdn.shopify.com/s/files/1/0912/9351/6071/files/20220902_i1662102200_3980_0_jpg_789010a6-e614-48f8-bd02-574bf32fcc85.jpg?v=1759129211|https://cdn.shopify.com/s/files/1/0912/9351/6071/files/20220902_i1662102200_1788_1_jpg_5436d69f-eaab-440a-9f89-49e2e1498595.jpg?v=1759129211|https://cdn.shopify.com/s/files/1/0912/9351/6071/files/20220902_i1662102200_1878_3_jpg_4efb8dcb-89a5-43e9-ae36-5676b62a58b6.jpg?v=1759129211|https://cdn.shopify.com/s/files/1/0912/9351/6071/files/20220902_i1662102200_3680_6_jpg_ec43d203-a3bb-45a8-af55-8041314b95f6.jpg?v=1759129211|https://cdn.shopify.com/s/files/1/0912/9351/6071/files/20220902_i1662102200_5694_5_jpg_b9830e42-e99e-4b0e-96ac-402bee47fa9f.jpg?v=1759129211|https://cdn.shopify.com/s/files/1/0912/9351/6071/files/20220902_i1662102200_6720_4_jpg_98094049-7206-45aa-b82c-8c7d10731fd5.jpg?v=1759129211|https://cdn.shopify.com/s/files/1/0912/9351/6071/files/20220902_i1662102200_6904_7_jpg_323f4b2c-0642-4630-ab79-a6030864cd34.jpg?v=1759129211|https://cdn.shopify.com/s/files/1/0912/9351/6071/files/20220902_i1662102200_9397_8_jpg_48cae2c4-7098-4d91-a29d-ae3ec475648a.jpg?v=1759129211|https://cdn.shopify.com/s/files/1/0912/9351/6071/files/20220902_i1662102210_2833_0_jpg_d6f0ea05-fdde-42b8-ac64-21dffe16d85a.jpg?v=1759129211,Hi I want COLLEGE TASSEL 24 IN ORANGE PEEL SUEDE GOLD HARDWARE,
COLLEGE TASSEL 24 IN LIGHT FAWN SUEDE GOLD HARDWARE,https://cdn.shopify.com/s/files/1/0912/9351/6071/files/20220905_i1662360850_677_0_jpg_b196b587-0981-4522-8157-80515f9d6b39.jpg?v=1759129233,handbags,ysl,https://cdn.shopify.com/s/files/1/0912/9351/6071/files/20220905_i1662360850_677_0_jpg_b196b587-0981-4522-8157-80515f9d6b39.jpg?v=1759129233|https://cdn.shopify.com/s/files/1/0912/9351/6071/files/20220905_i1662360850_2212_6_jpg_1e286657-7abb-4aa2-97cb-a1252d9aa5f2.jpg?v=1759129233|https://cdn.shopify.com/s/files/1/0912/9351/6071/files/20220905_i1662360850_3953_8_jpg_69a5d634-260d-4ba1-8bae-4ee206ae13c3.jpg?v=1759129233|https://cdn.shopify.com/s/files/1/0912/9351/6071/files/20220905_i1662360850_4170_4_jpg_dd0ca42d-acd9-4557-a7e2-a59691c34674.jpg?v=1759129233|https://cdn.shopify.com/s/files/1/0912/9351/6071/files/20220905_i1662360850_4565_1_jpg_8143957a-bc07-4ce3-89a6-e2fa57d9b9bf.jpg?v=1759129233|https://cdn.shopify.com/s/files/1/0912/9351/6071/files/20220905_i1662360850_5017_7_jpg_8d2d975a-e4b7-4058-be21-50afc6db51d2.jpg?v=1759129233|https://cdn.shopify.com/s/files/1/0912/9351/6071/files/20220905_i1662360850_6731_3_jpg_64259eab-7c0f-4cab-b52b-bfca9d284e73.jpg?v=1759129233|https://cdn.shopify.com/s/files/1/0912/9351/6071/files/20220905_i1662360850_7879_2_jpg_f6ae4ecc-923f-42ef-8203-bcb72dea83ef.jpg?v=1759129233|https://cdn.shopify.com/s/files/1/0912/9351/6071/files/20220905_i1662360850_8864_5_jpg_68d26b63-62de-47ff-9a41-2b024b3f4050.jpg?v=1759129233,Hi I want COLLEGE TASSEL 24 IN LIGHT FAWN SUEDE GOLD HARDWARE,
LOU CAMERA BAG 23 IN BLACK CROCODILE PATTERN CALFSKIN GOLD LOGO,https://cdn.shopify.com/s/files/1/0912/9351/6071/files/20231210_i1702194004_5188_0_jpg_5cd16647-5781-45e2-9095-ddb15e804256.jpg?v=1759129276,handbags,ysl,https://cdn.shopify.com/s/files/1/0912/9351/6071/files/20231210_i1702194004_5188_0_jpg_5cd16647-5781-45e2-9095-ddb15e804256.jpg?v=1759129276|https://cdn.shopify.com/s/files/1/0912/9351/6071/files/20231210_i1702194023_81_4_jpg_403c7337-f4ff-4e43-a3c6-3a1f8f24ba7b.jpg?v=1759129276|https://cdn.shopify.com/s/files/1/0912/9351/6071/files/20231210_i1702194023_844_3_jpg_46e152f6-6e1f-4028-b2e2-6613bdae7fe7.jpg?v=1759129276|https://cdn.shopify.com/s/files/1/0912/9351/6071/files/20231210_i1702194023_2169_6_jpg_30562ffb-c030-4938-bf03-19f060bfad43.jpg?v=1759129276|https://cdn.shopify.com/s/files/1/0912/9351/6071/files/20231210_i1702194023_3240_0_jpg_2eee42d8-4c9d-4b71-b0ca-1c2b7e97d357.jpg?v=1759129276|https://cdn.shopify.com/s/files/1/0912/9351/6071/files/20231210_i1702194023_4116_2_jpg_8d0b7adc-671f-4842-b7fc-2edbb97c3305.jpg?v=1759129276|https://cdn.shopify.com/s/files/1/0912/9351/6071/files/20231210_i1702194023_7355_7_jpg_03a82840-9b87-4d22-b4e1-d0cd341b452a.jpg?v=1759129276|https://cdn.shopify.com/s/files/1/0912/9351/6071/files/20231210_i1702194023_7465_5_jpg_110b8d41-be26-4c94-8515-623459848b5b.jpg?v=1759129276|https://cdn.shopify.com/s/files/1/0912/9351/6071/files/20231210_i1702194023_8144_1_jpg_bd84cd9f-cd33-4fbf-9494-22e27220d809.jpg?v=1759129276,Hi I want LOU CAMERA BAG 23 IN BLACK CROCODILE PATTERN CALFSKIN GOLD LOGO,
COLLEGE MEDIUM 24 IN BLACK LAMBSKIN GOLD HARDWARE,https://cdn.shopify.com/s/files/1/0912/9351/6071/files/20220415_i1650009082_8615_0_jpg_14c1650e-cccf-41d4-88e0-fd4792cecb4b.jpg?v=1759129330,handbags,ysl,https://cdn.shopify.com/s/files/1/0912/9351/6071/files/20220415_i1650009082_8615_0_jpg_14c1650e-cccf-41d4-88e0-fd4792cecb4b.jpg?v=1759129330|https://cdn.shopify.com/s/files/1/0912/9351/6071/files/20220415_i1650008556_2810_6_jpg_175f37e3-2617-42e2-83c1-8c3163787152.jpg?v=1759129330|https://cdn.shopify.com/s/files/1/0912/9351/6071/files/20220415_i1650008556_3220_1_jpg_f1ff61eb-ddec-423c-a135-25f6ffa0722c.jpg?v=1759129330|https://cdn.shopify.com/s/files/1/0912/9351/6071/files/20220415_i1650008556_3268_4_jpg_4684c288-9424-4f30-a031-ad8952f808ea.jpg?v=1759129330|https://cdn.shopify.com/s/files/1/0912/9351/6071/files/20220415_i1650008556_3646_3_jpg_dfc01cd0-acba-4072-a585-93cc613a453a.jpg?v=1759129330|https://cdn.shopify.com/s/files/1/0912/9351/6071/files/20220415_i1650008556_4401_8_jpg_52096fe3-4c81-4986-ba71-b0075b475899.jpg?v=1759129330|https://cdn.shopify.com/s/files/1/0912/9351/6071/files/20220415_i1650008556_7810_5_jpg_09d9bf89-1f5a-485c-8caf-36a5c0d48095.jpg?v=1759129330|https://cdn.shopify.com/s/files/1/0912/9351/6071/files/20220415_i1650008556_8051_2_jpg_97537c1c-a989-4d92-b2c0-804ba114ecbf.jpg?v=1759129330|https://cdn.shopify.com/s/files/1/0912/9351/6071/files/20220415_i1650008556_8193_7_jpg_ac8f1b75-e6ea-4a2e-997f-d60920642c4a.jpg?v=1759129330,Hi I want COLLEGE MEDIUM 24 IN BLACK LAMBSKIN GOLD HARDWARE,
LOULOU MINI BAG 20 IN DARK CYAN LAMBSKIN GOLD HARDWARE,https://cdn.shopify.com/s/files/1/0912/9351/6071/files/img_aed707d3_20240328_a1711605300697_3263_jpg_533bd615-aa41-4149-9db6-251fcac49a0b.jpg?v=1759129348,handbags,ysl,https://cdn.shopify.com/s/files/1/0912/9351/6071/files/img_aed707d3_20240328_a1711605300697_3263_jpg_533bd615-aa41-4149-9db6-251fcac49a0b.jpg?v=1759129348|https://cdn.shopify.com/s/files/1/0912/9351/6071/files/img_aed707d3_20240328_a1711605300713_5028_jpg_2216c061-e2ec-4316-8de9-c872b03ccb08.jpg?v=1759129348|https://cdn.shopify.com/s/files/1/0912/9351/6071/files/img_aed707d3_20240328_a1711605300790_3673_jpg_86cf44e4-b928-40db-a6c0-1b2e468a0fe3.jpg?v=1759129348|https://cdn.shopify.com/s/files/1/0912/9351/6071/files/img_aed707d3_20240328_a1711605300832_0068_jpg_bf21d75a-5e16-48e7-8a2c-49a943e3005d.jpg?v=1759129348|https://cdn.shopify.com/s/files/1/0912/9351/6071/files/img_aed707d3_20240328_a1711605300884_2380_jpg_142851c9-ed1a-4660-b4ad-79fbc50d2b49.jpg?v=1759129349|https://cdn.shopify.com/s/files/1/0912/9351/6071/files/img_aed707d3_20240328_a1711605300967_8704_jpg_bf93376e-b60c-4188-b9c4-5cbd56a97310.jpg?v=1759129349|https://cdn.shopify.com/s/files/1/0912/9351/6071/files/img_aed707d3_20240328_a1711605301876_1342_jpg_111922f3-b9ad-41ac-9075-40df66e2f9d3.jpg?v=1759129349|https://cdn.shopify.com/s/files/1/0912/9351/6071/files/img_aed707d3_20240328_a1711605302048_7646_jpg_dc12e623-9602-4c45-ac94-a2034a959fef.jpg?v=1759129349|https://cdn.shopify.com/s/files/1/0912/9351/6071/files/img_aed707d3_20240328_a1711605302057_3107_jpg_5209cbdc-7e5d-43dd-84ba-f958995dd08a.jpg?v=1759129349,Hi I want LOULOU MINI BAG 20 IN DARK CYAN LAMBSKIN GOLD HARDWARE,
PUFFER BAG 29 IN BLUE GRADIENT DENIM GOLD HARDWARE,https://cdn.shopify.com/s/files/1/0912/9351/6071/files/20220523_i1653296676_5915_0_jpg_ce031b5d-e5b2-418b-8296-f13509395936.jpg?v=1776249470,handbags,ysl,https://cdn.shopify.com/s/files/1/0912/9351/6071/files/20220523_i1653296676_5915_0_jpg_ce031b5d-e5b2-418b-8296-f13509395936.jpg?v=1776249470|https://cdn.shopify.com/s/files/1/0912/9351/6071/files/20220523_i1653296676_938_6_jpg_e98151e4-5e39-4d44-8dd2-021ce541d47b.jpg?v=1776249470|https://cdn.shopify.com/s/files/1/0912/9351/6071/files/20220523_i1653296676_1023_3_jpg_d9cf85dd-f4a8-4137-bf52-23ea2baa48de.jpg?v=1776249470|https://cdn.shopify.com/s/files/1/0912/9351/6071/files/20220523_i1653296676_1121_4_jpg_a9cb58a3-ea84-4688-82ec-c78f815701d2.jpg?v=1776249470|https://cdn.shopify.com/s/files/1/0912/9351/6071/files/20220523_i1653296676_2360_5_jpg_20173b89-f220-46e0-9809-bcc7466ebdb4.jpg?v=1776249470|https://cdn.shopify.com/s/files/1/0912/9351/6071/files/20220523_i1653296676_3714_8_jpg_ad329892-fc09-4016-8d2e-709adb7bbe29.jpg?v=1776249470|https://cdn.shopify.com/s/files/1/0912/9351/6071/files/20220523_i1653296676_6363_1_jpg_acbe3500-fa73-4d6e-84ea-d89d0893086e.jpg?v=1776249470|https://cdn.shopify.com/s/files/1/0912/9351/6071/files/20220523_i1653296676_7178_2_jpg_e26325a7-b14b-41a2-adef-ee81d240a944.jpg?v=1776249470|https://cdn.shopify.com/s/files/1/0912/9351/6071/files/20220523_i1653296676_9621_7_jpg_677fb47f-2f50-425e-9ca6-0cc7106e17aa.jpg?v=1776249470,Hi I want PUFFER BAG 29 IN BLUE GRADIENT DENIM GOLD HARDWARE,
NIKI MEDIUM 28 IN WHITE ELEPHANT PATTERN LAMBSKIN GOLD LOGO,https://cdn.shopify.com/s/files/1/0912/9351/6071/files/img_f8c0bdc9_20240510_i1715342254_4236_6_jpg_56653d90-c0d4-424e-bfc1-a10457378957.jpg?v=1776249473,handbags,ysl,https://cdn.shopify.com/s/files/1/0912/9351/6071/files/img_f8c0bdc9_20240510_i1715342254_4236_6_jpg_56653d90-c0d4-424e-bfc1-a10457378957.jpg?v=1776249473|https://cdn.shopify.com/s/files/1/0912/9351/6071/files/img_f8c0bdc9_20240510_i1715342254_1145_0_jpg_b474b833-801a-43ea-a983-7ae5fc6d6d98.jpg?v=1776249473|https://cdn.shopify.com/s/files/1/0912/9351/6071/files/img_f8c0bdc9_20240510_i1715342254_4007_5_jpg_a1885c59-dfc0-45b8-97f5-9a967ed3ab5f.jpg?v=1776249473|https://cdn.shopify.com/s/files/1/0912/9351/6071/files/img_f8c0bdc9_20240510_i1715342254_4441_1_jpg_dcdab70b-f822-4a59-b2e8-ff27593cfad1.jpg?v=1776249473|https://cdn.shopify.com/s/files/1/0912/9351/6071/files/img_f8c0bdc9_20240510_i1715342254_4834_7_jpg_15e8eddf-e7ca-499e-9e1b-7d1163fb5097.jpg?v=1776249473|https://cdn.shopify.com/s/files/1/0912/9351/6071/files/img_f8c0bdc9_20240510_i1715342254_6157_3_jpg_314904ed-cf88-411c-a2f8-0edcfe88b0a2.jpg?v=1776249473|https://cdn.shopify.com/s/files/1/0912/9351/6071/files/img_f8c0bdc9_20240510_i1715342254_7506_8_jpg_eb70cdd7-7014-432d-a763-88acd8c4f46f.jpg?v=1776249473|https://cdn.shopify.com/s/files/1/0912/9351/6071/files/img_f8c0bdc9_20240510_i1715342254_8415_2_jpg_c6a636df-d28b-4c29-b135-a1252b16a1df.jpg?v=1776249473|https://cdn.shopify.com/s/files/1/0912/9351/6071/files/img_f8c0bdc9_20240510_i1715342254_8911_4_jpg_9a04926d-52d7-443d-b432-97ea4f9fa896.jpg?v=1776249473,Hi I want NIKI MEDIUM 28 IN WHITE ELEPHANT PATTERN LAMBSKIN GOLD LOGO,
LE 5 À 7 BAG  25 IN BRONZE BROWN SUEDE COPPER LOGO,https://cdn.shopify.com/s/files/1/0912/9351/6071/files/img_f8c0bdc9_20240828_i1724835240_4871_4_jpg.jpg?v=1778124890,handbags,ysl,https://cdn.shopify.com/s/files/1/0912/9351/6071/files/img_f8c0bdc9_20240828_i1724835240_4871_4_jpg.jpg?v=1778124890|https://cdn.shopify.com/s/files/1/0912/9351/6071/files/img_f8c0bdc9_20240828_i1724835240_331_1_jpg.jpg?v=1778124889|https://cdn.shopify.com/s/files/1/0912/9351/6071/files/img_f8c0bdc9_20240828_i1724835240_401_7_jpg.jpg?v=1778124890|https://cdn.shopify.com/s/files/1/0912/9351/6071/files/img_f8c0bdc9_20240828_i1724835240_1210_5_jpg.jpg?v=1778124890|https://cdn.shopify.com/s/files/1/0912/9351/6071/files/img_f8c0bdc9_20240828_i1724835240_2535_8_jpg.jpg?v=1778124889|https://cdn.shopify.com/s/files/1/0912/9351/6071/files/img_f8c0bdc9_20240828_i1724835240_4430_6_jpg.jpg?v=1778124889|https://cdn.shopify.com/s/files/1/0912/9351/6071/files/img_f8c0bdc9_20240828_i1724835240_5244_3_jpg.jpg?v=1778124890|https://cdn.shopify.com/s/files/1/0912/9351/6071/files/img_f8c0bdc9_20240828_i1724835240_7529_0_jpg.jpg?v=1778124890|https://cdn.shopify.com/s/files/1/0912/9351/6071/files/img_f8c0bdc9_20240828_i1724835240_8283_2_jpg.jpg?v=1778124889,Hi I want LE 5 À 7 BAG  25 IN BRONZE BROWN SUEDE COPPER LOGO,
GABY MINI VANITY 18 IN IVORY WHITE LAMBSKIN GOLD HARDWARE,https://cdn.shopify.com/s/files/1/0912/9351/6071/files/img_aed707d3_20240628_a1719567635955_2516_jpg_9a5558b6-166c-417f-9dc7-d12035d162e4.jpg?v=1759130229,handbags,ysl,https://cdn.shopify.com/s/files/1/0912/9351/6071/files/img_aed707d3_20240628_a1719567635955_2516_jpg_9a5558b6-166c-417f-9dc7-d12035d162e4.jpg?v=1759130229|https://cdn.shopify.com/s/files/1/0912/9351/6071/files/img_aed707d3_20240628_a1719567635139_3628_jpg_62b81b7e-1c0a-4fe8-a297-46d4d4b9eb39.jpg?v=1759130229|https://cdn.shopify.com/s/files/1/0912/9351/6071/files/img_aed707d3_20240628_a1719567635700_1455_jpg_c4b8a1e7-d036-4d85-8b01-65697558cdbd.jpg?v=1759130229|https://cdn.shopify.com/s/files/1/0912/9351/6071/files/img_aed707d3_20240628_a1719567635732_0552_jpg_ef65662e-7595-4161-8720-33199579e506.jpg?v=1759130229|https://cdn.shopify.com/s/files/1/0912/9351/6071/files/img_aed707d3_20240628_a1719567635954_8647_jpg_30fd577f-aad3-410f-a2bb-138bb4cc314d.jpg?v=1759130229|https://cdn.shopify.com/s/files/1/0912/9351/6071/files/img_aed707d3_20240628_a1719567635977_1320_jpg_40ac0e9f-370b-4562-8747-96aef5accaee.jpg?v=1759130229|https://cdn.shopify.com/s/files/1/0912/9351/6071/files/img_aed707d3_20240628_a1719567637319_0805_jpg_f0cfdd46-b10c-49fb-99d9-ab5fb915d144.jpg?v=1759130229|https://cdn.shopify.com/s/files/1/0912/9351/6071/files/img_aed707d3_20240628_a1719567637381_6875_jpg_7cd21965-d676-4554-9f70-d71dd8787034.jpg?v=1759130229|https://cdn.shopify.com/s/files/1/0912/9351/6071/files/img_aed707d3_20240628_a1719567637489_5101_jpg_8b871400-be85-4d8b-8f37-645c37a9b3c8.jpg?v=1759130229,Hi I want GABY MINI VANITY 18 IN IVORY WHITE LAMBSKIN GOLD HARDWARE,
JAMIE 4.3 LARGE BAG 43 IN WINE RED LAMBSKIN GOLD HARDWARE,https://cdn.shopify.com/s/files/1/0912/9351/6071/files/img_f8c0bdc9_20241003_i1727893275_6015_8_jpg.jpg?v=1779099645,handbags,ysl,https://cdn.shopify.com/s/files/1/0912/9351/6071/files/img_f8c0bdc9_20241003_i1727893275_6015_8_jpg.jpg?v=1779099645|https://cdn.shopify.com/s/files/1/0912/9351/6071/files/img_f8c0bdc9_20241003_i1727893275_434_4_jpg.jpg?v=1779099646|https://cdn.shopify.com/s/files/1/0912/9351/6071/files/img_f8c0bdc9_20241003_i1727893275_3301_0_jpg.jpg?v=1779099646|https://cdn.shopify.com/s/files/1/0912/9351/6071/files/img_f8c0bdc9_20241003_i1727893275_3310_1_jpg.jpg?v=1779099646|https://cdn.shopify.com/s/files/1/0912/9351/6071/files/img_f8c0bdc9_20241003_i1727893275_4217_5_jpg.jpg?v=1779099645|https://cdn.shopify.com/s/files/1/0912/9351/6071/files/img_f8c0bdc9_20241003_i1727893275_4954_7_jpg.jpg?v=1779099646|https://cdn.shopify.com/s/files/1/0912/9351/6071/files/img_f8c0bdc9_20241003_i1727893275_6311_6_jpg.jpg?v=1779099646|https://cdn.shopify.com/s/files/1/0912/9351/6071/files/img_f8c0bdc9_20241003_i1727893275_8520_3_jpg.jpg?v=1779099646|https://cdn.shopify.com/s/files/1/0912/9351/6071/files/img_f8c0bdc9_20241003_i1727893275_9612_2_jpg.jpg?v=1779099646,Hi I want JAMIE 4.3 LARGE BAG 43 IN WINE RED LAMBSKIN GOLD HARDWARE,
CLASSIC KATE CLUTCH 27 IN BLACK LAMBSKIN GOLD HARDWARE,https://cdn.shopify.com/s/files/1/0912/9351/6071/files/img_f8c0bdc9_20240903_i1725362071_5229_2_jpg_f141b86d-0e69-4024-8f81-4342d26c8e0f.jpg?v=1759130446,handbags,ysl,https://cdn.shopify.com/s/files/1/0912/9351/6071/files/img_f8c0bdc9_20240903_i1725362071_5229_2_jpg_f141b86d-0e69-4024-8f81-4342d26c8e0f.jpg?v=1759130446|https://cdn.shopify.com/s/files/1/0912/9351/6071/files/img_f8c0bdc9_20240903_i1725362071_1435_1_jpg_5f64ff3a-f994-48a0-b330-48158390c50d.jpg?v=1759130446|https://cdn.shopify.com/s/files/1/0912/9351/6071/files/img_f8c0bdc9_20240903_i1725362071_2425_3_jpg_3701bbd0-be5a-4ce6-aa4d-325b369721a6.jpg?v=1759130446|https://cdn.shopify.com/s/files/1/0912/9351/6071/files/img_f8c0bdc9_20240903_i1725362071_3751_0_jpg_37a25551-411d-4ade-8bbb-027b55ecfa03.jpg?v=1759130446|https://cdn.shopify.com/s/files/1/0912/9351/6071/files/img_f8c0bdc9_20240903_i1725362071_4995_5_jpg_79a2b345-195a-4692-9e70-23f77d25e245.jpg?v=1759130446|https://cdn.shopify.com/s/files/1/0912/9351/6071/files/img_f8c0bdc9_20240903_i1725362071_5316_6_jpg_1cbd2a0c-b83c-485e-9543-4f3c6af71963.jpg?v=1759130447|https://cdn.shopify.com/s/files/1/0912/9351/6071/files/img_f8c0bdc9_20240903_i1725362071_5607_8_jpg_42bf11a8-e339-4168-8aab-3cfb068a509d.jpg?v=1759130447|https://cdn.shopify.com/s/files/1/0912/9351/6071/files/img_f8c0bdc9_20240903_i1725362071_6377_4_jpg_71b06314-cab6-4cd8-8f75-f8d724ffe8e2.jpg?v=1759130447|https://cdn.shopify.com/s/files/1/0912/9351/6071/files/img_f8c0bdc9_20240903_i1725362071_8289_7_jpg_90cbd712-bbde-4795-b71e-a92835789242.jpg?v=1759130447,Hi I want CLASSIC KATE CLUTCH 27 IN BLACK LAMBSKIN GOLD HARDWARE,
SHOPPING TOTE BAG 38 IN BLACK CRUMPLED CALFSKIN,https://cdn.shopify.com/s/files/1/0912/9351/6071/files/img_f8c0bdc9_20241008_i1728376871_9463_0_jpg_25a5310a-9bfe-49f9-855f-c4fe9e7a5ad6.jpg?v=1759130584,handbags,ysl,https://cdn.shopify.com/s/files/1/0912/9351/6071/files/img_f8c0bdc9_20241008_i1728376871_9463_0_jpg_25a5310a-9bfe-49f9-855f-c4fe9e7a5ad6.jpg?v=1759130584|https://cdn.shopify.com/s/files/1/0912/9351/6071/files/img_f8c0bdc9_20241008_i1728376871_8873_3_jpg_3d3bc452-7fec-4681-8d0c-68bdeb001067.jpg?v=1759130584|https://cdn.shopify.com/s/files/1/0912/9351/6071/files/img_f8c0bdc9_20241008_i1728376871_1194_2_jpg_866010f0-7817-4296-89d7-1e90deec4cbd.jpg?v=1759130584|https://cdn.shopify.com/s/files/1/0912/9351/6071/files/img_f8c0bdc9_20241008_i1728376871_4621_6_jpg_f466819e-ad1e-4697-9db8-968127ceb551.jpg?v=1759130584|https://cdn.shopify.com/s/files/1/0912/9351/6071/files/img_f8c0bdc9_20241008_i1728376871_6857_7_jpg_d8836c70-fecd-48d0-beb0-49f8469547c2.jpg?v=1759130584|https://cdn.shopify.com/s/files/1/0912/9351/6071/files/img_f8c0bdc9_20241008_i1728376871_7955_5_jpg_160246f9-2f5b-4e64-9e02-d5247dbae66d.jpg?v=1759130584|https://cdn.shopify.com/s/files/1/0912/9351/6071/files/img_f8c0bdc9_20241008_i1728376871_8085_4_jpg_6556b29e-3684-4c7c-a7d8-f749aabfa97a.jpg?v=1759130584|https://cdn.shopify.com/s/files/1/0912/9351/6071/files/img_f8c0bdc9_20241008_i1728376871_8549_1_jpg_aab3f57b-572c-4651-ad58-576d82fd6b31.jpg?v=1759130584|https://cdn.shopify.com/s/files/1/0912/9351/6071/files/img_f8c0bdc9_20241008_i1728376871_9644_8_jpg_54ba0309-a5c5-4df8-9276-4bbc069c9124.jpg?v=1759130584,Hi I want SHOPPING TOTE BAG 38 IN BLACK CRUMPLED CALFSKIN,
NIKI SHOPPING BAG 33 IN BLACK CROCODILE-EMBOSSED CALFSKIN,https://cdn.shopify.com/s/files/1/0912/9351/6071/files/img_f8c0bdc9_20240905_i1725526722_5010_3_jpg.jpg?v=1778124891,handbags,ysl,https://cdn.shopify.com/s/files/1/0912/9351/6071/files/img_f8c0bdc9_20240905_i1725526722_5010_3_jpg.jpg?v=1778124891|https://cdn.shopify.com/s/files/1/0912/9351/6071/files/img_f8c0bdc9_20240905_i1725526722_787_1_jpg.jpg?v=1778124891|https://cdn.shopify.com/s/files/1/0912/9351/6071/files/img_f8c0bdc9_20240905_i1725526722_975_2_jpg.jpg?v=1778124891|https://cdn.shopify.com/s/files/1/0912/9351/6071/files/img_f8c0bdc9_20240905_i1725526722_2107_8_jpg.jpg?v=1778124891|https://cdn.shopify.com/s/files/1/0912/9351/6071/files/img_f8c0bdc9_20240905_i1725526722_3137_0_jpg.jpg?v=1778124891|https://cdn.shopify.com/s/files/1/0912/9351/6071/files/img_f8c0bdc9_20240905_i1725526722_3605_6_jpg.jpg?v=1778124891|https://cdn.shopify.com/s/files/1/0912/9351/6071/files/img_f8c0bdc9_20240905_i1725526722_4503_4_jpg.jpg?v=1778124891|https://cdn.shopify.com/s/files/1/0912/9351/6071/files/img_f8c0bdc9_20240905_i1725526722_6207_7_jpg.jpg?v=1778124891|https://cdn.shopify.com/s/files/1/0912/9351/6071/files/img_f8c0bdc9_20240905_i1725526722_7519_5_jpg.jpg?v=1778124891,Hi I want NIKI SHOPPING BAG 33 IN BLACK CROCODILE-EMBOSSED CALFSKIN,
ENVELOPE CHAIN BAG 21 IN BRONZE BROWN SUEDE AND WHITE SHEARLING TRIM GOLD HARDWARE,https://cdn.shopify.com/s/files/1/0912/9351/6071/files/img_f8c0bdc9_20241218_1734492748_730_jpg_1f5dee57-7b9d-4edb-be90-d8a2a729c400.jpg?v=1759130952,handbags,ysl,https://cdn.shopify.com/s/files/1/0912/9351/6071/files/img_f8c0bdc9_20241218_1734492748_730_jpg_1f5dee57-7b9d-4edb-be90-d8a2a729c400.jpg?v=1759130952|https://cdn.shopify.com/s/files/1/0912/9351/6071/files/img_f8c0bdc9_20241218_1734492748_94_jpg_218ee727-ea33-4ca6-ba00-e4ba14aebe0a.jpg?v=1759130952|https://cdn.shopify.com/s/files/1/0912/9351/6071/files/img_f8c0bdc9_20241218_1734492748_273_jpg_cb168a9f-8d9e-410e-96e6-318ba65b0833.jpg?v=1759130952|https://cdn.shopify.com/s/files/1/0912/9351/6071/files/img_f8c0bdc9_20241218_1734492748_278_jpg_47b04c83-7242-407c-a3e3-f0da35ec8574.jpg?v=1759130952|https://cdn.shopify.com/s/files/1/0912/9351/6071/files/img_f8c0bdc9_20241218_1734492748_391_jpg_df9270ae-e6e7-4dcc-8b2e-564116fc082b.jpg?v=1759130952|https://cdn.shopify.com/s/files/1/0912/9351/6071/files/img_f8c0bdc9_20241218_1734492748_803_jpg_4fbca311-4c8c-4fdb-842b-8ea81c306299.jpg?v=1759130952|https://cdn.shopify.com/s/files/1/0912/9351/6071/files/img_f8c0bdc9_20241218_1734492748_914_jpg_aa360a90-b74e-493b-9e0d-2dd0d9c1c853.jpg?v=1759130952|https://cdn.shopify.com/s/files/1/0912/9351/6071/files/img_f8c0bdc9_20241218_1734492748_923_jpg_02e5e5f5-df5c-43bb-907c-557cff8efb06.jpg?v=1759130952|https://cdn.shopify.com/s/files/1/0912/9351/6071/files/img_f8c0bdc9_20241218_1734492748_948_jpg_935025d4-92a1-4ab8-98b7-7b3846eeccd9.jpg?v=1759130952,Hi I want ENVELOPE CHAIN BAG 21 IN BRONZE BROWN SUEDE AND WHITE SHEARLING TRIM GOLD HARDWARE,
LE 5 À 7 SMALL SUPPLE 23 IN AMBER ORANGE SUEDE AND WHITE LAMB FUR TRIM,https://cdn.shopify.com/s/files/1/0912/9351/6071/files/img_f8c0bdc9_20241218_1734493057_108_jpg_6a8377dd-bfa7-41d7-8b27-4a1db74ff790.jpg?v=1759130971,handbags,ysl,https://cdn.shopify.com/s/files/1/0912/9351/6071/files/img_f8c0bdc9_20241218_1734493057_108_jpg_6a8377dd-bfa7-41d7-8b27-4a1db74ff790.jpg?v=1759130971|https://cdn.shopify.com/s/files/1/0912/9351/6071/files/img_f8c0bdc9_20241218_1734493056_206_jpg_c4c58ae9-f571-40c0-9f58-9258dc8c70f5.jpg?v=1759130971|https://cdn.shopify.com/s/files/1/0912/9351/6071/files/img_f8c0bdc9_20241218_1734493056_581_jpg_c41863db-7d16-4a7a-9fbe-4dfc09a15bdf.jpg?v=1759130971|https://cdn.shopify.com/s/files/1/0912/9351/6071/files/img_f8c0bdc9_20241218_1734493056_724_jpg_aa684bba-1de6-4559-bd9b-bffb20e120ac.jpg?v=1759130971|https://cdn.shopify.com/s/files/1/0912/9351/6071/files/img_f8c0bdc9_20241218_1734493057_190_jpg_c63f812a-dfb9-4884-9e2e-9c00fc0715cb.jpg?v=1759130971|https://cdn.shopify.com/s/files/1/0912/9351/6071/files/img_f8c0bdc9_20241218_1734493057_283_jpg_238bbd40-e048-4ea5-8ba4-7f7b36f56940.jpg?v=1759130972|https://cdn.shopify.com/s/files/1/0912/9351/6071/files/img_f8c0bdc9_20241218_1734493057_299_jpg_93eaebd9-3c44-49af-b82e-31cd93efe55a.jpg?v=1759130972|https://cdn.shopify.com/s/files/1/0912/9351/6071/files/img_f8c0bdc9_20241218_1734493057_520_jpg_e843cefc-f367-4807-9b2a-52d75289ef8d.jpg?v=1759130972|https://cdn.shopify.com/s/files/1/0912/9351/6071/files/img_f8c0bdc9_20241218_1734493057_574_jpg_b4bc5f61-4456-4e6b-8bc2-17b4bd877865.jpg?v=1759130972,Hi I want LE 5 À 7 SMALL SUPPLE 23 IN AMBER ORANGE SUEDE AND WHITE LAMB FUR TRIM,
CLASSIC CROSSBODY BAG 25 IN BLACK CAVIAR LEATHER GOLD LOGO,https://cdn.shopify.com/s/files/1/0912/9351/6071/files/img_f8c0bdc9_20241220_1734678260_2_jpg_84533ddf-d615-4c53-94d6-15bfa47d1691.jpg?v=1759131042,handbags,ysl,https://cdn.shopify.com/s/files/1/0912/9351/6071/files/img_f8c0bdc9_20241220_1734678260_2_jpg_84533ddf-d615-4c53-94d6-15bfa47d1691.jpg?v=1759131042|https://cdn.shopify.com/s/files/1/0912/9351/6071/files/img_f8c0bdc9_20241220_1734678259_72_jpg_d2825c7c-25ef-493a-93d9-70ced1564f88.jpg?v=1759131042|https://cdn.shopify.com/s/files/1/0912/9351/6071/files/img_f8c0bdc9_20241220_1734678259_198_jpg_8f32559b-e97f-40b9-b0e4-3ebab18c878d.jpg?v=1759131042|https://cdn.shopify.com/s/files/1/0912/9351/6071/files/img_f8c0bdc9_20241220_1734678259_247_jpg_a93bc6c3-2681-421d-82e7-813bd47751f2.jpg?v=1759131042|https://cdn.shopify.com/s/files/1/0912/9351/6071/files/img_f8c0bdc9_20241220_1734678260_453_jpg_9697b691-e750-46ce-a3ab-19515dba8cb2.jpg?v=1759131042|https://cdn.shopify.com/s/files/1/0912/9351/6071/files/img_f8c0bdc9_20241220_1734678260_561_jpg_3b7cedad-ee81-4970-acb0-47c50e596f99.jpg?v=1759131042|https://cdn.shopify.com/s/files/1/0912/9351/6071/files/img_f8c0bdc9_20241220_1734678271_293_jpg_db9198c5-5a03-49f9-86f3-4d18ed8ddd8d.jpg?v=1759131042|https://cdn.shopify.com/s/files/1/0912/9351/6071/files/img_f8c0bdc9_20241220_1734678271_365_jpg_1d21a578-c1d8-43d8-99ec-1b29ee8f18c3.jpg?v=1759131042|https://cdn.shopify.com/s/files/1/0912/9351/6071/files/img_f8c0bdc9_20241220_1734678259_659_jpg_52237029-d86c-44ae-8bb3-bab4ca035510.jpg?v=1759131042,Hi I want CLASSIC CROSSBODY BAG 25 IN BLACK CAVIAR LEATHER GOLD LOGO,
LE 5 À 7 PHONE BAG 18 IN BLACK CALFSKIN,https://cdn.shopify.com/s/files/1/0912/9351/6071/files/img_f8c0bdc9_20241220_1734679264_636_jpg_e3b05aa8-9edf-4c11-806d-41dc8ccd4711.jpg?v=1759131082,handbags,ysl,https://cdn.shopify.com/s/files/1/0912/9351/6071/files/img_f8c0bdc9_20241220_1734679264_636_jpg_e3b05aa8-9edf-4c11-806d-41dc8ccd4711.jpg?v=1759131082|https://cdn.shopify.com/s/files/1/0912/9351/6071/files/img_f8c0bdc9_20241220_1734679263_557_jpg_4be56c35-4b1d-429a-bc7b-1fccff199a39.jpg?v=1759131082|https://cdn.shopify.com/s/files/1/0912/9351/6071/files/img_f8c0bdc9_20241220_1734679264_21_jpg_8f500ce5-8baf-49bc-9256-2248a3e5c8e4.jpg?v=1759131082|https://cdn.shopify.com/s/files/1/0912/9351/6071/files/img_f8c0bdc9_20241220_1734679264_62_jpg_81742467-ca74-455d-9ab7-3b31b26d46fc.jpg?v=1759131082|https://cdn.shopify.com/s/files/1/0912/9351/6071/files/img_f8c0bdc9_20241220_1734679264_76_jpg_7f0402b3-3836-4e4c-8222-42896480139c.jpg?v=1759131082|https://cdn.shopify.com/s/files/1/0912/9351/6071/files/img_f8c0bdc9_20241220_1734679264_197_jpg_25f9b5a4-2a48-4326-8377-6333f3dd617b.jpg?v=1759131083|https://cdn.shopify.com/s/files/1/0912/9351/6071/files/img_f8c0bdc9_20241220_1734679264_422_jpg_224cfa3a-1d89-478b-a3a5-77a71cf31248.jpg?v=1759131083|https://cdn.shopify.com/s/files/1/0912/9351/6071/files/img_f8c0bdc9_20241220_1734679264_799_jpg_77928641-6e11-45f5-b9a0-17a55883411a.jpg?v=1759131083|https://cdn.shopify.com/s/files/1/0912/9351/6071/files/img_f8c0bdc9_20241220_1734679264_950_jpg_868d0e35-b7b7-4427-8bd6-08e7b42e0fea.jpg?v=1759131083,Hi I want LE 5 À 7 PHONE BAG 18 IN BLACK CALFSKIN,
KATE SMALL BAG 20 IN LEOPARD PRINT FUR COPPER CHAIN,https://cdn.shopify.com/s/files/1/0912/9351/6071/files/img_f8c0bdc9_20240914_i1726303010_3319_5_jpg_52defdfe-f556-4fba-978d-68a5454a553b.jpg?v=1759131171,handbags,ysl,https://cdn.shopify.com/s/files/1/0912/9351/6071/files/img_f8c0bdc9_20240914_i1726303010_3319_5_jpg_52defdfe-f556-4fba-978d-68a5454a553b.jpg?v=1759131171|https://cdn.shopify.com/s/files/1/0912/9351/6071/files/img_f8c0bdc9_20240914_i1726303010_2736_4_jpg_cba9fae7-ab76-4d73-add5-1f397b698c23.jpg?v=1759131171|https://cdn.shopify.com/s/files/1/0912/9351/6071/files/img_f8c0bdc9_20240914_i1726303010_3778_2_jpg_470dc343-c130-438e-9b2b-3317642b6d52.jpg?v=1759131171|https://cdn.shopify.com/s/files/1/0912/9351/6071/files/img_f8c0bdc9_20240914_i1726303010_3944_1_jpg_422c7af6-bb77-408f-ba6c-7ec43bfa1574.jpg?v=1759131171|https://cdn.shopify.com/s/files/1/0912/9351/6071/files/img_f8c0bdc9_20240914_i1726303010_6640_0_jpg_5b74cc70-9b59-4882-ada6-8088d49b64d0.jpg?v=1759131171|https://cdn.shopify.com/s/files/1/0912/9351/6071/files/img_f8c0bdc9_20240914_i1726303010_9514_3_jpg_c0edbbf3-0375-4109-ac67-8c9f5ff5d785.jpg?v=1759131171|https://cdn.shopify.com/s/files/1/0912/9351/6071/files/img_f8c0bdc9_20240914_i1726303011_3421_7_jpg_f7102b44-3927-4a4e-a81e-26ca9db4796d.jpg?v=1759131171|https://cdn.shopify.com/s/files/1/0912/9351/6071/files/img_f8c0bdc9_20240914_i1726303011_3880_8_jpg_faae83e2-3c6a-4087-a7ae-ac813598415f.jpg?v=1759131171|https://cdn.shopify.com/s/files/1/0912/9351/6071/files/img_f8c0bdc9_20240914_i1726303011_4208_6_jpg_1e6e88fc-44a6-4faa-a4b3-3edd5cf61efb.jpg?v=1759131171,Hi I want KATE SMALL BAG 20 IN LEOPARD PRINT FUR COPPER CHAIN,
NIKI MEDIUM 28 IN CAMEL SUEDE AND WHITE SHEARLING,https://cdn.shopify.com/s/files/1/0912/9351/6071/files/img_f8c0bdc9_20231221_i1703146760_6449_0_jpg_1d977d77-bab3-42ad-8352-18952536b63a.jpg?v=1759131190,handbags,ysl,https://cdn.shopify.com/s/files/1/0912/9351/6071/files/img_f8c0bdc9_20231221_i1703146760_6449_0_jpg_1d977d77-bab3-42ad-8352-18952536b63a.jpg?v=1759131190|https://cdn.shopify.com/s/files/1/0912/9351/6071/files/img_f8c0bdc9_20231221_i1703146760_392_7_jpg_a9c21061-55b6-420f-a8f4-0fb27a538823.jpg?v=1759131190|https://cdn.shopify.com/s/files/1/0912/9351/6071/files/img_f8c0bdc9_20231221_i1703146760_1337_5_jpg_c7caa455-0a46-4650-8b16-488006cf33fc.jpg?v=1759131190|https://cdn.shopify.com/s/files/1/0912/9351/6071/files/img_f8c0bdc9_20231221_i1703146760_1895_3_jpg_1e79ba18-c6ff-419a-8bb7-0e656b33eeb6.jpg?v=1759131190|https://cdn.shopify.com/s/files/1/0912/9351/6071/files/img_f8c0bdc9_20231221_i1703146760_3424_2_jpg_d1343d50-47c4-4db2-9a80-2ea364440f57.jpg?v=1759131190|https://cdn.shopify.com/s/files/1/0912/9351/6071/files/img_f8c0bdc9_20231221_i1703146760_4374_4_jpg_8d1aeb2d-8f97-46a1-bd8a-2098a19a645b.jpg?v=1759131190|https://cdn.shopify.com/s/files/1/0912/9351/6071/files/img_f8c0bdc9_20231221_i1703146760_4515_1_jpg_a5cf71ca-08bb-416f-a888-49faef7fdff0.jpg?v=1759131190|https://cdn.shopify.com/s/files/1/0912/9351/6071/files/img_f8c0bdc9_20231221_i1703146760_7461_6_jpg_b9f5145a-eb18-4240-b343-c19d30195681.jpg?v=1759131190|https://cdn.shopify.com/s/files/1/0912/9351/6071/files/img_f8c0bdc9_20231221_i1703146778_3411_0_jpg_1644bb49-5860-4a6f-9ab8-4438c6bb921b.jpg?v=1759131190,Hi I want NIKI MEDIUM 28 IN CAMEL SUEDE AND WHITE SHEARLING,
KATE FLAP BAG 28 IN ECRU BEIGE RABBIT FUR GOLD CHAIN,https://cdn.shopify.com/s/files/1/0912/9351/6071/files/img_f8c0bdc9_20231223_i1703320362_6961_0_jpg_ae1e331e-a389-40b9-9ed6-a959be5be448.jpg?v=1759131221,handbags,ysl,https://cdn.shopify.com/s/files/1/0912/9351/6071/files/img_f8c0bdc9_20231223_i1703320362_6961_0_jpg_ae1e331e-a389-40b9-9ed6-a959be5be448.jpg?v=1759131221|https://cdn.shopify.com/s/files/1/0912/9351/6071/files/img_f8c0bdc9_20231223_i1703320362_1926_7_jpg_5c3ccac5-87e6-4662-a81b-89ff69ea6c1b.jpg?v=1759131221|https://cdn.shopify.com/s/files/1/0912/9351/6071/files/img_f8c0bdc9_20231223_i1703320362_3451_1_jpg_c6f44716-6fb8-4de2-96aa-f9d8c99e084b.jpg?v=1759131221|https://cdn.shopify.com/s/files/1/0912/9351/6071/files/img_f8c0bdc9_20231223_i1703320362_5742_2_jpg_2da3ac75-4a1d-4459-853d-6ea5f2ddb99c.jpg?v=1759131221|https://cdn.shopify.com/s/files/1/0912/9351/6071/files/img_f8c0bdc9_20231223_i1703320362_5950_8_jpg_448f2882-a31f-4c2e-b17e-fb0e4540d25a.jpg?v=1759131221|https://cdn.shopify.com/s/files/1/0912/9351/6071/files/img_f8c0bdc9_20231223_i1703320362_6423_5_jpg_20dba220-1c49-41ef-8c45-6722ec85f076.jpg?v=1759131221|https://cdn.shopify.com/s/files/1/0912/9351/6071/files/img_f8c0bdc9_20231223_i1703320362_8066_4_jpg_07885b2d-6b71-4909-8879-f84e28512eab.jpg?v=1759131221|https://cdn.shopify.com/s/files/1/0912/9351/6071/files/img_f8c0bdc9_20231223_i1703320362_8175_3_jpg_05093f77-b229-4cda-aeb6-415d9153ded4.jpg?v=1759131221|https://cdn.shopify.com/s/files/1/0912/9351/6071/files/img_f8c0bdc9_20231223_i1703320362_9581_6_jpg_812f5e43-7029-4392-a659-3b34742a7b1e.jpg?v=1759131221,Hi I want KATE FLAP BAG 28 IN ECRU BEIGE RABBIT FUR GOLD CHAIN,
GABY MINI VANITY BAG 18 IN ARMY GREEN LAMBSKIN,https://cdn.shopify.com/s/files/1/0912/9351/6071/files/img_f8c0bdc9_20241118_i1731909754_2181_0_jpg_68ab984f-bbc5-4504-a229-95cd26e5b043.jpg?v=1759131740,handbags,ysl,https://cdn.shopify.com/s/files/1/0912/9351/6071/files/img_f8c0bdc9_20241118_i1731909754_2181_0_jpg_68ab984f-bbc5-4504-a229-95cd26e5b043.jpg?v=1759131740|https://cdn.shopify.com/s/files/1/0912/9351/6071/files/img_f8c0bdc9_20241118_i1731909754_1107_7_jpg_d32ad6e4-d841-4903-9b9a-4ff8edb6e725.jpg?v=1759131740|https://cdn.shopify.com/s/files/1/0912/9351/6071/files/img_f8c0bdc9_20241118_i1731909754_2647_1_jpg_d74862f9-9009-4dfb-a731-4bb376c12c97.jpg?v=1759131740|https://cdn.shopify.com/s/files/1/0912/9351/6071/files/img_f8c0bdc9_20241118_i1731909754_4288_4_jpg_22590238-ef70-4f81-acce-33b3fe96724e.jpg?v=1759131740|https://cdn.shopify.com/s/files/1/0912/9351/6071/files/img_f8c0bdc9_20241118_i1731909754_4447_3_jpg_2d8fbdfb-7809-4ad5-99d8-dbb04954eee1.jpg?v=1759131740|https://cdn.shopify.com/s/files/1/0912/9351/6071/files/img_f8c0bdc9_20241118_i1731909754_4983_6_jpg_d1b96171-7d7e-4fd0-ba39-d67d1802e82b.jpg?v=1759131740|https://cdn.shopify.com/s/files/1/0912/9351/6071/files/img_f8c0bdc9_20241118_i1731909754_8780_8_jpg_0395ef25-3bc1-4403-97c2-c8be58a4121d.jpg?v=1759131740|https://cdn.shopify.com/s/files/1/0912/9351/6071/files/img_f8c0bdc9_20241118_i1731909754_9255_5_jpg_8a3802e3-f335-4854-878a-c098e2997a8a.jpg?v=1759131740|https://cdn.shopify.com/s/files/1/0912/9351/6071/files/img_f8c0bdc9_20241118_i1731909754_9397_2_jpg_71af464f-8e33-4efa-b926-70fb6c11420c.jpg?v=1759131741,Hi I want GABY MINI VANITY BAG 18 IN ARMY GREEN LAMBSKIN,
LE 5 À 7 BEA TOTE BAG 50 IN KHAKI GREEN LAMBSKIN COPPER LOGO,https://cdn.shopify.com/s/files/1/0912/9351/6071/files/img_f8c0bdc9_20241118_i1731910168_5646_2_jpg_f815ad22-3807-4764-8b63-72f511e68152.jpg?v=1759131761,handbags,ysl,https://cdn.shopify.com/s/files/1/0912/9351/6071/files/img_f8c0bdc9_20241118_i1731910168_5646_2_jpg_f815ad22-3807-4764-8b63-72f511e68152.jpg?v=1759131761|https://cdn.shopify.com/s/files/1/0912/9351/6071/files/img_f8c0bdc9_20241118_i1731910168_944_5_jpg_601e6f6c-4d46-49b6-9869-ab17a0e11a0e.jpg?v=1759131761|https://cdn.shopify.com/s/files/1/0912/9351/6071/files/img_f8c0bdc9_20241118_i1731910168_2397_1_jpg_050a99f7-3b18-47eb-8793-78a6eef16386.jpg?v=1759131761|https://cdn.shopify.com/s/files/1/0912/9351/6071/files/img_f8c0bdc9_20241118_i1731910168_5468_4_jpg_bdf3d2ff-dcc9-4bc3-9bc7-983e08ff25ba.jpg?v=1759131761|https://cdn.shopify.com/s/files/1/0912/9351/6071/files/img_f8c0bdc9_20241118_i1731910168_6497_8_jpg_0fbe23df-3759-495e-b0fb-0d466b67528a.jpg?v=1759131761|https://cdn.shopify.com/s/files/1/0912/9351/6071/files/img_f8c0bdc9_20241118_i1731910168_6622_3_jpg_1d7f459c-94dc-475a-905d-ae41b812f33c.jpg?v=1759131761|https://cdn.shopify.com/s/files/1/0912/9351/6071/files/img_f8c0bdc9_20241118_i1731910168_7981_7_jpg_f014aa0e-eda4-4a9a-84d3-c76eefdad9b9.jpg?v=1759131761|https://cdn.shopify.com/s/files/1/0912/9351/6071/files/img_f8c0bdc9_20241118_i1731910168_9393_6_jpg_ba3b3a5a-48f5-485a-a161-e5226ffcd367.jpg?v=1759131761|https://cdn.shopify.com/s/files/1/0912/9351/6071/files/img_f8c0bdc9_20241118_i1731910168_9602_0_jpg_1eb52095-11c6-4b16-8dda-9229b65e9847.jpg?v=1759131761,Hi I want LE 5 À 7 BEA TOTE BAG 50 IN KHAKI GREEN LAMBSKIN COPPER LOGO,
LE 5 À 7 LARGE BAG 31 IN KHAKI GREEN LAMBSKIN,https://cdn.shopify.com/s/files/1/0912/9351/6071/files/img_f8c0bdc9_20241118_i1731910258_2326_8_jpg_8dc75e59-6063-4763-80d5-d2e3a859bdde.jpg?v=1759131771,handbags,ysl,https://cdn.shopify.com/s/files/1/0912/9351/6071/files/img_f8c0bdc9_20241118_i1731910258_2326_8_jpg_8dc75e59-6063-4763-80d5-d2e3a859bdde.jpg?v=1759131771|https://cdn.shopify.com/s/files/1/0912/9351/6071/files/img_f8c0bdc9_20241118_i1731910258_501_1_jpg_04ad5dfe-4bd6-4bce-9955-a953edf56fb8.jpg?v=1759131772|https://cdn.shopify.com/s/files/1/0912/9351/6071/files/img_f8c0bdc9_20241118_i1731910258_725_0_jpg_b4ec6c73-cdfa-400e-b523-fa321e6ad0f5.jpg?v=1759131772|https://cdn.shopify.com/s/files/1/0912/9351/6071/files/img_f8c0bdc9_20241118_i1731910258_1664_2_jpg_85cc506c-e4a5-49e9-97a6-052a0f08f9d5.jpg?v=1759131772|https://cdn.shopify.com/s/files/1/0912/9351/6071/files/img_f8c0bdc9_20241118_i1731910258_1775_4_jpg_42499764-192f-4dca-ba34-ad56dbc1f40e.jpg?v=1759131772|https://cdn.shopify.com/s/files/1/0912/9351/6071/files/img_f8c0bdc9_20241118_i1731910258_2308_3_jpg_787a47f5-ec74-493e-b719-9ec0e2aaa281.jpg?v=1759131772|https://cdn.shopify.com/s/files/1/0912/9351/6071/files/img_f8c0bdc9_20241118_i1731910258_4609_7_jpg_50afd086-abee-419f-a9c0-2b9cbe7869a4.jpg?v=1759131772|https://cdn.shopify.com/s/files/1/0912/9351/6071/files/img_f8c0bdc9_20241118_i1731910258_8399_5_jpg_fdb60d08-16a3-4312-8f23-3bb813bee03f.jpg?v=1759131772|https://cdn.shopify.com/s/files/1/0912/9351/6071/files/img_f8c0bdc9_20241118_i1731910258_9071_6_jpg_8ac5803d-b03b-44ee-9295-c1a6a853a4e3.jpg?v=1759131772,Hi I want LE 5 À 7 LARGE BAG 31 IN KHAKI GREEN LAMBSKIN,
JAMIE BAG 25 IN BROWN SUEDE MIX BEIGE SHEARLING GOLD HARDWARE,https://cdn.shopify.com/s/files/1/0912/9351/6071/files/20221123_i1669200343_3780_0_jpg_10c61e08-2362-4f8e-ae6f-0ca32fc2c899.jpg?v=1759132046,handbags,ysl,https://cdn.shopify.com/s/files/1/0912/9351/6071/files/20221123_i1669200343_3780_0_jpg_10c61e08-2362-4f8e-ae6f-0ca32fc2c899.jpg?v=1759132046|https://cdn.shopify.com/s/files/1/0912/9351/6071/files/20221123_i1669200343_2101_4_jpg_7aaa0346-0bb3-4584-a8d2-cd294052e619.jpg?v=1759132046|https://cdn.shopify.com/s/files/1/0912/9351/6071/files/20221123_i1669200343_6155_8_jpg_9553488a-a88e-40fc-9fdb-1b0f60ebcdf7.jpg?v=1759132046|https://cdn.shopify.com/s/files/1/0912/9351/6071/files/20221123_i1669200343_192_7_jpg_41fa5282-fb2d-422c-9154-08df76941d6d.jpg?v=1759132046|https://cdn.shopify.com/s/files/1/0912/9351/6071/files/20221123_i1669200343_590_5_jpg_4fbc5394-6b31-4e35-9bf2-b2f604bca68d.jpg?v=1759132046|https://cdn.shopify.com/s/files/1/0912/9351/6071/files/20221123_i1669200343_6000_6_jpg_2e4357ed-3c53-4c39-a975-a51ee8e56ee6.jpg?v=1759132046|https://cdn.shopify.com/s/files/1/0912/9351/6071/files/20221123_i1669200343_6350_2_jpg_3b65084e-b38a-4270-b447-f62e42a684a5.jpg?v=1759132046|https://cdn.shopify.com/s/files/1/0912/9351/6071/files/20221123_i1669200343_6776_3_jpg_9add7e3f-b88c-477c-8da2-998e29e0b03a.jpg?v=1759132046|https://cdn.shopify.com/s/files/1/0912/9351/6071/files/20221123_i1669200343_9628_1_jpg_45ad831a-cbcb-472c-9e90-f3cbc1a591e4.jpg?v=1759132046,Hi I want JAMIE BAG 25 IN BROWN SUEDE MIX BEIGE SHEARLING GOLD HARDWARE,
JAMIE LARGE POCHON 34 IN UNIFORM GREEN LAMBSKIN COPPER HARDWARE,https://cdn.shopify.com/s/files/1/0912/9351/6071/files/img_f8c0bdc9_20241212_1733982012_256_jpg_854f41a7-9f96-4b57-94f0-4b9eb0e73f60.jpg?v=1759132066,handbags,ysl,https://cdn.shopify.com/s/files/1/0912/9351/6071/files/img_f8c0bdc9_20241212_1733982012_256_jpg_854f41a7-9f96-4b57-94f0-4b9eb0e73f60.jpg?v=1759132066|https://cdn.shopify.com/s/files/1/0912/9351/6071/files/img_f8c0bdc9_20241212_1733982011_427_jpg_b87fa04d-f118-45cb-891d-bb75859b77cb.jpg?v=1759132066|https://cdn.shopify.com/s/files/1/0912/9351/6071/files/img_f8c0bdc9_20241212_1733982012_145_jpg_87a4c5f5-d043-4243-8a33-e1c3d0873d07.jpg?v=1759132066|https://cdn.shopify.com/s/files/1/0912/9351/6071/files/img_f8c0bdc9_20241212_1733982012_602_jpg_fe80efac-62ec-476d-bc79-93b63fedee1a.jpg?v=1759132066|https://cdn.shopify.com/s/files/1/0912/9351/6071/files/img_f8c0bdc9_20241212_1733982012_623_jpg_ec69424a-55bd-4dae-b612-e0d8486cfd95.jpg?v=1759132066|https://cdn.shopify.com/s/files/1/0912/9351/6071/files/img_f8c0bdc9_20241212_1733982012_667_jpg_3be60df1-c6be-4163-b3ca-f87b17912f75.jpg?v=1759132066|https://cdn.shopify.com/s/files/1/0912/9351/6071/files/img_f8c0bdc9_20241212_1733982012_785_jpg_dc0f3025-565e-40eb-bab7-fcddc1a29317.jpg?v=1759132066|https://cdn.shopify.com/s/files/1/0912/9351/6071/files/img_f8c0bdc9_20241212_1733982012_884_jpg_612f8584-ba09-41a3-a3b2-314026b38685.jpg?v=1759132066|https://cdn.shopify.com/s/files/1/0912/9351/6071/files/img_f8c0bdc9_20241212_1733982012_930_jpg_6baa4578-e0d4-4a8c-a678-52d4f65b7b8a.jpg?v=1759132066,Hi I want JAMIE LARGE POCHON 34 IN UNIFORM GREEN LAMBSKIN COPPER HARDWARE,
SUNSET SMALL BAG 19 IN BLACK CALFSKIN BLACK HARDWARE,https://cdn.shopify.com/s/files/1/0912/9351/6071/files/img_f8c0bdc9_20241213_1734066570_12_jpg_ec3d67ae-ac4c-479f-842e-aae4b500db31.jpg?v=1759132199,handbags,ysl,https://cdn.shopify.com/s/files/1/0912/9351/6071/files/img_f8c0bdc9_20241213_1734066570_12_jpg_ec3d67ae-ac4c-479f-842e-aae4b500db31.jpg?v=1759132199|https://cdn.shopify.com/s/files/1/0912/9351/6071/files/img_f8c0bdc9_20241213_1734066569_40_jpg_1864449d-9df1-4689-9e93-429d57820623.jpg?v=1759132199|https://cdn.shopify.com/s/files/1/0912/9351/6071/files/img_f8c0bdc9_20241213_1734066569_196_jpg_89e1e3ea-de05-447a-b49f-ecc7fc1296a7.jpg?v=1759132199|https://cdn.shopify.com/s/files/1/0912/9351/6071/files/img_f8c0bdc9_20241213_1734066569_308_jpg_0161f315-c93b-471f-b779-08ee79e928ec.jpg?v=1759132199|https://cdn.shopify.com/s/files/1/0912/9351/6071/files/img_f8c0bdc9_20241213_1734066569_378_jpg_e6d22703-3515-48b7-9020-f0b386bfd217.jpg?v=1759132199|https://cdn.shopify.com/s/files/1/0912/9351/6071/files/img_f8c0bdc9_20241213_1734066570_129_jpg_f4f632c8-6150-49ad-bba0-378ac3dd8646.jpg?v=1759132199|https://cdn.shopify.com/s/files/1/0912/9351/6071/files/img_f8c0bdc9_20241213_1734066570_302_jpg_63ac821c-7f79-49a0-9f79-e8d17e31748b.jpg?v=1759132199|https://cdn.shopify.com/s/files/1/0912/9351/6071/files/img_f8c0bdc9_20241213_1734066570_436_jpg_65c866d7-0a5d-4188-a002-8ef89e7860c6.jpg?v=1759132199|https://cdn.shopify.com/s/files/1/0912/9351/6071/files/img_f8c0bdc9_20241213_1734066570_456_jpg_2d8f7ce0-e20f-4295-82ef-54d447887c83.jpg?v=1759132199,Hi I want SUNSET SMALL BAG 19 IN BLACK CALFSKIN BLACK HARDWARE,
MINI NOLITA BAG 18 IN BLACK LAMBSKIN COPPER HARDWARE,https://cdn.shopify.com/s/files/1/0912/9351/6071/files/img_f8c0bdc9_20241209_1733714093_602_jpg_a0d6d431-149a-41be-a2a7-899100f94c07.jpg?v=1759132307,handbags,ysl,https://cdn.shopify.com/s/files/1/0912/9351/6071/files/img_f8c0bdc9_20241209_1733714093_602_jpg_a0d6d431-149a-41be-a2a7-899100f94c07.jpg?v=1759132307|https://cdn.shopify.com/s/files/1/0912/9351/6071/files/img_f8c0bdc9_20241209_1733714093_80_jpg_83b0ef73-511d-4b21-ac0a-17cdac5749de.jpg?v=1759132307|https://cdn.shopify.com/s/files/1/0912/9351/6071/files/img_f8c0bdc9_20241209_1733714093_688_jpg_97387245-71ad-4d1c-9cec-e583adec89fa.jpg?v=1759132307|https://cdn.shopify.com/s/files/1/0912/9351/6071/files/img_f8c0bdc9_20241209_1733714093_845_jpg_a12f46df-6112-456c-9063-7c9c15786a66.jpg?v=1759132307|https://cdn.shopify.com/s/files/1/0912/9351/6071/files/img_f8c0bdc9_20241209_1733714094_283_jpg_b5c88d28-6e23-48d1-9c66-f759909d17a1.jpg?v=1759132308|https://cdn.shopify.com/s/files/1/0912/9351/6071/files/img_f8c0bdc9_20241209_1733714094_364_jpg_8d0cd862-9ae2-4910-9af6-195827b003c5.jpg?v=1759132308|https://cdn.shopify.com/s/files/1/0912/9351/6071/files/img_f8c0bdc9_20241209_1733714094_670_jpg_566e6e3f-3af1-44bc-991c-558d108a4167.jpg?v=1759132308|https://cdn.shopify.com/s/files/1/0912/9351/6071/files/img_f8c0bdc9_20241209_1733714094_733_jpg_2a50b96b-2046-4a40-b709-7fa3a04de39e.jpg?v=1759132308|https://cdn.shopify.com/s/files/1/0912/9351/6071/files/img_f8c0bdc9_20241209_1733714094_763_jpg_6f57d07f-b9d2-4604-81cc-d8f26bebba6f.jpg?v=1759132308,Hi I want MINI NOLITA BAG 18 IN BLACK LAMBSKIN COPPER HARDWARE,
LE 5 À 7 BEA TOTE BAG 50 IN BLACK LAMBSKIN GOLD LOGO,https://cdn.shopify.com/s/files/1/0912/9351/6071/files/img_f8c0bdc9_20231115_i1700038703_9465_1_jpg.jpg?v=1774836316,handbags,ysl,https://cdn.shopify.com/s/files/1/0912/9351/6071/files/img_f8c0bdc9_20231115_i1700038703_9465_1_jpg.jpg?v=1774836316|https://cdn.shopify.com/s/files/1/0912/9351/6071/files/img_f8c0bdc9_20231115_i1700038703_5924_0_jpg.jpg?v=1774836316|https://cdn.shopify.com/s/files/1/0912/9351/6071/files/img_f8c0bdc9_20231115_i1700038703_5287_5_jpg.jpg?v=1774836316|https://cdn.shopify.com/s/files/1/0912/9351/6071/files/img_f8c0bdc9_20231115_i1700038703_6118_7_jpg.jpg?v=1774836316|https://cdn.shopify.com/s/files/1/0912/9351/6071/files/img_f8c0bdc9_20231115_i1700038703_9279_8_jpg.jpg?v=1774836316|https://cdn.shopify.com/s/files/1/0912/9351/6071/files/img_f8c0bdc9_20231115_i1700038703_6926_3_jpg.jpg?v=1774836316|https://cdn.shopify.com/s/files/1/0912/9351/6071/files/img_f8c0bdc9_20231115_i1700038703_7643_2_jpg.jpg?v=1774836316|https://cdn.shopify.com/s/files/1/0912/9351/6071/files/img_f8c0bdc9_20231115_i1700038703_8047_6_jpg.jpg?v=1774836316|https://cdn.shopify.com/s/files/1/0912/9351/6071/files/img_f8c0bdc9_20231115_i1700038703_8998_4_jpg.jpg?v=1774836316,Hi I want LE 5 À 7 BEA TOTE BAG 50 IN BLACK LAMBSKIN GOLD LOGO,
CITY BACKPACK 35 IN BLACK CANVAS,https://cdn.shopify.com/s/files/1/0912/9351/6071/files/img_f8c0bdc9_20241206_1733457354_763_jpg_1e7566f0-3dc4-4752-a046-8130ba78adae.jpg?v=1759132472,handbags,ysl,https://cdn.shopify.com/s/files/1/0912/9351/6071/files/img_f8c0bdc9_20241206_1733457354_763_jpg_1e7566f0-3dc4-4752-a046-8130ba78adae.jpg?v=1759132472|https://cdn.shopify.com/s/files/1/0912/9351/6071/files/img_f8c0bdc9_20241206_1733457354_121_jpg_c95bf4a0-e509-4e77-8143-16e7369d1322.jpg?v=1759132472|https://cdn.shopify.com/s/files/1/0912/9351/6071/files/img_f8c0bdc9_20241206_1733457354_518_jpg_a9bf6392-a097-4186-9579-7ac448c0bf90.jpg?v=1759132472|https://cdn.shopify.com/s/files/1/0912/9351/6071/files/img_f8c0bdc9_20241206_1733457354_528_jpg_ceec5894-8db5-450b-aa2e-f77fef812ab8.jpg?v=1759132472|https://cdn.shopify.com/s/files/1/0912/9351/6071/files/img_f8c0bdc9_20241206_1733457354_944_jpg_b7aa18b1-67ee-475f-9810-142947d905b4.jpg?v=1759132472|https://cdn.shopify.com/s/files/1/0912/9351/6071/files/img_f8c0bdc9_20241206_1733457355_169_jpg_ec8d6ae6-be9a-4707-a175-c0b76e9bbe19.jpg?v=1759132472|https://cdn.shopify.com/s/files/1/0912/9351/6071/files/img_f8c0bdc9_20241206_1733457355_292_jpg_ada92bda-eeeb-417b-acb8-8af6e3911ca8.jpg?v=1759132472|https://cdn.shopify.com/s/files/1/0912/9351/6071/files/img_f8c0bdc9_20241206_1733457355_615_jpg_2decd899-c2bb-4163-8aaf-3ad9d852d9c7.jpg?v=1759132472|https://cdn.shopify.com/s/files/1/0912/9351/6071/files/img_f8c0bdc9_20241206_1733457355_783_jpg_9362f988-f126-4107-9a8e-b6fb75e98469.jpg?v=1759132472,Hi I want CITY BACKPACK 35 IN BLACK CANVAS,
UPTOWN WALLET 21 IN BLACK CALFSKIN GOLD LOGO,https://cdn.shopify.com/s/files/1/0912/9351/6071/files/img_c8ebba50_20240327_i1711531345_1076_7_jpg_2d79602f-f0ef-4dcc-a933-4fe52ac6e902.jpg?v=1783763024,handbags,ysl,https://cdn.shopify.com/s/files/1/0912/9351/6071/files/img_c8ebba50_20240327_i1711531345_1076_7_jpg_2d79602f-f0ef-4dcc-a933-4fe52ac6e902.jpg?v=1783763024|https://cdn.shopify.com/s/files/1/0912/9351/6071/files/img_c8ebba50_20240327_i1711531345_1448_1_jpg_244b243a-59be-4549-a67c-a3629da2d5d2.jpg?v=1783763024|https://cdn.shopify.com/s/files/1/0912/9351/6071/files/img_c8ebba50_20240327_i1711531345_2731_6_jpg_39148715-6296-4df5-bdfc-294541dca5ee.jpg?v=1783763024|https://cdn.shopify.com/s/files/1/0912/9351/6071/files/img_c8ebba50_20240327_i1711531345_3076_0_jpg_93a4f0fe-aced-4a0e-a7e1-0a31302742f2.jpg?v=1783763024|https://cdn.shopify.com/s/files/1/0912/9351/6071/files/img_c8ebba50_20240327_i1711531345_3190_5_jpg_d8d81e81-f643-4b5f-8cd9-9d6428f109d5.jpg?v=1783763024|https://cdn.shopify.com/s/files/1/0912/9351/6071/files/img_c8ebba50_20240327_i1711531345_3627_8_jpg_deee976f-b672-48b7-905f-ac3abd313eb3.jpg?v=1783763024|https://cdn.shopify.com/s/files/1/0912/9351/6071/files/img_c8ebba50_20240327_i1711531345_7237_3_jpg_83e35e9e-ad60-449e-9a18-83d8429387e1.jpg?v=1783763024|https://cdn.shopify.com/s/files/1/0912/9351/6071/files/img_c8ebba50_20240327_i1711531345_8377_4_jpg_110d9d59-caf9-4ad0-97ea-158f8c3583d7.jpg?v=1783763024|https://cdn.shopify.com/s/files/1/0912/9351/6071/files/img_c8ebba50_20240327_i1711531345_8549_2_jpg_40182607-abab-43ca-b5d1-225240089f31.jpg?v=1783763024,Hi I want UPTOWN WALLET 21 IN BLACK CALFSKIN GOLD LOGO,
kate medium 24cm silver metalic calfskin gold hardware,https://cdn.shopify.com/s/files/1/0912/9351/6071/files/20220714_i1657783533_5251_0_jpg_5f8bd48e-8883-49ad-9e16-43da1680d0b0.jpg?v=1759133394,handbags,ysl,https://cdn.shopify.com/s/files/1/0912/9351/6071/files/20220714_i1657783533_5251_0_jpg_5f8bd48e-8883-49ad-9e16-43da1680d0b0.jpg?v=1759133394|https://cdn.shopify.com/s/files/1/0912/9351/6071/files/20220714_i1657783533_1031_6_jpg_e3eafba4-fea1-4ba7-a647-355b77576426.jpg?v=1759133394|https://cdn.shopify.com/s/files/1/0912/9351/6071/files/20220714_i1657783533_1842_1_jpg_97ee94d1-c377-4504-9bb5-3ab93be02647.jpg?v=1759133394|https://cdn.shopify.com/s/files/1/0912/9351/6071/files/20220714_i1657783533_2694_5_jpg_564976e2-830b-4add-8e53-927b2cbd400a.jpg?v=1759133394|https://cdn.shopify.com/s/files/1/0912/9351/6071/files/20220714_i1657783533_3617_3_jpg_74e3cefb-a814-4575-8152-a588546a6bc5.jpg?v=1759133394|https://cdn.shopify.com/s/files/1/0912/9351/6071/files/20220714_i1657783533_4495_8_jpg_ace94c13-32a9-4139-abdd-9a9b33ebbfbe.jpg?v=1759133394|https://cdn.shopify.com/s/files/1/0912/9351/6071/files/20220714_i1657783533_4502_2_jpg_ca2e3c37-bc17-4189-84c1-96c0ffd5225e.jpg?v=1759133394|https://cdn.shopify.com/s/files/1/0912/9351/6071/files/20220714_i1657783533_8807_7_jpg_a55e263c-cff3-47a0-a0cf-c867ff9b16bc.jpg?v=1759133394|https://cdn.shopify.com/s/files/1/0912/9351/6071/files/20220714_i1657783533_9817_4_jpg_15ed4242-c369-4252-bf43-5186504d3713.jpg?v=1759133394,Hi I want kate medium 24cm silver metalic calfskin gold hardware,
uptown chain wallet 19cm dark brown patent calfskin,https://cdn.shopify.com/s/files/1/0912/9351/6071/files/img_f8c0bdc9_20240303_i1709459248_2319_3_jpg_2f6bc3ff-95b4-465b-a90f-dcf6d7c144ad.jpg?v=1759133415,handbags,ysl,https://cdn.shopify.com/s/files/1/0912/9351/6071/files/img_f8c0bdc9_20240303_i1709459248_2319_3_jpg_2f6bc3ff-95b4-465b-a90f-dcf6d7c144ad.jpg?v=1759133415|https://cdn.shopify.com/s/files/1/0912/9351/6071/files/img_f8c0bdc9_20240303_i1709459248_1223_2_jpg_73e94539-8cfd-4ba9-8adb-26b098f2ebdd.jpg?v=1759133415|https://cdn.shopify.com/s/files/1/0912/9351/6071/files/img_f8c0bdc9_20240303_i1709459248_1591_7_jpg_ea0ce2b1-6db0-4fd3-a82c-b3e9181bd24e.jpg?v=1759133415|https://cdn.shopify.com/s/files/1/0912/9351/6071/files/img_f8c0bdc9_20240303_i1709459248_2366_5_jpg_39713aca-8404-4d5f-89e3-9f713fab0c08.jpg?v=1759133415|https://cdn.shopify.com/s/files/1/0912/9351/6071/files/img_f8c0bdc9_20240303_i1709459248_3636_6_jpg_19904519-7202-4037-843a-d07edaa006da.jpg?v=1759133415|https://cdn.shopify.com/s/files/1/0912/9351/6071/files/img_f8c0bdc9_20240303_i1709459248_5218_0_jpg_819e777a-0919-4677-9dbc-20217f22202a.jpg?v=1759133415|https://cdn.shopify.com/s/files/1/0912/9351/6071/files/img_f8c0bdc9_20240303_i1709459248_5452_8_jpg_514546b9-bbb1-4f1e-865d-b6d75a693c7d.jpg?v=1759133415|https://cdn.shopify.com/s/files/1/0912/9351/6071/files/img_f8c0bdc9_20240303_i1709459248_8438_4_jpg_1228f5cd-505a-4150-b183-241f0566636d.jpg?v=1759133415|https://cdn.shopify.com/s/files/1/0912/9351/6071/files/img_f8c0bdc9_20240303_i1709459248_9153_1_jpg_f296806e-f156-4883-b41c-d961e3e4b9e9.jpg?v=1759133415,Hi I want uptown chain wallet 19cm dark brown patent calfskin,
Le 5 a 7 24 Snake Purple Lambskin Ghw,https://cdn.shopify.com/s/files/1/0912/9351/6071/files/20230310_i1678415647_9732_0_jpg_0741dbd5-a600-4278-a1f9-7fcf3304e568.jpg?v=1759133743,handbags,ysl,https://cdn.shopify.com/s/files/1/0912/9351/6071/files/20230310_i1678415647_9732_0_jpg_0741dbd5-a600-4278-a1f9-7fcf3304e568.jpg?v=1759133743|https://cdn.shopify.com/s/files/1/0912/9351/6071/files/20230310_i1678415647_9984_2_jpg_67005a30-bb38-4c3b-8dff-a0ea0bc6d9f4.jpg?v=1759133743|https://cdn.shopify.com/s/files/1/0912/9351/6071/files/20230310_i1678415647_7818_1_jpg_a249379c-22b5-41f0-a8ef-f46402f4f05a.jpg?v=1759133743|https://cdn.shopify.com/s/files/1/0912/9351/6071/files/20230310_i1678415647_724_6_jpg_368a5718-ab0b-4184-8b6f-4f8eed70f3c0.jpg?v=1759133743|https://cdn.shopify.com/s/files/1/0912/9351/6071/files/20230310_i1678415647_3228_4_jpg_924f6374-f85e-42f9-892a-ac49c9ef5a8f.jpg?v=1759133743|https://cdn.shopify.com/s/files/1/0912/9351/6071/files/20230310_i1678415664_7922_0_jpg_faa75b9f-dca3-4032-a410-d154795ca777.jpg?v=1759133743|https://cdn.shopify.com/s/files/1/0912/9351/6071/files/20230310_i1678415647_8514_3_jpg_35e73ac5-ee73-494f-80f8-9f5ce3cb17ee.jpg?v=1759133743|https://cdn.shopify.com/s/files/1/0912/9351/6071/files/20230310_i1678415647_6946_7_jpg_3e0234cc-5e52-4f08-b58f-5570aa79db5b.jpg?v=1759133743|https://cdn.shopify.com/s/files/1/0912/9351/6071/files/20230310_i1678415647_4192_5_jpg_99e281cd-54cb-425b-8b99-20dc5cf84cc6.jpg?v=1759133743,Hi I want Le 5 a 7 24 Snake Purple Lambskin Ghw,
SL June Box Bag In Quilted Black Lambskin Ghw,https://cdn.shopify.com/s/files/1/0912/9351/6071/files/20221206_i1670301355_1336_0_jpg_f19e95bf-cf26-4664-a759-755dee83aef2.jpg?v=1759133793,handbags,ysl,https://cdn.shopify.com/s/files/1/0912/9351/6071/files/20221206_i1670301355_1336_0_jpg_f19e95bf-cf26-4664-a759-755dee83aef2.jpg?v=1759133793|https://cdn.shopify.com/s/files/1/0912/9351/6071/files/20221206_i1670301355_7549_1_jpg_aab28b9d-669f-47aa-bf8a-0315b6d6f428.jpg?v=1759133793|https://cdn.shopify.com/s/files/1/0912/9351/6071/files/20221206_i1670301355_4846_8_jpg_7a55c926-759b-46bc-acc0-4488e5a3932f.jpg?v=1759133793|https://cdn.shopify.com/s/files/1/0912/9351/6071/files/20221206_i1670301355_7109_6_jpg_99b63174-e636-4753-8299-aed1063021bf.jpg?v=1759133793|https://cdn.shopify.com/s/files/1/0912/9351/6071/files/20221206_i1670301355_828_5_jpg_5cc22aaa-af85-4d1d-bb5a-7f4b55510659.jpg?v=1759133793|https://cdn.shopify.com/s/files/1/0912/9351/6071/files/20221206_i1670301355_81_2_jpg_1cd26885-9809-4d6b-ad3b-b91f16e9edcc.jpg?v=1759133794|https://cdn.shopify.com/s/files/1/0912/9351/6071/files/20221206_i1670301355_5734_4_jpg_78e648c5-e34a-42d5-b1c2-883c7b266b95.jpg?v=1759133794|https://cdn.shopify.com/s/files/1/0912/9351/6071/files/20221206_i1670301355_7445_7_jpg_6e807255-2780-4489-85db-e9a505658e39.jpg?v=1759133794|https://cdn.shopify.com/s/files/1/0912/9351/6071/files/20221206_i1670301355_2215_3_jpg_54eb17f4-bbca-4c77-be92-ded312c8275a.jpg?v=1759133794,Hi I want SL June Box Bag In Quilted Black Lambskin Ghw,
LOULOU MINI 23 BLACK QUILTED GOLD HARDWARE,https://cdn.shopify.com/s/files/1/0912/9351/6071/files/20240305_i1709629402_771_0_jpg_0d6c9535-ebbb-4c59-9a21-a3204ed16874.jpg?v=1759134090,handbags,ysl,https://cdn.shopify.com/s/files/1/0912/9351/6071/files/20240305_i1709629402_771_0_jpg_0d6c9535-ebbb-4c59-9a21-a3204ed16874.jpg?v=1759134090|https://cdn.shopify.com/s/files/1/0912/9351/6071/files/20240305_i1709629432_1803_0_jpg_625b7242-dc5e-4b9a-abb2-975027e29410.jpg?v=1759134090|https://cdn.shopify.com/s/files/1/0912/9351/6071/files/20240305_i1709629446_394_3_jpg_0d0031b2-a564-4bc1-97b9-13cde08cc661.jpg?v=1759134090|https://cdn.shopify.com/s/files/1/0912/9351/6071/files/20240305_i1709629446_665_5_jpg_34ce90f1-0cbd-4715-841e-2d7a173831e1.jpg?v=1759134090|https://cdn.shopify.com/s/files/1/0912/9351/6071/files/20240305_i1709629446_732_6_jpg_4f1915aa-3f02-42c6-a2f1-698715f40cf6.jpg?v=1759134090|https://cdn.shopify.com/s/files/1/0912/9351/6071/files/20240305_i1709629446_2729_1_jpg_3c35a75e-8e0f-4262-888e-504d3215726a.jpg?v=1759134090|https://cdn.shopify.com/s/files/1/0912/9351/6071/files/20240305_i1709629446_3926_0_jpg_ca341bd1-75e3-4bd2-b047-742c3168a652.jpg?v=1759134090|https://cdn.shopify.com/s/files/1/0912/9351/6071/files/20240305_i1709629446_4550_2_jpg_e855cca9-49a3-4bf8-ae92-92ec7399ee4e.jpg?v=1759134090,Hi I want LOULOU MINI 23 BLACK QUILTED GOLD HARDWARE,
LOULOU MINI 23 ALL BLACK QUILTED LEATHER,https://cdn.shopify.com/s/files/1/0912/9351/6071/files/20240306_i1709709568_8211_0_jpg_56916ac2-26c6-4d3a-b8f8-3919f3803932.jpg?v=1759134100,handbags,ysl,https://cdn.shopify.com/s/files/1/0912/9351/6071/files/20240306_i1709709568_8211_0_jpg_56916ac2-26c6-4d3a-b8f8-3919f3803932.jpg?v=1759134100|https://cdn.shopify.com/s/files/1/0912/9351/6071/files/20240306_i1709709577_2327_0_jpg_6f7a40a8-4191-40ef-96b2-046522c59ea2.jpg?v=1759134100|https://cdn.shopify.com/s/files/1/0912/9351/6071/files/20240306_i1709709589_2653_4_jpg_b39b02d0-54a4-4221-88b5-71eeecf11862.jpg?v=1759134100|https://cdn.shopify.com/s/files/1/0912/9351/6071/files/20240306_i1709709589_4037_6_jpg_1d24bbd3-2647-43f5-abae-7953e3186d3d.jpg?v=1759134100|https://cdn.shopify.com/s/files/1/0912/9351/6071/files/20240306_i1709709589_7718_3_jpg_d8ad99f9-5277-44b1-bfc5-73087b32e03c.jpg?v=1759134100|https://cdn.shopify.com/s/files/1/0912/9351/6071/files/20240306_i1709709589_7912_5_jpg_a59a6760-6210-4f36-8b31-027b1ad3e295.jpg?v=1759134100|https://cdn.shopify.com/s/files/1/0912/9351/6071/files/20240306_i1709709589_8454_0_jpg_85700530-8c87-420b-8280-c67a4f8105ca.jpg?v=1759134100|https://cdn.shopify.com/s/files/1/0912/9351/6071/files/20240306_i1709709589_9159_2_jpg_5f7268dc-2fb1-4abd-8e73-3fda700b002c.jpg?v=1759134101|https://cdn.shopify.com/s/files/1/0912/9351/6071/files/20240306_i1709709589_9594_1_jpg_974f22ad-76ad-4503-ac78-d2f7fa55c9cb.jpg?v=1759134101,Hi I want LOULOU MINI 23 ALL BLACK QUILTED LEATHER,
YL WOC 22 RED CHEVERON CAVIAR GOLD HARDWARE,https://cdn.shopify.com/s/files/1/0912/9351/6071/files/img_f8c0bdc9_20231227_i1703659802_161_3_jpg_a7804a7a-e9a5-4274-901a-53d5220df97f.jpg?v=1759134139,handbags,ysl,https://cdn.shopify.com/s/files/1/0912/9351/6071/files/img_f8c0bdc9_20231227_i1703659802_161_3_jpg_a7804a7a-e9a5-4274-901a-53d5220df97f.jpg?v=1759134139|https://cdn.shopify.com/s/files/1/0912/9351/6071/files/img_f8c0bdc9_20231227_i1703659802_225_0_jpg_f712595c-ca0b-4de8-84f7-925ed1bd2c07.jpg?v=1759134139|https://cdn.shopify.com/s/files/1/0912/9351/6071/files/img_f8c0bdc9_20231227_i1703659802_1004_1_jpg_789ea5ad-b254-48ed-a034-8c292075a912.jpg?v=1759134139|https://cdn.shopify.com/s/files/1/0912/9351/6071/files/img_f8c0bdc9_20231227_i1703659802_1830_7_jpg_9642272b-4916-4670-8275-051968caebb6.jpg?v=1759134139|https://cdn.shopify.com/s/files/1/0912/9351/6071/files/img_f8c0bdc9_20231227_i1703659802_1885_6_jpg_d17f4646-4bc7-4ed0-b316-5ef67a886eb7.jpg?v=1759134139|https://cdn.shopify.com/s/files/1/0912/9351/6071/files/img_f8c0bdc9_20231227_i1703659802_2403_4_jpg_fefa22e8-db04-4f14-847b-4df7f2d7f98c.jpg?v=1759134139|https://cdn.shopify.com/s/files/1/0912/9351/6071/files/img_f8c0bdc9_20231227_i1703659802_2895_8_jpg_f0fd5bd7-f1f8-4efc-84a4-2911f273c5b9.jpg?v=1759134139|https://cdn.shopify.com/s/files/1/0912/9351/6071/files/img_f8c0bdc9_20231227_i1703659802_4808_2_jpg_77bf0614-fd50-4414-b90c-e960566f33cb.jpg?v=1759134139|https://cdn.shopify.com/s/files/1/0912/9351/6071/files/img_f8c0bdc9_20231227_i1703659802_8124_5_jpg_6aeffb63-9bac-4921-ac36-c923adf3726e.jpg?v=1759134139,Hi I want YL WOC 22 RED CHEVERON CAVIAR GOLD HARDWARE,
BECKY 22.5 QUILTED RED LAMBSKIN GOLD HARDWARE,https://cdn.shopify.com/s/files/1/0912/9351/6071/files/20221130_i1669805801_2075_0_jpg_e1ffe1a3-eade-4fa0-99fa-51ea6edcbd57.jpg?v=1759134267,handbags,ysl,https://cdn.shopify.com/s/files/1/0912/9351/6071/files/20221130_i1669805801_2075_0_jpg_e1ffe1a3-eade-4fa0-99fa-51ea6edcbd57.jpg?v=1759134267|https://cdn.shopify.com/s/files/1/0912/9351/6071/files/20221130_i1669805801_218_2_jpg_13832fac-bc51-4650-b036-2a646d6a0b70.jpg?v=1759134267|https://cdn.shopify.com/s/files/1/0912/9351/6071/files/20221130_i1669805801_3606_5_jpg_e176cc7e-f0b0-4ed4-812d-a2a07417547a.jpg?v=1759134267|https://cdn.shopify.com/s/files/1/0912/9351/6071/files/20221130_i1669805801_4217_7_jpg_3cf0d79f-17d2-40de-94bf-e197d5bca551.jpg?v=1759134267|https://cdn.shopify.com/s/files/1/0912/9351/6071/files/20221130_i1669805801_5360_6_jpg_57e4cbf0-1ffb-4767-8d83-414370a648f4.jpg?v=1759134267|https://cdn.shopify.com/s/files/1/0912/9351/6071/files/20221130_i1669805801_6452_1_jpg_d1fcdb3c-e677-4254-a11e-0273661e6fff.jpg?v=1759134267|https://cdn.shopify.com/s/files/1/0912/9351/6071/files/20221130_i1669805801_6486_4_jpg_54c9e9dd-a729-4a1a-9f6f-1cbb31d14a34.jpg?v=1759134267|https://cdn.shopify.com/s/files/1/0912/9351/6071/files/20221130_i1669805801_7696_8_jpg_5cb92f73-075c-4cc7-b939-3263a59dcf51.jpg?v=1759134267|https://cdn.shopify.com/s/files/1/0912/9351/6071/files/20221130_i1669805801_7721_3_jpg_21ee41e8-34a4-454f-ac7d-605d5d320645.jpg?v=1759134267,Hi I want BECKY 22.5 QUILTED RED LAMBSKIN GOLD HARDWARE,
LOULOU MEDIUM 32 GREY QUILTED LEATHER SILVER HARDWARE,https://cdn.shopify.com/s/files/1/0912/9351/6071/files/20230413_i1681317232_3216_8_jpg_6c68f57e-606c-4f66-a853-38ef8086e8f8.jpg?v=1775471621,handbags,ysl,https://cdn.shopify.com/s/files/1/0912/9351/6071/files/20230413_i1681317232_3216_8_jpg_6c68f57e-606c-4f66-a853-38ef8086e8f8.jpg?v=1775471621|https://cdn.shopify.com/s/files/1/0912/9351/6071/files/20230413_i1681317232_925_1_jpg_237ee476-13f2-40de-b799-9411b065238d.jpg?v=1775471621|https://cdn.shopify.com/s/files/1/0912/9351/6071/files/20230413_i1681317232_2248_0_jpg_3ff04975-93f3-44bf-9a74-2eeb3aed146c.jpg?v=1775471621|https://cdn.shopify.com/s/files/1/0912/9351/6071/files/20230413_i1681317232_3185_2_jpg_a2d16bfe-a468-499f-8e31-76fc50daa4d9.jpg?v=1775471621|https://cdn.shopify.com/s/files/1/0912/9351/6071/files/20230413_i1681317232_5038_6_jpg_9f878cbd-ca23-49ac-8dd4-070ccd520060.jpg?v=1775471621|https://cdn.shopify.com/s/files/1/0912/9351/6071/files/20230413_i1681317232_5971_3_jpg_b1dc9f07-d2e3-4bc9-81c2-45b02b72a80e.jpg?v=1775471621|https://cdn.shopify.com/s/files/1/0912/9351/6071/files/20230413_i1681317232_6460_5_jpg_1a523b0f-efe1-4f22-b478-00335424f999.jpg?v=1775471621|https://cdn.shopify.com/s/files/1/0912/9351/6071/files/20230413_i1681317232_8197_7_jpg_2817e8f3-3c85-4955-8ad7-6ce3514176d4.jpg?v=1775471621|https://cdn.shopify.com/s/files/1/0912/9351/6071/files/20230413_i1681317232_8373_4_jpg_0c485944-1c40-48fa-9e97-0f22bc0608a0.jpg?v=1775471621,Hi I want LOULOU MEDIUM 32 GREY QUILTED LEATHER SILVER HARDWARE,
YSL Card Holder 10cm Wallet Pink Gold Leather 240557,https://cdn.shopify.com/s/files/1/0912/9351/6071/files/img_80e46a01_20241124_i1732449434_4362_3_jpg_29342906-ad14-46cd-8d94-92e4613363ab.jpg?v=1783160699,handbags,ysl,https://cdn.shopify.com/s/files/1/0912/9351/6071/files/img_80e46a01_20241124_i1732449434_4362_3_jpg_29342906-ad14-46cd-8d94-92e4613363ab.jpg?v=1783160699|https://cdn.shopify.com/s/files/1/0912/9351/6071/files/img_80e46a01_20241124_i1732449433_8710_1_jpg_f5552992-1ca8-49f6-85ba-6a2621ee1bb6.jpg?v=1783160700|https://cdn.shopify.com/s/files/1/0912/9351/6071/files/img_80e46a01_20241124_i1732449434_1368_5_jpg_6e2bdf8b-bd53-4d78-a3bd-bc31fc3b5759.jpg?v=1783160699|https://cdn.shopify.com/s/files/1/0912/9351/6071/files/img_80e46a01_20241124_i1732449434_1387_7_jpg_2e517821-8f18-4b01-bc34-6bade6c2d8a8.jpg?v=1783160700|https://cdn.shopify.com/s/files/1/0912/9351/6071/files/img_80e46a01_20241124_i1732449434_1552_8_jpg_24989360-9305-4440-938e-c316dffb9465.jpg?v=1783160700|https://cdn.shopify.com/s/files/1/0912/9351/6071/files/img_80e46a01_20241124_i1732449434_3963_6_jpg_8a83bc02-5e13-40ff-8f7d-6044653ad2db.jpg?v=1783160700|https://cdn.shopify.com/s/files/1/0912/9351/6071/files/img_80e46a01_20241124_i1732449434_7429_2_jpg_043bc4a6-6ce3-4271-88ba-a82c8235e033.jpg?v=1783160700|https://cdn.shopify.com/s/files/1/0912/9351/6071/files/img_80e46a01_20241124_i1732449434_9412_4_jpg_d07bf71d-7721-4276-b6f4-ff9e04bd54b4.jpg?v=1783160699|https://cdn.shopify.com/s/files/1/0912/9351/6071/files/img_80e46a01_20241124_i1732449433_2671_0_jpg_1a1ac248-5b07-4d34-ad9b-0aa7db108060.jpg?v=1783160699,Hi I want YSL Card Holder 10cm Wallet Pink Gold Leather 240557,New
YSL Card Holder 10cm Wallet Cream Gold Leather 240565,https://cdn.shopify.com/s/files/1/0912/9351/6071/files/img_80e46a01_20241124_i1732449153_6494_7_jpg_46dc3683-e436-4922-b79f-bf70ede03879.jpg?v=1783160707,handbags,ysl,https://cdn.shopify.com/s/files/1/0912/9351/6071/files/img_80e46a01_20241124_i1732449153_6494_7_jpg_46dc3683-e436-4922-b79f-bf70ede03879.jpg?v=1783160707|https://cdn.shopify.com/s/files/1/0912/9351/6071/files/img_80e46a01_20241124_i1732449152_724_1_jpg_69580792-daeb-4d81-872d-2743ec77a1cf.jpg?v=1783160707|https://cdn.shopify.com/s/files/1/0912/9351/6071/files/img_80e46a01_20241124_i1732449152_6521_0_jpg_b23f9836-ca05-44e1-ae9d-25a7f236c91d.jpg?v=1783160707|https://cdn.shopify.com/s/files/1/0912/9351/6071/files/img_80e46a01_20241124_i1732449153_3143_3_jpg_b652014f-e9c2-4534-a125-03b131875003.jpg?v=1783160707|https://cdn.shopify.com/s/files/1/0912/9351/6071/files/img_80e46a01_20241124_i1732449153_3427_8_jpg_4e7bd93f-b94b-473b-8b44-bd63f14c5666.jpg?v=1783160707|https://cdn.shopify.com/s/files/1/0912/9351/6071/files/img_80e46a01_20241124_i1732449153_4032_2_jpg_cb5aedae-3a4c-43ac-b52d-040b2190698a.jpg?v=1783160707|https://cdn.shopify.com/s/files/1/0912/9351/6071/files/img_80e46a01_20241124_i1732449153_6188_6_jpg_b17ec2ee-256c-47e1-b95e-274c8a4d6b72.jpg?v=1783160707|https://cdn.shopify.com/s/files/1/0912/9351/6071/files/img_80e46a01_20241124_i1732449153_8169_4_jpg_86e5f45d-6c1a-48c1-bc5d-85dcbd513eac.jpg?v=1783160707|https://cdn.shopify.com/s/files/1/0912/9351/6071/files/img_80e46a01_20241124_i1732449153_9951_5_jpg_4202824f-65e5-43ca-9289-f1ba213f84b7.jpg?v=1783160707,Hi I want YSL Card Holder 10cm Wallet Cream Gold Leather 240565,New
YSL Card Holder 10cm Wallet Full Black Leather 240552,https://cdn.shopify.com/s/files/1/0912/9351/6071/files/img_80e46a01_20241124_i1732449477_9082_3_jpg_bd94150c-5498-442d-8ac7-b6dad92a5f6e.jpg?v=1783160695,handbags,ysl,https://cdn.shopify.com/s/files/1/0912/9351/6071/files/img_80e46a01_20241124_i1732449477_9082_3_jpg_bd94150c-5498-442d-8ac7-b6dad92a5f6e.jpg?v=1783160695|https://cdn.shopify.com/s/files/1/0912/9351/6071/files/img_80e46a01_20241124_i1732449477_685_7_jpg_72edf1a5-8b9e-4d3a-8cf9-dcae03d9ff4a.jpg?v=1783160694|https://cdn.shopify.com/s/files/1/0912/9351/6071/files/img_80e46a01_20241124_i1732449477_1941_4_jpg_f17b6011-f30d-4706-b763-b28b0ade33ff.jpg?v=1783160695|https://cdn.shopify.com/s/files/1/0912/9351/6071/files/img_80e46a01_20241124_i1732449477_2151_6_jpg_bfa14d2f-ea27-4ca4-b1e3-bc8622560cc2.jpg?v=1783160694|https://cdn.shopify.com/s/files/1/0912/9351/6071/files/img_80e46a01_20241124_i1732449477_2777_2_jpg_88b171b5-741f-43fa-a553-bbc83a943dab.jpg?v=1783160694|https://cdn.shopify.com/s/files/1/0912/9351/6071/files/img_80e46a01_20241124_i1732449477_3148_5_jpg_34b7a84b-7a9c-49c0-9303-a0201a8a31ac.jpg?v=1783160694|https://cdn.shopify.com/s/files/1/0912/9351/6071/files/img_80e46a01_20241124_i1732449477_3793_8_jpg_0cccb997-2079-4828-a66c-3465b0f57a39.jpg?v=1783160695|https://cdn.shopify.com/s/files/1/0912/9351/6071/files/img_80e46a01_20241124_i1732449477_5438_1_jpg_fd62a8ed-bfd7-4dda-954a-46dae8411b52.jpg?v=1783160695|https://cdn.shopify.com/s/files/1/0912/9351/6071/files/img_80e46a01_20241124_i1732449477_6985_0_jpg_636aa062-347a-4751-8063-2d55b0d83837.jpg?v=1783160694,Hi I want YSL Card Holder 10cm Wallet Full Black Leather 240552,New
YSL Card Holder 10cm Wallet Red Gold Leather 240563,https://cdn.shopify.com/s/files/1/0912/9351/6071/files/img_80e46a01_20241124_i1732449168_2531_2_jpg_2488e227-d98c-4411-ada1-f72abfb64174.jpg?v=1783160705,handbags,ysl,https://cdn.shopify.com/s/files/1/0912/9351/6071/files/img_80e46a01_20241124_i1732449168_2531_2_jpg_2488e227-d98c-4411-ada1-f72abfb64174.jpg?v=1783160705|https://cdn.shopify.com/s/files/1/0912/9351/6071/files/img_80e46a01_20241124_i1732449168_1310_1_jpg_6e5b4166-bdd9-4c81-a757-285b45f3090c.jpg?v=1783160705|https://cdn.shopify.com/s/files/1/0912/9351/6071/files/img_80e46a01_20241124_i1732449168_158_8_jpg_7f55b713-5af8-4a08-b92e-a8f16e4a2300.jpg?v=1783160705|https://cdn.shopify.com/s/files/1/0912/9351/6071/files/img_80e46a01_20241124_i1732449168_1890_7_jpg_1555727c-2d82-41b7-90b5-a3976cf9a694.jpg?v=1783160705|https://cdn.shopify.com/s/files/1/0912/9351/6071/files/img_80e46a01_20241124_i1732449168_2685_5_jpg_0fa106a5-7fb0-45df-bf1e-5395b0f87f34.jpg?v=1783160705|https://cdn.shopify.com/s/files/1/0912/9351/6071/files/img_80e46a01_20241124_i1732449168_5017_3_jpg_c15bdcf0-fe63-46a5-84cc-b0e01407dd1e.jpg?v=1783160705|https://cdn.shopify.com/s/files/1/0912/9351/6071/files/img_80e46a01_20241124_i1732449168_6182_4_jpg_1f6e7eb0-8d5a-4cd7-b5ed-42ca158db892.jpg?v=1783160705|https://cdn.shopify.com/s/files/1/0912/9351/6071/files/img_80e46a01_20241124_i1732449168_6670_0_jpg_f9723716-dd2c-4960-af4d-abdca01d8b75.jpg?v=1783160705|https://cdn.shopify.com/s/files/1/0912/9351/6071/files/img_80e46a01_20241124_i1732449168_8405_6_jpg_a4b35904-8f75-45cd-ae40-5ddfc2d7f76b.jpg?v=1783160705,Hi I want YSL Card Holder 10cm Wallet Red Gold Leather 240563,New
YSL Card Holder 10cm Wallet Black Gold Leather 240550,https://cdn.shopify.com/s/files/1/0912/9351/6071/files/img_80e46a01_20241124_i1732449492_739_6_jpg_dd173163-239f-425c-b3d7-638fdbc4f73e.jpg?v=1783160693,handbags,ysl,https://cdn.shopify.com/s/files/1/0912/9351/6071/files/img_80e46a01_20241124_i1732449492_739_6_jpg_dd173163-239f-425c-b3d7-638fdbc4f73e.jpg?v=1783160693|https://cdn.shopify.com/s/files/1/0912/9351/6071/files/img_80e46a01_20241124_i1732449491_1748_1_jpg_18fe1867-6d6c-413a-9b6e-92f83db869a3.jpg?v=1783160693|https://cdn.shopify.com/s/files/1/0912/9351/6071/files/img_80e46a01_20241124_i1732449491_6133_0_jpg_eefb1c6e-2787-4aad-9992-ca6e7eb9c6eb.jpg?v=1783160693|https://cdn.shopify.com/s/files/1/0912/9351/6071/files/img_80e46a01_20241124_i1732449492_517_3_jpg_e0e1c33b-f3de-42f2-aa51-155a2c32f340.jpg?v=1783160693|https://cdn.shopify.com/s/files/1/0912/9351/6071/files/img_80e46a01_20241124_i1732449492_714_7_jpg_8ee8c4a8-6e97-46c1-b54e-93da469a5131.jpg?v=1783160693|https://cdn.shopify.com/s/files/1/0912/9351/6071/files/img_80e46a01_20241124_i1732449492_887_5_jpg_80b400ad-a893-4f6c-b6ed-dc90ac7abecf.jpg?v=1783160693|https://cdn.shopify.com/s/files/1/0912/9351/6071/files/img_80e46a01_20241124_i1732449492_1177_2_jpg_57d620d4-3ed6-41c5-a28c-d95710f40dd5.jpg?v=1783160693|https://cdn.shopify.com/s/files/1/0912/9351/6071/files/img_80e46a01_20241124_i1732449492_6518_4_jpg_a1d65c1f-e643-44ad-846b-14ef1566dd6e.jpg?v=1783160693|https://cdn.shopify.com/s/files/1/0912/9351/6071/files/img_80e46a01_20241124_i1732449492_8094_8_jpg_d329ea41-b6e6-4762-acb6-d68e18639e78.jpg?v=1783160693,Hi I want YSL Card Holder 10cm Wallet Black Gold Leather 240550,New
YSL Card Holder 10cm Wallet Burgundy Gold Leather 240559,https://cdn.shopify.com/s/files/1/0912/9351/6071/files/img_80e46a01_20241124_i1732449192_2515_1_jpg_166693f1-89b2-40c1-80f2-ce28222581cc.jpg?v=1783160703,handbags,ysl,https://cdn.shopify.com/s/files/1/0912/9351/6071/files/img_80e46a01_20241124_i1732449192_2515_1_jpg_166693f1-89b2-40c1-80f2-ce28222581cc.jpg?v=1783160703|https://cdn.shopify.com/s/files/1/0912/9351/6071/files/img_80e46a01_20241124_i1732449192_1882_7_jpg_4f2958f0-4abc-4571-b189-49263bf8c34e.jpg?v=1783160701|https://cdn.shopify.com/s/files/1/0912/9351/6071/files/img_80e46a01_20241124_i1732449192_2486_5_jpg_f12d34be-b0a7-44d8-a521-c9d4191fd085.jpg?v=1783160701|https://cdn.shopify.com/s/files/1/0912/9351/6071/files/img_80e46a01_20241124_i1732449192_5426_4_jpg_30111b91-2fe1-48ba-9471-6b84e0d4cdcc.jpg?v=1783160701|https://cdn.shopify.com/s/files/1/0912/9351/6071/files/img_80e46a01_20241124_i1732449192_730_0_jpg_20fe88e7-a29e-47e3-b8c1-e4cce2b3c085.jpg?v=1783160701|https://cdn.shopify.com/s/files/1/0912/9351/6071/files/img_80e46a01_20241124_i1732449192_2888_3_jpg_d05e25bf-59a1-494f-9072-f7d4ebc3e1a1.jpg?v=1783160703|https://cdn.shopify.com/s/files/1/0912/9351/6071/files/img_80e46a01_20241124_i1732449192_5733_6_jpg_e95dcd21-18e4-4415-a3f8-f4d8a17ab5ef.jpg?v=1783160703|https://cdn.shopify.com/s/files/1/0912/9351/6071/files/img_80e46a01_20241124_i1732449192_5749_8_jpg_b3d355ad-79c1-42ce-8b5c-d9e4f77ef091.jpg?v=1783160703|https://cdn.shopify.com/s/files/1/0912/9351/6071/files/img_80e46a01_20241124_i1732449192_8007_2_jpg_dd25f9b8-f1f9-4bf6-a5c9-022158e530d5.jpg?v=1783160703,Hi I want YSL Card Holder 10cm Wallet Burgundy Gold Leather 240559,New
YSL Card Holder 10cm Wallet Dark Green Gold Leather 240561,https://cdn.shopify.com/s/files/1/0912/9351/6071/files/img_80e46a01_20241124_i1732449180_4134_1_jpg_1cd0fd34-a98d-4497-8915-033cb4efd831.jpg?v=1783160704,handbags,ysl,https://cdn.shopify.com/s/files/1/0912/9351/6071/files/img_80e46a01_20241124_i1732449180_4134_1_jpg_1cd0fd34-a98d-4497-8915-033cb4efd831.jpg?v=1783160704|https://cdn.shopify.com/s/files/1/0912/9351/6071/files/img_80e46a01_20241124_i1732449180_612_5_jpg_b669d4b8-81a9-4a6f-85d9-b7d89d6d167a.jpg?v=1783160704|https://cdn.shopify.com/s/files/1/0912/9351/6071/files/img_80e46a01_20241124_i1732449180_4963_4_jpg_fac0d7af-669c-49cc-b565-f9982167fb9b.jpg?v=1783160704|https://cdn.shopify.com/s/files/1/0912/9351/6071/files/img_80e46a01_20241124_i1732449180_5582_0_jpg_80cd584e-0a67-411c-8d04-890ce2b35a90.jpg?v=1783160704|https://cdn.shopify.com/s/files/1/0912/9351/6071/files/img_80e46a01_20241124_i1732449180_5867_6_jpg_7f883d0d-64bd-4783-8742-fc6bfcbfe796.jpg?v=1783160704|https://cdn.shopify.com/s/files/1/0912/9351/6071/files/img_80e46a01_20241124_i1732449180_6453_7_jpg_a1dd8351-9892-40c8-bfba-395bda156bfd.jpg?v=1783160704|https://cdn.shopify.com/s/files/1/0912/9351/6071/files/img_80e46a01_20241124_i1732449180_7771_8_jpg_d429f7e3-0d3a-49ea-b4f8-ee85575450a6.jpg?v=1783160704|https://cdn.shopify.com/s/files/1/0912/9351/6071/files/img_80e46a01_20241124_i1732449180_8791_2_jpg_37eed367-53a9-4bf2-b913-d0dd96de8e72.jpg?v=1783160704|https://cdn.shopify.com/s/files/1/0912/9351/6071/files/img_80e46a01_20241124_i1732449180_9061_3_jpg_ef99c672-278a-4f49-91a4-a35c13786a14.jpg?v=1783160704,Hi I want YSL Card Holder 10cm Wallet Dark Green Gold Leather 240561,New
YSL Card Holder 10cm Wallet Beige Gold Leather 240555,https://cdn.shopify.com/s/files/1/0912/9351/6071/files/img_80e46a01_20241124_i1732449446_5040_1_jpg_81bed4ca-8425-44df-a5a7-c0a3bc9a1899.jpg?v=1783160698,handbags,ysl,https://cdn.shopify.com/s/files/1/0912/9351/6071/files/img_80e46a01_20241124_i1732449446_5040_1_jpg_81bed4ca-8425-44df-a5a7-c0a3bc9a1899.jpg?v=1783160698|https://cdn.shopify.com/s/files/1/0912/9351/6071/files/img_80e46a01_20241124_i1732449447_1159_4_jpg_8814bf1f-1ad6-44d1-a925-cb9bc17fee50.jpg?v=1783160698|https://cdn.shopify.com/s/files/1/0912/9351/6071/files/img_80e46a01_20241124_i1732449447_2467_7_jpg_30232bc0-2e75-4f83-9a5b-effc47b67f6f.jpg?v=1783160698|https://cdn.shopify.com/s/files/1/0912/9351/6071/files/img_80e46a01_20241124_i1732449447_9227_8_jpg_4b4adc87-13bd-4258-919f-45d41eaf4ec6.jpg?v=1783160698|https://cdn.shopify.com/s/files/1/0912/9351/6071/files/img_80e46a01_20241124_i1732449446_1797_2_jpg_e64c34ba-b194-429d-a8e9-a481eeb63ef7.jpg?v=1783160698|https://cdn.shopify.com/s/files/1/0912/9351/6071/files/img_80e46a01_20241124_i1732449446_6115_0_jpg_c29bf720-a94f-4c7b-829a-e6b489577861.jpg?v=1783160698|https://cdn.shopify.com/s/files/1/0912/9351/6071/files/img_80e46a01_20241124_i1732449446_6821_3_jpg_c4150143-4a7b-4fc9-af11-4636aff29168.jpg?v=1783160698|https://cdn.shopify.com/s/files/1/0912/9351/6071/files/img_80e46a01_20241124_i1732449447_1102_5_jpg_67f69dd5-0520-408a-8016-5d1592e3b296.jpg?v=1783160698|https://cdn.shopify.com/s/files/1/0912/9351/6071/files/img_80e46a01_20241124_i1732449447_6501_6_jpg_1ab9e9df-4767-4616-83a1-812de0fbc679.jpg?v=1783160698,Hi I want YSL Card Holder 10cm Wallet Beige Gold Leather 240555,New
YSL Card Holder 10cm Wallet Black Silver Leather 240554,https://cdn.shopify.com/s/files/1/0912/9351/6071/files/img_80e46a01_20241124_i1732449459_326_6.jpg_1_bde2a885-e508-4c07-a97e-60d930df1585.jpg?v=1783160696,handbags,ysl,https://cdn.shopify.com/s/files/1/0912/9351/6071/files/img_80e46a01_20241124_i1732449459_326_6.jpg_1_bde2a885-e508-4c07-a97e-60d930df1585.jpg?v=1783160696|https://cdn.shopify.com/s/files/1/0912/9351/6071/files/img_80e46a01_20241124_i1732449459_1012_5.jpg_1_67750cfb-1144-4eda-b503-4c071caf2dff.jpg?v=1783160696|https://cdn.shopify.com/s/files/1/0912/9351/6071/files/img_80e46a01_20241124_i1732449459_2812_0.jpg_1_671c16f3-60ae-4920-9376-0080b69e20af.jpg?v=1783160696|https://cdn.shopify.com/s/files/1/0912/9351/6071/files/img_80e46a01_20241124_i1732449459_5589_1.jpg_1_e3c14e47-ff5f-46b5-9462-5d3433788d31.jpg?v=1783160696|https://cdn.shopify.com/s/files/1/0912/9351/6071/files/img_80e46a01_20241124_i1732449459_5660_8.jpg_1_c07fb022-744c-44d9-87c0-d5a95a5d6094.jpg?v=1783160696|https://cdn.shopify.com/s/files/1/0912/9351/6071/files/img_80e46a01_20241124_i1732449459_7844_7.jpg_1_10718781-f1b5-4f29-8212-6deeab1f3ec0.jpg?v=1783160696|https://cdn.shopify.com/s/files/1/0912/9351/6071/files/img_80e46a01_20241124_i1732449459_8197_3.jpg_1_959f8a99-7265-43e6-99fe-6f49bf29d8dc.jpg?v=1783160696|https://cdn.shopify.com/s/files/1/0912/9351/6071/files/img_80e46a01_20241124_i1732449459_8673_4.jpg_1_8e34d551-72e6-4340-bcdd-ace3a2a98f16.jpg?v=1783160696|https://cdn.shopify.com/s/files/1/0912/9351/6071/files/img_80e46a01_20241124_i1732449459_2190_2.jpg_1_7b4aae68-48df-40bb-8cbd-f01b4f3116e1.jpg?v=1783160696,Hi I want YSL Card Holder 10cm Wallet Black Silver Leather 240554,New
YSL 2026 Bag 19cm Brown Caramel Suede,https://cdn.shopify.com/s/files/1/0912/9351/6071/files/Image_20260612170319_2712_7.jpg?v=1781259976,handbags,ysl,https://cdn.shopify.com/s/files/1/0912/9351/6071/files/Image_20260612170319_2712_7.jpg?v=1781259976|https://cdn.shopify.com/s/files/1/0912/9351/6071/files/Image_20260612170326_2715_7.jpg?v=1781259976|https://cdn.shopify.com/s/files/1/0912/9351/6071/files/Image_20260612170333_2718_7.jpg?v=1781259976|https://cdn.shopify.com/s/files/1/0912/9351/6071/files/Image_20260612170324_2714_7.jpg?v=1781259975|https://cdn.shopify.com/s/files/1/0912/9351/6071/files/Image_20260612170335_2719_7.jpg?v=1781259976|https://cdn.shopify.com/s/files/1/0912/9351/6071/files/Image_20260612170328_2716_7.jpg?v=1781259976|https://cdn.shopify.com/s/files/1/0912/9351/6071/files/Image_20260612170322_2713_7.jpg?v=1781259976|https://cdn.shopify.com/s/files/1/0912/9351/6071/files/Image_20260612170329_2717_7.jpg?v=1781259975|https://cdn.shopify.com/s/files/1/0912/9351/6071/files/Image_20260612170338_2720_7.jpg?v=1781259975,Hi I want YSL 2026 Bag 19cm Brown Caramel Suede,New
YSL 2025 Jamie Shopping Burgundy 29cm Lambskin,https://cdn.shopify.com/s/files/1/0912/9351/6071/files/img_bce60362_20250328_i1743143383_3848_0_jpg.jpg?v=1779781182,handbags,ysl,https://cdn.shopify.com/s/files/1/0912/9351/6071/files/img_bce60362_20250328_i1743143383_3848_0_jpg.jpg?v=1779781182|https://cdn.shopify.com/s/files/1/0912/9351/6071/files/img_bce60362_20250328_i1743143383_431_3_jpg.jpg?v=1779781182|https://cdn.shopify.com/s/files/1/0912/9351/6071/files/img_bce60362_20250328_i1743143383_810_1_jpg.jpg?v=1779781182|https://cdn.shopify.com/s/files/1/0912/9351/6071/files/img_bce60362_20250328_i1743143383_2076_7_jpg.jpg?v=1779781182|https://cdn.shopify.com/s/files/1/0912/9351/6071/files/img_bce60362_20250328_i1743143383_7303_2_jpg.jpg?v=1779781182|https://cdn.shopify.com/s/files/1/0912/9351/6071/files/img_bce60362_20250328_i1743143383_9498_6_jpg.jpg?v=1779781182|https://cdn.shopify.com/s/files/1/0912/9351/6071/files/img_bce60362_20250328_i1743143383_4205_8_jpg.jpg?v=1779781182|https://cdn.shopify.com/s/files/1/0912/9351/6071/files/img_bce60362_20250328_i1743143383_6663_4_jpg.jpg?v=1779781183|https://cdn.shopify.com/s/files/1/0912/9351/6071/files/img_bce60362_20250328_i1743143383_9888_5_jpg.jpg?v=1779781182,Hi I want YSL 2025 Jamie Shopping Burgundy 29cm Lambskin,New
Saint Laurent Cassandre Matelasse Carré Mini Cube On Chain,https://cdn.shopify.com/s/files/1/0912/9351/6071/files/Image_20260408105656_13767_17_e5dcaf02-dc8a-4974-bf90-825d655247c4.jpg?v=1779869649,handbags,ysl,https://cdn.shopify.com/s/files/1/0912/9351/6071/files/Image_20260408105656_13767_17_e5dcaf02-dc8a-4974-bf90-825d655247c4.jpg?v=1779869649|https://cdn.shopify.com/s/files/1/0912/9351/6071/files/Image_20260408105658_13768_17_d1613b62-1b2f-4c2f-9723-286e1fc55584.jpg?v=1779869648|https://cdn.shopify.com/s/files/1/0912/9351/6071/files/Image_20260408105659_13769_17_b486e338-862e-4e69-9152-8dfcc2db2701.jpg?v=1779869648|https://cdn.shopify.com/s/files/1/0912/9351/6071/files/Image_20260408105700_13770_17_a54f93a9-d852-430d-92f9-9e505b683e19.jpg?v=1779869649|https://cdn.shopify.com/s/files/1/0912/9351/6071/files/Image_20260408105702_13773_17_4fa0d602-728c-4a58-bea4-5f965fc28447.jpg?v=1779869648|https://cdn.shopify.com/s/files/1/0912/9351/6071/files/Image_20260408105703_13774_17_78652302-5d7a-4b43-bfca-99c7974dd7e6.jpg?v=1779869648|https://cdn.shopify.com/s/files/1/0912/9351/6071/files/Image_20260408105701_13771_17_c5b32a86-2a13-427f-a55f-87baca991a8d.jpg?v=1779869648|https://cdn.shopify.com/s/files/1/0912/9351/6071/files/Image_20260408105701_13772_17_bcb822b2-e30a-40fe-8118-46640a5f9c3e.jpg?v=1779869649,Hi I want Saint Laurent Cassandre Matelasse Carré Mini Cube On Chain,
LOULOU MINI BAG 20 IN BLUE DENIM GOLD HARDWARE,https://cdn.shopify.com/s/files/1/0912/9351/6071/files/img_aed707d3_20240328_a1711604455555_3865_jpg.jpg?v=1779705803,handbags,ysl,https://cdn.shopify.com/s/files/1/0912/9351/6071/files/img_aed707d3_20240328_a1711604455555_3865_jpg.jpg?v=1779705803,Hi I want LOULOU MINI BAG 20 IN BLUE DENIM GOLD HARDWARE,
YSL Travel Bag 59 Black Quilted Calfskin Leather Gold Hardware,https://cdn.shopify.com/s/files/1/0912/9351/6071/files/img_d005b8fd_20250704_i1751612764034_2121_0_8_jpg_6d6a17a8-d9a0-4920-8281-0e627140024f.jpg?v=1779869587,handbags,ysl,https://cdn.shopify.com/s/files/1/0912/9351/6071/files/img_d005b8fd_20250704_i1751612764034_2121_0_8_jpg_6d6a17a8-d9a0-4920-8281-0e627140024f.jpg?v=1779869587|https://cdn.shopify.com/s/files/1/0912/9351/6071/files/img_d005b8fd_20250704_i1751612764034_1152_0_2_jpg_5c8a9e1b-8bb7-43b6-a0eb-5e70b470575d.jpg?v=1779869587|https://cdn.shopify.com/s/files/1/0912/9351/6071/files/img_d005b8fd_20250704_i1751612764034_1662_0_7_jpg_f382252e-15f1-4e80-a164-a6b0411fe8d9.jpg?v=1779869587|https://cdn.shopify.com/s/files/1/0912/9351/6071/files/img_d005b8fd_20250704_i1751612764034_2647_0_4_jpg_70980057-829e-44b8-a483-59e01b560f71.jpg?v=1779869587|https://cdn.shopify.com/s/files/1/0912/9351/6071/files/img_d005b8fd_20250704_i1751612764034_8588_0_0_jpg_b49c9bee-b6d7-4ed9-8b31-852f3532d22c.jpg?v=1779869587|https://cdn.shopify.com/s/files/1/0912/9351/6071/files/img_d005b8fd_20250704_i1751612766598_1236_0_3_jpg_3875e6bb-822e-41fb-989e-611d80bb7938.jpg?v=1779869587|https://cdn.shopify.com/s/files/1/0912/9351/6071/files/img_d005b8fd_20250704_i1751612766602_4589_0_5_jpg_d016cb1e-0d1b-4a0a-92eb-aa7e11be83bb.jpg?v=1779869587|https://cdn.shopify.com/s/files/1/0912/9351/6071/files/img_d005b8fd_20250704_i1751612766602_8706_0_6_jpg_fa412b4a-953e-41e5-aad6-7290c79c82ab.jpg?v=1779869587|https://cdn.shopify.com/s/files/1/0912/9351/6071/files/img_d005b8fd_20250704_i1751612766610_8369_0_1_jpg_74d921da-e8c4-4216-85ff-e10ac0a63877.jpg?v=1779869587,Hi I want YSL Travel Bag 59 Black Quilted Calfskin Leather Gold Hardware,New
YSL Small Tote Bag 29 Black Caflskin,https://cdn.shopify.com/s/files/1/0912/9351/6071/files/imgHD_4dea1bed_20250527_i1748360392573_1871_0_0.jpg_2_f559a9d9-a880-4b03-8d93-d1fac2049596.jpg?v=1779869589,handbags,ysl,https://cdn.shopify.com/s/files/1/0912/9351/6071/files/imgHD_4dea1bed_20250527_i1748360392573_1871_0_0.jpg_2_f559a9d9-a880-4b03-8d93-d1fac2049596.jpg?v=1779869589|https://cdn.shopify.com/s/files/1/0912/9351/6071/files/imgHD_4dea1bed_20250527_i1748360392584_2184_0_2.jpg_2_2d418dd5-b06b-4e33-9e75-966c1e35ad53.jpg?v=1779869589|https://cdn.shopify.com/s/files/1/0912/9351/6071/files/imgHD_4dea1bed_20250527_i1748360392585_7203_0_10.jpg_2_19dd8f75-3959-41d4-94ec-c0cb2a4e14ae.jpg?v=1779869589|https://cdn.shopify.com/s/files/1/0912/9351/6071/files/imgHD_4dea1bed_20250527_i1748360388155_4645_0_3.jpg_2_a261249e-d9a9-44d8-8daf-d9a9f22831a2.jpg?v=1779869589|https://cdn.shopify.com/s/files/1/0912/9351/6071/files/imgHD_4dea1bed_20250527_i1748360388160_871_0_1.jpg_2_52dd5a5e-50d2-4661-ac60-8d7ba4db5e7e.jpg?v=1779869589|https://cdn.shopify.com/s/files/1/0912/9351/6071/files/imgHD_4dea1bed_20250527_i1748360390669_1027_0_5.jpg_2_7dbd2353-9db9-4e46-88f8-78fc51276c10.jpg?v=1779869589|https://cdn.shopify.com/s/files/1/0912/9351/6071/files/imgHD_4dea1bed_20250527_i1748360390682_366_0_4.jpg_2_40553639-8530-4e8a-867a-b0c92163084d.jpg?v=1779869589,Hi I want YSL Small Tote Bag 29 Black Caflskin,New
YSL 2026 Loulou Bag 24cm Burgundy Red Lambskin,https://cdn.shopify.com/s/files/1/0912/9351/6071/files/Image_20260505092520_14817_16_d215c179-01c1-4517-946c-c2203f0b8f32.jpg?v=1778125152,handbags,ysl,https://cdn.shopify.com/s/files/1/0912/9351/6071/files/Image_20260505092520_14817_16_d215c179-01c1-4517-946c-c2203f0b8f32.jpg?v=1778125152|https://cdn.shopify.com/s/files/1/0912/9351/6071/files/Image_20260505092521_14818_16_dd7c44d0-ddf1-4331-8bd3-ed1958a3c308.jpg?v=1778125152|https://cdn.shopify.com/s/files/1/0912/9351/6071/files/Image_20260505092523_14820_16_0281d0b6-9820-42fd-bb26-53cd87795513.jpg?v=1778125152|https://cdn.shopify.com/s/files/1/0912/9351/6071/files/Image_20260505092522_14819_16_6fab1924-9bd9-4ae4-ada3-65b34ea792e8.jpg?v=1778125152|https://cdn.shopify.com/s/files/1/0912/9351/6071/files/Image_20260505092524_14821_16_4e9cb453-7334-48ef-bab4-98aeb0b212e7.jpg?v=1778125152|https://cdn.shopify.com/s/files/1/0912/9351/6071/files/Image_20260505092529_14826_16_e22706ff-b547-4663-ae83-558a5202af8a.jpg?v=1778125152|https://cdn.shopify.com/s/files/1/0912/9351/6071/files/Image_20260505092526_14824_16.jpg?v=1778125153|https://cdn.shopify.com/s/files/1/0912/9351/6071/files/Image_20260505092528_14825_16_76cb3b68-3858-49fd-8946-c49debe567d0.jpg?v=1778125152|https://cdn.shopify.com/s/files/1/0912/9351/6071/files/Image_20260505092525_14823_16_d3f190f1-7d66-4087-9f97-8fe119660248.jpg?v=1778125152,Hi I want YSL 2026 Loulou Bag 24cm Burgundy Red Lambskin,New
Dior 2026 Crunchy Bag 38cm Black Puffy Macrocannage Calfskin,https://cdn.shopify.com/s/files/1/0912/9351/6071/files/Image_20260407172551_13632_17.jpg?v=1776421528,handbags,ysl,https://cdn.shopify.com/s/files/1/0912/9351/6071/files/Image_20260407172551_13632_17.jpg?v=1776421528|https://cdn.shopify.com/s/files/1/0912/9351/6071/files/Image_20260407172553_13633_17.jpg?v=1776421528|https://cdn.shopify.com/s/files/1/0912/9351/6071/files/Image_20260407172554_13635_17.jpg?v=1776421527|https://cdn.shopify.com/s/files/1/0912/9351/6071/files/Image_20260407172555_13636_17.jpg?v=1776421528|https://cdn.shopify.com/s/files/1/0912/9351/6071/files/Image_20260407172557_13638_17.jpg?v=1776421527|https://cdn.shopify.com/s/files/1/0912/9351/6071/files/Image_20260407172559_13640_17.jpg?v=1776421527|https://cdn.shopify.com/s/files/1/0912/9351/6071/files/Image_20260407172556_13637_17.jpg?v=1776421527|https://cdn.shopify.com/s/files/1/0912/9351/6071/files/Image_20260407172558_13639_17.jpg?v=1776421527,Hi I want Dior 2026 Crunchy Bag 38cm Black Puffy Macrocannage Calfskin,New
Saint Laurent 2026 Lou Camera Bag 23cm Beige Quilted Leather,https://cdn.shopify.com/s/files/1/0912/9351/6071/files/Image_20260409101354_1256_65.jpg?v=1775730788,handbags,ysl,https://cdn.shopify.com/s/files/1/0912/9351/6071/files/Image_20260409101354_1256_65.jpg?v=1775730788|https://cdn.shopify.com/s/files/1/0912/9351/6071/files/Image_20260409101356_1259_65.jpg?v=1775730788|https://cdn.shopify.com/s/files/1/0912/9351/6071/files/Image_20260409101357_1261_65.jpg?v=1775730788|https://cdn.shopify.com/s/files/1/0912/9351/6071/files/Image_20260409101355_1258_65.jpg?v=1775730788|https://cdn.shopify.com/s/files/1/0912/9351/6071/files/Image_20260409101357_1262_65.jpg?v=1775730788|https://cdn.shopify.com/s/files/1/0912/9351/6071/files/Image_20260409101358_1263_65.jpg?v=1775730788|https://cdn.shopify.com/s/files/1/0912/9351/6071/files/Image_20260409101359_1264_65.jpg?v=1775730788|https://cdn.shopify.com/s/files/1/0912/9351/6071/files/Image_20260409101355_1257_65.jpg?v=1775730788|https://cdn.shopify.com/s/files/1/0912/9351/6071/files/Image_20260409101356_1260_65.jpg?v=1775730788,Hi I want Saint Laurent 2026 Lou Camera Bag 23cm Beige Quilted Leather,
Saint Laurent 2026 Mombasa Shoulder Bag Black Leather,https://cdn.shopify.com/s/files/1/0912/9351/6071/files/Image_20260409101349_1253_65.jpg?v=1775730785,handbags,ysl,https://cdn.shopify.com/s/files/1/0912/9351/6071/files/Image_20260409101349_1253_65.jpg?v=1775730785|https://cdn.shopify.com/s/files/1/0912/9351/6071/files/Image_20260409101345_1247_65.jpg?v=1775730785|https://cdn.shopify.com/s/files/1/0912/9351/6071/files/Image_20260409101346_1248_65.jpg?v=1775730785|https://cdn.shopify.com/s/files/1/0912/9351/6071/files/Image_20260409101346_1249_65.jpg?v=1775730785|https://cdn.shopify.com/s/files/1/0912/9351/6071/files/Image_20260409101347_1250_65.jpg?v=1775730785|https://cdn.shopify.com/s/files/1/0912/9351/6071/files/Image_20260409101348_1251_65.jpg?v=1775730785|https://cdn.shopify.com/s/files/1/0912/9351/6071/files/Image_20260409101349_1252_65.jpg?v=1775730785|https://cdn.shopify.com/s/files/1/0912/9351/6071/files/Image_20260409101350_1254_65.jpg?v=1775730785,Hi I want Saint Laurent 2026 Mombasa Shoulder Bag Black Leather,
YSL 2026 Loulou Bag 29cm Caramel Suede Leather,https://cdn.shopify.com/s/files/1/0912/9351/6071/files/Image_20260323112326_14076_20.jpg?v=1774348482,handbags,ysl,https://cdn.shopify.com/s/files/1/0912/9351/6071/files/Image_20260323112326_14076_20.jpg?v=1774348482|https://cdn.shopify.com/s/files/1/0912/9351/6071/files/Image_20260323112336_14077_20.jpg?v=1774348482|https://cdn.shopify.com/s/files/1/0912/9351/6071/files/Image_20260323112353_14081_20.jpg?v=1774348482|https://cdn.shopify.com/s/files/1/0912/9351/6071/files/Image_20260323112405_14084_20.jpg?v=1774348483|https://cdn.shopify.com/s/files/1/0912/9351/6071/files/Image_20260323112416_14085_20.jpg?v=1774348483|https://cdn.shopify.com/s/files/1/0912/9351/6071/files/Image_20260323112351_14079_20.jpg?v=1774348483|https://cdn.shopify.com/s/files/1/0912/9351/6071/files/Image_20260323112344_14078_20.jpg?v=1774348483|https://cdn.shopify.com/s/files/1/0912/9351/6071/files/Image_20260323112403_14083_20.jpg?v=1774348482|https://cdn.shopify.com/s/files/1/0912/9351/6071/files/Image_20260323112357_14082_20.jpg?v=1774348482,Hi I want YSL 2026 Loulou Bag 29cm Caramel Suede Leather,New
MANHATTAN IN BOX SMALL 24 IN DARK BURGUNDY CALFSKIN GOLD HARDWARE,https://cdn.shopify.com/s/files/1/0912/9351/6071/files/img_f8c0bdc9_20241022_i1729586013_9582_0_jpg.jpg?v=1773397697,handbags,ysl,https://cdn.shopify.com/s/files/1/0912/9351/6071/files/img_f8c0bdc9_20241022_i1729586013_9582_0_jpg.jpg?v=1773397697|https://cdn.shopify.com/s/files/1/0912/9351/6071/files/img_f8c0bdc9_20241022_i1729586013_2185_8_jpg.jpg?v=1773397697|https://cdn.shopify.com/s/files/1/0912/9351/6071/files/img_f8c0bdc9_20241022_i1729586013_597_4_jpg.jpg?v=1773397697|https://cdn.shopify.com/s/files/1/0912/9351/6071/files/img_f8c0bdc9_20241022_i1729586013_2869_6_jpg.jpg?v=1773397697|https://cdn.shopify.com/s/files/1/0912/9351/6071/files/img_f8c0bdc9_20241022_i1729586013_4292_1_jpg.jpg?v=1773397697|https://cdn.shopify.com/s/files/1/0912/9351/6071/files/img_f8c0bdc9_20241022_i1729586013_4384_7_jpg.jpg?v=1773397696|https://cdn.shopify.com/s/files/1/0912/9351/6071/files/img_f8c0bdc9_20241022_i1729586013_4390_3_jpg.jpg?v=1773397697|https://cdn.shopify.com/s/files/1/0912/9351/6071/files/img_f8c0bdc9_20241022_i1729586013_6942_5_jpg.jpg?v=1773397697|https://cdn.shopify.com/s/files/1/0912/9351/6071/files/img_f8c0bdc9_20241022_i1729586013_8779_2_jpg.jpg?v=1773397697,Hi I want MANHATTAN IN BOX SMALL 24 IN DARK BURGUNDY CALFSKIN GOLD HARDWARE,New
YSL Shoulder Bag 25 Black Calfskin,https://cdn.shopify.com/s/files/1/0912/9351/6071/files/imgHD_8eee9a63_20250804_i1754289817024_2115_0_1_jpg.jpg?v=1769506531,handbags,ysl,https://cdn.shopify.com/s/files/1/0912/9351/6071/files/imgHD_8eee9a63_20250804_i1754289817024_2115_0_1_jpg.jpg?v=1769506531|https://cdn.shopify.com/s/files/1/0912/9351/6071/files/imgHD_8eee9a63_20250804_i1754289817985_8336_0_6_jpg.jpg?v=1769506531|https://cdn.shopify.com/s/files/1/0912/9351/6071/files/imgHD_8eee9a63_20250804_i1754289833218_6721_0_7_jpg.jpg?v=1769506531|https://cdn.shopify.com/s/files/1/0912/9351/6071/files/imgHD_8eee9a63_20250804_i1754289817021_9194_0_4_jpg.jpg?v=1769506531|https://cdn.shopify.com/s/files/1/0912/9351/6071/files/imgHD_8eee9a63_20250804_i1754289817021_1668_0_7_jpg.jpg?v=1769506531|https://cdn.shopify.com/s/files/1/0912/9351/6071/files/imgHD_8eee9a63_20250804_i1754289820532_8725_0_3_jpg.jpg?v=1769506531|https://cdn.shopify.com/s/files/1/0912/9351/6071/files/imgHD_8eee9a63_20250804_i1754289820533_9747_0_2_jpg.jpg?v=1769506531|https://cdn.shopify.com/s/files/1/0912/9351/6071/files/imgHD_8eee9a63_20250804_i1754289820535_2014_0_5_jpg.jpg?v=1769506531,Hi I want YSL Shoulder Bag 25 Black Calfskin,New
YSL Shoulder Bag 25 Dark Green Calfskin,https://cdn.shopify.com/s/files/1/0912/9351/6071/files/imgHD_8eee9a63_20250804_i1754288914825_7883_0_0_jpg.jpg?v=1769506529,handbags,ysl,https://cdn.shopify.com/s/files/1/0912/9351/6071/files/imgHD_8eee9a63_20250804_i1754288914825_7883_0_0_jpg.jpg?v=1769506529|https://cdn.shopify.com/s/files/1/0912/9351/6071/files/imgHD_8eee9a63_20250804_i1754288914821_5923_0_4_jpg.jpg?v=1769506529|https://cdn.shopify.com/s/files/1/0912/9351/6071/files/imgHD_8eee9a63_20250804_i1754288917547_937_0_7_jpg.jpg?v=1769506529|https://cdn.shopify.com/s/files/1/0912/9351/6071/files/imgHD_8eee9a63_20250804_i1754288914816_7481_0_3_jpg.jpg?v=1769506529|https://cdn.shopify.com/s/files/1/0912/9351/6071/files/imgHD_8eee9a63_20250804_i1754288914818_3884_0_1_jpg.jpg?v=1769506529|https://cdn.shopify.com/s/files/1/0912/9351/6071/files/imgHD_8eee9a63_20250804_i1754288914819_8653_0_2_jpg.jpg?v=1769506529|https://cdn.shopify.com/s/files/1/0912/9351/6071/files/imgHD_8eee9a63_20250804_i1754288917544_663_0_6_jpg.jpg?v=1769506529|https://cdn.shopify.com/s/files/1/0912/9351/6071/files/imgHD_8eee9a63_20250804_i1754288917545_8450_0_5_jpg.jpg?v=1769506529,Hi I want YSL Shoulder Bag 25 Dark Green Calfskin,New
YSL Jamie Mini Crossbody Bag 16 Black Lambskin Gold Hardware,https://cdn.shopify.com/s/files/1/0912/9351/6071/files/imgHD_8eee9a63_20260102_i1767346823972_1696_0_0_jpg.jpg?v=1769506525,handbags,ysl,https://cdn.shopify.com/s/files/1/0912/9351/6071/files/imgHD_8eee9a63_20260102_i1767346823972_1696_0_0_jpg.jpg?v=1769506525|https://cdn.shopify.com/s/files/1/0912/9351/6071/files/imgHD_8eee9a63_20260102_i1767346823971_2400_0_7_jpg.jpg?v=1769506524|https://cdn.shopify.com/s/files/1/0912/9351/6071/files/imgHD_8eee9a63_20260102_i1767346823972_598_0_6_jpg.jpg?v=1769506524|https://cdn.shopify.com/s/files/1/0912/9351/6071/files/imgHD_8eee9a63_20260102_i1767346823972_6432_0_2_jpg.jpg?v=1769506524|https://cdn.shopify.com/s/files/1/0912/9351/6071/files/imgHD_8eee9a63_20260102_i1767346825815_3386_0_4_jpg.jpg?v=1769506524|https://cdn.shopify.com/s/files/1/0912/9351/6071/files/imgHD_8eee9a63_20260102_i1767346825825_8341_0_5_jpg.jpg?v=1769506524|https://cdn.shopify.com/s/files/1/0912/9351/6071/files/imgHD_8eee9a63_20260102_i1767346825827_6082_0_3_jpg.jpg?v=1769506524|https://cdn.shopify.com/s/files/1/0912/9351/6071/files/imgHD_8eee9a63_20260102_i1767346823971_6129_0_1_jpg.jpg?v=1769506524,Hi I want YSL Jamie Mini Crossbody Bag 16 Black Lambskin Gold Hardware,New
YSL Niki Mini Handbag 18 Black Lambskin Sliver Hardware,https://cdn.shopify.com/s/files/1/0912/9351/6071/files/cmp_i1748358290711_9476_0_0.jpg?v=1769506519,handbags,ysl,https://cdn.shopify.com/s/files/1/0912/9351/6071/files/cmp_i1748358290711_9476_0_0.jpg?v=1769506519|https://cdn.shopify.com/s/files/1/0912/9351/6071/files/imgHD_4dea1bed_20250609_i1749453000560_811_0_2_jpg.jpg?v=1769506520|https://cdn.shopify.com/s/files/1/0912/9351/6071/files/imgHD_4dea1bed_20250527_i1748358287704_4852_0_6_jpg.jpg?v=1769506520|https://cdn.shopify.com/s/files/1/0912/9351/6071/files/imgHD_4dea1bed_20250609_i1749453079166_1584_0_10_jpg.jpg?v=1769506520|https://cdn.shopify.com/s/files/1/0912/9351/6071/files/imgHD_4dea1bed_20250527_i1748358287704_154_0_9_jpg.jpg?v=1769506520|https://cdn.shopify.com/s/files/1/0912/9351/6071/files/imgHD_4dea1bed_20250527_i1748358287704_4491_0_10_jpg.jpg?v=1769506520|https://cdn.shopify.com/s/files/1/0912/9351/6071/files/imgHD_4dea1bed_20250527_i1748358287704_5927_0_4_jpg.jpg?v=1769506520|https://cdn.shopify.com/s/files/1/0912/9351/6071/files/imgHD_4dea1bed_20250527_i1748358290688_4909_0_5_jpg.jpg?v=1769506520|https://cdn.shopify.com/s/files/1/0912/9351/6071/files/imgHD_4dea1bed_20250527_i1748358290726_8209_0_2_jpg.jpg?v=1769506520|https://cdn.shopify.com/s/files/1/0912/9351/6071/files/imgHD_4dea1bed_20250609_i1749453008671_7517_0_6_jpg.jpg?v=1769506520,Hi I want YSL Niki Mini Handbag 18 Black Lambskin Sliver Hardware,New
YSL Shoulder Bag 40 Black Raffia Woven,https://cdn.shopify.com/s/files/1/0912/9351/6071/files/imgHD_4dea1bed_20250527_i1748359264682_513_0_0_jpg.jpg?v=1769506515,handbags,ysl,https://cdn.shopify.com/s/files/1/0912/9351/6071/files/imgHD_4dea1bed_20250527_i1748359264682_513_0_0_jpg.jpg?v=1769506515|https://cdn.shopify.com/s/files/1/0912/9351/6071/files/imgHD_4dea1bed_20250527_i1748359266971_3212_0_8_jpg.jpg?v=1769506515|https://cdn.shopify.com/s/files/1/0912/9351/6071/files/imgHD_4dea1bed_20250527_i1748359267002_245_0_1_jpg.jpg?v=1769506515|https://cdn.shopify.com/s/files/1/0912/9351/6071/files/imgHD_4dea1bed_20250527_i1748359264682_5962_0_7_jpg.jpg?v=1769506515|https://cdn.shopify.com/s/files/1/0912/9351/6071/files/imgHD_4dea1bed_20250527_i1748359267010_6279_0_4_jpg.jpg?v=1769506515|https://cdn.shopify.com/s/files/1/0912/9351/6071/files/imgHD_4dea1bed_20250527_i1748359264662_5499_0_3_jpg.jpg?v=1769506515|https://cdn.shopify.com/s/files/1/0912/9351/6071/files/imgHD_4dea1bed_20250527_i1748359264682_7637_0_6_jpg.jpg?v=1769506515|https://cdn.shopify.com/s/files/1/0912/9351/6071/files/imgHD_4dea1bed_20250527_i1748359264694_4300_0_2_jpg.jpg?v=1769506515|https://cdn.shopify.com/s/files/1/0912/9351/6071/files/imgHD_4dea1bed_20250527_i1748359266998_1381_0_5_jpg.jpg?v=1769506516,Hi I want YSL Shoulder Bag 40 Black Raffia Woven,New
YSL Niki Shopping Bag 33 Black Quilted Calfskin,https://cdn.shopify.com/s/files/1/0912/9351/6071/files/imgHD_4dea1bed_20250523_i1748015948395_2377_0_0_jpg.jpg?v=1769506513,handbags,ysl,https://cdn.shopify.com/s/files/1/0912/9351/6071/files/imgHD_4dea1bed_20250523_i1748015948395_2377_0_0_jpg.jpg?v=1769506513|https://cdn.shopify.com/s/files/1/0912/9351/6071/files/imgHD_4dea1bed_20250523_i1748015926686_323_0_7_jpg.jpg?v=1769506512|https://cdn.shopify.com/s/files/1/0912/9351/6071/files/imgHD_4dea1bed_20250523_i1748015926694_6479_0_1_jpg.jpg?v=1769506513|https://cdn.shopify.com/s/files/1/0912/9351/6071/files/imgHD_4dea1bed_20250523_i1748015948379_7376_0_8_jpg.jpg?v=1769506512|https://cdn.shopify.com/s/files/1/0912/9351/6071/files/imgHD_4dea1bed_20250523_i1748015926686_6685_0_4_jpg.jpg?v=1769506512|https://cdn.shopify.com/s/files/1/0912/9351/6071/files/imgHD_4dea1bed_20250523_i1748015926692_9124_0_3_jpg.jpg?v=1769506512|https://cdn.shopify.com/s/files/1/0912/9351/6071/files/imgHD_4dea1bed_20250523_i1748015926694_7209_0_5_jpg.jpg?v=1769506513|https://cdn.shopify.com/s/files/1/0912/9351/6071/files/imgHD_4dea1bed_20250523_i1748015948379_9959_0_6_jpg.jpg?v=1769506513|https://cdn.shopify.com/s/files/1/0912/9351/6071/files/imgHD_4dea1bed_20250523_i1748015948396_6253_0_2_jpg.jpg?v=1769506513,Hi I want YSL Niki Shopping Bag 33 Black Quilted Calfskin,New
YSL Gaby Vanity Bag 18 Neutral Beige Quilted Calfskin,https://cdn.shopify.com/s/files/1/0912/9351/6071/files/imgHD_8eee9a63_20250912_i1757654184499_8362_0_0_jpg_363a57f3-2954-4999-81be-bd92bc903502.jpg?v=1781151178,handbags,ysl,https://cdn.shopify.com/s/files/1/0912/9351/6071/files/imgHD_8eee9a63_20250912_i1757654184499_8362_0_0_jpg_363a57f3-2954-4999-81be-bd92bc903502.jpg?v=1781151178|https://cdn.shopify.com/s/files/1/0912/9351/6071/files/imgHD_8eee9a63_20250912_i1757654184515_2027_0_7_jpg_45473077-13b7-4a81-a59f-b05fec1ed164.jpg?v=1781151178|https://cdn.shopify.com/s/files/1/0912/9351/6071/files/imgHD_8eee9a63_20250912_i1757654191368_5094_0_3_jpg_4cb938ba-63ed-4102-bdef-634bb793f559.jpg?v=1781151178|https://cdn.shopify.com/s/files/1/0912/9351/6071/files/imgHD_8eee9a63_20250912_i1757654191374_6873_0_4_jpg_e3240950-613d-4a3b-9f54-8f003c9f92be.jpg?v=1781151178|https://cdn.shopify.com/s/files/1/0912/9351/6071/files/imgHD_8eee9a63_20250912_i1757654191383_3744_0_6_jpg_1110cf80-d708-4975-8ab1-fedda85a9200.jpg?v=1781151178|https://cdn.shopify.com/s/files/1/0912/9351/6071/files/imgHD_8eee9a63_20250912_i1757654184501_7489_0_2_jpg_747bc313-a1a7-4bc1-9cd8-38767f14515d.jpg?v=1781151178|https://cdn.shopify.com/s/files/1/0912/9351/6071/files/imgHD_8eee9a63_20250912_i1757654184509_4949_0_1_jpg_78c8f68b-1e96-4a71-b186-28c65443d04d.jpg?v=1781151178|https://cdn.shopify.com/s/files/1/0912/9351/6071/files/imgHD_8eee9a63_20250912_i1757654184518_5236_0_5_jpg_f89350d3-e979-4481-9910-6dca3b959440.jpg?v=1781151178,Hi I want YSL Gaby Vanity Bag 18 Neutral Beige Quilted Calfskin,New
YSL Gaby Vanity Bag 18 Olive Green Quilted Calfskin,https://cdn.shopify.com/s/files/1/0912/9351/6071/files/imgHD_8eee9a63_20250912_i1757652247611_4796_0_0_jpg.jpg?v=1769506502,handbags,ysl,https://cdn.shopify.com/s/files/1/0912/9351/6071/files/imgHD_8eee9a63_20250912_i1757652247611_4796_0_0_jpg.jpg?v=1769506502|https://cdn.shopify.com/s/files/1/0912/9351/6071/files/imgHD_8eee9a63_20250912_i1757652247611_7231_0_5_jpg.jpg?v=1769506502|https://cdn.shopify.com/s/files/1/0912/9351/6071/files/imgHD_8eee9a63_20250912_i1757652263433_557_0_6_jpg.jpg?v=1769506502|https://cdn.shopify.com/s/files/1/0912/9351/6071/files/imgHD_8eee9a63_20250912_i1757652263443_2495_0_7_jpg.jpg?v=1769506502|https://cdn.shopify.com/s/files/1/0912/9351/6071/files/imgHD_8eee9a63_20250912_i1757652247614_917_0_2_jpg.jpg?v=1769506502|https://cdn.shopify.com/s/files/1/0912/9351/6071/files/imgHD_8eee9a63_20250912_i1757652247614_2740_0_1_jpg.jpg?v=1769506502|https://cdn.shopify.com/s/files/1/0912/9351/6071/files/imgHD_8eee9a63_20250912_i1757652247614_9581_0_4_jpg.jpg?v=1769506502|https://cdn.shopify.com/s/files/1/0912/9351/6071/files/imgHD_8eee9a63_20250912_i1757652263433_4422_0_3_jpg.jpg?v=1769506502,Hi I want YSL Gaby Vanity Bag 18 Olive Green Quilted Calfskin,New
YSL Gaby Vanity Bag 18 Light Beige Quilted Calfskin,https://cdn.shopify.com/s/files/1/0912/9351/6071/files/img_d005b8fd_20250528_i1748411356324_8069_0_7_jpg.jpg?v=1769506498,handbags,ysl,https://cdn.shopify.com/s/files/1/0912/9351/6071/files/img_d005b8fd_20250528_i1748411356324_8069_0_7_jpg.jpg?v=1769506498|https://cdn.shopify.com/s/files/1/0912/9351/6071/files/img_d005b8fd_20250401_i1743510529632_4760_0_0_jpg.jpg?v=1769506498|https://cdn.shopify.com/s/files/1/0912/9351/6071/files/img_d005b8fd_20250528_i1748411346172_5220_0_3_jpg.jpg?v=1769506498|https://cdn.shopify.com/s/files/1/0912/9351/6071/files/img_d005b8fd_20250528_i1748411346172_8874_0_1_jpg.jpg?v=1769506498|https://cdn.shopify.com/s/files/1/0912/9351/6071/files/img_d005b8fd_20250528_i1748411346195_1787_0_2_jpg.jpg?v=1769506498|https://cdn.shopify.com/s/files/1/0912/9351/6071/files/img_d005b8fd_20250528_i1748411346205_661_0_0_jpg.jpg?v=1769506498|https://cdn.shopify.com/s/files/1/0912/9351/6071/files/img_d005b8fd_20250528_i1748411346216_8491_0_6_jpg.jpg?v=1769506498|https://cdn.shopify.com/s/files/1/0912/9351/6071/files/img_d005b8fd_20250528_i1748411356327_4084_0_4_jpg.jpg?v=1769506498|https://cdn.shopify.com/s/files/1/0912/9351/6071/files/img_d005b8fd_20250528_i1748411356330_5654_0_5_jpg.jpg?v=1769506498,Hi I want YSL Gaby Vanity Bag 18 Light Beige Quilted Calfskin,New
YSL LE 5 À 7 Shoulder Bag 22 Black Raffia,https://cdn.shopify.com/s/files/1/0912/9351/6071/files/imgHD_8eee9a63_20250616_i1750053598248_4372_0_0_jpg.jpg?v=1769506496,handbags,ysl,https://cdn.shopify.com/s/files/1/0912/9351/6071/files/imgHD_8eee9a63_20250616_i1750053598248_4372_0_0_jpg.jpg?v=1769506496|https://cdn.shopify.com/s/files/1/0912/9351/6071/files/imgHD_8eee9a63_20250616_i1750053598256_7407_0_8_jpg.jpg?v=1769506496|https://cdn.shopify.com/s/files/1/0912/9351/6071/files/imgHD_8eee9a63_20250616_i1750053598249_7930_0_7_jpg.jpg?v=1769506496|https://cdn.shopify.com/s/files/1/0912/9351/6071/files/imgHD_8eee9a63_20250616_i1750053595764_1190_0_3_jpg.jpg?v=1769506496|https://cdn.shopify.com/s/files/1/0912/9351/6071/files/imgHD_8eee9a63_20250616_i1750053595764_5444_0_1_jpg.jpg?v=1769506496|https://cdn.shopify.com/s/files/1/0912/9351/6071/files/imgHD_8eee9a63_20250616_i1750053595764_7224_0_2_jpg.jpg?v=1769506496|https://cdn.shopify.com/s/files/1/0912/9351/6071/files/imgHD_8eee9a63_20250616_i1750053595764_8019_0_4_jpg.jpg?v=1769506496|https://cdn.shopify.com/s/files/1/0912/9351/6071/files/imgHD_8eee9a63_20250616_i1750053595764_9612_0_5_jpg.jpg?v=1769506496|https://cdn.shopify.com/s/files/1/0912/9351/6071/files/imgHD_8eee9a63_20250616_i1750053598248_3260_0_6_jpg.jpg?v=1769506496,Hi I want YSL LE 5 À 7 Shoulder Bag 22 Black Raffia,New
YSL Mini Vanity 12 Black Quilted Calfskin,https://cdn.shopify.com/s/files/1/0912/9351/6071/files/imgHD_8eee9a63_20250923_i1758610789560_8102_0_0_jpg_46936c72-b6e9-40e9-979a-5a85581f938a.jpg?v=1769506494,handbags,ysl,https://cdn.shopify.com/s/files/1/0912/9351/6071/files/imgHD_8eee9a63_20250923_i1758610789560_8102_0_0_jpg_46936c72-b6e9-40e9-979a-5a85581f938a.jpg?v=1769506494|https://cdn.shopify.com/s/files/1/0912/9351/6071/files/imgHD_8eee9a63_20250923_i1758610750927_2294_0_7_jpg_80cd0e75-70f4-49d3-b10f-496de7d551ef.jpg?v=1769506494|https://cdn.shopify.com/s/files/1/0912/9351/6071/files/imgHD_8eee9a63_20250923_i1758610750931_5729_0_6_jpg_a5df137a-8943-4b55-93cf-f6350a3cbfef.jpg?v=1769506494|https://cdn.shopify.com/s/files/1/0912/9351/6071/files/imgHD_8eee9a63_20250923_i1758610750931_1345_0_4_jpg_78fa8050-ca2e-4436-9e2a-7c5171ea5a61.jpg?v=1769506493|https://cdn.shopify.com/s/files/1/0912/9351/6071/files/imgHD_8eee9a63_20250923_i1758610789383_7608_0_8_jpg_295842ad-f2de-4ebf-95a1-cd77493a7cda.jpg?v=1769506494|https://cdn.shopify.com/s/files/1/0912/9351/6071/files/imgHD_8eee9a63_20250923_i1758610790093_4226_0_5_jpg_02f7acbc-d61f-4d87-a469-83907b6c4656.jpg?v=1769506494|https://cdn.shopify.com/s/files/1/0912/9351/6071/files/imgHD_8eee9a63_20250923_i1758610750930_3975_0_3_jpg_0ded6959-8112-4e75-87c3-b1a45ec4563d.jpg?v=1769506496|https://cdn.shopify.com/s/files/1/0912/9351/6071/files/imgHD_8eee9a63_20250923_i1758610750931_5786_0_2_jpg_a726f618-d4e8-4728-b968-32580db60f1c.jpg?v=1769506494|https://cdn.shopify.com/s/files/1/0912/9351/6071/files/imgHD_8eee9a63_20250923_i1758610789541_9851_0_1_jpg_1abb7675-2a47-4c12-853c-7c0ac3c4947b.jpg?v=1769506494,Hi I want YSL Mini Vanity 12 Black Quilted Calfskin,New
YSL Mini Bucket Bag 15 Dark Red Calfskin Leather,https://cdn.shopify.com/s/files/1/0912/9351/6071/files/img_d005b8fd_20241101_i1730435888_2888_1_jpg_d1df9546-4507-476c-980e-a8381efd1cd0.jpg?v=1769506491,handbags,ysl,https://cdn.shopify.com/s/files/1/0912/9351/6071/files/img_d005b8fd_20241101_i1730435888_2888_1_jpg_d1df9546-4507-476c-980e-a8381efd1cd0.jpg?v=1769506491|https://cdn.shopify.com/s/files/1/0912/9351/6071/files/img_d005b8fd_20241101_i1730435888_123_3_jpg_fa8897ac-8401-46a4-829b-c55ee813976d.jpg?v=1769506491|https://cdn.shopify.com/s/files/1/0912/9351/6071/files/img_d005b8fd_20241101_i1730435888_916_4_jpg_b2348fcb-ddaa-4e62-b60a-dd8c832cf386.jpg?v=1769506491|https://cdn.shopify.com/s/files/1/0912/9351/6071/files/img_d005b8fd_20241101_i1730435888_2650_0_jpg_8e19d2d1-e40f-4dcc-857a-bf0af687df35.jpg?v=1769506491|https://cdn.shopify.com/s/files/1/0912/9351/6071/files/img_d005b8fd_20241101_i1730435888_4160_6_jpg_4fedfab5-b734-4033-b2a6-c6146a60875c.jpg?v=1769506491|https://cdn.shopify.com/s/files/1/0912/9351/6071/files/img_d005b8fd_20241101_i1730435888_4510_2_jpg_8921b59e-4471-453b-b6aa-1146c5527f6b.jpg?v=1769506491|https://cdn.shopify.com/s/files/1/0912/9351/6071/files/img_d005b8fd_20241101_i1730435888_5376_7_jpg_f14463d6-e244-4dca-a57e-cd4e6e56cb19.jpg?v=1769506491|https://cdn.shopify.com/s/files/1/0912/9351/6071/files/img_d005b8fd_20241101_i1730435888_5760_8_jpg_7b0ae0e1-ea68-47cc-8426-3936d77d955e.jpg?v=1769506491|https://cdn.shopify.com/s/files/1/0912/9351/6071/files/img_d005b8fd_20241101_i1730435888_8672_5_jpg_17a8da11-e45b-4f3c-b9cf-9aab452a7213.jpg?v=1769506491,Hi I want YSL Mini Bucket Bag 15 Dark Red Calfskin Leather,New
YSL Mini Bucket Bag 15 Taupe Calfskin Leather,https://cdn.shopify.com/s/files/1/0912/9351/6071/files/img_d005b8fd_20250627_i1751009505059_6971_0_1_jpg_64aed2a2-9ca4-491c-b5bd-2e7a3e209ae5.jpg?v=1769506489,handbags,ysl,https://cdn.shopify.com/s/files/1/0912/9351/6071/files/img_d005b8fd_20250627_i1751009505059_6971_0_1_jpg_64aed2a2-9ca4-491c-b5bd-2e7a3e209ae5.jpg?v=1769506489|https://cdn.shopify.com/s/files/1/0912/9351/6071/files/img_d005b8fd_20250627_i1751009505099_9426_0_8_jpg_232785b0-046d-491c-bdd4-16fba31fa6e8.jpg?v=1769506489|https://cdn.shopify.com/s/files/1/0912/9351/6071/files/img_d005b8fd_20250627_i1751009502672_116_0_7_jpg_2fd2a1a4-d0fe-477d-aaf4-fec823ad97b0.jpg?v=1769506489|https://cdn.shopify.com/s/files/1/0912/9351/6071/files/img_d005b8fd_20250627_i1751009502672_121_0_4_jpg_3897b432-5212-452d-b1b0-1c1dada3071f.jpg?v=1769506488|https://cdn.shopify.com/s/files/1/0912/9351/6071/files/img_d005b8fd_20250627_i1751009502672_667_0_2_jpg_d48b2833-f23c-4ab0-9e17-5d34650e4183.jpg?v=1769506489|https://cdn.shopify.com/s/files/1/0912/9351/6071/files/img_d005b8fd_20250627_i1751009502672_672_0_6_jpg_1dcdcb20-4bed-41f5-8fd2-7621086c8275.jpg?v=1769506489|https://cdn.shopify.com/s/files/1/0912/9351/6071/files/img_d005b8fd_20250627_i1751009502672_7605_0_5_jpg_69fd195f-fd6f-4bfe-a3cd-6aa7f2c9d9ca.jpg?v=1769506489|https://cdn.shopify.com/s/files/1/0912/9351/6071/files/img_d005b8fd_20250627_i1751009505277_5325_0_0_jpg_52e15467-e3c1-4796-811c-805f24d8e337.jpg?v=1769506489|https://cdn.shopify.com/s/files/1/0912/9351/6071/files/img_d005b8fd_20250627_i1751009505309_4726_0_3_jpg_7b9408ae-9a68-41ce-9220-135ab12a2306.jpg?v=1769506488,Hi I want YSL Mini Bucket Bag 15 Taupe Calfskin Leather,
YSL Bucket Bag 17 Dark Red Calfskin Leather,https://cdn.shopify.com/s/files/1/0912/9351/6071/files/img_d005b8fd_20241101_i1730437162_6828_8_jpg_3b9d8729-635b-4d7d-9468-0e1cee14b1f7.jpg?v=1769506483,handbags,ysl,https://cdn.shopify.com/s/files/1/0912/9351/6071/files/img_d005b8fd_20241101_i1730437162_6828_8_jpg_3b9d8729-635b-4d7d-9468-0e1cee14b1f7.jpg?v=1769506483|https://cdn.shopify.com/s/files/1/0912/9351/6071/files/img_d005b8fd_20241101_i1730437162_6163_5_jpg_6c382e83-c42f-45b3-bcdd-2b23dd5410e5.jpg?v=1769506483|https://cdn.shopify.com/s/files/1/0912/9351/6071/files/img_d005b8fd_20241101_i1730437162_7079_2_jpg_751231d0-11d6-4e24-95af-5bcb7fa65f6d.jpg?v=1769506484|https://cdn.shopify.com/s/files/1/0912/9351/6071/files/img_d005b8fd_20241101_i1730437162_1263_7_jpg_d08bc034-e70a-4d19-a589-ab153a44bc67.jpg?v=1769506484|https://cdn.shopify.com/s/files/1/0912/9351/6071/files/img_d005b8fd_20241101_i1730437162_2316_4_jpg_3e75b681-eb36-4b1c-aa2a-3e99f3638a93.jpg?v=1769506483|https://cdn.shopify.com/s/files/1/0912/9351/6071/files/img_d005b8fd_20241101_i1730437162_2568_3_jpg_82d73661-1803-48cd-81bb-3dc75083a319.jpg?v=1769506483|https://cdn.shopify.com/s/files/1/0912/9351/6071/files/img_d005b8fd_20241101_i1730437162_4493_6_jpg_c93edda0-c946-44f0-ada8-a10326e8f948.jpg?v=1769506483|https://cdn.shopify.com/s/files/1/0912/9351/6071/files/img_d005b8fd_20241101_i1730437162_7972_0_jpg_ddfdb9a9-327b-4103-b85b-a444df80d0ae.jpg?v=1769506484|https://cdn.shopify.com/s/files/1/0912/9351/6071/files/img_d005b8fd_20241101_i1730437162_9922_1_jpg_f7549af9-c55b-45d8-989e-50c18e68cc3b.jpg?v=1769506484,Hi I want YSL Bucket Bag 17 Dark Red Calfskin Leather,New
YSL Handbag 28 Tan Brown Pattern Lambskin,https://cdn.shopify.com/s/files/1/0912/9351/6071/files/img_d005b8fd_20240723_i1721735985_7232_1_jpg.jpg?v=1769506481,handbags,ysl,https://cdn.shopify.com/s/files/1/0912/9351/6071/files/img_d005b8fd_20240723_i1721735985_7232_1_jpg.jpg?v=1769506481|https://cdn.shopify.com/s/files/1/0912/9351/6071/files/img_d005b8fd_20240723_i1721735985_859_6_jpg.jpg?v=1769506481|https://cdn.shopify.com/s/files/1/0912/9351/6071/files/img_d005b8fd_20240723_i1721735985_1461_3_jpg.jpg?v=1769506481|https://cdn.shopify.com/s/files/1/0912/9351/6071/files/img_d005b8fd_20240723_i1721735985_2291_5_jpg.jpg?v=1769506481|https://cdn.shopify.com/s/files/1/0912/9351/6071/files/img_d005b8fd_20240723_i1721735985_2642_4_jpg.jpg?v=1769506481|https://cdn.shopify.com/s/files/1/0912/9351/6071/files/img_d005b8fd_20240723_i1721735985_2852_8_jpg.jpg?v=1769506481|https://cdn.shopify.com/s/files/1/0912/9351/6071/files/img_d005b8fd_20240723_i1721735985_3971_2_jpg.jpg?v=1769506481|https://cdn.shopify.com/s/files/1/0912/9351/6071/files/img_d005b8fd_20240723_i1721735985_5562_7_jpg.jpg?v=1769506481|https://cdn.shopify.com/s/files/1/0912/9351/6071/files/img_d005b8fd_20240723_i1721735985_5792_0_jpg.jpg?v=1769506481,Hi I want YSL Handbag 28 Tan Brown Pattern Lambskin,New
YSL Bucket Bag 20 Taupe Calfskin Leather,https://cdn.shopify.com/s/files/1/0912/9351/6071/files/img_d005b8fd_20241031_i1730357278_8764_0_jpg.jpg?v=1769506476,handbags,ysl,https://cdn.shopify.com/s/files/1/0912/9351/6071/files/img_d005b8fd_20241031_i1730357278_8764_0_jpg.jpg?v=1769506476|https://cdn.shopify.com/s/files/1/0912/9351/6071/files/img_d005b8fd_20241031_i1730357278_1833_6_jpg.jpg?v=1769506477|https://cdn.shopify.com/s/files/1/0912/9351/6071/files/img_d005b8fd_20241031_i1730357278_1950_2_jpg.jpg?v=1769506476|https://cdn.shopify.com/s/files/1/0912/9351/6071/files/img_d005b8fd_20241031_i1730357278_2350_7_jpg.jpg?v=1769506476|https://cdn.shopify.com/s/files/1/0912/9351/6071/files/img_d005b8fd_20241031_i1730357278_4427_4_jpg.jpg?v=1769506476|https://cdn.shopify.com/s/files/1/0912/9351/6071/files/img_d005b8fd_20241031_i1730357278_4545_1_jpg.jpg?v=1769506476|https://cdn.shopify.com/s/files/1/0912/9351/6071/files/img_d005b8fd_20241031_i1730357278_6155_5_jpg.jpg?v=1769506476,Hi I want YSL Bucket Bag 20 Taupe Calfskin Leather,New
YSL Bucket Bag 17 Taupe Calfskin Leather,https://cdn.shopify.com/s/files/1/0912/9351/6071/files/img_d005b8fd_20241118_i1731916159_8975_4.jpg_1.jpg?v=1769506475,handbags,ysl,https://cdn.shopify.com/s/files/1/0912/9351/6071/files/img_d005b8fd_20241118_i1731916159_8975_4.jpg_1.jpg?v=1769506475|https://cdn.shopify.com/s/files/1/0912/9351/6071/files/img_d005b8fd_20241118_i1731916159_1334_1.jpg_1.jpg?v=1769506473|https://cdn.shopify.com/s/files/1/0912/9351/6071/files/img_d005b8fd_20241118_i1731916159_2118_7.jpg_1.jpg?v=1769506473|https://cdn.shopify.com/s/files/1/0912/9351/6071/files/img_d005b8fd_20241118_i1731916159_3247_0.jpg_1.jpg?v=1769506474|https://cdn.shopify.com/s/files/1/0912/9351/6071/files/img_d005b8fd_20241118_i1731916159_4681_8.jpg_1.jpg?v=1769506473|https://cdn.shopify.com/s/files/1/0912/9351/6071/files/img_d005b8fd_20241118_i1731916159_4902_2.jpg_1.jpg?v=1769506473|https://cdn.shopify.com/s/files/1/0912/9351/6071/files/img_d005b8fd_20241118_i1731916159_5088_5.jpg_1.jpg?v=1769506474|https://cdn.shopify.com/s/files/1/0912/9351/6071/files/img_d005b8fd_20241118_i1731916159_7064_6.jpg_1.jpg?v=1769506474|https://cdn.shopify.com/s/files/1/0912/9351/6071/files/img_d005b8fd_20241118_i1731916159_8173_3.jpg_1.jpg?v=1769506473,Hi I want YSL Bucket Bag 17 Taupe Calfskin Leather,New
YSL 2025 Le5A7 Bag 25cm Black Gold Patent Leather,https://cdn.shopify.com/s/files/1/0912/9351/6071/files/Image_20251127170352_3327_20.jpg?v=1764300459,handbags,ysl,https://cdn.shopify.com/s/files/1/0912/9351/6071/files/Image_20251127170352_3327_20.jpg?v=1764300459|https://cdn.shopify.com/s/files/1/0912/9351/6071/files/Image_20251127170359_3330_20.jpg?v=1764300459|https://cdn.shopify.com/s/files/1/0912/9351/6071/files/Image_20251127170403_3331_20.jpg?v=1764300459|https://cdn.shopify.com/s/files/1/0912/9351/6071/files/Image_20251127170409_3332_20.jpg?v=1764300459|https://cdn.shopify.com/s/files/1/0912/9351/6071/files/Image_20251127170415_3333_20.jpg?v=1764300459|https://cdn.shopify.com/s/files/1/0912/9351/6071/files/Image_20251127170420_3334_20.jpg?v=1764300460|https://cdn.shopify.com/s/files/1/0912/9351/6071/files/Image_20251127170424_3335_20.jpg?v=1764300459|https://cdn.shopify.com/s/files/1/0912/9351/6071/files/Image_20251127170621_3336_20.jpg?v=1764300459|https://cdn.shopify.com/s/files/1/0912/9351/6071/files/Image_20251127170356_3329_20.jpg?v=1764300459,Hi I want YSL 2025 Le5A7 Bag 25cm Black Gold Patent Leather,New
YSL 2025 Voltaire 24cm Burgundy Gold Calfskin,https://cdn.shopify.com/s/files/1/0912/9351/6071/files/Image_20251120162743_2759_20.jpg?v=1763709794,handbags,ysl,https://cdn.shopify.com/s/files/1/0912/9351/6071/files/Image_20251120162743_2759_20.jpg?v=1763709794|https://cdn.shopify.com/s/files/1/0912/9351/6071/files/Image_20251120162744_2760_20.jpg?v=1763709794|https://cdn.shopify.com/s/files/1/0912/9351/6071/files/Image_20251120162745_2761_20.jpg?v=1763709795|https://cdn.shopify.com/s/files/1/0912/9351/6071/files/Image_20251120162746_2762_20.jpg?v=1763709794|https://cdn.shopify.com/s/files/1/0912/9351/6071/files/Image_20251120162748_2764_20.jpg?v=1763709794|https://cdn.shopify.com/s/files/1/0912/9351/6071/files/Image_20251120162749_2765_20.jpg?v=1763709794|https://cdn.shopify.com/s/files/1/0912/9351/6071/files/Image_20251120162751_2766_20.jpg?v=1763709794|https://cdn.shopify.com/s/files/1/0912/9351/6071/files/Image_20251120162752_2767_20.jpg?v=1763709794|https://cdn.shopify.com/s/files/1/0912/9351/6071/files/Image_20251120162753_2768_20.jpg?v=1763709794,Hi I want YSL 2025 Voltaire 24cm Burgundy Gold Calfskin,New
Saint Laurent Niki Logo Plaque Messenger Bag Dark Green Calfskin,https://cdn.shopify.com/s/files/1/0912/9351/6071/files/Image_20250917171949_7150_3.jpg?v=1759128237,handbags,ysl,https://cdn.shopify.com/s/files/1/0912/9351/6071/files/Image_20250917171949_7150_3.jpg?v=1759128237|https://cdn.shopify.com/s/files/1/0912/9351/6071/files/Image_20250917171948_7149_3.jpg?v=1759128237|https://cdn.shopify.com/s/files/1/0912/9351/6071/files/Image_20250917171942_7141_3.jpg?v=1759128237|https://cdn.shopify.com/s/files/1/0912/9351/6071/files/Image_20250917171943_7142_3.jpg?v=1759128237|https://cdn.shopify.com/s/files/1/0912/9351/6071/files/Image_20250917171944_7143_3.jpg?v=1759128237|https://cdn.shopify.com/s/files/1/0912/9351/6071/files/Image_20250917171945_7144_3.jpg?v=1759128237|https://cdn.shopify.com/s/files/1/0912/9351/6071/files/Image_20250917171946_7145_3.jpg?v=1759128237|https://cdn.shopify.com/s/files/1/0912/9351/6071/files/Image_20250917171946_7146_3.jpg?v=1759128237|https://cdn.shopify.com/s/files/1/0912/9351/6071/files/Image_20250917171947_7147_3.jpg?v=1759128237,Hi I want Saint Laurent Niki Logo Plaque Messenger Bag Dark Green Calfskin,New
Le 37 Bucket Bag 15cm Beige Gold Cowhide,https://cdn.shopify.com/s/files/1/0912/9351/6071/files/img_d005b8fd_20250627_i1751009505059_6971_0_1_jpg_5fe7de84-1009-441b-9dc1-ed8452e151af.jpg?v=1759133267,handbags,ysl,https://cdn.shopify.com/s/files/1/0912/9351/6071/files/img_d005b8fd_20250627_i1751009505059_6971_0_1_jpg_5fe7de84-1009-441b-9dc1-ed8452e151af.jpg?v=1759133267|https://cdn.shopify.com/s/files/1/0912/9351/6071/files/img_d005b8fd_20250627_i1751009502672_116_0_7_jpg_0f014c35-28ea-4109-b013-f3ff8e69bc9e.jpg?v=1759133267|https://cdn.shopify.com/s/files/1/0912/9351/6071/files/img_d005b8fd_20250627_i1751009502672_121_0_4_jpg_25b2c11c-f9cb-47c4-bbab-14fe0b1dc702.jpg?v=1759133267|https://cdn.shopify.com/s/files/1/0912/9351/6071/files/img_d005b8fd_20250627_i1751009502672_667_0_2_jpg_8a3d77dc-f427-4184-904a-0ec9e4e28594.jpg?v=1759133267|https://cdn.shopify.com/s/files/1/0912/9351/6071/files/img_d005b8fd_20250627_i1751009502672_672_0_6_jpg_57ad2278-4a4b-440f-87b2-3b49174312bf.jpg?v=1759133267|https://cdn.shopify.com/s/files/1/0912/9351/6071/files/img_d005b8fd_20250627_i1751009502672_7605_0_5_jpg_9d9ba7e1-1623-4864-b1dc-5c4f0c7a739b.jpg?v=1759133267|https://cdn.shopify.com/s/files/1/0912/9351/6071/files/img_d005b8fd_20250627_i1751009505099_9426_0_8_jpg_f5c682be-a54d-4b4e-9c04-f073498c4223.jpg?v=1759133267|https://cdn.shopify.com/s/files/1/0912/9351/6071/files/img_d005b8fd_20250627_i1751009505277_5325_0_0_jpg_013ff915-69b1-4d16-b1d5-16d372ca388d.jpg?v=1759133267|https://cdn.shopify.com/s/files/1/0912/9351/6071/files/img_d005b8fd_20250627_i1751009505309_4726_0_3_jpg_7c9c2f74-85fc-4b4b-8d6f-d3cc5f766f58.jpg?v=1759133267,Hi I want Le 37 Bucket Bag 15cm Beige Gold Cowhide,New
Le 37 Bucket Bag 15cm Red Gold Cowhide,https://cdn.shopify.com/s/files/1/0912/9351/6071/files/img_d005b8fd_20241101_i1730435888_2888_1_jpg_96abe47d-c6a0-4294-9d8a-5ff3723089ed.jpg?v=1759133257,handbags,ysl,https://cdn.shopify.com/s/files/1/0912/9351/6071/files/img_d005b8fd_20241101_i1730435888_2888_1_jpg_96abe47d-c6a0-4294-9d8a-5ff3723089ed.jpg?v=1759133257|https://cdn.shopify.com/s/files/1/0912/9351/6071/files/img_d005b8fd_20241101_i1730435888_123_3_jpg_36173e9c-fe0c-42a4-a077-65775b5f5848.jpg?v=1759133257|https://cdn.shopify.com/s/files/1/0912/9351/6071/files/img_d005b8fd_20241101_i1730435888_916_4_jpg_2ed2ff35-58fd-4e53-88e9-ac53cc92b48b.jpg?v=1759133257|https://cdn.shopify.com/s/files/1/0912/9351/6071/files/img_d005b8fd_20241101_i1730435888_2650_0_jpg_0ee2889c-3110-410e-a189-6b63cf85a070.jpg?v=1759133257|https://cdn.shopify.com/s/files/1/0912/9351/6071/files/img_d005b8fd_20241101_i1730435888_4160_6_jpg_a5ffe105-092a-41a5-b592-fa827c19595c.jpg?v=1759133257|https://cdn.shopify.com/s/files/1/0912/9351/6071/files/img_d005b8fd_20241101_i1730435888_4510_2_jpg_87a649d6-56fc-4a73-8ee9-b50555028d6f.jpg?v=1759133257|https://cdn.shopify.com/s/files/1/0912/9351/6071/files/img_d005b8fd_20241101_i1730435888_5376_7_jpg_aaa21023-4ba4-4813-89c4-b588bd7535c4.jpg?v=1759133257|https://cdn.shopify.com/s/files/1/0912/9351/6071/files/img_d005b8fd_20241101_i1730435888_5760_8_jpg_24a80887-ce63-44fb-94ba-3e5a2f3d68d4.jpg?v=1759133257|https://cdn.shopify.com/s/files/1/0912/9351/6071/files/img_d005b8fd_20241101_i1730435888_8672_5_jpg_4abf4fff-1ba0-4a81-96ed-590a175e3cbb.jpg?v=1759133257,Hi I want Le 37 Bucket Bag 15cm Red Gold Cowhide,New
YSL Bag 22cm Brown Beige Raffia Cowhide,https://cdn.shopify.com/s/files/1/0912/9351/6071/files/imgHD_8eee9a63_20250616_cmp_i1750053867903_4124_0_0_jpg_66090582-1ed1-4966-9222-43db097a3fb1.jpg?v=1759133243,handbags,ysl,https://cdn.shopify.com/s/files/1/0912/9351/6071/files/imgHD_8eee9a63_20250616_cmp_i1750053867903_4124_0_0_jpg_66090582-1ed1-4966-9222-43db097a3fb1.jpg?v=1759133243|https://cdn.shopify.com/s/files/1/0912/9351/6071/files/imgHD_8eee9a63_20250616_cmp_i1750053867885_7497_0_2_jpg_5d48304c-4fd8-4d57-afa8-e5eeb14297aa.jpg?v=1759133243|https://cdn.shopify.com/s/files/1/0912/9351/6071/files/imgHD_8eee9a63_20250616_cmp_i1750053867899_5745_0_5_jpg_b1734bfc-52d3-4592-b59a-d33160e75f99.jpg?v=1759133243|https://cdn.shopify.com/s/files/1/0912/9351/6071/files/imgHD_8eee9a63_20250616_cmp_i1750053867899_8970_0_3_jpg_b881d8bc-55ad-466d-8969-61e9bef3dbb0.jpg?v=1759133243|https://cdn.shopify.com/s/files/1/0912/9351/6071/files/imgHD_8eee9a63_20250616_cmp_i1750053867901_4605_0_7_jpg_93749376-080d-4b13-b193-819018dc79a4.jpg?v=1759133243|https://cdn.shopify.com/s/files/1/0912/9351/6071/files/imgHD_8eee9a63_20250616_cmp_i1750053870313_6212_0_4_jpg_bad1a82e-cac9-4de8-b03e-3ad4f2fe6515.jpg?v=1759133243|https://cdn.shopify.com/s/files/1/0912/9351/6071/files/imgHD_8eee9a63_20250616_cmp_i1750053870322_2198_0_1_jpg_b797960a-7923-49a7-8a6e-214a5b7b776d.jpg?v=1759133243|https://cdn.shopify.com/s/files/1/0912/9351/6071/files/imgHD_8eee9a63_20250616_cmp_i1750053870325_1294_0_6_jpg_0b258065-df39-47d3-ad0d-d368ebae5062.jpg?v=1759133243|https://cdn.shopify.com/s/files/1/0912/9351/6071/files/imgHD_8eee9a63_20250616_cmp_i1750053870326_1432_0_8_jpg_3fbf66ff-0921-4373-8429-263bfefae379.jpg?v=1759133243,Hi I want YSL Bag 22cm Brown Beige Raffia Cowhide,New
YSL Bag 22cm Black Gold Raffia Cowhide,https://cdn.shopify.com/s/files/1/0912/9351/6071/files/imgHD_8eee9a63_20250616_cmp_i1750053598248_4372_0_0_jpg_029cf1df-0781-41ac-a478-3893bcfa78fa.jpg?v=1759133232,handbags,ysl,https://cdn.shopify.com/s/files/1/0912/9351/6071/files/imgHD_8eee9a63_20250616_cmp_i1750053598248_4372_0_0_jpg_029cf1df-0781-41ac-a478-3893bcfa78fa.jpg?v=1759133232|https://cdn.shopify.com/s/files/1/0912/9351/6071/files/imgHD_8eee9a63_20250616_cmp_i1750053595764_1190_0_3_jpg_9fd3c3da-c1db-434e-98e4-6aa58d6baf3c.jpg?v=1759133232|https://cdn.shopify.com/s/files/1/0912/9351/6071/files/imgHD_8eee9a63_20250616_cmp_i1750053595764_5444_0_1_jpg_5d2118d6-ebdd-4df2-91b1-c76b63cd85c0.jpg?v=1759133232|https://cdn.shopify.com/s/files/1/0912/9351/6071/files/imgHD_8eee9a63_20250616_cmp_i1750053595764_7224_0_2_jpg_8cc7277e-3637-477f-855a-297fd3204ed9.jpg?v=1759133232|https://cdn.shopify.com/s/files/1/0912/9351/6071/files/imgHD_8eee9a63_20250616_cmp_i1750053595764_8019_0_4_jpg_aa855fae-b2a5-4a5a-93e4-558e2d0d201b.jpg?v=1759133232|https://cdn.shopify.com/s/files/1/0912/9351/6071/files/imgHD_8eee9a63_20250616_cmp_i1750053595764_9612_0_5_jpg_d8e1b2c3-0296-48ab-99e2-b418bc5099f3.jpg?v=1759133232|https://cdn.shopify.com/s/files/1/0912/9351/6071/files/imgHD_8eee9a63_20250616_cmp_i1750053598248_3260_0_6_jpg_eb224e92-4165-49d4-b686-6537751c76ca.jpg?v=1759133232|https://cdn.shopify.com/s/files/1/0912/9351/6071/files/imgHD_8eee9a63_20250616_cmp_i1750053598249_7930_0_7_jpg_6d3d09dc-929f-44d3-8dfa-d56469c9679d.jpg?v=1759133232|https://cdn.shopify.com/s/files/1/0912/9351/6071/files/imgHD_8eee9a63_20250616_cmp_i1750053598256_7407_0_8_jpg_6c0a00dd-3f7a-4038-bb8c-7a534e4e5e3b.jpg?v=1759133232,Hi I want YSL Bag 22cm Black Gold Raffia Cowhide,New
YSL Shoulder Bag 23cm Black Gold Cowhide,https://cdn.shopify.com/s/files/1/0912/9351/6071/files/imgHD_8eee9a63_20250602_cmp_i1748874981500_5995_0_0_jpg_4e658dee-1ffe-4156-87dd-2cc268a6ab1f.jpg?v=1759133222,handbags,ysl,https://cdn.shopify.com/s/files/1/0912/9351/6071/files/imgHD_8eee9a63_20250602_cmp_i1748874981500_5995_0_0_jpg_4e658dee-1ffe-4156-87dd-2cc268a6ab1f.jpg?v=1759133222|https://cdn.shopify.com/s/files/1/0912/9351/6071/files/imgHD_8eee9a63_20250602_cmp_i1748874981498_4018_0_4_jpg_c508b35b-cf86-455d-bb19-fbdeca31ec89.jpg?v=1759133222|https://cdn.shopify.com/s/files/1/0912/9351/6071/files/imgHD_8eee9a63_20250602_cmp_i1748874981499_6018_0_3_jpg_ea266e8a-46ea-4660-934b-a020cd13ab1c.jpg?v=1759133222|https://cdn.shopify.com/s/files/1/0912/9351/6071/files/imgHD_8eee9a63_20250602_cmp_i1748874981500_1373_0_5_jpg_b731eb9e-2a05-4584-af7a-a1dd94c66037.jpg?v=1759133222|https://cdn.shopify.com/s/files/1/0912/9351/6071/files/imgHD_8eee9a63_20250602_cmp_i1748874982372_1017_0_7_jpg_be48b9df-fbf0-48a8-8ce0-b76e10474c73.jpg?v=1759133222|https://cdn.shopify.com/s/files/1/0912/9351/6071/files/imgHD_8eee9a63_20250602_cmp_i1748874983758_6252_0_2_jpg_ac3d1ec2-d64e-4d77-82aa-9c88cfb18e9a.jpg?v=1759133222|https://cdn.shopify.com/s/files/1/0912/9351/6071/files/imgHD_8eee9a63_20250602_cmp_i1748874983762_3206_0_6_jpg_77d9a5ee-d7cf-477d-a8df-509c0be6fd24.jpg?v=1759133222|https://cdn.shopify.com/s/files/1/0912/9351/6071/files/imgHD_8eee9a63_20250602_cmp_i1748874983769_7285_0_1_jpg_8ba23966-df89-4393-bbb6-354de9bf0442.jpg?v=1759133222|https://cdn.shopify.com/s/files/1/0912/9351/6071/files/imgHD_8eee9a63_20250602_cmp_i1748874983770_7747_0_8_jpg_a7b213b9-7d4a-47a1-b580-5a68c041eb0c.jpg?v=1759133222,Hi I want YSL Shoulder Bag 23cm Black Gold Cowhide,New
Le 37 Bucket Bag 20cm Red Gold Cowhide,https://cdn.shopify.com/s/files/1/0912/9351/6071/files/img_d005b8fd_20241101_i1730437162_6828_8_jpg_682c6ce9-89a8-49b7-b8f6-444d396a646b.jpg?v=1759133212,handbags,ysl,https://cdn.shopify.com/s/files/1/0912/9351/6071/files/img_d005b8fd_20241101_i1730437162_6828_8_jpg_682c6ce9-89a8-49b7-b8f6-444d396a646b.jpg?v=1759133212|https://cdn.shopify.com/s/files/1/0912/9351/6071/files/img_d005b8fd_20241101_i1730437162_1263_7_jpg_ccb319f9-70ba-4597-a270-f1a1005eec6e.jpg?v=1759133212|https://cdn.shopify.com/s/files/1/0912/9351/6071/files/img_d005b8fd_20241101_i1730437162_6163_5_jpg_02f6000c-46ab-4b8b-9f9d-7762efc17466.jpg?v=1759133212|https://cdn.shopify.com/s/files/1/0912/9351/6071/files/img_d005b8fd_20241101_i1730437162_7079_2_jpg_f760eb24-e4d1-4ad7-9d86-3ab8a36be1c8.jpg?v=1759133212|https://cdn.shopify.com/s/files/1/0912/9351/6071/files/img_d005b8fd_20241101_i1730437162_2316_4_jpg_93e87dc4-1f4e-4565-a6b2-19232f8e1168.jpg?v=1759133212|https://cdn.shopify.com/s/files/1/0912/9351/6071/files/img_d005b8fd_20241101_i1730437162_2568_3_jpg_2cc12b34-125f-433d-91d5-3487608f5bdf.jpg?v=1759133212|https://cdn.shopify.com/s/files/1/0912/9351/6071/files/img_d005b8fd_20241101_i1730437162_4493_6_jpg_e27bb7f1-4f55-4e37-8045-b2b30bd1059c.jpg?v=1759133212|https://cdn.shopify.com/s/files/1/0912/9351/6071/files/img_d005b8fd_20241101_i1730437162_7972_0_jpg_be6eb66e-9120-4049-bf02-5e32b0145814.jpg?v=1759133212|https://cdn.shopify.com/s/files/1/0912/9351/6071/files/img_d005b8fd_20241101_i1730437162_9922_1_jpg_0dea4240-71a7-466f-bd0c-cf8c879e8d4d.jpg?v=1759133212,Hi I want Le 37 Bucket Bag 20cm Red Gold Cowhide,New
YSL Solferino Small Satchel Bag Pure Beige Gold Calfskin 339520,https://cdn.shopify.com/s/files/1/0912/9351/6071/files/img_3a03007e_20231117_i1700212443_1396_0_jpg_6e2fa346-7418-4260-a7ef-34f0b5eeb6b8.jpg?v=1759133201,handbags,ysl,https://cdn.shopify.com/s/files/1/0912/9351/6071/files/img_3a03007e_20231117_i1700212443_1396_0_jpg_6e2fa346-7418-4260-a7ef-34f0b5eeb6b8.jpg?v=1759133201|https://cdn.shopify.com/s/files/1/0912/9351/6071/files/img_3a03007e_20231117_i1700212443_1007_5_jpg_18f5dcc9-60f3-45cd-8c7c-fde36a5e57f4.jpg?v=1759133201|https://cdn.shopify.com/s/files/1/0912/9351/6071/files/img_3a03007e_20231117_i1700212443_4233_3_jpg_80555e7b-fa9d-441a-b3dd-62131276d74c.jpg?v=1759133202|https://cdn.shopify.com/s/files/1/0912/9351/6071/files/img_3a03007e_20231117_i1700212443_6747_4_jpg_e5a708ab-e94e-4f4f-913f-f44f2ee61c6a.jpg?v=1759133202|https://cdn.shopify.com/s/files/1/0912/9351/6071/files/img_3a03007e_20231117_i1700212443_7624_1_jpg_b0719f6c-301a-420f-886c-b2986899374d.jpg?v=1759133202|https://cdn.shopify.com/s/files/1/0912/9351/6071/files/img_3a03007e_20231117_i1700212443_8619_2_jpg_2c328c79-c63e-450d-988b-1f71b230470c.jpg?v=1759133202|https://cdn.shopify.com/s/files/1/0912/9351/6071/files/img_3a03007e_20231117_i1700212444_3834_7_jpg_a84dffa0-8756-4e28-87f6-4bfbc2f07e94.jpg?v=1759133202|https://cdn.shopify.com/s/files/1/0912/9351/6071/files/img_3a03007e_20231117_i1700212444_6209_6_jpg_5fc9e878-c4c1-4a51-ab4a-7609f6c45f0d.jpg?v=1759133202|https://cdn.shopify.com/s/files/1/0912/9351/6071/files/img_3a03007e_20231117_i1700212444_9585_8_jpg_1d9b028d-9b4d-4138-b73e-a12537d4759b.jpg?v=1759133202,Hi I want YSL Solferino Small Satchel Bag Pure Beige Gold Calfskin 339520,New
YSL Solferino Small Satchel Bag Brown Gold Calfskin 325451,https://cdn.shopify.com/s/files/1/0912/9351/6071/files/img_bce60362_20241222_i1734834745_4774_1_jpg_7113f4a6-a7ae-42e9-952a-4a932018124c.jpg?v=1759133190,handbags,ysl,https://cdn.shopify.com/s/files/1/0912/9351/6071/files/img_bce60362_20241222_i1734834745_4774_1_jpg_7113f4a6-a7ae-42e9-952a-4a932018124c.jpg?v=1759133190|https://cdn.shopify.com/s/files/1/0912/9351/6071/files/img_bce60362_20241222_i1734834745_188_6_jpg_ebf824ae-974f-4ab5-bf26-3ad1b61cdf9d.jpg?v=1759133190|https://cdn.shopify.com/s/files/1/0912/9351/6071/files/img_bce60362_20241222_i1734834745_2344_0_jpg_0af651b0-6216-4f7e-8db4-32e98d7749a2.jpg?v=1759133190|https://cdn.shopify.com/s/files/1/0912/9351/6071/files/img_bce60362_20241222_i1734834745_3061_2_jpg_ada77ac2-f96a-4c91-b15d-6dbe5ef9f65a.jpg?v=1759133190|https://cdn.shopify.com/s/files/1/0912/9351/6071/files/img_bce60362_20241222_i1734834745_7987_3_jpg_e1e69046-4007-4091-8789-0467afbf1949.jpg?v=1759133190|https://cdn.shopify.com/s/files/1/0912/9351/6071/files/img_bce60362_20241222_i1734834745_9820_5_jpg_7dcda9b8-64a0-4fbe-929c-dd8fd0ad8c1b.jpg?v=1759133190|https://cdn.shopify.com/s/files/1/0912/9351/6071/files/img_bce60362_20241222_i1734834745_9982_8_jpg_8e6bf2da-7fed-41de-b3b1-460959607d47.jpg?v=1759133190|https://cdn.shopify.com/s/files/1/0912/9351/6071/files/img_bce60362_20241222_i1734834745_3507_7_jpg_9d0e87fc-c7d8-46d0-9ab5-db1dd7fc63ec.jpg?v=1759133190|https://cdn.shopify.com/s/files/1/0912/9351/6071/files/img_bce60362_20241222_i1734834745_8456_4_jpg_33b66a7d-03c0-4947-84d9-70a4c2b44ed7.jpg?v=1759133190,Hi I want YSL Solferino Small Satchel Bag Brown Gold Calfskin 325451,New
YSL Solferino Small Satchel Bag Black Gold Calfskin 339504,https://cdn.shopify.com/s/files/1/0912/9351/6071/files/20230428_i1682656666_5833_0_jpg_4242fbbf-d6a2-48c8-9e55-1db0bb6c4fed.jpg?v=1759133178,handbags,ysl,https://cdn.shopify.com/s/files/1/0912/9351/6071/files/20230428_i1682656666_5833_0_jpg_4242fbbf-d6a2-48c8-9e55-1db0bb6c4fed.jpg?v=1759133178|https://cdn.shopify.com/s/files/1/0912/9351/6071/files/20230428_i1682656666_42_3_jpg_696129d2-310e-427a-9f0a-7b053d218cb9.jpg?v=1759133178|https://cdn.shopify.com/s/files/1/0912/9351/6071/files/20230428_i1682656666_3966_6_jpg_9b11b99e-e728-4809-ae33-6fb35f240ee8.jpg?v=1759133178|https://cdn.shopify.com/s/files/1/0912/9351/6071/files/20230428_i1682656666_6126_8_jpg_12fbeff9-a11f-4dd3-8e13-0008931a640e.jpg?v=1759133178|https://cdn.shopify.com/s/files/1/0912/9351/6071/files/20230428_i1682656666_6163_4_jpg_e42e5ba2-1529-48bd-8190-9945e3ab0ade.jpg?v=1759133178|https://cdn.shopify.com/s/files/1/0912/9351/6071/files/20230428_i1682656666_7817_5_jpg_7430c8e0-534c-46aa-b363-f8e062a58698.jpg?v=1759133178|https://cdn.shopify.com/s/files/1/0912/9351/6071/files/20230428_i1682656666_9116_7_jpg_219e5d3a-58a5-4cf5-b777-5b1af1da92cb.jpg?v=1759133178|https://cdn.shopify.com/s/files/1/0912/9351/6071/files/20230428_i1682656666_9354_1_jpg_19e23b76-5134-464f-b132-0f9136ce4a22.jpg?v=1759133178|https://cdn.shopify.com/s/files/1/0912/9351/6071/files/20230428_i1682658321_7565_0_jpg_8f224fe6-f33e-48a0-8c96-66a9780da95e.jpg?v=1759133178,Hi I want YSL Solferino Small Satchel Bag Black Gold Calfskin 339504,New
YSL Solferino Small Satchel Bag Black Silver Calfskin 339491,https://cdn.shopify.com/s/files/1/0912/9351/6071/files/20230428_i1682656666_5833_0_jpg_e21974b4-1317-4c60-a5a8-13fe9211facf.jpg?v=1759133166,handbags,ysl,https://cdn.shopify.com/s/files/1/0912/9351/6071/files/20230428_i1682656666_5833_0_jpg_e21974b4-1317-4c60-a5a8-13fe9211facf.jpg?v=1759133166|https://cdn.shopify.com/s/files/1/0912/9351/6071/files/20230428_i1682656666_42_3_jpg_a14564b1-9887-4318-879c-3ac0cc59ed98.jpg?v=1759133166|https://cdn.shopify.com/s/files/1/0912/9351/6071/files/20230428_i1682656666_3966_6_jpg_71264916-7f64-4445-bd0d-14d3e31c771c.jpg?v=1759133166|https://cdn.shopify.com/s/files/1/0912/9351/6071/files/20230428_i1682656666_6126_8_jpg_c9a5393e-a7fb-49c8-a571-a8cb64857616.jpg?v=1759133167|https://cdn.shopify.com/s/files/1/0912/9351/6071/files/20230428_i1682656666_6163_4_jpg_e1323a66-f083-44e2-8eff-0bf2894d79e5.jpg?v=1759133167|https://cdn.shopify.com/s/files/1/0912/9351/6071/files/20230428_i1682656666_7817_5_jpg_4c17820d-664e-46dc-9be0-4ef82c3f71bf.jpg?v=1759133167|https://cdn.shopify.com/s/files/1/0912/9351/6071/files/20230428_i1682656666_9116_7_jpg_5ea263b2-821a-4e45-b24a-a0deb00c3ffe.jpg?v=1759133167|https://cdn.shopify.com/s/files/1/0912/9351/6071/files/20230428_i1682656666_9354_1_jpg_a1cc5bc5-ffdc-45e2-a9cb-98f27de44cf2.jpg?v=1759133167|https://cdn.shopify.com/s/files/1/0912/9351/6071/files/20230428_i1682658321_7565_0_jpg_232a6593-4f09-488d-926a-63b6b2884a4c.jpg?v=1759133167,Hi I want YSL Solferino Small Satchel Bag Black Silver Calfskin 339491,New
YSL Solferino Small Satchel Bag Brown Beige Gold Calfskin Canvas 339479,https://cdn.shopify.com/s/files/1/0912/9351/6071/files/20230414_i1681452141_3781_0_jpg_c3ded516-6d01-45e7-bcd8-e3d827778db3.jpg?v=1759133155,handbags,ysl,https://cdn.shopify.com/s/files/1/0912/9351/6071/files/20230414_i1681452141_3781_0_jpg_c3ded516-6d01-45e7-bcd8-e3d827778db3.jpg?v=1759133155|https://cdn.shopify.com/s/files/1/0912/9351/6071/files/20230414_i1681451956_968_8_jpg_b424aae1-31c3-4bff-a9d4-6a835498ded5.jpg?v=1759133155|https://cdn.shopify.com/s/files/1/0912/9351/6071/files/20230414_i1681451956_1585_4_jpg_1bbe6fdd-8f3b-404f-9f2d-787eb66d8dfa.jpg?v=1759133155|https://cdn.shopify.com/s/files/1/0912/9351/6071/files/20230414_i1681451956_2421_2_jpg_47884c2c-7844-45ef-bcf1-0a7db7f245d0.jpg?v=1759133155|https://cdn.shopify.com/s/files/1/0912/9351/6071/files/20230414_i1681451956_4580_1_jpg_acaf4032-18a2-489e-bc4d-256ab160ed47.jpg?v=1759133155|https://cdn.shopify.com/s/files/1/0912/9351/6071/files/20230414_i1681451956_5978_5_jpg_8fd1358a-0de9-464f-88b3-f34f2c02e7e4.jpg?v=1759133155|https://cdn.shopify.com/s/files/1/0912/9351/6071/files/20230414_i1681451956_9339_6_jpg_1511069a-164e-4d4a-b8f1-cd29d55684df.jpg?v=1759133155|https://cdn.shopify.com/s/files/1/0912/9351/6071/files/20230414_i1681451956_9495_7_jpg_0c41df9d-1f3f-4138-9f79-7de481fc471e.jpg?v=1759133155|https://cdn.shopify.com/s/files/1/0912/9351/6071/files/20230414_i1681451995_442_0_jpg_cacf2d86-a0a4-4624-94ae-837306ef5132.jpg?v=1759133155,Hi I want YSL Solferino Small Satchel Bag Brown Beige Gold Calfskin Canvas 339479,New
YSL Solferino Small Satchel Bag Black mix Beige Gold Calfskin 339470,https://cdn.shopify.com/s/files/1/0912/9351/6071/files/20230428_i1682659839_7716_0_jpg_c4f0bfe6-aae6-4af9-8d6d-d4b856ff9392.jpg?v=1759133143,handbags,ysl,https://cdn.shopify.com/s/files/1/0912/9351/6071/files/20230428_i1682659839_7716_0_jpg_c4f0bfe6-aae6-4af9-8d6d-d4b856ff9392.jpg?v=1759133143|https://cdn.shopify.com/s/files/1/0912/9351/6071/files/20230428_i1682659839_72_1_jpg_cca902e9-99b4-4e73-afb5-79698dbbf08e.jpg?v=1759133143|https://cdn.shopify.com/s/files/1/0912/9351/6071/files/20230428_i1682659839_572_5_jpg_c19e5f78-c932-489b-875e-58101491b7a2.jpg?v=1759133143|https://cdn.shopify.com/s/files/1/0912/9351/6071/files/20230428_i1682659839_1784_6_jpg_d2ba27b7-2036-44b7-8a12-a590c85d8728.jpg?v=1759133143|https://cdn.shopify.com/s/files/1/0912/9351/6071/files/20230428_i1682659839_7272_3_jpg_3dc5d008-e488-4027-9837-16dc4db88572.jpg?v=1759133143|https://cdn.shopify.com/s/files/1/0912/9351/6071/files/20230428_i1682659839_7398_4_jpg_bed6f73b-ca55-45e9-b0b3-3e1297f52d79.jpg?v=1759133143|https://cdn.shopify.com/s/files/1/0912/9351/6071/files/20230428_i1682659839_7483_2_jpg_450d229b-7997-49fc-839f-befbdc701e1f.jpg?v=1759133143|https://cdn.shopify.com/s/files/1/0912/9351/6071/files/20230428_i1682659845_6171_0_jpg_88dde97e-2aa8-49b2-9f2f-20a19a1ef676.jpg?v=1759133143|https://cdn.shopify.com/s/files/1/0912/9351/6071/files/20230428_i1682659867_2515_0_jpg_12064464-7faa-40cb-b6bb-ff641c2fe824.jpg?v=1759133143,Hi I want YSL Solferino Small Satchel Bag Black mix Beige Gold Calfskin 339470,New
YSL Solferino Small Satchel Bag Burgundy Gold Calfskin 339457,https://cdn.shopify.com/s/files/1/0912/9351/6071/files/20221206_i1670300592_6215_0_jpg_ba596af4-5cd8-4b4d-8f14-19c34022b369.jpg?v=1759133132,handbags,ysl,https://cdn.shopify.com/s/files/1/0912/9351/6071/files/20221206_i1670300592_6215_0_jpg_ba596af4-5cd8-4b4d-8f14-19c34022b369.jpg?v=1759133132|https://cdn.shopify.com/s/files/1/0912/9351/6071/files/20221206_i1670300592_2350_4_jpg_8397b3b4-8e4b-4a3e-84dd-0976a770cd74.jpg?v=1759133132|https://cdn.shopify.com/s/files/1/0912/9351/6071/files/20221206_i1670300592_2436_8_jpg_46d54466-51bd-4741-8624-ab7c375ba672.jpg?v=1759133132|https://cdn.shopify.com/s/files/1/0912/9351/6071/files/20221206_i1670300592_5785_6_jpg_58017e37-fe8d-4c16-8500-930f416b2dcc.jpg?v=1759133132|https://cdn.shopify.com/s/files/1/0912/9351/6071/files/20221206_i1670300592_5848_7_jpg_608263e0-3740-473f-bc14-8e25c2fce791.jpg?v=1759133132|https://cdn.shopify.com/s/files/1/0912/9351/6071/files/20221206_i1670300592_5882_1_jpg_1d287296-4b92-4322-9aae-2c9fe12127f8.jpg?v=1759133132|https://cdn.shopify.com/s/files/1/0912/9351/6071/files/20221206_i1670300592_8326_5_jpg_8ae0cbdf-7ee1-4095-9bb4-dd639905349d.jpg?v=1759133132|https://cdn.shopify.com/s/files/1/0912/9351/6071/files/20221206_i1670300592_8548_3_jpg_7950162b-d827-46de-b685-5a011f378149.jpg?v=1759133132|https://cdn.shopify.com/s/files/1/0912/9351/6071/files/20221206_i1670300592_9745_2_jpg_229c600e-5e77-40ca-8239-ae8be97fda08.jpg?v=1759133132,Hi I want YSL Solferino Small Satchel Bag Burgundy Gold Calfskin 339457,New
YSL Solferino Small Satchel Bag White Gold Calfskin 339446,https://cdn.shopify.com/s/files/1/0912/9351/6071/files/20221206_i1670300498_1104_0_jpg_20983a05-1b2d-4c47-ba8b-fbd18ebf51d0.jpg?v=1759133120,handbags,ysl,https://cdn.shopify.com/s/files/1/0912/9351/6071/files/20221206_i1670300498_1104_0_jpg_20983a05-1b2d-4c47-ba8b-fbd18ebf51d0.jpg?v=1759133120|https://cdn.shopify.com/s/files/1/0912/9351/6071/files/20221206_i1670300498_1801_2_jpg_6903a865-f79e-45d5-b260-32cdadc035e6.jpg?v=1759133120|https://cdn.shopify.com/s/files/1/0912/9351/6071/files/20221206_i1670300498_2538_8_jpg_18eea726-1388-4ef6-9e26-d244d47fe992.jpg?v=1759133120|https://cdn.shopify.com/s/files/1/0912/9351/6071/files/20221206_i1670300498_4502_3_jpg_f5b39af0-d21f-4148-8270-0d83bc8e11dd.jpg?v=1759133120|https://cdn.shopify.com/s/files/1/0912/9351/6071/files/20221206_i1670300498_4689_5_jpg_40817502-5cb9-4aa1-8441-979814970879.jpg?v=1759133121|https://cdn.shopify.com/s/files/1/0912/9351/6071/files/20221206_i1670300498_4964_6_jpg_49ac21aa-0dfb-4e18-8eb7-4f15a3232e58.jpg?v=1759133121|https://cdn.shopify.com/s/files/1/0912/9351/6071/files/20221206_i1670300498_6977_4_jpg_17fff26f-4fcb-42a7-a9ae-51b0e9ca7b7a.jpg?v=1759133121|https://cdn.shopify.com/s/files/1/0912/9351/6071/files/20221206_i1670300498_9483_7_jpg_aeb3e198-8ecd-43ed-af8b-c98c317d51ab.jpg?v=1759133121,Hi I want YSL Solferino Small Satchel Bag White Gold Calfskin 339446,New
YSL Solferino Small Satchel Bag Brown Gold Calfskin 339437,https://cdn.shopify.com/s/files/1/0912/9351/6071/files/20230103_i1672718442_286_0_jpg.jpg?v=1776854089,handbags,ysl,https://cdn.shopify.com/s/files/1/0912/9351/6071/files/20230103_i1672718442_286_0_jpg.jpg?v=1776854089|https://cdn.shopify.com/s/files/1/0912/9351/6071/files/20230103_i1672718442_1054_3_jpg.jpg?v=1776854089|https://cdn.shopify.com/s/files/1/0912/9351/6071/files/20230103_i1672718442_1155_7_jpg.jpg?v=1776854089|https://cdn.shopify.com/s/files/1/0912/9351/6071/files/20230103_i1672718442_3066_4_jpg.jpg?v=1776854089|https://cdn.shopify.com/s/files/1/0912/9351/6071/files/20230103_i1672718442_3760_8_jpg.jpg?v=1776854089|https://cdn.shopify.com/s/files/1/0912/9351/6071/files/20230103_i1672718442_4243_6_jpg.jpg?v=1776854089|https://cdn.shopify.com/s/files/1/0912/9351/6071/files/20230103_i1672718442_6067_1_jpg.jpg?v=1776854089|https://cdn.shopify.com/s/files/1/0912/9351/6071/files/20230103_i1672718442_7935_5_jpg.jpg?v=1776854089|https://cdn.shopify.com/s/files/1/0912/9351/6071/files/20230103_i1672718442_9375_2_jpg.jpg?v=1776854089,Hi I want YSL Solferino Small Satchel Bag Brown Gold Calfskin 339437,New
YSL Solferino Small Satchel Bag Black Gold Patent Leather 339430,https://cdn.shopify.com/s/files/1/0912/9351/6071/files/20230103_i1672719739_8331_0_jpg_4988e2bf-7b37-4b1b-9371-8fa5e716a449.jpg?v=1759133092,handbags,ysl,https://cdn.shopify.com/s/files/1/0912/9351/6071/files/20230103_i1672719739_8331_0_jpg_4988e2bf-7b37-4b1b-9371-8fa5e716a449.jpg?v=1759133092|https://cdn.shopify.com/s/files/1/0912/9351/6071/files/20230103_i1672719739_830_2_jpg_7252737a-72f4-47e8-8d78-4ef19ef4710c.jpg?v=1759133092|https://cdn.shopify.com/s/files/1/0912/9351/6071/files/20230103_i1672719739_932_8_jpg_029aaed7-479c-415a-bd6e-a551ec9c6a79.jpg?v=1759133092|https://cdn.shopify.com/s/files/1/0912/9351/6071/files/20230103_i1672719739_1596_1_jpg_c2a66f76-d38e-4cbb-a319-cd4268997789.jpg?v=1759133093|https://cdn.shopify.com/s/files/1/0912/9351/6071/files/20230103_i1672719739_2129_7_jpg_a90196b2-e574-4e24-9e68-ddd5c47b7c49.jpg?v=1759133093|https://cdn.shopify.com/s/files/1/0912/9351/6071/files/20230103_i1672719739_4240_3_jpg_1e6f9ce2-65ca-4245-a4f6-d200f9174e92.jpg?v=1759133093|https://cdn.shopify.com/s/files/1/0912/9351/6071/files/20230103_i1672719739_7930_5_jpg_edaed2b6-79a2-4245-9962-7ae9277e4bee.jpg?v=1759133093|https://cdn.shopify.com/s/files/1/0912/9351/6071/files/20230103_i1672719739_9948_4_jpg_cf37e543-801d-4486-ab5e-b0749672217a.jpg?v=1759133093|https://cdn.shopify.com/s/files/1/0912/9351/6071/files/20230103_i1672720236_1592_0_jpg_f44bf80a-c1b2-4997-80b7-a2b2937d7b71.jpg?v=1759133093,Hi I want YSL Solferino Small Satchel Bag Black Gold Patent Leather 339430,New
YSL Solferino Small Satchel Bag Beige Gold Calfskin 339420,https://cdn.shopify.com/s/files/1/0912/9351/6071/files/20230313_i1678680273_3345_0_jpg_8366a887-c8ca-4aaa-a421-8da6124ea813.jpg?v=1759133081,handbags,ysl,https://cdn.shopify.com/s/files/1/0912/9351/6071/files/20230313_i1678680273_3345_0_jpg_8366a887-c8ca-4aaa-a421-8da6124ea813.jpg?v=1759133081|https://cdn.shopify.com/s/files/1/0912/9351/6071/files/20230313_i1678680273_5899_8_jpg_90878a7c-b1cc-43d8-8439-37d9f4de2958.jpg?v=1759133081|https://cdn.shopify.com/s/files/1/0912/9351/6071/files/20230313_i1678680273_6653_2_jpg_b7c8cab9-5de9-4604-90d0-319363246298.jpg?v=1759133081|https://cdn.shopify.com/s/files/1/0912/9351/6071/files/20230313_i1678680273_179_7_jpg_3f6286f2-38d1-43a3-820d-fc8c3be09306.jpg?v=1759133081|https://cdn.shopify.com/s/files/1/0912/9351/6071/files/20230313_i1678680273_2937_6_jpg_b293a5c9-08a9-447f-b11e-ca76d5912610.jpg?v=1759133081|https://cdn.shopify.com/s/files/1/0912/9351/6071/files/20230313_i1678680273_2952_5_jpg_075f7bff-54ee-4039-8e19-2f7f5efeea95.jpg?v=1759133081|https://cdn.shopify.com/s/files/1/0912/9351/6071/files/20230313_i1678680273_4359_1_jpg_0e6f37c9-9ca8-4364-9876-4d2372b0e700.jpg?v=1759133082|https://cdn.shopify.com/s/files/1/0912/9351/6071/files/20230313_i1678680273_6145_4_jpg_be9fba27-a10d-45f0-a4e9-3d635041b876.jpg?v=1759133082|https://cdn.shopify.com/s/files/1/0912/9351/6071/files/20230313_i1678680273_9538_3_jpg_a119d0ec-7a8c-456a-97e9-923c2216dccb.jpg?v=1759133082,Hi I want YSL Solferino Small Satchel Bag Beige Gold Calfskin 339420,New
YSL Solferino Small Satchel Bag Black White Gold Calfskin 339413,https://cdn.shopify.com/s/files/1/0912/9351/6071/files/20221206_i1670300945_5736_0_jpg_2bb260b9-a601-47e2-9d9d-80126f06840d.jpg?v=1759133071,handbags,ysl,https://cdn.shopify.com/s/files/1/0912/9351/6071/files/20221206_i1670300945_5736_0_jpg_2bb260b9-a601-47e2-9d9d-80126f06840d.jpg?v=1759133071|https://cdn.shopify.com/s/files/1/0912/9351/6071/files/20221206_i1670300945_1716_8_jpg_b34584d1-4182-47cd-9d4e-92d6b1e0e5d3.jpg?v=1759133071|https://cdn.shopify.com/s/files/1/0912/9351/6071/files/20221206_i1670300945_1806_3_jpg_fa2003a9-65fb-41f5-9e55-2fd8c46918da.jpg?v=1759133071|https://cdn.shopify.com/s/files/1/0912/9351/6071/files/20221206_i1670300945_1970_7_jpg_b8557181-beda-41c9-b057-c7b1828e8a07.jpg?v=1759133071|https://cdn.shopify.com/s/files/1/0912/9351/6071/files/20221206_i1670300945_3201_4_jpg_c288fe59-a074-4d06-b42d-16a7d2763f37.jpg?v=1759133071|https://cdn.shopify.com/s/files/1/0912/9351/6071/files/20221206_i1670300945_5634_1_jpg_4f1478ce-5b5b-4993-8845-c3d7eb41fb94.jpg?v=1759133071|https://cdn.shopify.com/s/files/1/0912/9351/6071/files/20221206_i1670300945_6666_5_jpg_ef9df56d-c52b-424f-8a12-f22305b6d669.jpg?v=1759133071|https://cdn.shopify.com/s/files/1/0912/9351/6071/files/20221206_i1670300945_9825_2_jpg_ae20b5b2-af0b-4318-b829-9846ac26200e.jpg?v=1759133071|https://cdn.shopify.com/s/files/1/0912/9351/6071/files/20221206_i1670300945_9866_6_jpg_68d27bed-49f8-4d0d-a88c-1d55dea95e81.jpg?v=1759133071,Hi I want YSL Solferino Small Satchel Bag Black White Gold Calfskin 339413,New
YSL Niki Baby Bag Light Beige Calfskin 338902,https://cdn.shopify.com/s/files/1/0912/9351/6071/files/imgHD_8eee9a63_20250527_i1748361309853_973_0_0_jpg_43baf183-3839-46fe-bab3-f87eaacbd286.jpg?v=1759133033,handbags,ysl,https://cdn.shopify.com/s/files/1/0912/9351/6071/files/imgHD_8eee9a63_20250527_i1748361309853_973_0_0_jpg_43baf183-3839-46fe-bab3-f87eaacbd286.jpg?v=1759133033|https://cdn.shopify.com/s/files/1/0912/9351/6071/files/imgHD_8eee9a63_20250527_i1748361334610_6789_0_7_jpg_05ba711c-2aff-41d4-ad7c-269f8e697e2f.jpg?v=1759133033|https://cdn.shopify.com/s/files/1/0912/9351/6071/files/imgHD_8eee9a63_20250527_i1748361309852_2708_0_5_jpg_a2a3cbee-1cfb-48a8-9f55-d38518b95952.jpg?v=1759133033|https://cdn.shopify.com/s/files/1/0912/9351/6071/files/imgHD_8eee9a63_20250527_i1748361309854_4871_0_2_jpg_cad3ce9d-f839-4ac2-bf1a-5c87a8b4941f.jpg?v=1759133033|https://cdn.shopify.com/s/files/1/0912/9351/6071/files/imgHD_8eee9a63_20250527_i1748361334542_2344_0_3_jpg_9c9e77dd-7fc9-44a8-86ae-549f664dd3d3.jpg?v=1759133033|https://cdn.shopify.com/s/files/1/0912/9351/6071/files/imgHD_8eee9a63_20250527_i1748361309853_5548_0_8_jpg_faaf982e-0f8a-45ab-b5d2-11296f560300.jpg?v=1759133033|https://cdn.shopify.com/s/files/1/0912/9351/6071/files/imgHD_8eee9a63_20250527_i1748361320869_530_0_4_jpg_19b4df2f-5740-41ad-97a8-e9e2f204e62d.jpg?v=1759133033|https://cdn.shopify.com/s/files/1/0912/9351/6071/files/imgHD_8eee9a63_20250527_i1748361334539_813_0_6_jpg_45ae2137-8de5-4fe0-88f8-8507e2326b8d.jpg?v=1759133033|https://cdn.shopify.com/s/files/1/0912/9351/6071/files/imgHD_8eee9a63_20250527_i1748361309852_9920_0_1_jpg_b77dc946-0050-4909-9de8-67309036ee35.jpg?v=1759133033,Hi I want YSL Niki Baby Bag Light Beige Calfskin 338902,New
YSL Niki Baby Bag Dark Gray Calfskin 338892,https://cdn.shopify.com/s/files/1/0912/9351/6071/files/imgHD_8eee9a63_20250527_i1748360980607_4324_0_0_jpg_af8f236d-8487-4d30-a359-5207ed45fba4.jpg?v=1759133020,handbags,ysl,https://cdn.shopify.com/s/files/1/0912/9351/6071/files/imgHD_8eee9a63_20250527_i1748360980607_4324_0_0_jpg_af8f236d-8487-4d30-a359-5207ed45fba4.jpg?v=1759133020|https://cdn.shopify.com/s/files/1/0912/9351/6071/files/imgHD_8eee9a63_20250527_i1748360983374_3916_0_5_jpg_45df0dbf-dda3-4727-9833-829605eb6e3e.jpg?v=1759133020|https://cdn.shopify.com/s/files/1/0912/9351/6071/files/imgHD_8eee9a63_20250527_i1748360980657_856_0_7_jpg_4ae462e2-7515-4fcb-ac25-85344c1e2bed.jpg?v=1759133020|https://cdn.shopify.com/s/files/1/0912/9351/6071/files/imgHD_8eee9a63_20250527_i1748360980606_1135_0_8_jpg_fcf64839-901a-4980-b141-edc93ed96367.jpg?v=1759133021|https://cdn.shopify.com/s/files/1/0912/9351/6071/files/imgHD_8eee9a63_20250527_i1748360980604_2168_0_6_jpg_eb1e5d66-84c8-45af-8d89-a3a50e703b85.jpg?v=1759133021|https://cdn.shopify.com/s/files/1/0912/9351/6071/files/imgHD_8eee9a63_20250527_i1748360980605_2963_0_1_jpg_57c39d89-89c2-495c-a5ab-46aeafdac4cb.jpg?v=1759133021|https://cdn.shopify.com/s/files/1/0912/9351/6071/files/imgHD_8eee9a63_20250527_i1748360983382_6527_0_3_jpg_9155fd87-cb09-41d6-b341-8577e3c11811.jpg?v=1759133021|https://cdn.shopify.com/s/files/1/0912/9351/6071/files/imgHD_8eee9a63_20250527_i1748360983382_9339_0_2_jpg_580e99d5-1434-45a0-b5cc-f9803dcdba5e.jpg?v=1759133021|https://cdn.shopify.com/s/files/1/0912/9351/6071/files/imgHD_8eee9a63_20250527_i1748360983384_734_0_4_jpg_f02d6f40-20cc-4d4d-a0b3-58ba6a79672e.jpg?v=1759133021,Hi I want YSL Niki Baby Bag Dark Gray Calfskin 338892,New
YSL Niki Baby Bag Gray Calfskin 338884,https://cdn.shopify.com/s/files/1/0912/9351/6071/files/imgHD_8eee9a63_20250527_i1748360733041_8853_0_0_jpg_f9371667-7845-4f82-ab16-b6ec412f8f7f.jpg?v=1759133008,handbags,ysl,https://cdn.shopify.com/s/files/1/0912/9351/6071/files/imgHD_8eee9a63_20250527_i1748360733041_8853_0_0_jpg_f9371667-7845-4f82-ab16-b6ec412f8f7f.jpg?v=1759133008|https://cdn.shopify.com/s/files/1/0912/9351/6071/files/imgHD_8eee9a63_20250527_i1748360733128_1899_0_7_jpg_7c5752a4-bd79-49ef-b282-76b3f052ca7d.jpg?v=1759133009|https://cdn.shopify.com/s/files/1/0912/9351/6071/files/imgHD_8eee9a63_20250527_i1748360733040_576_0_3_jpg_137b7fc6-0b54-49c5-bc02-d3169809e2c0.jpg?v=1759133009|https://cdn.shopify.com/s/files/1/0912/9351/6071/files/imgHD_8eee9a63_20250527_i1748360733040_7040_0_4_jpg_12837352-c682-40c9-9dbe-cad6ef17eb7a.jpg?v=1759133009|https://cdn.shopify.com/s/files/1/0912/9351/6071/files/imgHD_8eee9a63_20250527_i1748360735824_3695_0_8_jpg_79b34c20-1a96-46c3-a7fb-2aaa5dd6c0b6.jpg?v=1759133009|https://cdn.shopify.com/s/files/1/0912/9351/6071/files/imgHD_8eee9a63_20250527_i1748360733041_9083_0_2_jpg_ae81ce70-bbf0-40c6-9d0a-5284b5c6baa5.jpg?v=1759133009|https://cdn.shopify.com/s/files/1/0912/9351/6071/files/imgHD_8eee9a63_20250527_i1748360735821_2900_0_5_jpg_4805821c-723e-49d7-b7c9-b0a36ddd7caa.jpg?v=1759133009|https://cdn.shopify.com/s/files/1/0912/9351/6071/files/imgHD_8eee9a63_20250527_i1748360735822_974_0_1_jpg_5815f00a-90cd-447b-8bb7-d391211935f9.jpg?v=1759133009|https://cdn.shopify.com/s/files/1/0912/9351/6071/files/imgHD_8eee9a63_20250527_i1748360735823_5967_0_6_jpg_a55bd39e-994a-4731-818b-766e4c40e47b.jpg?v=1759133009,Hi I want YSL Niki Baby Bag Gray Calfskin 338884,New
YSL Niki Baby Bag Beige Calfskin 338878,https://cdn.shopify.com/s/files/1/0912/9351/6071/files/imgHD_8eee9a63_20250527_i1748357638498_2346_0_0_jpg_ef01b32a-c10e-4ff2-a726-afc7e2e07dfc.jpg?v=1759132995,handbags,ysl,https://cdn.shopify.com/s/files/1/0912/9351/6071/files/imgHD_8eee9a63_20250527_i1748357638498_2346_0_0_jpg_ef01b32a-c10e-4ff2-a726-afc7e2e07dfc.jpg?v=1759132995|https://cdn.shopify.com/s/files/1/0912/9351/6071/files/imgHD_8eee9a63_20250527_i1748357639794_7202_0_6_jpg_2fda1ed7-1d00-4ec8-8932-f5e13a282604.jpg?v=1759132995|https://cdn.shopify.com/s/files/1/0912/9351/6071/files/imgHD_8eee9a63_20250527_i1748357639799_9264_0_3_jpg_448c953e-0af8-4750-a08a-3eed20e31f61.jpg?v=1759132995|https://cdn.shopify.com/s/files/1/0912/9351/6071/files/imgHD_8eee9a63_20250527_i1748357921108_3337_0_7_jpg_2a741e18-0d13-4561-afa2-1415aba7ffb6.jpg?v=1759132995|https://cdn.shopify.com/s/files/1/0912/9351/6071/files/imgHD_8eee9a63_20250527_i1748357638490_6290_0_5_jpg_98372a04-c372-428c-bc8e-129e4cc62555.jpg?v=1759132996|https://cdn.shopify.com/s/files/1/0912/9351/6071/files/imgHD_8eee9a63_20250527_i1748357638490_6359_0_4_jpg_f5176fe8-b4ce-4a09-9704-5e23a78f8352.jpg?v=1759132996|https://cdn.shopify.com/s/files/1/0912/9351/6071/files/imgHD_8eee9a63_20250527_i1748357638491_1035_0_8_jpg_99d1b240-ee63-48ed-870d-cd86bc4ee342.jpg?v=1759132996|https://cdn.shopify.com/s/files/1/0912/9351/6071/files/imgHD_8eee9a63_20250527_i1748357639791_6134_0_1_jpg_bf89d4a2-021f-4ea6-b77e-1105433da576.jpg?v=1759132996|https://cdn.shopify.com/s/files/1/0912/9351/6071/files/imgHD_8eee9a63_20250527_i1748357639801_9567_0_2_jpg_ef71cafa-bf52-483a-ac41-6aa1bfb9cab4.jpg?v=1759132996,Hi I want YSL Niki Baby Bag Beige Calfskin 338878,New
YSL Loulou Puffer Quilted Bag White Silver Lambskin 338859,https://cdn.shopify.com/s/files/1/0912/9351/6071/files/imgHD_8eee9a63_20250628_i1751097024279_1232_0_0_jpg_d91a27c1-d06b-4aca-904d-bcadcb1feec9.jpg?v=1759132974,handbags,ysl,https://cdn.shopify.com/s/files/1/0912/9351/6071/files/imgHD_8eee9a63_20250628_i1751097024279_1232_0_0_jpg_d91a27c1-d06b-4aca-904d-bcadcb1feec9.jpg?v=1759132974|https://cdn.shopify.com/s/files/1/0912/9351/6071/files/imgHD_8eee9a63_20250628_i1751097021609_601_0_7_jpg_1d8e9e2c-f9d3-4b3f-b1be-511d016989ed.jpg?v=1759132974|https://cdn.shopify.com/s/files/1/0912/9351/6071/files/imgHD_8eee9a63_20250628_i1751097021613_4884_0_2_jpg_b10ba51a-0cbb-457c-8a61-42d9d84ea6a8.jpg?v=1759132974|https://cdn.shopify.com/s/files/1/0912/9351/6071/files/imgHD_8eee9a63_20250628_i1751097021614_2179_0_6_jpg_520843f7-bf98-48f1-8427-416673abf3c5.jpg?v=1759132974|https://cdn.shopify.com/s/files/1/0912/9351/6071/files/imgHD_8eee9a63_20250628_i1751097021616_7069_0_8_jpg_7780d4f1-a1d9-4e83-bf36-13f4947f7010.jpg?v=1759132974|https://cdn.shopify.com/s/files/1/0912/9351/6071/files/imgHD_8eee9a63_20250628_i1751097021622_6587_0_4_jpg_08ce5a7b-7d4e-4903-8e74-83438282bc31.jpg?v=1759132974|https://cdn.shopify.com/s/files/1/0912/9351/6071/files/imgHD_8eee9a63_20250628_i1751097024273_7218_0_3_jpg_4ff98f14-48dc-4293-96b9-0e4e43591ff8.jpg?v=1759132974|https://cdn.shopify.com/s/files/1/0912/9351/6071/files/imgHD_8eee9a63_20250628_i1751097024282_3637_0_1_jpg_08f269bc-6ba4-40d3-bd16-a8d6b64aed29.jpg?v=1759132974|https://cdn.shopify.com/s/files/1/0912/9351/6071/files/imgHD_8eee9a63_20250628_i1751097024286_4202_0_5_jpg_a3965907-751e-4976-9b64-f439e4faf02e.jpg?v=1759132975,Hi I want YSL Loulou Puffer Quilted Bag White Silver Lambskin 338859,New
YSL Loulou Puffer Quilted Bag White Gold Lambskin 338844,https://cdn.shopify.com/s/files/1/0912/9351/6071/files/imgHD_8eee9a63_20250628_i1751096667663_8956_0_0_jpg_e828fac9-00cb-4d91-981d-3e43ce308a1c.jpg?v=1759132964,handbags,ysl,https://cdn.shopify.com/s/files/1/0912/9351/6071/files/imgHD_8eee9a63_20250628_i1751096667663_8956_0_0_jpg_e828fac9-00cb-4d91-981d-3e43ce308a1c.jpg?v=1759132964|https://cdn.shopify.com/s/files/1/0912/9351/6071/files/imgHD_8eee9a63_20250628_i1751096667662_8257_0_6_jpg_c3fd14ef-36b7-4672-92a9-a955f6034e64.jpg?v=1759132964|https://cdn.shopify.com/s/files/1/0912/9351/6071/files/imgHD_8eee9a63_20250628_i1751096667664_2563_0_7_jpg_30a726a0-2333-48a3-a733-57d31674a4c6.jpg?v=1759132964|https://cdn.shopify.com/s/files/1/0912/9351/6071/files/imgHD_8eee9a63_20250628_i1751096667665_7845_0_5_jpg_a3b0cd58-4882-4bbb-b77c-b64e93710161.jpg?v=1759132964|https://cdn.shopify.com/s/files/1/0912/9351/6071/files/imgHD_8eee9a63_20250628_i1751096669921_3337_0_3_jpg_043ac567-43f7-442c-a8d2-ad3d16448d8a.jpg?v=1759132964|https://cdn.shopify.com/s/files/1/0912/9351/6071/files/imgHD_8eee9a63_20250628_i1751096669928_9586_0_2_jpg_ad29d2bc-8868-4ffd-9d01-522f05203d26.jpg?v=1759132964|https://cdn.shopify.com/s/files/1/0912/9351/6071/files/imgHD_8eee9a63_20250628_i1751096669935_9657_0_8_jpg_bf572bb8-b6f1-4b6c-90ec-8eac5dc6f726.jpg?v=1759132964|https://cdn.shopify.com/s/files/1/0912/9351/6071/files/imgHD_8eee9a63_20250628_i1751096667664_434_0_4_jpg_318c31e6-a07a-409d-ab24-8f2273797958.jpg?v=1759132964|https://cdn.shopify.com/s/files/1/0912/9351/6071/files/imgHD_8eee9a63_20250628_i1751096669928_5804_0_1_jpg_4f25a5fc-6b89-45d4-9690-a6d7788d37b7.jpg?v=1759132964,Hi I want YSL Loulou Puffer Quilted Bag White Gold Lambskin 338844,New
YSL Loulou Puffer Quilted Bag Black Silver Lambskin 338827,https://cdn.shopify.com/s/files/1/0912/9351/6071/files/imgHD_8eee9a63_20250628_i1751095391055_290_0_0_jpg_daba536b-8275-4b40-b751-38128f19e984.jpg?v=1759132953,handbags,ysl,https://cdn.shopify.com/s/files/1/0912/9351/6071/files/imgHD_8eee9a63_20250628_i1751095391055_290_0_0_jpg_daba536b-8275-4b40-b751-38128f19e984.jpg?v=1759132953|https://cdn.shopify.com/s/files/1/0912/9351/6071/files/imgHD_8eee9a63_20250628_i1751095391050_4072_0_8_jpg_10c916a2-80f1-4de1-ba4c-5a877ace6036.jpg?v=1759132953|https://cdn.shopify.com/s/files/1/0912/9351/6071/files/imgHD_8eee9a63_20250628_i1751095391045_7506_0_4_jpg_75c185fd-c87b-4a4c-9cfd-bba75c7d6144.jpg?v=1759132953|https://cdn.shopify.com/s/files/1/0912/9351/6071/files/imgHD_8eee9a63_20250628_i1751095391052_779_0_3_jpg_c135e2ee-5169-47b6-a175-3e6e793168e5.jpg?v=1759132953|https://cdn.shopify.com/s/files/1/0912/9351/6071/files/imgHD_8eee9a63_20250628_i1751095391054_3890_0_5_jpg_c5de407d-08f1-4e2f-925b-ebd358d0f27f.jpg?v=1759132953|https://cdn.shopify.com/s/files/1/0912/9351/6071/files/imgHD_8eee9a63_20250628_i1751095395286_9095_0_2_jpg_411c1c9b-a0e5-4a61-b56e-fcf0b3dee718.jpg?v=1759132953|https://cdn.shopify.com/s/files/1/0912/9351/6071/files/imgHD_8eee9a63_20250628_i1751095395289_1924_0_6_jpg_307e5961-f2fa-4bf9-be9d-00bf5a32dd84.jpg?v=1759132953|https://cdn.shopify.com/s/files/1/0912/9351/6071/files/imgHD_8eee9a63_20250628_i1751095395297_9775_0_7_jpg_94cbb549-9df3-4377-8622-6c8009154026.jpg?v=1759132953,Hi I want YSL Loulou Puffer Quilted Bag Black Silver Lambskin 338827,New
YSL Tri-fold Wallet Black Silver Cowhide 242758,https://cdn.shopify.com/s/files/1/0912/9351/6071/files/img_80e46a01_20241207_i1733564535_8236_7_jpg_bb11e929-0856-41c3-9282-d99a8dc96819.jpg?v=1759132895,handbags,ysl,https://cdn.shopify.com/s/files/1/0912/9351/6071/files/img_80e46a01_20241207_i1733564535_8236_7_jpg_bb11e929-0856-41c3-9282-d99a8dc96819.jpg?v=1759132895|https://cdn.shopify.com/s/files/1/0912/9351/6071/files/img_80e46a01_20241207_i1733564535_968_1_jpg_ad9e82be-d456-4cb8-8098-1f4a3f6f305b.jpg?v=1759132895|https://cdn.shopify.com/s/files/1/0912/9351/6071/files/img_80e46a01_20241207_i1733564535_1703_6_jpg_6fb1daa0-eca1-45f8-9362-a2153d650b3e.jpg?v=1759132895|https://cdn.shopify.com/s/files/1/0912/9351/6071/files/img_80e46a01_20241207_i1733564535_1871_0_jpg_24629bf4-008c-456c-9cae-eb0881c44bb1.jpg?v=1759132895|https://cdn.shopify.com/s/files/1/0912/9351/6071/files/img_80e46a01_20241207_i1733564535_6028_3_jpg_907a52bd-a29e-40a3-abab-bf2db67e53cb.jpg?v=1759132895|https://cdn.shopify.com/s/files/1/0912/9351/6071/files/img_80e46a01_20241207_i1733564535_6377_5_jpg_e0acb0c2-14dd-4f4e-9f1b-a41814b77753.jpg?v=1759132895|https://cdn.shopify.com/s/files/1/0912/9351/6071/files/img_80e46a01_20241207_i1733564535_7326_4_jpg_b37d6a9d-8490-457f-99d9-39286b63c593.jpg?v=1759132895|https://cdn.shopify.com/s/files/1/0912/9351/6071/files/img_80e46a01_20241207_i1733564535_8171_8_jpg_8d142063-693a-4e68-940c-090a708df12d.jpg?v=1759132896|https://cdn.shopify.com/s/files/1/0912/9351/6071/files/img_80e46a01_20241207_i1733564535_9830_2_jpg_201a5f8c-1501-4323-b4c7-f7b20a004079.jpg?v=1759132896,Hi I want YSL Tri-fold Wallet Black Silver Cowhide 242758,New
YSL Tri-fold Wallet Black Gold Cowhide 242754,https://cdn.shopify.com/s/files/1/0912/9351/6071/files/img_80e46a01_20241205_i1733380414_5087_1_jpg_8c96c02f-33a4-4aaa-85e9-d5274c3ae1bb.jpg?v=1759132873,handbags,ysl,https://cdn.shopify.com/s/files/1/0912/9351/6071/files/img_80e46a01_20241205_i1733380414_5087_1_jpg_8c96c02f-33a4-4aaa-85e9-d5274c3ae1bb.jpg?v=1759132873|https://cdn.shopify.com/s/files/1/0912/9351/6071/files/img_80e46a01_20241205_i1733380414_2195_0_jpg_818941c6-0a03-4b64-9d20-f1639082de48.jpg?v=1759132873|https://cdn.shopify.com/s/files/1/0912/9351/6071/files/img_80e46a01_20241205_i1733380415_1039_7_jpg_27d2cf1a-5686-4b42-90fb-bc474ec4c762.jpg?v=1759132873|https://cdn.shopify.com/s/files/1/0912/9351/6071/files/img_80e46a01_20241205_i1733380415_2212_4_jpg_9dc7cc0d-89c2-4253-9a1d-ff8223b240df.jpg?v=1759132873|https://cdn.shopify.com/s/files/1/0912/9351/6071/files/img_80e46a01_20241205_i1733380415_2873_3_jpg_a1d4deba-a76b-4c85-9462-d0a0fe7e2da5.jpg?v=1759132873|https://cdn.shopify.com/s/files/1/0912/9351/6071/files/img_80e46a01_20241205_i1733380415_4575_5_jpg_80e4387b-ebfd-494f-b333-0fc8bc5b7e54.jpg?v=1759132873|https://cdn.shopify.com/s/files/1/0912/9351/6071/files/img_80e46a01_20241205_i1733380415_5316_6_jpg_56579bbf-f93c-4892-a825-6f87a53d94e7.jpg?v=1759132873|https://cdn.shopify.com/s/files/1/0912/9351/6071/files/img_80e46a01_20241205_i1733380415_8804_8_jpg_ca8165c8-ce01-4bbc-8586-7f706391a867.jpg?v=1759132873|https://cdn.shopify.com/s/files/1/0912/9351/6071/files/img_80e46a01_20241205_i1733380434_2987_0_jpg_e543f940-5974-470e-8f6e-44d0f9ef9fe5.jpg?v=1759132873,Hi I want YSL Tri-fold Wallet Black Gold Cowhide 242754,New
YSL Wallet Red Gold Cowhide 240592,https://cdn.shopify.com/s/files/1/0912/9351/6071/files/img_80e46a01_20241127_i1732678701_4634_7_jpg_0d08f2a3-6767-4644-b5cd-0c25712dbbad.jpg?v=1759132858,handbags,ysl,https://cdn.shopify.com/s/files/1/0912/9351/6071/files/img_80e46a01_20241127_i1732678701_4634_7_jpg_0d08f2a3-6767-4644-b5cd-0c25712dbbad.jpg?v=1759132858|https://cdn.shopify.com/s/files/1/0912/9351/6071/files/img_80e46a01_20241127_i1732678700_2149_1_jpg_30d08663-c9a5-4eab-a02c-0cd1b10a4469.jpg?v=1759132858|https://cdn.shopify.com/s/files/1/0912/9351/6071/files/img_80e46a01_20241127_i1732678700_4147_0_jpg_24fa6bc1-d108-42f3-83e1-c49d5a0696b4.jpg?v=1759132858|https://cdn.shopify.com/s/files/1/0912/9351/6071/files/img_80e46a01_20241127_i1732678701_1678_6_jpg_729cdf43-4e04-4911-98df-2cbbaa382132.jpg?v=1759132858|https://cdn.shopify.com/s/files/1/0912/9351/6071/files/img_80e46a01_20241127_i1732678701_4192_4_jpg_1fcd2fd7-a9fe-44d0-af28-556444148ef1.jpg?v=1759132858|https://cdn.shopify.com/s/files/1/0912/9351/6071/files/img_80e46a01_20241127_i1732678701_4216_8_jpg_f6d04848-5f52-4631-85fa-ad8b71f95837.jpg?v=1759132858|https://cdn.shopify.com/s/files/1/0912/9351/6071/files/img_80e46a01_20241127_i1732678701_4398_5_jpg_3d2100cd-4ad2-4f88-b927-353491e30b0c.jpg?v=1759132858|https://cdn.shopify.com/s/files/1/0912/9351/6071/files/img_80e46a01_20241127_i1732678701_7023_3_jpg_9251f388-4c06-47bf-9cdd-0839d441e1d7.jpg?v=1759132858|https://cdn.shopify.com/s/files/1/0912/9351/6071/files/img_80e46a01_20241127_i1732678701_7516_2_jpg_223468dc-f6d6-4cb8-ad49-5d4f4104d430.jpg?v=1759132858,Hi I want YSL Wallet Red Gold Cowhide 240592,New
YSL Wallet Light Beige Gold Cowhide 240590,https://cdn.shopify.com/s/files/1/0912/9351/6071/files/img_80e46a01_20241127_i1732678684_5741_1_jpg_8ce0472a-c8ba-4463-a8fd-f95c76a45f11.jpg?v=1759132847,handbags,ysl,https://cdn.shopify.com/s/files/1/0912/9351/6071/files/img_80e46a01_20241127_i1732678684_5741_1_jpg_8ce0472a-c8ba-4463-a8fd-f95c76a45f11.jpg?v=1759132847|https://cdn.shopify.com/s/files/1/0912/9351/6071/files/img_80e46a01_20241127_i1732678684_663_7_jpg_0318e9fc-ccde-4e8b-a1d4-7579f81999b7.jpg?v=1759132847|https://cdn.shopify.com/s/files/1/0912/9351/6071/files/img_80e46a01_20241127_i1732678684_1594_3_jpg_6e0fd23f-cd63-4de0-b9f6-cd78c9bbc4a6.jpg?v=1759132847|https://cdn.shopify.com/s/files/1/0912/9351/6071/files/img_80e46a01_20241127_i1732678684_6085_6_jpg_3d98c968-d020-4d42-9b22-90ab3467d17a.jpg?v=1759132847|https://cdn.shopify.com/s/files/1/0912/9351/6071/files/img_80e46a01_20241127_i1732678684_6597_5_jpg_02a66d53-b32b-47c7-a1b2-edc3ba80a290.jpg?v=1759132847|https://cdn.shopify.com/s/files/1/0912/9351/6071/files/img_80e46a01_20241127_i1732678684_7061_8_jpg_7312a2ed-193d-4a84-a28f-81af24ec3186.jpg?v=1759132847|https://cdn.shopify.com/s/files/1/0912/9351/6071/files/img_80e46a01_20241127_i1732678684_8325_2_jpg_a42ca814-f901-4dbc-b9bb-2ec26ba9fd2f.jpg?v=1759132847|https://cdn.shopify.com/s/files/1/0912/9351/6071/files/img_80e46a01_20241127_i1732678684_9422_4_jpg_896b275d-fc8d-4a39-9e40-d18d2dc88aee.jpg?v=1759132847|https://cdn.shopify.com/s/files/1/0912/9351/6071/files/img_80e46a01_20241127_i1732678684_9756_0_jpg_5df13b08-2f52-4a85-ac9d-edfe6eb3db5d.jpg?v=1759132847,Hi I want YSL Wallet Light Beige Gold Cowhide 240590,New
YSL Wallet Green Gold Cowhide 240588,https://cdn.shopify.com/s/files/1/0912/9351/6071/files/img_80e46a01_20241127_i1732678671_4463_2_jpg_db7248ba-b533-42ad-8e4a-2725af051d07.jpg?v=1759132836,handbags,ysl,https://cdn.shopify.com/s/files/1/0912/9351/6071/files/img_80e46a01_20241127_i1732678671_4463_2_jpg_db7248ba-b533-42ad-8e4a-2725af051d07.jpg?v=1759132836|https://cdn.shopify.com/s/files/1/0912/9351/6071/files/img_80e46a01_20241127_i1732678671_1714_4_jpg_7468abd0-b551-42ad-945a-0f399c144c5e.jpg?v=1759132836|https://cdn.shopify.com/s/files/1/0912/9351/6071/files/img_80e46a01_20241127_i1732678671_4832_8_jpg_96553d73-3cc2-4395-af29-73c8be79b1ba.jpg?v=1759132836|https://cdn.shopify.com/s/files/1/0912/9351/6071/files/img_80e46a01_20241127_i1732678671_4953_5_jpg_fb005f13-df5e-4b8c-8651-5b5e52861395.jpg?v=1759132836|https://cdn.shopify.com/s/files/1/0912/9351/6071/files/img_80e46a01_20241127_i1732678671_5797_3_jpg_0d021ea6-0aff-4bea-9ff4-873b8a9c560f.jpg?v=1759132836|https://cdn.shopify.com/s/files/1/0912/9351/6071/files/img_80e46a01_20241127_i1732678671_6428_0_jpg_0e0735bb-9026-4156-900e-95e48fcd5775.jpg?v=1759132836|https://cdn.shopify.com/s/files/1/0912/9351/6071/files/img_80e46a01_20241127_i1732678671_7150_6_jpg_dc7c7e68-fd9b-4455-8291-e3496a58bd55.jpg?v=1759132836|https://cdn.shopify.com/s/files/1/0912/9351/6071/files/img_80e46a01_20241127_i1732678671_8234_7_jpg_6d7518e6-a1f5-4d51-95f4-bcebd45b076a.jpg?v=1759132836|https://cdn.shopify.com/s/files/1/0912/9351/6071/files/img_80e46a01_20241127_i1732678671_9187_1_jpg_5f4efbf7-3adb-4538-a783-ab4e0245243f.jpg?v=1759132836,Hi I want YSL Wallet Green Gold Cowhide 240588,New
YSL Wallet Light Brown Gold Cowhide 240586,https://cdn.shopify.com/s/files/1/0912/9351/6071/files/img_80e46a01_20241127_i1732678658_5314_7_jpg_d21c8497-12da-4b70-9674-26b298aeab0b.jpg?v=1759132826,handbags,ysl,https://cdn.shopify.com/s/files/1/0912/9351/6071/files/img_80e46a01_20241127_i1732678658_5314_7_jpg_d21c8497-12da-4b70-9674-26b298aeab0b.jpg?v=1759132826|https://cdn.shopify.com/s/files/1/0912/9351/6071/files/img_80e46a01_20241127_i1732678658_2393_0_jpg_7fe15837-8904-4997-871b-a2d90020c335.jpg?v=1759132826|https://cdn.shopify.com/s/files/1/0912/9351/6071/files/img_80e46a01_20241127_i1732678658_2521_6_jpg_e312da66-f2f6-43ee-8744-057d6df2236e.jpg?v=1759132826|https://cdn.shopify.com/s/files/1/0912/9351/6071/files/img_80e46a01_20241127_i1732678658_4011_1_jpg_fefe1833-003a-4f4e-a27e-aeb05b37cdf6.jpg?v=1759132826|https://cdn.shopify.com/s/files/1/0912/9351/6071/files/img_80e46a01_20241127_i1732678658_7328_5_jpg_94d86114-ad72-4c8a-aefb-836cdae07577.jpg?v=1759132826|https://cdn.shopify.com/s/files/1/0912/9351/6071/files/img_80e46a01_20241127_i1732678658_7654_3_jpg_ac9e5b77-3a04-46e8-bc53-fbacc2b4f516.jpg?v=1759132826|https://cdn.shopify.com/s/files/1/0912/9351/6071/files/img_80e46a01_20241127_i1732678658_8205_8_jpg_6a3cd99b-4e36-4050-8863-0f431d7afde0.jpg?v=1759132826|https://cdn.shopify.com/s/files/1/0912/9351/6071/files/img_80e46a01_20241127_i1732678658_9299_4_jpg_8e9fcd6f-c53f-48c5-aa7b-b69974507e6e.jpg?v=1759132826|https://cdn.shopify.com/s/files/1/0912/9351/6071/files/img_80e46a01_20241127_i1732678658_9942_2_jpg_78ce4a0e-5939-4afb-8dc9-2dc6672c007a.jpg?v=1759132826,Hi I want YSL Wallet Light Brown Gold Cowhide 240586,New
YSL Wallet Pink Gold Cowhide 240584,https://cdn.shopify.com/s/files/1/0912/9351/6071/files/img_80e46a01_20241127_i1732678729_7238_2_jpg_2301cced-0c6f-4296-afe7-8f2dc8dcc356.jpg?v=1759132814,handbags,ysl,https://cdn.shopify.com/s/files/1/0912/9351/6071/files/img_80e46a01_20241127_i1732678729_7238_2_jpg_2301cced-0c6f-4296-afe7-8f2dc8dcc356.jpg?v=1759132814|https://cdn.shopify.com/s/files/1/0912/9351/6071/files/img_80e46a01_20241127_i1732678728_9466_0_jpg_2176ca11-6857-40bc-9763-4161b3c25e5f.jpg?v=1759132814|https://cdn.shopify.com/s/files/1/0912/9351/6071/files/img_80e46a01_20241127_i1732678729_268_4_jpg_7ba1993f-a8d6-4f33-a535-c127a06adbca.jpg?v=1759132815|https://cdn.shopify.com/s/files/1/0912/9351/6071/files/img_80e46a01_20241127_i1732678729_2502_8_jpg_73505c11-f985-4268-bc6d-b13e5523a692.jpg?v=1759132815|https://cdn.shopify.com/s/files/1/0912/9351/6071/files/img_80e46a01_20241127_i1732678729_6509_1_jpg_2812cdd3-7713-47b8-ae32-2706f60454e5.jpg?v=1759132815|https://cdn.shopify.com/s/files/1/0912/9351/6071/files/img_80e46a01_20241127_i1732678729_8519_3_jpg_a0787961-4069-4fab-ab42-0214f7577ae2.jpg?v=1759132815|https://cdn.shopify.com/s/files/1/0912/9351/6071/files/img_80e46a01_20241127_i1732678729_3592_6_jpg_661d52e5-9ca7-4a37-8036-180bc5d2e5e7.jpg?v=1759132815|https://cdn.shopify.com/s/files/1/0912/9351/6071/files/img_80e46a01_20241127_i1732678729_6002_5_jpg_250e4523-6d99-4a56-a37f-4c29db2f9b4c.jpg?v=1759132815|https://cdn.shopify.com/s/files/1/0912/9351/6071/files/img_80e46a01_20241127_i1732678729_9966_7_jpg_f4d7021c-c997-491a-87a8-334d350ea5bd.jpg?v=1759132815,Hi I want YSL Wallet Pink Gold Cowhide 240584,New
YSL Wallet Black Gold Cowhide 240572,https://cdn.shopify.com/s/files/1/0912/9351/6071/files/img_80e46a01_20241127_i1732678862_1355_3_jpg_5b344a51-ef7b-47a8-9d9e-d2b990f9cdb8.jpg?v=1759132774,handbags,ysl,https://cdn.shopify.com/s/files/1/0912/9351/6071/files/img_80e46a01_20241127_i1732678862_1355_3_jpg_5b344a51-ef7b-47a8-9d9e-d2b990f9cdb8.jpg?v=1759132774|https://cdn.shopify.com/s/files/1/0912/9351/6071/files/img_80e46a01_20241127_i1732678862_5082_4_jpg_03588907-4922-4a06-ae1f-f96d3a6e7579.jpg?v=1759132774|https://cdn.shopify.com/s/files/1/0912/9351/6071/files/img_80e46a01_20241127_i1732678862_788_2_jpg_6550d5b5-9a01-422c-908a-172021aa37a2.jpg?v=1759132774|https://cdn.shopify.com/s/files/1/0912/9351/6071/files/img_80e46a01_20241127_i1732678862_1581_6_jpg_8a602837-582c-48e4-9c22-30783c32ed6c.jpg?v=1759132774|https://cdn.shopify.com/s/files/1/0912/9351/6071/files/img_80e46a01_20241127_i1732678862_2804_5_jpg_abace8b5-3ace-45aa-a203-6cf43209d673.jpg?v=1759132774|https://cdn.shopify.com/s/files/1/0912/9351/6071/files/img_80e46a01_20241127_i1732678862_8679_1_jpg_5ae3d83d-1a0d-4fd6-83e7-ef980b166350.jpg?v=1759132774|https://cdn.shopify.com/s/files/1/0912/9351/6071/files/img_80e46a01_20241127_i1732678862_9133_7_jpg_62a87f5b-fe40-4408-aca4-47e675b70535.jpg?v=1759132774|https://cdn.shopify.com/s/files/1/0912/9351/6071/files/img_80e46a01_20241127_i1732678862_1075_8_jpg_e46427b0-b0f1-4ed8-9017-7eec879ec46c.jpg?v=1759132774|https://cdn.shopify.com/s/files/1/0912/9351/6071/files/img_80e46a01_20241127_i1732678862_7830_0_jpg_6d478ce0-3699-4474-87cd-10f74f04d0ee.jpg?v=1759132774,Hi I want YSL Wallet Black Gold Cowhide 240572,New
YSL Niki Bag 18cm Black Gold Sheepskin,https://cdn.shopify.com/s/files/1/0912/9351/6071/files/Image_2025-07-12_115132_383_71ecb89a-6d30-486a-a446-03fc688128f3.jpg?v=1759132660,handbags,ysl,https://cdn.shopify.com/s/files/1/0912/9351/6071/files/Image_2025-07-12_115132_383_71ecb89a-6d30-486a-a446-03fc688128f3.jpg?v=1759132660|https://cdn.shopify.com/s/files/1/0912/9351/6071/files/Image_2025-07-12_115154_487_a103d90a-0da9-48c1-bac5-754eb992ea2f.jpg?v=1759132660|https://cdn.shopify.com/s/files/1/0912/9351/6071/files/Image_2025-07-12_115152_151_1eb6fe7c-2b1b-44d6-a765-4a2d6c6b0159.jpg?v=1759132660|https://cdn.shopify.com/s/files/1/0912/9351/6071/files/Image_2025-07-12_115150_023_fe5f4c43-91f8-4f62-9443-b3b3c9928468.jpg?v=1759132660|https://cdn.shopify.com/s/files/1/0912/9351/6071/files/Image_2025-07-12_115147_599_fdbd7493-eb8d-4333-b1f1-1c1df9e7ae43.jpg?v=1759132660|https://cdn.shopify.com/s/files/1/0912/9351/6071/files/Image_2025-07-12_115145_702_e8edfc4a-5eba-49d6-ade9-64dd8da06790.jpg?v=1759132660|https://cdn.shopify.com/s/files/1/0912/9351/6071/files/Image_2025-07-12_115141_479_5231a522-4596-42a6-8ced-f9961d637cf6.jpg?v=1759132660|https://cdn.shopify.com/s/files/1/0912/9351/6071/files/Image_2025-07-12_115139_190_14c83e15-4f7e-4504-b47c-42d394256389.jpg?v=1759132660|https://cdn.shopify.com/s/files/1/0912/9351/6071/files/Image_2025-07-12_115137_064_dec2872b-571c-46b0-b038-7c77619455cc.jpg?v=1759132660,Hi I want YSL Niki Bag 18cm Black Gold Sheepskin,New
le 5a7 small 23cm white calfskin,https://cdn.shopify.com/s/files/1/0912/9351/6071/files/20240529_i1716967883_3771_0_jpg_a929cf11-fb19-4719-9e83-4ca3f374c6d2.jpg?v=1759128279,handbags,ysl,https://cdn.shopify.com/s/files/1/0912/9351/6071/files/20240529_i1716967883_3771_0_jpg_a929cf11-fb19-4719-9e83-4ca3f374c6d2.jpg?v=1759128279|https://cdn.shopify.com/s/files/1/0912/9351/6071/files/20240529_i1716967888_591_0_jpg_2eebab3d-3d25-41c6-8c19-7c404a1780f7.jpg?v=1759128279|https://cdn.shopify.com/s/files/1/0912/9351/6071/files/20240529_i1716967896_1979_5_jpg_48898286-cb77-4368-b2f4-cd4e6fdec528.jpg?v=1759128279|https://cdn.shopify.com/s/files/1/0912/9351/6071/files/20240529_i1716967896_2335_0_jpg_e0681cad-be5c-422f-b88d-c4541651cdac.jpg?v=1759128279|https://cdn.shopify.com/s/files/1/0912/9351/6071/files/20240529_i1716967896_241_1_jpg_4f5ab8d9-27c1-47dc-88d6-3679b8aad79b.jpg?v=1759128279|https://cdn.shopify.com/s/files/1/0912/9351/6071/files/20240529_i1716967896_2420_3_jpg_247fe42d-3db2-493b-8422-2b4f0995d850.jpg?v=1759128279|https://cdn.shopify.com/s/files/1/0912/9351/6071/files/20240529_i1716967896_2642_4_jpg_a165c878-3556-40e8-a90e-67a28dcce04b.jpg?v=1759128279|https://cdn.shopify.com/s/files/1/0912/9351/6071/files/20240529_i1716967896_2710_6_jpg_16aff889-22a8-406e-9eb5-bede9f3c08ca.jpg?v=1759128279|https://cdn.shopify.com/s/files/1/0912/9351/6071/files/20240529_i1716967896_6901_2_jpg_197092b2-0285-4b2b-9465-b011be1d433f.jpg?v=1759128279,Hi I want le 5a7 small 23cm white calfskin,
le 5a7 small 23cm dark beige calfskin,https://cdn.shopify.com/s/files/1/0912/9351/6071/files/20240423_i1713864217_6854_0_jpg_8d0af65c-c542-443c-80c6-f653f76e4b16.jpg?v=1759128290,handbags,ysl,https://cdn.shopify.com/s/files/1/0912/9351/6071/files/20240423_i1713864217_6854_0_jpg_8d0af65c-c542-443c-80c6-f653f76e4b16.jpg?v=1759128290|https://cdn.shopify.com/s/files/1/0912/9351/6071/files/20240423_i1713864231_1735_5_jpg_7678f7df-2c55-4400-b447-d9007091022f.jpg?v=1759128290|https://cdn.shopify.com/s/files/1/0912/9351/6071/files/20240423_i1713864231_2515_0_jpg_0e4f3b9c-1d6b-4906-9f2f-718fdcc50b21.jpg?v=1759128290|https://cdn.shopify.com/s/files/1/0912/9351/6071/files/20240423_i1713864231_3213_4_jpg_44033097-b655-4201-b5de-55916c29772c.jpg?v=1759128290|https://cdn.shopify.com/s/files/1/0912/9351/6071/files/20240423_i1713864231_6834_3_jpg_492d575c-581f-498a-9984-fca052d9e439.jpg?v=1759128290|https://cdn.shopify.com/s/files/1/0912/9351/6071/files/20240423_i1713864231_9140_1_jpg_78d47cd5-805f-4a94-b231-ff71a79e17de.jpg?v=1759128290|https://cdn.shopify.com/s/files/1/0912/9351/6071/files/20240423_i1713864231_9359_2_jpg_81daa6ba-cff9-452f-a843-cee10abfbd18.jpg?v=1759128290|https://cdn.shopify.com/s/files/1/0912/9351/6071/files/20240423_i1713864290_883_0_jpg_872d2186-3871-4421-8dc3-2572066c9e3b.jpg?v=1759128290|https://cdn.shopify.com/s/files/1/0912/9351/6071/files/20240423_i1713864205_2328_0_jpg_be5715c0-6e20-4df8-9a23-bc8e560da0e0.jpg?v=1759128290,Hi I want le 5a7 small 23cm dark beige calfskin,
le 5a7 small 23cm brown calfskin,https://cdn.shopify.com/s/files/1/0912/9351/6071/files/20240511_i1715414331_6169_0_jpg_0af03ee6-ad2c-4811-9ffe-f02e4fd1bd95.jpg?v=1759128300,handbags,ysl,https://cdn.shopify.com/s/files/1/0912/9351/6071/files/20240511_i1715414331_6169_0_jpg_0af03ee6-ad2c-4811-9ffe-f02e4fd1bd95.jpg?v=1759128300|https://cdn.shopify.com/s/files/1/0912/9351/6071/files/20240511_i1715414331_1469_1_jpg_6830973d-27f9-4de8-97b2-9ca62c996f03.jpg?v=1759128300|https://cdn.shopify.com/s/files/1/0912/9351/6071/files/20240511_i1715414331_2284_6_jpg_0ec1ab1f-24e6-450c-8d61-ff643b97247a.jpg?v=1759128300|https://cdn.shopify.com/s/files/1/0912/9351/6071/files/20240511_i1715414331_3425_3_jpg_4ff2e76c-3eb1-4f0e-bde6-ddee23ab1f2c.jpg?v=1759128300|https://cdn.shopify.com/s/files/1/0912/9351/6071/files/20240511_i1715414331_5790_4_jpg_20363fb7-33ec-4662-a71c-1ed4e431d4da.jpg?v=1759128300|https://cdn.shopify.com/s/files/1/0912/9351/6071/files/20240511_i1715414331_6184_8_jpg_44135a14-55d8-4dcb-872b-4bf1605be307.jpg?v=1759128300|https://cdn.shopify.com/s/files/1/0912/9351/6071/files/20240511_i1715414331_7558_5_jpg_b2d35928-2760-4b03-b9f2-dbcfc71cb1db.jpg?v=1759128300|https://cdn.shopify.com/s/files/1/0912/9351/6071/files/20240511_i1715414331_9057_2_jpg_dfca2e60-e33e-4b72-9f74-f9f42a2b263f.jpg?v=1759128300|https://cdn.shopify.com/s/files/1/0912/9351/6071/files/20240511_i1715414331_6241_7_jpg_0339af2a-5ef9-4ab9-9162-45ef1be326c7.jpg?v=1759128300,Hi I want le 5a7 small 23cm brown calfskin,
le 5a7 small 23cm black patent calfskin,https://cdn.shopify.com/s/files/1/0912/9351/6071/files/img_f8c0bdc9_20231212_i1702361864_8000_0_jpg_b7a04e82-6362-4b6c-b5cb-638356d2e1bd.jpg?v=1759128311,handbags,ysl,https://cdn.shopify.com/s/files/1/0912/9351/6071/files/img_f8c0bdc9_20231212_i1702361864_8000_0_jpg_b7a04e82-6362-4b6c-b5cb-638356d2e1bd.jpg?v=1759128311|https://cdn.shopify.com/s/files/1/0912/9351/6071/files/img_f8c0bdc9_20231212_i1702361864_127_7_jpg_b7d5c2fe-da23-42a5-bf44-2dc2ead5e9b6.jpg?v=1759128311|https://cdn.shopify.com/s/files/1/0912/9351/6071/files/img_f8c0bdc9_20231212_i1702361864_1481_3_jpg_c900b31a-6bb4-429c-891a-ede8443098b6.jpg?v=1759128311|https://cdn.shopify.com/s/files/1/0912/9351/6071/files/img_f8c0bdc9_20231212_i1702361864_2251_6_jpg_664e92a3-9ce3-456b-8927-a116dbd6fb85.jpg?v=1759128311|https://cdn.shopify.com/s/files/1/0912/9351/6071/files/img_f8c0bdc9_20231212_i1702361864_2664_2_jpg_23adbb24-e90b-47cb-92dc-0d13961448ca.jpg?v=1759128311|https://cdn.shopify.com/s/files/1/0912/9351/6071/files/img_f8c0bdc9_20231212_i1702361864_3544_1_jpg_022b79a7-90a5-4cf5-b79d-d1959308c762.jpg?v=1759128311|https://cdn.shopify.com/s/files/1/0912/9351/6071/files/img_f8c0bdc9_20231212_i1702361864_5304_5_jpg_8c9d6597-03cd-40e9-b59d-12db7347a408.jpg?v=1759128311|https://cdn.shopify.com/s/files/1/0912/9351/6071/files/img_f8c0bdc9_20231212_i1702361864_6940_4_jpg_95cbd106-d878-4e9e-8422-f82a932fe824.jpg?v=1759128311|https://cdn.shopify.com/s/files/1/0912/9351/6071/files/img_f8c0bdc9_20231212_i1702361864_7153_8_jpg_949f4473-d39e-4bab-9bd8-87a672e6db08.jpg?v=1759128311,Hi I want le 5a7 small 23cm black patent calfskin,
le 5a7 small 23 rock gray calfskin,https://cdn.shopify.com/s/files/1/0912/9351/6071/files/20221005_i1664957983_5491_0_jpg_d136146a-ffb6-4942-97ed-33e05e077f37.jpg?v=1759128337,handbags,ysl,https://cdn.shopify.com/s/files/1/0912/9351/6071/files/20221005_i1664957983_5491_0_jpg_d136146a-ffb6-4942-97ed-33e05e077f37.jpg?v=1759128337|https://cdn.shopify.com/s/files/1/0912/9351/6071/files/20221005_i1664957983_158_7_jpg_224c3965-5105-431d-9b47-a305c94e9492.jpg?v=1759128337|https://cdn.shopify.com/s/files/1/0912/9351/6071/files/20221005_i1664957983_2263_3_jpg_fee035e0-8db2-4db6-93db-b73f68e7ba5a.jpg?v=1759128337|https://cdn.shopify.com/s/files/1/0912/9351/6071/files/20221005_i1664957983_3296_2_jpg_fcf5e7a2-6143-41eb-bb4c-ebe1c2f5117e.jpg?v=1759128337|https://cdn.shopify.com/s/files/1/0912/9351/6071/files/20221005_i1664957983_5928_4_jpg_82d0ed60-18f8-4389-9d09-18a21d6e4f0f.jpg?v=1759128337|https://cdn.shopify.com/s/files/1/0912/9351/6071/files/20221005_i1664957983_6131_8_jpg_ac4d005d-6f9a-49ba-b3ea-303d1498852c.jpg?v=1759128337|https://cdn.shopify.com/s/files/1/0912/9351/6071/files/20221005_i1664957983_6446_6_jpg_5aa26020-e50f-4602-89a7-6ebbb13d3cd6.jpg?v=1759128337|https://cdn.shopify.com/s/files/1/0912/9351/6071/files/20221005_i1664957983_8164_1_jpg_ed69a4ac-f617-4cd6-b9dc-e398935441a2.jpg?v=1759128337|https://cdn.shopify.com/s/files/1/0912/9351/6071/files/20221005_i1664957983_8906_5_jpg_2332ffdf-ac1d-4120-a36c-899771f7c69a.jpg?v=1759128337,Hi I want le 5a7 small 23 rock gray calfskin,
le 5a7 large 30cm white calfskin,https://cdn.shopify.com/s/files/1/0912/9351/6071/files/20240611_i1718089536_7000_0_jpg_a6fddbe2-7e1b-4710-ae0d-82f74bb169aa.jpg?v=1759128357,handbags,ysl,https://cdn.shopify.com/s/files/1/0912/9351/6071/files/20240611_i1718089536_7000_0_jpg_a6fddbe2-7e1b-4710-ae0d-82f74bb169aa.jpg?v=1759128357|https://cdn.shopify.com/s/files/1/0912/9351/6071/files/20240611_i1718089536_126_4_jpg_78922abc-faea-45d3-baa2-f421202ac717.jpg?v=1759128357|https://cdn.shopify.com/s/files/1/0912/9351/6071/files/20240611_i1718089536_1883_5_jpg_fee81aa4-1c83-4565-b0bb-34d72b92b7cf.jpg?v=1759128357|https://cdn.shopify.com/s/files/1/0912/9351/6071/files/20240611_i1718089536_2507_1_jpg_db9c6895-493b-4652-98a9-0b05e476626e.jpg?v=1759128358|https://cdn.shopify.com/s/files/1/0912/9351/6071/files/20240611_i1718089536_346_2_jpg_1b7b81a3-db83-43b9-b0ad-8ea684bb7692.jpg?v=1759128358|https://cdn.shopify.com/s/files/1/0912/9351/6071/files/20240611_i1718089536_3548_3_jpg_4322cb3f-a44b-48bf-8ee3-8ef9693fd497.jpg?v=1759128358|https://cdn.shopify.com/s/files/1/0912/9351/6071/files/20240611_i1718089536_4038_7_jpg_926bb7f7-dfd5-418b-bbab-170c930abd15.jpg?v=1759128358|https://cdn.shopify.com/s/files/1/0912/9351/6071/files/20240611_i1718089536_425_6_jpg_f2b57dc0-be2f-4dcf-8b8f-4b05ed907026.jpg?v=1759128358|https://cdn.shopify.com/s/files/1/0912/9351/6071/files/20240611_i1718089654_5721_0_jpg_419c1c91-325d-4cf3-97f5-1a297ff4a5a6.jpg?v=1759128358,Hi I want le 5a7 large 30cm white calfskin,
le 5a7 large 30cm grey calfskin,https://cdn.shopify.com/s/files/1/0912/9351/6071/files/img_7821319d_20231208_i1701971709_107_4_jpg_e0d9d0d9-5479-4382-ace5-ccbbd6454488.jpg?v=1759128367,handbags,ysl,https://cdn.shopify.com/s/files/1/0912/9351/6071/files/img_7821319d_20231208_i1701971709_107_4_jpg_e0d9d0d9-5479-4382-ace5-ccbbd6454488.jpg?v=1759128367|https://cdn.shopify.com/s/files/1/0912/9351/6071/files/img_7821319d_20231208_i1701971709_2870_1_jpg_53293f9a-703d-4d25-8eed-1782cf37d79c.jpg?v=1759128367|https://cdn.shopify.com/s/files/1/0912/9351/6071/files/img_7821319d_20231208_i1701971709_5662_0_jpg_86d8caeb-921a-4fa4-9fc9-6bb8cdf43a57.jpg?v=1759128367|https://cdn.shopify.com/s/files/1/0912/9351/6071/files/img_7821319d_20231208_i1701971709_6627_8_jpg_56b0387f-1ef3-4dbb-9cf7-06ee95b31373.jpg?v=1759128367|https://cdn.shopify.com/s/files/1/0912/9351/6071/files/img_7821319d_20231208_i1701971709_6878_7_jpg_e471e9e6-3213-4705-9530-d335611d2a0f.jpg?v=1759128367|https://cdn.shopify.com/s/files/1/0912/9351/6071/files/img_7821319d_20231208_i1701971709_9245_5_jpg_b6f07cd3-a081-4e14-828a-15cb9988d28c.jpg?v=1759128367|https://cdn.shopify.com/s/files/1/0912/9351/6071/files/img_7821319d_20231208_i1701971709_6071_6_jpg_d04d04be-6dbc-47fb-8dfd-d60eb6aa3174.jpg?v=1759128367|https://cdn.shopify.com/s/files/1/0912/9351/6071/files/img_7821319d_20231208_i1701971709_7585_2_jpg_e9e0e368-6aff-4bcb-aa34-538f05c1aa34.jpg?v=1759128367|https://cdn.shopify.com/s/files/1/0912/9351/6071/files/img_7821319d_20231208_i1701971709_7839_3_jpg_69a13ec9-9559-4447-98b1-a5779b6c181b.jpg?v=1759128367,Hi I want le 5a7 large 30cm grey calfskin,
le 5a7 small 23cm burgundy calfskin,https://cdn.shopify.com/s/files/1/0912/9351/6071/files/20230529_i1685341909_4140_0_jpg_ed128a33-a3b9-42fa-a3cb-2c62948ed47b.jpg?v=1759128387,handbags,ysl,https://cdn.shopify.com/s/files/1/0912/9351/6071/files/20230529_i1685341909_4140_0_jpg_ed128a33-a3b9-42fa-a3cb-2c62948ed47b.jpg?v=1759128387|https://cdn.shopify.com/s/files/1/0912/9351/6071/files/20230529_i1685341909_813_5_jpg_d5d5b8bc-3a2d-4a05-985f-80ca2ae31762.jpg?v=1759128387|https://cdn.shopify.com/s/files/1/0912/9351/6071/files/20230529_i1685341909_1299_3_jpg_a8e99f5f-6e2e-4109-b5be-06653afdec03.jpg?v=1759128387|https://cdn.shopify.com/s/files/1/0912/9351/6071/files/20230529_i1685341909_1939_7_jpg_ba4c5c23-1220-456e-9bbe-e67e78a1b403.jpg?v=1759128387|https://cdn.shopify.com/s/files/1/0912/9351/6071/files/20230529_i1685341909_3095_8_jpg_ce1d9120-3476-407a-a418-be90951d63c5.jpg?v=1759128387|https://cdn.shopify.com/s/files/1/0912/9351/6071/files/20230529_i1685341909_3374_4_jpg_73e3b5b0-1e4b-41c3-860a-76248f32ebe2.jpg?v=1759128387|https://cdn.shopify.com/s/files/1/0912/9351/6071/files/20230529_i1685341909_3951_2_jpg_bd16e947-61b9-433e-b8b6-6ec6b3fd7869.jpg?v=1759128387|https://cdn.shopify.com/s/files/1/0912/9351/6071/files/20230529_i1685341909_5845_1_jpg_57f8da65-e71f-4462-a9ed-5ed39f3fa8a3.jpg?v=1759128387|https://cdn.shopify.com/s/files/1/0912/9351/6071/files/20230529_i1685341922_7045_0_jpg_0fea542f-694a-44a1-aaab-bfeae88c275e.jpg?v=1759128387,Hi I want le 5a7 small 23cm burgundy calfskin,
le 5a7 small 23cm black calfskin silver hardware,https://cdn.shopify.com/s/files/1/0912/9351/6071/files/img_f8c0bdc9_20231103_i1699007246_9906_0_jpg_9e152bea-1775-4622-890f-6fd6757d4ef5.jpg?v=1759128406,handbags,ysl,https://cdn.shopify.com/s/files/1/0912/9351/6071/files/img_f8c0bdc9_20231103_i1699007246_9906_0_jpg_9e152bea-1775-4622-890f-6fd6757d4ef5.jpg?v=1759128406|https://cdn.shopify.com/s/files/1/0912/9351/6071/files/img_f8c0bdc9_20231103_i1699007246_2162_5_jpg_4f8b7391-2dc7-4f2a-a13b-c3b27ef37251.jpg?v=1759128406|https://cdn.shopify.com/s/files/1/0912/9351/6071/files/img_f8c0bdc9_20231103_i1699007246_2947_4_jpg_c54b6a37-f81a-4811-bbca-05048ae6e14e.jpg?v=1759128406|https://cdn.shopify.com/s/files/1/0912/9351/6071/files/img_f8c0bdc9_20231103_i1699007246_3361_2_jpg_a873b662-52ee-40f2-9ae0-328ad83e126b.jpg?v=1759128406|https://cdn.shopify.com/s/files/1/0912/9351/6071/files/img_f8c0bdc9_20231103_i1699007246_4333_1_jpg_156355f3-8168-43b8-aebb-17e823042c4f.jpg?v=1759128406|https://cdn.shopify.com/s/files/1/0912/9351/6071/files/img_f8c0bdc9_20231103_i1699007246_5536_3_jpg_f6cd7728-7b58-4c50-8106-cf0ebcf34621.jpg?v=1759128406|https://cdn.shopify.com/s/files/1/0912/9351/6071/files/img_f8c0bdc9_20231103_i1699007246_6339_8_jpg_381b2d93-79fe-44d1-9656-a9a0889982fe.jpg?v=1759128406|https://cdn.shopify.com/s/files/1/0912/9351/6071/files/img_f8c0bdc9_20231103_i1699007246_6910_7_jpg_b2512d8f-050f-4f6a-ba68-644d93d62514.jpg?v=1759128406|https://cdn.shopify.com/s/files/1/0912/9351/6071/files/img_f8c0bdc9_20231103_i1699007246_2149_6_jpg_e01c95a7-6aaf-45ee-8187-a86d54e3d994.jpg?v=1759128406,Hi I want le 5a7 small 23cm black calfskin silver hardware,
le 37 20cm dark beige shiny calfskin,https://cdn.shopify.com/s/files/1/0912/9351/6071/files/20240507_i1715066108_4525_0_jpg.jpg?v=1778124885,handbags,ysl,https://cdn.shopify.com/s/files/1/0912/9351/6071/files/20240507_i1715066108_4525_0_jpg.jpg?v=1778124885|https://cdn.shopify.com/s/files/1/0912/9351/6071/files/20240507_i1715066108_3203_7_jpg.jpg?v=1778124885|https://cdn.shopify.com/s/files/1/0912/9351/6071/files/20240507_i1715066108_3356_2_jpg.jpg?v=1778124885|https://cdn.shopify.com/s/files/1/0912/9351/6071/files/20240507_i1715066108_5827_8_jpg.jpg?v=1778124885|https://cdn.shopify.com/s/files/1/0912/9351/6071/files/20240507_i1715066108_6454_3_jpg.jpg?v=1778124885|https://cdn.shopify.com/s/files/1/0912/9351/6071/files/20240507_i1715066108_7068_6_jpg.jpg?v=1778124885|https://cdn.shopify.com/s/files/1/0912/9351/6071/files/20240507_i1715066108_7862_4_jpg.jpg?v=1778124886|https://cdn.shopify.com/s/files/1/0912/9351/6071/files/20240507_i1715066108_9006_1_jpg.jpg?v=1778124885|https://cdn.shopify.com/s/files/1/0912/9351/6071/files/20240507_i1715066116_8413_0_jpg.jpg?v=1778124885,Hi I want le 37 20cm dark beige shiny calfskin,
le 37 small 17cm dark beige shiny calfskin,https://cdn.shopify.com/s/files/1/0912/9351/6071/files/20240507_i1715067235_6424_0_jpg_307be502-eda4-4d2b-bc0f-c5f4c0c8e633.jpg?v=1759128457,handbags,ysl,https://cdn.shopify.com/s/files/1/0912/9351/6071/files/20240507_i1715067235_6424_0_jpg_307be502-eda4-4d2b-bc0f-c5f4c0c8e633.jpg?v=1759128457|https://cdn.shopify.com/s/files/1/0912/9351/6071/files/20240507_i1715065077_184_5_jpg_5294d8f0-39c0-45b8-9b51-6c328eefefd4.jpg?v=1759128457|https://cdn.shopify.com/s/files/1/0912/9351/6071/files/20240507_i1715065077_200_3_jpg_c814e1fe-ffaa-46d7-a9ff-611135434b8f.jpg?v=1759128457|https://cdn.shopify.com/s/files/1/0912/9351/6071/files/20240507_i1715065077_3412_6_jpg_8728e391-bdf0-451f-9723-fddebf57da3d.jpg?v=1759128457|https://cdn.shopify.com/s/files/1/0912/9351/6071/files/20240507_i1715065077_4540_1_jpg_3fc158a9-8007-44b2-8361-6a2979b8a6b4.jpg?v=1759128457|https://cdn.shopify.com/s/files/1/0912/9351/6071/files/20240507_i1715065077_5691_4_jpg_42c6f3bf-fb08-496e-9f6b-50adbf600794.jpg?v=1759128457|https://cdn.shopify.com/s/files/1/0912/9351/6071/files/20240507_i1715065077_8758_2_jpg_ede99979-63a4-4232-a14c-49163ea66505.jpg?v=1759128457|https://cdn.shopify.com/s/files/1/0912/9351/6071/files/20240507_i1715065077_9529_7_jpg_95c3c622-28e2-40b4-b9be-3fc2e312595c.jpg?v=1759128457|https://cdn.shopify.com/s/files/1/0912/9351/6071/files/20240507_i1715065080_180_0_jpg_e0ceb3e2-d270-4bf0-aadf-5c5b748b3aad.jpg?v=1759128457,Hi I want le 37 small 17cm dark beige shiny calfskin,
le 5a7 baby 15cm black grained leather,https://cdn.shopify.com/s/files/1/0912/9351/6071/files/img_bce60362_20240701_i1719808982_3931_8_jpg_fa52238b-f1e0-4cd6-85dc-696a9e787631.jpg?v=1759128477,handbags,ysl,https://cdn.shopify.com/s/files/1/0912/9351/6071/files/img_bce60362_20240701_i1719808982_3931_8_jpg_fa52238b-f1e0-4cd6-85dc-696a9e787631.jpg?v=1759128477|https://cdn.shopify.com/s/files/1/0912/9351/6071/files/img_bce60362_20240701_i1719808981_7869_0_jpg_fc48d390-a4d1-451d-8990-ef9ba021ca22.jpg?v=1759128477|https://cdn.shopify.com/s/files/1/0912/9351/6071/files/img_bce60362_20240701_i1719808981_8692_1_jpg_51a9c15a-3b60-490b-8f2f-35c05fa42973.jpg?v=1759128477|https://cdn.shopify.com/s/files/1/0912/9351/6071/files/img_bce60362_20240701_i1719808981_8817_2_jpg_d96df27d-9159-46b1-81d8-0e5efa03491a.jpg?v=1759128477|https://cdn.shopify.com/s/files/1/0912/9351/6071/files/img_bce60362_20240701_i1719808982_1918_4_jpg_9675849e-4485-4c04-ba43-0bac52a5a015.jpg?v=1759128477|https://cdn.shopify.com/s/files/1/0912/9351/6071/files/img_bce60362_20240701_i1719808982_6746_6_jpg_d72c8c3e-da4c-41c9-baa7-3cfe6bae3b3b.jpg?v=1759128477|https://cdn.shopify.com/s/files/1/0912/9351/6071/files/img_bce60362_20240701_i1719808982_7739_5_jpg_bcf163b7-78ac-48df-b397-d8e6dfbb22a2.jpg?v=1759128478|https://cdn.shopify.com/s/files/1/0912/9351/6071/files/img_bce60362_20240701_i1719808982_8672_7_jpg_c3d9888f-0b7a-486b-882a-5b776b344302.jpg?v=1759128478|https://cdn.shopify.com/s/files/1/0912/9351/6071/files/img_bce60362_20240701_i1719808982_9611_3_jpg_d6308fab-f899-4f39-bec4-695c9be69f8a.jpg?v=1759128478,Hi I want le 5a7 baby 15cm black grained leather,
YSL TOTE BAG 29CM PANIER LEATHER TRIMMED RAFFIA,https://cdn.shopify.com/s/files/1/0912/9351/6071/files/img_c531d0e5_20240902_i1725259764_7755_1_jpg_c145b1f8-b9fa-43d9-b586-6a5db23856a8.jpg?v=1759128487,handbags,ysl,https://cdn.shopify.com/s/files/1/0912/9351/6071/files/img_c531d0e5_20240902_i1725259764_7755_1_jpg_c145b1f8-b9fa-43d9-b586-6a5db23856a8.jpg?v=1759128487|https://cdn.shopify.com/s/files/1/0912/9351/6071/files/img_c531d0e5_20240902_i1725259764_3099_6_jpg_fd078938-93f0-4ddb-9dc5-fc12567454bf.jpg?v=1759128487|https://cdn.shopify.com/s/files/1/0912/9351/6071/files/img_c531d0e5_20240902_i1725259764_5091_2_jpg_b5b33f9a-9bc0-4f99-bd9e-e4569f9f4903.jpg?v=1759128487|https://cdn.shopify.com/s/files/1/0912/9351/6071/files/img_c531d0e5_20240902_i1725259764_6964_4_jpg_005b18da-993f-48c6-89dd-5c30fecacf88.jpg?v=1759128487|https://cdn.shopify.com/s/files/1/0912/9351/6071/files/img_c531d0e5_20240902_i1725259764_7012_0_jpg_c4588cbd-1a80-4660-8a6e-e22733408dc4.jpg?v=1759128487|https://cdn.shopify.com/s/files/1/0912/9351/6071/files/img_c531d0e5_20240902_i1725259764_7024_8_jpg_9658afc4-8d36-4d10-a876-80fa3d97b2e7.jpg?v=1759128488|https://cdn.shopify.com/s/files/1/0912/9351/6071/files/img_c531d0e5_20240902_i1725259764_7174_7_jpg_fa684029-d18b-42f8-a6fa-2b79a5c2026d.jpg?v=1759128488|https://cdn.shopify.com/s/files/1/0912/9351/6071/files/img_c531d0e5_20240902_i1725259764_8157_3_jpg_b6ae4892-96a1-40d1-8bff-cd76e34dcc9e.jpg?v=1759128488|https://cdn.shopify.com/s/files/1/0912/9351/6071/files/img_c531d0e5_20240902_i1725259764_9697_5_jpg_d725e443-7b7f-4a72-8db6-01672ae5726a.jpg?v=1759128488,Hi I want YSL TOTE BAG 29CM PANIER LEATHER TRIMMED RAFFIA,
YSL TOTE BAG 50CM BLACK RAFFIA,https://cdn.shopify.com/s/files/1/0912/9351/6071/files/img_c531d0e5_20240902_i1725260203_5813_3_jpg_15437eaa-8269-46db-a08d-1712db2c9b03.jpg?v=1759128498,handbags,ysl,https://cdn.shopify.com/s/files/1/0912/9351/6071/files/img_c531d0e5_20240902_i1725260203_5813_3_jpg_15437eaa-8269-46db-a08d-1712db2c9b03.jpg?v=1759128498|https://cdn.shopify.com/s/files/1/0912/9351/6071/files/img_c531d0e5_20240902_i1725260203_2038_6_jpg_d95de29c-3462-46c6-ba28-05d0413fe35a.jpg?v=1759128498|https://cdn.shopify.com/s/files/1/0912/9351/6071/files/img_c531d0e5_20240902_i1725260203_4213_5_jpg_8f8c5363-b00c-4c67-84eb-2cb56ca03187.jpg?v=1759128498|https://cdn.shopify.com/s/files/1/0912/9351/6071/files/img_c531d0e5_20240902_i1725260203_9103_8_jpg_f7aa11bc-3d07-4cdb-818a-4eb1c539c9fc.jpg?v=1759128498|https://cdn.shopify.com/s/files/1/0912/9351/6071/files/img_c531d0e5_20240902_i1725260203_1568_0_jpg_dc72d291-e767-4dbd-b4e3-633629634821.jpg?v=1759128498|https://cdn.shopify.com/s/files/1/0912/9351/6071/files/img_c531d0e5_20240902_i1725260203_2797_2_jpg_eea29c27-57fc-43d3-9464-07fb2ff7769d.jpg?v=1759128498|https://cdn.shopify.com/s/files/1/0912/9351/6071/files/img_c531d0e5_20240902_i1725260203_3536_1_jpg_54c36bc2-ece7-410c-902a-14e948486087.jpg?v=1759128498|https://cdn.shopify.com/s/files/1/0912/9351/6071/files/img_c531d0e5_20240902_i1725260203_4315_4_jpg_95231096-fcac-4937-bcd5-e1d1954abae5.jpg?v=1759128498|https://cdn.shopify.com/s/files/1/0912/9351/6071/files/img_c531d0e5_20240902_i1725260203_8340_7_jpg_d81c07f1-9234-47fa-81ea-4c48c4961030.jpg?v=1759128498,Hi I want YSL TOTE BAG 50CM BLACK RAFFIA,
YSL TOTE BAG 50CM BEIGE RAFFIA,https://cdn.shopify.com/s/files/1/0912/9351/6071/files/img_c531d0e5_20240902_i1725260327_7431_0_jpg.jpg?v=1782294824,handbags,ysl,https://cdn.shopify.com/s/files/1/0912/9351/6071/files/img_c531d0e5_20240902_i1725260327_7431_0_jpg.jpg?v=1782294824|https://cdn.shopify.com/s/files/1/0912/9351/6071/files/img_c531d0e5_20240902_i1725260327_3703_8_jpg.jpg?v=1782294824|https://cdn.shopify.com/s/files/1/0912/9351/6071/files/img_c531d0e5_20240902_i1725260327_4362_6_jpg.jpg?v=1782294824|https://cdn.shopify.com/s/files/1/0912/9351/6071/files/img_c531d0e5_20240902_i1725260327_4699_2_jpg.jpg?v=1782294824|https://cdn.shopify.com/s/files/1/0912/9351/6071/files/img_c531d0e5_20240902_i1725260327_4851_4_jpg.jpg?v=1782294824|https://cdn.shopify.com/s/files/1/0912/9351/6071/files/img_c531d0e5_20240902_i1725260327_5433_3_jpg.jpg?v=1782294824|https://cdn.shopify.com/s/files/1/0912/9351/6071/files/img_c531d0e5_20240902_i1725260327_5966_5_jpg.jpg?v=1782294824|https://cdn.shopify.com/s/files/1/0912/9351/6071/files/img_c531d0e5_20240902_i1725260327_879_1_jpg.jpg?v=1782294824|https://cdn.shopify.com/s/files/1/0912/9351/6071/files/img_c531d0e5_20240902_i1725260327_9403_7_jpg.jpg?v=1782294824,Hi I want YSL TOTE BAG 50CM BEIGE RAFFIA,
YSL MEDIUM 44CM PANIER BEIGE RAFFIA TOTE BAG,https://cdn.shopify.com/s/files/1/0912/9351/6071/files/img_c531d0e5_20240902_i1725259430_6903_1_jpg.jpg?v=1778558119,handbags,ysl,https://cdn.shopify.com/s/files/1/0912/9351/6071/files/img_c531d0e5_20240902_i1725259430_6903_1_jpg.jpg?v=1778558119|https://cdn.shopify.com/s/files/1/0912/9351/6071/files/img_c531d0e5_20240902_i1725259430_2724_3_jpg.jpg?v=1778558118|https://cdn.shopify.com/s/files/1/0912/9351/6071/files/img_c531d0e5_20240902_i1725259430_2990_4_jpg.jpg?v=1778558118|https://cdn.shopify.com/s/files/1/0912/9351/6071/files/img_c531d0e5_20240902_i1725259430_3711_0_jpg.jpg?v=1778558118|https://cdn.shopify.com/s/files/1/0912/9351/6071/files/img_c531d0e5_20240902_i1725259430_5038_7_jpg.jpg?v=1778558119|https://cdn.shopify.com/s/files/1/0912/9351/6071/files/img_c531d0e5_20240902_i1725259430_7119_8_jpg.jpg?v=1778558118|https://cdn.shopify.com/s/files/1/0912/9351/6071/files/img_c531d0e5_20240902_i1725259430_8661_5_jpg.jpg?v=1778558118|https://cdn.shopify.com/s/files/1/0912/9351/6071/files/img_c531d0e5_20240902_i1725259430_8684_6_jpg.jpg?v=1778558118|https://cdn.shopify.com/s/files/1/0912/9351/6071/files/img_c531d0e5_20240902_i1725259430_9632_2_jpg.jpg?v=1778558118,Hi I want YSL MEDIUM 44CM PANIER BEIGE RAFFIA TOTE BAG,
YSL PANIER BAG 55CM BLACK CROCHET RAFFIA TAN CALFSKIN,https://cdn.shopify.com/s/files/1/0912/9351/6071/files/img_c531d0e5_20240711_i1720673846_2140_1_jpg_7cedef39-6604-4b44-af66-e8e06813752e.jpg?v=1759128574,handbags,ysl,https://cdn.shopify.com/s/files/1/0912/9351/6071/files/img_c531d0e5_20240711_i1720673846_2140_1_jpg_7cedef39-6604-4b44-af66-e8e06813752e.jpg?v=1759128574|https://cdn.shopify.com/s/files/1/0912/9351/6071/files/img_c531d0e5_20240711_i1720673846_1016_5_jpg_936d822e-8dcc-44d9-aee8-05b2591f3603.jpg?v=1759128574|https://cdn.shopify.com/s/files/1/0912/9351/6071/files/img_c531d0e5_20240711_i1720673846_228_8_jpg_d03a7e6e-b941-4465-8abd-6985c15ebfee.jpg?v=1759128574|https://cdn.shopify.com/s/files/1/0912/9351/6071/files/img_c531d0e5_20240711_i1720673846_3050_4_jpg_06a93dae-91e1-436b-9264-a9e21357ec53.jpg?v=1759128574|https://cdn.shopify.com/s/files/1/0912/9351/6071/files/img_c531d0e5_20240711_i1720673846_3807_0_jpg_32c62675-48a9-49e9-bf5a-bbfa93a73275.jpg?v=1759128574|https://cdn.shopify.com/s/files/1/0912/9351/6071/files/img_c531d0e5_20240711_i1720673846_5277_6_jpg_78bdf539-9af4-4ea3-93f2-98af8d034890.jpg?v=1759128574|https://cdn.shopify.com/s/files/1/0912/9351/6071/files/img_c531d0e5_20240711_i1720673846_5583_7_jpg_5ed94cd8-5fc0-4cb0-ae18-9f5001308ddb.jpg?v=1759128574|https://cdn.shopify.com/s/files/1/0912/9351/6071/files/img_c531d0e5_20240711_i1720673846_6226_2_jpg_d10061ef-0749-4bcb-a1ec-6b47be2314c6.jpg?v=1759128574|https://cdn.shopify.com/s/files/1/0912/9351/6071/files/img_c531d0e5_20240711_i1720673846_8754_3_jpg_16429510-2c97-45e6-a35b-e75fc13d4654.jpg?v=1759128574,Hi I want YSL PANIER BAG 55CM BLACK CROCHET RAFFIA TAN CALFSKIN,
YSL HOBO BAG 30CM BEIGE RAFFIA,https://cdn.shopify.com/s/files/1/0912/9351/6071/files/img_c531d0e5_20240607_i1717733226_3945_6_jpg_e3cc1f6d-0f8d-4cad-babd-c79a70fa3642.jpg?v=1759128595,handbags,ysl,https://cdn.shopify.com/s/files/1/0912/9351/6071/files/img_c531d0e5_20240607_i1717733226_3945_6_jpg_e3cc1f6d-0f8d-4cad-babd-c79a70fa3642.jpg?v=1759128595|https://cdn.shopify.com/s/files/1/0912/9351/6071/files/img_c531d0e5_20240607_i1717733226_2398_8_jpg_3914239a-aa82-4130-b487-38961c5cb004.jpg?v=1759128595|https://cdn.shopify.com/s/files/1/0912/9351/6071/files/img_c531d0e5_20240607_i1717733226_3605_4_jpg_553320e9-bd80-45ce-b06a-4c7d44a48f6a.jpg?v=1759128595|https://cdn.shopify.com/s/files/1/0912/9351/6071/files/img_c531d0e5_20240607_i1717733226_4557_7_jpg_d73cc372-8f7c-4bd8-80da-931576f16d1f.jpg?v=1759128595|https://cdn.shopify.com/s/files/1/0912/9351/6071/files/img_c531d0e5_20240607_i1717733226_5346_2_jpg_c8eac5f6-cb8d-48d9-bf90-fa53d15c76e2.jpg?v=1759128595|https://cdn.shopify.com/s/files/1/0912/9351/6071/files/img_c531d0e5_20240607_i1717733226_5588_0_jpg_819df1a3-7eba-4b4e-af31-e7edece17629.jpg?v=1759128595|https://cdn.shopify.com/s/files/1/0912/9351/6071/files/img_c531d0e5_20240607_i1717733226_5936_1_jpg_f2cea0e2-5cbd-499e-aee1-c4b5bf85f030.jpg?v=1759128595|https://cdn.shopify.com/s/files/1/0912/9351/6071/files/img_c531d0e5_20240607_i1717733226_6095_3_jpg_07f041cb-cd80-45a0-82bf-ca1a40b38b26.jpg?v=1759128595|https://cdn.shopify.com/s/files/1/0912/9351/6071/files/img_c531d0e5_20240607_i1717733226_6469_5_jpg_0ecb4f8f-099d-44dc-baec-c072c60b79e1.jpg?v=1759128595,Hi I want YSL HOBO BAG 30CM BEIGE RAFFIA,
YSL OXALIS 37CM BEIGE RAFFIA TAN CALFSKIN,https://cdn.shopify.com/s/files/1/0912/9351/6071/files/img_c531d0e5_20240711_i1720673054_4829_4_jpg_efbb41f8-6305-441b-8c91-93a107542f18.jpg?v=1759128606,handbags,ysl,https://cdn.shopify.com/s/files/1/0912/9351/6071/files/img_c531d0e5_20240711_i1720673054_4829_4_jpg_efbb41f8-6305-441b-8c91-93a107542f18.jpg?v=1759128606|https://cdn.shopify.com/s/files/1/0912/9351/6071/files/img_c531d0e5_20240711_i1720673054_7656_5_jpg_324742cf-f56f-4da7-ad2f-2b007095b70f.jpg?v=1759128606|https://cdn.shopify.com/s/files/1/0912/9351/6071/files/img_c531d0e5_20240711_i1720673054_8077_7_jpg_3223501c-9c7e-4d9a-99fc-cb64401503bf.jpg?v=1759128606|https://cdn.shopify.com/s/files/1/0912/9351/6071/files/img_c531d0e5_20240711_i1720673054_8313_2_jpg_010b8049-28e2-48f0-85ec-5dadd91da2f1.jpg?v=1759128606|https://cdn.shopify.com/s/files/1/0912/9351/6071/files/img_c531d0e5_20240711_i1720673054_9512_1_jpg_887a4f73-62ea-46f7-81ee-686534339719.jpg?v=1759128606|https://cdn.shopify.com/s/files/1/0912/9351/6071/files/img_c531d0e5_20240711_i1720673054_9695_8_jpg_6addf8cf-237f-405f-ae93-acd0bd91c015.jpg?v=1759128606|https://cdn.shopify.com/s/files/1/0912/9351/6071/files/img_c531d0e5_20240711_i1720673054_6559_0_jpg_a6d698e5-29d2-4380-a080-e3c2e5930904.jpg?v=1759128606|https://cdn.shopify.com/s/files/1/0912/9351/6071/files/img_c531d0e5_20240711_i1720673054_9554_3_jpg_1b0a2dfe-9bd7-4ab9-9722-2ab771f7519a.jpg?v=1759128606|https://cdn.shopify.com/s/files/1/0912/9351/6071/files/img_c531d0e5_20240711_i1720673054_9682_6_jpg_e38a636a-a01e-4a0f-ba6d-1dff5ff4afc4.jpg?v=1759128606,Hi I want YSL OXALIS 37CM BEIGE RAFFIA TAN CALFSKIN,
YSL OXALIS 37CM BLACK  RAFFIA TAN CALFSKIN,https://cdn.shopify.com/s/files/1/0912/9351/6071/files/img_c531d0e5_20240711_i1720673156_8996_2_jpg_6855694a-8e73-4358-bb4a-b128449f6e95.jpg?v=1782294829,handbags,ysl,https://cdn.shopify.com/s/files/1/0912/9351/6071/files/img_c531d0e5_20240711_i1720673156_8996_2_jpg_6855694a-8e73-4358-bb4a-b128449f6e95.jpg?v=1782294829|https://cdn.shopify.com/s/files/1/0912/9351/6071/files/img_c531d0e5_20240711_i1720673156_8642_3_jpg_19ab865f-48d7-4c8e-8c8a-4b0683b1ffc3.jpg?v=1782294829|https://cdn.shopify.com/s/files/1/0912/9351/6071/files/img_c531d0e5_20240711_i1720673156_1004_5_jpg_aff4e293-d987-4057-83e1-2f2f7118b507.jpg?v=1782294830|https://cdn.shopify.com/s/files/1/0912/9351/6071/files/img_c531d0e5_20240711_i1720673156_2965_1_jpg_7887b189-10f3-4eba-81d5-d8133e38d67a.jpg?v=1782294829|https://cdn.shopify.com/s/files/1/0912/9351/6071/files/img_c531d0e5_20240711_i1720673156_3206_4_jpg_29c5ca31-7b1a-4d98-b5da-713390cb8c65.jpg?v=1782294829|https://cdn.shopify.com/s/files/1/0912/9351/6071/files/img_c531d0e5_20240711_i1720673156_4635_0_jpg_ec102601-3bf7-41b4-b21e-3165dfb3bd58.jpg?v=1782294829|https://cdn.shopify.com/s/files/1/0912/9351/6071/files/img_c531d0e5_20240711_i1720673156_7646_6_jpg_0a463186-1774-4f2b-9938-fb594e52c57b.jpg?v=1782294829|https://cdn.shopify.com/s/files/1/0912/9351/6071/files/img_c531d0e5_20240711_i1720673156_8604_7_jpg_864f20c3-11fc-4851-801e-442768180726.jpg?v=1782294829|https://cdn.shopify.com/s/files/1/0912/9351/6071/files/img_c531d0e5_20240711_i1720673156_7739_8_jpg_a3f5c29e-547a-46bd-88d1-c9e36e69ba83.jpg?v=1782294829,Hi I want YSL OXALIS 37CM BLACK  RAFFIA TAN CALFSKIN,
Le 5a7 Small 23cm Dark Brown Smooth Calfskin,https://cdn.shopify.com/s/files/1/0912/9351/6071/files/Image_20241021141616_0f09e076-a830-44b0-9718-85cba3c9acd9.jpg?v=1759128661,handbags,ysl,https://cdn.shopify.com/s/files/1/0912/9351/6071/files/Image_20241021141616_0f09e076-a830-44b0-9718-85cba3c9acd9.jpg?v=1759128661|https://cdn.shopify.com/s/files/1/0912/9351/6071/files/Image_20241021141014_44747971-5583-43ee-af44-3db54d87a362.jpg?v=1759128661|https://cdn.shopify.com/s/files/1/0912/9351/6071/files/Image_20241021141631_fd4c66fc-fcd3-45b3-8aa7-54100065c5ee.jpg?v=1759128661|https://cdn.shopify.com/s/files/1/0912/9351/6071/files/Image_20241021141632_ee7cdbd8-3e44-4ac7-9a7a-0707eafa490f.jpg?v=1759128661|https://cdn.shopify.com/s/files/1/0912/9351/6071/files/Image_20241021141633_59ca86db-16e2-43ff-887e-9effb3cb95fa.jpg?v=1759128661|https://cdn.shopify.com/s/files/1/0912/9351/6071/files/Image_20241021141635_d9fcb061-91fe-448c-91f2-f43a9a30e152.jpg?v=1759128661|https://cdn.shopify.com/s/files/1/0912/9351/6071/files/Image_202410211416361_e58c1796-7217-4311-b5f6-15a73df9a36d.jpg?v=1759128661|https://cdn.shopify.com/s/files/1/0912/9351/6071/files/Image_202410211416321_a50e6ff2-a82f-4ba5-9617-2dca81e08782.jpg?v=1759128661|https://cdn.shopify.com/s/files/1/0912/9351/6071/files/Image_20241021141636_d6e8f866-e325-4f87-ad40-d04d9a4b60d7.jpg?v=1759128662,Hi I want Le 5a7 Small 23cm Dark Brown Smooth Calfskin,
Toy Puffer Mini 23cm Dark Brown Suede,https://cdn.shopify.com/s/files/1/0912/9351/6071/files/img_f8c0bdc9_20240811_i1723371209_2639_4_jpg_1aeb1659-f195-43ab-a304-8bf67f420a26.jpg?v=1759128672,handbags,ysl,https://cdn.shopify.com/s/files/1/0912/9351/6071/files/img_f8c0bdc9_20240811_i1723371209_2639_4_jpg_1aeb1659-f195-43ab-a304-8bf67f420a26.jpg?v=1759128672|https://cdn.shopify.com/s/files/1/0912/9351/6071/files/img_f8c0bdc9_20240811_i1723371209_175_3_jpg_7eb18649-b8b8-4319-b4e4-c34ca4519291.jpg?v=1759128672|https://cdn.shopify.com/s/files/1/0912/9351/6071/files/img_f8c0bdc9_20240811_i1723371209_1942_7_jpg_e90ea335-66ff-49eb-a3a4-b47f9c1cebc3.jpg?v=1759128672|https://cdn.shopify.com/s/files/1/0912/9351/6071/files/img_f8c0bdc9_20240811_i1723371209_5729_8_jpg_1f9420c8-9fa1-4a06-8dbd-60fedf0732d3.jpg?v=1759128672|https://cdn.shopify.com/s/files/1/0912/9351/6071/files/img_f8c0bdc9_20240811_i1723371209_7893_0_jpg_0b8f2056-20b4-44e7-9d53-e76c1b841b3e.jpg?v=1759128672|https://cdn.shopify.com/s/files/1/0912/9351/6071/files/img_f8c0bdc9_20240811_i1723371209_8711_5_jpg_6dfb4f83-d4e2-4107-8d4c-0b679c4ce343.jpg?v=1759128672|https://cdn.shopify.com/s/files/1/0912/9351/6071/files/img_f8c0bdc9_20240811_i1723371209_8988_2_jpg_7924793a-bc5e-4156-aca2-b1e87b446d7d.jpg?v=1759128672|https://cdn.shopify.com/s/files/1/0912/9351/6071/files/img_f8c0bdc9_20240811_i1723371209_9678_1_jpg_ec636b4b-5e1a-4ca2-beac-181af78cc47a.jpg?v=1759128672|https://cdn.shopify.com/s/files/1/0912/9351/6071/files/img_f8c0bdc9_20240811_i1723371209_9973_6_jpg_a45bfd65-6c6a-463b-95e5-e6d4350acbac.jpg?v=1759128673,Hi I want Toy Puffer Mini 23cm Dark Brown Suede,
LE 5 À 7 BAG 24 IN RED GLOSSY CALFSKIN GOLD HARDWARE,https://cdn.shopify.com/s/files/1/0912/9351/6071/files/20240329_i1711697953_6949_0_jpg_b3dcbbfa-984f-42d1-8624-cf45bb6267d9.jpg?v=1759128725,handbags,ysl,https://cdn.shopify.com/s/files/1/0912/9351/6071/files/20240329_i1711697953_6949_0_jpg_b3dcbbfa-984f-42d1-8624-cf45bb6267d9.jpg?v=1759128725|https://cdn.shopify.com/s/files/1/0912/9351/6071/files/20240329_i1711697704_383_8_jpg_e248e264-c059-4140-8e2f-5b08ca0b2122.jpg?v=1759128725|https://cdn.shopify.com/s/files/1/0912/9351/6071/files/20240329_i1711697704_1569_6_jpg_8230b150-36d6-44a6-896a-9679b5e3bf77.jpg?v=1759128725|https://cdn.shopify.com/s/files/1/0912/9351/6071/files/20240329_i1711697704_1600_7_jpg_4f02ab50-ccd9-4f31-a1d1-da84f8329e1e.jpg?v=1759128726|https://cdn.shopify.com/s/files/1/0912/9351/6071/files/20240329_i1711697704_3897_1_jpg_6bd40056-1b1a-4ffa-8e62-167e656f3482.jpg?v=1759128726|https://cdn.shopify.com/s/files/1/0912/9351/6071/files/20240329_i1711697704_6097_4_jpg_628245a2-2023-418b-8f7c-806d642ef0ec.jpg?v=1759128726|https://cdn.shopify.com/s/files/1/0912/9351/6071/files/20240329_i1711697704_6800_3_jpg_b17c7403-cd96-4adb-b6ca-7ffe1ece94fa.jpg?v=1759128726|https://cdn.shopify.com/s/files/1/0912/9351/6071/files/20240329_i1711697704_6869_5_jpg_b0dbdd69-bc54-41b1-a2f2-6048987554b3.jpg?v=1759128726|https://cdn.shopify.com/s/files/1/0912/9351/6071/files/20240329_i1711697704_6911_2_jpg_b1a8954b-a2f3-4fe9-9a7f-d7f075ec8611.jpg?v=1759128726,Hi I want LE 5 À 7 BAG 24 IN RED GLOSSY CALFSKIN GOLD HARDWARE,
TRAVEL BAG 31 IN KHAKI GREEN LAMBSKIN GOLD HARDWARE,https://cdn.shopify.com/s/files/1/0912/9351/6071/files/20231223_i1703318019_9353_0_jpg_99933324-eb2a-44df-8ef4-a36992627970.jpg?v=1759128735,handbags,ysl,https://cdn.shopify.com/s/files/1/0912/9351/6071/files/20231223_i1703318019_9353_0_jpg_99933324-eb2a-44df-8ef4-a36992627970.jpg?v=1759128735|https://cdn.shopify.com/s/files/1/0912/9351/6071/files/20231223_i1703318019_422_6_jpg_e10acacd-abf9-40dd-ab95-9e55654cba26.jpg?v=1759128735|https://cdn.shopify.com/s/files/1/0912/9351/6071/files/20231223_i1703318019_431_4_jpg_318ae1a9-56a0-41f4-96fd-7af0bb9daef3.jpg?v=1759128735|https://cdn.shopify.com/s/files/1/0912/9351/6071/files/20231223_i1703318019_2414_5_jpg_84c0aef9-5ecd-4d82-a11a-bf0619116f9f.jpg?v=1759128735|https://cdn.shopify.com/s/files/1/0912/9351/6071/files/20231223_i1703318019_3571_3_jpg_9e0bc3f7-d323-46e0-a3be-92e6065a3eb7.jpg?v=1759128735|https://cdn.shopify.com/s/files/1/0912/9351/6071/files/20231223_i1703318019_4400_7_jpg_65d72b7e-1d6b-48c0-be47-c975dfe25aac.jpg?v=1759128735|https://cdn.shopify.com/s/files/1/0912/9351/6071/files/20231223_i1703318019_6440_8_jpg_fa5cbdd1-89b4-4968-b442-2397fe4cd786.jpg?v=1759128735|https://cdn.shopify.com/s/files/1/0912/9351/6071/files/20231223_i1703318019_8138_1_jpg_706ad0fd-6b2c-4f5f-868e-c315954e263a.jpg?v=1759128735|https://cdn.shopify.com/s/files/1/0912/9351/6071/files/20231223_i1703318019_9356_2_jpg_0b95b2c7-e617-486b-8895-aabd536fb042.jpg?v=1759128735,Hi I want TRAVEL BAG 31 IN KHAKI GREEN LAMBSKIN GOLD HARDWARE,
POCHON BUCKET BAG 30 IN BLACK LAMBSKIN GOLD HARDWARE,https://cdn.shopify.com/s/files/1/0912/9351/6071/files/img_f8c0bdc9_20240924_i1727161615_3934_2_jpg_0f787704-4da7-419a-87ae-1eb2463214b4.jpg?v=1759128745,handbags,ysl,https://cdn.shopify.com/s/files/1/0912/9351/6071/files/img_f8c0bdc9_20240924_i1727161615_3934_2_jpg_0f787704-4da7-419a-87ae-1eb2463214b4.jpg?v=1759128745|https://cdn.shopify.com/s/files/1/0912/9351/6071/files/img_f8c0bdc9_20240924_i1727161616_2639_7_jpg_e5c1f8ad-1ca9-49d7-995d-2c1aabf0023a.jpg?v=1759128745|https://cdn.shopify.com/s/files/1/0912/9351/6071/files/img_f8c0bdc9_20240924_i1727161615_3_6_jpg_8b0f6656-e9de-4f84-80f0-1b21de3dfb99.jpg?v=1759128745|https://cdn.shopify.com/s/files/1/0912/9351/6071/files/img_f8c0bdc9_20240924_i1727161615_1434_4_jpg_204c27c1-fd54-42f6-a90b-47d6d341c6f2.jpg?v=1759128745|https://cdn.shopify.com/s/files/1/0912/9351/6071/files/img_f8c0bdc9_20240924_i1727161615_2647_1_jpg_556b81cd-6366-4a68-8def-ffbc8a71ea6a.jpg?v=1759128745|https://cdn.shopify.com/s/files/1/0912/9351/6071/files/img_f8c0bdc9_20240924_i1727161615_3774_5_jpg_b5fb6156-6222-4b2f-afde-31a996da95ce.jpg?v=1759128745|https://cdn.shopify.com/s/files/1/0912/9351/6071/files/img_f8c0bdc9_20240924_i1727161615_5571_3_jpg_48fb6533-83df-4acc-973f-1bf2259c3c78.jpg?v=1759128745|https://cdn.shopify.com/s/files/1/0912/9351/6071/files/img_f8c0bdc9_20240924_i1727161615_9598_0_jpg_6fe72bd0-3af4-4ad6-b2a5-ca121606cc00.jpg?v=1759128745|https://cdn.shopify.com/s/files/1/0912/9351/6071/files/img_f8c0bdc9_20240924_i1727161616_8211_8_jpg_be78f6bd-e4e2-459b-9e1f-b72f48fe2b75.jpg?v=1759128745,Hi I want POCHON BUCKET BAG 30 IN BLACK LAMBSKIN GOLD HARDWARE,
CLUTCH 36 IN BLACK QUILTED CALFSKIN SILVER BUCKLE,https://cdn.shopify.com/s/files/1/0912/9351/6071/files/img_f8c0bdc9_20241015_i1728975261_8920_7_jpg_0b022946-df5a-4396-b965-97bd2ab69690.jpg?v=1759128767,handbags,ysl,https://cdn.shopify.com/s/files/1/0912/9351/6071/files/img_f8c0bdc9_20241015_i1728975261_8920_7_jpg_0b022946-df5a-4396-b965-97bd2ab69690.jpg?v=1759128767|https://cdn.shopify.com/s/files/1/0912/9351/6071/files/img_f8c0bdc9_20241015_i1728975260_430_4_jpg_589d69e0-3685-40fb-82c1-a1bc57e1ef1d.jpg?v=1759128767|https://cdn.shopify.com/s/files/1/0912/9351/6071/files/img_f8c0bdc9_20241015_i1728975260_1822_2_jpg_2bd9d0fa-28d6-4172-a342-bb054d410914.jpg?v=1759128767|https://cdn.shopify.com/s/files/1/0912/9351/6071/files/img_f8c0bdc9_20241015_i1728975260_3886_1_jpg_2a4c2a88-b4ec-4d10-94d0-3a14e68dbe62.jpg?v=1759128767|https://cdn.shopify.com/s/files/1/0912/9351/6071/files/img_f8c0bdc9_20241015_i1728975260_4098_5_jpg_bee55053-77f1-4a52-8e6b-b1ef06940ffc.jpg?v=1759128767|https://cdn.shopify.com/s/files/1/0912/9351/6071/files/img_f8c0bdc9_20241015_i1728975260_6687_3_jpg_4ec4c39f-bc98-4ca5-ba45-26bdee5e540a.jpg?v=1759128768|https://cdn.shopify.com/s/files/1/0912/9351/6071/files/img_f8c0bdc9_20241015_i1728975260_6822_0_jpg_75d3542a-da75-43c1-84de-196a8a54f444.jpg?v=1759128768|https://cdn.shopify.com/s/files/1/0912/9351/6071/files/img_f8c0bdc9_20241015_i1728975261_6379_8_jpg_4c996b28-7ff6-4295-9f55-9207ecac5e2e.jpg?v=1759128768|https://cdn.shopify.com/s/files/1/0912/9351/6071/files/img_f8c0bdc9_20241015_i1728975261_7799_6_jpg_11cdee97-33ef-4585-b550-bcad863203da.jpg?v=1759128768,Hi I want CLUTCH 36 IN BLACK QUILTED CALFSKIN SILVER BUCKLE,
CLUTCH 24 IN BLACK QUILTED CALFSKIN SILVER BUCKLE,https://cdn.shopify.com/s/files/1/0912/9351/6071/files/img_f8c0bdc9_20241015_i1728976086_7077_6_jpg_a9993a37-7ddc-4755-9562-a05d6431a0ff.jpg?v=1759128786,handbags,ysl,https://cdn.shopify.com/s/files/1/0912/9351/6071/files/img_f8c0bdc9_20241015_i1728976086_7077_6_jpg_a9993a37-7ddc-4755-9562-a05d6431a0ff.jpg?v=1759128786|https://cdn.shopify.com/s/files/1/0912/9351/6071/files/img_f8c0bdc9_20241015_i1728976086_2284_0_jpg_6522aa79-051e-4b0b-b83f-c649320eb415.jpg?v=1759128786|https://cdn.shopify.com/s/files/1/0912/9351/6071/files/img_f8c0bdc9_20241015_i1728976086_3425_3_jpg_a5c5253b-a3fe-4fd2-bd43-b92b9b02a42e.jpg?v=1759128786|https://cdn.shopify.com/s/files/1/0912/9351/6071/files/img_f8c0bdc9_20241015_i1728976086_3506_7_jpg_235f3223-ee20-4f75-84d3-ee4b2af2932c.jpg?v=1759128786|https://cdn.shopify.com/s/files/1/0912/9351/6071/files/img_f8c0bdc9_20241015_i1728976086_4109_5_jpg_c4acc51e-3d43-4672-b371-c6799c0acc03.jpg?v=1759128786|https://cdn.shopify.com/s/files/1/0912/9351/6071/files/img_f8c0bdc9_20241015_i1728976086_4680_1_jpg_59395fee-998f-411e-837c-a3affbd1ef3d.jpg?v=1759128786|https://cdn.shopify.com/s/files/1/0912/9351/6071/files/img_f8c0bdc9_20241015_i1728976086_6613_2_jpg_f60dd5f4-8234-4e15-9412-0c4db3ed6a0c.jpg?v=1759128786|https://cdn.shopify.com/s/files/1/0912/9351/6071/files/img_f8c0bdc9_20241015_i1728976086_7464_4_jpg_928825f4-e9f8-410a-b5a2-e72f65f8b74c.jpg?v=1759128786|https://cdn.shopify.com/s/files/1/0912/9351/6071/files/img_f8c0bdc9_20241015_i1728976087_9105_8_jpg_e1783932-0983-43f9-ac28-87dc49d51b0f.jpg?v=1759128786,Hi I want CLUTCH 24 IN BLACK QUILTED CALFSKIN SILVER BUCKLE,
CASSANDRA CHAIN BAG 22 IN WHITE CROCODILE PATTERN CALFSKIN GOLD HARDWARE,https://cdn.shopify.com/s/files/1/0912/9351/6071/files/img_f8c0bdc9_20241223_1734935833_380_jpg_59abddab-e8c6-4335-b6ad-d0c4b27a4d49.jpg?v=1759128849,handbags,ysl,https://cdn.shopify.com/s/files/1/0912/9351/6071/files/img_f8c0bdc9_20241223_1734935833_380_jpg_59abddab-e8c6-4335-b6ad-d0c4b27a4d49.jpg?v=1759128849|https://cdn.shopify.com/s/files/1/0912/9351/6071/files/img_f8c0bdc9_20241223_1734935833_337_jpg_e4ee1e12-78ef-447a-9949-b71aa2b7683c.jpg?v=1759128849|https://cdn.shopify.com/s/files/1/0912/9351/6071/files/img_f8c0bdc9_20241223_1734935833_520_jpg_6f3a278b-275f-4329-93e7-6d834f35629f.jpg?v=1759128849|https://cdn.shopify.com/s/files/1/0912/9351/6071/files/img_f8c0bdc9_20241223_1734935833_610_jpg_0754bb7b-7ee3-456c-902f-26352b16bc45.jpg?v=1759128849|https://cdn.shopify.com/s/files/1/0912/9351/6071/files/img_f8c0bdc9_20241223_1734935833_750_jpg_cb42e691-e5f6-4e92-89e4-ede83454c2fd.jpg?v=1759128849|https://cdn.shopify.com/s/files/1/0912/9351/6071/files/img_f8c0bdc9_20241223_1734935833_780_jpg_a83c9ba0-48d3-4854-8ab3-e05f811d3da9.jpg?v=1759128849|https://cdn.shopify.com/s/files/1/0912/9351/6071/files/img_f8c0bdc9_20241223_1734935833_803_jpg_5cc0d4a1-03ff-4919-b562-c6d49d2f4d54.jpg?v=1759128850|https://cdn.shopify.com/s/files/1/0912/9351/6071/files/img_f8c0bdc9_20241223_1734935833_913_jpg_6a26ccf9-3181-4506-a193-6de8107d1ccb.jpg?v=1759128850|https://cdn.shopify.com/s/files/1/0912/9351/6071/files/img_f8c0bdc9_20241223_1734935833_954_jpg_b9f52ee6-be6d-4ef4-8150-0e0ce7426f3f.jpg?v=1759128850,Hi I want CASSANDRA CHAIN BAG 22 IN WHITE CROCODILE PATTERN CALFSKIN GOLD HARDWARE,
CASSANDRA CHAIN BAG 22 IN BLACK CROCODILE PATTERN CALFSKIN SILVER HARDWARE,https://cdn.shopify.com/s/files/1/0912/9351/6071/files/img_f8c0bdc9_20241223_1734936153_103_jpg_9d807a6b-9808-4591-87be-d4df6f140f96.jpg?v=1759128875,handbags,ysl,https://cdn.shopify.com/s/files/1/0912/9351/6071/files/img_f8c0bdc9_20241223_1734936153_103_jpg_9d807a6b-9808-4591-87be-d4df6f140f96.jpg?v=1759128875|https://cdn.shopify.com/s/files/1/0912/9351/6071/files/img_f8c0bdc9_20241223_1734936153_80_jpg_ba92e556-7bcb-4dcd-9866-135cb51248f5.jpg?v=1759128875|https://cdn.shopify.com/s/files/1/0912/9351/6071/files/img_f8c0bdc9_20241223_1734936153_140_jpg_7548042e-87ed-4e61-b663-0651c0d39e78.jpg?v=1759128875|https://cdn.shopify.com/s/files/1/0912/9351/6071/files/img_f8c0bdc9_20241223_1734936153_350_jpg_6697685e-e584-4c5d-8850-8412abf1d522.jpg?v=1759128875|https://cdn.shopify.com/s/files/1/0912/9351/6071/files/img_f8c0bdc9_20241223_1734936153_471_jpg_28f7384f-88dd-490c-9552-2177c7c424b6.jpg?v=1759128875|https://cdn.shopify.com/s/files/1/0912/9351/6071/files/img_f8c0bdc9_20241223_1734936153_499_jpg_4d3a78a0-e770-4357-826a-4e402828842f.jpg?v=1759128875|https://cdn.shopify.com/s/files/1/0912/9351/6071/files/img_f8c0bdc9_20241223_1734936153_500_jpg_510253f2-d4a2-4a28-9993-462e6c153af3.jpg?v=1759128875|https://cdn.shopify.com/s/files/1/0912/9351/6071/files/img_f8c0bdc9_20241223_1734936153_652_jpg_d50b7c58-788a-4248-b211-f687bacd9961.jpg?v=1759128875|https://cdn.shopify.com/s/files/1/0912/9351/6071/files/img_f8c0bdc9_20241223_1734936153_843_jpg_b5658359-e0b8-4b28-9c19-c363c211f1dd.jpg?v=1759128875,Hi I want CASSANDRA CHAIN BAG 22 IN BLACK CROCODILE PATTERN CALFSKIN SILVER HARDWARE,
BECKY 25 IN RED QUILTED LAMBSKIN GOLD HARDWARE,https://cdn.shopify.com/s/files/1/0912/9351/6071/files/img_f8c0bdc9_20241223_1734937397_370_jpg_4d870d39-d628-47d7-9d5b-5d11fffe1d7e.jpg?v=1759128886,handbags,ysl,https://cdn.shopify.com/s/files/1/0912/9351/6071/files/img_f8c0bdc9_20241223_1734937397_370_jpg_4d870d39-d628-47d7-9d5b-5d11fffe1d7e.jpg?v=1759128886|https://cdn.shopify.com/s/files/1/0912/9351/6071/files/img_f8c0bdc9_20241223_1734937396_78_jpg_1bff803f-e9c0-4005-b879-5e9b5de7655a.jpg?v=1759128886|https://cdn.shopify.com/s/files/1/0912/9351/6071/files/img_f8c0bdc9_20241223_1734937396_112_jpg_01b9155a-89fc-4692-966c-0c52f6d7a899.jpg?v=1759128886|https://cdn.shopify.com/s/files/1/0912/9351/6071/files/img_f8c0bdc9_20241223_1734937396_398_jpg_33fca579-ad4f-40e8-8a50-23ce7ae5dab6.jpg?v=1759128886|https://cdn.shopify.com/s/files/1/0912/9351/6071/files/img_f8c0bdc9_20241223_1734937396_541_jpg_c8fe19ff-b96a-4ad8-adf6-eb510c21c2b2.jpg?v=1759128886|https://cdn.shopify.com/s/files/1/0912/9351/6071/files/img_f8c0bdc9_20241223_1734937396_799_jpg_2a05e5f2-5fd5-4473-993e-d4f15178370b.jpg?v=1759128886|https://cdn.shopify.com/s/files/1/0912/9351/6071/files/img_f8c0bdc9_20241223_1734937397_258_jpg_df56f3a7-b211-4040-97d1-7300d3d2f840.jpg?v=1759128886|https://cdn.shopify.com/s/files/1/0912/9351/6071/files/img_f8c0bdc9_20241223_1734937397_500_jpg_37010f4d-0a6a-48ba-8fd0-72578c466939.jpg?v=1759128886|https://cdn.shopify.com/s/files/1/0912/9351/6071/files/img_f8c0bdc9_20241223_1734937397_681_jpg_2e1cab8f-0917-4a6b-b524-94357e0ed618.jpg?v=1759128886,Hi I want BECKY 25 IN RED QUILTED LAMBSKIN GOLD HARDWARE,
BECKY 22 IN MEDIUM BROWN QUILTED LAMBSKIN GOLD HARDWARE,https://cdn.shopify.com/s/files/1/0912/9351/6071/files/img_f8c0bdc9_20241223_1734937628_954_jpg_0fabd0f3-e561-4dec-a25c-7b601a08528f.jpg?v=1759128907,handbags,ysl,https://cdn.shopify.com/s/files/1/0912/9351/6071/files/img_f8c0bdc9_20241223_1734937628_954_jpg_0fabd0f3-e561-4dec-a25c-7b601a08528f.jpg?v=1759128907|https://cdn.shopify.com/s/files/1/0912/9351/6071/files/img_f8c0bdc9_20241223_1734937628_144_jpg_6b9965ab-645b-4789-bd16-4e8124a59b04.jpg?v=1759128907|https://cdn.shopify.com/s/files/1/0912/9351/6071/files/img_f8c0bdc9_20241223_1734937628_652_jpg_3964954d-5180-4f93-baa8-0236bf5b7aec.jpg?v=1759128907|https://cdn.shopify.com/s/files/1/0912/9351/6071/files/img_f8c0bdc9_20241223_1734937628_654_jpg_62ff4c02-a8dc-4842-a4bb-8e6f5032095b.jpg?v=1759128907|https://cdn.shopify.com/s/files/1/0912/9351/6071/files/img_f8c0bdc9_20241223_1734937628_860_jpg_3811063b-230e-40e0-9810-4b119ac27c13.jpg?v=1759128907|https://cdn.shopify.com/s/files/1/0912/9351/6071/files/img_f8c0bdc9_20241223_1734937628_865_jpg_734c23f1-2d2e-4761-832d-a86f1b3ecf42.jpg?v=1759128907|https://cdn.shopify.com/s/files/1/0912/9351/6071/files/img_f8c0bdc9_20241223_1734937629_31_jpg_6df406c0-6938-485c-9135-f211655dece4.jpg?v=1759128907|https://cdn.shopify.com/s/files/1/0912/9351/6071/files/img_f8c0bdc9_20241223_1734937629_220_jpg_9d29d2d7-b877-4b86-b4c0-ec67668dd21a.jpg?v=1759128907|https://cdn.shopify.com/s/files/1/0912/9351/6071/files/img_f8c0bdc9_20241223_1734937629_631_jpg_35c28b86-f758-49d2-9aec-8d2ef23d9819.jpg?v=1759128907,Hi I want BECKY 22 IN MEDIUM BROWN QUILTED LAMBSKIN GOLD HARDWARE,
BECKY 26 IN WHITE QUILTED LAMBSKIN GOLD HARDWARE,https://cdn.shopify.com/s/files/1/0912/9351/6071/files/img_f8c0bdc9_20241223_1734937745_389_jpg_810d0853-9f08-47c4-bfc8-ee92482e4b6d.jpg?v=1759128916,handbags,ysl,https://cdn.shopify.com/s/files/1/0912/9351/6071/files/img_f8c0bdc9_20241223_1734937745_389_jpg_810d0853-9f08-47c4-bfc8-ee92482e4b6d.jpg?v=1759128916|https://cdn.shopify.com/s/files/1/0912/9351/6071/files/img_f8c0bdc9_20241223_1734937745_55_jpg_876a7474-c92d-4895-87ad-5ed4597f3315.jpg?v=1759128916|https://cdn.shopify.com/s/files/1/0912/9351/6071/files/img_f8c0bdc9_20241223_1734937745_152_jpg_d67d6867-488e-4b1e-9d38-435e46b55acc.jpg?v=1759128916|https://cdn.shopify.com/s/files/1/0912/9351/6071/files/img_f8c0bdc9_20241223_1734937745_174_jpg_948813dc-c62e-40a3-bc1e-6e1e851d8a40.jpg?v=1759128916|https://cdn.shopify.com/s/files/1/0912/9351/6071/files/img_f8c0bdc9_20241223_1734937745_436_jpg_e1d6f249-9959-49c0-8d56-278a1b84f802.jpg?v=1759128916|https://cdn.shopify.com/s/files/1/0912/9351/6071/files/img_f8c0bdc9_20241223_1734937745_554_jpg_b1f277be-09c5-4dad-bf65-9744acf6955f.jpg?v=1759128916|https://cdn.shopify.com/s/files/1/0912/9351/6071/files/img_f8c0bdc9_20241223_1734937745_867_jpg_7197e045-55a4-44c9-b5e1-dd0e5b811db1.jpg?v=1759128916|https://cdn.shopify.com/s/files/1/0912/9351/6071/files/img_f8c0bdc9_20241223_1734937746_225_jpg_4d150683-b3df-4fe8-b7bb-de561cafcc07.jpg?v=1759128916|https://cdn.shopify.com/s/files/1/0912/9351/6071/files/img_f8c0bdc9_20241223_1734937746_329_jpg_13076222-ab0e-463c-9a66-e33f13d449b6.jpg?v=1759128917,Hi I want BECKY 26 IN WHITE QUILTED LAMBSKIN GOLD HARDWARE,
BECKY 22 IN WHITE QUILTED LAMBSKIN GOLD HARDWARE,https://cdn.shopify.com/s/files/1/0912/9351/6071/files/img_f8c0bdc9_20241223_1734937936_234_jpg_2bd5e16a-2b54-4c18-ac81-1ef770bda7e5.jpg?v=1759128926,handbags,ysl,https://cdn.shopify.com/s/files/1/0912/9351/6071/files/img_f8c0bdc9_20241223_1734937936_234_jpg_2bd5e16a-2b54-4c18-ac81-1ef770bda7e5.jpg?v=1759128926|https://cdn.shopify.com/s/files/1/0912/9351/6071/files/img_f8c0bdc9_20241223_1734937936_169_jpg_e6dda6b3-3966-4842-a9e9-d9b32b62c3b1.jpg?v=1759128926|https://cdn.shopify.com/s/files/1/0912/9351/6071/files/img_f8c0bdc9_20241223_1734937936_326_jpg_8bb413ab-aebf-46ef-bdd2-6ca2cef2f8c8.jpg?v=1759128926|https://cdn.shopify.com/s/files/1/0912/9351/6071/files/img_f8c0bdc9_20241223_1734937936_492_jpg_67db1e74-44ec-4c41-ab90-8ff95403b974.jpg?v=1759128926|https://cdn.shopify.com/s/files/1/0912/9351/6071/files/img_f8c0bdc9_20241223_1734937936_534_jpg_ea0e26bb-356f-4c9a-8f57-1345aa2b666c.jpg?v=1759128926|https://cdn.shopify.com/s/files/1/0912/9351/6071/files/img_f8c0bdc9_20241223_1734937936_758_jpg_9d426cca-3863-41e1-9892-89c91011b8df.jpg?v=1759128926|https://cdn.shopify.com/s/files/1/0912/9351/6071/files/img_f8c0bdc9_20241223_1734937936_804_jpg_9f213f24-434a-43c1-bd1e-d4c26acc0798.jpg?v=1759128926|https://cdn.shopify.com/s/files/1/0912/9351/6071/files/img_f8c0bdc9_20241223_1734937936_866_jpg_58add0d9-e8b6-4c5d-b627-73b7b2227b22.jpg?v=1759128926|https://cdn.shopify.com/s/files/1/0912/9351/6071/files/img_f8c0bdc9_20241223_1734937936_962_jpg_f03070b9-628b-436c-b71c-f9a9c36f7d60.jpg?v=1759128926,Hi I want BECKY 22 IN WHITE QUILTED LAMBSKIN GOLD HARDWARE,
BECKY 26 IN BLACK QUILTED LAMBSKIN GOLD HARDWARE,https://cdn.shopify.com/s/files/1/0912/9351/6071/files/img_f8c0bdc9_20241223_1734938119_725_jpg_fe0d0c6f-6912-4aaf-858f-c771e0f18e52.jpg?v=1759128936,handbags,ysl,https://cdn.shopify.com/s/files/1/0912/9351/6071/files/img_f8c0bdc9_20241223_1734938119_725_jpg_fe0d0c6f-6912-4aaf-858f-c771e0f18e52.jpg?v=1759128936|https://cdn.shopify.com/s/files/1/0912/9351/6071/files/img_f8c0bdc9_20241223_1734938118_177_jpg_dd1ba367-6ea1-4236-aedc-6ffc432f68f7.jpg?v=1759128936|https://cdn.shopify.com/s/files/1/0912/9351/6071/files/img_f8c0bdc9_20241223_1734938118_768_jpg_1173b102-93e4-4f0e-94bf-323a3e9116ca.jpg?v=1759128936|https://cdn.shopify.com/s/files/1/0912/9351/6071/files/img_f8c0bdc9_20241223_1734938119_28_jpg_55efa0a6-b0a8-4882-b430-36a429750d09.jpg?v=1759128936|https://cdn.shopify.com/s/files/1/0912/9351/6071/files/img_f8c0bdc9_20241223_1734938119_215_jpg_4ec234aa-b69e-4ff6-84af-243d55f91152.jpg?v=1759128936|https://cdn.shopify.com/s/files/1/0912/9351/6071/files/img_f8c0bdc9_20241223_1734938119_227_jpg_7056c3ed-be31-4802-972f-512934ac27da.jpg?v=1759128936|https://cdn.shopify.com/s/files/1/0912/9351/6071/files/img_f8c0bdc9_20241223_1734938119_401_jpg_65cf9395-eedf-46f1-8649-256bace7ba43.jpg?v=1759128936|https://cdn.shopify.com/s/files/1/0912/9351/6071/files/img_f8c0bdc9_20241223_1734938119_962_jpg_7b912646-6f22-45b1-bd8c-3ec87fac7df0.jpg?v=1759128936|https://cdn.shopify.com/s/files/1/0912/9351/6071/files/img_f8c0bdc9_20241223_1734938119_974_jpg_a6a514b6-806d-4e5e-85c0-47e1edd13954.jpg?v=1759128936,Hi I want BECKY 26 IN BLACK QUILTED LAMBSKIN GOLD HARDWARE,
BECKY 22 IN BLACK QUILTED LAMBSKIN GOLD HARDWARE,https://cdn.shopify.com/s/files/1/0912/9351/6071/files/img_f8c0bdc9_20241223_1734938283_555_jpg_1ea15db4-8fca-43a4-b40f-b1bf33e489e6.jpg?v=1759128946,handbags,ysl,https://cdn.shopify.com/s/files/1/0912/9351/6071/files/img_f8c0bdc9_20241223_1734938283_555_jpg_1ea15db4-8fca-43a4-b40f-b1bf33e489e6.jpg?v=1759128946|https://cdn.shopify.com/s/files/1/0912/9351/6071/files/img_f8c0bdc9_20241223_1734938283_118_jpg_ec6ef81c-05b4-41ea-ab3b-dbea32c16a85.jpg?v=1759128946|https://cdn.shopify.com/s/files/1/0912/9351/6071/files/img_f8c0bdc9_20241223_1734938283_928_jpg_71b59a79-58d2-40f8-a24b-0ac916c90e80.jpg?v=1759128946|https://cdn.shopify.com/s/files/1/0912/9351/6071/files/img_f8c0bdc9_20241223_1734938283_216_jpg_12ad5c52-c2ea-4887-bab0-014b68e3f37e.jpg?v=1759128946|https://cdn.shopify.com/s/files/1/0912/9351/6071/files/img_f8c0bdc9_20241223_1734938283_297_jpg_b3afcba0-08c8-4b59-9658-42c63e7e032f.jpg?v=1759128946|https://cdn.shopify.com/s/files/1/0912/9351/6071/files/img_f8c0bdc9_20241223_1734938283_446_jpg_92958775-3000-43f2-aa90-26cd04514118.jpg?v=1759128946|https://cdn.shopify.com/s/files/1/0912/9351/6071/files/img_f8c0bdc9_20241223_1734938283_476_jpg_2b061a06-cc5b-44bf-a4c4-98e74ffdbc1a.jpg?v=1759128946|https://cdn.shopify.com/s/files/1/0912/9351/6071/files/img_f8c0bdc9_20241223_1734938283_700_jpg_35b367a8-665a-473b-b7d8-4ca57ee51b2a.jpg?v=1759128946|https://cdn.shopify.com/s/files/1/0912/9351/6071/files/img_f8c0bdc9_20241223_1734938283_939_jpg_ed818b59-d93d-4798-a2f6-5e91e5032bb8.jpg?v=1759128946,Hi I want BECKY 22 IN BLACK QUILTED LAMBSKIN GOLD HARDWARE,
LOULOU MEDIUM 29 IN WHITE SHEEPSKIN GOLD HARDWARE,https://cdn.shopify.com/s/files/1/0912/9351/6071/files/img_f8c0bdc9_20241224_i1735019863946_2215_0_8_jpg_1ac8a016-1da8-4723-9835-e0e8248e2dcc.jpg?v=1759128956,handbags,ysl,https://cdn.shopify.com/s/files/1/0912/9351/6071/files/img_f8c0bdc9_20241224_i1735019863946_2215_0_8_jpg_1ac8a016-1da8-4723-9835-e0e8248e2dcc.jpg?v=1759128956|https://cdn.shopify.com/s/files/1/0912/9351/6071/files/img_f8c0bdc9_20241224_i1735019192202_8671_0_2_jpg_9df71cd2-bdfb-4b5e-bf23-47fef0410229.jpg?v=1759128956|https://cdn.shopify.com/s/files/1/0912/9351/6071/files/img_f8c0bdc9_20241224_i1735019192206_1893_0_6_jpg_6c164e06-a36b-442e-91c2-c6a01094aeb2.jpg?v=1759128956|https://cdn.shopify.com/s/files/1/0912/9351/6071/files/img_f8c0bdc9_20241224_i1735019192206_4330_0_4_jpg_b8e1ccf8-645d-4008-95c6-36b8bb6be254.jpg?v=1759128956|https://cdn.shopify.com/s/files/1/0912/9351/6071/files/img_f8c0bdc9_20241224_i1735019192206_4651_0_8_jpg_db9ac70b-9b8f-40ad-be6f-629e4c6eb470.jpg?v=1759128956|https://cdn.shopify.com/s/files/1/0912/9351/6071/files/img_f8c0bdc9_20241224_i1735019192206_4667_0_5_jpg_1070722a-779f-4206-b16c-e936e4a1b80f.jpg?v=1759128956|https://cdn.shopify.com/s/files/1/0912/9351/6071/files/img_f8c0bdc9_20241224_i1735019192206_6208_0_1_jpg_fa8b4dd3-eee5-4572-a2c1-eba292071204.jpg?v=1759128956|https://cdn.shopify.com/s/files/1/0912/9351/6071/files/img_f8c0bdc9_20241224_i1735019192206_8197_0_7_jpg_ddce7e43-68c5-4445-a2ad-7626c65155f5.jpg?v=1759128956|https://cdn.shopify.com/s/files/1/0912/9351/6071/files/img_f8c0bdc9_20241224_i1735019192206_9778_0_3_jpg_c9579e41-996d-4c29-89ef-7fae71054d8b.jpg?v=1759128956,Hi I want LOULOU MEDIUM 29 IN WHITE SHEEPSKIN GOLD HARDWARE,
LOULOU MEDIUM 29 IN BURGUNDY RED SHEEPSKIN GOLD HARDWARE,https://cdn.shopify.com/s/files/1/0912/9351/6071/files/img_f8c0bdc9_20241224_i1735020210497_122_0_0_jpg_7a3f5178-6dd5-47ef-ae0f-bf9695e5e7c4.jpg?v=1759128984,handbags,ysl,https://cdn.shopify.com/s/files/1/0912/9351/6071/files/img_f8c0bdc9_20241224_i1735020210497_122_0_0_jpg_7a3f5178-6dd5-47ef-ae0f-bf9695e5e7c4.jpg?v=1759128984|https://cdn.shopify.com/s/files/1/0912/9351/6071/files/img_f8c0bdc9_20241224_i1735020210359_8554_0_5_jpg_3ae1e9c2-db8b-46fc-b822-76fed75578b7.jpg?v=1759128984|https://cdn.shopify.com/s/files/1/0912/9351/6071/files/img_f8c0bdc9_20241224_i1735020210428_7945_0_3_jpg_f05a3f09-5720-473d-8ea3-31f42804a6d0.jpg?v=1759128984|https://cdn.shopify.com/s/files/1/0912/9351/6071/files/img_f8c0bdc9_20241224_i1735020210570_7778_0_4_jpg_b9c23c8c-6bf1-4348-948a-6aedc088cef0.jpg?v=1759128984|https://cdn.shopify.com/s/files/1/0912/9351/6071/files/img_f8c0bdc9_20241224_i1735020210643_3472_0_2_jpg_fab5e0fc-f02c-4bc1-89ac-48740b841685.jpg?v=1759128984|https://cdn.shopify.com/s/files/1/0912/9351/6071/files/img_f8c0bdc9_20241224_i1735020210746_8509_0_8_jpg_6945e198-cdde-4db7-b1c8-13f05021bba9.jpg?v=1759128984|https://cdn.shopify.com/s/files/1/0912/9351/6071/files/img_f8c0bdc9_20241224_i1735020210817_641_0_7_jpg_014fd0d2-3336-4f97-8b59-e6dc384a9a3b.jpg?v=1759128984|https://cdn.shopify.com/s/files/1/0912/9351/6071/files/img_f8c0bdc9_20241224_i1735020210889_8877_0_6_jpg_50c993e3-1683-47ec-a4bb-66632753fe0d.jpg?v=1759128984|https://cdn.shopify.com/s/files/1/0912/9351/6071/files/img_f8c0bdc9_20241224_i1735020210964_1205_0_1_jpg_3b99f8e3-6065-4c5b-a0b1-c67d76d5f311.jpg?v=1759128984,Hi I want LOULOU MEDIUM 29 IN BURGUNDY RED SHEEPSKIN GOLD HARDWARE,
LOULOU MEDIUM 29 IN SALMON PINK SHEEPSKIN GOLD HARDWARE,https://cdn.shopify.com/s/files/1/0912/9351/6071/files/img_f8c0bdc9_20241224_i1735020767720_5325_0_0_jpg_95e8e692-0ac8-45ba-aa56-1c256ccbcb61.jpg?v=1759129016,handbags,ysl,https://cdn.shopify.com/s/files/1/0912/9351/6071/files/img_f8c0bdc9_20241224_i1735020767720_5325_0_0_jpg_95e8e692-0ac8-45ba-aa56-1c256ccbcb61.jpg?v=1759129016|https://cdn.shopify.com/s/files/1/0912/9351/6071/files/img_f8c0bdc9_20241224_i1735020767346_9311_0_7_jpg_7a790845-2042-4aea-a1c9-41c680f56c4b.jpg?v=1759129016|https://cdn.shopify.com/s/files/1/0912/9351/6071/files/img_f8c0bdc9_20241224_i1735020767878_405_0_8_jpg_bce6ee5a-c4a3-42cf-b152-c35588070079.jpg?v=1759129016|https://cdn.shopify.com/s/files/1/0912/9351/6071/files/img_f8c0bdc9_20241224_i1735020767274_6824_0_1_jpg_f9777e4b-9bbe-43bb-a5ad-418fcce7dd52.jpg?v=1759129016|https://cdn.shopify.com/s/files/1/0912/9351/6071/files/img_f8c0bdc9_20241224_i1735020767420_5042_0_4_jpg_b84c57f0-44c8-4b2f-a494-978d62e5eb7f.jpg?v=1759129016|https://cdn.shopify.com/s/files/1/0912/9351/6071/files/img_f8c0bdc9_20241224_i1735020767496_7627_0_5_jpg_260db11f-83aa-44b6-823e-de858626084f.jpg?v=1759129016|https://cdn.shopify.com/s/files/1/0912/9351/6071/files/img_f8c0bdc9_20241224_i1735020767574_2618_0_2_jpg_82da036b-95bc-41d9-9892-195632fd30b9.jpg?v=1759129016|https://cdn.shopify.com/s/files/1/0912/9351/6071/files/img_f8c0bdc9_20241224_i1735020767647_7776_0_6_jpg_2b162fd2-e3ab-4da3-a180-7405eca50e0b.jpg?v=1759129016|https://cdn.shopify.com/s/files/1/0912/9351/6071/files/img_f8c0bdc9_20241224_i1735020767789_8420_0_3_jpg_df9e3268-efea-416e-9396-ab147b77f6b0.jpg?v=1759129016,Hi I want LOULOU MEDIUM 29 IN SALMON PINK SHEEPSKIN GOLD HARDWARE,
LOULOU SMALL 24 IN SALMON PINK SHEEPSKIN GOLD HARDWARE,https://cdn.shopify.com/s/files/1/0912/9351/6071/files/img_f8c0bdc9_20241224_i1735020877055_1753_0_0_jpg_ac67f7a0-bc4a-4e95-b15e-1b6bf97134db.jpg?v=1759129026,handbags,ysl,https://cdn.shopify.com/s/files/1/0912/9351/6071/files/img_f8c0bdc9_20241224_i1735020877055_1753_0_0_jpg_ac67f7a0-bc4a-4e95-b15e-1b6bf97134db.jpg?v=1759129026|https://cdn.shopify.com/s/files/1/0912/9351/6071/files/img_f8c0bdc9_20241224_i1735020876687_9716_0_1_jpg_35913a53-1152-4ac5-9c17-1d77ac898d38.jpg?v=1759129026|https://cdn.shopify.com/s/files/1/0912/9351/6071/files/img_f8c0bdc9_20241224_i1735020876755_3070_0_4_jpg_d9060131-6069-40e4-b5cb-12ae2e2ed848.jpg?v=1759129026|https://cdn.shopify.com/s/files/1/0912/9351/6071/files/img_f8c0bdc9_20241224_i1735020876827_8316_0_5_jpg_2d9a95af-2530-48e7-bfc8-47fa1af40c9b.jpg?v=1759129026|https://cdn.shopify.com/s/files/1/0912/9351/6071/files/img_f8c0bdc9_20241224_i1735020876905_3084_0_2_jpg_1805c2e8-98bd-4f07-9840-7fde32f8d6ed.jpg?v=1759129026|https://cdn.shopify.com/s/files/1/0912/9351/6071/files/img_f8c0bdc9_20241224_i1735020876984_6721_0_8_jpg_7e2806be-166c-48fc-8739-13fbe7213ea5.jpg?v=1759129026|https://cdn.shopify.com/s/files/1/0912/9351/6071/files/img_f8c0bdc9_20241224_i1735020877126_2987_0_6_jpg_4ba23566-6ce9-4a7e-892b-9981814400df.jpg?v=1759129026|https://cdn.shopify.com/s/files/1/0912/9351/6071/files/img_f8c0bdc9_20241224_i1735020877198_1994_0_3_jpg_699bed61-156c-4438-996b-028e98ff5565.jpg?v=1759129026|https://cdn.shopify.com/s/files/1/0912/9351/6071/files/img_f8c0bdc9_20241224_i1735020877273_823_0_7_jpg_56ee5a77-f98b-40ce-925a-ae3f8e0184ee.jpg?v=1759129026,Hi I want LOULOU SMALL 24 IN SALMON PINK SHEEPSKIN GOLD HARDWARE,
LOULOU MEDIUM 29 IN MILK TEA SHEEPSKIN GOLD HARDWARE,https://cdn.shopify.com/s/files/1/0912/9351/6071/files/img_f8c0bdc9_20241224_i1735021304158_7069_0_0_jpg_5c2d93ba-42ab-4dc4-a128-0f243b0f7bbe.jpg?v=1759129036,handbags,ysl,https://cdn.shopify.com/s/files/1/0912/9351/6071/files/img_f8c0bdc9_20241224_i1735021304158_7069_0_0_jpg_5c2d93ba-42ab-4dc4-a128-0f243b0f7bbe.jpg?v=1759129036|https://cdn.shopify.com/s/files/1/0912/9351/6071/files/img_f8c0bdc9_20241224_i1735021303773_8275_0_3_jpg_8b731407-bd05-4b64-9f8e-36fea5629f2c.jpg?v=1759129036|https://cdn.shopify.com/s/files/1/0912/9351/6071/files/img_f8c0bdc9_20241224_i1735021303849_4313_0_5_jpg_e0a57493-cd83-4707-993b-15612c9897ae.jpg?v=1759129036|https://cdn.shopify.com/s/files/1/0912/9351/6071/files/img_f8c0bdc9_20241224_i1735021303927_858_0_8_jpg_c39ec735-cabb-492b-a1af-928bc2fff695.jpg?v=1759129036|https://cdn.shopify.com/s/files/1/0912/9351/6071/files/img_f8c0bdc9_20241224_i1735021304008_5698_0_2_jpg_25bef4bf-5ec0-4426-8411-83aec9bbccab.jpg?v=1759129036|https://cdn.shopify.com/s/files/1/0912/9351/6071/files/img_f8c0bdc9_20241224_i1735021304083_9854_0_6_jpg_a18112bd-7cb0-483c-b659-d1b7ccefaa8c.jpg?v=1759129036|https://cdn.shopify.com/s/files/1/0912/9351/6071/files/img_f8c0bdc9_20241224_i1735021304234_6166_0_1_jpg_c5001bae-dad7-4fc7-ac7a-148351b7515c.jpg?v=1759129036|https://cdn.shopify.com/s/files/1/0912/9351/6071/files/img_f8c0bdc9_20241224_i1735021304313_6047_0_4_jpg_1a19cec0-dd4f-4949-9c86-03a8c7dbf138.jpg?v=1759129036|https://cdn.shopify.com/s/files/1/0912/9351/6071/files/img_f8c0bdc9_20241224_i1735021304385_9262_0_7_jpg_a6ca17ed-2ca9-4574-8602-886a4de8c7dc.jpg?v=1759129036,Hi I want LOULOU MEDIUM 29 IN MILK TEA SHEEPSKIN GOLD HARDWARE,
LOULOU MEDIUM 29 IN BLACK SHEEPSKIN GOLD HARDWARE,https://cdn.shopify.com/s/files/1/0912/9351/6071/files/img_f8c0bdc9_20241224_i1735021956309_9722_0_0_jpg_6b82ddb9-7a7c-4b02-9fa9-ea4019f94923.jpg?v=1759129048,handbags,ysl,https://cdn.shopify.com/s/files/1/0912/9351/6071/files/img_f8c0bdc9_20241224_i1735021956309_9722_0_0_jpg_6b82ddb9-7a7c-4b02-9fa9-ea4019f94923.jpg?v=1759129048|https://cdn.shopify.com/s/files/1/0912/9351/6071/files/img_f8c0bdc9_20241224_i1735021956527_244_0_1_jpg_58ea826b-0f46-47c3-8a26-18dc1a5e8625.jpg?v=1759129048|https://cdn.shopify.com/s/files/1/0912/9351/6071/files/img_f8c0bdc9_20241224_i1735021956085_5690_0_7_jpg_c51e9a10-b2b1-488b-befb-a81cd990139b.jpg?v=1759129048|https://cdn.shopify.com/s/files/1/0912/9351/6071/files/img_f8c0bdc9_20241224_i1735021956238_6690_0_8_jpg_e31dd032-ef7e-4c60-8ac1-1105786eebe3.jpg?v=1759129048|https://cdn.shopify.com/s/files/1/0912/9351/6071/files/img_f8c0bdc9_20241224_i1735021956012_1805_0_6_jpg_f8b8d965-d19c-4af8-970b-4d6eb193da35.jpg?v=1759129048|https://cdn.shopify.com/s/files/1/0912/9351/6071/files/img_f8c0bdc9_20241224_i1735021956163_1520_0_5_jpg_ce595b18-f8b0-49cb-a117-2281e52718cf.jpg?v=1759129048|https://cdn.shopify.com/s/files/1/0912/9351/6071/files/img_f8c0bdc9_20241224_i1735021956383_6985_0_4_jpg_7836a407-d502-492d-97e3-5b4ac91d629b.jpg?v=1759129048|https://cdn.shopify.com/s/files/1/0912/9351/6071/files/img_f8c0bdc9_20241224_i1735021956451_1700_0_3_jpg_9c474413-858d-4a4a-acd4-4b80db1e0bf3.jpg?v=1759129048|https://cdn.shopify.com/s/files/1/0912/9351/6071/files/img_f8c0bdc9_20241224_i1735021956605_6358_0_2_jpg_60c60a60-bc9c-4210-b904-ea917f3fc19e.jpg?v=1759129048,Hi I want LOULOU MEDIUM 29 IN BLACK SHEEPSKIN GOLD HARDWARE,
LOULOU SMALL 24 IN MILK TEA SHEEPSKIN GOLD HARDWARE,https://cdn.shopify.com/s/files/1/0912/9351/6071/files/img_f8c0bdc9_20241224_i1735021424102_5774_0_0_jpg_1a6a7271-b640-4e42-aa12-46a0f7f41ced.jpg?v=1759129061,handbags,ysl,https://cdn.shopify.com/s/files/1/0912/9351/6071/files/img_f8c0bdc9_20241224_i1735021424102_5774_0_0_jpg_1a6a7271-b640-4e42-aa12-46a0f7f41ced.jpg?v=1759129061|https://cdn.shopify.com/s/files/1/0912/9351/6071/files/img_f8c0bdc9_20241224_i1735021423743_6340_0_8_jpg_c712a83c-1efe-424f-82a7-a8f089a81e6a.jpg?v=1759129061|https://cdn.shopify.com/s/files/1/0912/9351/6071/files/img_f8c0bdc9_20241224_i1735021423811_5283_0_4_jpg_f4e5c0b9-9808-4b79-b725-6164989f79b6.jpg?v=1759129061|https://cdn.shopify.com/s/files/1/0912/9351/6071/files/img_f8c0bdc9_20241224_i1735021423881_4309_0_1_jpg_55943e06-442d-4694-8ec3-204e3f88dc9b.jpg?v=1759129061|https://cdn.shopify.com/s/files/1/0912/9351/6071/files/img_f8c0bdc9_20241224_i1735021423957_3476_0_7_jpg_daa944ea-88a6-4605-a088-784539a6ebf1.jpg?v=1759129061|https://cdn.shopify.com/s/files/1/0912/9351/6071/files/img_f8c0bdc9_20241224_i1735021424029_8232_0_6_jpg_8865fe5c-87ed-456a-af4b-b827365c1b87.jpg?v=1759129061|https://cdn.shopify.com/s/files/1/0912/9351/6071/files/img_f8c0bdc9_20241224_i1735021424182_4924_0_2_jpg_2f47de8a-879d-47ce-afeb-476048f2f01a.jpg?v=1759129061|https://cdn.shopify.com/s/files/1/0912/9351/6071/files/img_f8c0bdc9_20241224_i1735021424259_6382_0_5_jpg_7b15512a-3d45-4e64-8b52-a3f50e6579e3.jpg?v=1759129061|https://cdn.shopify.com/s/files/1/0912/9351/6071/files/img_f8c0bdc9_20241224_i1735021424329_8675_0_3_jpg_0480403c-25e3-4754-a3f6-e0143fa0df11.jpg?v=1759129061,Hi I want LOULOU SMALL 24 IN MILK TEA SHEEPSKIN GOLD HARDWARE,
LOULOU MINI 20 IN MILK TEA SHEEPSKIN GOLD HARDWARE,https://cdn.shopify.com/s/files/1/0912/9351/6071/files/img_f8c0bdc9_20241224_i1735021565881_6960_0_0_jpg_e67c8936-62f8-4c46-bdc9-f592932a30f2.jpg?v=1759129071,handbags,ysl,https://cdn.shopify.com/s/files/1/0912/9351/6071/files/img_f8c0bdc9_20241224_i1735021565881_6960_0_0_jpg_e67c8936-62f8-4c46-bdc9-f592932a30f2.jpg?v=1759129071|https://cdn.shopify.com/s/files/1/0912/9351/6071/files/img_f8c0bdc9_20241224_i1735021565297_9006_0_4_jpg_ad754773-e0b6-40cf-b712-e796026fd02d.jpg?v=1759129071|https://cdn.shopify.com/s/files/1/0912/9351/6071/files/img_f8c0bdc9_20241224_i1735021565367_496_0_1_jpg_19c09c05-3845-4024-a303-3df6de6cdd20.jpg?v=1759129071|https://cdn.shopify.com/s/files/1/0912/9351/6071/files/img_f8c0bdc9_20241224_i1735021565441_9480_0_2_jpg_cbd335f2-4c3c-408b-bbb4-711fcc2ac517.jpg?v=1759129071|https://cdn.shopify.com/s/files/1/0912/9351/6071/files/img_f8c0bdc9_20241224_i1735021565515_7615_0_5_jpg_69dd56da-999f-4193-acad-90749d016db7.jpg?v=1759129071|https://cdn.shopify.com/s/files/1/0912/9351/6071/files/img_f8c0bdc9_20241224_i1735021565578_3338_0_8_jpg_a60997cc-1b92-4d1c-9bd4-673375a554a3.jpg?v=1759129071|https://cdn.shopify.com/s/files/1/0912/9351/6071/files/img_f8c0bdc9_20241224_i1735021565659_5202_0_7_jpg_44850e8f-25e6-4d11-b2f9-8f331464c17d.jpg?v=1759129071|https://cdn.shopify.com/s/files/1/0912/9351/6071/files/img_f8c0bdc9_20241224_i1735021565734_1962_0_6_jpg_5f063b5c-8174-4c4d-8a6e-ae42846edcdc.jpg?v=1759129071|https://cdn.shopify.com/s/files/1/0912/9351/6071/files/img_f8c0bdc9_20241224_i1735021565804_3703_0_3_jpg_59b4ecaa-a80f-416d-a38f-7b826a76b02d.jpg?v=1759129071,Hi I want LOULOU MINI 20 IN MILK TEA SHEEPSKIN GOLD HARDWARE,
LOULOU SMALL 24 IN BLACK SHEEPSKIN GOLD HARDWARE,https://cdn.shopify.com/s/files/1/0912/9351/6071/files/img_f8c0bdc9_20241224_i1735022066541_4553_0_0_jpg_9ac50a88-ed69-4ec8-b592-deb38b2ba93c.jpg?v=1759129082,handbags,ysl,https://cdn.shopify.com/s/files/1/0912/9351/6071/files/img_f8c0bdc9_20241224_i1735022066541_4553_0_0_jpg_9ac50a88-ed69-4ec8-b592-deb38b2ba93c.jpg?v=1759129082|https://cdn.shopify.com/s/files/1/0912/9351/6071/files/img_f8c0bdc9_20241224_i1735022065942_5373_0_6_jpg_506ba7b9-0989-418b-8fda-073dc5b5edb9.jpg?v=1759129082|https://cdn.shopify.com/s/files/1/0912/9351/6071/files/img_f8c0bdc9_20241224_i1735022066012_2324_0_3_jpg_229b7217-dda4-46aa-8e81-6b3bc4c37c5e.jpg?v=1759129082|https://cdn.shopify.com/s/files/1/0912/9351/6071/files/img_f8c0bdc9_20241224_i1735022066086_9697_0_1_jpg_685a1dac-2fc3-4e0a-8f3e-23f83dbc157b.jpg?v=1759129082|https://cdn.shopify.com/s/files/1/0912/9351/6071/files/img_f8c0bdc9_20241224_i1735022066166_7742_0_2_jpg_65b5873a-cade-43fe-aa9d-281fca55488b.jpg?v=1759129082|https://cdn.shopify.com/s/files/1/0912/9351/6071/files/img_f8c0bdc9_20241224_i1735022066249_8090_0_8_jpg_b7b974ce-9946-45b3-9e4c-f260c2d3894f.jpg?v=1759129082|https://cdn.shopify.com/s/files/1/0912/9351/6071/files/img_f8c0bdc9_20241224_i1735022066323_479_0_4_jpg_45667453-aebd-4e76-8d3a-2dac6efec3b8.jpg?v=1759129082|https://cdn.shopify.com/s/files/1/0912/9351/6071/files/img_f8c0bdc9_20241224_i1735022066395_4218_0_7_jpg_9c2fab1d-cce0-4a76-ba0a-7cc0a92e0003.jpg?v=1759129082|https://cdn.shopify.com/s/files/1/0912/9351/6071/files/img_f8c0bdc9_20241224_i1735022066467_5540_0_5_jpg_1d6d230f-f2aa-4b50-b953-8a8430c289bc.jpg?v=1759129082,Hi I want LOULOU SMALL 24 IN BLACK SHEEPSKIN GOLD HARDWARE,
LOULOU MINI 20 IN BLACK SHEEPSKIN GOLD HARDWARE,https://cdn.shopify.com/s/files/1/0912/9351/6071/files/img_f8c0bdc9_20241224_i1735022172947_3437_0_0_jpg_16b00264-d204-41fc-90e4-3632272232cd.jpg?v=1759129093,handbags,ysl,https://cdn.shopify.com/s/files/1/0912/9351/6071/files/img_f8c0bdc9_20241224_i1735022172947_3437_0_0_jpg_16b00264-d204-41fc-90e4-3632272232cd.jpg?v=1759129093|https://cdn.shopify.com/s/files/1/0912/9351/6071/files/img_f8c0bdc9_20241224_i1735022172792_7225_0_7_jpg_8e1de249-4665-477a-b6d2-ba52d4e0ae7e.jpg?v=1759129093|https://cdn.shopify.com/s/files/1/0912/9351/6071/files/img_f8c0bdc9_20241224_i1735022172876_8623_0_8_jpg_b36fa2f3-28d9-468d-b9f7-83210eb53c5f.jpg?v=1759129093|https://cdn.shopify.com/s/files/1/0912/9351/6071/files/img_f8c0bdc9_20241224_i1735022173028_7650_0_6_jpg_2313e61f-0dfd-4a17-9ebe-22db7a07e6c4.jpg?v=1759129093|https://cdn.shopify.com/s/files/1/0912/9351/6071/files/img_f8c0bdc9_20241224_i1735022173098_1270_0_3_jpg_352ed813-a88f-4fca-903a-33b15e0a5995.jpg?v=1759129093|https://cdn.shopify.com/s/files/1/0912/9351/6071/files/img_f8c0bdc9_20241224_i1735022173173_3625_0_4_jpg_f88f4948-80b6-4de4-90f9-1265544aafd5.jpg?v=1759129093|https://cdn.shopify.com/s/files/1/0912/9351/6071/files/img_f8c0bdc9_20241224_i1735022173325_1183_0_5_jpg_2c497c3e-be3b-4737-acd2-4f58cd873e1b.jpg?v=1759129093|https://cdn.shopify.com/s/files/1/0912/9351/6071/files/img_f8c0bdc9_20241224_i1735022173254_5942_0_2_jpg_419882ca-77b9-4000-8f67-ce504e645cfe.jpg?v=1759129093|https://cdn.shopify.com/s/files/1/0912/9351/6071/files/img_f8c0bdc9_20241224_i1735022173399_8132_0_1_jpg_7be97607-71db-4903-b4b7-e3ce8067bed7.jpg?v=1759129093,Hi I want LOULOU MINI 20 IN BLACK SHEEPSKIN GOLD HARDWARE,
SOLFERINO SMALL SATCHEL 19 IN BLACK CALFSKIN GOLD LOGO,https://cdn.shopify.com/s/files/1/0912/9351/6071/files/20230717_i1689574097_4196_0_jpg_63b3848a-61b6-4110-a4c1-61cc21915b07.jpg?v=1759129103,handbags,ysl,https://cdn.shopify.com/s/files/1/0912/9351/6071/files/20230717_i1689574097_4196_0_jpg_63b3848a-61b6-4110-a4c1-61cc21915b07.jpg?v=1759129103|https://cdn.shopify.com/s/files/1/0912/9351/6071/files/20230717_i1689574097_1846_6_jpg_73b0fa76-f22e-4ea1-9fd4-7d33be0ce6b6.jpg?v=1759129103|https://cdn.shopify.com/s/files/1/0912/9351/6071/files/20230717_i1689574097_3854_3_jpg_ec2aae8f-e10b-4a6b-911e-0f4b9e03cebb.jpg?v=1759129103|https://cdn.shopify.com/s/files/1/0912/9351/6071/files/20230717_i1689574097_4031_2_jpg_7ec039c3-1fa2-4fc8-a660-a0b16dd99c57.jpg?v=1759129103|https://cdn.shopify.com/s/files/1/0912/9351/6071/files/20230717_i1689574097_5776_8_jpg_19459a28-fb3b-4dae-8128-eedb43f8487f.jpg?v=1759129103|https://cdn.shopify.com/s/files/1/0912/9351/6071/files/20230717_i1689574097_6924_5_jpg_32b5a68f-9461-4d67-b7df-f4816faf0088.jpg?v=1759129103|https://cdn.shopify.com/s/files/1/0912/9351/6071/files/20230717_i1689574097_8249_4_jpg_29b233e5-86c7-4961-983b-2ef403735ea3.jpg?v=1759129103|https://cdn.shopify.com/s/files/1/0912/9351/6071/files/20230717_i1689574576_146_0_jpg_9ff40d76-a45c-4eff-a16c-6c1ca9769c02.jpg?v=1759129103|https://cdn.shopify.com/s/files/1/0912/9351/6071/files/20230717_i1689575460_1528_0_jpg_7d35c238-9f50-4915-af4b-2f1a9c4edf61.jpg?v=1759129103,Hi I want SOLFERINO SMALL SATCHEL 19 IN BLACK CALFSKIN GOLD LOGO,
LOU MINI CAMERA BAG 19 IN MANGO ORANGE CAVIAR PATTERN CALFSKIN GOLD HARDWARE,https://cdn.shopify.com/s/files/1/0912/9351/6071/files/20221211_i1670743196_6618_0_jpg_d5a4e898-83d2-4593-a615-d6f4983febf8.jpg?v=1759129113,handbags,ysl,https://cdn.shopify.com/s/files/1/0912/9351/6071/files/20221211_i1670743196_6618_0_jpg_d5a4e898-83d2-4593-a615-d6f4983febf8.jpg?v=1759129113|https://cdn.shopify.com/s/files/1/0912/9351/6071/files/20221211_i1670742919_169_4_jpg_e1437386-bc6e-4cdd-878e-579d59d391fa.jpg?v=1759129113|https://cdn.shopify.com/s/files/1/0912/9351/6071/files/20221211_i1670742919_2701_5_jpg_987a22d0-8de8-4e43-8a62-4e5b5bb64d10.jpg?v=1759129113|https://cdn.shopify.com/s/files/1/0912/9351/6071/files/20221211_i1670742919_3802_3_jpg_0f1f95fd-c0ab-45c3-8f86-78cb5b27857d.jpg?v=1759129113|https://cdn.shopify.com/s/files/1/0912/9351/6071/files/20221211_i1670742919_6080_1_jpg_f84e7e2b-5f83-4137-a939-c5fd3bd8b773.jpg?v=1759129113|https://cdn.shopify.com/s/files/1/0912/9351/6071/files/20221211_i1670742919_6252_2_jpg_648deb23-a422-4c5c-a4a1-b4818426b47b.jpg?v=1759129113|https://cdn.shopify.com/s/files/1/0912/9351/6071/files/20221211_i1670742919_6509_6_jpg_49b608b9-39a7-4952-b801-152b851f1462.jpg?v=1759129113|https://cdn.shopify.com/s/files/1/0912/9351/6071/files/20221211_i1670742919_7525_8_jpg_1e47817a-57b8-478c-a5da-6d50101fcccc.jpg?v=1759129113|https://cdn.shopify.com/s/files/1/0912/9351/6071/files/20221211_i1670742919_7579_7_jpg_22ee8a6f-3569-460e-968a-4ab4764abede.jpg?v=1759129113,Hi I want LOU MINI CAMERA BAG 19 IN MANGO ORANGE CAVIAR PATTERN CALFSKIN GOLD HARDWARE,
LOU MINI CAMERA BAG 19 IN WHITE CAVIAR PATTERN CALFSKIN GOLD HARDWARE,https://cdn.shopify.com/s/files/1/0912/9351/6071/files/20220530_i1653898297_6102_0_jpg_fa2d854e-eb47-46bd-af80-da9a3a73de0c.jpg?v=1759129123,handbags,ysl,https://cdn.shopify.com/s/files/1/0912/9351/6071/files/20220530_i1653898297_6102_0_jpg_fa2d854e-eb47-46bd-af80-da9a3a73de0c.jpg?v=1759129123|https://cdn.shopify.com/s/files/1/0912/9351/6071/files/20220530_i1653898297_997_1_jpg_af7d5a2f-9e0f-422b-a6b7-422edb3899b7.jpg?v=1759129123|https://cdn.shopify.com/s/files/1/0912/9351/6071/files/20220530_i1653898297_4082_3_jpg_56015f93-8ce3-4cc1-8ab9-38c0144dd894.jpg?v=1759129123|https://cdn.shopify.com/s/files/1/0912/9351/6071/files/20220530_i1653898297_7403_2_jpg_e3825210-93a1-4bd5-8dcb-e227e62442f8.jpg?v=1759129123|https://cdn.shopify.com/s/files/1/0912/9351/6071/files/20220530_i1653898305_3188_2_jpg_16c0870f-b17e-4fed-b5c9-e88da14642cb.jpg?v=1759129123|https://cdn.shopify.com/s/files/1/0912/9351/6071/files/20220530_i1653898305_5989_1_jpg_5feba8cb-714a-4bf9-bc92-59741204bacd.jpg?v=1759129123|https://cdn.shopify.com/s/files/1/0912/9351/6071/files/20220530_i1653898305_7582_3_jpg_c611f47e-5124-4d0c-bdbf-03a7d0a9900d.jpg?v=1759129123|https://cdn.shopify.com/s/files/1/0912/9351/6071/files/20220530_i1653898305_8484_0_jpg_d992cc50-ecbe-495e-b10e-7c0df0b13d65.jpg?v=1759129123|https://cdn.shopify.com/s/files/1/0912/9351/6071/files/20220530_i1653898309_6088_0_jpg_77d30417-8b7f-4e0f-b614-9c9302a9b751.jpg?v=1759129123,Hi I want LOU MINI CAMERA BAG 19 IN WHITE CAVIAR PATTERN CALFSKIN GOLD HARDWARE,
LOU MINI CAMERA BAG 19 IN BLACK CAVIAR PATTERN CALFSKIN BLACK HARDWARE,https://cdn.shopify.com/s/files/1/0912/9351/6071/files/20220530_i1653895788_9659_0_jpg_804b1d17-cb88-4901-ba9c-40e713e39abd.jpg?v=1759129133,handbags,ysl,https://cdn.shopify.com/s/files/1/0912/9351/6071/files/20220530_i1653895788_9659_0_jpg_804b1d17-cb88-4901-ba9c-40e713e39abd.jpg?v=1759129133|https://cdn.shopify.com/s/files/1/0912/9351/6071/files/20220530_i1653895788_745_1_jpg_96ee09e8-8d25-41d9-98e2-4366bc51a997.jpg?v=1759129133|https://cdn.shopify.com/s/files/1/0912/9351/6071/files/20220530_i1653895788_1259_2_jpg_62341fcb-384d-4853-a7f8-468f900b0c4c.jpg?v=1759129134|https://cdn.shopify.com/s/files/1/0912/9351/6071/files/20220530_i1653895788_2562_5_jpg_59bf6652-5b48-472e-b4c5-a1b7299667b6.jpg?v=1759129134|https://cdn.shopify.com/s/files/1/0912/9351/6071/files/20220530_i1653895788_4591_6_jpg_3500086b-0964-40d8-b959-5b8a8a69692c.jpg?v=1759129134|https://cdn.shopify.com/s/files/1/0912/9351/6071/files/20220530_i1653895788_6751_3_jpg_d60ba3d3-a865-4c60-a6d5-dd3f2f4fa60f.jpg?v=1759129134|https://cdn.shopify.com/s/files/1/0912/9351/6071/files/20220530_i1653895788_9041_7_jpg_bf4f7f86-753c-494a-a69d-932c1511ce70.jpg?v=1759129134|https://cdn.shopify.com/s/files/1/0912/9351/6071/files/20220530_i1653895803_8114_1_jpg_69e57a45-c569-4c10-bb8b-ce217e0ea07d.jpg?v=1759129134|https://cdn.shopify.com/s/files/1/0912/9351/6071/files/20220530_i1653895803_8378_0_jpg_cf38c084-0fc6-4da8-90a0-69fb86c8d1ee.jpg?v=1759129134,Hi I want LOU MINI CAMERA BAG 19 IN BLACK CAVIAR PATTERN CALFSKIN BLACK HARDWARE,
UPTOWN POUCH 27 IN WHITE CANVAS AND BROWN LEATHER TRIM GOLD LOGO,https://cdn.shopify.com/s/files/1/0912/9351/6071/files/20240521_i1716275451_426_0_jpg_367add71-8e98-45de-8755-306ec49dc81b.jpg?v=1759129154,handbags,ysl,https://cdn.shopify.com/s/files/1/0912/9351/6071/files/20240521_i1716275451_426_0_jpg_367add71-8e98-45de-8755-306ec49dc81b.jpg?v=1759129154|https://cdn.shopify.com/s/files/1/0912/9351/6071/files/20240521_i1716274868_2911_6_jpg_cac6402d-a234-49e1-970e-b515464fc7cd.jpg?v=1759129154|https://cdn.shopify.com/s/files/1/0912/9351/6071/files/20240521_i1716274868_3136_2_jpg_bcff08d4-fa86-433d-b4e5-f7ce4a60e0ca.jpg?v=1759129154|https://cdn.shopify.com/s/files/1/0912/9351/6071/files/20240521_i1716274868_7554_5_jpg_aae210a5-4f24-46c2-bb89-bfb7b1cac16b.jpg?v=1759129154|https://cdn.shopify.com/s/files/1/0912/9351/6071/files/20240521_i1716274928_5435_0_jpg_2cf7cfeb-eb81-48bc-b626-29db30f841d5.jpg?v=1759129154|https://cdn.shopify.com/s/files/1/0912/9351/6071/files/20240521_i1716274949_6859_0_jpg_fa74f78a-8d6a-41bc-baf2-e6099d3c02b6.jpg?v=1759129154|https://cdn.shopify.com/s/files/1/0912/9351/6071/files/20240521_i1716275451_1680_1_jpg_b81f3588-8c70-4b54-abf9-71e35dc39d8d.jpg?v=1759129154|https://cdn.shopify.com/s/files/1/0912/9351/6071/files/20240521_i1716275485_9042_0_jpg_55f49b7f-6b7a-480a-ab2b-7d550860878f.jpg?v=1759129154|https://cdn.shopify.com/s/files/1/0912/9351/6071/files/20240521_i1716275496_9095_0_jpg_0c9dc7d1-0fdb-40c7-8769-2ad5c3dcc4f6.jpg?v=1759129154,Hi I want UPTOWN POUCH 27 IN WHITE CANVAS AND BROWN LEATHER TRIM GOLD LOGO,
SOLFERINO SMALL SATCHEL 19 IN BLACK MIX WHITE CALFSKIN GOLD LOGO,https://cdn.shopify.com/s/files/1/0912/9351/6071/files/20230717_i1689576561_4917_0_jpg_d9b0e4bc-e87e-4d80-89f9-9025dd51d690.jpg?v=1759129164,handbags,ysl,https://cdn.shopify.com/s/files/1/0912/9351/6071/files/20230717_i1689576561_4917_0_jpg_d9b0e4bc-e87e-4d80-89f9-9025dd51d690.jpg?v=1759129164|https://cdn.shopify.com/s/files/1/0912/9351/6071/files/20230717_i1689576561_1861_8_jpg_523b46cb-b7c7-4109-9646-9c58ffacf4bc.jpg?v=1759129164|https://cdn.shopify.com/s/files/1/0912/9351/6071/files/20230717_i1689576561_2153_5_jpg_531c3fd0-023b-4645-8aab-5ac0312e101d.jpg?v=1759129164|https://cdn.shopify.com/s/files/1/0912/9351/6071/files/20230717_i1689576561_2338_4_jpg_a7f4c7c7-50e2-4692-8d1c-d59a48d4c6b9.jpg?v=1759129164|https://cdn.shopify.com/s/files/1/0912/9351/6071/files/20230717_i1689576561_4090_7_jpg_3ddbf36b-e06d-48b5-a601-f0192d024119.jpg?v=1759129164|https://cdn.shopify.com/s/files/1/0912/9351/6071/files/20230717_i1689576561_5460_1_jpg_855035a6-b760-4f39-9622-a23d7de9d41a.jpg?v=1759129164|https://cdn.shopify.com/s/files/1/0912/9351/6071/files/20230717_i1689576561_5882_6_jpg_c99c588a-fc9f-45dc-9a4b-198d50044e27.jpg?v=1759129164|https://cdn.shopify.com/s/files/1/0912/9351/6071/files/20230717_i1689576561_6696_3_jpg_74c9c0d1-73db-49ce-9d33-7cf2631e0893.jpg?v=1759129164|https://cdn.shopify.com/s/files/1/0912/9351/6071/files/20230717_i1689576561_8077_2_jpg_ccfbc293-4d4f-408c-999e-994aad2b84ed.jpg?v=1759129164,Hi I want SOLFERINO SMALL SATCHEL 19 IN BLACK MIX WHITE CALFSKIN GOLD LOGO,
SOLFERINO MEDIUM SATCHEL 23 IN BLACK MIX WHITE CALFSKIN GOLD LOGO,https://cdn.shopify.com/s/files/1/0912/9351/6071/files/20230717_i1689577586_2790_0_jpg_8302dda3-41f8-4983-9010-7fddca275efa.jpg?v=1759129174,handbags,ysl,https://cdn.shopify.com/s/files/1/0912/9351/6071/files/20230717_i1689577586_2790_0_jpg_8302dda3-41f8-4983-9010-7fddca275efa.jpg?v=1759129174|https://cdn.shopify.com/s/files/1/0912/9351/6071/files/20230717_i1689577586_3051_8_jpg_c82cc9e0-f937-4919-88e5-897d45211a6e.jpg?v=1759129174|https://cdn.shopify.com/s/files/1/0912/9351/6071/files/20230717_i1689577586_3451_4_jpg_79ba75bf-177e-4d0f-aa70-696e51bd2a00.jpg?v=1759129174|https://cdn.shopify.com/s/files/1/0912/9351/6071/files/20230717_i1689577586_7658_7_jpg_f746f1dd-ce3d-4eb6-a36d-cb73c1e143e9.jpg?v=1759129174|https://cdn.shopify.com/s/files/1/0912/9351/6071/files/20230717_i1689577586_8418_5_jpg_8649508e-c9ad-4661-ad61-389edb71d2cb.jpg?v=1759129174|https://cdn.shopify.com/s/files/1/0912/9351/6071/files/20230717_i1689577586_427_1_jpg_6468c61c-613d-44ac-8527-0fbb7b9db9d1.jpg?v=1759129174|https://cdn.shopify.com/s/files/1/0912/9351/6071/files/20230717_i1689577586_2640_3_jpg_35ccca6c-b694-44e8-9166-e1b2b75129cb.jpg?v=1759129174|https://cdn.shopify.com/s/files/1/0912/9351/6071/files/20230717_i1689577586_6142_2_jpg_0e4b2579-82cc-4c29-97fe-093554fb5c42.jpg?v=1759129174|https://cdn.shopify.com/s/files/1/0912/9351/6071/files/20230717_i1689577586_6634_6_jpg_ae2dfae9-544c-4e2c-9505-f93493cc4634.jpg?v=1759129174,Hi I want SOLFERINO MEDIUM SATCHEL 23 IN BLACK MIX WHITE CALFSKIN GOLD LOGO,
COLLEGE TASSEL 24 IN BLACK SUEDE SILVER HARDWARE,https://cdn.shopify.com/s/files/1/0912/9351/6071/files/20220902_i1662103981_838_0_jpg_fd1f4bfb-73b4-4c77-b96c-30671099b39b.jpg?v=1759129222,handbags,ysl,https://cdn.shopify.com/s/files/1/0912/9351/6071/files/20220902_i1662103981_838_0_jpg_fd1f4bfb-73b4-4c77-b96c-30671099b39b.jpg?v=1759129222|https://cdn.shopify.com/s/files/1/0912/9351/6071/files/20220902_i1662103981_653_8_jpg_99cd5894-8e58-4070-8a93-49788efb5ce7.jpg?v=1759129222|https://cdn.shopify.com/s/files/1/0912/9351/6071/files/20220902_i1662103981_881_6_jpg_07f71edd-d4cc-47c5-a25d-72e27cb97696.jpg?v=1759129222|https://cdn.shopify.com/s/files/1/0912/9351/6071/files/20220902_i1662103981_2341_2_jpg_02bc4f2d-a660-4e10-86a1-1fbe506d7707.jpg?v=1759129222|https://cdn.shopify.com/s/files/1/0912/9351/6071/files/20220902_i1662103981_3283_3_jpg_9079186d-ce44-465d-9c8f-5e7bb934810c.jpg?v=1759129222|https://cdn.shopify.com/s/files/1/0912/9351/6071/files/20220902_i1662103981_3337_4_jpg_ce53aed1-11d7-49a1-801f-76b03fbbffbf.jpg?v=1759129222|https://cdn.shopify.com/s/files/1/0912/9351/6071/files/20220902_i1662103981_3461_1_jpg_48721d23-0225-4cb3-9767-818b9fa546c7.jpg?v=1759129222|https://cdn.shopify.com/s/files/1/0912/9351/6071/files/20220902_i1662103981_3958_7_jpg_122923b5-e513-423a-8b87-dafd718e6338.jpg?v=1759129222|https://cdn.shopify.com/s/files/1/0912/9351/6071/files/20220902_i1662103981_5692_5_jpg_7fbcb7e9-e14e-4c09-9138-586eb30249f8.jpg?v=1759129222,Hi I want COLLEGE TASSEL 24 IN BLACK SUEDE SILVER HARDWARE,
LE 5 À 7 SMALL SUPPLE 23 IN BEIGE LAMBSKIN GOLD BUCKLE,https://cdn.shopify.com/s/files/1/0912/9351/6071/files/20240423_i1713864217_6854_0_jpg_96b06d4e-36aa-4da5-8b4d-42df5c28d7ad.jpg?v=1782294831,handbags,ysl,https://cdn.shopify.com/s/files/1/0912/9351/6071/files/20240423_i1713864217_6854_0_jpg_96b06d4e-36aa-4da5-8b4d-42df5c28d7ad.jpg?v=1782294831|https://cdn.shopify.com/s/files/1/0912/9351/6071/files/20240423_i1713864205_2328_0_jpg_48a6eb3c-2d72-47b8-93b5-ea0c9e4c9bc6.jpg?v=1782294831|https://cdn.shopify.com/s/files/1/0912/9351/6071/files/20240423_i1713864231_1735_5_jpg_5b5cf1eb-2088-4bc8-9d60-c5bab6b9f92a.jpg?v=1782294830|https://cdn.shopify.com/s/files/1/0912/9351/6071/files/20240423_i1713864231_2515_0_jpg_a8ac91c7-64af-42c1-89ed-915085553bb8.jpg?v=1782294831|https://cdn.shopify.com/s/files/1/0912/9351/6071/files/20240423_i1713864231_3213_4_jpg_fd095fcf-e659-4423-855b-b5f181a0bb9d.jpg?v=1782294830|https://cdn.shopify.com/s/files/1/0912/9351/6071/files/20240423_i1713864231_6834_3_jpg_e4ca9324-0a7a-43c2-b959-f14683f1c287.jpg?v=1782294831|https://cdn.shopify.com/s/files/1/0912/9351/6071/files/20240423_i1713864231_9140_1_jpg_f1975a2c-6ee2-4015-8503-ea4e25f53d44.jpg?v=1782294830|https://cdn.shopify.com/s/files/1/0912/9351/6071/files/20240423_i1713864231_9359_2_jpg_49cf5be0-9a77-4aca-935e-971365a22315.jpg?v=1782294831|https://cdn.shopify.com/s/files/1/0912/9351/6071/files/20240423_i1713864290_883_0_jpg_4b169dc9-58ea-42aa-ab2f-0a5769de2e33.jpg?v=1782294831,Hi I want LE 5 À 7 SMALL SUPPLE 23 IN BEIGE LAMBSKIN GOLD BUCKLE,
LE 5 À 7 SMALL SUPPLE 23 IN GRAY LAMBSKIN GOLD BUCKLE,https://cdn.shopify.com/s/files/1/0912/9351/6071/files/20240511_i1715416194_1894_0_jpg_04e83132-b016-4de3-bf74-cf6d94a1cd29.jpg?v=1759129254,handbags,ysl,https://cdn.shopify.com/s/files/1/0912/9351/6071/files/20240511_i1715416194_1894_0_jpg_04e83132-b016-4de3-bf74-cf6d94a1cd29.jpg?v=1759129254|https://cdn.shopify.com/s/files/1/0912/9351/6071/files/20240511_i1715415938_5100_0_jpg_c5780008-c9db-45cd-83fa-5f3496b5ad67.jpg?v=1759129254|https://cdn.shopify.com/s/files/1/0912/9351/6071/files/20240511_i1715415949_304_5_jpg_a67640f9-e10f-48b3-8dd7-45ed58997d27.jpg?v=1759129254|https://cdn.shopify.com/s/files/1/0912/9351/6071/files/20240511_i1715415949_2677_4_jpg_c3dd346f-c796-4ea6-8061-35fe38112151.jpg?v=1759129254|https://cdn.shopify.com/s/files/1/0912/9351/6071/files/20240511_i1715415949_4849_0_jpg_f7cee422-743c-4c6a-a081-19ee40d42c87.jpg?v=1759129254|https://cdn.shopify.com/s/files/1/0912/9351/6071/files/20240511_i1715415949_5188_6_jpg_925e94b5-1183-4f54-9433-f2328a76fecd.jpg?v=1759129254|https://cdn.shopify.com/s/files/1/0912/9351/6071/files/20240511_i1715415949_5374_1_jpg_229420a1-ae0c-46e3-906e-cb52932c969f.jpg?v=1759129255|https://cdn.shopify.com/s/files/1/0912/9351/6071/files/20240511_i1715415949_7315_2_jpg_1453c205-594b-4f6f-ac9a-854c4060e4fb.jpg?v=1759129255|https://cdn.shopify.com/s/files/1/0912/9351/6071/files/20240511_i1715415949_9520_3_jpg_c9f528d6-b8d2-4525-912e-3c2e8ebf5fe3.jpg?v=1759129255,Hi I want LE 5 À 7 SMALL SUPPLE 23 IN GRAY LAMBSKIN GOLD BUCKLE,
LOU CAMERA BAG 23 IN GREENISH SUEDE AND CALFSKIN TRIM,https://cdn.shopify.com/s/files/1/0912/9351/6071/files/20230813_i1691912514_8791_0_jpg_d65e4cd4-cf41-4a43-b952-2bbf0a82ab22.jpg?v=1759129285,handbags,ysl,https://cdn.shopify.com/s/files/1/0912/9351/6071/files/20230813_i1691912514_8791_0_jpg_d65e4cd4-cf41-4a43-b952-2bbf0a82ab22.jpg?v=1759129285|https://cdn.shopify.com/s/files/1/0912/9351/6071/files/20230813_i1691912514_1249_5_jpg_f6e3a6e3-666c-47b0-9b4a-53ad3050882f.jpg?v=1759129285|https://cdn.shopify.com/s/files/1/0912/9351/6071/files/20230813_i1691912514_7955_2_jpg_66e5d974-8f53-45bb-90a2-af96d501b4f5.jpg?v=1759129285|https://cdn.shopify.com/s/files/1/0912/9351/6071/files/20230813_i1691912514_8140_8_jpg_49a05bb4-50fa-4e01-af7f-939c94f45967.jpg?v=1759129285|https://cdn.shopify.com/s/files/1/0912/9351/6071/files/20230813_i1691912514_8207_3_jpg_e4c173f3-e45d-4c9f-b0d2-c1f59d1ff435.jpg?v=1759129285|https://cdn.shopify.com/s/files/1/0912/9351/6071/files/20230813_i1691912514_8353_7_jpg_794499d2-a469-46fa-a06d-38a923e0b65c.jpg?v=1759129285|https://cdn.shopify.com/s/files/1/0912/9351/6071/files/20230813_i1691912514_8892_6_jpg_03dc23bd-e423-4759-abfd-a3b38187ef45.jpg?v=1759129285|https://cdn.shopify.com/s/files/1/0912/9351/6071/files/20230813_i1691912514_9253_4_jpg_ca3ccb45-928c-4569-8882-44348188b45d.jpg?v=1759129285|https://cdn.shopify.com/s/files/1/0912/9351/6071/files/20230813_i1691912514_308_1_jpg_196834ac-fe95-41e3-851d-318ec882fc60.jpg?v=1759129285,Hi I want LOU CAMERA BAG 23 IN GREENISH SUEDE AND CALFSKIN TRIM,
LOU CAMERA BAG 23 IN BLACK SUEDE AND CALFSKIN TRIM,https://cdn.shopify.com/s/files/1/0912/9351/6071/files/20230418_i1681810681_2496_0_jpg_6e3dac44-8479-4fe1-b5e5-859f981e12b0.jpg?v=1759129294,handbags,ysl,https://cdn.shopify.com/s/files/1/0912/9351/6071/files/20230418_i1681810681_2496_0_jpg_6e3dac44-8479-4fe1-b5e5-859f981e12b0.jpg?v=1759129294|https://cdn.shopify.com/s/files/1/0912/9351/6071/files/20230418_i1681800039_342_3_jpg_88a0e50a-d517-4336-9c0f-66354b2a22d0.jpg?v=1759129294|https://cdn.shopify.com/s/files/1/0912/9351/6071/files/20230418_i1681800039_2877_8_jpg_c3bdbffc-3bef-4b87-b0c5-81fb2ca5a235.jpg?v=1759129294|https://cdn.shopify.com/s/files/1/0912/9351/6071/files/20230418_i1681800039_5627_7_jpg_1dc8f655-712a-4b22-97b4-534f6dd63df7.jpg?v=1759129294|https://cdn.shopify.com/s/files/1/0912/9351/6071/files/20230418_i1681800039_6285_2_jpg_2754b7a2-395b-4fca-ad22-3628a3a752bc.jpg?v=1759129294|https://cdn.shopify.com/s/files/1/0912/9351/6071/files/20230418_i1681800039_6790_5_jpg_cf17da1a-b078-4ca0-8e4c-380093fddda4.jpg?v=1759129294|https://cdn.shopify.com/s/files/1/0912/9351/6071/files/20230418_i1681800039_9071_4_jpg_1efa5c99-c368-4f56-9a2b-4b41d3b3bc05.jpg?v=1759129294|https://cdn.shopify.com/s/files/1/0912/9351/6071/files/20230418_i1681810730_3679_0_jpg_6d06b4fa-63e6-4527-b27b-7b7a7e577757.jpg?v=1759129294|https://cdn.shopify.com/s/files/1/0912/9351/6071/files/20230418_i1681800039_6517_6_jpg_dc46f5ad-f3d6-445f-a069-a35a67516c1c.jpg?v=1759129294,Hi I want LOU CAMERA BAG 23 IN BLACK SUEDE AND CALFSKIN TRIM,
LOU CAMERA BAG 23 IN BRIGHT PINK SUEDE AND CALFSKIN TRIM,https://cdn.shopify.com/s/files/1/0912/9351/6071/files/20230419_i1681878191_3750_0_jpg_559b5901-715a-4b30-a9f5-cbd47d91e37f.jpg?v=1759129303,handbags,ysl,https://cdn.shopify.com/s/files/1/0912/9351/6071/files/20230419_i1681878191_3750_0_jpg_559b5901-715a-4b30-a9f5-cbd47d91e37f.jpg?v=1759129303|https://cdn.shopify.com/s/files/1/0912/9351/6071/files/20230418_i1681805818_171_3_jpg_afbef4ea-0a09-4348-b8c8-1e1ef040aa4a.jpg?v=1759129303|https://cdn.shopify.com/s/files/1/0912/9351/6071/files/20230418_i1681805818_3710_8_jpg_1cc3de83-39d2-4571-9534-fba6923a8292.jpg?v=1759129303|https://cdn.shopify.com/s/files/1/0912/9351/6071/files/20230418_i1681805818_4591_2_jpg_7b0dec86-2373-4622-b63a-3b37716111e2.jpg?v=1759129303|https://cdn.shopify.com/s/files/1/0912/9351/6071/files/20230418_i1681805818_6706_6_jpg_f01cd7c4-64d8-4ab1-b314-ade6ff791f75.jpg?v=1759129303|https://cdn.shopify.com/s/files/1/0912/9351/6071/files/20230418_i1681805818_7964_5_jpg_985676b6-4857-4dcc-8684-11ffe4973ca0.jpg?v=1759129303|https://cdn.shopify.com/s/files/1/0912/9351/6071/files/20230418_i1681805818_9457_7_jpg_e8296147-a31b-414d-a055-6a4ba1f439c2.jpg?v=1759129303|https://cdn.shopify.com/s/files/1/0912/9351/6071/files/20230418_i1681805818_9584_4_jpg_716277ac-dad6-4849-a0a0-ecf0f34b0a7c.jpg?v=1759129303|https://cdn.shopify.com/s/files/1/0912/9351/6071/files/20230419_i1681878191_6964_1_jpg_82789d4d-aaec-4c45-8a38-7e510a2f139c.jpg?v=1759129303,Hi I want LOU CAMERA BAG 23 IN BRIGHT PINK SUEDE AND CALFSKIN TRIM,
LOU CAMERA BAG 23 IN SPANISH ORANGE SUEDE AND BROWN CALFSKIN TRIM,https://cdn.shopify.com/s/files/1/0912/9351/6071/files/20230419_i1681878702_5999_0_jpg_2a372a00-626c-4ff6-a02d-521be2793972.jpg?v=1759129312,handbags,ysl,https://cdn.shopify.com/s/files/1/0912/9351/6071/files/20230419_i1681878702_5999_0_jpg_2a372a00-626c-4ff6-a02d-521be2793972.jpg?v=1759129312|https://cdn.shopify.com/s/files/1/0912/9351/6071/files/20230418_i1681804207_2299_6_jpg_a1cb9af1-06c3-4d79-bbce-3f372716e629.jpg?v=1759129312|https://cdn.shopify.com/s/files/1/0912/9351/6071/files/20230418_i1681804207_4867_7_jpg_203cccfd-18e3-457a-b89c-9a7677c99d65.jpg?v=1759129312|https://cdn.shopify.com/s/files/1/0912/9351/6071/files/20230418_i1681804207_5700_5_jpg_3f387c9c-e0dc-40e1-8c27-f5210516d283.jpg?v=1759129312|https://cdn.shopify.com/s/files/1/0912/9351/6071/files/20230418_i1681804207_6827_3_jpg_053b1a34-1a56-47e3-ad4f-ee65e13c5402.jpg?v=1759129312|https://cdn.shopify.com/s/files/1/0912/9351/6071/files/20230418_i1681804207_7494_2_jpg_295cf59a-6dd7-4162-9a9b-514ade48dfb9.jpg?v=1759129312|https://cdn.shopify.com/s/files/1/0912/9351/6071/files/20230418_i1681804207_8016_8_jpg_2f077e99-2d64-4b0f-b57f-bd4cb03fd403.jpg?v=1759129312|https://cdn.shopify.com/s/files/1/0912/9351/6071/files/20230418_i1681804207_9941_4_jpg_bc3b49db-a771-4474-a857-5fa5c97a8d55.jpg?v=1759129312|https://cdn.shopify.com/s/files/1/0912/9351/6071/files/20230419_i1681878788_5831_0_jpg_81c208cb-02fa-495e-bab0-9a940b08bb1e.jpg?v=1759129312,Hi I want LOU CAMERA BAG 23 IN SPANISH ORANGE SUEDE AND BROWN CALFSKIN TRIM,
COLLEGE MEDIUM 24 IN WHITE LAMBSKIN GOLD HARDWARE,https://cdn.shopify.com/s/files/1/0912/9351/6071/files/20220414_i1649919767_3134_0_jpg_8a4c493f-57c0-4d96-bda2-41686a68828c.jpg?v=1759129321,handbags,ysl,https://cdn.shopify.com/s/files/1/0912/9351/6071/files/20220414_i1649919767_3134_0_jpg_8a4c493f-57c0-4d96-bda2-41686a68828c.jpg?v=1759129321|https://cdn.shopify.com/s/files/1/0912/9351/6071/files/20220414_i1649919767_1354_6_jpg_95162b81-6419-4e33-a568-016f3bd2f86b.jpg?v=1759129321|https://cdn.shopify.com/s/files/1/0912/9351/6071/files/20220414_i1649919767_1710_5_jpg_8c67c31e-51d5-46f5-bd37-625854c291c8.jpg?v=1759129321|https://cdn.shopify.com/s/files/1/0912/9351/6071/files/20220414_i1649919767_1938_1_jpg_9faea751-55dc-40a9-8599-bb176313f710.jpg?v=1759129321|https://cdn.shopify.com/s/files/1/0912/9351/6071/files/20220414_i1649919767_3646_7_jpg_508053fb-05fc-48ef-aef7-65fb29df3d16.jpg?v=1759129321|https://cdn.shopify.com/s/files/1/0912/9351/6071/files/20220414_i1649919767_3943_3_jpg_fdc2c54c-c191-4bd1-b914-4d1ebbf499f0.jpg?v=1759129321|https://cdn.shopify.com/s/files/1/0912/9351/6071/files/20220414_i1649919767_8268_4_jpg_f6bebb35-7b15-4579-99df-b793d24b7158.jpg?v=1759129321|https://cdn.shopify.com/s/files/1/0912/9351/6071/files/20220414_i1649919767_9943_8_jpg_f2e64145-3144-4e1a-9eed-255b0cf2895c.jpg?v=1759129321|https://cdn.shopify.com/s/files/1/0912/9351/6071/files/20220414_i1649919879_1386_0_jpg_ce6e9fff-d780-41c4-a449-156808c77e6d.jpg?v=1759129321,Hi I want COLLEGE MEDIUM 24 IN WHITE LAMBSKIN GOLD HARDWARE,
LOULOU SMALL 25 IN PEANUT BROWN SUEDE COPPER HARDWARE,https://cdn.shopify.com/s/files/1/0912/9351/6071/files/img_aed707d3_20240328_a1711603504248_3416_jpg_ac27045d-8210-4b20-8e9e-1f67a965f73b.jpg?v=1759129370,handbags,ysl,https://cdn.shopify.com/s/files/1/0912/9351/6071/files/img_aed707d3_20240328_a1711603504248_3416_jpg_ac27045d-8210-4b20-8e9e-1f67a965f73b.jpg?v=1759129370|https://cdn.shopify.com/s/files/1/0912/9351/6071/files/img_aed707d3_20240328_a1711603504245_4111_jpg_f2bf424e-1999-42cb-be09-390cd92f1168.jpg?v=1759129370|https://cdn.shopify.com/s/files/1/0912/9351/6071/files/img_aed707d3_20240328_a1711603504398_6382_jpg_a13d4a52-a508-4f03-9b89-67dec4c8c4ba.jpg?v=1759129370|https://cdn.shopify.com/s/files/1/0912/9351/6071/files/img_aed707d3_20240328_a1711603504750_6728_jpg_e5c5263d-32b3-46ab-b82e-2421fb06d239.jpg?v=1759129370|https://cdn.shopify.com/s/files/1/0912/9351/6071/files/img_aed707d3_20240328_a1711603504769_4624_jpg_66130060-7183-4d92-9017-008adb156f17.jpg?v=1759129370|https://cdn.shopify.com/s/files/1/0912/9351/6071/files/img_aed707d3_20240328_a1711603504884_8406_jpg_f4660011-5785-4343-8f7e-53c9f7252239.jpg?v=1759129370|https://cdn.shopify.com/s/files/1/0912/9351/6071/files/img_aed707d3_20240328_a1711603505702_4370_jpg_66d520bd-0d52-4f6c-a3d4-bf1900337061.jpg?v=1759129370|https://cdn.shopify.com/s/files/1/0912/9351/6071/files/img_aed707d3_20240328_a1711603505830_3323_jpg_b0c7ea5a-9f63-4158-a3ff-228a773a1640.jpg?v=1759129370|https://cdn.shopify.com/s/files/1/0912/9351/6071/files/img_aed707d3_20240328_a1711603506008_8512_jpg_82c03d71-b1ad-46ca-9954-e9fa08dabc30.jpg?v=1759129370,Hi I want LOULOU SMALL 25 IN PEANUT BROWN SUEDE COPPER HARDWARE,
LOULOU MINI BAG 20 IN ASH BLUE QUILTED LAMBSKIN GOLD HARDWARE,https://cdn.shopify.com/s/files/1/0912/9351/6071/files/img_aed707d3_20231130_a1701322020161_7835_jpg_cd9d8c12-a46c-40a9-810b-76c69091c7ef.jpg?v=1759129392,handbags,ysl,https://cdn.shopify.com/s/files/1/0912/9351/6071/files/img_aed707d3_20231130_a1701322020161_7835_jpg_cd9d8c12-a46c-40a9-810b-76c69091c7ef.jpg?v=1759129392|https://cdn.shopify.com/s/files/1/0912/9351/6071/files/img_aed707d3_20231130_a1701322020087_8588_jpg_8f564472-ec00-4f28-9b87-d9ea0ab7be56.jpg?v=1759129392|https://cdn.shopify.com/s/files/1/0912/9351/6071/files/img_aed707d3_20231130_a1701322020147_6384_jpg_902ffce7-cfaf-4500-a265-d2e09efc05e7.jpg?v=1759129392|https://cdn.shopify.com/s/files/1/0912/9351/6071/files/img_aed707d3_20231130_a1701322020341_3700_jpg_5ff30678-efc7-4610-9028-606409cb2ba5.jpg?v=1759129392|https://cdn.shopify.com/s/files/1/0912/9351/6071/files/img_aed707d3_20231130_a1701322020344_5440_jpg_8a9fa031-e9da-44bd-acf6-e886a1416a5c.jpg?v=1759129392|https://cdn.shopify.com/s/files/1/0912/9351/6071/files/img_aed707d3_20231130_a1701322020376_4601_jpg_96fade75-3ceb-4593-97f8-8ff8249b4532.jpg?v=1759129392|https://cdn.shopify.com/s/files/1/0912/9351/6071/files/img_aed707d3_20231130_a1701322021085_3353_jpg_2d2fe74b-7f76-4b54-97eb-e7c919e37652.jpg?v=1759129392|https://cdn.shopify.com/s/files/1/0912/9351/6071/files/img_aed707d3_20231130_a1701322021119_4730_jpg_6efc7131-69ab-44db-a6a6-39c71c888e55.jpg?v=1759129392|https://cdn.shopify.com/s/files/1/0912/9351/6071/files/img_aed707d3_20231130_a1701322021124_8876_jpg_045a5e19-1c6d-4f1c-ad1f-6078c8f5d157.jpg?v=1759129392,Hi I want LOULOU MINI BAG 20 IN ASH BLUE QUILTED LAMBSKIN GOLD HARDWARE,
VOLTAIRE IN BOX 21 IN BLACK CALFSKIN GOLD LOGO,https://cdn.shopify.com/s/files/1/0912/9351/6071/files/img_af8f39e8_20240401_i1711980628_4928_2_jpg_b808b53d-5bcb-43e8-85fa-0ab62462478c.jpg?v=1759129404,handbags,ysl,https://cdn.shopify.com/s/files/1/0912/9351/6071/files/img_af8f39e8_20240401_i1711980628_4928_2_jpg_b808b53d-5bcb-43e8-85fa-0ab62462478c.jpg?v=1759129404|https://cdn.shopify.com/s/files/1/0912/9351/6071/files/img_af8f39e8_20240401_i1711980628_30_8_jpg_7ececa1e-be10-4817-9dd4-1ef51c5ba370.jpg?v=1759129404|https://cdn.shopify.com/s/files/1/0912/9351/6071/files/img_af8f39e8_20240401_i1711980628_2134_5_jpg_21f86fbb-41ee-4d5e-86e2-dca7ee0cdb87.jpg?v=1759129404|https://cdn.shopify.com/s/files/1/0912/9351/6071/files/img_af8f39e8_20240401_i1711980628_3925_6_jpg_ab26cdc3-8a2d-4f4f-9dda-aea624737bc5.jpg?v=1759129404|https://cdn.shopify.com/s/files/1/0912/9351/6071/files/img_af8f39e8_20240401_i1711980628_233_4_jpg_3f00d199-65ea-4e07-a795-de3121dcb73e.jpg?v=1759129404|https://cdn.shopify.com/s/files/1/0912/9351/6071/files/img_af8f39e8_20240401_i1711980628_2402_3_jpg_67bb11c6-8fde-413b-b062-91ef3e8a76cb.jpg?v=1759129404|https://cdn.shopify.com/s/files/1/0912/9351/6071/files/img_af8f39e8_20240401_i1711980628_4164_1_jpg_fbaefefe-efeb-4d1b-960f-7f3f66c52899.jpg?v=1759129404|https://cdn.shopify.com/s/files/1/0912/9351/6071/files/img_af8f39e8_20240401_i1711980628_6953_7_jpg_fc4f119f-7882-4963-9472-36199683d63d.jpg?v=1759129404|https://cdn.shopify.com/s/files/1/0912/9351/6071/files/img_af8f39e8_20240401_i1711980628_8496_0_jpg_4afae16e-1dfc-4495-b0df-b5bd21e6a2e7.jpg?v=1759129404,Hi I want VOLTAIRE IN BOX 21 IN BLACK CALFSKIN GOLD LOGO,
VOLTAIRE IN BOX 21 IN CARAMEL BROWN CALFSKIN GOLD LOGO,https://cdn.shopify.com/s/files/1/0912/9351/6071/files/img_b28ef27a_20240601_i1717247542_3147_5_jpg_838ce327-8de8-47eb-9c21-4e05b1373fce.jpg?v=1759129415,handbags,ysl,https://cdn.shopify.com/s/files/1/0912/9351/6071/files/img_b28ef27a_20240601_i1717247542_3147_5_jpg_838ce327-8de8-47eb-9c21-4e05b1373fce.jpg?v=1759129415|https://cdn.shopify.com/s/files/1/0912/9351/6071/files/img_b28ef27a_20240601_i1717247542_387_7_jpg_38f4525f-11cd-4178-80fc-fb8638119c95.jpg?v=1759129415|https://cdn.shopify.com/s/files/1/0912/9351/6071/files/img_b28ef27a_20240601_i1717247542_1161_2_jpg_ced99ead-aaf2-4ca1-b971-9bf89b694007.jpg?v=1759129415|https://cdn.shopify.com/s/files/1/0912/9351/6071/files/img_b28ef27a_20240601_i1717247542_2263_3_jpg_b1a3032b-9e06-4b70-bded-819884903a3a.jpg?v=1759129415|https://cdn.shopify.com/s/files/1/0912/9351/6071/files/img_b28ef27a_20240601_i1717247542_3588_6_jpg_f6181e44-7908-4cd6-bcc1-50ef69d9cc10.jpg?v=1759129415|https://cdn.shopify.com/s/files/1/0912/9351/6071/files/img_b28ef27a_20240601_i1717247542_5433_4_jpg_a8e0ee23-0325-4d91-bb49-d1075bc8bc98.jpg?v=1759129415|https://cdn.shopify.com/s/files/1/0912/9351/6071/files/img_b28ef27a_20240601_i1717247542_6414_1_jpg_5f27564f-cedb-4990-8d8b-28e62c213346.jpg?v=1759129415|https://cdn.shopify.com/s/files/1/0912/9351/6071/files/img_b28ef27a_20240601_i1717247542_8641_0_jpg_3ab0c34f-46a4-4947-b91f-a9b839581e9b.jpg?v=1759129415|https://cdn.shopify.com/s/files/1/0912/9351/6071/files/img_b28ef27a_20240601_i1717247542_8717_8_jpg_b6c7777c-3f43-4766-ad3d-499c3e568a3c.jpg?v=1759129415,Hi I want VOLTAIRE IN BOX 21 IN CARAMEL BROWN CALFSKIN GOLD LOGO,
KATE TASSEL 24 IN NAVY BLUE CROCODILE PATTERN CALFSKIN SILVER HARDWARE,https://cdn.shopify.com/s/files/1/0912/9351/6071/files/1572935744_956335404_0_6db0fa4b-4a32-470e-8203-8e1903b2bab6.jpg?v=1759129426,handbags,ysl,https://cdn.shopify.com/s/files/1/0912/9351/6071/files/1572935744_956335404_0_6db0fa4b-4a32-470e-8203-8e1903b2bab6.jpg?v=1759129426|https://cdn.shopify.com/s/files/1/0912/9351/6071/files/1572935744_917320010_6_2430c468-a665-4a55-bfd2-05871c118f1d.jpg?v=1759129426|https://cdn.shopify.com/s/files/1/0912/9351/6071/files/1572935744_1186172023_3_26fbf488-6c44-4f27-a813-55996b8c99d6.jpg?v=1759129426|https://cdn.shopify.com/s/files/1/0912/9351/6071/files/1572935744_2268846348_7_84d3b099-69ce-4d3b-8a7d-b99edb3a1d0e.jpg?v=1759129426|https://cdn.shopify.com/s/files/1/0912/9351/6071/files/1572935744_2313495092_4_32e335c7-2902-400d-a79e-3fedfa01fc27.jpg?v=1759129426|https://cdn.shopify.com/s/files/1/0912/9351/6071/files/1572935744_3486349011_8_8228e7e2-18ca-4cfd-8b54-7813c84c1fcf.jpg?v=1759129426|https://cdn.shopify.com/s/files/1/0912/9351/6071/files/1572935744_3744711228_2_b7f41ead-3151-4b32-b1b1-830eeba20278.jpg?v=1759129426|https://cdn.shopify.com/s/files/1/0912/9351/6071/files/1572935744_3765748197_1_adebf674-4260-44b6-bc01-6ad499c3fd7c.jpg?v=1759129426|https://cdn.shopify.com/s/files/1/0912/9351/6071/files/1572935744_4030788722_5_4e95d6b5-cf3f-4aea-8368-b9e94ec84baf.jpg?v=1759129426,Hi I want KATE TASSEL 24 IN NAVY BLUE CROCODILE PATTERN CALFSKIN SILVER HARDWARE,
LOULOU SMALL 25 IN BLACK LAMBSKIN GOLD HARDWARE,https://cdn.shopify.com/s/files/1/0912/9351/6071/files/20210504_i1620126417_4969_0_jpg_e7348d8d-9f3e-4d9b-a4fe-d337851d073f.jpg?v=1759129437,handbags,ysl,https://cdn.shopify.com/s/files/1/0912/9351/6071/files/20210504_i1620126417_4969_0_jpg_e7348d8d-9f3e-4d9b-a4fe-d337851d073f.jpg?v=1759129437|https://cdn.shopify.com/s/files/1/0912/9351/6071/files/20210504_i1620126417_1876_5_jpg_366f71fa-6bea-40c3-b8b5-19778f836e80.jpg?v=1759129437|https://cdn.shopify.com/s/files/1/0912/9351/6071/files/20210504_i1620126417_3476_6_jpg_fbcdfb56-e57b-415f-91fe-b6d635c301cb.jpg?v=1759129437|https://cdn.shopify.com/s/files/1/0912/9351/6071/files/20210504_i1620126417_5717_7_jpg_e2033fea-6ffc-462c-a829-d0b2ac397f7f.jpg?v=1759129437|https://cdn.shopify.com/s/files/1/0912/9351/6071/files/20210504_i1620126417_7943_3_jpg_ddee7126-18c5-4295-8214-49d4539f8edb.jpg?v=1759129437|https://cdn.shopify.com/s/files/1/0912/9351/6071/files/20210504_i1620126417_7953_4_jpg_9c2b6b2b-6090-4f26-b8ff-e258c100bbc9.jpg?v=1759129437|https://cdn.shopify.com/s/files/1/0912/9351/6071/files/20210504_i1620126417_8023_8_jpg_dda63781-15b1-4113-9164-0c868a38b25b.jpg?v=1759129438|https://cdn.shopify.com/s/files/1/0912/9351/6071/files/20210504_i1620126417_1700_2_jpg_b54a77da-56ff-4ed9-931c-575c498d5186.jpg?v=1759129438|https://cdn.shopify.com/s/files/1/0912/9351/6071/files/20210504_i1620126417_5207_1_jpg_cec04f6d-2c10-41ca-a904-18b27ced1ec0.jpg?v=1759129438,Hi I want LOULOU SMALL 25 IN BLACK LAMBSKIN GOLD HARDWARE,
LOULOU SMALL 25 IN BLACK LAMBSKIN SILVER HARDWARE,https://cdn.shopify.com/s/files/1/0912/9351/6071/files/20210504_i1620139096_2095_0_jpg_89c1c41c-020c-459e-a916-37aa63d6c18a.jpg?v=1759129448,handbags,ysl,https://cdn.shopify.com/s/files/1/0912/9351/6071/files/20210504_i1620139096_2095_0_jpg_89c1c41c-020c-459e-a916-37aa63d6c18a.jpg?v=1759129448|https://cdn.shopify.com/s/files/1/0912/9351/6071/files/20210504_i1620139096_1596_8_jpg_b40f8ac4-edf1-42e7-b5a4-fdc8b8b5e1ba.jpg?v=1759129448|https://cdn.shopify.com/s/files/1/0912/9351/6071/files/20210504_i1620139096_4921_2_jpg_e5312770-aacf-4eec-8a92-1c3405a50cff.jpg?v=1759129448|https://cdn.shopify.com/s/files/1/0912/9351/6071/files/20210504_i1620139096_6837_6_jpg_54300171-25ff-41a6-bc1d-98d175efa6e2.jpg?v=1759129448|https://cdn.shopify.com/s/files/1/0912/9351/6071/files/20210504_i1620139096_6908_3_jpg_f4c778e4-5ac9-4388-bfbe-50f3ceacbbb4.jpg?v=1759129448|https://cdn.shopify.com/s/files/1/0912/9351/6071/files/20210504_i1620139096_7644_7_jpg_5e629f11-3c2a-47d3-b2ec-84324625a76f.jpg?v=1759129448|https://cdn.shopify.com/s/files/1/0912/9351/6071/files/20210504_i1620139096_8116_5_jpg_94c752bb-f395-4793-8e86-8333b9514096.jpg?v=1759129448|https://cdn.shopify.com/s/files/1/0912/9351/6071/files/20210504_i1620139096_8558_4_jpg_c5ef71e5-8bff-482a-b4dd-6cd382d0c149.jpg?v=1759129449|https://cdn.shopify.com/s/files/1/0912/9351/6071/files/20210504_i1620139096_8795_1_jpg_115f5044-90fc-4f15-ab6d-e89a6effbe9b.jpg?v=1759129449,Hi I want LOULOU SMALL 25 IN BLACK LAMBSKIN SILVER HARDWARE,
LOULOU SMALL 25 IN BEIGE LAMBSKIN SILVER HARDWARE,https://cdn.shopify.com/s/files/1/0912/9351/6071/files/20210504_i1620139738_386_0_jpg_52e3be7a-fd58-4e39-8289-5b9b6ad3d8e1.jpg?v=1759129461,handbags,ysl,https://cdn.shopify.com/s/files/1/0912/9351/6071/files/20210504_i1620139738_386_0_jpg_52e3be7a-fd58-4e39-8289-5b9b6ad3d8e1.jpg?v=1759129461|https://cdn.shopify.com/s/files/1/0912/9351/6071/files/20210504_i1620139738_4108_6_jpg_a6e04d57-364b-4b39-9152-317f09a94a53.jpg?v=1759129461|https://cdn.shopify.com/s/files/1/0912/9351/6071/files/20210504_i1620139738_176_8_jpg_b64038b9-5078-4cef-813c-37cbf2899436.jpg?v=1759129461|https://cdn.shopify.com/s/files/1/0912/9351/6071/files/20210504_i1620139738_3911_4_jpg_be937c6f-21a6-47c0-87d4-2b86c05d9efb.jpg?v=1759129461|https://cdn.shopify.com/s/files/1/0912/9351/6071/files/20210504_i1620139738_4440_5_jpg_d12d11f2-c1c0-49e9-b045-a8a15b82969e.jpg?v=1759129461|https://cdn.shopify.com/s/files/1/0912/9351/6071/files/20210504_i1620139738_7402_1_jpg_a783bc3b-c75d-4c44-b302-e0c887ac854a.jpg?v=1759129461|https://cdn.shopify.com/s/files/1/0912/9351/6071/files/20210504_i1620139738_7761_2_jpg_102c347e-f059-42fb-a4f5-e7cd8ab7e19b.jpg?v=1759129461|https://cdn.shopify.com/s/files/1/0912/9351/6071/files/20210504_i1620139738_8127_3_jpg_47ebec8e-9a30-4928-b64d-7f3abca01fa6.jpg?v=1759129461|https://cdn.shopify.com/s/files/1/0912/9351/6071/files/20210504_i1620139738_9860_7_jpg_991b67fc-9175-4fb8-a7cc-6b58e5df4888.jpg?v=1759129461,Hi I want LOULOU SMALL 25 IN BEIGE LAMBSKIN SILVER HARDWARE,
LOULOU SMALL 25 IN BURGUNDY RED LAMBSKIN SILVER HARDWARE,https://cdn.shopify.com/s/files/1/0912/9351/6071/files/20210504_i1620141059_973_0_jpg_73eb166f-93aa-4007-9f3e-65a953438703.jpg?v=1759129473,handbags,ysl,https://cdn.shopify.com/s/files/1/0912/9351/6071/files/20210504_i1620141059_973_0_jpg_73eb166f-93aa-4007-9f3e-65a953438703.jpg?v=1759129473|https://cdn.shopify.com/s/files/1/0912/9351/6071/files/20210504_i1620141059_749_5_jpg_17ef9a57-ca63-474d-adb6-2b599fb98172.jpg?v=1759129473|https://cdn.shopify.com/s/files/1/0912/9351/6071/files/20210504_i1620141059_1236_3_jpg_4092bf9b-5e11-48e7-babe-2a78b034a1a0.jpg?v=1759129473|https://cdn.shopify.com/s/files/1/0912/9351/6071/files/20210504_i1620141059_4970_2_jpg_85ae8304-3801-45eb-af53-7d30f06b70d2.jpg?v=1759129473|https://cdn.shopify.com/s/files/1/0912/9351/6071/files/20210504_i1620141059_6039_1_jpg_cc769b9b-3a1c-4a16-baf3-b189529c3d8d.jpg?v=1759129473|https://cdn.shopify.com/s/files/1/0912/9351/6071/files/20210504_i1620141059_7377_6_jpg_91424b54-85da-45ed-a35f-1ce05ef3cd51.jpg?v=1759129473|https://cdn.shopify.com/s/files/1/0912/9351/6071/files/20210504_i1620141059_7923_4_jpg_de103583-5d50-440e-a2c5-bb5063c7ffe9.jpg?v=1759129473|https://cdn.shopify.com/s/files/1/0912/9351/6071/files/20210504_i1620141059_8155_7_jpg_54aa5cf0-edab-41c9-ba52-71926e94c742.jpg?v=1759129473|https://cdn.shopify.com/s/files/1/0912/9351/6071/files/20210504_i1620141059_9344_8_jpg_9b110c21-5d0a-4622-a6d8-ceeaf005364f.jpg?v=1759129473,Hi I want LOULOU SMALL 25 IN BURGUNDY RED LAMBSKIN SILVER HARDWARE,
LOULOU SMALL 25 IN WHITE LAMBSKIN GOLD HARDWARE,https://cdn.shopify.com/s/files/1/0912/9351/6071/files/20220525_i1653413776_5455_0_jpg_814cafdf-2fc1-47bc-9027-bfcd2ff4a091.jpg?v=1759129484,handbags,ysl,https://cdn.shopify.com/s/files/1/0912/9351/6071/files/20220525_i1653413776_5455_0_jpg_814cafdf-2fc1-47bc-9027-bfcd2ff4a091.jpg?v=1759129484|https://cdn.shopify.com/s/files/1/0912/9351/6071/files/20220525_i1653413776_6370_8_jpg_2cacf117-6953-4eb7-b770-9b7bf92a2155.jpg?v=1759129484|https://cdn.shopify.com/s/files/1/0912/9351/6071/files/20220525_i1653413776_377_5_jpg_f862e116-b140-4dee-8a08-2ee791a6a13d.jpg?v=1759129484|https://cdn.shopify.com/s/files/1/0912/9351/6071/files/20220525_i1653413776_2753_3_jpg_b9ce3870-a449-41be-8123-dc0b3b516484.jpg?v=1759129484|https://cdn.shopify.com/s/files/1/0912/9351/6071/files/20220525_i1653413776_3895_2_jpg_48668f09-723c-4781-9065-0c97b5d180d9.jpg?v=1759129484|https://cdn.shopify.com/s/files/1/0912/9351/6071/files/20220525_i1653413776_4819_1_jpg_b7e6b290-01e1-445c-8ea9-f1dd94755c1a.jpg?v=1759129484|https://cdn.shopify.com/s/files/1/0912/9351/6071/files/20220525_i1653413776_5848_7_jpg_4d8924a5-3e39-4a3d-bb0a-ea2ace99bb62.jpg?v=1759129484|https://cdn.shopify.com/s/files/1/0912/9351/6071/files/20220525_i1653413776_6277_6_jpg_1903d253-d4a5-40cd-90fd-f44c4823c925.jpg?v=1759129484|https://cdn.shopify.com/s/files/1/0912/9351/6071/files/20220525_i1653413776_6461_4_jpg_d55090c0-1ef6-4e81-882d-226855fe6190.jpg?v=1759129484,Hi I want LOULOU SMALL 25 IN WHITE LAMBSKIN GOLD HARDWARE,
LOULOU SMALL 25 IN DEEP JUNGLE GREEN LAMBSKIN GOLD HARDWARE,https://cdn.shopify.com/s/files/1/0912/9351/6071/files/20230519_i1684507412_8467_0_jpg_650a2d67-c774-45f2-8946-cc4ed49e1423.jpg?v=1759129496,handbags,ysl,https://cdn.shopify.com/s/files/1/0912/9351/6071/files/20230519_i1684507412_8467_0_jpg_650a2d67-c774-45f2-8946-cc4ed49e1423.jpg?v=1759129496|https://cdn.shopify.com/s/files/1/0912/9351/6071/files/20230519_i1684507412_2358_3_jpg_726272ab-47b5-4888-8f29-43561b90baf2.jpg?v=1759129496|https://cdn.shopify.com/s/files/1/0912/9351/6071/files/20230519_i1684507412_3820_7_jpg_7e70e6d0-5c08-406a-8d86-aaf6a8203ee8.jpg?v=1759129496|https://cdn.shopify.com/s/files/1/0912/9351/6071/files/20230519_i1684507412_4636_5_jpg_5a214474-3b49-4a6b-a7ea-1b7b5a33c884.jpg?v=1759129496|https://cdn.shopify.com/s/files/1/0912/9351/6071/files/20230519_i1684507412_5723_2_jpg_ebcb5147-c2ad-49cd-9766-79320c5e031f.jpg?v=1759129496|https://cdn.shopify.com/s/files/1/0912/9351/6071/files/20230519_i1684507412_6545_1_jpg_aa580406-9876-4dd1-b413-ffd05bcbecea.jpg?v=1759129496|https://cdn.shopify.com/s/files/1/0912/9351/6071/files/20230519_i1684507412_7713_8_jpg_d3372cca-6c69-46d1-a8e0-e471ad62fa4f.jpg?v=1759129496|https://cdn.shopify.com/s/files/1/0912/9351/6071/files/20230519_i1684507412_7973_4_jpg_c147fe98-494d-4977-be80-b5d4ff2f7275.jpg?v=1759129496|https://cdn.shopify.com/s/files/1/0912/9351/6071/files/20230519_i1684507412_8851_6_jpg_ffcf9372-11cd-4d3f-ab87-2f74817d30c8.jpg?v=1759129496,Hi I want LOULOU SMALL 25 IN DEEP JUNGLE GREEN LAMBSKIN GOLD HARDWARE,
VOLTAIRE 24 IN BLACK CALFSKIN GOLD LOGO,https://cdn.shopify.com/s/files/1/0912/9351/6071/files/img_b28ef27a_20240509_i1715247045_5199_1_jpg.jpg?v=1778124888,handbags,ysl,https://cdn.shopify.com/s/files/1/0912/9351/6071/files/img_b28ef27a_20240509_i1715247045_5199_1_jpg.jpg?v=1778124888|https://cdn.shopify.com/s/files/1/0912/9351/6071/files/img_b28ef27a_20240509_i1715247045_756_7_jpg.jpg?v=1778124888|https://cdn.shopify.com/s/files/1/0912/9351/6071/files/img_b28ef27a_20240509_i1715247045_1024_5_jpg.jpg?v=1778124888|https://cdn.shopify.com/s/files/1/0912/9351/6071/files/img_b28ef27a_20240509_i1715247045_1574_4_jpg.jpg?v=1778124888|https://cdn.shopify.com/s/files/1/0912/9351/6071/files/img_b28ef27a_20240509_i1715247045_5205_2_jpg.jpg?v=1778124888|https://cdn.shopify.com/s/files/1/0912/9351/6071/files/img_b28ef27a_20240509_i1715247045_6327_0_jpg.jpg?v=1778124888|https://cdn.shopify.com/s/files/1/0912/9351/6071/files/img_b28ef27a_20240509_i1715247045_6431_8_jpg.jpg?v=1778124888|https://cdn.shopify.com/s/files/1/0912/9351/6071/files/img_b28ef27a_20240509_i1715247045_7377_3_jpg.jpg?v=1778124888|https://cdn.shopify.com/s/files/1/0912/9351/6071/files/img_b28ef27a_20240509_i1715247045_9452_6_jpg.jpg?v=1778124888,Hi I want VOLTAIRE 24 IN BLACK CALFSKIN GOLD LOGO,
SUNSET MEDIUM 22 IN BLACK CALFSKIN GOLD HARDWARE,https://cdn.shopify.com/s/files/1/0912/9351/6071/files/20220728_i1658984858_7277_0_jpg_4fb84c50-a206-4ec5-9862-f63aa2ad5a58.jpg?v=1759129532,handbags,ysl,https://cdn.shopify.com/s/files/1/0912/9351/6071/files/20220728_i1658984858_7277_0_jpg_4fb84c50-a206-4ec5-9862-f63aa2ad5a58.jpg?v=1759129532|https://cdn.shopify.com/s/files/1/0912/9351/6071/files/20220728_i1658984858_840_8_jpg_c5826320-da55-4023-8a02-b346a6d7a49d.jpg?v=1759129532|https://cdn.shopify.com/s/files/1/0912/9351/6071/files/20220728_i1658984858_986_6_jpg_b8441eef-a393-49e3-8760-ab7efd66b9cc.jpg?v=1759129532|https://cdn.shopify.com/s/files/1/0912/9351/6071/files/20220728_i1658984858_3032_1_jpg_e86dd8bd-36d6-4847-a966-5be730fa244c.jpg?v=1759129532|https://cdn.shopify.com/s/files/1/0912/9351/6071/files/20220728_i1658984858_3093_5_jpg_a44f7cc6-6d97-4f21-b679-67acdd32f3fe.jpg?v=1759129532|https://cdn.shopify.com/s/files/1/0912/9351/6071/files/20220728_i1658984858_3185_2_jpg_99adc540-0610-412d-90b4-346dc8279bcd.jpg?v=1759129532|https://cdn.shopify.com/s/files/1/0912/9351/6071/files/20220728_i1658984858_3305_3_jpg_01c6385c-c35f-4b9b-a726-6c665270435b.jpg?v=1759129532|https://cdn.shopify.com/s/files/1/0912/9351/6071/files/20220728_i1658984858_4988_7_jpg_361a4d3f-0c56-47be-8fb4-370cbb38f02d.jpg?v=1759129532|https://cdn.shopify.com/s/files/1/0912/9351/6071/files/20220728_i1658984858_6837_4_jpg_f3697b3b-3342-4d98-91c7-2ae484e77253.jpg?v=1759129533,Hi I want SUNSET MEDIUM 22 IN BLACK CALFSKIN GOLD HARDWARE,
SUNSET MEDIUM 22 IN DARK GREEN CALFSKIN GOLD HARDWARE,https://cdn.shopify.com/s/files/1/0912/9351/6071/files/20220728_i1658997401_9691_0_jpg_e0247bff-b84b-4d60-b057-054837093138.jpg?v=1759129545,handbags,ysl,https://cdn.shopify.com/s/files/1/0912/9351/6071/files/20220728_i1658997401_9691_0_jpg_e0247bff-b84b-4d60-b057-054837093138.jpg?v=1759129545|https://cdn.shopify.com/s/files/1/0912/9351/6071/files/20220728_i1658997401_1217_8_jpg_d73bc165-0ae4-44c1-82e7-c3d6c1eaf81b.jpg?v=1759129545|https://cdn.shopify.com/s/files/1/0912/9351/6071/files/20220728_i1658997401_2038_2_jpg_218b55fe-a01c-407b-8b2d-93887653acaf.jpg?v=1759129545|https://cdn.shopify.com/s/files/1/0912/9351/6071/files/20220728_i1658997401_2238_7_jpg_eb6fdd52-5ef9-4f47-b8b9-9fedfe98a58b.jpg?v=1759129545|https://cdn.shopify.com/s/files/1/0912/9351/6071/files/20220728_i1658997401_2546_3_jpg_ba643541-2994-412a-9a51-95649150ef04.jpg?v=1759129545|https://cdn.shopify.com/s/files/1/0912/9351/6071/files/20220728_i1658997401_4287_4_jpg_93b04333-cca9-4919-ba64-ec9a9ccdb80d.jpg?v=1759129545|https://cdn.shopify.com/s/files/1/0912/9351/6071/files/20220728_i1658997401_8326_5_jpg_c8c21218-32e6-42df-9cc7-8e61afee0866.jpg?v=1759129545|https://cdn.shopify.com/s/files/1/0912/9351/6071/files/20220728_i1658997401_8578_1_jpg_552fc6d5-bf25-453c-bf40-91f75b5b7976.jpg?v=1759129545|https://cdn.shopify.com/s/files/1/0912/9351/6071/files/20220728_i1658997401_9905_6_jpg_54d2ee9d-f422-44aa-8cd9-853231c4a7e2.jpg?v=1759129545,Hi I want SUNSET MEDIUM 22 IN DARK GREEN CALFSKIN GOLD HARDWARE,
SUNSET MEDIUM 22 IN MAROON CALFSKIN SILVER HARDWARE,https://cdn.shopify.com/s/files/1/0912/9351/6071/files/20220728_i1658997565_2062_0_jpg_da510406-b9d0-49e6-8beb-81a9d6626ed4.jpg?v=1759129556,handbags,ysl,https://cdn.shopify.com/s/files/1/0912/9351/6071/files/20220728_i1658997565_2062_0_jpg_da510406-b9d0-49e6-8beb-81a9d6626ed4.jpg?v=1759129556|https://cdn.shopify.com/s/files/1/0912/9351/6071/files/20220728_i1658997565_2869_5_jpg_5637b7de-e858-4004-b079-c56854bca6c4.jpg?v=1759129556|https://cdn.shopify.com/s/files/1/0912/9351/6071/files/20220728_i1658997565_3126_2_jpg_d4c6ff59-c63d-4785-a25b-db877d642908.jpg?v=1759129556|https://cdn.shopify.com/s/files/1/0912/9351/6071/files/20220728_i1658997565_4862_1_jpg_882dbeb4-bd0f-414c-91bd-fe379f5c8024.jpg?v=1759129556|https://cdn.shopify.com/s/files/1/0912/9351/6071/files/20220728_i1658997565_4942_4_jpg_cd463648-aa6e-4dba-9b84-a8d359195c9c.jpg?v=1759129557|https://cdn.shopify.com/s/files/1/0912/9351/6071/files/20220728_i1658997565_6570_6_jpg_6690bacc-ac4a-4954-af72-331de96d375c.jpg?v=1759129557|https://cdn.shopify.com/s/files/1/0912/9351/6071/files/20220728_i1658997565_7339_7_jpg_bee7523c-4eba-4454-9ae2-4809c153ce23.jpg?v=1759129557|https://cdn.shopify.com/s/files/1/0912/9351/6071/files/20220728_i1658997565_8159_3_jpg_d31065fc-6589-4a46-995d-90f93ecd588c.jpg?v=1759129557|https://cdn.shopify.com/s/files/1/0912/9351/6071/files/20220728_i1658997591_7362_0_jpg_d816f1e6-489c-423a-a9ab-ad3b247893ca.jpg?v=1759129557,Hi I want SUNSET MEDIUM 22 IN MAROON CALFSKIN SILVER HARDWARE,
SUNSET MEDIUM 22 IN WHITE CALFSKIN SILVER HARDWARE,https://cdn.shopify.com/s/files/1/0912/9351/6071/files/20220728_i1658998537_4656_0_jpg_fae7d532-ffb2-45a8-963a-234283d785dd.jpg?v=1759129569,handbags,ysl,https://cdn.shopify.com/s/files/1/0912/9351/6071/files/20220728_i1658998537_4656_0_jpg_fae7d532-ffb2-45a8-963a-234283d785dd.jpg?v=1759129569|https://cdn.shopify.com/s/files/1/0912/9351/6071/files/20220728_i1658998537_673_3_jpg_d154b30d-d892-4d62-9b33-a2d5ebbc0185.jpg?v=1759129569|https://cdn.shopify.com/s/files/1/0912/9351/6071/files/20220728_i1658998537_1535_4_jpg_1597f8a8-ab80-4f17-bd5a-6391389be20f.jpg?v=1759129569|https://cdn.shopify.com/s/files/1/0912/9351/6071/files/20220728_i1658998537_3689_1_jpg_0081261f-1a1b-49b9-a549-070b423cd82e.jpg?v=1759129569|https://cdn.shopify.com/s/files/1/0912/9351/6071/files/20220728_i1658998537_3718_7_jpg_e6f432f8-708a-461b-805d-715928d550cf.jpg?v=1759129569|https://cdn.shopify.com/s/files/1/0912/9351/6071/files/20220728_i1658998537_4336_2_jpg_a01f8f23-d8ff-476c-aff7-28f0a2c8fb6b.jpg?v=1759129569|https://cdn.shopify.com/s/files/1/0912/9351/6071/files/20220728_i1658998537_4573_5_jpg_3fe61d22-c13b-4a35-b348-7c1b75ffbba6.jpg?v=1759129569|https://cdn.shopify.com/s/files/1/0912/9351/6071/files/20220728_i1658998537_6788_8_jpg_c4d42fee-1630-45f1-96ef-078d7e461a63.jpg?v=1759129569|https://cdn.shopify.com/s/files/1/0912/9351/6071/files/20220728_i1658998537_7362_6_jpg_4c113b5c-99ca-4794-b145-bc99951ca78f.jpg?v=1759129569,Hi I want SUNSET MEDIUM 22 IN WHITE CALFSKIN SILVER HARDWARE,
SUNSET MEDIUM 22 IN MAROON CALFSKIN GOLD HARDWARE,https://cdn.shopify.com/s/files/1/0912/9351/6071/files/20220728_i1658997744_940_0_jpg_3eddec63-bda1-48ef-a415-ae9ab49b4324.jpg?v=1759129586,handbags,ysl,https://cdn.shopify.com/s/files/1/0912/9351/6071/files/20220728_i1658997744_940_0_jpg_3eddec63-bda1-48ef-a415-ae9ab49b4324.jpg?v=1759129586|https://cdn.shopify.com/s/files/1/0912/9351/6071/files/20220728_i1658997744_1586_6_jpg_c35dd312-bfb1-4956-a8c5-28bf95dd5df6.jpg?v=1759129586|https://cdn.shopify.com/s/files/1/0912/9351/6071/files/20220728_i1658997744_2612_3_jpg_2d3bbe45-fe7a-4706-aaf6-b6f82be1ee95.jpg?v=1759129586|https://cdn.shopify.com/s/files/1/0912/9351/6071/files/20220728_i1658997744_2906_8_jpg_311cf714-38bc-4deb-a93f-fe85c8eb9a78.jpg?v=1759129586|https://cdn.shopify.com/s/files/1/0912/9351/6071/files/20220728_i1658997744_4705_5_jpg_6917d76f-3de7-4c55-a936-5137aaa7948b.jpg?v=1759129586|https://cdn.shopify.com/s/files/1/0912/9351/6071/files/20220728_i1658997744_4755_7_jpg_8a3ae2a4-cb10-495a-aadd-61d842ffc29c.jpg?v=1759129586|https://cdn.shopify.com/s/files/1/0912/9351/6071/files/20220728_i1658997744_4836_2_jpg_63a2b284-1bcd-4670-86fb-909d11f08653.jpg?v=1759129586|https://cdn.shopify.com/s/files/1/0912/9351/6071/files/20220728_i1658997744_7686_1_jpg_5a1d4544-3812-4a3d-84dd-76dc708b8414.jpg?v=1759129586|https://cdn.shopify.com/s/files/1/0912/9351/6071/files/20220728_i1658997744_7691_4_jpg_5579ee6a-8ab1-4dc2-bc7a-609cecda50b6.jpg?v=1759129586,Hi I want SUNSET MEDIUM 22 IN MAROON CALFSKIN GOLD HARDWARE,
SUNSET MEDIUM 22 IN WHITE CALFSKIN GOLD HARDWARE,https://cdn.shopify.com/s/files/1/0912/9351/6071/files/20220728_i1658998717_8016_0_jpg_31679899-39d5-4dbe-9903-8b992aa83c38.jpg?v=1759129598,handbags,ysl,https://cdn.shopify.com/s/files/1/0912/9351/6071/files/20220728_i1658998717_8016_0_jpg_31679899-39d5-4dbe-9903-8b992aa83c38.jpg?v=1759129598|https://cdn.shopify.com/s/files/1/0912/9351/6071/files/20220728_i1658998717_606_4_jpg_82309dc8-549c-41cf-9fe1-01222f6da000.jpg?v=1759129598|https://cdn.shopify.com/s/files/1/0912/9351/6071/files/20220728_i1658998717_2528_5_jpg_a0eb9d24-96be-4226-a3a7-caa631a629cc.jpg?v=1759129598|https://cdn.shopify.com/s/files/1/0912/9351/6071/files/20220728_i1658998717_3526_8_jpg_e7e03adf-6bc9-4904-a470-1399a606813a.jpg?v=1759129598|https://cdn.shopify.com/s/files/1/0912/9351/6071/files/20220728_i1658998717_3532_3_jpg_fd69851b-45b9-47d0-9d43-c9525f505af7.jpg?v=1759129598|https://cdn.shopify.com/s/files/1/0912/9351/6071/files/20220728_i1658998717_4645_7_jpg_a42c466e-a29e-45fe-b269-b2144c0276f7.jpg?v=1759129598|https://cdn.shopify.com/s/files/1/0912/9351/6071/files/20220728_i1658998717_5137_6_jpg_07914077-0b9f-4b35-8764-4ace67048304.jpg?v=1759129598|https://cdn.shopify.com/s/files/1/0912/9351/6071/files/20220728_i1658998717_9444_1_jpg_d3f2a3db-ea31-4550-b174-1d2e68bf3a14.jpg?v=1759129598|https://cdn.shopify.com/s/files/1/0912/9351/6071/files/20220728_i1658998717_9666_2_jpg_33b28f83-e1d7-452a-af4a-2bce278e3eb4.jpg?v=1759129598,Hi I want SUNSET MEDIUM 22 IN WHITE CALFSKIN GOLD HARDWARE,
SUNSET MEDIUM 22 IN BEIGE CALFSKIN GOLD HARDWARE,https://cdn.shopify.com/s/files/1/0912/9351/6071/files/20220715_i1657865593_9065_0_jpg_c477916e-935c-4ad6-9e63-6808cf14a4cb.jpg?v=1759129612,handbags,ysl,https://cdn.shopify.com/s/files/1/0912/9351/6071/files/20220715_i1657865593_9065_0_jpg_c477916e-935c-4ad6-9e63-6808cf14a4cb.jpg?v=1759129612|https://cdn.shopify.com/s/files/1/0912/9351/6071/files/20220715_i1657865593_4821_4_jpg_28bb5822-3d4f-4ea8-ae77-69e20fc0cc9e.jpg?v=1759129612|https://cdn.shopify.com/s/files/1/0912/9351/6071/files/20220715_i1657865593_5061_6_jpg_5441d01b-707d-48ac-9974-5f02653f51f1.jpg?v=1759129612|https://cdn.shopify.com/s/files/1/0912/9351/6071/files/20220715_i1657865593_5303_8_jpg_f3321fc1-03b4-4797-a733-8293a8349b2b.jpg?v=1759129612|https://cdn.shopify.com/s/files/1/0912/9351/6071/files/20220715_i1657865593_5697_5_jpg_9129a39a-b4f6-43bc-bd5a-e38a796602cf.jpg?v=1759129612|https://cdn.shopify.com/s/files/1/0912/9351/6071/files/20220715_i1657865593_9186_7_jpg_387fe258-bd06-4e11-8592-92b51a34c70b.jpg?v=1759129612|https://cdn.shopify.com/s/files/1/0912/9351/6071/files/20220715_i1657865593_1696_1_jpg_c72ce93f-fcea-4d47-8640-9e7ca57dddb8.jpg?v=1759129612|https://cdn.shopify.com/s/files/1/0912/9351/6071/files/20220715_i1657865593_3021_3_jpg_a57ceee7-7301-415e-89ac-8370d2565c57.jpg?v=1759129612|https://cdn.shopify.com/s/files/1/0912/9351/6071/files/20220715_i1657865593_5503_2_jpg_d8f1d2ae-5386-484a-a48d-4783bf967126.jpg?v=1759129612,Hi I want SUNSET MEDIUM 22 IN BEIGE CALFSKIN GOLD HARDWARE,
SUNSET MEDIUM 22 IN WHITE CROCODILE PATTERN CALFSKIN GOLD HARDWARE,https://cdn.shopify.com/s/files/1/0912/9351/6071/files/20221012_i1665566523_465_0_jpg_0797c6e4-1fb2-4611-830e-cebd23d17be5.jpg?v=1759129623,handbags,ysl,https://cdn.shopify.com/s/files/1/0912/9351/6071/files/20221012_i1665566523_465_0_jpg_0797c6e4-1fb2-4611-830e-cebd23d17be5.jpg?v=1759129623|https://cdn.shopify.com/s/files/1/0912/9351/6071/files/20221012_i1665566523_649_2_jpg_ca4cfa62-9795-4a03-b7b9-4c46e05ea1c7.jpg?v=1759129623|https://cdn.shopify.com/s/files/1/0912/9351/6071/files/20221012_i1665566523_912_6_jpg_67709ba6-5072-4ddc-8f78-874af674c103.jpg?v=1759129623|https://cdn.shopify.com/s/files/1/0912/9351/6071/files/20221012_i1665566523_3072_8_jpg_bc1f0093-e75b-4fbc-a552-c4a4bdb455d0.jpg?v=1759129623|https://cdn.shopify.com/s/files/1/0912/9351/6071/files/20221012_i1665566523_4696_7_jpg_3e4865d8-7486-453e-bb43-c9266bea6abf.jpg?v=1759129623|https://cdn.shopify.com/s/files/1/0912/9351/6071/files/20221012_i1665566523_5071_1_jpg_dba56256-970c-41f7-b6d4-ac603f3718a1.jpg?v=1759129623|https://cdn.shopify.com/s/files/1/0912/9351/6071/files/20221012_i1665566523_5167_4_jpg_85861287-6821-43f2-bb15-6d2da85babeb.jpg?v=1759129624|https://cdn.shopify.com/s/files/1/0912/9351/6071/files/20221012_i1665566523_7994_5_jpg_48952589-b22c-450f-9e2d-2fc142c45a08.jpg?v=1759129624|https://cdn.shopify.com/s/files/1/0912/9351/6071/files/20221012_i1665566523_9277_3_jpg_85ba1b3c-8589-4c93-9ad4-a8f072e58622.jpg?v=1759129624,Hi I want SUNSET MEDIUM 22 IN WHITE CROCODILE PATTERN CALFSKIN GOLD HARDWARE,
SUNSET MEDIUM 22 IN WHITE CROCODILE PATTERN CALFSKIN SILVER HARDWARE,https://cdn.shopify.com/s/files/1/0912/9351/6071/files/20220728_i1658984365_1703_0_jpg_367e418d-5f01-429c-aaf3-1eb314ae94f9.jpg?v=1759129635,handbags,ysl,https://cdn.shopify.com/s/files/1/0912/9351/6071/files/20220728_i1658984365_1703_0_jpg_367e418d-5f01-429c-aaf3-1eb314ae94f9.jpg?v=1759129635|https://cdn.shopify.com/s/files/1/0912/9351/6071/files/20220728_i1658984365_2728_6_jpg_d0be240d-a53a-45b5-89b4-ba8b198f5e12.jpg?v=1759129635|https://cdn.shopify.com/s/files/1/0912/9351/6071/files/20220728_i1658984365_3829_8_jpg_26d5df32-a6b7-4ab0-ba1b-1765a7ba538d.jpg?v=1759129635|https://cdn.shopify.com/s/files/1/0912/9351/6071/files/20220728_i1658984365_4862_1_jpg_21dab9fb-62a3-43a3-8488-81368753fd58.jpg?v=1759129635|https://cdn.shopify.com/s/files/1/0912/9351/6071/files/20220728_i1658984365_4886_5_jpg_a3ca6e76-489d-4300-98be-7960bb2a001f.jpg?v=1759129635|https://cdn.shopify.com/s/files/1/0912/9351/6071/files/20220728_i1658984365_6778_7_jpg_1da26854-9b48-4ce3-be15-af5f3ec45154.jpg?v=1759129635|https://cdn.shopify.com/s/files/1/0912/9351/6071/files/20220728_i1658984365_7495_3_jpg_ca84cfb3-498b-4afd-84b5-dc57191083ec.jpg?v=1759129635|https://cdn.shopify.com/s/files/1/0912/9351/6071/files/20220728_i1658984365_8353_4_jpg_2ddd11f9-e8ba-476f-b43c-57948157f369.jpg?v=1759129635|https://cdn.shopify.com/s/files/1/0912/9351/6071/files/20220728_i1658984365_8848_2_jpg_18a86f38-8c30-4c5e-aea7-5cfebdbe3510.jpg?v=1759129635,Hi I want SUNSET MEDIUM 22 IN WHITE CROCODILE PATTERN CALFSKIN SILVER HARDWARE,
JAMIE POCHON 38 IN BLACK LAMBSKIN GOLD HARDWARE,https://cdn.shopify.com/s/files/1/0912/9351/6071/files/img_b28ef27a_20240421_i1713688986_7576_8_jpg_e3a64811-e594-479e-8206-69231d567b37.jpg?v=1759129675,handbags,ysl,https://cdn.shopify.com/s/files/1/0912/9351/6071/files/img_b28ef27a_20240421_i1713688986_7576_8_jpg_e3a64811-e594-479e-8206-69231d567b37.jpg?v=1759129675|https://cdn.shopify.com/s/files/1/0912/9351/6071/files/img_b28ef27a_20240421_i1713688986_2742_7_jpg_f7d7aaa0-c0e5-4d5c-b8ad-94c7d15670e0.jpg?v=1759129675|https://cdn.shopify.com/s/files/1/0912/9351/6071/files/img_b28ef27a_20240421_i1713688986_3720_3_jpg_bc7fa88b-0a8e-45a1-9519-9daad05e17f2.jpg?v=1759129675|https://cdn.shopify.com/s/files/1/0912/9351/6071/files/img_b28ef27a_20240421_i1713688986_3956_6_jpg_d7b3dcd1-2d72-43b8-b40f-a5757a1936f8.jpg?v=1759129675|https://cdn.shopify.com/s/files/1/0912/9351/6071/files/img_b28ef27a_20240421_i1713688986_4813_5_jpg_94215246-ab71-41f5-b121-ece433b01c6d.jpg?v=1759129675|https://cdn.shopify.com/s/files/1/0912/9351/6071/files/img_b28ef27a_20240421_i1713688986_5371_4_jpg_32572649-d497-4079-9993-952dfb7aab59.jpg?v=1759129675|https://cdn.shopify.com/s/files/1/0912/9351/6071/files/img_b28ef27a_20240421_i1713688986_6520_2_jpg_2ee134c4-f13f-4ba8-a1d4-26c6be43b356.jpg?v=1759129675|https://cdn.shopify.com/s/files/1/0912/9351/6071/files/img_b28ef27a_20240421_i1713688986_9522_1_jpg_f312b9d1-1505-41cc-8b85-74f83e3856d4.jpg?v=1759129675|https://cdn.shopify.com/s/files/1/0912/9351/6071/files/img_b28ef27a_20240421_i1713688986_9592_0_jpg_745b5500-4e01-46c2-8897-57380c06b5ad.jpg?v=1759129675,Hi I want JAMIE POCHON 38 IN BLACK LAMBSKIN GOLD HARDWARE,
CALYPSO BAG 26 IN CIDER BROWN SUEDE GOLD HARDWARE,https://cdn.shopify.com/s/files/1/0912/9351/6071/files/img_f8c0bdc9_20240811_i1723372923_2619_5_jpg_fbc85293-33a8-4260-9868-0d6a633e09ab.jpg?v=1759129697,handbags,ysl,https://cdn.shopify.com/s/files/1/0912/9351/6071/files/img_f8c0bdc9_20240811_i1723372923_2619_5_jpg_fbc85293-33a8-4260-9868-0d6a633e09ab.jpg?v=1759129697|https://cdn.shopify.com/s/files/1/0912/9351/6071/files/img_f8c0bdc9_20240811_i1723372923_865_3_jpg_d0f033f5-b8cf-4e7f-9e82-9cdfa00bcc7b.jpg?v=1759129697|https://cdn.shopify.com/s/files/1/0912/9351/6071/files/img_f8c0bdc9_20240811_i1723372923_408_0_jpg_aa80c567-05d4-458e-af45-7c4bf48d03dd.jpg?v=1759129697|https://cdn.shopify.com/s/files/1/0912/9351/6071/files/img_f8c0bdc9_20240811_i1723372923_1693_7_jpg_c920674f-5e38-4982-8d08-572c567cef84.jpg?v=1759129697|https://cdn.shopify.com/s/files/1/0912/9351/6071/files/img_f8c0bdc9_20240811_i1723372923_5711_4_jpg_ef4cca9a-2b9c-44ca-9c9e-1cd7ddfa0284.jpg?v=1759129697|https://cdn.shopify.com/s/files/1/0912/9351/6071/files/img_f8c0bdc9_20240811_i1723372923_5760_2_jpg_31552965-d173-4d43-b72c-7817521d0341.jpg?v=1759129697|https://cdn.shopify.com/s/files/1/0912/9351/6071/files/img_f8c0bdc9_20240811_i1723372923_7310_6_jpg_79410ccd-f7da-460b-84aa-d0e89b95f935.jpg?v=1759129697|https://cdn.shopify.com/s/files/1/0912/9351/6071/files/img_f8c0bdc9_20240811_i1723372923_9077_8_jpg_fc54af39-7e69-4e82-bf81-c06fdb1f70b2.jpg?v=1759129697|https://cdn.shopify.com/s/files/1/0912/9351/6071/files/img_f8c0bdc9_20240811_i1723372923_9897_1_jpg_ee06679b-d59f-4203-b175-948e51ce6402.jpg?v=1759129697,Hi I want CALYPSO BAG 26 IN CIDER BROWN SUEDE GOLD HARDWARE,
CALYPSO BAG 35 IN WHITE LAMBSKIN GOLD HARDWARE,https://cdn.shopify.com/s/files/1/0912/9351/6071/files/img_f8c0bdc9_20240515_i1715775778_4472_6_jpg_9790eb5f-4b9d-4d53-a267-695466e4f7e8.jpg?v=1759129708,handbags,ysl,https://cdn.shopify.com/s/files/1/0912/9351/6071/files/img_f8c0bdc9_20240515_i1715775778_4472_6_jpg_9790eb5f-4b9d-4d53-a267-695466e4f7e8.jpg?v=1759129708|https://cdn.shopify.com/s/files/1/0912/9351/6071/files/img_f8c0bdc9_20240515_i1715775778_2164_3_jpg_d2b0d987-cd02-40cc-8138-583448f18026.jpg?v=1759129708|https://cdn.shopify.com/s/files/1/0912/9351/6071/files/img_f8c0bdc9_20240515_i1715775778_3205_8_jpg_c40cfbff-b13e-4223-9223-3ddc592defa9.jpg?v=1759129708|https://cdn.shopify.com/s/files/1/0912/9351/6071/files/img_f8c0bdc9_20240515_i1715775778_6872_4_jpg_831a2921-ce6a-40cf-b364-328a089ffcb9.jpg?v=1759129708|https://cdn.shopify.com/s/files/1/0912/9351/6071/files/img_f8c0bdc9_20240515_i1715775778_768_2_jpg_49c6c861-5ee5-4e0a-8f00-ae1cc2d29da5.jpg?v=1759129708|https://cdn.shopify.com/s/files/1/0912/9351/6071/files/img_f8c0bdc9_20240515_i1715775778_3472_1_jpg_0fd99dcd-29e7-4e42-93ce-d1328126e78c.jpg?v=1759129708|https://cdn.shopify.com/s/files/1/0912/9351/6071/files/img_f8c0bdc9_20240515_i1715775778_4030_5_jpg_d582c5b6-3c25-451a-b63b-3aa8dc472b4f.jpg?v=1759129708|https://cdn.shopify.com/s/files/1/0912/9351/6071/files/img_f8c0bdc9_20240515_i1715775778_7328_0_jpg_12b46160-ab46-4447-bfef-c3e7b99ef2ba.jpg?v=1759129708|https://cdn.shopify.com/s/files/1/0912/9351/6071/files/img_f8c0bdc9_20240515_i1715775778_7516_7_jpg_ac15140c-4e95-4fa7-9226-1d76e5a62886.jpg?v=1759129708,Hi I want CALYPSO BAG 35 IN WHITE LAMBSKIN GOLD HARDWARE,
CALYPSO BAG 35 IN BLACK LAMBSKIN GOLD HARDWARE,https://cdn.shopify.com/s/files/1/0912/9351/6071/files/img_f8c0bdc9_20231225_i1703504849_1937_0_jpg_af198e72-dc8e-41d9-9d50-97caf4b0d02c.jpg?v=1759129718,handbags,ysl,https://cdn.shopify.com/s/files/1/0912/9351/6071/files/img_f8c0bdc9_20231225_i1703504849_1937_0_jpg_af198e72-dc8e-41d9-9d50-97caf4b0d02c.jpg?v=1759129718|https://cdn.shopify.com/s/files/1/0912/9351/6071/files/img_f8c0bdc9_20231225_i1703504849_981_6_jpg_cbc9712e-39b2-4875-84c1-c084f541e923.jpg?v=1759129718|https://cdn.shopify.com/s/files/1/0912/9351/6071/files/img_f8c0bdc9_20231225_i1703504849_1845_5_jpg_54a7bf36-fb88-46e4-b1d3-345d6e3534ef.jpg?v=1759129718|https://cdn.shopify.com/s/files/1/0912/9351/6071/files/img_f8c0bdc9_20231225_i1703504849_5718_1_jpg_bd173458-f7bd-4a4f-936e-b6ec50d64faf.jpg?v=1759129718|https://cdn.shopify.com/s/files/1/0912/9351/6071/files/img_f8c0bdc9_20231225_i1703504849_6224_7_jpg_7dfa5d9f-1880-4abf-9c95-56ef45174a50.jpg?v=1759129718|https://cdn.shopify.com/s/files/1/0912/9351/6071/files/img_f8c0bdc9_20231225_i1703504849_7077_4_jpg_e5ba3a0e-65e0-4d93-91bb-e9c121cd1ce0.jpg?v=1759129718|https://cdn.shopify.com/s/files/1/0912/9351/6071/files/img_f8c0bdc9_20231225_i1703504849_7796_3_jpg_9a9b1f28-2d68-45d4-b1d8-50b045abea25.jpg?v=1759129718|https://cdn.shopify.com/s/files/1/0912/9351/6071/files/img_f8c0bdc9_20231225_i1703504849_7859_8_jpg_9af5b27b-cddb-44ad-808b-b5d35be44c39.jpg?v=1759129718|https://cdn.shopify.com/s/files/1/0912/9351/6071/files/img_f8c0bdc9_20231225_i1703504849_8482_2_jpg_5a485ee7-b094-4ecb-a84d-aefa670b525d.jpg?v=1759129718,Hi I want CALYPSO BAG 35 IN BLACK LAMBSKIN GOLD HARDWARE,
JAMIE POCHON 38 IN ARMY GREEN LAMBSKIN GOLD HARDWARE,https://cdn.shopify.com/s/files/1/0912/9351/6071/files/img_f8c0bdc9_20231116_i1700124884_9900_0_jpg_830b1f7b-42ff-422c-becc-791333c788f1.jpg?v=1759129737,handbags,ysl,https://cdn.shopify.com/s/files/1/0912/9351/6071/files/img_f8c0bdc9_20231116_i1700124884_9900_0_jpg_830b1f7b-42ff-422c-becc-791333c788f1.jpg?v=1759129737|https://cdn.shopify.com/s/files/1/0912/9351/6071/files/img_f8c0bdc9_20231116_i1700124884_2533_5_jpg_fe107e6a-885a-4c64-81ef-79f8f04f315e.jpg?v=1759129737|https://cdn.shopify.com/s/files/1/0912/9351/6071/files/img_f8c0bdc9_20231116_i1700124884_3311_3_jpg_bb0fb24e-aa61-4a83-ab93-50df290bb497.jpg?v=1759129737|https://cdn.shopify.com/s/files/1/0912/9351/6071/files/img_f8c0bdc9_20231116_i1700124884_4962_2_jpg_7209cfc2-4b7e-4d64-9ea5-21673883a969.jpg?v=1759129737|https://cdn.shopify.com/s/files/1/0912/9351/6071/files/img_f8c0bdc9_20231116_i1700124884_5177_4_jpg_08e440a1-d8ef-4fd3-9d7a-644c3976ec3d.jpg?v=1759129737|https://cdn.shopify.com/s/files/1/0912/9351/6071/files/img_f8c0bdc9_20231116_i1700124884_5510_8_jpg_659c1d9a-b13e-4b05-b78c-1633ffebe78f.jpg?v=1759129737|https://cdn.shopify.com/s/files/1/0912/9351/6071/files/img_f8c0bdc9_20231116_i1700124884_5755_1_jpg_47f9df15-4712-48b9-aa30-bf1579c106f9.jpg?v=1759129737|https://cdn.shopify.com/s/files/1/0912/9351/6071/files/img_f8c0bdc9_20231116_i1700124884_5915_6_jpg_35817581-9e82-4a66-938f-ba833b6ad6ba.jpg?v=1759129737|https://cdn.shopify.com/s/files/1/0912/9351/6071/files/img_f8c0bdc9_20231116_i1700124884_9584_7_jpg_87cf1fbd-0603-442b-9c57-c6510e2f1b2d.jpg?v=1759129737,Hi I want JAMIE POCHON 38 IN ARMY GREEN LAMBSKIN GOLD HARDWARE,
NIKI MEDIUM 28 IN DIJON YELLOW ELEPHANT PATTERN LAMBSKIN,https://cdn.shopify.com/s/files/1/0912/9351/6071/files/img_f8c0bdc9_20240303_i1709457375_1116_8_jpg_713c66fb-53cb-443e-b639-3f723729c47a.jpg?v=1759129747,handbags,ysl,https://cdn.shopify.com/s/files/1/0912/9351/6071/files/img_f8c0bdc9_20240303_i1709457375_1116_8_jpg_713c66fb-53cb-443e-b639-3f723729c47a.jpg?v=1759129747|https://cdn.shopify.com/s/files/1/0912/9351/6071/files/img_f8c0bdc9_20240303_i1709457375_414_3_jpg_4634265e-8f6c-4f11-9625-9315f725e670.jpg?v=1759129747|https://cdn.shopify.com/s/files/1/0912/9351/6071/files/img_f8c0bdc9_20240303_i1709457375_1108_5_jpg_2f355fe6-2ba4-4395-8662-a5038683f668.jpg?v=1759129747|https://cdn.shopify.com/s/files/1/0912/9351/6071/files/img_f8c0bdc9_20240303_i1709457375_1186_1_jpg_0fac570f-c522-486e-b4dc-6c6f5c4d06b8.jpg?v=1759129747|https://cdn.shopify.com/s/files/1/0912/9351/6071/files/img_f8c0bdc9_20240303_i1709457375_5825_6_jpg_3bafdaf3-76b8-405f-930b-2a32a6577228.jpg?v=1759129747|https://cdn.shopify.com/s/files/1/0912/9351/6071/files/img_f8c0bdc9_20240303_i1709457375_6069_7_jpg_dda36208-0c72-4af4-ac59-a2e88a3ead14.jpg?v=1759129747|https://cdn.shopify.com/s/files/1/0912/9351/6071/files/img_f8c0bdc9_20240303_i1709457375_6240_2_jpg_77d633a2-5a97-4c9d-aaa6-5fb35b8e88be.jpg?v=1759129747|https://cdn.shopify.com/s/files/1/0912/9351/6071/files/img_f8c0bdc9_20240303_i1709457375_7755_0_jpg_d2fa1839-ed52-4b9e-b42c-d2171909a6d7.jpg?v=1759129747|https://cdn.shopify.com/s/files/1/0912/9351/6071/files/img_f8c0bdc9_20240303_i1709457375_9756_4_jpg_5f29645e-c171-4fe1-b089-05e339d799f6.jpg?v=1759129747,Hi I want NIKI MEDIUM 28 IN DIJON YELLOW ELEPHANT PATTERN LAMBSKIN,
NIKI BABY 22 IN DIJON YELLOW ELEPHANT PATTERN LAMBSKIN,https://cdn.shopify.com/s/files/1/0912/9351/6071/files/img_f8c0bdc9_20240303_i1709457511_5296_4_jpg_4a68f80e-fec3-49ef-b6e4-65ae6ffc7c40.jpg?v=1759129760,handbags,ysl,https://cdn.shopify.com/s/files/1/0912/9351/6071/files/img_f8c0bdc9_20240303_i1709457511_5296_4_jpg_4a68f80e-fec3-49ef-b6e4-65ae6ffc7c40.jpg?v=1759129760|https://cdn.shopify.com/s/files/1/0912/9351/6071/files/img_f8c0bdc9_20240303_i1709457511_486_3_jpg_4ebd926d-1ad8-43fa-a5ba-dc74cc63a130.jpg?v=1759129760|https://cdn.shopify.com/s/files/1/0912/9351/6071/files/img_f8c0bdc9_20240303_i1709457511_2631_7_jpg_4d821139-7405-4cf4-9f0f-e42a38e51b6c.jpg?v=1759129760|https://cdn.shopify.com/s/files/1/0912/9351/6071/files/img_f8c0bdc9_20240303_i1709457511_2830_8_jpg_02283ca0-9689-4bb8-bb12-b432fae99c68.jpg?v=1759129760|https://cdn.shopify.com/s/files/1/0912/9351/6071/files/img_f8c0bdc9_20240303_i1709457511_4489_1_jpg_0f29bf79-996c-485d-97da-1f380ed1da5d.jpg?v=1759129760|https://cdn.shopify.com/s/files/1/0912/9351/6071/files/img_f8c0bdc9_20240303_i1709457511_5195_6_jpg_15f52020-a11c-41e2-a59b-7a8324ba6de0.jpg?v=1759129760|https://cdn.shopify.com/s/files/1/0912/9351/6071/files/img_f8c0bdc9_20240303_i1709457511_7155_2_jpg_86d82578-2aff-4509-ac4b-414373101a9b.jpg?v=1759129760|https://cdn.shopify.com/s/files/1/0912/9351/6071/files/img_f8c0bdc9_20240303_i1709457511_9829_5_jpg_5adc4e76-6614-4d63-8adf-773ecd54b5f0.jpg?v=1759129760|https://cdn.shopify.com/s/files/1/0912/9351/6071/files/img_f8c0bdc9_20240303_i1709457511_9897_0_jpg_d27c9ad4-d031-485c-be12-84ce0e64b528.jpg?v=1759129760,Hi I want NIKI BABY 22 IN DIJON YELLOW ELEPHANT PATTERN LAMBSKIN,
NIKI BABY 22 IN WHITE ELEPHANT PATTERN LAMBSKIN GOLD LOGO,https://cdn.shopify.com/s/files/1/0912/9351/6071/files/img_f8c0bdc9_20240510_i1715342394_2138_6_jpg_87742440-56a4-422f-8064-a8c0947ae656.jpg?v=1759129779,handbags,ysl,https://cdn.shopify.com/s/files/1/0912/9351/6071/files/img_f8c0bdc9_20240510_i1715342394_2138_6_jpg_87742440-56a4-422f-8064-a8c0947ae656.jpg?v=1759129779|https://cdn.shopify.com/s/files/1/0912/9351/6071/files/img_f8c0bdc9_20240510_i1715342394_1022_0_jpg_fbb6a561-185e-4df8-8350-d259474ee3b4.jpg?v=1759129779|https://cdn.shopify.com/s/files/1/0912/9351/6071/files/img_f8c0bdc9_20240510_i1715342394_1806_7_jpg_60636b6e-d846-47d3-ba8c-5333827b04c0.jpg?v=1759129779|https://cdn.shopify.com/s/files/1/0912/9351/6071/files/img_f8c0bdc9_20240510_i1715342394_2645_2_jpg_e883536d-eb68-487c-9358-7da245c0a462.jpg?v=1759129779|https://cdn.shopify.com/s/files/1/0912/9351/6071/files/img_f8c0bdc9_20240510_i1715342394_3326_3_jpg_12814f2b-3aa2-4d7f-a8d2-efb7fb4349c7.jpg?v=1759129779|https://cdn.shopify.com/s/files/1/0912/9351/6071/files/img_f8c0bdc9_20240510_i1715342394_4091_1_jpg_7e323863-cc77-4a42-a4e9-1e39be378184.jpg?v=1759129779|https://cdn.shopify.com/s/files/1/0912/9351/6071/files/img_f8c0bdc9_20240510_i1715342394_4435_4_jpg_1c306634-1973-45f4-a1ae-7acc61c00b72.jpg?v=1759129779|https://cdn.shopify.com/s/files/1/0912/9351/6071/files/img_f8c0bdc9_20240510_i1715342394_5132_5_jpg_ef54d9dd-8067-48c4-8489-8a8739aa0d82.jpg?v=1759129779|https://cdn.shopify.com/s/files/1/0912/9351/6071/files/img_f8c0bdc9_20240510_i1715342394_7552_8_jpg_26e49dcf-6280-4779-9bb1-3169345059f3.jpg?v=1759129779,Hi I want NIKI BABY 22 IN WHITE ELEPHANT PATTERN LAMBSKIN GOLD LOGO,
CITY MINI CAMERA BAG 18 IN BLACK ECONYL,https://cdn.shopify.com/s/files/1/0912/9351/6071/files/img_f8c0bdc9_20240718_i1721287754_5807_8_jpg_13909878-7b77-4d03-8b07-46934b492fb1.jpg?v=1759129788,handbags,ysl,https://cdn.shopify.com/s/files/1/0912/9351/6071/files/img_f8c0bdc9_20240718_i1721287754_5807_8_jpg_13909878-7b77-4d03-8b07-46934b492fb1.jpg?v=1759129788|https://cdn.shopify.com/s/files/1/0912/9351/6071/files/img_f8c0bdc9_20240718_i1721287754_990_5_jpg_2dc703cb-d8c9-403b-a4cf-de039b08e56d.jpg?v=1759129788|https://cdn.shopify.com/s/files/1/0912/9351/6071/files/img_f8c0bdc9_20240718_i1721287754_1109_6_jpg_b76073ce-55c7-4129-9cde-018d6f56e5c2.jpg?v=1759129788|https://cdn.shopify.com/s/files/1/0912/9351/6071/files/img_f8c0bdc9_20240718_i1721287754_4477_3_jpg_afa3d9b8-006e-402a-94f9-dfe7dafa41f0.jpg?v=1759129788|https://cdn.shopify.com/s/files/1/0912/9351/6071/files/img_f8c0bdc9_20240718_i1721287754_4588_1_jpg_11e4c887-3801-4da0-8075-58ac22e1713f.jpg?v=1759129788|https://cdn.shopify.com/s/files/1/0912/9351/6071/files/img_f8c0bdc9_20240718_i1721287754_5820_0_jpg_3069c686-0999-4f49-98ce-192ea9a26431.jpg?v=1759129788|https://cdn.shopify.com/s/files/1/0912/9351/6071/files/img_f8c0bdc9_20240718_i1721287754_6652_4_jpg_292f1f0f-f242-4c2d-ac7f-72383da7dbfe.jpg?v=1759129788|https://cdn.shopify.com/s/files/1/0912/9351/6071/files/img_f8c0bdc9_20240718_i1721287754_8910_7_jpg_fd0ddbbf-e84e-4f86-9413-575684f77d1b.jpg?v=1759129788|https://cdn.shopify.com/s/files/1/0912/9351/6071/files/img_f8c0bdc9_20240718_i1721287754_9925_2_jpg_2b8fb452-69b5-4cce-afed-0071742cbb85.jpg?v=1759129788,Hi I want CITY MINI CAMERA BAG 18 IN BLACK ECONYL,
CITY CAMERA BAG 24 IN BLACK ELEPHANT PATTERN LAMBSKIN,https://cdn.shopify.com/s/files/1/0912/9351/6071/files/img_f8c0bdc9_20240701_i1719828722_9389_1_jpg_19f84493-52fe-463e-88b6-fe3aa63d4048.jpg?v=1759129801,handbags,ysl,https://cdn.shopify.com/s/files/1/0912/9351/6071/files/img_f8c0bdc9_20240701_i1719828722_9389_1_jpg_19f84493-52fe-463e-88b6-fe3aa63d4048.jpg?v=1759129801|https://cdn.shopify.com/s/files/1/0912/9351/6071/files/img_f8c0bdc9_20240701_i1719828722_4011_6_jpg_bbba8805-7917-455b-b981-5c10e803e5d1.jpg?v=1759129801|https://cdn.shopify.com/s/files/1/0912/9351/6071/files/img_f8c0bdc9_20240701_i1719828722_6722_7_jpg_3c7fd59d-3e84-4dc6-851b-441754f811e3.jpg?v=1759129801|https://cdn.shopify.com/s/files/1/0912/9351/6071/files/img_f8c0bdc9_20240701_i1719828722_7689_4_jpg_9b7a3621-7c8a-460f-9b7a-2049a7c19009.jpg?v=1759129801|https://cdn.shopify.com/s/files/1/0912/9351/6071/files/img_f8c0bdc9_20240701_i1719828722_479_0_jpg_a4500acb-2f3b-4c90-9fbb-5f964c4b4d94.jpg?v=1759129801|https://cdn.shopify.com/s/files/1/0912/9351/6071/files/img_f8c0bdc9_20240701_i1719828722_880_3_jpg_c0c92ca6-aaa3-4fa1-a26b-c64a9fda920c.jpg?v=1759129801|https://cdn.shopify.com/s/files/1/0912/9351/6071/files/img_f8c0bdc9_20240701_i1719828722_4072_8_jpg_bdf1f42a-60a1-4191-901b-0fa3e20d95e8.jpg?v=1759129801|https://cdn.shopify.com/s/files/1/0912/9351/6071/files/img_f8c0bdc9_20240701_i1719828722_4326_2_jpg_b0b23ef8-b2f4-4909-90a5-41545721766f.jpg?v=1759129801|https://cdn.shopify.com/s/files/1/0912/9351/6071/files/img_f8c0bdc9_20240701_i1719828722_5049_5_jpg_0e65976e-44d2-46c0-81a9-0d1cc1b92cba.jpg?v=1759129801,Hi I want CITY CAMERA BAG 24 IN BLACK ELEPHANT PATTERN LAMBSKIN,
CITY CAMERA BAG 24 IN BLACK ECONYL,https://cdn.shopify.com/s/files/1/0912/9351/6071/files/img_f8c0bdc9_20240701_i1719828808_7011_5_jpg_f320379d-a838-4007-8113-a50305c2b6a8.jpg?v=1759129812,handbags,ysl,https://cdn.shopify.com/s/files/1/0912/9351/6071/files/img_f8c0bdc9_20240701_i1719828808_7011_5_jpg_f320379d-a838-4007-8113-a50305c2b6a8.jpg?v=1759129812|https://cdn.shopify.com/s/files/1/0912/9351/6071/files/img_f8c0bdc9_20240701_i1719828808_2324_7_jpg_fd56c340-2488-4d2c-a543-495b9d04fd3c.jpg?v=1759129812|https://cdn.shopify.com/s/files/1/0912/9351/6071/files/img_f8c0bdc9_20240701_i1719828808_2603_8_jpg_f15d9b67-041f-4222-8145-03a4e2c04012.jpg?v=1759129812|https://cdn.shopify.com/s/files/1/0912/9351/6071/files/img_f8c0bdc9_20240701_i1719828808_3457_3_jpg_1ea96649-1d9a-4cce-9e1d-f0d1aa867261.jpg?v=1759129812|https://cdn.shopify.com/s/files/1/0912/9351/6071/files/img_f8c0bdc9_20240701_i1719828808_4757_6_jpg_08d4bbe9-31c4-485b-b0c9-ddd1de92b72b.jpg?v=1759129812|https://cdn.shopify.com/s/files/1/0912/9351/6071/files/img_f8c0bdc9_20240701_i1719828808_7253_4_jpg_ab9fce2b-d255-41bb-80f0-25da4e84bc41.jpg?v=1759129812|https://cdn.shopify.com/s/files/1/0912/9351/6071/files/img_f8c0bdc9_20240701_i1719828808_7356_2_jpg_ac899c60-b703-421c-ad17-e2372926bbeb.jpg?v=1759129812|https://cdn.shopify.com/s/files/1/0912/9351/6071/files/img_f8c0bdc9_20240701_i1719828808_8352_0_jpg_d002cdfe-2a14-440d-ac89-715944094f0a.jpg?v=1759129812|https://cdn.shopify.com/s/files/1/0912/9351/6071/files/img_f8c0bdc9_20240701_i1719828808_9245_1_jpg_cfb29109-3368-4c9e-ae93-5487a93dac41.jpg?v=1759129812,Hi I want CITY CAMERA BAG 24 IN BLACK ECONYL,
NIKI LARGE 32 IN BLACK ELEPHANT PATTERN LAMBSKIN,https://cdn.shopify.com/s/files/1/0912/9351/6071/files/img_f8c0bdc9_20240126_i1706255329_6357_4_jpg_3321b0db-764b-45db-a7a1-e3e2c7dee956.jpg?v=1759129824,handbags,ysl,https://cdn.shopify.com/s/files/1/0912/9351/6071/files/img_f8c0bdc9_20240126_i1706255329_6357_4_jpg_3321b0db-764b-45db-a7a1-e3e2c7dee956.jpg?v=1759129824|https://cdn.shopify.com/s/files/1/0912/9351/6071/files/img_f8c0bdc9_20240126_i1706255329_1472_3_jpg_30af4920-d58d-4ae3-bca6-9827d3549435.jpg?v=1759129824|https://cdn.shopify.com/s/files/1/0912/9351/6071/files/img_f8c0bdc9_20240126_i1706255329_2554_2_jpg_57736d21-0ae8-456a-be75-c1fac81c45ef.jpg?v=1759129824|https://cdn.shopify.com/s/files/1/0912/9351/6071/files/img_f8c0bdc9_20240126_i1706255329_3955_0_jpg_fac188ea-36a6-4503-9fff-1c9990aa49cd.jpg?v=1759129824|https://cdn.shopify.com/s/files/1/0912/9351/6071/files/img_f8c0bdc9_20240126_i1706255329_7192_1_jpg_af9e90b1-27b3-49ec-8aa8-4d85de6511a3.jpg?v=1759129824|https://cdn.shopify.com/s/files/1/0912/9351/6071/files/img_f8c0bdc9_20240126_i1706255329_8130_5_jpg_a7bd95d9-e518-4451-b14d-0310c671d7ca.jpg?v=1759129824|https://cdn.shopify.com/s/files/1/0912/9351/6071/files/img_f8c0bdc9_20240126_i1706255330_3484_8_jpg_51f085f4-d7f9-4c1c-978d-f0edf967119f.jpg?v=1759129824|https://cdn.shopify.com/s/files/1/0912/9351/6071/files/img_f8c0bdc9_20240126_i1706255330_3716_7_jpg_673b202e-bbef-419f-9e0e-ea1772d6caa5.jpg?v=1759129824|https://cdn.shopify.com/s/files/1/0912/9351/6071/files/img_f8c0bdc9_20240126_i1706255330_9753_6_jpg_dfbd5102-49f7-4ada-96e0-969bca4a0269.jpg?v=1759129825,Hi I want NIKI LARGE 32 IN BLACK ELEPHANT PATTERN LAMBSKIN,
NIKI BABY 22 IN BLACK ELEPHANT PATTERN LAMBSKIN SILVER LOGO,https://cdn.shopify.com/s/files/1/0912/9351/6071/files/img_f8c0bdc9_20240807_i1723012595_3846_6_jpg_4c69b6fd-78b7-4c5e-ad7e-6b0171fff339.jpg?v=1759129837,handbags,ysl,https://cdn.shopify.com/s/files/1/0912/9351/6071/files/img_f8c0bdc9_20240807_i1723012595_3846_6_jpg_4c69b6fd-78b7-4c5e-ad7e-6b0171fff339.jpg?v=1759129837|https://cdn.shopify.com/s/files/1/0912/9351/6071/files/img_f8c0bdc9_20240807_i1723012595_2331_5_jpg_93d5e77e-8c9f-40e5-ba02-bf63ed79b6fc.jpg?v=1759129837|https://cdn.shopify.com/s/files/1/0912/9351/6071/files/img_f8c0bdc9_20240807_i1723012595_2741_3_jpg_14828d9b-6185-4da4-a8ff-f12d6cd0f85d.jpg?v=1759129837|https://cdn.shopify.com/s/files/1/0912/9351/6071/files/img_f8c0bdc9_20240807_i1723012595_2788_8_jpg_f694f44b-885a-4ca6-9dac-43b1ca90aeff.jpg?v=1759129837|https://cdn.shopify.com/s/files/1/0912/9351/6071/files/img_f8c0bdc9_20240807_i1723012595_5961_1_jpg_f2775213-0e28-4e19-8212-f218d44731f8.jpg?v=1759129837|https://cdn.shopify.com/s/files/1/0912/9351/6071/files/img_f8c0bdc9_20240807_i1723012595_8854_4_jpg_0554321a-bc7c-4975-a4a5-9d922737c80c.jpg?v=1759129837|https://cdn.shopify.com/s/files/1/0912/9351/6071/files/img_f8c0bdc9_20240807_i1723012595_8952_7_jpg_0028e5a4-dc40-4eaa-a51c-877ef4e303ba.jpg?v=1759129837|https://cdn.shopify.com/s/files/1/0912/9351/6071/files/img_f8c0bdc9_20240807_i1723012595_9524_2_jpg_2322560f-1045-4ade-b9bf-b75d610c1330.jpg?v=1759129837|https://cdn.shopify.com/s/files/1/0912/9351/6071/files/img_f8c0bdc9_20240807_i1723012595_9808_0_jpg_f9052dd8-6c6b-458e-93aa-78fffb27487f.jpg?v=1759129837,Hi I want NIKI BABY 22 IN BLACK ELEPHANT PATTERN LAMBSKIN SILVER LOGO,
NIKI LARGE 32 IN BLACK NYLON,https://cdn.shopify.com/s/files/1/0912/9351/6071/files/20230814_i1692003456_6984_0_jpg.jpg?v=1781759335,handbags,ysl,https://cdn.shopify.com/s/files/1/0912/9351/6071/files/20230814_i1692003456_6984_0_jpg.jpg?v=1781759335|https://cdn.shopify.com/s/files/1/0912/9351/6071/files/20230814_i1692003456_1456_2_jpg.jpg?v=1781759335|https://cdn.shopify.com/s/files/1/0912/9351/6071/files/20230814_i1692003456_5305_6_jpg.jpg?v=1781759336|https://cdn.shopify.com/s/files/1/0912/9351/6071/files/20230814_i1692003456_6967_3_jpg.jpg?v=1781759335|https://cdn.shopify.com/s/files/1/0912/9351/6071/files/20230814_i1692003456_7152_5_jpg.jpg?v=1781759335|https://cdn.shopify.com/s/files/1/0912/9351/6071/files/20230814_i1692003456_7803_7_jpg.jpg?v=1781759335|https://cdn.shopify.com/s/files/1/0912/9351/6071/files/20230814_i1692003456_7891_4_jpg.jpg?v=1781759335|https://cdn.shopify.com/s/files/1/0912/9351/6071/files/20230814_i1692003456_9266_1_jpg.jpg?v=1781759335|https://cdn.shopify.com/s/files/1/0912/9351/6071/files/20230814_i1692003456_9987_8_jpg.jpg?v=1781759335,Hi I want NIKI LARGE 32 IN BLACK NYLON,
NIKI MEDIUM 28 IN BLACK NYLON,https://cdn.shopify.com/s/files/1/0912/9351/6071/files/20230730_i1690724013_442_0_jpg_9ddfcf74-6548-47cb-abd6-3a5fc51cac8f.jpg?v=1759129860,handbags,ysl,https://cdn.shopify.com/s/files/1/0912/9351/6071/files/20230730_i1690724013_442_0_jpg_9ddfcf74-6548-47cb-abd6-3a5fc51cac8f.jpg?v=1759129860|https://cdn.shopify.com/s/files/1/0912/9351/6071/files/20230730_i1690724013_526_3_jpg_436da0c2-a25c-4cab-91b4-61fe8a4887ee.jpg?v=1759129860|https://cdn.shopify.com/s/files/1/0912/9351/6071/files/20230730_i1690724013_873_7_jpg_9fa954ae-6b4d-4c83-8b57-32d3292f1adb.jpg?v=1759129860|https://cdn.shopify.com/s/files/1/0912/9351/6071/files/20230730_i1690724013_1394_5_jpg_68d41229-bfd9-42b7-bfda-2b2c1c2a502f.jpg?v=1759129860|https://cdn.shopify.com/s/files/1/0912/9351/6071/files/20230730_i1690724013_2653_8_jpg_c081282e-57c8-44bf-bdee-63391214d914.jpg?v=1759129860|https://cdn.shopify.com/s/files/1/0912/9351/6071/files/20230730_i1690724013_3154_1_jpg_b809295d-82e4-440f-9a38-050339684a32.jpg?v=1759129860|https://cdn.shopify.com/s/files/1/0912/9351/6071/files/20230730_i1690724013_3870_6_jpg_812dc55c-10c9-4246-a0b9-3b9cb3384f40.jpg?v=1759129860|https://cdn.shopify.com/s/files/1/0912/9351/6071/files/20230730_i1690724013_4582_4_jpg_c85b365a-404a-43cd-a976-9dffef6efe3b.jpg?v=1759129860|https://cdn.shopify.com/s/files/1/0912/9351/6071/files/20230730_i1690724013_8376_2_jpg_55f8eb9b-e36b-45d9-9495-c61e5aa5354d.jpg?v=1759129860,Hi I want NIKI MEDIUM 28 IN BLACK NYLON,
NIKI BABY 22 IN BLACK NYLON,https://cdn.shopify.com/s/files/1/0912/9351/6071/files/img_f8c0bdc9_20231218_i1702883540_1206_0_jpg_4065cb91-e49e-4c61-9ee7-abdadc9cf165.jpg?v=1759129871,handbags,ysl,https://cdn.shopify.com/s/files/1/0912/9351/6071/files/img_f8c0bdc9_20231218_i1702883540_1206_0_jpg_4065cb91-e49e-4c61-9ee7-abdadc9cf165.jpg?v=1759129871|https://cdn.shopify.com/s/files/1/0912/9351/6071/files/img_f8c0bdc9_20231218_i1702883540_2075_4_jpg_c9dd3c7a-a909-405b-96fc-70ed5adf9b39.jpg?v=1759129871|https://cdn.shopify.com/s/files/1/0912/9351/6071/files/img_f8c0bdc9_20231218_i1702883540_2191_2_jpg_005b0c35-4030-4ec4-b3e9-9fb90a2ddd1c.jpg?v=1759129871|https://cdn.shopify.com/s/files/1/0912/9351/6071/files/img_f8c0bdc9_20231218_i1702883540_3136_3_jpg_b310a2cb-d5ac-4089-905e-d7ad8c4ef913.jpg?v=1759129871|https://cdn.shopify.com/s/files/1/0912/9351/6071/files/img_f8c0bdc9_20231218_i1702883540_3621_1_jpg_8b1c4a6d-3c31-4145-a05f-ee49d7ec0f18.jpg?v=1759129871|https://cdn.shopify.com/s/files/1/0912/9351/6071/files/img_f8c0bdc9_20231218_i1702883540_3826_8_jpg_c5a1b5e1-d6ea-47be-9dc4-067e4db65c15.jpg?v=1759129871|https://cdn.shopify.com/s/files/1/0912/9351/6071/files/img_f8c0bdc9_20231218_i1702883540_3953_6_jpg_c0b945c5-61d1-44a1-a413-d746e4f601f5.jpg?v=1759129871|https://cdn.shopify.com/s/files/1/0912/9351/6071/files/img_f8c0bdc9_20231218_i1702883540_5059_5_jpg_0ed6a9ec-c857-4baa-8325-6a584f5a29e7.jpg?v=1759129871|https://cdn.shopify.com/s/files/1/0912/9351/6071/files/img_f8c0bdc9_20231218_i1702883540_9624_7_jpg_824bd314-1708-40a3-b967-afffbb2e9e9a.jpg?v=1759129871,Hi I want NIKI BABY 22 IN BLACK NYLON,
PUFFER LARGE BAG 34 IN DARK GRAY NYLON,https://cdn.shopify.com/s/files/1/0912/9351/6071/files/20230427_i1682592153_6608_0_jpg_88f0543d-aef6-4b1f-b98f-95cd3de62757.jpg?v=1759129882,handbags,ysl,https://cdn.shopify.com/s/files/1/0912/9351/6071/files/20230427_i1682592153_6608_0_jpg_88f0543d-aef6-4b1f-b98f-95cd3de62757.jpg?v=1759129882|https://cdn.shopify.com/s/files/1/0912/9351/6071/files/20230427_i1682592153_313_4_jpg_c526a2c8-19cf-4450-8ae3-c51029c3fa12.jpg?v=1759129882|https://cdn.shopify.com/s/files/1/0912/9351/6071/files/20230427_i1682592153_381_2_jpg_ad05f0f7-e308-4217-8150-519a98d220ea.jpg?v=1759129882|https://cdn.shopify.com/s/files/1/0912/9351/6071/files/20230427_i1682592153_3377_8_jpg_1174100d-ac47-4a09-8405-777973645995.jpg?v=1759129882|https://cdn.shopify.com/s/files/1/0912/9351/6071/files/20230427_i1682592153_5260_1_jpg_cb2b0f63-6f05-4fe5-a988-a7c7e60b3e13.jpg?v=1759129882|https://cdn.shopify.com/s/files/1/0912/9351/6071/files/20230427_i1682592153_5672_5_jpg_0de0c73e-f01a-406c-b36a-1b27ae00ff91.jpg?v=1759129882|https://cdn.shopify.com/s/files/1/0912/9351/6071/files/20230427_i1682592153_6445_6_jpg_ca76bd1e-2d48-4d0b-b5ed-19cb0cdb36b2.jpg?v=1759129882|https://cdn.shopify.com/s/files/1/0912/9351/6071/files/20230427_i1682592153_7179_3_jpg_1b118f5b-fb97-4eb3-a516-4c6d36dbefb6.jpg?v=1759129882|https://cdn.shopify.com/s/files/1/0912/9351/6071/files/20230427_i1682592153_9649_7_jpg_d87bd87f-0725-419d-82f9-4f3e9d49a002.jpg?v=1759129882,Hi I want PUFFER LARGE BAG 34 IN DARK GRAY NYLON,
PARIS VII SMALL HOBO 30 IN BLACK GRAINED LEATHER GOLD HARDWARE,https://cdn.shopify.com/s/files/1/0912/9351/6071/files/img_f8c0bdc9_20240711_i1720679436_9333_0_jpg_89a9a5ad-be31-4710-868f-a1e89500adcd.jpg?v=1759129900,handbags,ysl,https://cdn.shopify.com/s/files/1/0912/9351/6071/files/img_f8c0bdc9_20240711_i1720679436_9333_0_jpg_89a9a5ad-be31-4710-868f-a1e89500adcd.jpg?v=1759129900|https://cdn.shopify.com/s/files/1/0912/9351/6071/files/img_f8c0bdc9_20240711_i1720679286_917_6_jpg_083ccaaa-b4dc-4bcc-8ce2-5c4c39e77081.jpg?v=1759129900|https://cdn.shopify.com/s/files/1/0912/9351/6071/files/img_f8c0bdc9_20240711_i1720679286_2660_5_jpg_ba3f3896-899c-4ed8-9cf8-524453760de1.jpg?v=1759129900|https://cdn.shopify.com/s/files/1/0912/9351/6071/files/img_f8c0bdc9_20240711_i1720679286_3618_3_jpg_f1a80909-7e6a-486f-b6b7-8bab9e3e5122.jpg?v=1759129900|https://cdn.shopify.com/s/files/1/0912/9351/6071/files/img_f8c0bdc9_20240711_i1720679286_4783_4_jpg_2b3108fe-00ee-48c6-9dd2-b5634cf89341.jpg?v=1759129900|https://cdn.shopify.com/s/files/1/0912/9351/6071/files/img_f8c0bdc9_20240711_i1720679286_5252_7_jpg_52f095fa-9bfa-493e-9d58-df0f05554409.jpg?v=1759129900|https://cdn.shopify.com/s/files/1/0912/9351/6071/files/img_f8c0bdc9_20240711_i1720679286_5955_2_jpg_69be7f38-9856-4f65-bbdf-2d43bd39ee42.jpg?v=1759129900|https://cdn.shopify.com/s/files/1/0912/9351/6071/files/img_f8c0bdc9_20240711_i1720679286_7683_0_jpg_5d1c7190-5dd9-45aa-b697-a370f1b71fea.jpg?v=1759129900|https://cdn.shopify.com/s/files/1/0912/9351/6071/files/img_f8c0bdc9_20240711_i1720679286_8027_1_jpg_1de9d235-f25e-4905-b3c1-335b63b68135.jpg?v=1759129900,Hi I want PARIS VII SMALL HOBO 30 IN BLACK GRAINED LEATHER GOLD HARDWARE,
CAMERA SUPPLE BAG 28 IN BLACK SMOOTH LAMBSKIN GOLD HARDWARE,https://cdn.shopify.com/s/files/1/0912/9351/6071/files/img_f8c0bdc9_20240711_i1720679580_8975_1_jpg_6169555c-702b-4c5c-a761-40f043ff6732.jpg?v=1759129911,handbags,ysl,https://cdn.shopify.com/s/files/1/0912/9351/6071/files/img_f8c0bdc9_20240711_i1720679580_8975_1_jpg_6169555c-702b-4c5c-a761-40f043ff6732.jpg?v=1759129911|https://cdn.shopify.com/s/files/1/0912/9351/6071/files/img_f8c0bdc9_20240711_i1720679580_2204_4_jpg_ac6c014e-c716-44b9-9cd6-6f8ceeccbfed.jpg?v=1759129911|https://cdn.shopify.com/s/files/1/0912/9351/6071/files/img_f8c0bdc9_20240711_i1720679580_4592_3_jpg_35e0f201-89c1-43d6-b753-c4b5befdde19.jpg?v=1759129911|https://cdn.shopify.com/s/files/1/0912/9351/6071/files/img_f8c0bdc9_20240711_i1720679580_5207_5_jpg_9253d11a-a7a5-4e0e-90b9-1166d62b7203.jpg?v=1759129911|https://cdn.shopify.com/s/files/1/0912/9351/6071/files/img_f8c0bdc9_20240711_i1720679580_6411_2_jpg_13c0651b-2e13-49f6-a843-ac16e7310359.jpg?v=1759129911|https://cdn.shopify.com/s/files/1/0912/9351/6071/files/img_f8c0bdc9_20240711_i1720679580_7538_6_jpg_9bc26440-090c-402c-8429-4d061c48790a.jpg?v=1759129911|https://cdn.shopify.com/s/files/1/0912/9351/6071/files/img_f8c0bdc9_20240711_i1720679580_8024_7_jpg_25e1ee29-636e-482e-a4fb-6df676175b73.jpg?v=1759129911|https://cdn.shopify.com/s/files/1/0912/9351/6071/files/img_f8c0bdc9_20240711_i1720679580_8660_8_jpg_95a058bb-aa4a-45b3-87ca-a3fc3a70323e.jpg?v=1759129911|https://cdn.shopify.com/s/files/1/0912/9351/6071/files/img_f8c0bdc9_20240711_i1720679580_9775_0_jpg_0abc0651-c821-46a9-8282-ddd65df8e114.jpg?v=1759129911,Hi I want CAMERA SUPPLE BAG 28 IN BLACK SMOOTH LAMBSKIN GOLD HARDWARE,
CAMERA SUPPLE BAG 28 IN WHITE CANVAS AND BROWN CALFSKIN TRIM,https://cdn.shopify.com/s/files/1/0912/9351/6071/files/img_f8c0bdc9_20240711_i1720680109_751_0_jpg_d76e65f0-ccae-4c35-bda5-ed887d03b79a.jpg?v=1759129922,handbags,ysl,https://cdn.shopify.com/s/files/1/0912/9351/6071/files/img_f8c0bdc9_20240711_i1720680109_751_0_jpg_d76e65f0-ccae-4c35-bda5-ed887d03b79a.jpg?v=1759129922|https://cdn.shopify.com/s/files/1/0912/9351/6071/files/img_f8c0bdc9_20240711_i1720680109_476_2_jpg_c9b0b9cb-0743-46ed-bc3d-b57c37bff635.jpg?v=1759129922|https://cdn.shopify.com/s/files/1/0912/9351/6071/files/img_f8c0bdc9_20240711_i1720680109_704_8_jpg_356e9fc3-ec61-431b-930c-e95d5acfedc0.jpg?v=1759129922|https://cdn.shopify.com/s/files/1/0912/9351/6071/files/img_f8c0bdc9_20240711_i1720680109_1055_6_jpg_d74a5607-24b4-4ff0-a322-df04b8e6c0f3.jpg?v=1759129922|https://cdn.shopify.com/s/files/1/0912/9351/6071/files/img_f8c0bdc9_20240711_i1720680109_1881_5_jpg_ffbbebdf-109d-4e3a-958f-b7a4a87826ed.jpg?v=1759129922|https://cdn.shopify.com/s/files/1/0912/9351/6071/files/img_f8c0bdc9_20240711_i1720680109_4566_4_jpg_998d2de5-ecf7-4635-bd7a-384814a93ebe.jpg?v=1759129922|https://cdn.shopify.com/s/files/1/0912/9351/6071/files/img_f8c0bdc9_20240711_i1720680109_6365_3_jpg_25196059-3427-44d3-afb1-954568a70ce1.jpg?v=1759129922|https://cdn.shopify.com/s/files/1/0912/9351/6071/files/img_f8c0bdc9_20240711_i1720680109_9348_7_jpg_a604d105-791f-404c-a1bc-e1cc97762f3d.jpg?v=1759129922|https://cdn.shopify.com/s/files/1/0912/9351/6071/files/img_f8c0bdc9_20240711_i1720680109_9458_1_jpg_d23c76df-c146-4484-9a74-d4b57129d759.jpg?v=1759129922,Hi I want CAMERA SUPPLE BAG 28 IN WHITE CANVAS AND BROWN CALFSKIN TRIM,
MANHATTAN SMALL 24 IN BROWN CROCODILE PATTERN CALFSKIN GOLD BUCKLE,https://cdn.shopify.com/s/files/1/0912/9351/6071/files/img_f8c0bdc9_20240810_i1723293037_8886_6_jpg_4698ffa2-863d-4cae-b737-cc0d1bdec4dd.jpg?v=1759129933,handbags,ysl,https://cdn.shopify.com/s/files/1/0912/9351/6071/files/img_f8c0bdc9_20240810_i1723293037_8886_6_jpg_4698ffa2-863d-4cae-b737-cc0d1bdec4dd.jpg?v=1759129933|https://cdn.shopify.com/s/files/1/0912/9351/6071/files/img_f8c0bdc9_20240810_i1723293037_1037_4_jpg_561dc09b-dfb2-4732-8789-1406bb208ae2.jpg?v=1759129933|https://cdn.shopify.com/s/files/1/0912/9351/6071/files/img_f8c0bdc9_20240810_i1723293037_1067_3_jpg_fef4f889-64ef-4075-8672-d1ed78eee963.jpg?v=1759129933|https://cdn.shopify.com/s/files/1/0912/9351/6071/files/img_f8c0bdc9_20240810_i1723293037_1764_5_jpg_3b1398f8-89a9-455f-80a8-420a453458db.jpg?v=1759129933|https://cdn.shopify.com/s/files/1/0912/9351/6071/files/img_f8c0bdc9_20240810_i1723293037_3735_0_jpg_36b17d27-bdc3-4004-8dfd-d227114ca383.jpg?v=1759129933|https://cdn.shopify.com/s/files/1/0912/9351/6071/files/img_f8c0bdc9_20240810_i1723293037_4461_2_jpg_14e80606-b8c4-41de-a415-34b32405edca.jpg?v=1759129933|https://cdn.shopify.com/s/files/1/0912/9351/6071/files/img_f8c0bdc9_20240810_i1723293037_7578_8_jpg_be06a15f-e805-44b3-ad76-78558389f963.jpg?v=1759129933|https://cdn.shopify.com/s/files/1/0912/9351/6071/files/img_f8c0bdc9_20240810_i1723293037_8744_1_jpg_d4f5dd8e-e699-4e55-bd65-8c337f598810.jpg?v=1759129933|https://cdn.shopify.com/s/files/1/0912/9351/6071/files/img_f8c0bdc9_20240810_i1723293037_9423_7_jpg_ee0f3f4e-c5cf-4ae9-953a-00713fa45e35.jpg?v=1759129933,Hi I want MANHATTAN SMALL 24 IN BROWN CROCODILE PATTERN CALFSKIN GOLD BUCKLE,
MANHATTAN SMALL 24 IN BLACK CROCODILE PATTERN GLOSSY CALFSKIN GOLD BUCKLE,https://cdn.shopify.com/s/files/1/0912/9351/6071/files/img_f8c0bdc9_20240810_i1723293167_8892_4_jpg_4de6d911-0df2-4337-8cf9-eb0e331a7704.jpg?v=1759129944,handbags,ysl,https://cdn.shopify.com/s/files/1/0912/9351/6071/files/img_f8c0bdc9_20240810_i1723293167_8892_4_jpg_4de6d911-0df2-4337-8cf9-eb0e331a7704.jpg?v=1759129944|https://cdn.shopify.com/s/files/1/0912/9351/6071/files/img_f8c0bdc9_20240810_i1723293167_310_2_jpg_47c0d60d-5fd5-466c-a77f-9ef265cad473.jpg?v=1759129944|https://cdn.shopify.com/s/files/1/0912/9351/6071/files/img_f8c0bdc9_20240810_i1723293167_1416_7_jpg_459b7695-f861-4283-8b0d-129ea699f853.jpg?v=1759129944|https://cdn.shopify.com/s/files/1/0912/9351/6071/files/img_f8c0bdc9_20240810_i1723293167_1577_0_jpg_ef8b3bd2-7f41-422b-a3b2-e943970eb91f.jpg?v=1759129944|https://cdn.shopify.com/s/files/1/0912/9351/6071/files/img_f8c0bdc9_20240810_i1723293167_2050_5_jpg_720ab4f2-37eb-4e40-abcb-e8cb69bd4268.jpg?v=1759129944|https://cdn.shopify.com/s/files/1/0912/9351/6071/files/img_f8c0bdc9_20240810_i1723293167_4723_6_jpg_327656bc-2353-4c3d-945e-9a7dfff43e48.jpg?v=1759129944|https://cdn.shopify.com/s/files/1/0912/9351/6071/files/img_f8c0bdc9_20240810_i1723293167_7045_1_jpg_0cc10d64-17f8-489a-926f-9903892d924a.jpg?v=1759129944|https://cdn.shopify.com/s/files/1/0912/9351/6071/files/img_f8c0bdc9_20240810_i1723293167_8163_8_jpg_8b1ce5f5-99a3-4ebc-acb6-bf3ed1b3892c.jpg?v=1759129944|https://cdn.shopify.com/s/files/1/0912/9351/6071/files/img_f8c0bdc9_20240810_i1723293167_9267_3_jpg_2af75a8c-bf8c-4627-9092-9dbf388120ea.jpg?v=1759129944,Hi I want MANHATTAN SMALL 24 IN BLACK CROCODILE PATTERN GLOSSY CALFSKIN GOLD BUCKLE,
MANHATTAN SMALL 24 IN WHITE CANVAS AND BROWN CALFSKIN GOLD HARDWARE,https://cdn.shopify.com/s/files/1/0912/9351/6071/files/img_f8c0bdc9_20240810_i1723293538_7175_0_jpg_b7c7560b-4dc3-43b2-942d-126362202837.jpg?v=1759129955,handbags,ysl,https://cdn.shopify.com/s/files/1/0912/9351/6071/files/img_f8c0bdc9_20240810_i1723293538_7175_0_jpg_b7c7560b-4dc3-43b2-942d-126362202837.jpg?v=1759129955|https://cdn.shopify.com/s/files/1/0912/9351/6071/files/img_f8c0bdc9_20240810_i1723293538_9233_1_jpg_51790b22-0acc-471e-9695-8cf9bb32362f.jpg?v=1759129955|https://cdn.shopify.com/s/files/1/0912/9351/6071/files/img_f8c0bdc9_20240810_i1723293539_56_7_jpg_a237d300-1b05-4c3d-b1ff-5de9add5d692.jpg?v=1759129955|https://cdn.shopify.com/s/files/1/0912/9351/6071/files/img_f8c0bdc9_20240810_i1723293539_3375_5_jpg_329b1e39-0eb6-4ea2-be2f-7f03f70e458d.jpg?v=1759129955|https://cdn.shopify.com/s/files/1/0912/9351/6071/files/img_f8c0bdc9_20240810_i1723293539_4549_8_jpg_462c5220-8bd8-44cc-8756-14a5151b821c.jpg?v=1759129955|https://cdn.shopify.com/s/files/1/0912/9351/6071/files/img_f8c0bdc9_20240810_i1723293539_5900_3_jpg_d83c0d3b-09fc-4b2c-a8ec-9dd550d4e774.jpg?v=1759129955|https://cdn.shopify.com/s/files/1/0912/9351/6071/files/img_f8c0bdc9_20240810_i1723293539_6439_2_jpg_1962cbb9-c58f-4d5a-98c8-9ced1009dbda.jpg?v=1759129955|https://cdn.shopify.com/s/files/1/0912/9351/6071/files/img_f8c0bdc9_20240810_i1723293539_9266_6_jpg_855357c7-7c33-460b-8d0d-109483169a57.jpg?v=1759129955|https://cdn.shopify.com/s/files/1/0912/9351/6071/files/img_f8c0bdc9_20240810_i1723293552_5631_0_jpg_219610f9-c3b6-4bd6-9a83-ba84c91772e4.jpg?v=1759129955,Hi I want MANHATTAN SMALL 24 IN WHITE CANVAS AND BROWN CALFSKIN GOLD HARDWARE,
MANHATTAN SMALL 24 IN BRONZE BROWN CALFSKIN GOLD HARDWARE,https://cdn.shopify.com/s/files/1/0912/9351/6071/files/img_f8c0bdc9_20240810_i1723293661_8231_6_jpg_371c9108-128e-43f9-b984-af051dfbde64.jpg?v=1759129966,handbags,ysl,https://cdn.shopify.com/s/files/1/0912/9351/6071/files/img_f8c0bdc9_20240810_i1723293661_8231_6_jpg_371c9108-128e-43f9-b984-af051dfbde64.jpg?v=1759129966|https://cdn.shopify.com/s/files/1/0912/9351/6071/files/img_f8c0bdc9_20240810_i1723293661_279_4_jpg_e04ac5fb-fbb5-4da5-abce-c493db3946c0.jpg?v=1759129967|https://cdn.shopify.com/s/files/1/0912/9351/6071/files/img_f8c0bdc9_20240810_i1723293661_679_3_jpg_46420ac7-9725-4a27-a230-39abfeaf40df.jpg?v=1759129967|https://cdn.shopify.com/s/files/1/0912/9351/6071/files/img_f8c0bdc9_20240810_i1723293661_2168_8_jpg_46e294e9-149e-4854-9c3c-320885a311cd.jpg?v=1759129967|https://cdn.shopify.com/s/files/1/0912/9351/6071/files/img_f8c0bdc9_20240810_i1723293661_3204_5_jpg_a479cb0f-aeee-498f-8010-55b5701b4c63.jpg?v=1759129967|https://cdn.shopify.com/s/files/1/0912/9351/6071/files/img_f8c0bdc9_20240810_i1723293661_3401_0_jpg_52253f7a-7c09-4712-99c9-3edeae085d75.jpg?v=1759129967|https://cdn.shopify.com/s/files/1/0912/9351/6071/files/img_f8c0bdc9_20240810_i1723293661_4364_1_jpg_a4a824b3-cccb-4519-b339-82de91e341b4.jpg?v=1759129967|https://cdn.shopify.com/s/files/1/0912/9351/6071/files/img_f8c0bdc9_20240810_i1723293661_8794_2_jpg_f9e397e0-4fb0-4db3-9ca7-3eb81b65db57.jpg?v=1759129967|https://cdn.shopify.com/s/files/1/0912/9351/6071/files/img_f8c0bdc9_20240810_i1723293661_9971_7_jpg_28b6b75b-fe89-46f5-85af-192769e5f67c.jpg?v=1759129967,Hi I want MANHATTAN SMALL 24 IN BRONZE BROWN CALFSKIN GOLD HARDWARE,
MANHATTAN SMALL 24 IN OLIVE GREEN SMOOTH LAMBSKIN GOLD HARDWARE,https://cdn.shopify.com/s/files/1/0912/9351/6071/files/img_f8c0bdc9_20240810_i1723293858_3292_5_jpg_c996579d-1507-4c0e-98c5-57edebbd64fb.jpg?v=1759129977,handbags,ysl,https://cdn.shopify.com/s/files/1/0912/9351/6071/files/img_f8c0bdc9_20240810_i1723293858_3292_5_jpg_c996579d-1507-4c0e-98c5-57edebbd64fb.jpg?v=1759129977|https://cdn.shopify.com/s/files/1/0912/9351/6071/files/img_f8c0bdc9_20240810_i1723293858_67_2_jpg_0f5fcfdc-e02d-436a-b01d-a2926f055010.jpg?v=1759129977|https://cdn.shopify.com/s/files/1/0912/9351/6071/files/img_f8c0bdc9_20240810_i1723293858_1256_4_jpg_92c73154-8edd-445d-8114-f235f2845fb6.jpg?v=1759129977|https://cdn.shopify.com/s/files/1/0912/9351/6071/files/img_f8c0bdc9_20240810_i1723293858_1720_7_jpg_8f4a2341-01d9-4aad-9346-043f06c4da7b.jpg?v=1759129977|https://cdn.shopify.com/s/files/1/0912/9351/6071/files/img_f8c0bdc9_20240810_i1723293858_1890_3_jpg_853c65d5-02da-4288-b7cc-a97eb1bfb439.jpg?v=1759129978|https://cdn.shopify.com/s/files/1/0912/9351/6071/files/img_f8c0bdc9_20240810_i1723293858_2062_6_jpg_9fd3c555-d06f-4a5c-aefc-3ca9952fc365.jpg?v=1759129978|https://cdn.shopify.com/s/files/1/0912/9351/6071/files/img_f8c0bdc9_20240810_i1723293858_6048_0_jpg_6a06b389-e369-412a-9482-901bd4658811.jpg?v=1759129978|https://cdn.shopify.com/s/files/1/0912/9351/6071/files/img_f8c0bdc9_20240810_i1723293858_6139_1_jpg_e70a5db2-58ff-4ecd-ad55-c868387f1b77.jpg?v=1759129978|https://cdn.shopify.com/s/files/1/0912/9351/6071/files/img_f8c0bdc9_20240810_i1723293858_7619_8_jpg_75765ce9-f68a-4df4-bb1c-33c3c18f5e74.jpg?v=1759129978,Hi I want MANHATTAN SMALL 24 IN OLIVE GREEN SMOOTH LAMBSKIN GOLD HARDWARE,
MANHATTAN SMALL 24 IN DARK BEIGE SMOOTH LAMBSKIN GOLD HARDWARE,https://cdn.shopify.com/s/files/1/0912/9351/6071/files/img_f8c0bdc9_20240810_i1723293938_4253_4_jpg_3395d65b-a0b6-4734-9c00-f86403ff79a5.jpg?v=1759129989,handbags,ysl,https://cdn.shopify.com/s/files/1/0912/9351/6071/files/img_f8c0bdc9_20240810_i1723293938_4253_4_jpg_3395d65b-a0b6-4734-9c00-f86403ff79a5.jpg?v=1759129989|https://cdn.shopify.com/s/files/1/0912/9351/6071/files/img_f8c0bdc9_20240810_i1723293938_3634_3_jpg_3fea9449-0d70-4c90-b170-de372ecd3243.jpg?v=1759129989|https://cdn.shopify.com/s/files/1/0912/9351/6071/files/img_f8c0bdc9_20240810_i1723293938_6600_0_jpg_e875a242-7959-4986-9e67-f146c53c2355.jpg?v=1759129989|https://cdn.shopify.com/s/files/1/0912/9351/6071/files/img_f8c0bdc9_20240810_i1723293938_6975_2_jpg_bc8b4a43-90ec-4d27-9c5f-04bb552becf1.jpg?v=1759129989|https://cdn.shopify.com/s/files/1/0912/9351/6071/files/img_f8c0bdc9_20240810_i1723293938_9667_1_jpg_339742b8-c2e1-47dd-bb3b-72a728bd2139.jpg?v=1759129989|https://cdn.shopify.com/s/files/1/0912/9351/6071/files/img_f8c0bdc9_20240810_i1723293939_261_5_jpg_7909b157-79b0-465f-8881-b973d5274c95.jpg?v=1759129989|https://cdn.shopify.com/s/files/1/0912/9351/6071/files/img_f8c0bdc9_20240810_i1723293939_3589_7_jpg_c515e32f-27bb-4ecd-9736-5c31f484ed51.jpg?v=1759129989|https://cdn.shopify.com/s/files/1/0912/9351/6071/files/img_f8c0bdc9_20240810_i1723293939_5626_6_jpg_8f8073a0-07db-4ec0-ba1a-b73af5e5dc9d.jpg?v=1759129990|https://cdn.shopify.com/s/files/1/0912/9351/6071/files/img_f8c0bdc9_20240810_i1723293939_8857_8_jpg_d2df1f11-e9a4-4675-bfee-1af6a36e6f7d.jpg?v=1759129990,Hi I want MANHATTAN SMALL 24 IN DARK BEIGE SMOOTH LAMBSKIN GOLD HARDWARE,
MANHATTAN SMALL 24 IN WHITE SMOOTH LAMBSKIN GOLD HARDWARE,https://cdn.shopify.com/s/files/1/0912/9351/6071/files/img_f8c0bdc9_20240810_i1723294086_2193_4_jpg_ebbea093-2079-42cb-bc8d-515b7ee4663d.jpg?v=1759130000,handbags,ysl,https://cdn.shopify.com/s/files/1/0912/9351/6071/files/img_f8c0bdc9_20240810_i1723294086_2193_4_jpg_ebbea093-2079-42cb-bc8d-515b7ee4663d.jpg?v=1759130000|https://cdn.shopify.com/s/files/1/0912/9351/6071/files/img_f8c0bdc9_20240810_i1723294086_2102_1_jpg_af663936-b15f-4191-bfaf-b87c1236f7f2.jpg?v=1759130000|https://cdn.shopify.com/s/files/1/0912/9351/6071/files/img_f8c0bdc9_20240810_i1723294086_2660_7_jpg_e00436cc-d1a3-42c6-b971-939ebe8a3b9e.jpg?v=1759130000|https://cdn.shopify.com/s/files/1/0912/9351/6071/files/img_f8c0bdc9_20240810_i1723294086_2744_5_jpg_f219e232-b0f0-40f2-8a56-decdc01dd843.jpg?v=1759130000|https://cdn.shopify.com/s/files/1/0912/9351/6071/files/img_f8c0bdc9_20240810_i1723294086_3287_3_jpg_b1d35705-8efe-4bab-81c1-251c9859af2f.jpg?v=1759130001|https://cdn.shopify.com/s/files/1/0912/9351/6071/files/img_f8c0bdc9_20240810_i1723294086_4351_6_jpg_cce099a0-f649-47c1-a2fb-ff93c2f56625.jpg?v=1759130001|https://cdn.shopify.com/s/files/1/0912/9351/6071/files/img_f8c0bdc9_20240810_i1723294086_5397_0_jpg_5b8a6aa4-d56c-47d0-8b7e-29af47f0f30b.jpg?v=1759130001|https://cdn.shopify.com/s/files/1/0912/9351/6071/files/img_f8c0bdc9_20240810_i1723294086_6219_2_jpg_2de0d5a3-21f3-48ab-9e48-154e6b9bc6ed.jpg?v=1759130001|https://cdn.shopify.com/s/files/1/0912/9351/6071/files/img_f8c0bdc9_20240810_i1723294086_9381_8_jpg_380e7489-34e3-4cfb-8b74-014345e37ce5.jpg?v=1759130001,Hi I want MANHATTAN SMALL 24 IN WHITE SMOOTH LAMBSKIN GOLD HARDWARE,
MANHATTAN SMALL 24 IN BLACK SMOOTH LAMBSKIN GOLD HARDWARE,https://cdn.shopify.com/s/files/1/0912/9351/6071/files/img_f8c0bdc9_20240810_i1723294160_8527_7_jpg_305674ec-8ab4-4907-b4c6-20b61d9497c3.jpg?v=1759130012,handbags,ysl,https://cdn.shopify.com/s/files/1/0912/9351/6071/files/img_f8c0bdc9_20240810_i1723294160_8527_7_jpg_305674ec-8ab4-4907-b4c6-20b61d9497c3.jpg?v=1759130012|https://cdn.shopify.com/s/files/1/0912/9351/6071/files/img_f8c0bdc9_20240810_i1723294160_1454_2_jpg_09a3b6c2-348c-4bbb-ad84-f2a3482d611c.jpg?v=1759130012|https://cdn.shopify.com/s/files/1/0912/9351/6071/files/img_f8c0bdc9_20240810_i1723294160_6371_3_jpg_770df6b9-1487-49ad-a2ca-7b9b73c61e15.jpg?v=1759130012|https://cdn.shopify.com/s/files/1/0912/9351/6071/files/img_f8c0bdc9_20240810_i1723294160_7775_4_jpg_960cc534-c4fe-4b6d-828b-94a4e956760f.jpg?v=1759130012|https://cdn.shopify.com/s/files/1/0912/9351/6071/files/img_f8c0bdc9_20240810_i1723294160_602_5_jpg_e61d0d97-128a-499e-8ecb-585d53103892.jpg?v=1759130012|https://cdn.shopify.com/s/files/1/0912/9351/6071/files/img_f8c0bdc9_20240810_i1723294160_1880_8_jpg_c42f723d-0229-4cec-a352-16eadf082bcb.jpg?v=1759130012|https://cdn.shopify.com/s/files/1/0912/9351/6071/files/img_f8c0bdc9_20240810_i1723294160_2077_6_jpg_3a8029ed-eaae-486d-8509-16fa223e102b.jpg?v=1759130012|https://cdn.shopify.com/s/files/1/0912/9351/6071/files/img_f8c0bdc9_20240810_i1723294160_5088_0_jpg_88a2ee60-ef01-418e-a52c-d4aa7cad4396.jpg?v=1759130012|https://cdn.shopify.com/s/files/1/0912/9351/6071/files/img_f8c0bdc9_20240810_i1723294160_6284_1_jpg_7f83c661-4aae-4765-9f1a-5b10db45f7c7.jpg?v=1759130012,Hi I want MANHATTAN SMALL 24 IN BLACK SMOOTH LAMBSKIN GOLD HARDWARE,
MANHATTAN MINI 19 IN WHITE CANVAS AND BROWN LAMBSKIN GOLD BUCKLE,https://cdn.shopify.com/s/files/1/0912/9351/6071/files/img_f8c0bdc9_20240303_i1709458003_3099_0_jpg_5f09708c-3a9d-4ea6-a558-e83a258085c0.jpg?v=1759130023,handbags,ysl,https://cdn.shopify.com/s/files/1/0912/9351/6071/files/img_f8c0bdc9_20240303_i1709458003_3099_0_jpg_5f09708c-3a9d-4ea6-a558-e83a258085c0.jpg?v=1759130023|https://cdn.shopify.com/s/files/1/0912/9351/6071/files/img_f8c0bdc9_20240303_i1709458003_266_1_jpg_d90bfe4d-2c41-4aea-a327-fe48dd7e0408.jpg?v=1759130023|https://cdn.shopify.com/s/files/1/0912/9351/6071/files/img_f8c0bdc9_20240303_i1709458003_674_7_jpg_74ec9fc6-762f-4d0f-9cc1-6277bb17cad2.jpg?v=1759130023|https://cdn.shopify.com/s/files/1/0912/9351/6071/files/img_f8c0bdc9_20240303_i1709458003_5638_2_jpg_0b562b48-1bea-477d-9e78-1ee807357b10.jpg?v=1759130023|https://cdn.shopify.com/s/files/1/0912/9351/6071/files/img_f8c0bdc9_20240303_i1709458003_7035_8_jpg_297943c5-2ca7-4df4-998c-133ba9c8e500.jpg?v=1759130023|https://cdn.shopify.com/s/files/1/0912/9351/6071/files/img_f8c0bdc9_20240303_i1709458003_7422_6_jpg_56f7be8d-51d5-4347-8157-48edf6cae80d.jpg?v=1759130023|https://cdn.shopify.com/s/files/1/0912/9351/6071/files/img_f8c0bdc9_20240303_i1709458003_7596_4_jpg_4f15fe72-98cd-48b8-9260-23df26cbc823.jpg?v=1759130023|https://cdn.shopify.com/s/files/1/0912/9351/6071/files/img_f8c0bdc9_20240303_i1709458003_8778_3_jpg_1dfe2bb9-a467-4a06-8622-f4f0d432beeb.jpg?v=1759130023|https://cdn.shopify.com/s/files/1/0912/9351/6071/files/img_f8c0bdc9_20240303_i1709458003_9886_5_jpg_be61c15d-16e6-42ef-adfd-d11c3e43414d.jpg?v=1759130023,Hi I want MANHATTAN MINI 19 IN WHITE CANVAS AND BROWN LAMBSKIN GOLD BUCKLE,
MANHATTAN MINI 19 IN BLACK SMOOTH LAMBSKIN GOLD BUCKLE,https://cdn.shopify.com/s/files/1/0912/9351/6071/files/img_f8c0bdc9_20240810_i1723294800_1109_4_jpg_378d53f4-942a-46d3-9874-5104ff471793.jpg?v=1759130034,handbags,ysl,https://cdn.shopify.com/s/files/1/0912/9351/6071/files/img_f8c0bdc9_20240810_i1723294800_1109_4_jpg_378d53f4-942a-46d3-9874-5104ff471793.jpg?v=1759130034|https://cdn.shopify.com/s/files/1/0912/9351/6071/files/img_f8c0bdc9_20240810_i1723294800_390_1_jpg_c99f0fcc-47d3-421d-a95a-e82bc808b0c1.jpg?v=1759130034|https://cdn.shopify.com/s/files/1/0912/9351/6071/files/img_f8c0bdc9_20240810_i1723294800_745_6_jpg_ecddc561-65d3-43eb-b86b-3cfb703ab92d.jpg?v=1759130034|https://cdn.shopify.com/s/files/1/0912/9351/6071/files/img_f8c0bdc9_20240810_i1723294800_1846_0_jpg_b25cde30-66d4-4330-9fb6-68eafa27cf67.jpg?v=1759130034|https://cdn.shopify.com/s/files/1/0912/9351/6071/files/img_f8c0bdc9_20240810_i1723294800_2860_3_jpg_8edf23e2-caeb-4976-a52d-a95d988b2c29.jpg?v=1759130034|https://cdn.shopify.com/s/files/1/0912/9351/6071/files/img_f8c0bdc9_20240810_i1723294800_4751_2_jpg_43419748-3090-42e9-a683-de9039acda1d.jpg?v=1759130034|https://cdn.shopify.com/s/files/1/0912/9351/6071/files/img_f8c0bdc9_20240810_i1723294800_5594_8_jpg_9e811f03-935d-4f4f-96d8-94e96a702595.jpg?v=1759130034|https://cdn.shopify.com/s/files/1/0912/9351/6071/files/img_f8c0bdc9_20240810_i1723294800_7487_5_jpg_ebf659bb-927f-4716-b5c9-fa0737fab36d.jpg?v=1759130034|https://cdn.shopify.com/s/files/1/0912/9351/6071/files/img_f8c0bdc9_20240810_i1723294800_9771_7_jpg_3345c8a1-5738-4737-9b13-e1b92f96b629.jpg?v=1759130034,Hi I want MANHATTAN MINI 19 IN BLACK SMOOTH LAMBSKIN GOLD BUCKLE,
PUFFER TOY 23 IN BRONZE BROWN SUEDE GOLD HARDWARE,https://cdn.shopify.com/s/files/1/0912/9351/6071/files/img_f8c0bdc9_20240811_i1723371209_2639_4_jpg_c0397b2c-747f-4153-bb6e-056b7e9c8400.jpg?v=1759130048,handbags,ysl,https://cdn.shopify.com/s/files/1/0912/9351/6071/files/img_f8c0bdc9_20240811_i1723371209_2639_4_jpg_c0397b2c-747f-4153-bb6e-056b7e9c8400.jpg?v=1759130048|https://cdn.shopify.com/s/files/1/0912/9351/6071/files/img_f8c0bdc9_20240811_i1723371209_175_3_jpg_4eefe105-28b6-4d02-b766-c0e44724b989.jpg?v=1759130048|https://cdn.shopify.com/s/files/1/0912/9351/6071/files/img_f8c0bdc9_20240811_i1723371209_1942_7_jpg_be99b010-3c04-433a-8dcb-40cff5a135b6.jpg?v=1759130048|https://cdn.shopify.com/s/files/1/0912/9351/6071/files/img_f8c0bdc9_20240811_i1723371209_5729_8_jpg_06ab9a60-ab10-4f86-8a2f-1a58ba95d80c.jpg?v=1759130048|https://cdn.shopify.com/s/files/1/0912/9351/6071/files/img_f8c0bdc9_20240811_i1723371209_7893_0_jpg_852e85e2-5ee0-4e38-aedb-585628f3edfd.jpg?v=1759130048|https://cdn.shopify.com/s/files/1/0912/9351/6071/files/img_f8c0bdc9_20240811_i1723371209_8711_5_jpg_314893f1-66d9-4edf-991d-7adc0d5eaf51.jpg?v=1759130048|https://cdn.shopify.com/s/files/1/0912/9351/6071/files/img_f8c0bdc9_20240811_i1723371209_8988_2_jpg_1eea5822-710f-4e9e-aa5a-865744e3e95b.jpg?v=1759130048|https://cdn.shopify.com/s/files/1/0912/9351/6071/files/img_f8c0bdc9_20240811_i1723371209_9678_1_jpg_ec55dd98-8257-4a20-9119-378303e4cf38.jpg?v=1759130048|https://cdn.shopify.com/s/files/1/0912/9351/6071/files/img_f8c0bdc9_20240811_i1723371209_9973_6_jpg_1d7c85a7-1312-4788-9bad-66ea3da5eea3.jpg?v=1759130048,Hi I want PUFFER TOY 23 IN BRONZE BROWN SUEDE GOLD HARDWARE,
PUFFER SMALL 29 IN BLACK SUEDE SILVER HARDWARE,https://cdn.shopify.com/s/files/1/0912/9351/6071/files/img_f8c0bdc9_20240811_i1723372036_4010_7_jpg_1bb0350e-2dd7-4333-a2e6-cba222ce48bb.jpg?v=1759130070,handbags,ysl,https://cdn.shopify.com/s/files/1/0912/9351/6071/files/img_f8c0bdc9_20240811_i1723372036_4010_7_jpg_1bb0350e-2dd7-4333-a2e6-cba222ce48bb.jpg?v=1759130070|https://cdn.shopify.com/s/files/1/0912/9351/6071/files/img_f8c0bdc9_20240811_i1723372036_1005_4_jpg_92ab640d-95d6-4f50-9385-195889c13faa.jpg?v=1759130070|https://cdn.shopify.com/s/files/1/0912/9351/6071/files/img_f8c0bdc9_20240811_i1723372036_1809_2_jpg_c2170fae-99cd-4dbd-b89a-19d687df87a9.jpg?v=1759130070|https://cdn.shopify.com/s/files/1/0912/9351/6071/files/img_f8c0bdc9_20240811_i1723372036_2067_0_jpg_af45c812-0f57-4be1-977c-99a7dd08ac99.jpg?v=1759130070|https://cdn.shopify.com/s/files/1/0912/9351/6071/files/img_f8c0bdc9_20240811_i1723372036_3516_1_jpg_59910c16-7ba3-4bbb-ad64-7fc53bb008f4.jpg?v=1759130070|https://cdn.shopify.com/s/files/1/0912/9351/6071/files/img_f8c0bdc9_20240811_i1723372036_3727_5_jpg_be5db0dc-fe86-4a57-a5be-947e3cf6fb30.jpg?v=1759130070|https://cdn.shopify.com/s/files/1/0912/9351/6071/files/img_f8c0bdc9_20240811_i1723372036_4990_3_jpg_a6c9a42d-4c16-420e-800c-569ee34e30da.jpg?v=1759130070|https://cdn.shopify.com/s/files/1/0912/9351/6071/files/img_f8c0bdc9_20240811_i1723372036_6591_6_jpg_be063b1d-019e-49cd-9d60-6f6c209c04c0.jpg?v=1759130070|https://cdn.shopify.com/s/files/1/0912/9351/6071/files/img_f8c0bdc9_20240811_i1723372036_8438_8_jpg_d0018aee-0c50-4762-af13-a5805a47a8b1.jpg?v=1759130070,Hi I want PUFFER SMALL 29 IN BLACK SUEDE SILVER HARDWARE,
MANHATTAN SHOPPING BAG 40 IN TAWNY BROWN SMOOTH LAMBSKIN GOLD BUCKLE,https://cdn.shopify.com/s/files/1/0912/9351/6071/files/img_f8c0bdc9_20231129_i1701246602_6653_0_jpg_7b75ecaa-8de2-47b3-a0e4-f87c06e1e82c.jpg?v=1775903501,handbags,ysl,https://cdn.shopify.com/s/files/1/0912/9351/6071/files/img_f8c0bdc9_20231129_i1701246602_6653_0_jpg_7b75ecaa-8de2-47b3-a0e4-f87c06e1e82c.jpg?v=1775903501|https://cdn.shopify.com/s/files/1/0912/9351/6071/files/img_f8c0bdc9_20231129_i1701246602_167_2_jpg_5c7d0263-e9e9-49e5-9fad-989d488fd4a8.jpg?v=1775903501|https://cdn.shopify.com/s/files/1/0912/9351/6071/files/img_f8c0bdc9_20231129_i1701246602_1401_7_jpg_513e2d30-a3fe-4769-acb5-866cfced1f70.jpg?v=1775903502|https://cdn.shopify.com/s/files/1/0912/9351/6071/files/img_f8c0bdc9_20231129_i1701246602_2908_3_jpg_a9e8521a-361f-42ed-9103-538eaaa32f59.jpg?v=1775903502|https://cdn.shopify.com/s/files/1/0912/9351/6071/files/img_f8c0bdc9_20231129_i1701246602_3147_6_jpg_5fc5e0e4-bde4-4a3a-b772-2c83db407f57.jpg?v=1775903502|https://cdn.shopify.com/s/files/1/0912/9351/6071/files/img_f8c0bdc9_20231129_i1701246602_4579_4_jpg_13859987-b7b0-4037-a251-0945d8124b03.jpg?v=1775903501|https://cdn.shopify.com/s/files/1/0912/9351/6071/files/img_f8c0bdc9_20231129_i1701246602_6320_1_jpg_a758769c-023f-42da-9670-c344c121631f.jpg?v=1775903502|https://cdn.shopify.com/s/files/1/0912/9351/6071/files/img_f8c0bdc9_20231129_i1701246602_8652_5_jpg_a6e02875-19e0-4af6-acaf-a9a3355f5781.jpg?v=1775903501|https://cdn.shopify.com/s/files/1/0912/9351/6071/files/img_f8c0bdc9_20231129_i1701246602_9082_8_jpg_aa5a799d-bdf1-4635-96dd-99eed43bb4f4.jpg?v=1775903502,Hi I want MANHATTAN SHOPPING BAG 40 IN TAWNY BROWN SMOOTH LAMBSKIN GOLD BUCKLE,
MANHATTAN MEDIUM 29 IN BLACK CROCODILE-EMBOSSED CALFSKIN SILVER BUCKLE,https://cdn.shopify.com/s/files/1/0912/9351/6071/files/img_f8c0bdc9_20240810_i1723289914_1056_5_jpg_9bbdb5e1-8a34-4e3f-ba73-5d295dc10ea3.jpg?v=1759130112,handbags,ysl,https://cdn.shopify.com/s/files/1/0912/9351/6071/files/img_f8c0bdc9_20240810_i1723289914_1056_5_jpg_9bbdb5e1-8a34-4e3f-ba73-5d295dc10ea3.jpg?v=1759130112|https://cdn.shopify.com/s/files/1/0912/9351/6071/files/img_f8c0bdc9_20240810_i1723289913_5901_0_jpg_60b5130e-c09d-4616-9c8e-dc95b6e03b8a.jpg?v=1759130112|https://cdn.shopify.com/s/files/1/0912/9351/6071/files/img_f8c0bdc9_20240810_i1723289914_487_2_jpg_b3315748-85dc-4cf9-aa2c-a52e1d10c736.jpg?v=1759130112|https://cdn.shopify.com/s/files/1/0912/9351/6071/files/img_f8c0bdc9_20240810_i1723289914_5460_7_jpg_61a86a95-04c4-49e2-a998-830ee6de1b78.jpg?v=1759130112|https://cdn.shopify.com/s/files/1/0912/9351/6071/files/img_f8c0bdc9_20240810_i1723289914_5727_4_jpg_e45c31f1-be9e-4828-9133-4333631eee60.jpg?v=1759130112|https://cdn.shopify.com/s/files/1/0912/9351/6071/files/img_f8c0bdc9_20240810_i1723289914_6215_1_jpg_e8c8628d-f808-4154-8ce2-2c22a31144a7.jpg?v=1759130112|https://cdn.shopify.com/s/files/1/0912/9351/6071/files/img_f8c0bdc9_20240810_i1723289914_7501_8_jpg_d5bd02cf-0d68-469e-aa5a-529ea0a87227.jpg?v=1759130112|https://cdn.shopify.com/s/files/1/0912/9351/6071/files/img_f8c0bdc9_20240810_i1723289914_8697_3_jpg_489cd917-c40c-4a44-a77c-3187d20fc6c8.jpg?v=1759130112|https://cdn.shopify.com/s/files/1/0912/9351/6071/files/img_f8c0bdc9_20240810_i1723289914_9519_6_jpg_92472fe6-9629-4654-afef-d92cbf68453a.jpg?v=1759130112,Hi I want MANHATTAN MEDIUM 29 IN BLACK CROCODILE-EMBOSSED CALFSKIN SILVER BUCKLE,
MANHATTAN MEDIUM 29 IN WHITE CANVAS AND BROWN CALFSKIN GOLD BUCKLE,https://cdn.shopify.com/s/files/1/0912/9351/6071/files/img_f8c0bdc9_20240810_i1723290266_4921_3_jpg_02ff4306-1420-4a2a-a2e9-f8907153fa45.jpg?v=1759130123,handbags,ysl,https://cdn.shopify.com/s/files/1/0912/9351/6071/files/img_f8c0bdc9_20240810_i1723290266_4921_3_jpg_02ff4306-1420-4a2a-a2e9-f8907153fa45.jpg?v=1759130123|https://cdn.shopify.com/s/files/1/0912/9351/6071/files/img_f8c0bdc9_20240810_i1723290266_448_7_jpg_26372ef3-b97f-4c34-b10d-c45eab25da2e.jpg?v=1759130123|https://cdn.shopify.com/s/files/1/0912/9351/6071/files/img_f8c0bdc9_20240810_i1723290266_2396_8_jpg_51067286-6e6b-4391-986b-cb9e7a4fd2e3.jpg?v=1759130123|https://cdn.shopify.com/s/files/1/0912/9351/6071/files/img_f8c0bdc9_20240810_i1723290266_3205_4_jpg_e2877b9b-c538-41e6-b171-39154de63f9b.jpg?v=1759130123|https://cdn.shopify.com/s/files/1/0912/9351/6071/files/img_f8c0bdc9_20240810_i1723290266_4356_1_jpg_5e7d8f02-34af-43bd-9eb5-0b1b137511ed.jpg?v=1759130123|https://cdn.shopify.com/s/files/1/0912/9351/6071/files/img_f8c0bdc9_20240810_i1723290266_4552_6_jpg_5c792294-69dc-4fa5-ba7b-334e347a688c.jpg?v=1759130123|https://cdn.shopify.com/s/files/1/0912/9351/6071/files/img_f8c0bdc9_20240810_i1723290266_5887_2_jpg_17ce677b-367e-4ad0-b7ff-e904e2f5c1ca.jpg?v=1759130123|https://cdn.shopify.com/s/files/1/0912/9351/6071/files/img_f8c0bdc9_20240810_i1723290266_6908_0_jpg_6d955515-a673-433b-b552-aeea49260f01.jpg?v=1759130123|https://cdn.shopify.com/s/files/1/0912/9351/6071/files/img_f8c0bdc9_20240810_i1723290266_8282_5_jpg_62488358-de47-4ab3-8567-6416140c9f03.jpg?v=1759130123,Hi I want MANHATTAN MEDIUM 29 IN WHITE CANVAS AND BROWN CALFSKIN GOLD BUCKLE,
MANHATTAN MEDIUM 29 IN WINE RED SMOOTH CALFSKIN GOLD BUCKLE,https://cdn.shopify.com/s/files/1/0912/9351/6071/files/img_f8c0bdc9_20240810_i1723290693_1261_4_jpg_ff22d6df-153d-4984-b7c2-53c0dea84bb2.jpg?v=1759130133,handbags,ysl,https://cdn.shopify.com/s/files/1/0912/9351/6071/files/img_f8c0bdc9_20240810_i1723290693_1261_4_jpg_ff22d6df-153d-4984-b7c2-53c0dea84bb2.jpg?v=1759130133|https://cdn.shopify.com/s/files/1/0912/9351/6071/files/img_f8c0bdc9_20240810_i1723290693_1395_8_jpg_8413bfca-2b17-4fa1-abd2-34a4aab00598.jpg?v=1759130133|https://cdn.shopify.com/s/files/1/0912/9351/6071/files/img_f8c0bdc9_20240810_i1723290693_4913_6_jpg_3a11d525-bcb5-4928-86e8-8d131568da01.jpg?v=1759130133|https://cdn.shopify.com/s/files/1/0912/9351/6071/files/img_f8c0bdc9_20240810_i1723290693_5007_7_jpg_80a386c0-7ca5-47b9-8d25-9c55025117dc.jpg?v=1759130133|https://cdn.shopify.com/s/files/1/0912/9351/6071/files/img_f8c0bdc9_20240810_i1723290693_7927_1_jpg_7eb48b6a-f268-4f89-8431-9cd8e6fbf49c.jpg?v=1759130133|https://cdn.shopify.com/s/files/1/0912/9351/6071/files/img_f8c0bdc9_20240810_i1723290693_8008_0_jpg_2c18832b-b319-4146-be03-cb1c1aa04052.jpg?v=1759130133|https://cdn.shopify.com/s/files/1/0912/9351/6071/files/img_f8c0bdc9_20240810_i1723290693_8458_2_jpg_f6633bd0-a4f4-458b-855f-dcd851c477ab.jpg?v=1759130133|https://cdn.shopify.com/s/files/1/0912/9351/6071/files/img_f8c0bdc9_20240810_i1723290693_2393_5_jpg_550e5994-d715-4b42-b97c-d5f2e0232ad8.jpg?v=1759130133|https://cdn.shopify.com/s/files/1/0912/9351/6071/files/img_f8c0bdc9_20240810_i1723290693_3361_3_jpg_0b2d6c99-7e01-4ba5-91c8-d954450e09e0.jpg?v=1759130133,Hi I want MANHATTAN MEDIUM 29 IN WINE RED SMOOTH CALFSKIN GOLD BUCKLE,
MANHATTAN MEDIUM 29 IN SACRAMENTO GREEN SMOOTH CALFSKIN GOLD BUCKLE,https://cdn.shopify.com/s/files/1/0912/9351/6071/files/img_f8c0bdc9_20240810_i1723291059_4788_2_jpg_16aa8e3a-251d-4992-be73-104c6f5e8f40.jpg?v=1759130143,handbags,ysl,https://cdn.shopify.com/s/files/1/0912/9351/6071/files/img_f8c0bdc9_20240810_i1723291059_4788_2_jpg_16aa8e3a-251d-4992-be73-104c6f5e8f40.jpg?v=1759130143|https://cdn.shopify.com/s/files/1/0912/9351/6071/files/img_f8c0bdc9_20240810_i1723291059_177_3_jpg_0842cc22-7207-4feb-b066-c60bb78c8cf8.jpg?v=1759130143|https://cdn.shopify.com/s/files/1/0912/9351/6071/files/img_f8c0bdc9_20240810_i1723291059_350_8_jpg_3295dc1d-5a0c-4453-b45a-084cca7ba904.jpg?v=1759130143|https://cdn.shopify.com/s/files/1/0912/9351/6071/files/img_f8c0bdc9_20240810_i1723291059_3026_6_jpg_f4e7096b-f00c-4b7c-b39b-582e71751b67.jpg?v=1759130143|https://cdn.shopify.com/s/files/1/0912/9351/6071/files/img_f8c0bdc9_20240810_i1723291059_3085_0_jpg_a22df37e-8913-411a-be35-c7d20673b3e3.jpg?v=1759130143|https://cdn.shopify.com/s/files/1/0912/9351/6071/files/img_f8c0bdc9_20240810_i1723291059_4899_5_jpg_07360993-a56f-47a5-825a-88eedf0ecf1e.jpg?v=1759130143|https://cdn.shopify.com/s/files/1/0912/9351/6071/files/img_f8c0bdc9_20240810_i1723291059_6757_7_jpg_3fc8657c-1160-4cdf-b71d-edaf8945cf5d.jpg?v=1759130143|https://cdn.shopify.com/s/files/1/0912/9351/6071/files/img_f8c0bdc9_20240810_i1723291059_8686_4_jpg_904efd40-1cd8-44ee-9586-8929621dc1f1.jpg?v=1759130143|https://cdn.shopify.com/s/files/1/0912/9351/6071/files/img_f8c0bdc9_20240810_i1723291059_9052_1_jpg_f929a2ae-f85b-4533-a7da-335d8835e6d9.jpg?v=1759130143,Hi I want MANHATTAN MEDIUM 29 IN SACRAMENTO GREEN SMOOTH CALFSKIN GOLD BUCKLE,
MANHATTAN MEDIUM 29 IN DARK BEIGE SMOOTH CALFSKIN GOLD BUCKLE,https://cdn.shopify.com/s/files/1/0912/9351/6071/files/img_f8c0bdc9_20240810_i1723291473_5830_2_jpg_786a12d8-5593-487f-99c3-a0a54ba6a6ae.jpg?v=1759130153,handbags,ysl,https://cdn.shopify.com/s/files/1/0912/9351/6071/files/img_f8c0bdc9_20240810_i1723291473_5830_2_jpg_786a12d8-5593-487f-99c3-a0a54ba6a6ae.jpg?v=1759130153|https://cdn.shopify.com/s/files/1/0912/9351/6071/files/img_f8c0bdc9_20240810_i1723291473_2743_4_jpg_94c9f739-f236-4626-b4d4-bf0d655c8873.jpg?v=1759130153|https://cdn.shopify.com/s/files/1/0912/9351/6071/files/img_f8c0bdc9_20240810_i1723291473_6894_7_jpg_3c49c187-c0ec-46b4-ae0a-4c2f62335e75.jpg?v=1759130153|https://cdn.shopify.com/s/files/1/0912/9351/6071/files/img_f8c0bdc9_20240810_i1723291473_7564_6_jpg_6db855dd-4f58-4777-bcb6-30f701ba09a6.jpg?v=1759130153|https://cdn.shopify.com/s/files/1/0912/9351/6071/files/img_f8c0bdc9_20240810_i1723291473_7940_1_jpg_dd9f3113-fdce-4468-b0f6-d757e07dca20.jpg?v=1759130153|https://cdn.shopify.com/s/files/1/0912/9351/6071/files/img_f8c0bdc9_20240810_i1723291473_8311_0_jpg_42376596-7d72-4e30-8500-9e1f97026082.jpg?v=1759130153|https://cdn.shopify.com/s/files/1/0912/9351/6071/files/img_f8c0bdc9_20240810_i1723291473_8812_3_jpg_b6959136-0309-45b5-8389-afb218087af8.jpg?v=1759130153|https://cdn.shopify.com/s/files/1/0912/9351/6071/files/img_f8c0bdc9_20240810_i1723291473_9337_5_jpg_78b94d6f-10e6-4ff5-bcad-4a83173cae70.jpg?v=1759130154|https://cdn.shopify.com/s/files/1/0912/9351/6071/files/img_f8c0bdc9_20240810_i1723291473_9350_8_jpg_b8fe7e19-a04b-408e-85d9-d750eb7ad8e4.jpg?v=1759130154,Hi I want MANHATTAN MEDIUM 29 IN DARK BEIGE SMOOTH CALFSKIN GOLD BUCKLE,
MANHATTAN MEDIUM 29 IN BLACK SMOOTH CALFSKIN GOLD BUCKLE,https://cdn.shopify.com/s/files/1/0912/9351/6071/files/img_f8c0bdc9_20240810_i1723292283_6422_4_jpg_5b15f15f-41b4-4186-843a-92cc0ae60de3.jpg?v=1759130163,handbags,ysl,https://cdn.shopify.com/s/files/1/0912/9351/6071/files/img_f8c0bdc9_20240810_i1723292283_6422_4_jpg_5b15f15f-41b4-4186-843a-92cc0ae60de3.jpg?v=1759130163|https://cdn.shopify.com/s/files/1/0912/9351/6071/files/img_f8c0bdc9_20240810_i1723292283_837_3_jpg_48277ef4-5d75-44c7-a503-41b753c4825c.jpg?v=1759130163|https://cdn.shopify.com/s/files/1/0912/9351/6071/files/img_f8c0bdc9_20240810_i1723292283_1335_6_jpg_8996e557-0f71-42cb-b527-d2155638e44a.jpg?v=1759130163|https://cdn.shopify.com/s/files/1/0912/9351/6071/files/img_f8c0bdc9_20240810_i1723292283_2126_2_jpg_baf166d8-7a5f-41d8-94c2-83374ef4a64b.jpg?v=1759130163|https://cdn.shopify.com/s/files/1/0912/9351/6071/files/img_f8c0bdc9_20240810_i1723292283_2801_8_jpg_dc06708f-87a6-4374-ba6d-7a01281e08f7.jpg?v=1759130163|https://cdn.shopify.com/s/files/1/0912/9351/6071/files/img_f8c0bdc9_20240810_i1723292283_5953_5_jpg_dedd5046-4af1-427a-87d0-0a2e9a3dbb1a.jpg?v=1759130163|https://cdn.shopify.com/s/files/1/0912/9351/6071/files/img_f8c0bdc9_20240810_i1723292283_6779_0_jpg_185a0c9e-8015-4f4e-829e-d23bce35571d.jpg?v=1759130163|https://cdn.shopify.com/s/files/1/0912/9351/6071/files/img_f8c0bdc9_20240810_i1723292283_7752_1_jpg_a2cd418e-2e2a-4ff7-9a9a-b419dcaa9544.jpg?v=1759130163|https://cdn.shopify.com/s/files/1/0912/9351/6071/files/img_f8c0bdc9_20240810_i1723292283_8812_7_jpg_f0a859ec-071f-4220-b183-e47f0faea4cc.jpg?v=1759130163,Hi I want MANHATTAN MEDIUM 29 IN BLACK SMOOTH CALFSKIN GOLD BUCKLE,
LE 5 À 7 BAG  19 IN MAGENTA PINK WOVEN RAFFIA,https://cdn.shopify.com/s/files/1/0912/9351/6071/files/img_f8c0bdc9_20240828_i1724830089_7863_0_jpg_d9d7d8cd-c6c8-4cf0-8400-44c9539bf154.jpg?v=1759130186,handbags,ysl,https://cdn.shopify.com/s/files/1/0912/9351/6071/files/img_f8c0bdc9_20240828_i1724830089_7863_0_jpg_d9d7d8cd-c6c8-4cf0-8400-44c9539bf154.jpg?v=1759130186|https://cdn.shopify.com/s/files/1/0912/9351/6071/files/img_f8c0bdc9_20240828_i1724830089_688_5_jpg_c3e84143-000a-4718-b881-220e04f8774c.jpg?v=1759130186|https://cdn.shopify.com/s/files/1/0912/9351/6071/files/img_f8c0bdc9_20240828_i1724830089_1058_4_jpg_87ccc033-d087-4a16-9170-c525d95b06f8.jpg?v=1759130186|https://cdn.shopify.com/s/files/1/0912/9351/6071/files/img_f8c0bdc9_20240828_i1724830089_3057_7_jpg_b842ee82-c32e-4ca7-a3fc-25ffa8f897b8.jpg?v=1759130186|https://cdn.shopify.com/s/files/1/0912/9351/6071/files/img_f8c0bdc9_20240828_i1724830089_3213_1_jpg_4d5b478b-3a56-4d65-a02a-cf04dd9a593f.jpg?v=1759130186|https://cdn.shopify.com/s/files/1/0912/9351/6071/files/img_f8c0bdc9_20240828_i1724830089_5916_2_jpg_942a4cfc-a3b8-402a-adbc-c583868bed7b.jpg?v=1759130186|https://cdn.shopify.com/s/files/1/0912/9351/6071/files/img_f8c0bdc9_20240828_i1724830089_7854_3_jpg_0187f792-81a7-4828-85d3-8fdc0e36b88d.jpg?v=1759130186|https://cdn.shopify.com/s/files/1/0912/9351/6071/files/img_f8c0bdc9_20240828_i1724830089_8744_6_jpg_7852ef1a-b99c-4207-8244-e0d1c7d9c6c8.jpg?v=1759130186|https://cdn.shopify.com/s/files/1/0912/9351/6071/files/img_f8c0bdc9_20240828_i1724830089_8745_8_jpg_72a28718-6932-4495-8a33-48485feb1299.jpg?v=1759130186,Hi I want LE 5 À 7 BAG  19 IN MAGENTA PINK WOVEN RAFFIA,
GABY MINI VANITY 18 IN BLACK QUILTED LAMBSKIN GOLD HARDWARE,https://cdn.shopify.com/s/files/1/0912/9351/6071/files/img_f8c0bdc9_20240113_i1705139415_8752_0_jpg_e9f9b55c-3e77-4998-8427-3d5463307c9f.jpg?v=1759130196,handbags,ysl,https://cdn.shopify.com/s/files/1/0912/9351/6071/files/img_f8c0bdc9_20240113_i1705139415_8752_0_jpg_e9f9b55c-3e77-4998-8427-3d5463307c9f.jpg?v=1759130196|https://cdn.shopify.com/s/files/1/0912/9351/6071/files/img_f8c0bdc9_20240113_i1705139415_2661_7_jpg_9a98f840-8408-4538-bbec-07e7bb8161ab.jpg?v=1759130196|https://cdn.shopify.com/s/files/1/0912/9351/6071/files/img_f8c0bdc9_20240113_i1705139415_2742_1_jpg_caf45583-eb0e-4382-a6dd-0f16a1eea144.jpg?v=1759130196|https://cdn.shopify.com/s/files/1/0912/9351/6071/files/img_f8c0bdc9_20240113_i1705139415_3516_3_jpg_5ecc58b5-3cac-4341-9f84-e48df071feff.jpg?v=1759130197|https://cdn.shopify.com/s/files/1/0912/9351/6071/files/img_f8c0bdc9_20240113_i1705139415_5101_6_jpg_1d6f0200-c69c-471f-a1d5-834194853ac5.jpg?v=1759130197|https://cdn.shopify.com/s/files/1/0912/9351/6071/files/img_f8c0bdc9_20240113_i1705139415_5285_5_jpg_ba285ee0-d55a-46b7-b593-bbd425ab523c.jpg?v=1759130197|https://cdn.shopify.com/s/files/1/0912/9351/6071/files/img_f8c0bdc9_20240113_i1705139415_8114_4_jpg_9de0981c-a2c3-4e36-b4ca-d0fa21b7b07e.jpg?v=1759130197|https://cdn.shopify.com/s/files/1/0912/9351/6071/files/img_f8c0bdc9_20240113_i1705139415_9020_2_jpg_1bd9337f-7470-48f6-8f3a-df4777c920eb.jpg?v=1759130197|https://cdn.shopify.com/s/files/1/0912/9351/6071/files/img_f8c0bdc9_20240113_i1705139415_9711_8_jpg_4435e7c9-5f8d-49f2-891c-8e7b7576b65e.jpg?v=1759130197,Hi I want GABY MINI VANITY 18 IN BLACK QUILTED LAMBSKIN GOLD HARDWARE,
GABY MINI VANITY 18 IN BLACK GLOSSY LAMBSKIN GOLD HARDWARE,https://cdn.shopify.com/s/files/1/0912/9351/6071/files/img_f8c0bdc9_20240807_i1723011411_5534_4_jpg_7fb170d4-29ac-4929-884a-97622fbb86f5.jpg?v=1759130207,handbags,ysl,https://cdn.shopify.com/s/files/1/0912/9351/6071/files/img_f8c0bdc9_20240807_i1723011411_5534_4_jpg_7fb170d4-29ac-4929-884a-97622fbb86f5.jpg?v=1759130207|https://cdn.shopify.com/s/files/1/0912/9351/6071/files/img_f8c0bdc9_20240807_i1723011411_432_5_jpg_ee3eb880-0d1a-4539-bcdb-fbd6bffce569.jpg?v=1759130207|https://cdn.shopify.com/s/files/1/0912/9351/6071/files/img_f8c0bdc9_20240807_i1723011411_446_2_jpg_62c67349-ac81-4bd8-bb7c-68cb2ed38d67.jpg?v=1759130207|https://cdn.shopify.com/s/files/1/0912/9351/6071/files/img_f8c0bdc9_20240807_i1723011411_1197_1_jpg_7104ceaa-638a-4e70-8ce8-fe4db84bcfa0.jpg?v=1759130207|https://cdn.shopify.com/s/files/1/0912/9351/6071/files/img_f8c0bdc9_20240807_i1723011411_4772_6_jpg_0117dbd5-96d1-4c99-b882-363726be9412.jpg?v=1759130207|https://cdn.shopify.com/s/files/1/0912/9351/6071/files/img_f8c0bdc9_20240807_i1723011411_5097_0_jpg_7b5362fc-616a-4d64-87fb-6f2d4c7b73c3.jpg?v=1759130207|https://cdn.shopify.com/s/files/1/0912/9351/6071/files/img_f8c0bdc9_20240807_i1723011411_5584_3_jpg_41e7c129-9795-4f1b-92f2-8a225a424bce.jpg?v=1759130207|https://cdn.shopify.com/s/files/1/0912/9351/6071/files/img_f8c0bdc9_20240807_i1723011412_4033_7_jpg_85656da1-6936-48be-b2df-36d0a9a44af8.jpg?v=1759130207|https://cdn.shopify.com/s/files/1/0912/9351/6071/files/img_f8c0bdc9_20240807_i1723011412_9737_8_jpg_a2c0adeb-8f1d-4e53-976b-7846e8e780c2.jpg?v=1759130207,Hi I want GABY MINI VANITY 18 IN BLACK GLOSSY LAMBSKIN GOLD HARDWARE,
SMALL TRAVEL BAG 31 IN BLACK QUILTED LAMBSKIN GOLD HARDWARE,https://cdn.shopify.com/s/files/1/0912/9351/6071/files/img_aed707d3_20231213_a1702447216041_6402_jpg_85cf0957-66ca-42c2-aa7d-16e29a2779fe.jpg?v=1759130218,handbags,ysl,https://cdn.shopify.com/s/files/1/0912/9351/6071/files/img_aed707d3_20231213_a1702447216041_6402_jpg_85cf0957-66ca-42c2-aa7d-16e29a2779fe.jpg?v=1759130218|https://cdn.shopify.com/s/files/1/0912/9351/6071/files/img_aed707d3_20231213_a1702447216180_0330_jpg_7e246afe-5b7f-4533-ba5a-3d553162c921.jpg?v=1759130218|https://cdn.shopify.com/s/files/1/0912/9351/6071/files/img_aed707d3_20231213_a1702447216348_0848_jpg_e7d3b39a-663e-4baa-bba1-56f6ee993b5e.jpg?v=1759130218|https://cdn.shopify.com/s/files/1/0912/9351/6071/files/img_aed707d3_20231213_a1702447216460_4820_jpg_da428d47-9895-4e23-bc6c-5f439bd912ef.jpg?v=1759130218|https://cdn.shopify.com/s/files/1/0912/9351/6071/files/img_aed707d3_20231213_a1702447216596_4431_jpg_14b3b342-f2cf-4434-81e8-d2ff300b1572.jpg?v=1759130218|https://cdn.shopify.com/s/files/1/0912/9351/6071/files/img_aed707d3_20231213_a1702447216665_6300_jpg_6f3efbac-0207-4775-a71b-2a31878c9c12.jpg?v=1759130218|https://cdn.shopify.com/s/files/1/0912/9351/6071/files/img_aed707d3_20231213_a1702447217359_0776_jpg_2a27b813-66fe-4a7a-837d-7c5039aec0d6.jpg?v=1759130218|https://cdn.shopify.com/s/files/1/0912/9351/6071/files/img_aed707d3_20231213_a1702447217544_3388_jpg_4fa7ce49-951d-4366-8092-619bf954c3fa.jpg?v=1759130218|https://cdn.shopify.com/s/files/1/0912/9351/6071/files/img_aed707d3_20231213_a1702447217585_6174_jpg_df3c7202-3036-43fe-a25b-32caaaef1bd4.jpg?v=1759130218,Hi I want SMALL TRAVEL BAG 31 IN BLACK QUILTED LAMBSKIN GOLD HARDWARE,
PUFFER TOY 23 IN FERN GREEN LAMBSKIN GOLD HARDWARE,https://cdn.shopify.com/s/files/1/0912/9351/6071/files/img_aed707d3_20240130_a1706596525366_7241_jpg_1a596cde-c7e3-4f20-a8be-489d62b60ad3.jpg?v=1759130240,handbags,ysl,https://cdn.shopify.com/s/files/1/0912/9351/6071/files/img_aed707d3_20240130_a1706596525366_7241_jpg_1a596cde-c7e3-4f20-a8be-489d62b60ad3.jpg?v=1759130240|https://cdn.shopify.com/s/files/1/0912/9351/6071/files/img_aed707d3_20240130_a1706596525259_3356_jpg_67192688-3970-4f3b-988e-d30c85df2d0a.jpg?v=1759130240|https://cdn.shopify.com/s/files/1/0912/9351/6071/files/img_aed707d3_20240130_a1706596525396_4643_jpg_d4a795bd-1358-4b60-a999-be73f3c07ccf.jpg?v=1759130240|https://cdn.shopify.com/s/files/1/0912/9351/6071/files/img_aed707d3_20240130_a1706596525467_4834_jpg_27167ad1-ddac-4323-89cd-436b1ef1b608.jpg?v=1759130240|https://cdn.shopify.com/s/files/1/0912/9351/6071/files/img_aed707d3_20240130_a1706596525583_8845_jpg_0c60802b-351c-4e14-b79a-e425fc1201b2.jpg?v=1759130240|https://cdn.shopify.com/s/files/1/0912/9351/6071/files/img_aed707d3_20240130_a1706596525585_5703_jpg_2e49b586-d18c-44cd-a3dd-585cfc7f728d.jpg?v=1759130240|https://cdn.shopify.com/s/files/1/0912/9351/6071/files/img_aed707d3_20240130_a1706596526342_8720_jpg_b52725d9-fdb0-4aa6-a9f1-fce3f276f635.jpg?v=1759130240|https://cdn.shopify.com/s/files/1/0912/9351/6071/files/img_aed707d3_20240130_a1706596526448_7413_jpg_95aaf30b-894b-4588-9a1c-844e2d3213c9.jpg?v=1759130240|https://cdn.shopify.com/s/files/1/0912/9351/6071/files/img_aed707d3_20240130_a1706596526519_3031_jpg_98f72105-ba1e-4460-9db5-a715927e3f7b.jpg?v=1759130240,Hi I want PUFFER TOY 23 IN FERN GREEN LAMBSKIN GOLD HARDWARE,
PUFFER TOY 23 IN WHITE LAMBSKIN GOLD HARDWARE,https://cdn.shopify.com/s/files/1/0912/9351/6071/files/img_aed707d3_20230923_a1695452701260_1044_jpg_5a07550d-7016-48e1-bc8d-df982eea2322.jpg?v=1759130263,handbags,ysl,https://cdn.shopify.com/s/files/1/0912/9351/6071/files/img_aed707d3_20230923_a1695452701260_1044_jpg_5a07550d-7016-48e1-bc8d-df982eea2322.jpg?v=1759130263|https://cdn.shopify.com/s/files/1/0912/9351/6071/files/img_aed707d3_20230923_a1695452701801_7434_jpg_fb668a3e-082b-4e5d-8157-327f4fdf0b71.jpg?v=1759130263|https://cdn.shopify.com/s/files/1/0912/9351/6071/files/img_aed707d3_20230923_a1695452702182_2682_jpg_5e997d51-d1c0-4782-abbc-421e213315e1.jpg?v=1759130263|https://cdn.shopify.com/s/files/1/0912/9351/6071/files/img_aed707d3_20230923_a1695452702456_3253_jpg_614eec74-24de-427e-ade2-7b568261b23c.jpg?v=1759130263|https://cdn.shopify.com/s/files/1/0912/9351/6071/files/img_aed707d3_20230923_a1695452702936_5381_jpg_b7f984cd-53b0-4159-b91a-3c0c4346be26.jpg?v=1759130263|https://cdn.shopify.com/s/files/1/0912/9351/6071/files/img_aed707d3_20230923_a1695452703180_5067_jpg_f15f1cfc-5cf8-466f-8d62-7446c414dbdd.jpg?v=1759130263|https://cdn.shopify.com/s/files/1/0912/9351/6071/files/img_aed707d3_20230923_a1695452703733_5872_jpg_ad35d68e-4a5c-4f58-b43f-087325106ced.jpg?v=1759130263|https://cdn.shopify.com/s/files/1/0912/9351/6071/files/img_aed707d3_20230923_a1695452703964_7037_jpg_c03f55bb-797b-43ca-8b62-42eb6c2f95f4.jpg?v=1759130263|https://cdn.shopify.com/s/files/1/0912/9351/6071/files/img_aed707d3_20230923_a1695452704241_4482_jpg_434301f4-6b20-4766-8217-f153fce187b5.jpg?v=1759130263,Hi I want PUFFER TOY 23 IN WHITE LAMBSKIN GOLD HARDWARE,
PUFFER SMALL 29 IN BRONZE BROWN LAMBSKIN GOLD HARDWARE,https://cdn.shopify.com/s/files/1/0912/9351/6071/files/img_aed707d3_20240514_a1715664727479_3547_jpg_93fa0e07-1680-4a5a-bfe9-9e1f203fe77a.jpg?v=1759130277,handbags,ysl,https://cdn.shopify.com/s/files/1/0912/9351/6071/files/img_aed707d3_20240514_a1715664727479_3547_jpg_93fa0e07-1680-4a5a-bfe9-9e1f203fe77a.jpg?v=1759130277|https://cdn.shopify.com/s/files/1/0912/9351/6071/files/img_aed707d3_20240514_a1715664726362_2835_jpg_464b6885-ee5e-4395-ae70-ba6e5a74ab58.jpg?v=1759130277|https://cdn.shopify.com/s/files/1/0912/9351/6071/files/img_aed707d3_20240514_a1715664726567_5282_jpg_1cdf13c7-3999-4d81-8556-8678daebf55e.jpg?v=1759130277|https://cdn.shopify.com/s/files/1/0912/9351/6071/files/img_aed707d3_20240514_a1715664727455_7770_jpg_97157b62-2e7b-4a7a-a959-3b953f37ba35.jpg?v=1759130277|https://cdn.shopify.com/s/files/1/0912/9351/6071/files/img_aed707d3_20240514_a1715664727682_4421_jpg_a8f0d524-426f-4160-b7a6-6e8e887cbf84.jpg?v=1759130277|https://cdn.shopify.com/s/files/1/0912/9351/6071/files/img_aed707d3_20240514_a1715664727740_3160_jpg_ef43ec8a-edf6-4888-8dfc-0bf4d96c684d.jpg?v=1759130277|https://cdn.shopify.com/s/files/1/0912/9351/6071/files/img_aed707d3_20240514_a1715664729792_6246_jpg_2d1832af-20c4-4a06-b8b1-b2715173a641.jpg?v=1759130277|https://cdn.shopify.com/s/files/1/0912/9351/6071/files/img_aed707d3_20240514_a1715664729944_3831_jpg_8c87cd66-f875-4bdd-827f-8f78223c6789.jpg?v=1759130277|https://cdn.shopify.com/s/files/1/0912/9351/6071/files/img_aed707d3_20240514_a1715664730042_1745_jpg_f9655d51-1b8f-4171-b9c7-9fa62cd75eed.jpg?v=1759130278,Hi I want PUFFER SMALL 29 IN BRONZE BROWN LAMBSKIN GOLD HARDWARE,
FLAT SHOULDER BAG 23 IN TAWNY BROWN CALFSKIN GOLD CHAIN,https://cdn.shopify.com/s/files/1/0912/9351/6071/files/img_aed707d3_20240801_i1722489629_7119_3_jpg_97e6ebb8-034c-4bee-abb5-680a0b2cc7c9.jpg?v=1759130287,handbags,ysl,https://cdn.shopify.com/s/files/1/0912/9351/6071/files/img_aed707d3_20240801_i1722489629_7119_3_jpg_97e6ebb8-034c-4bee-abb5-680a0b2cc7c9.jpg?v=1759130287|https://cdn.shopify.com/s/files/1/0912/9351/6071/files/img_aed707d3_20240801_i1722489629_2424_8_jpg_8d6d0ddc-3124-468b-af99-cbb86bb82db1.jpg?v=1759130288|https://cdn.shopify.com/s/files/1/0912/9351/6071/files/img_aed707d3_20240801_i1722489629_3094_7_jpg_eeb26685-9c86-4049-8b57-31d10c0570ee.jpg?v=1759130288|https://cdn.shopify.com/s/files/1/0912/9351/6071/files/img_aed707d3_20240801_i1722489629_3758_6_jpg_8bb6ce3d-a240-446c-9f9e-5cff917a6098.jpg?v=1759130288|https://cdn.shopify.com/s/files/1/0912/9351/6071/files/img_aed707d3_20240801_i1722489629_4681_5_jpg_216f49dd-5ce2-48d4-a575-561ba8d4467c.jpg?v=1759130288|https://cdn.shopify.com/s/files/1/0912/9351/6071/files/img_aed707d3_20240801_i1722489629_5198_2_jpg_ba949e30-97e8-43f4-830b-3bd7fb211d25.jpg?v=1759130288|https://cdn.shopify.com/s/files/1/0912/9351/6071/files/img_aed707d3_20240801_i1722489629_7911_4_jpg_ee6b0a6b-0de8-4651-ad05-0d9a7e72c47b.jpg?v=1759130288|https://cdn.shopify.com/s/files/1/0912/9351/6071/files/img_aed707d3_20240801_i1722489629_8055_1_jpg_1a1a67d5-b23f-417e-b928-d78766dbd0d9.jpg?v=1759130288|https://cdn.shopify.com/s/files/1/0912/9351/6071/files/img_aed707d3_20240801_i1722489629_8992_0_jpg_5e250274-ee96-47ed-ab4b-bdb8f724aeba.jpg?v=1759130288,Hi I want FLAT SHOULDER BAG 23 IN TAWNY BROWN CALFSKIN GOLD CHAIN,
SADE HOBO 21 IN BLACK LAMBSKIN GOLD HARDWARE,https://cdn.shopify.com/s/files/1/0912/9351/6071/files/img_aed707d3_20240802_i1722574956_8562_7_jpg_631c966f-121a-4e60-bf5b-05b57759050f.jpg?v=1759130298,handbags,ysl,https://cdn.shopify.com/s/files/1/0912/9351/6071/files/img_aed707d3_20240802_i1722574956_8562_7_jpg_631c966f-121a-4e60-bf5b-05b57759050f.jpg?v=1759130298|https://cdn.shopify.com/s/files/1/0912/9351/6071/files/img_aed707d3_20240802_i1722574956_1014_5_jpg_39874fd2-7071-4b20-8cf9-97467e71404e.jpg?v=1759130298|https://cdn.shopify.com/s/files/1/0912/9351/6071/files/img_aed707d3_20240802_i1722574956_2311_4_jpg_31dd5e94-a9f9-4703-8f7a-03d161624655.jpg?v=1759130298|https://cdn.shopify.com/s/files/1/0912/9351/6071/files/img_aed707d3_20240802_i1722574956_3063_2_jpg_095668d2-ffae-4c70-8f93-380de5bdc3e9.jpg?v=1759130298|https://cdn.shopify.com/s/files/1/0912/9351/6071/files/img_aed707d3_20240802_i1722574956_3427_1_jpg_1c957d90-51ec-4ecb-9e5a-5abd299b26e9.jpg?v=1759130298|https://cdn.shopify.com/s/files/1/0912/9351/6071/files/img_aed707d3_20240802_i1722574956_4817_3_jpg_115fb344-6041-4794-819c-3ed7faad32be.jpg?v=1759130298|https://cdn.shopify.com/s/files/1/0912/9351/6071/files/img_aed707d3_20240802_i1722574956_5021_6_jpg_d72948dc-b548-48a4-aa38-7d6aee056860.jpg?v=1759130298|https://cdn.shopify.com/s/files/1/0912/9351/6071/files/img_aed707d3_20240802_i1722574956_8239_8_jpg_c3460a49-d8a6-4b47-bcd8-c96c9d0f1cb3.jpg?v=1759130298|https://cdn.shopify.com/s/files/1/0912/9351/6071/files/img_aed707d3_20240802_i1722574956_9274_0_jpg_a96605c8-43ed-4f6c-9a8e-37a0e88a140f.jpg?v=1759130298,Hi I want SADE HOBO 21 IN BLACK LAMBSKIN GOLD HARDWARE,
LE 37 MEDIUM 25 IN LIGHT YELLOW STRAW AND BROWN LEATHER TRIM,https://cdn.shopify.com/s/files/1/0912/9351/6071/files/img_c531d0e5_20240711_i1720674964_2521_2_jpg_15663854-8337-4e85-9596-acc183fd58b5.jpg?v=1759130308,handbags,ysl,https://cdn.shopify.com/s/files/1/0912/9351/6071/files/img_c531d0e5_20240711_i1720674964_2521_2_jpg_15663854-8337-4e85-9596-acc183fd58b5.jpg?v=1759130308|https://cdn.shopify.com/s/files/1/0912/9351/6071/files/img_c531d0e5_20240711_i1720674964_428_7_jpg_a0ef7a3f-b286-4747-b0b7-86e0ae17a09e.jpg?v=1759130308|https://cdn.shopify.com/s/files/1/0912/9351/6071/files/img_c531d0e5_20240711_i1720674964_1189_1_jpg_7db33cec-e23e-4c50-a8de-945ced83d2d4.jpg?v=1759130308|https://cdn.shopify.com/s/files/1/0912/9351/6071/files/img_c531d0e5_20240711_i1720674964_1591_8_jpg_fa3429fd-17a7-4098-b748-4c4688547ad9.jpg?v=1759130308|https://cdn.shopify.com/s/files/1/0912/9351/6071/files/img_c531d0e5_20240711_i1720674964_3050_4_jpg_737ce9b8-f376-4877-8ae4-3cadad5a9ac8.jpg?v=1759130308|https://cdn.shopify.com/s/files/1/0912/9351/6071/files/img_c531d0e5_20240711_i1720674964_4982_5_jpg_88e1531a-69b2-442e-8d65-771360f1a205.jpg?v=1759130308|https://cdn.shopify.com/s/files/1/0912/9351/6071/files/img_c531d0e5_20240711_i1720674964_5157_3_jpg_824fa8ac-192f-4e8a-b08c-da0dc2da13fc.jpg?v=1759130308|https://cdn.shopify.com/s/files/1/0912/9351/6071/files/img_c531d0e5_20240711_i1720674964_5537_6_jpg_bc712cd5-70f6-476c-b536-b390f6d17a0c.jpg?v=1759130308|https://cdn.shopify.com/s/files/1/0912/9351/6071/files/img_c531d0e5_20240711_i1720674964_9823_0_jpg_aa00dbae-4fbc-4dbc-9606-06c9fe2dcfc7.jpg?v=1759130308,Hi I want LE 37 MEDIUM 25 IN LIGHT YELLOW STRAW AND BROWN LEATHER TRIM,
RIVE GAUCHE TOTE BAG 48 IN LIGHT YELLOW AND BLACK TRIM RAFFIA,https://cdn.shopify.com/s/files/1/0912/9351/6071/files/20220504_i1651660399_7925_0_jpg_dabd1c68-1d15-400e-aba7-9dabeb6a0ddb.jpg?v=1759130318,handbags,ysl,https://cdn.shopify.com/s/files/1/0912/9351/6071/files/20220504_i1651660399_7925_0_jpg_dabd1c68-1d15-400e-aba7-9dabeb6a0ddb.jpg?v=1759130318|https://cdn.shopify.com/s/files/1/0912/9351/6071/files/20220504_i1651660399_166_3_jpg_61cf4574-2fc9-497a-b8d1-fee6c54b82e6.jpg?v=1759130318|https://cdn.shopify.com/s/files/1/0912/9351/6071/files/20220504_i1651660399_2249_7_jpg_ef30209a-4db1-4ecb-9a79-6d5ec45ed61b.jpg?v=1759130318|https://cdn.shopify.com/s/files/1/0912/9351/6071/files/20220504_i1651660399_2377_5_jpg_53d102dc-a20e-49f4-a74c-b1248f79e5ec.jpg?v=1759130318|https://cdn.shopify.com/s/files/1/0912/9351/6071/files/20220504_i1651660399_5592_4_jpg_fc1952a6-a5db-4c64-910f-002d9468430f.jpg?v=1759130318|https://cdn.shopify.com/s/files/1/0912/9351/6071/files/20220504_i1651660399_6334_1_jpg_1589b228-8d9c-4187-997c-9630bc44c222.jpg?v=1759130318|https://cdn.shopify.com/s/files/1/0912/9351/6071/files/20220504_i1651660399_6455_8_jpg_359df7c2-48ef-44f9-8c8f-149a3040a046.jpg?v=1759130318|https://cdn.shopify.com/s/files/1/0912/9351/6071/files/20220504_i1651660399_7126_2_jpg_9ec18b84-7ac5-4241-bc09-bbd8ecf97cee.jpg?v=1759130319|https://cdn.shopify.com/s/files/1/0912/9351/6071/files/20220504_i1651660399_9528_6_jpg_69603e9c-4192-41ef-acdc-17426e750fd5.jpg?v=1759130319,Hi I want RIVE GAUCHE TOTE BAG 48 IN LIGHT YELLOW AND BLACK TRIM RAFFIA,
RIVE GAUCHE TOTE BAG 38 IN LIGHT YELLOW RAFFIA,https://cdn.shopify.com/s/files/1/0912/9351/6071/files/20230825_i1692936638_8009_0_jpg_1e2c24ad-cc7f-4003-b650-86b1db65f3dd.jpg?v=1759130329,handbags,ysl,https://cdn.shopify.com/s/files/1/0912/9351/6071/files/20230825_i1692936638_8009_0_jpg_1e2c24ad-cc7f-4003-b650-86b1db65f3dd.jpg?v=1759130329|https://cdn.shopify.com/s/files/1/0912/9351/6071/files/20230825_i1692936638_1364_2_jpg_959f2b03-466d-4243-86cb-1124168513aa.jpg?v=1759130329|https://cdn.shopify.com/s/files/1/0912/9351/6071/files/20230825_i1692936638_2273_7_jpg_61f54d7c-71e2-4c33-8214-0753b8665d71.jpg?v=1759130329|https://cdn.shopify.com/s/files/1/0912/9351/6071/files/20230825_i1692936638_3195_3_jpg_24b8486d-4fd4-4907-8df4-7b9e9493243a.jpg?v=1759130329|https://cdn.shopify.com/s/files/1/0912/9351/6071/files/20230825_i1692936638_3625_4_jpg_26ca0c15-1009-496d-9be6-6f5a39fe6601.jpg?v=1759130329|https://cdn.shopify.com/s/files/1/0912/9351/6071/files/20230825_i1692936638_4104_5_jpg_0de160aa-ae6a-47e9-ac08-01dbce9c9d48.jpg?v=1759130329|https://cdn.shopify.com/s/files/1/0912/9351/6071/files/20230825_i1692936638_4695_8_jpg_88885e13-3fc2-4d32-a8da-1b0acaec986b.jpg?v=1759130329|https://cdn.shopify.com/s/files/1/0912/9351/6071/files/20230825_i1692936638_5722_1_jpg_024d37ab-9dbe-4e6f-9e52-8cb675872a01.jpg?v=1759130329|https://cdn.shopify.com/s/files/1/0912/9351/6071/files/20230825_i1692936638_6734_6_jpg_a9a01796-6f05-4541-be7d-c735a1a3f5d7.jpg?v=1759130329,Hi I want RIVE GAUCHE TOTE BAG 38 IN LIGHT YELLOW RAFFIA,
TOTE BAG 50 IN BLACK CALFSKIN WITH EMBOSSED LOGO,https://cdn.shopify.com/s/files/1/0912/9351/6071/files/img_f8c0bdc9_20231123_i1700743510_7462_0_jpg_7109762e-5a76-45fa-a0e4-c95ae709d297.jpg?v=1759130349,handbags,ysl,https://cdn.shopify.com/s/files/1/0912/9351/6071/files/img_f8c0bdc9_20231123_i1700743510_7462_0_jpg_7109762e-5a76-45fa-a0e4-c95ae709d297.jpg?v=1759130349|https://cdn.shopify.com/s/files/1/0912/9351/6071/files/img_f8c0bdc9_20231123_i1700743510_638_5_jpg_c45e0f2f-0f48-42d8-b577-fa2f57b8fefb.jpg?v=1759130349|https://cdn.shopify.com/s/files/1/0912/9351/6071/files/img_f8c0bdc9_20231123_i1700743510_2233_8_jpg_f1e50464-6159-40cf-9737-d3316d4df69b.jpg?v=1759130349|https://cdn.shopify.com/s/files/1/0912/9351/6071/files/img_f8c0bdc9_20231123_i1700743510_4635_6_jpg_44b469e2-bbc2-48d0-8d00-9e2da7031b65.jpg?v=1759130349|https://cdn.shopify.com/s/files/1/0912/9351/6071/files/img_f8c0bdc9_20231123_i1700743510_5865_1_jpg_df972363-52e6-4c7d-b6fe-c2422428a839.jpg?v=1759130349|https://cdn.shopify.com/s/files/1/0912/9351/6071/files/img_f8c0bdc9_20231123_i1700743510_8041_4_jpg_068d2f5c-eddb-4781-aa30-7c1852292942.jpg?v=1759130349|https://cdn.shopify.com/s/files/1/0912/9351/6071/files/img_f8c0bdc9_20231123_i1700743510_8073_7_jpg_06a99154-70ed-4dd5-a909-8c2e8b3a6023.jpg?v=1759130349|https://cdn.shopify.com/s/files/1/0912/9351/6071/files/img_f8c0bdc9_20231123_i1700743510_8153_2_jpg_75024911-a405-4445-9d2e-7582fb1a0c24.jpg?v=1759130349|https://cdn.shopify.com/s/files/1/0912/9351/6071/files/img_f8c0bdc9_20231123_i1700743510_8496_3_jpg_927b615e-32cd-46fd-8858-fd94b81a665e.jpg?v=1759130349,Hi I want TOTE BAG 50 IN BLACK CALFSKIN WITH EMBOSSED LOGO,
GABY MINI VANITY 18 IN AUBURN RED LAMBSKIN GOLD HARDWARE,https://cdn.shopify.com/s/files/1/0912/9351/6071/files/img_f8c0bdc9_20241003_i1727893580_5426_3_jpg_93ff4723-9529-44f2-861b-a0b6782df89b.jpg?v=1759130370,handbags,ysl,https://cdn.shopify.com/s/files/1/0912/9351/6071/files/img_f8c0bdc9_20241003_i1727893580_5426_3_jpg_93ff4723-9529-44f2-861b-a0b6782df89b.jpg?v=1759130370|https://cdn.shopify.com/s/files/1/0912/9351/6071/files/img_f8c0bdc9_20241003_i1727893580_246_5_jpg_744ec2cb-7da5-495f-a2ba-e5227ed412d7.jpg?v=1759130370|https://cdn.shopify.com/s/files/1/0912/9351/6071/files/img_f8c0bdc9_20241003_i1727893580_2447_4_jpg_a32384e7-de91-44f3-993f-8acdb61ff475.jpg?v=1759130370|https://cdn.shopify.com/s/files/1/0912/9351/6071/files/img_f8c0bdc9_20241003_i1727893580_5083_2_jpg_1c2657e1-0ea5-495c-90ac-8fa45eb12894.jpg?v=1759130370|https://cdn.shopify.com/s/files/1/0912/9351/6071/files/img_f8c0bdc9_20241003_i1727893580_9237_1_jpg_367ee52d-3347-4f2a-812b-66fdcc1c1ff6.jpg?v=1759130370|https://cdn.shopify.com/s/files/1/0912/9351/6071/files/img_f8c0bdc9_20241003_i1727893580_9640_0_jpg_b7c8402c-6889-4497-91ef-1941e379e616.jpg?v=1759130370|https://cdn.shopify.com/s/files/1/0912/9351/6071/files/img_f8c0bdc9_20241003_i1727893581_207_8_jpg_0ae82cd2-c086-46a5-a953-46b99c81eb1a.jpg?v=1759130370|https://cdn.shopify.com/s/files/1/0912/9351/6071/files/img_f8c0bdc9_20241003_i1727893581_8835_6_jpg_8c293d96-b845-4993-b107-5122938e068e.jpg?v=1759130370|https://cdn.shopify.com/s/files/1/0912/9351/6071/files/img_f8c0bdc9_20241003_i1727893581_9106_7_jpg_ac44b392-fd6e-45de-b731-bad5dc562c9c.jpg?v=1759130370,Hi I want GABY MINI VANITY 18 IN AUBURN RED LAMBSKIN GOLD HARDWARE,
LE 37 MINI BAG 15 IN BLACK SNAKE PATTERN CALFSKIN,https://cdn.shopify.com/s/files/1/0912/9351/6071/files/img_f8c0bdc9_20241003_i1727894930_2238_2_jpg_87651f50-9bcb-4d94-8889-b4a46df5d862.jpg?v=1759130380,handbags,ysl,https://cdn.shopify.com/s/files/1/0912/9351/6071/files/img_f8c0bdc9_20241003_i1727894930_2238_2_jpg_87651f50-9bcb-4d94-8889-b4a46df5d862.jpg?v=1759130380|https://cdn.shopify.com/s/files/1/0912/9351/6071/files/img_f8c0bdc9_20241003_i1727894930_2083_3_jpg_3d2b213f-cc4c-41c4-96a5-b30b985395ef.jpg?v=1759130380|https://cdn.shopify.com/s/files/1/0912/9351/6071/files/img_f8c0bdc9_20241003_i1727894930_2098_4_jpg_f672a8d0-59e4-4619-a537-9255536faa5d.jpg?v=1759130380|https://cdn.shopify.com/s/files/1/0912/9351/6071/files/img_f8c0bdc9_20241003_i1727894930_3234_5_jpg_b0df591d-e882-4d16-afb1-026b626ab431.jpg?v=1759130380|https://cdn.shopify.com/s/files/1/0912/9351/6071/files/img_f8c0bdc9_20241003_i1727894930_3396_7_jpg_a21ec274-fc29-4d8b-b2a0-7aac35d3c8ea.jpg?v=1759130380|https://cdn.shopify.com/s/files/1/0912/9351/6071/files/img_f8c0bdc9_20241003_i1727894930_4027_0_jpg_ddd4d309-8cd9-4e2d-9563-867bd158d6c1.jpg?v=1759130380|https://cdn.shopify.com/s/files/1/0912/9351/6071/files/img_f8c0bdc9_20241003_i1727894930_4432_1_jpg_6601df6d-5be7-444e-b399-9fb4652f8dfd.jpg?v=1759130380|https://cdn.shopify.com/s/files/1/0912/9351/6071/files/img_f8c0bdc9_20241003_i1727894930_8847_6_jpg_ca7a07a3-d24d-4e4b-ad61-e941bc951da0.jpg?v=1759130380|https://cdn.shopify.com/s/files/1/0912/9351/6071/files/img_f8c0bdc9_20241003_i1727894931_4753_8_jpg_3f3a8d02-11d8-47e4-b722-b720058a770c.jpg?v=1759130380,Hi I want LE 37 MINI BAG 15 IN BLACK SNAKE PATTERN CALFSKIN,
PUFFER LARGE TOTE BAG 57 IN BLACK NAPA LAMBSKIN,https://cdn.shopify.com/s/files/1/0912/9351/6071/files/img_f8c0bdc9_20231212_i1702364402_9904_0_jpg_134cf411-a836-4337-a10a-5d2d5a801933.jpg?v=1759130389,handbags,ysl,https://cdn.shopify.com/s/files/1/0912/9351/6071/files/img_f8c0bdc9_20231212_i1702364402_9904_0_jpg_134cf411-a836-4337-a10a-5d2d5a801933.jpg?v=1759130389|https://cdn.shopify.com/s/files/1/0912/9351/6071/files/img_f8c0bdc9_20231212_i1702364402_26_6_jpg_8e888eff-a5da-489e-84a8-dd0fc1633137.jpg?v=1759130389|https://cdn.shopify.com/s/files/1/0912/9351/6071/files/img_f8c0bdc9_20231212_i1702364402_974_5_jpg_a70c7ad7-49bb-422a-9b13-46b0dcd23a54.jpg?v=1759130389|https://cdn.shopify.com/s/files/1/0912/9351/6071/files/img_f8c0bdc9_20231212_i1702364402_2220_1_jpg_8bdcb9ff-ce9d-48e2-a17e-c5b34d193c1b.jpg?v=1759130389|https://cdn.shopify.com/s/files/1/0912/9351/6071/files/img_f8c0bdc9_20231212_i1702364402_2289_2_jpg_a1a8f948-b594-460c-bbfe-b8a25f0e5db9.jpg?v=1759130389|https://cdn.shopify.com/s/files/1/0912/9351/6071/files/img_f8c0bdc9_20231212_i1702364402_2827_3_jpg_3fab7d80-c4f9-4bba-88ab-0137ee222399.jpg?v=1759130389|https://cdn.shopify.com/s/files/1/0912/9351/6071/files/img_f8c0bdc9_20231212_i1702364402_4205_7_jpg_3ba18c75-fbbe-4375-8f7c-db43ed3d97b9.jpg?v=1759130389|https://cdn.shopify.com/s/files/1/0912/9351/6071/files/img_f8c0bdc9_20231212_i1702364402_8858_8_jpg_0880271c-5865-40b5-a17a-cdf8de6524a9.jpg?v=1759130389|https://cdn.shopify.com/s/files/1/0912/9351/6071/files/img_f8c0bdc9_20231212_i1702364402_9501_4_jpg_c95a5db7-fda8-4972-b065-cfa68cddf65d.jpg?v=1759130389,Hi I want PUFFER LARGE TOTE BAG 57 IN BLACK NAPA LAMBSKIN,
PUFFER LARGE TOTE BAG 57 IN BLACK SILK,https://cdn.shopify.com/s/files/1/0912/9351/6071/files/img_f8c0bdc9_20231212_i1702366325_8920_0_jpg_20a6a8c9-a77d-4817-9c4e-6c068b8ff244.jpg?v=1759130398,handbags,ysl,https://cdn.shopify.com/s/files/1/0912/9351/6071/files/img_f8c0bdc9_20231212_i1702366325_8920_0_jpg_20a6a8c9-a77d-4817-9c4e-6c068b8ff244.jpg?v=1759130398|https://cdn.shopify.com/s/files/1/0912/9351/6071/files/img_f8c0bdc9_20231212_i1702366325_105_4_jpg_0ca81e13-8834-4bda-a5db-2ec5d2ad4273.jpg?v=1759130398|https://cdn.shopify.com/s/files/1/0912/9351/6071/files/img_f8c0bdc9_20231212_i1702366325_1430_1_jpg_39347efd-974d-489d-ad93-cab4f6d7e273.jpg?v=1759130398|https://cdn.shopify.com/s/files/1/0912/9351/6071/files/img_f8c0bdc9_20231212_i1702366325_2876_3_jpg_15847891-8a45-490b-a553-eaaeda83d57b.jpg?v=1759130398|https://cdn.shopify.com/s/files/1/0912/9351/6071/files/img_f8c0bdc9_20231212_i1702366325_3650_7_jpg_5a1f214d-7127-41ca-9e3f-bf77e6846d46.jpg?v=1759130399|https://cdn.shopify.com/s/files/1/0912/9351/6071/files/img_f8c0bdc9_20231212_i1702366325_4552_6_jpg_ce4fdfbf-8d0b-4f63-858b-5b841773cb3f.jpg?v=1759130399|https://cdn.shopify.com/s/files/1/0912/9351/6071/files/img_f8c0bdc9_20231212_i1702366325_4827_2_jpg_9b077818-ee1b-45fa-b45c-3531034adfc6.jpg?v=1759130399|https://cdn.shopify.com/s/files/1/0912/9351/6071/files/img_f8c0bdc9_20231212_i1702366325_7989_5_jpg_11de8793-4885-41fa-8ffc-f99b41a9302b.jpg?v=1759130399|https://cdn.shopify.com/s/files/1/0912/9351/6071/files/img_f8c0bdc9_20231212_i1702366345_9767_0_jpg_746e44ec-9514-4c18-a659-92f71d1a2883.jpg?v=1759130399,Hi I want PUFFER LARGE TOTE BAG 57 IN BLACK SILK,
RIVE GAUCHE BACKPACK 35 IN WHITE CANVAS MIX BLACK CALFSKIN,https://cdn.shopify.com/s/files/1/0912/9351/6071/files/20220521_i1653133823_4167_0_jpg_68a74300-3627-4115-bf6c-04d01b681d0f.jpg?v=1759130408,handbags,ysl,https://cdn.shopify.com/s/files/1/0912/9351/6071/files/20220521_i1653133823_4167_0_jpg_68a74300-3627-4115-bf6c-04d01b681d0f.jpg?v=1759130408|https://cdn.shopify.com/s/files/1/0912/9351/6071/files/20220521_i1653133823_5728_1_jpg_9eb0d4f1-52eb-41ba-8aa7-3cbd688e4c16.jpg?v=1759130408|https://cdn.shopify.com/s/files/1/0912/9351/6071/files/20220521_i1653133823_279_5_jpg_bdef3b91-b99a-44ae-a8f1-a7f9e3df633c.jpg?v=1759130408|https://cdn.shopify.com/s/files/1/0912/9351/6071/files/20220521_i1653133823_1811_8_jpg_45542781-0fa5-4f51-b026-5050a635ab9b.jpg?v=1759130408|https://cdn.shopify.com/s/files/1/0912/9351/6071/files/20220521_i1653133823_2911_3_jpg_ca1656d4-7d36-4376-93ca-ae18ff686447.jpg?v=1759130408|https://cdn.shopify.com/s/files/1/0912/9351/6071/files/20220521_i1653133823_3087_6_jpg_46cba3e5-e52c-4c83-959c-6ca292f07295.jpg?v=1759130408|https://cdn.shopify.com/s/files/1/0912/9351/6071/files/20220521_i1653133823_3688_7_jpg_579f623a-c9f4-4f1d-982f-35dd6d81101e.jpg?v=1759130408|https://cdn.shopify.com/s/files/1/0912/9351/6071/files/20220521_i1653133823_4576_2_jpg_4f712ab1-2f23-4ff3-a75d-777f673edd41.jpg?v=1759130408|https://cdn.shopify.com/s/files/1/0912/9351/6071/files/20220521_i1653133823_8714_4_jpg_2e8f2158-f69c-4261-947c-b0a71358ceee.jpg?v=1759130408,Hi I want RIVE GAUCHE BACKPACK 35 IN WHITE CANVAS MIX BLACK CALFSKIN,
ENVELOPE CHAIN BAG 22 IN BLACK LAMBSKIN GOLD HARDWARE,https://cdn.shopify.com/s/files/1/0912/9351/6071/files/img_f8c0bdc9_20240903_i1725361308_2548_6_jpg_63260c34-e16b-414d-ad5f-fe1625715b5a.jpg?v=1759130437,handbags,ysl,https://cdn.shopify.com/s/files/1/0912/9351/6071/files/img_f8c0bdc9_20240903_i1725361308_2548_6_jpg_63260c34-e16b-414d-ad5f-fe1625715b5a.jpg?v=1759130437|https://cdn.shopify.com/s/files/1/0912/9351/6071/files/img_f8c0bdc9_20240903_i1725361308_2106_2_jpg_832b0e76-70d6-4f53-b1cd-25e68dfc5535.jpg?v=1759130437|https://cdn.shopify.com/s/files/1/0912/9351/6071/files/img_f8c0bdc9_20240903_i1725361308_4675_5_jpg_aa281fac-6ff5-4809-a91c-08fe43c4dfc5.jpg?v=1759130437|https://cdn.shopify.com/s/files/1/0912/9351/6071/files/img_f8c0bdc9_20240903_i1725361308_5850_7_jpg_f794b0ab-4f17-4837-a094-9f1ebc180cc2.jpg?v=1759130437|https://cdn.shopify.com/s/files/1/0912/9351/6071/files/img_f8c0bdc9_20240903_i1725361308_7178_0_jpg_c26c152b-bb90-4c23-a961-313e83773fee.jpg?v=1759130437|https://cdn.shopify.com/s/files/1/0912/9351/6071/files/img_f8c0bdc9_20240903_i1725361308_8221_4_jpg_16322052-5de9-4570-8b42-eab5bb6b64b6.jpg?v=1759130437|https://cdn.shopify.com/s/files/1/0912/9351/6071/files/img_f8c0bdc9_20240903_i1725361308_9160_1_jpg_0df5da88-4f6c-4d5f-96e6-3b26636679dd.jpg?v=1759130437|https://cdn.shopify.com/s/files/1/0912/9351/6071/files/img_f8c0bdc9_20240903_i1725361308_9180_8_jpg_7f06dfc4-48f8-4c4d-995f-4b39bab39e27.jpg?v=1759130437|https://cdn.shopify.com/s/files/1/0912/9351/6071/files/img_f8c0bdc9_20240903_i1725361308_9460_3_jpg_7b55fe6f-f3bb-467d-9048-ac4b4fd31d45.jpg?v=1759130437,Hi I want ENVELOPE CHAIN BAG 22 IN BLACK LAMBSKIN GOLD HARDWARE,
LE 37 SMALL BUCKET BAG 20 IN BRUNETTE BROWN CALFSKIN GOLD HARDWARE,https://cdn.shopify.com/s/files/1/0912/9351/6071/files/img_f8c0bdc9_20241010_i1728544641_1192_3_jpg_74a0772c-80ef-4f32-9def-cdec4cb2de90.jpg?v=1759130467,handbags,ysl,https://cdn.shopify.com/s/files/1/0912/9351/6071/files/img_f8c0bdc9_20241010_i1728544641_1192_3_jpg_74a0772c-80ef-4f32-9def-cdec4cb2de90.jpg?v=1759130467|https://cdn.shopify.com/s/files/1/0912/9351/6071/files/img_f8c0bdc9_20241010_i1728544641_633_0_jpg_3a4df2ac-2ab5-408d-8014-77988c85fd40.jpg?v=1759130467|https://cdn.shopify.com/s/files/1/0912/9351/6071/files/img_f8c0bdc9_20241010_i1728544641_3778_4_jpg_7a42387d-5776-4b64-8530-23b2117a35e5.jpg?v=1759130467|https://cdn.shopify.com/s/files/1/0912/9351/6071/files/img_f8c0bdc9_20241010_i1728544641_332_5_jpg_f548f58f-1ced-4119-9e0c-1d05dba6be87.jpg?v=1759130467|https://cdn.shopify.com/s/files/1/0912/9351/6071/files/img_f8c0bdc9_20241010_i1728544641_2817_8_jpg_3f2caaf2-c778-4333-8474-adfd80ea4cfd.jpg?v=1759130467|https://cdn.shopify.com/s/files/1/0912/9351/6071/files/img_f8c0bdc9_20241010_i1728544641_5787_2_jpg_100d6472-57b3-4719-9cb3-d2b0d7b47dd3.jpg?v=1759130467|https://cdn.shopify.com/s/files/1/0912/9351/6071/files/img_f8c0bdc9_20241010_i1728544641_8776_1_jpg_3e98cfda-81fc-46de-a1a1-d6ab87e74e20.jpg?v=1759130467|https://cdn.shopify.com/s/files/1/0912/9351/6071/files/img_f8c0bdc9_20241010_i1728544641_9021_7_jpg_33703c78-f97a-4782-adaa-e04079377528.jpg?v=1759130467|https://cdn.shopify.com/s/files/1/0912/9351/6071/files/img_f8c0bdc9_20241010_i1728544641_9295_6_jpg_68377943-722c-4515-89f7-70be681c5e58.jpg?v=1759130467,Hi I want LE 37 SMALL BUCKET BAG 20 IN BRUNETTE BROWN CALFSKIN GOLD HARDWARE,
NIKI 47 IN WHITE RABBIT FUR GOLD HARDWARE,https://cdn.shopify.com/s/files/1/0912/9351/6071/files/img_f8c0bdc9_20241010_i1728545210_8034_3_jpg_c806841e-6838-464f-b755-6f88fee6c1da.jpg?v=1759130477,handbags,ysl,https://cdn.shopify.com/s/files/1/0912/9351/6071/files/img_f8c0bdc9_20241010_i1728545210_8034_3_jpg_c806841e-6838-464f-b755-6f88fee6c1da.jpg?v=1759130477|https://cdn.shopify.com/s/files/1/0912/9351/6071/files/img_f8c0bdc9_20241010_i1728545210_415_8_jpg_610f03b5-58a4-495e-87c5-bc148a5368c8.jpg?v=1759130477|https://cdn.shopify.com/s/files/1/0912/9351/6071/files/img_f8c0bdc9_20241010_i1728545210_570_0_jpg_89df969b-ebd0-437d-bb8b-1926a8e5ddb8.jpg?v=1759130477|https://cdn.shopify.com/s/files/1/0912/9351/6071/files/img_f8c0bdc9_20241010_i1728545210_3985_1_jpg_17e0e87b-4b60-4cca-9557-bf30312d16cd.jpg?v=1759130477|https://cdn.shopify.com/s/files/1/0912/9351/6071/files/img_f8c0bdc9_20241010_i1728545210_5030_7_jpg_8d0054eb-0883-4fa2-92b7-2acf03904e66.jpg?v=1759130477|https://cdn.shopify.com/s/files/1/0912/9351/6071/files/img_f8c0bdc9_20241010_i1728545210_6426_5_jpg_d53adcc6-a588-40a0-8fe9-0617ba584094.jpg?v=1759130477|https://cdn.shopify.com/s/files/1/0912/9351/6071/files/img_f8c0bdc9_20241010_i1728545210_6483_6_jpg_3c8149a6-10c2-4997-9807-85f1f1665c02.jpg?v=1759130477|https://cdn.shopify.com/s/files/1/0912/9351/6071/files/img_f8c0bdc9_20241010_i1728545210_6764_4_jpg_ab3edfed-07ef-473f-9c63-c7261d6efaf1.jpg?v=1759130477|https://cdn.shopify.com/s/files/1/0912/9351/6071/files/img_f8c0bdc9_20241010_i1728545210_9656_2_jpg_dc92840f-a214-4b9b-9de8-cad4b6e0842e.jpg?v=1759130477,Hi I want NIKI 47 IN WHITE RABBIT FUR GOLD HARDWARE,
NIKI LARGE 32 IN WHITE RABBIT FUR GOLD HARDWARE,https://cdn.shopify.com/s/files/1/0912/9351/6071/files/img_f8c0bdc9_20241010_i1728545770_3868_1_jpg_84cac60b-c6c8-4c1d-bddd-ea6832f8d6e3.jpg?v=1759130487,handbags,ysl,https://cdn.shopify.com/s/files/1/0912/9351/6071/files/img_f8c0bdc9_20241010_i1728545770_3868_1_jpg_84cac60b-c6c8-4c1d-bddd-ea6832f8d6e3.jpg?v=1759130487|https://cdn.shopify.com/s/files/1/0912/9351/6071/files/img_f8c0bdc9_20241010_i1728545770_22_8_jpg_9eac8011-e9c9-4b01-ae98-79df8f2da509.jpg?v=1759130487|https://cdn.shopify.com/s/files/1/0912/9351/6071/files/img_f8c0bdc9_20241010_i1728545770_71_6_jpg_5d43afdb-bc5c-4fcd-ae10-339e5729f540.jpg?v=1759130487|https://cdn.shopify.com/s/files/1/0912/9351/6071/files/img_f8c0bdc9_20241010_i1728545770_121_5_jpg_1f4ff990-bf7e-4c39-8630-3c6aefbb60e5.jpg?v=1759130487|https://cdn.shopify.com/s/files/1/0912/9351/6071/files/img_f8c0bdc9_20241010_i1728545770_919_2_jpg_47f6e7ba-c3d2-48a0-99ca-465fc47bba23.jpg?v=1759130487|https://cdn.shopify.com/s/files/1/0912/9351/6071/files/img_f8c0bdc9_20241010_i1728545770_4508_3_jpg_259798dd-135b-46f0-8546-3e7428704bd8.jpg?v=1759130487|https://cdn.shopify.com/s/files/1/0912/9351/6071/files/img_f8c0bdc9_20241010_i1728545770_8109_0_jpg_ababb22d-ef0f-4566-b164-305e6cd37c3d.jpg?v=1759130487|https://cdn.shopify.com/s/files/1/0912/9351/6071/files/img_f8c0bdc9_20241010_i1728545770_8786_7_jpg_dfd94e49-7ded-4c75-9ae9-edf0418bb4e7.jpg?v=1759130487|https://cdn.shopify.com/s/files/1/0912/9351/6071/files/img_f8c0bdc9_20241010_i1728545770_9790_4_jpg_769b8ab9-db19-4744-94c4-c945430d803c.jpg?v=1759130487,Hi I want NIKI LARGE 32 IN WHITE RABBIT FUR GOLD HARDWARE,
NIKI MEDIUM 28 IN WHITE RABBIT FUR GOLD HARDWARE,https://cdn.shopify.com/s/files/1/0912/9351/6071/files/img_f8c0bdc9_20241010_i1728546102_298_7_jpg_4f453453-3da7-460a-b278-e082b79949b1.jpg?v=1759130497,handbags,ysl,https://cdn.shopify.com/s/files/1/0912/9351/6071/files/img_f8c0bdc9_20241010_i1728546102_298_7_jpg_4f453453-3da7-460a-b278-e082b79949b1.jpg?v=1759130497|https://cdn.shopify.com/s/files/1/0912/9351/6071/files/img_f8c0bdc9_20241010_i1728546102_680_4_jpg_e2041fce-0794-4c39-a241-754dcf00a9af.jpg?v=1759130497|https://cdn.shopify.com/s/files/1/0912/9351/6071/files/img_f8c0bdc9_20241010_i1728546102_1285_3_jpg_333c5222-3587-4222-ac15-f6e44358565a.jpg?v=1759130497|https://cdn.shopify.com/s/files/1/0912/9351/6071/files/img_f8c0bdc9_20241010_i1728546102_2593_5_jpg_293b8ab5-f69b-42f8-9c48-3530b8cc3265.jpg?v=1759130497|https://cdn.shopify.com/s/files/1/0912/9351/6071/files/img_f8c0bdc9_20241010_i1728546102_3721_8_jpg_5b9f9b8b-a79e-4359-a4b5-9befb1c3a1d4.jpg?v=1759130497|https://cdn.shopify.com/s/files/1/0912/9351/6071/files/img_f8c0bdc9_20241010_i1728546102_8267_6_jpg_6c44a18c-f255-4f29-8d76-1fb6d02b9953.jpg?v=1759130497|https://cdn.shopify.com/s/files/1/0912/9351/6071/files/img_f8c0bdc9_20241010_i1728546102_8504_2_jpg_540fdb06-056e-488e-86ae-dbe4a04ea4e4.jpg?v=1759130497|https://cdn.shopify.com/s/files/1/0912/9351/6071/files/img_f8c0bdc9_20241010_i1728546102_8898_1_jpg_ad99cfc0-6162-40d2-9dec-790de1fef23c.jpg?v=1759130497|https://cdn.shopify.com/s/files/1/0912/9351/6071/files/img_f8c0bdc9_20241010_i1728546102_9819_0_jpg_3c59fee8-930f-4455-932f-85e260949eec.jpg?v=1759130497,Hi I want NIKI MEDIUM 28 IN WHITE RABBIT FUR GOLD HARDWARE,
LOULOU LARGE 36 IN BLACK QUILTED CALFSKIN BLACK HARDWARE,https://cdn.shopify.com/s/files/1/0912/9351/6071/files/img_f8c0bdc9_20240606_i1717676318_9388_7_jpg_3aeb5078-3818-4c0c-b5fc-e1b879ce5449.jpg?v=1759130508,handbags,ysl,https://cdn.shopify.com/s/files/1/0912/9351/6071/files/img_f8c0bdc9_20240606_i1717676318_9388_7_jpg_3aeb5078-3818-4c0c-b5fc-e1b879ce5449.jpg?v=1759130508|https://cdn.shopify.com/s/files/1/0912/9351/6071/files/img_f8c0bdc9_20240606_i1717676318_208_5_jpg_aeb51a1b-1b7d-4ba5-a3ec-a08c1860e9fa.jpg?v=1759130508|https://cdn.shopify.com/s/files/1/0912/9351/6071/files/img_f8c0bdc9_20240606_i1717676318_2562_8_jpg_8dc3928a-7696-4fe2-9849-5d760dc7597f.jpg?v=1759130508|https://cdn.shopify.com/s/files/1/0912/9351/6071/files/img_f8c0bdc9_20240606_i1717676318_4915_0_jpg_2dd8c786-7753-46d9-85a4-9f210b9d7790.jpg?v=1759130508|https://cdn.shopify.com/s/files/1/0912/9351/6071/files/img_f8c0bdc9_20240606_i1717676318_6179_3_jpg_1e3d2b21-ee78-4beb-8770-881b32a01a54.jpg?v=1759130508|https://cdn.shopify.com/s/files/1/0912/9351/6071/files/img_f8c0bdc9_20240606_i1717676318_6744_1_jpg_158d832a-7a66-4dd0-a81c-28d7c2fea873.jpg?v=1759130508|https://cdn.shopify.com/s/files/1/0912/9351/6071/files/img_f8c0bdc9_20240606_i1717676318_8489_4_jpg_2faad668-7228-44f7-a2ce-43d183692912.jpg?v=1759130508|https://cdn.shopify.com/s/files/1/0912/9351/6071/files/img_f8c0bdc9_20240606_i1717676318_9429_2_jpg_fefb673f-b18b-49e0-a5e6-38ec87a32a91.jpg?v=1759130508|https://cdn.shopify.com/s/files/1/0912/9351/6071/files/img_f8c0bdc9_20240606_i1717676335_5231_0_jpg_cefd820e-2e84-4789-b8d7-c3d7fe25f3df.jpg?v=1759130508,Hi I want LOULOU LARGE 36 IN BLACK QUILTED CALFSKIN BLACK HARDWARE,
SHOPPING TOTE BAG 38 IN WHITE CALFSKIN,https://cdn.shopify.com/s/files/1/0912/9351/6071/files/img_f8c0bdc9_20241008_i1728371471_7942_2_jpg_5ee067cf-c991-42f4-9b22-f90ee6a2f694.jpg?v=1759130541,handbags,ysl,https://cdn.shopify.com/s/files/1/0912/9351/6071/files/img_f8c0bdc9_20241008_i1728371471_7942_2_jpg_5ee067cf-c991-42f4-9b22-f90ee6a2f694.jpg?v=1759130541|https://cdn.shopify.com/s/files/1/0912/9351/6071/files/img_f8c0bdc9_20241008_i1728371471_2206_1_jpg_971d1539-562f-4bb1-ac49-dae82bdb2d5f.jpg?v=1759130541|https://cdn.shopify.com/s/files/1/0912/9351/6071/files/img_f8c0bdc9_20241008_i1728371471_9787_0_jpg_8bca006b-5fd3-401d-ae76-7de5aacac5fb.jpg?v=1759130541|https://cdn.shopify.com/s/files/1/0912/9351/6071/files/img_f8c0bdc9_20241008_i1728371472_765_8_jpg_948864f7-57fc-4264-b12b-d3a569961308.jpg?v=1759130541|https://cdn.shopify.com/s/files/1/0912/9351/6071/files/img_f8c0bdc9_20241008_i1728371472_999_7_jpg_e34aa139-5f14-4f34-b244-d81c81bf66e9.jpg?v=1759130541|https://cdn.shopify.com/s/files/1/0912/9351/6071/files/img_f8c0bdc9_20241008_i1728371472_2768_5_jpg_ad05d67d-b7d9-4db3-91ed-565aa44317c6.jpg?v=1759130541|https://cdn.shopify.com/s/files/1/0912/9351/6071/files/img_f8c0bdc9_20241008_i1728371472_7936_6_jpg_e35c8e18-d70f-411c-82fd-324d73e7d3f4.jpg?v=1759130541|https://cdn.shopify.com/s/files/1/0912/9351/6071/files/img_f8c0bdc9_20241008_i1728371472_8452_4_jpg_06234e39-3d01-4e3b-849b-d0d7a9c5c4ce.jpg?v=1759130542|https://cdn.shopify.com/s/files/1/0912/9351/6071/files/img_f8c0bdc9_20241008_i1728371472_8785_3_jpg_f88e38bb-915f-4408-8abd-418578321581.jpg?v=1759130542,Hi I want SHOPPING TOTE BAG 38 IN WHITE CALFSKIN,
SHOPPING TOTE BAG 38 IN GRAY CALFSKIN,https://cdn.shopify.com/s/files/1/0912/9351/6071/files/img_f8c0bdc9_20241008_i1728382629_4264_6_jpg_a14332e2-e716-4ab1-a8d8-69f34d2a7e4a.jpg?v=1759130574,handbags,ysl,https://cdn.shopify.com/s/files/1/0912/9351/6071/files/img_f8c0bdc9_20241008_i1728382629_4264_6_jpg_a14332e2-e716-4ab1-a8d8-69f34d2a7e4a.jpg?v=1759130574|https://cdn.shopify.com/s/files/1/0912/9351/6071/files/img_f8c0bdc9_20241008_i1728382629_1584_7_jpg_596e679e-420e-4a33-ab52-54a55e3a898b.jpg?v=1759130574|https://cdn.shopify.com/s/files/1/0912/9351/6071/files/img_f8c0bdc9_20241008_i1728382629_2538_1_jpg_fbb72ea6-a2be-4e32-92c2-f7e7dd61573d.jpg?v=1759130574|https://cdn.shopify.com/s/files/1/0912/9351/6071/files/img_f8c0bdc9_20241008_i1728382629_4301_4_jpg_fd6b6862-675d-4fde-a2b0-05948793cd33.jpg?v=1759130574|https://cdn.shopify.com/s/files/1/0912/9351/6071/files/img_f8c0bdc9_20241008_i1728382629_5077_0_jpg_c14e71b7-5587-4b31-af02-09c9958faca1.jpg?v=1759130574|https://cdn.shopify.com/s/files/1/0912/9351/6071/files/img_f8c0bdc9_20241008_i1728382629_6051_3_jpg_207c9a28-2186-480b-8548-bbc7f06482be.jpg?v=1759130574|https://cdn.shopify.com/s/files/1/0912/9351/6071/files/img_f8c0bdc9_20241008_i1728382629_6369_8_jpg_81fe9ae0-d300-4e79-8652-2847b64b70eb.jpg?v=1759130574|https://cdn.shopify.com/s/files/1/0912/9351/6071/files/img_f8c0bdc9_20241008_i1728382629_7118_2_jpg_ad4b74eb-b56b-4aad-90ee-0a1d67ee51c9.jpg?v=1759130574|https://cdn.shopify.com/s/files/1/0912/9351/6071/files/img_f8c0bdc9_20241008_i1728382629_9814_5_jpg_1406ff62-7f37-4765-81ab-e29943d8cc87.jpg?v=1759130574,Hi I want SHOPPING TOTE BAG 38 IN GRAY CALFSKIN,
SHOPPING TOTE BAG 38 IN TAN BROWN SUEDE AND WHITE SHEARLING TRIM,https://cdn.shopify.com/s/files/1/0912/9351/6071/files/img_f8c0bdc9_20241008_i1728377346_4332_2_jpg_50dd780c-bfd2-4d22-849f-a6a15b9cde44.jpg?v=1759130594,handbags,ysl,https://cdn.shopify.com/s/files/1/0912/9351/6071/files/img_f8c0bdc9_20241008_i1728377346_4332_2_jpg_50dd780c-bfd2-4d22-849f-a6a15b9cde44.jpg?v=1759130594|https://cdn.shopify.com/s/files/1/0912/9351/6071/files/img_f8c0bdc9_20241008_i1728377346_1787_4_jpg_52cfecd1-9bba-4851-82b9-977b25c1fe6d.jpg?v=1759130594|https://cdn.shopify.com/s/files/1/0912/9351/6071/files/img_f8c0bdc9_20241008_i1728377346_1765_6_jpg_e81d44a8-6663-43bc-9e6b-68d27eb4b126.jpg?v=1759130594|https://cdn.shopify.com/s/files/1/0912/9351/6071/files/img_f8c0bdc9_20241008_i1728377346_1864_5_jpg_b9af9c87-79aa-4b85-addc-1ab34ff00757.jpg?v=1759130594|https://cdn.shopify.com/s/files/1/0912/9351/6071/files/img_f8c0bdc9_20241008_i1728377346_4202_1_jpg_8340373d-24f9-482b-9ad1-06fd33b0334d.jpg?v=1759130594|https://cdn.shopify.com/s/files/1/0912/9351/6071/files/img_f8c0bdc9_20241008_i1728377346_5551_8_jpg_7b2c36ed-d27a-407a-84c8-7d0528b1ca16.jpg?v=1759130594|https://cdn.shopify.com/s/files/1/0912/9351/6071/files/img_f8c0bdc9_20241008_i1728377346_6177_7_jpg_ec5561b9-b643-48ac-9a94-6962fef2e56c.jpg?v=1759130594|https://cdn.shopify.com/s/files/1/0912/9351/6071/files/img_f8c0bdc9_20241008_i1728377346_7428_0_jpg_fc4ca4f6-9d3e-459c-92fd-8c9b05bd1437.jpg?v=1759130594,Hi I want SHOPPING TOTE BAG 38 IN TAN BROWN SUEDE AND WHITE SHEARLING TRIM,
TRAVEL TOTE BAG 50 IN BLACK POLISHED NYLON,https://cdn.shopify.com/s/files/1/0912/9351/6071/files/20221007_i1665129455_8418_0_jpg_499f4152-627b-4172-ae87-90cadd94684e.jpg?v=1759130608,handbags,ysl,https://cdn.shopify.com/s/files/1/0912/9351/6071/files/20221007_i1665129455_8418_0_jpg_499f4152-627b-4172-ae87-90cadd94684e.jpg?v=1759130608|https://cdn.shopify.com/s/files/1/0912/9351/6071/files/20221007_i1665129455_2724_7_jpg_f35e9cc4-a6fc-4d6c-9d1d-317a2d76215f.jpg?v=1759130608|https://cdn.shopify.com/s/files/1/0912/9351/6071/files/20221007_i1665129455_3200_6_jpg_8b86afcf-56a4-4855-8fa6-12053947fcb4.jpg?v=1759130608|https://cdn.shopify.com/s/files/1/0912/9351/6071/files/20221007_i1665129455_3715_2_jpg_0b2a5d51-38c3-4e6f-8e5a-5cc0e2392a59.jpg?v=1759130608|https://cdn.shopify.com/s/files/1/0912/9351/6071/files/20221007_i1665129455_4477_5_jpg_aa805f7d-1a56-4bda-82c2-88ce7fed7997.jpg?v=1759130608|https://cdn.shopify.com/s/files/1/0912/9351/6071/files/20221007_i1665129455_6251_1_jpg_7613086b-3cdb-4426-82d5-a3ca7e71ed72.jpg?v=1759130608|https://cdn.shopify.com/s/files/1/0912/9351/6071/files/20221007_i1665129455_7103_4_jpg_2746e0d5-d206-4ba6-b88b-56c5b9218d48.jpg?v=1759130608|https://cdn.shopify.com/s/files/1/0912/9351/6071/files/20221007_i1665129455_8656_3_jpg_cecb1114-4680-48ad-92b2-4effd1904b6d.jpg?v=1759130608|https://cdn.shopify.com/s/files/1/0912/9351/6071/files/20221007_i1665129455_9266_8_jpg_14186a70-7379-4cab-802b-b2ce6f984c88.jpg?v=1759130608,Hi I want TRAVEL TOTE BAG 50 IN BLACK POLISHED NYLON,
CROSSBODY BAG 24 IN BLACK POLISHED NYLON,https://cdn.shopify.com/s/files/1/0912/9351/6071/files/20221007_i1665131258_5546_0_jpg_aaa1f548-47ab-401b-90be-1d22ac576efc.jpg?v=1759130618,handbags,ysl,https://cdn.shopify.com/s/files/1/0912/9351/6071/files/20221007_i1665131258_5546_0_jpg_aaa1f548-47ab-401b-90be-1d22ac576efc.jpg?v=1759130618|https://cdn.shopify.com/s/files/1/0912/9351/6071/files/20221007_i1665131258_715_2_jpg_d09d100f-e74d-444a-852a-11e6bfb8fe56.jpg?v=1759130618|https://cdn.shopify.com/s/files/1/0912/9351/6071/files/20221007_i1665131258_2847_3_jpg_b2e55ec0-8dd9-419e-8f44-65afdc2a6793.jpg?v=1759130618|https://cdn.shopify.com/s/files/1/0912/9351/6071/files/20221007_i1665131258_4019_1_jpg_5480ece7-a7de-4aa0-898d-bf3ee0603cd3.jpg?v=1759130618|https://cdn.shopify.com/s/files/1/0912/9351/6071/files/20221007_i1665131258_6069_7_jpg_ebd25560-1a34-4cb7-9dce-abcf0c48d3f6.jpg?v=1759130618|https://cdn.shopify.com/s/files/1/0912/9351/6071/files/20221007_i1665131258_7223_8_jpg_7deee04f-6a74-4cd7-958a-3f7f394a2b6f.jpg?v=1759130618|https://cdn.shopify.com/s/files/1/0912/9351/6071/files/20221007_i1665131258_7328_6_jpg_bb691208-6e75-429e-bfa0-32076c5d3e85.jpg?v=1759130618|https://cdn.shopify.com/s/files/1/0912/9351/6071/files/20221007_i1665131258_7716_5_jpg_c028234f-7e30-4ff4-aece-c0766a1704eb.jpg?v=1759130618|https://cdn.shopify.com/s/files/1/0912/9351/6071/files/20221007_i1665131258_8249_4_jpg_83980447-43a0-499f-8516-c2e2544b38d7.jpg?v=1759130618,Hi I want CROSSBODY BAG 24 IN BLACK POLISHED NYLON,
BACKPACK 37 IN ECHO GRAY CALFSKIN,https://cdn.shopify.com/s/files/1/0912/9351/6071/files/20230508_i1683552715_1747_2_jpg_91bfb5a5-a743-4562-9635-b53565581979.jpg?v=1759130629,handbags,ysl,https://cdn.shopify.com/s/files/1/0912/9351/6071/files/20230508_i1683552715_1747_2_jpg_91bfb5a5-a743-4562-9635-b53565581979.jpg?v=1759130629|https://cdn.shopify.com/s/files/1/0912/9351/6071/files/20230508_i1683552715_1373_8_jpg_4f1a8345-5a91-4462-b0ef-c990f81744d2.jpg?v=1759130629|https://cdn.shopify.com/s/files/1/0912/9351/6071/files/20230508_i1683552715_2183_3_jpg_461b90d8-326f-4fa8-8420-c5f5057efbd1.jpg?v=1759130629|https://cdn.shopify.com/s/files/1/0912/9351/6071/files/20230508_i1683552715_2466_5_jpg_51522177-de81-449e-b790-2e657036fbc8.jpg?v=1759130629|https://cdn.shopify.com/s/files/1/0912/9351/6071/files/20230508_i1683552715_2586_0_jpg_7c62b8ec-6c7f-42ed-844e-d2844f241364.jpg?v=1759130629|https://cdn.shopify.com/s/files/1/0912/9351/6071/files/20230508_i1683552715_5098_6_jpg_2b5f8caa-8233-4e31-a568-98c7c8cdbfa4.jpg?v=1759130629|https://cdn.shopify.com/s/files/1/0912/9351/6071/files/20230508_i1683552715_5900_4_jpg_8335e7cd-3a4c-470c-b537-255be526db56.jpg?v=1759130629|https://cdn.shopify.com/s/files/1/0912/9351/6071/files/20230508_i1683552715_7977_7_jpg_219727e7-a407-463c-9af5-fac1e5f5bc70.jpg?v=1759130629|https://cdn.shopify.com/s/files/1/0912/9351/6071/files/20230508_i1683552715_9192_1_jpg_fb2dba5c-90ca-4a5a-961c-89255f54bd37.jpg?v=1759130629,Hi I want BACKPACK 37 IN ECHO GRAY CALFSKIN,
BACKPACK 37 IN BLACK PLAID NYLON,https://cdn.shopify.com/s/files/1/0912/9351/6071/files/img_f8c0bdc9_20240701_i1719825601_7167_0_jpg_12a3ec0e-5232-4f64-b528-da8cf38b4660.jpg?v=1759130650,handbags,ysl,https://cdn.shopify.com/s/files/1/0912/9351/6071/files/img_f8c0bdc9_20240701_i1719825601_7167_0_jpg_12a3ec0e-5232-4f64-b528-da8cf38b4660.jpg?v=1759130650|https://cdn.shopify.com/s/files/1/0912/9351/6071/files/img_f8c0bdc9_20240701_i1719825601_726_8_jpg_e353de7b-2877-4f7a-8444-15c2a52ff4e2.jpg?v=1759130650|https://cdn.shopify.com/s/files/1/0912/9351/6071/files/img_f8c0bdc9_20240701_i1719825601_3012_4_jpg_b20ac19a-8b01-4c48-a04b-4846e74359be.jpg?v=1759130650|https://cdn.shopify.com/s/files/1/0912/9351/6071/files/img_f8c0bdc9_20240701_i1719825601_5010_2_jpg_926cae76-eed6-4ba3-9f6b-12e8fe64ceab.jpg?v=1759130650|https://cdn.shopify.com/s/files/1/0912/9351/6071/files/img_f8c0bdc9_20240701_i1719825601_5434_7_jpg_4c4f1550-1fa6-409c-a53d-c4a4e93e66a3.jpg?v=1759130650|https://cdn.shopify.com/s/files/1/0912/9351/6071/files/img_f8c0bdc9_20240701_i1719825601_6357_1_jpg_9aca3ebb-052c-4799-967a-a5e85fc23f2b.jpg?v=1759130650|https://cdn.shopify.com/s/files/1/0912/9351/6071/files/img_f8c0bdc9_20240701_i1719825601_8688_6_jpg_8d13a6c7-295e-482f-a579-edcc1cf10a50.jpg?v=1759130650|https://cdn.shopify.com/s/files/1/0912/9351/6071/files/img_f8c0bdc9_20240701_i1719825601_8759_3_jpg_8339a022-ecff-4484-9a42-3b6ba33ef3dc.jpg?v=1759130650|https://cdn.shopify.com/s/files/1/0912/9351/6071/files/img_f8c0bdc9_20240701_i1719825601_9051_5_jpg_cd861105-9f28-4f01-9090-76cb872e3fd3.jpg?v=1759130650,Hi I want BACKPACK 37 IN BLACK PLAID NYLON,
RIVE GAUCHE BACKPACK 49 IN BLACK MIX WHITE CANVAS,https://cdn.shopify.com/s/files/1/0912/9351/6071/files/img_c8ebba50_20240115_i1705306889_7379_0_jpg_28c9cbf5-6eca-446d-b08f-be882b897ed2.jpg?v=1759130674,handbags,ysl,https://cdn.shopify.com/s/files/1/0912/9351/6071/files/img_c8ebba50_20240115_i1705306889_7379_0_jpg_28c9cbf5-6eca-446d-b08f-be882b897ed2.jpg?v=1759130674|https://cdn.shopify.com/s/files/1/0912/9351/6071/files/img_c8ebba50_20240115_i1705306889_144_4_jpg_7bc4e518-a900-4710-a7cf-6a501e323c58.jpg?v=1759130674|https://cdn.shopify.com/s/files/1/0912/9351/6071/files/img_c8ebba50_20240115_i1705306889_192_8_jpg_8eeebde4-2428-4ca4-8969-667acfbef02b.jpg?v=1759130674|https://cdn.shopify.com/s/files/1/0912/9351/6071/files/img_c8ebba50_20240115_i1705306889_911_2_jpg_42b28c60-fbfe-4559-8b3b-1f33a5f6642d.jpg?v=1759130674|https://cdn.shopify.com/s/files/1/0912/9351/6071/files/img_c8ebba50_20240115_i1705306889_3307_6_jpg_b9b58a87-9460-4049-936c-095159d4af37.jpg?v=1759130674|https://cdn.shopify.com/s/files/1/0912/9351/6071/files/img_c8ebba50_20240115_i1705306889_3606_3_jpg_34e295a8-e32a-4c06-b168-184b0a34f567.jpg?v=1759130674|https://cdn.shopify.com/s/files/1/0912/9351/6071/files/img_c8ebba50_20240115_i1705306889_4463_5_jpg_b0464762-efda-45dd-a278-a22420d246c6.jpg?v=1759130674|https://cdn.shopify.com/s/files/1/0912/9351/6071/files/img_c8ebba50_20240115_i1705306889_4989_7_jpg_ab786854-9e5f-4a29-b1db-fcf0597a7085.jpg?v=1759130674|https://cdn.shopify.com/s/files/1/0912/9351/6071/files/img_c8ebba50_20240115_i1705306889_2892_1_jpg_5b79e494-a16a-42ef-b3ea-270a580e77b9.jpg?v=1759130674,Hi I want RIVE GAUCHE BACKPACK 49 IN BLACK MIX WHITE CANVAS,
RIVE GAUCHE BUCKET BAG 23 IN WHITE CALFSKIN,https://cdn.shopify.com/s/files/1/0912/9351/6071/files/img_c8ebba50_20240115_i1705305902_9372_0_jpg_5487b648-df4b-4eb4-9de6-ad592318d2fe.jpg?v=1759130684,handbags,ysl,https://cdn.shopify.com/s/files/1/0912/9351/6071/files/img_c8ebba50_20240115_i1705305902_9372_0_jpg_5487b648-df4b-4eb4-9de6-ad592318d2fe.jpg?v=1759130684|https://cdn.shopify.com/s/files/1/0912/9351/6071/files/img_c8ebba50_20240115_i1705305902_1620_6_jpg_8c7dfd2d-f42d-41e8-9728-b79860903285.jpg?v=1759130684|https://cdn.shopify.com/s/files/1/0912/9351/6071/files/img_c8ebba50_20240115_i1705305902_3413_7_jpg_d13c7a5c-b9ab-4691-a2c8-c9bd78ddea11.jpg?v=1759130684|https://cdn.shopify.com/s/files/1/0912/9351/6071/files/img_c8ebba50_20240115_i1705305902_4370_8_jpg_f2adca61-a887-4021-919d-79e80a3563c1.jpg?v=1759130684|https://cdn.shopify.com/s/files/1/0912/9351/6071/files/img_c8ebba50_20240115_i1705305902_5144_4_jpg_b495e5db-6916-411b-a9a4-95daacface6e.jpg?v=1759130684|https://cdn.shopify.com/s/files/1/0912/9351/6071/files/img_c8ebba50_20240115_i1705305902_6966_5_jpg_fc036b76-8399-489e-84c5-a751ae8376c5.jpg?v=1759130684|https://cdn.shopify.com/s/files/1/0912/9351/6071/files/img_c8ebba50_20240115_i1705305902_702_1_jpg_1909853f-5bc4-4cfa-b9fa-5a21cfc2d81e.jpg?v=1759130684|https://cdn.shopify.com/s/files/1/0912/9351/6071/files/img_c8ebba50_20240115_i1705305902_734_2_jpg_534ddb46-7dc2-4c10-adae-f8041357ca05.jpg?v=1759130684|https://cdn.shopify.com/s/files/1/0912/9351/6071/files/img_c8ebba50_20240115_i1705305902_3245_3_jpg_c8a53e1a-3523-450e-8a21-37524e9488e5.jpg?v=1759130684,Hi I want RIVE GAUCHE BUCKET BAG 23 IN WHITE CALFSKIN,
RIVE GAUCHE BACKPACK 49 IN BLACK CALFSKIN,https://cdn.shopify.com/s/files/1/0912/9351/6071/files/img_c8ebba50_20240115_i1705306208_9955_0_jpg_fbe8ebf7-4e00-4008-9d83-c729ce6481fb.jpg?v=1759130694,handbags,ysl,https://cdn.shopify.com/s/files/1/0912/9351/6071/files/img_c8ebba50_20240115_i1705306208_9955_0_jpg_fbe8ebf7-4e00-4008-9d83-c729ce6481fb.jpg?v=1759130694|https://cdn.shopify.com/s/files/1/0912/9351/6071/files/img_c8ebba50_20240115_i1705306208_333_3_jpg_5e819a1b-a6f8-4fca-92e0-19a602228b76.jpg?v=1759130694|https://cdn.shopify.com/s/files/1/0912/9351/6071/files/img_c8ebba50_20240115_i1705306208_335_6_jpg_3ef36283-6b3c-4f15-80f2-16d98c83374b.jpg?v=1759130694|https://cdn.shopify.com/s/files/1/0912/9351/6071/files/img_c8ebba50_20240115_i1705306208_4192_1_jpg_0101c2bf-79bb-4463-86d5-9692f0b16eec.jpg?v=1759130694|https://cdn.shopify.com/s/files/1/0912/9351/6071/files/img_c8ebba50_20240115_i1705306208_7372_4_jpg_5fcee796-c147-4380-b3dd-97f5648c0249.jpg?v=1759130694|https://cdn.shopify.com/s/files/1/0912/9351/6071/files/img_c8ebba50_20240115_i1705306208_7402_5_jpg_c6d22707-2996-4e4f-a56d-2a72ca045840.jpg?v=1759130694|https://cdn.shopify.com/s/files/1/0912/9351/6071/files/img_c8ebba50_20240115_i1705306208_8359_2_jpg_7bf90d92-ade1-4bd6-9fd5-8079aea7d90b.jpg?v=1759130694|https://cdn.shopify.com/s/files/1/0912/9351/6071/files/img_c8ebba50_20240115_i1705306208_8437_7_jpg_dbf609b8-731f-4a9b-8849-4b793fc9c849.jpg?v=1759130694|https://cdn.shopify.com/s/files/1/0912/9351/6071/files/img_c8ebba50_20240115_i1705306208_8984_8_jpg_0f366d7c-b5cf-430a-aa3d-ff9c0a200846.jpg?v=1759130694,Hi I want RIVE GAUCHE BACKPACK 49 IN BLACK CALFSKIN,
NIKI SHOPPING BAG 33 IN LIGHT BROWN CRUMPLED CALFSKIN,https://cdn.shopify.com/s/files/1/0912/9351/6071/files/img_f8c0bdc9_20240905_i1725524835_289_7_jpg_63f9656f-f29a-4ee5-ba94-3dbcb1180f60.jpg?v=1759130704,handbags,ysl,https://cdn.shopify.com/s/files/1/0912/9351/6071/files/img_f8c0bdc9_20240905_i1725524835_289_7_jpg_63f9656f-f29a-4ee5-ba94-3dbcb1180f60.jpg?v=1759130704|https://cdn.shopify.com/s/files/1/0912/9351/6071/files/img_f8c0bdc9_20240905_i1725524835_563_5_jpg_25b50736-8325-4284-a8e5-39aa8230c22f.jpg?v=1759130704|https://cdn.shopify.com/s/files/1/0912/9351/6071/files/img_f8c0bdc9_20240905_i1725524835_1702_4_jpg_bdbd9249-f50a-4d35-847c-3ce4f5ecb68b.jpg?v=1759130704|https://cdn.shopify.com/s/files/1/0912/9351/6071/files/img_f8c0bdc9_20240905_i1725524835_3042_1_jpg_1707a7d4-a739-454f-b4ad-384a7c0b1167.jpg?v=1759130704|https://cdn.shopify.com/s/files/1/0912/9351/6071/files/img_f8c0bdc9_20240905_i1725524835_3958_2_jpg_5054ac8b-98fd-463c-a030-4a9a9bc577ef.jpg?v=1759130704|https://cdn.shopify.com/s/files/1/0912/9351/6071/files/img_f8c0bdc9_20240905_i1725524835_4230_6_jpg_3421ac25-3452-49ec-95b8-226a9b876c01.jpg?v=1759130704|https://cdn.shopify.com/s/files/1/0912/9351/6071/files/img_f8c0bdc9_20240905_i1725524835_5568_0_jpg_f2a5d9bc-f9f9-4719-b92c-5b651397a786.jpg?v=1759130704|https://cdn.shopify.com/s/files/1/0912/9351/6071/files/img_f8c0bdc9_20240905_i1725524835_8755_3_jpg_66549902-f3ea-4e47-8287-a55b96a0176a.jpg?v=1759130704|https://cdn.shopify.com/s/files/1/0912/9351/6071/files/img_f8c0bdc9_20240905_i1725524844_4300_0_jpg_7a2ad5d1-fa06-4dfd-b651-a42d12db1c63.jpg?v=1759130704,Hi I want NIKI SHOPPING BAG 33 IN LIGHT BROWN CRUMPLED CALFSKIN,
NIKI SHOPPING BAG 33 IN GRAY CRUMPLED CALFSKIN,https://cdn.shopify.com/s/files/1/0912/9351/6071/files/img_f8c0bdc9_20240905_i1725525176_6012_7_jpg_175e0622-f33a-48e5-bff4-ce72673aa7df.jpg?v=1759130714,handbags,ysl,https://cdn.shopify.com/s/files/1/0912/9351/6071/files/img_f8c0bdc9_20240905_i1725525176_6012_7_jpg_175e0622-f33a-48e5-bff4-ce72673aa7df.jpg?v=1759130714|https://cdn.shopify.com/s/files/1/0912/9351/6071/files/img_f8c0bdc9_20240905_i1725525176_638_0_jpg_952006e1-782b-4d4b-845f-be046f40e24a.jpg?v=1759130714|https://cdn.shopify.com/s/files/1/0912/9351/6071/files/img_f8c0bdc9_20240905_i1725525176_856_8_jpg_24c2e112-fd52-462f-91cd-6c7188a0f147.jpg?v=1759130714|https://cdn.shopify.com/s/files/1/0912/9351/6071/files/img_f8c0bdc9_20240905_i1725525176_2977_1_jpg_432235f3-7620-43f0-b47f-8b73337749b3.jpg?v=1759130714|https://cdn.shopify.com/s/files/1/0912/9351/6071/files/img_f8c0bdc9_20240905_i1725525176_3051_2_jpg_6758be42-c396-4f18-9aa5-475c592d4f53.jpg?v=1759130714|https://cdn.shopify.com/s/files/1/0912/9351/6071/files/img_f8c0bdc9_20240905_i1725525176_4066_4_jpg_bfc9f651-b0ea-4ab3-b0e6-6ddb2ac31216.jpg?v=1759130714|https://cdn.shopify.com/s/files/1/0912/9351/6071/files/img_f8c0bdc9_20240905_i1725525176_5885_5_jpg_39c6a295-8516-4195-ad50-630aa8e3aad7.jpg?v=1759130714|https://cdn.shopify.com/s/files/1/0912/9351/6071/files/img_f8c0bdc9_20240905_i1725525176_8927_3_jpg_705bacb1-b49f-4174-9253-f3a2d6ccb9e0.jpg?v=1759130714|https://cdn.shopify.com/s/files/1/0912/9351/6071/files/img_f8c0bdc9_20240905_i1725525176_9454_6_jpg_1e033e77-8973-4299-9292-938b2ed5e495.jpg?v=1759130714,Hi I want NIKI SHOPPING BAG 33 IN GRAY CRUMPLED CALFSKIN,
NIKI SHOPPING BAG 33 IN WHITE CRUMPLED CALFSKIN,https://cdn.shopify.com/s/files/1/0912/9351/6071/files/img_f8c0bdc9_20240905_i1725525420_9949_8_jpg.jpg?v=1782294832,handbags,ysl,https://cdn.shopify.com/s/files/1/0912/9351/6071/files/img_f8c0bdc9_20240905_i1725525420_9949_8_jpg.jpg?v=1782294832|https://cdn.shopify.com/s/files/1/0912/9351/6071/files/img_f8c0bdc9_20240905_i1725525419_3858_1_jpg.jpg?v=1782294833|https://cdn.shopify.com/s/files/1/0912/9351/6071/files/img_f8c0bdc9_20240905_i1725525419_7859_0_jpg.jpg?v=1782294832|https://cdn.shopify.com/s/files/1/0912/9351/6071/files/img_f8c0bdc9_20240905_i1725525420_579_7_jpg.jpg?v=1782294833|https://cdn.shopify.com/s/files/1/0912/9351/6071/files/img_f8c0bdc9_20240905_i1725525420_1052_6_jpg.jpg?v=1782294832|https://cdn.shopify.com/s/files/1/0912/9351/6071/files/img_f8c0bdc9_20240905_i1725525420_4745_3_jpg.jpg?v=1782294832|https://cdn.shopify.com/s/files/1/0912/9351/6071/files/img_f8c0bdc9_20240905_i1725525420_6755_5_jpg.jpg?v=1782294832|https://cdn.shopify.com/s/files/1/0912/9351/6071/files/img_f8c0bdc9_20240905_i1725525420_6835_4_jpg.jpg?v=1782294832|https://cdn.shopify.com/s/files/1/0912/9351/6071/files/img_f8c0bdc9_20240905_i1725525420_9903_2_jpg.jpg?v=1782294832,Hi I want NIKI SHOPPING BAG 33 IN WHITE CRUMPLED CALFSKIN,
NIKI SHOPPING BAG 33 IN BLACK CRUMPLED CALFSKIN SILVER HARDWARE,https://cdn.shopify.com/s/files/1/0912/9351/6071/files/img_f8c0bdc9_20240905_i1725526168_2881_6_jpg_f987932d-f679-40b1-bd59-3fac131051fb.jpg?v=1759130734,handbags,ysl,https://cdn.shopify.com/s/files/1/0912/9351/6071/files/img_f8c0bdc9_20240905_i1725526168_2881_6_jpg_f987932d-f679-40b1-bd59-3fac131051fb.jpg?v=1759130734|https://cdn.shopify.com/s/files/1/0912/9351/6071/files/img_f8c0bdc9_20240905_i1725526167_7379_0_jpg_219b597c-8abd-42d3-b4b7-b2d0edd0501a.jpg?v=1759130734|https://cdn.shopify.com/s/files/1/0912/9351/6071/files/img_f8c0bdc9_20240905_i1725526167_8880_1_jpg_49b2642a-439d-4dc6-b53e-1467a92fff37.jpg?v=1759130734|https://cdn.shopify.com/s/files/1/0912/9351/6071/files/img_f8c0bdc9_20240905_i1725526168_6826_3_jpg_e773e431-f786-49b2-89e9-640792861504.jpg?v=1759130734|https://cdn.shopify.com/s/files/1/0912/9351/6071/files/img_f8c0bdc9_20240905_i1725526168_9844_8_jpg_2a559c67-bd17-46ef-92c7-41b9a40c90b2.jpg?v=1759130734|https://cdn.shopify.com/s/files/1/0912/9351/6071/files/img_f8c0bdc9_20240905_i1725526168_17_4_jpg_0ca44c1f-d6f2-496b-9b85-503de5ef553b.jpg?v=1759130734|https://cdn.shopify.com/s/files/1/0912/9351/6071/files/img_f8c0bdc9_20240905_i1725526168_843_2_jpg_2e0113ab-6c7f-4666-a488-92050ea5c6bf.jpg?v=1759130734|https://cdn.shopify.com/s/files/1/0912/9351/6071/files/img_f8c0bdc9_20240905_i1725526168_4189_7_jpg_f76da0ca-d95a-4d1f-84c5-4ac0e257c6ea.jpg?v=1759130734|https://cdn.shopify.com/s/files/1/0912/9351/6071/files/img_f8c0bdc9_20240905_i1725526168_6134_5_jpg_f31a0317-62be-41c8-bf4e-615289bbc417.jpg?v=1759130734,Hi I want NIKI SHOPPING BAG 33 IN BLACK CRUMPLED CALFSKIN SILVER HARDWARE,
NIKI SHOPPING BAG 33 IN ECRU BEIGE SUEDE GOLD HARDWARE,https://cdn.shopify.com/s/files/1/0912/9351/6071/files/img_f8c0bdc9_20240905_i1725526953_679_8_jpg_4c258aa0-6ceb-4f61-b2a8-2e2c5bbf37e6.jpg?v=1759130756,handbags,ysl,https://cdn.shopify.com/s/files/1/0912/9351/6071/files/img_f8c0bdc9_20240905_i1725526953_679_8_jpg_4c258aa0-6ceb-4f61-b2a8-2e2c5bbf37e6.jpg?v=1759130756|https://cdn.shopify.com/s/files/1/0912/9351/6071/files/img_f8c0bdc9_20240905_i1725526952_669_2_jpg_6d3c9dd9-42ea-4d76-b40c-14f931abbcb8.jpg?v=1759130756|https://cdn.shopify.com/s/files/1/0912/9351/6071/files/img_f8c0bdc9_20240905_i1725526952_904_0_jpg_f682c212-14e5-4ca4-8ade-95e13ee20fb4.jpg?v=1759130756|https://cdn.shopify.com/s/files/1/0912/9351/6071/files/img_f8c0bdc9_20240905_i1725526952_6078_1_jpg_868d1faf-9989-483d-8a33-8f56e04cb88e.jpg?v=1759130756|https://cdn.shopify.com/s/files/1/0912/9351/6071/files/img_f8c0bdc9_20240905_i1725526953_355_6_jpg_f3cf30c0-11dd-48c7-99b9-3f025156aa7f.jpg?v=1759130756|https://cdn.shopify.com/s/files/1/0912/9351/6071/files/img_f8c0bdc9_20240905_i1725526953_2626_7_jpg_cd59eb3e-f239-4cec-b6e9-6c6b36b82ace.jpg?v=1759130756|https://cdn.shopify.com/s/files/1/0912/9351/6071/files/img_f8c0bdc9_20240905_i1725526953_5255_4_jpg_a603f258-d880-4b9c-b885-4534d5ea5932.jpg?v=1759130756|https://cdn.shopify.com/s/files/1/0912/9351/6071/files/img_f8c0bdc9_20240905_i1725526953_5359_5_jpg_b833a0c7-1c0d-46e3-a986-f8bfe0e1c4e7.jpg?v=1759130756|https://cdn.shopify.com/s/files/1/0912/9351/6071/files/img_f8c0bdc9_20240905_i1725526953_9441_3_jpg_45a113d5-88b9-4866-9216-64338922f3b6.jpg?v=1759130756,Hi I want NIKI SHOPPING BAG 33 IN ECRU BEIGE SUEDE GOLD HARDWARE,
NIKI SHOPPING BAG 39 IN BLACK CRUMPLED CALFSKIN SILVER HARDWARE,https://cdn.shopify.com/s/files/1/0912/9351/6071/files/img_f8c0bdc9_20240515_i1715776008_1798_3_jpg_1feb5907-69a7-4541-88af-ff1ddaa4573b.jpg?v=1759130767,handbags,ysl,https://cdn.shopify.com/s/files/1/0912/9351/6071/files/img_f8c0bdc9_20240515_i1715776008_1798_3_jpg_1feb5907-69a7-4541-88af-ff1ddaa4573b.jpg?v=1759130767|https://cdn.shopify.com/s/files/1/0912/9351/6071/files/img_f8c0bdc9_20240515_i1715776008_347_4_jpg_fa6d60dd-878f-4b1a-9184-2787b4840df5.jpg?v=1759130767|https://cdn.shopify.com/s/files/1/0912/9351/6071/files/img_f8c0bdc9_20240515_i1715776008_528_2_jpg_a07fe8d2-001a-439d-8ec1-dfc46e4e00d9.jpg?v=1759130767|https://cdn.shopify.com/s/files/1/0912/9351/6071/files/img_f8c0bdc9_20240515_i1715776008_2611_8_jpg_f6d3f92f-0a3d-4c8e-b9f5-ac8ee309aa4e.jpg?v=1759130767|https://cdn.shopify.com/s/files/1/0912/9351/6071/files/img_f8c0bdc9_20240515_i1715776008_3407_0_jpg_a54ab81c-1b63-4593-8de0-77e0510e07f8.jpg?v=1759130767|https://cdn.shopify.com/s/files/1/0912/9351/6071/files/img_f8c0bdc9_20240515_i1715776008_3657_5_jpg_d9af2474-637c-45bb-aa57-c88f8d73a3c5.jpg?v=1759130767|https://cdn.shopify.com/s/files/1/0912/9351/6071/files/img_f8c0bdc9_20240515_i1715776008_6180_1_jpg_d2ab0c33-5387-4f78-85e7-357febbb14e0.jpg?v=1759130767|https://cdn.shopify.com/s/files/1/0912/9351/6071/files/img_f8c0bdc9_20240515_i1715776008_6589_7_jpg_a4759c47-c7dc-474c-ab4d-051c67b09850.jpg?v=1759130767|https://cdn.shopify.com/s/files/1/0912/9351/6071/files/img_f8c0bdc9_20240515_i1715776008_7723_6_jpg_ad0872b2-5641-4daa-9f38-fe9298062c0a.jpg?v=1759130767,Hi I want NIKI SHOPPING BAG 39 IN BLACK CRUMPLED CALFSKIN SILVER HARDWARE,
TRAVEL BAG 42 IN BLACK NYLON AND LEATHER TRIM GOLD HARDWARE,https://cdn.shopify.com/s/files/1/0912/9351/6071/files/img_f8c0bdc9_20240819_i1724053968_4562_0_jpg_141bb75d-dadf-4a3d-8542-cc892ea3a92d.jpg?v=1759130776,handbags,ysl,https://cdn.shopify.com/s/files/1/0912/9351/6071/files/img_f8c0bdc9_20240819_i1724053968_4562_0_jpg_141bb75d-dadf-4a3d-8542-cc892ea3a92d.jpg?v=1759130776|https://cdn.shopify.com/s/files/1/0912/9351/6071/files/img_f8c0bdc9_20240819_i1724053968_3167_5_jpg_e67e0fdc-a05c-4454-a75c-9c83a8d384eb.jpg?v=1759130776|https://cdn.shopify.com/s/files/1/0912/9351/6071/files/img_f8c0bdc9_20240819_i1724053968_4525_7_jpg_d5dbb36a-4c54-42ea-846a-ebaf4209a6ae.jpg?v=1759130776|https://cdn.shopify.com/s/files/1/0912/9351/6071/files/img_f8c0bdc9_20240819_i1724053968_6527_3_jpg_fb2d9a5e-edbe-46ba-bd0a-7ccbcba21812.jpg?v=1759130776|https://cdn.shopify.com/s/files/1/0912/9351/6071/files/img_f8c0bdc9_20240819_i1724053968_6896_1_jpg_6bb04a92-cfc4-4c8e-af71-625c5f0982f0.jpg?v=1759130776|https://cdn.shopify.com/s/files/1/0912/9351/6071/files/img_f8c0bdc9_20240819_i1724053968_7343_6_jpg_a60cb0c6-1a2e-4fd4-a13b-86299440843a.jpg?v=1759130776|https://cdn.shopify.com/s/files/1/0912/9351/6071/files/img_f8c0bdc9_20240819_i1724053968_8122_8_jpg_4f55f765-36a6-4dce-9ff1-957fa4453073.jpg?v=1759130776|https://cdn.shopify.com/s/files/1/0912/9351/6071/files/img_f8c0bdc9_20240819_i1724053968_9077_2_jpg_2d851723-3403-49df-b5a5-bf82f874b62c.jpg?v=1759130776|https://cdn.shopify.com/s/files/1/0912/9351/6071/files/img_f8c0bdc9_20240819_i1724053968_9864_4_jpg_67b2d276-45c9-405e-8474-ad99b34aa24c.jpg?v=1759130776,Hi I want TRAVEL BAG 42 IN BLACK NYLON AND LEATHER TRIM GOLD HARDWARE,
PUFFER SMALL 29 IN RED LAMBSKIN GOLD HARDWARE,https://cdn.shopify.com/s/files/1/0912/9351/6071/files/img_f8c0bdc9_20241029_i1730181990_874_0_jpg.jpg?v=1775297753,handbags,ysl,https://cdn.shopify.com/s/files/1/0912/9351/6071/files/img_f8c0bdc9_20241029_i1730181990_874_0_jpg.jpg?v=1775297753|https://cdn.shopify.com/s/files/1/0912/9351/6071/files/img_f8c0bdc9_20241029_i1730181991_2204_5_jpg.jpg?v=1775297753|https://cdn.shopify.com/s/files/1/0912/9351/6071/files/img_f8c0bdc9_20241029_i1730181991_6313_1_jpg.jpg?v=1775297753|https://cdn.shopify.com/s/files/1/0912/9351/6071/files/img_f8c0bdc9_20241029_i1730181991_7457_3_jpg.jpg?v=1775297753|https://cdn.shopify.com/s/files/1/0912/9351/6071/files/img_f8c0bdc9_20241029_i1730181991_8814_4_jpg.jpg?v=1775297753|https://cdn.shopify.com/s/files/1/0912/9351/6071/files/img_f8c0bdc9_20241029_i1730181991_8867_2_jpg.jpg?v=1775297753|https://cdn.shopify.com/s/files/1/0912/9351/6071/files/img_f8c0bdc9_20241029_i1730181992_8134_6_jpg.jpg?v=1775297753|https://cdn.shopify.com/s/files/1/0912/9351/6071/files/img_f8c0bdc9_20241029_i1730181992_9537_8_jpg.jpg?v=1775297753|https://cdn.shopify.com/s/files/1/0912/9351/6071/files/img_f8c0bdc9_20241029_i1730181992_9954_7_jpg.jpg?v=1775297753,Hi I want PUFFER SMALL 29 IN RED LAMBSKIN GOLD HARDWARE,
PUFFER TOY 23 IN RED LAMBSKIN GOLD HARDWARE,https://cdn.shopify.com/s/files/1/0912/9351/6071/files/img_f8c0bdc9_20241029_i1730182166_9399_3_jpg_c66fb3ea-fef4-45c8-8171-8567cc0ae60d.jpg?v=1759130793,handbags,ysl,https://cdn.shopify.com/s/files/1/0912/9351/6071/files/img_f8c0bdc9_20241029_i1730182166_9399_3_jpg_c66fb3ea-fef4-45c8-8171-8567cc0ae60d.jpg?v=1759130793|https://cdn.shopify.com/s/files/1/0912/9351/6071/files/img_f8c0bdc9_20241029_i1730182166_395_0_jpg_f9fa7c39-d9cd-4a3b-b0c4-5174ec0cfbc9.jpg?v=1759130793|https://cdn.shopify.com/s/files/1/0912/9351/6071/files/img_f8c0bdc9_20241029_i1730182166_527_2_jpg_a333061f-51d6-4e40-931f-1e6fe21d9ee5.jpg?v=1759130793|https://cdn.shopify.com/s/files/1/0912/9351/6071/files/img_f8c0bdc9_20241029_i1730182166_1217_8_jpg_6b853fe3-3036-4f01-99eb-713aaecc1425.jpg?v=1759130793|https://cdn.shopify.com/s/files/1/0912/9351/6071/files/img_f8c0bdc9_20241029_i1730182166_2219_6_jpg_6638d2ed-0a59-45cc-adb4-5f0314531b81.jpg?v=1759130793|https://cdn.shopify.com/s/files/1/0912/9351/6071/files/img_f8c0bdc9_20241029_i1730182166_5563_7_jpg_3eb9c664-f2c6-40c5-8d53-e3b402200dd1.jpg?v=1759130793|https://cdn.shopify.com/s/files/1/0912/9351/6071/files/img_f8c0bdc9_20241029_i1730182166_7232_5_jpg_f7ce40f4-fc81-4fae-894c-9e64097b5ded.jpg?v=1759130793|https://cdn.shopify.com/s/files/1/0912/9351/6071/files/img_f8c0bdc9_20241029_i1730182166_7842_4_jpg_84faea58-d19d-4bf5-bf33-32949e681be1.jpg?v=1759130793|https://cdn.shopify.com/s/files/1/0912/9351/6071/files/img_f8c0bdc9_20241029_i1730182181_5828_0_jpg_272d9bcf-c526-4217-9367-ee53a7e67ded.jpg?v=1759130793,Hi I want PUFFER TOY 23 IN RED LAMBSKIN GOLD HARDWARE,
LE 5 À 7 LARGE BAG 31 IN BERRY BLUE LAMBSKIN,https://cdn.shopify.com/s/files/1/0912/9351/6071/files/img_f8c0bdc9_20241029_i1730184542_8672_4_jpg_61226356-c509-4d6c-bea6-b96ac8d73805.jpg?v=1759130802,handbags,ysl,https://cdn.shopify.com/s/files/1/0912/9351/6071/files/img_f8c0bdc9_20241029_i1730184542_8672_4_jpg_61226356-c509-4d6c-bea6-b96ac8d73805.jpg?v=1759130802|https://cdn.shopify.com/s/files/1/0912/9351/6071/files/img_f8c0bdc9_20241029_i1730184541_7095_2_jpg_f3e16687-9867-4173-95e4-5c45dd4de023.jpg?v=1759130802|https://cdn.shopify.com/s/files/1/0912/9351/6071/files/img_f8c0bdc9_20241029_i1730184541_9296_1_jpg_a0a19b99-d5b0-4e02-8c90-34295747b7bf.jpg?v=1759130802|https://cdn.shopify.com/s/files/1/0912/9351/6071/files/img_f8c0bdc9_20241029_i1730184541_9627_0_jpg_95d771f3-ad9d-4def-b1ba-b77420314d57.jpg?v=1759130802|https://cdn.shopify.com/s/files/1/0912/9351/6071/files/img_f8c0bdc9_20241029_i1730184542_1741_5_jpg_18e8bd7a-27b5-49c6-80c7-9cc6d5169132.jpg?v=1759130802|https://cdn.shopify.com/s/files/1/0912/9351/6071/files/img_f8c0bdc9_20241029_i1730184542_3450_6_jpg_f5304f7c-e7bf-4654-bec4-d76f11ec8055.jpg?v=1759130802|https://cdn.shopify.com/s/files/1/0912/9351/6071/files/img_f8c0bdc9_20241029_i1730184542_4920_3_jpg_2246aa46-1320-406d-b9e7-b855ea60fd10.jpg?v=1759130802|https://cdn.shopify.com/s/files/1/0912/9351/6071/files/img_f8c0bdc9_20241029_i1730184542_9509_8_jpg_3dfa1f8c-ef7e-4f4c-bd52-2f9fbee08335.jpg?v=1759130802|https://cdn.shopify.com/s/files/1/0912/9351/6071/files/img_f8c0bdc9_20241029_i1730184558_345_0_jpg_7641c902-6828-4225-acf8-e28b0a2d35bb.jpg?v=1759130802,Hi I want LE 5 À 7 LARGE BAG 31 IN BERRY BLUE LAMBSKIN,
LE 5 À 7 SMALL SUPPLE 23 IN CIDER BROWN LIZARD-EMBOSSED CALFSKIN,https://cdn.shopify.com/s/files/1/0912/9351/6071/files/img_f8c0bdc9_20241029_i1730185209_657_4_jpg_065f526b-763e-4519-b28c-fc6f2076db54.jpg?v=1759130811,handbags,ysl,https://cdn.shopify.com/s/files/1/0912/9351/6071/files/img_f8c0bdc9_20241029_i1730185209_657_4_jpg_065f526b-763e-4519-b28c-fc6f2076db54.jpg?v=1759130811|https://cdn.shopify.com/s/files/1/0912/9351/6071/files/img_f8c0bdc9_20241029_i1730185209_552_5_jpg_2fe07d11-1ea8-41fe-9971-7217ccae8eb7.jpg?v=1759130811|https://cdn.shopify.com/s/files/1/0912/9351/6071/files/img_f8c0bdc9_20241029_i1730185209_4565_3_jpg_d46a6f25-e579-4818-8bce-4f397f1a2f2b.jpg?v=1759130811|https://cdn.shopify.com/s/files/1/0912/9351/6071/files/img_f8c0bdc9_20241029_i1730185209_7707_6_jpg_46c11a32-181e-403f-8137-ecdbb8e3419e.jpg?v=1759130811|https://cdn.shopify.com/s/files/1/0912/9351/6071/files/img_f8c0bdc9_20241029_i1730185209_7813_8_jpg_6d7509a5-ff15-42a8-b49a-570e71d694bb.jpg?v=1759130811|https://cdn.shopify.com/s/files/1/0912/9351/6071/files/img_f8c0bdc9_20241029_i1730185209_8404_2_jpg_55bf844e-ee3c-491a-bbdf-02430c2e307c.jpg?v=1759130811|https://cdn.shopify.com/s/files/1/0912/9351/6071/files/img_f8c0bdc9_20241029_i1730185209_9269_1_jpg_f3c5a3f6-b755-416d-9dfd-47cca35155a6.jpg?v=1759130811|https://cdn.shopify.com/s/files/1/0912/9351/6071/files/img_f8c0bdc9_20241029_i1730185209_9681_7_jpg_e87e0a89-5912-45da-a51c-c6d724fbd145.jpg?v=1759130811|https://cdn.shopify.com/s/files/1/0912/9351/6071/files/img_f8c0bdc9_20241029_i1730185209_9970_0_jpg_86af17e0-83b5-45d2-bc64-0e3a7872c844.jpg?v=1759130811,Hi I want LE 5 À 7 SMALL SUPPLE 23 IN CIDER BROWN LIZARD-EMBOSSED CALFSKIN,
TANGER HOBO BAG 27 IN BLACK CALFSKIN,https://cdn.shopify.com/s/files/1/0912/9351/6071/files/img_f8c0bdc9_20241029_i1730186461_3092_1_jpg_122630fc-2617-4416-a159-8bd1d8d6e7b1.jpg?v=1759130828,handbags,ysl,https://cdn.shopify.com/s/files/1/0912/9351/6071/files/img_f8c0bdc9_20241029_i1730186461_3092_1_jpg_122630fc-2617-4416-a159-8bd1d8d6e7b1.jpg?v=1759130828|https://cdn.shopify.com/s/files/1/0912/9351/6071/files/img_f8c0bdc9_20241029_i1730186451_1259_0_jpg_851577dc-6caa-4094-ac66-4e952509a636.jpg?v=1759130828|https://cdn.shopify.com/s/files/1/0912/9351/6071/files/img_f8c0bdc9_20241029_i1730186451_5610_4_jpg_226942e0-4a7f-4f89-8d5a-a92031f9995a.jpg?v=1759130828|https://cdn.shopify.com/s/files/1/0912/9351/6071/files/img_f8c0bdc9_20241029_i1730186451_7288_1_jpg_13672172-3540-4617-ab79-d0b8bec5d1ad.jpg?v=1759130828|https://cdn.shopify.com/s/files/1/0912/9351/6071/files/img_f8c0bdc9_20241029_i1730186451_8868_3_jpg_b979595c-373d-4ff6-a80b-df5e2ab1b374.jpg?v=1759130828|https://cdn.shopify.com/s/files/1/0912/9351/6071/files/img_f8c0bdc9_20241029_i1730186452_1152_8_jpg_c0a77193-5f98-446f-94c7-57dbe0e8d769.jpg?v=1759130828|https://cdn.shopify.com/s/files/1/0912/9351/6071/files/img_f8c0bdc9_20241029_i1730186452_6927_7_jpg_0db25626-ab50-41e0-a348-5ac77470fdee.jpg?v=1759130828|https://cdn.shopify.com/s/files/1/0912/9351/6071/files/img_f8c0bdc9_20241029_i1730186452_7623_5_jpg_4a195256-5173-4ea8-9ffc-3329f7af7991.jpg?v=1759130828|https://cdn.shopify.com/s/files/1/0912/9351/6071/files/img_f8c0bdc9_20241029_i1730186461_907_0_jpg_a31053db-9708-45aa-816f-3de1016f6f79.jpg?v=1759130828,Hi I want TANGER HOBO BAG 27 IN BLACK CALFSKIN,
TANGER HOBO BAG 27 IN PEANUT BROWN SUEDE,https://cdn.shopify.com/s/files/1/0912/9351/6071/files/img_f8c0bdc9_20241029_i1730187283_8497_4_jpg_a2f53218-5597-4983-8ba0-7b5bc23a5095.jpg?v=1759130837,handbags,ysl,https://cdn.shopify.com/s/files/1/0912/9351/6071/files/img_f8c0bdc9_20241029_i1730187283_8497_4_jpg_a2f53218-5597-4983-8ba0-7b5bc23a5095.jpg?v=1759130837|https://cdn.shopify.com/s/files/1/0912/9351/6071/files/img_f8c0bdc9_20241029_i1730187283_485_2_jpg_372b96df-a354-47f0-971e-12c931323217.jpg?v=1759130837|https://cdn.shopify.com/s/files/1/0912/9351/6071/files/img_f8c0bdc9_20241029_i1730187283_2630_5_jpg_0e7bfa4d-e154-4ca1-9f72-ad9153741f45.jpg?v=1759130837|https://cdn.shopify.com/s/files/1/0912/9351/6071/files/img_f8c0bdc9_20241029_i1730187283_4719_7_jpg_18471dcf-8ea5-40aa-bb65-1ac47292c8bc.jpg?v=1759130837|https://cdn.shopify.com/s/files/1/0912/9351/6071/files/img_f8c0bdc9_20241029_i1730187283_5065_6_jpg_16b57807-d6c2-4372-8d8b-b9f00a0cbf93.jpg?v=1759130837|https://cdn.shopify.com/s/files/1/0912/9351/6071/files/img_f8c0bdc9_20241029_i1730187283_6294_3_jpg_c9527f48-5ffe-43e5-8dff-5128ed5b309c.jpg?v=1759130837|https://cdn.shopify.com/s/files/1/0912/9351/6071/files/img_f8c0bdc9_20241029_i1730187283_7044_1_jpg_6f2c7207-b8a3-4ee2-a394-d2390440a8fd.jpg?v=1759130837|https://cdn.shopify.com/s/files/1/0912/9351/6071/files/img_f8c0bdc9_20241029_i1730187284_6379_8_jpg_d0532133-6265-4a47-bac6-a5ef1ed6350f.jpg?v=1759130837|https://cdn.shopify.com/s/files/1/0912/9351/6071/files/img_f8c0bdc9_20241029_i1730187303_7968_0_jpg_a9bc47fb-0e57-4d42-8668-5afb11b144e8.jpg?v=1759130838,Hi I want TANGER HOBO BAG 27 IN PEANUT BROWN SUEDE,
LE 5 À 7 MINI BAG 19 IN CHOCOLATE PATENT CALFSKIN GOLD LOGO,https://cdn.shopify.com/s/files/1/0912/9351/6071/files/img_f8c0bdc9_20241030_i1730267130_7094_0_jpg_20e74b78-ab0c-4dd7-8416-20ac4f65eb67.jpg?v=1759130851,handbags,ysl,https://cdn.shopify.com/s/files/1/0912/9351/6071/files/img_f8c0bdc9_20241030_i1730267130_7094_0_jpg_20e74b78-ab0c-4dd7-8416-20ac4f65eb67.jpg?v=1759130851|https://cdn.shopify.com/s/files/1/0912/9351/6071/files/img_f8c0bdc9_20241030_i1730267130_1423_2_jpg_ad21a077-4ac6-40b6-b2f6-0dee94161789.jpg?v=1759130851|https://cdn.shopify.com/s/files/1/0912/9351/6071/files/img_f8c0bdc9_20241030_i1730267130_1723_6_jpg_f4cae5d6-f700-4708-9e45-b3eb2bc24b33.jpg?v=1759130851|https://cdn.shopify.com/s/files/1/0912/9351/6071/files/img_f8c0bdc9_20241030_i1730267130_1740_7_jpg_9cea7dad-a82d-4196-83a8-f0bce4e7efe6.jpg?v=1759130851|https://cdn.shopify.com/s/files/1/0912/9351/6071/files/img_f8c0bdc9_20241030_i1730267130_2271_4_jpg_d6b9f099-3cd8-40c4-b414-be4fbb540182.jpg?v=1759130851|https://cdn.shopify.com/s/files/1/0912/9351/6071/files/img_f8c0bdc9_20241030_i1730267130_3167_3_jpg_65a128a2-9b65-4c93-8c88-695ca7ecc259.jpg?v=1759130851|https://cdn.shopify.com/s/files/1/0912/9351/6071/files/img_f8c0bdc9_20241030_i1730267130_5149_8_jpg_b3d92cd1-85a7-4e39-b8b6-ee95c5d4f6f9.jpg?v=1759130851|https://cdn.shopify.com/s/files/1/0912/9351/6071/files/img_f8c0bdc9_20241030_i1730267130_5457_5_jpg_ff9d3e22-afc9-4d60-ab88-cbd42393f5ac.jpg?v=1759130851|https://cdn.shopify.com/s/files/1/0912/9351/6071/files/img_f8c0bdc9_20241030_i1730267130_5873_1_jpg_9b18e6e5-cc7b-4d4a-bed0-34c3cebcfc50.jpg?v=1759130851,Hi I want LE 5 À 7 MINI BAG 19 IN CHOCOLATE PATENT CALFSKIN GOLD LOGO,
ENVELOPE CHAIN BAG 23 IN BLACK ELEPHANT TEXTURE LAMBSKIN SILVER LOGO,https://cdn.shopify.com/s/files/1/0912/9351/6071/files/img_f8c0bdc9_20240730_i1722322349_2476_1_jpg_08f4870c-58ce-4416-a552-c4ce0a47b65f.jpg?v=1759130861,handbags,ysl,https://cdn.shopify.com/s/files/1/0912/9351/6071/files/img_f8c0bdc9_20240730_i1722322349_2476_1_jpg_08f4870c-58ce-4416-a552-c4ce0a47b65f.jpg?v=1759130861|https://cdn.shopify.com/s/files/1/0912/9351/6071/files/img_f8c0bdc9_20240730_i1722322349_7006_3_jpg_519574a3-f5b0-4d06-a8d1-2da91eb44b20.jpg?v=1759130861|https://cdn.shopify.com/s/files/1/0912/9351/6071/files/img_f8c0bdc9_20240730_i1722322349_7360_5_jpg_8d41c650-663c-4a83-b1dc-fe4990fae3b2.jpg?v=1759130861|https://cdn.shopify.com/s/files/1/0912/9351/6071/files/img_f8c0bdc9_20240730_i1722322349_7593_0_jpg_b0fe6bc1-ece4-467f-9fb9-cd6e39e58b81.jpg?v=1759130861|https://cdn.shopify.com/s/files/1/0912/9351/6071/files/img_f8c0bdc9_20240730_i1722322349_8562_4_jpg_5a957da6-4c11-4339-a4c5-f56fcfa7e188.jpg?v=1759130861|https://cdn.shopify.com/s/files/1/0912/9351/6071/files/img_f8c0bdc9_20240730_i1722322349_8922_2_jpg_f94a3a0e-2aa1-409c-9146-4e576ab35903.jpg?v=1759130861|https://cdn.shopify.com/s/files/1/0912/9351/6071/files/img_f8c0bdc9_20240730_i1722322350_203_7_jpg_44ffb619-a008-45a9-9424-afae173d155d.jpg?v=1759130861|https://cdn.shopify.com/s/files/1/0912/9351/6071/files/img_f8c0bdc9_20240730_i1722322350_9074_8_jpg_b04dbf34-ac23-4f4d-957b-5f6631e7a24f.jpg?v=1759130861|https://cdn.shopify.com/s/files/1/0912/9351/6071/files/img_f8c0bdc9_20240730_i1722322350_9138_6_jpg_c7fb7c36-71bf-4e3a-84f5-d3b723925475.jpg?v=1759130861,Hi I want ENVELOPE CHAIN BAG 23 IN BLACK ELEPHANT TEXTURE LAMBSKIN SILVER LOGO,
NIKI BABY 22 IN UNIFORM GREEN LAMBSKIN SILVER LOGO,https://cdn.shopify.com/s/files/1/0912/9351/6071/files/img_f8c0bdc9_20240807_i1723012371_2344_1_jpg_21befc08-fd3b-4069-86a9-a9a516b1bbfc.jpg?v=1759130871,handbags,ysl,https://cdn.shopify.com/s/files/1/0912/9351/6071/files/img_f8c0bdc9_20240807_i1723012371_2344_1_jpg_21befc08-fd3b-4069-86a9-a9a516b1bbfc.jpg?v=1759130871|https://cdn.shopify.com/s/files/1/0912/9351/6071/files/img_f8c0bdc9_20240807_i1723012371_949_5_jpg_67ecf0af-4e47-4fc4-9305-f5bc3ead7927.jpg?v=1759130871|https://cdn.shopify.com/s/files/1/0912/9351/6071/files/img_f8c0bdc9_20240807_i1723012371_3540_7_jpg_42eb0e61-7062-4b56-bf65-eee036749f6d.jpg?v=1759130871|https://cdn.shopify.com/s/files/1/0912/9351/6071/files/img_f8c0bdc9_20240807_i1723012371_4750_0_jpg_684c1be6-bf7b-4e59-b2e6-e79c930a162d.jpg?v=1759130871|https://cdn.shopify.com/s/files/1/0912/9351/6071/files/img_f8c0bdc9_20240807_i1723012371_5326_4_jpg_c603603a-3e37-4bb8-8479-3d6ddf45b78e.jpg?v=1759130871|https://cdn.shopify.com/s/files/1/0912/9351/6071/files/img_f8c0bdc9_20240807_i1723012371_5667_8_jpg_1261fb23-43a5-4382-b0ad-a0906df22b0c.jpg?v=1759130871|https://cdn.shopify.com/s/files/1/0912/9351/6071/files/img_f8c0bdc9_20240807_i1723012371_6532_2_jpg_c43836a1-2cdb-4c08-957c-d197960c4af3.jpg?v=1759130871|https://cdn.shopify.com/s/files/1/0912/9351/6071/files/img_f8c0bdc9_20240807_i1723012371_9445_3_jpg_150b9c05-46e5-4d5e-9338-c5dd6ce49a28.jpg?v=1759130871|https://cdn.shopify.com/s/files/1/0912/9351/6071/files/img_f8c0bdc9_20240807_i1723012371_9702_6_jpg_d30e4493-663c-4ec4-99a3-942c31247711.jpg?v=1759130871,Hi I want NIKI BABY 22 IN UNIFORM GREEN LAMBSKIN SILVER LOGO,
NIKI BABY 22 IN BLACK CALFSKIN GOLD LOGO,https://cdn.shopify.com/s/files/1/0912/9351/6071/files/img_f8c0bdc9_20240730_i1722324017_7922_3_jpg_f2ee2a68-63d6-4f10-a92b-4c0237a8c33d.jpg?v=1759130881,handbags,ysl,https://cdn.shopify.com/s/files/1/0912/9351/6071/files/img_f8c0bdc9_20240730_i1722324017_7922_3_jpg_f2ee2a68-63d6-4f10-a92b-4c0237a8c33d.jpg?v=1759130881|https://cdn.shopify.com/s/files/1/0912/9351/6071/files/img_f8c0bdc9_20240730_i1722324017_224_1_jpg_630c3023-d6cc-4497-9584-a9f1da873b58.jpg?v=1759130881|https://cdn.shopify.com/s/files/1/0912/9351/6071/files/img_f8c0bdc9_20240730_i1722324017_3157_4_jpg_c8f9bdaa-f917-4f7c-9821-14170fdf4994.jpg?v=1759130881|https://cdn.shopify.com/s/files/1/0912/9351/6071/files/img_f8c0bdc9_20240730_i1722324017_3625_0_jpg_c141b5d9-96ca-437b-9cf9-9f23793292f3.jpg?v=1759130881|https://cdn.shopify.com/s/files/1/0912/9351/6071/files/img_f8c0bdc9_20240730_i1722324017_4262_7_jpg_b110e521-6bfb-4a93-a98a-c4c31590acfa.jpg?v=1759130881|https://cdn.shopify.com/s/files/1/0912/9351/6071/files/img_f8c0bdc9_20240730_i1722324017_6329_2_jpg_13c0f1ca-75db-43bf-a05d-b11cc94497e7.jpg?v=1759130881|https://cdn.shopify.com/s/files/1/0912/9351/6071/files/img_f8c0bdc9_20240730_i1722324017_8600_5_jpg_9bd87fde-d18b-4f03-af28-c27199b2db48.jpg?v=1759130881|https://cdn.shopify.com/s/files/1/0912/9351/6071/files/img_f8c0bdc9_20240730_i1722324017_2658_8_jpg_c843e79d-4fd4-415b-b9a9-cdc2dfc4b970.jpg?v=1759130881|https://cdn.shopify.com/s/files/1/0912/9351/6071/files/img_f8c0bdc9_20240730_i1722324017_6492_6_jpg_178d4f55-95d3-4586-af3a-6555f9e1d9ad.jpg?v=1759130881,Hi I want NIKI BABY 22 IN BLACK CALFSKIN GOLD LOGO,
LE 5 À 7 SMALL SUPPLE 23 IN LEOPARD PRINT CALFSKIN,https://cdn.shopify.com/s/files/1/0912/9351/6071/files/img_f8c0bdc9_20240730_i1722325607_7086_1_jpg_9268e90c-b1cf-40b3-9952-e2e4df0dd2f5.jpg?v=1759130900,handbags,ysl,https://cdn.shopify.com/s/files/1/0912/9351/6071/files/img_f8c0bdc9_20240730_i1722325607_7086_1_jpg_9268e90c-b1cf-40b3-9952-e2e4df0dd2f5.jpg?v=1759130900|https://cdn.shopify.com/s/files/1/0912/9351/6071/files/img_f8c0bdc9_20240730_i1722325607_995_3_jpg_cbd7aca3-7af3-4d3c-a3c0-bbf4d7756585.jpg?v=1759130901|https://cdn.shopify.com/s/files/1/0912/9351/6071/files/img_f8c0bdc9_20240730_i1722325607_612_7_jpg_b5d9c74b-91ee-4409-b7e0-b082cb6307a6.jpg?v=1759130901|https://cdn.shopify.com/s/files/1/0912/9351/6071/files/img_f8c0bdc9_20240730_i1722325607_3012_5_jpg_b2603572-4b71-4a84-a412-4591e8de9c85.jpg?v=1759130901|https://cdn.shopify.com/s/files/1/0912/9351/6071/files/img_f8c0bdc9_20240730_i1722325607_3236_6_jpg_9bda0e36-f7f7-4ebd-b868-d05656beb19a.jpg?v=1759130901|https://cdn.shopify.com/s/files/1/0912/9351/6071/files/img_f8c0bdc9_20240730_i1722325607_3678_2_jpg_de363c83-4869-4ae8-9c31-62eb30c1bd88.jpg?v=1759130901|https://cdn.shopify.com/s/files/1/0912/9351/6071/files/img_f8c0bdc9_20240730_i1722325607_4040_4_jpg_49f46dcb-f301-4f91-b850-0df0076d24b1.jpg?v=1759130901|https://cdn.shopify.com/s/files/1/0912/9351/6071/files/img_f8c0bdc9_20240730_i1722325607_6337_0_jpg_29336efe-7a4a-420c-8746-9afdfd29dadc.jpg?v=1759130901|https://cdn.shopify.com/s/files/1/0912/9351/6071/files/img_f8c0bdc9_20240730_i1722325607_7558_8_jpg_ef413ecd-c806-4721-8783-e3ca35a5fcb6.jpg?v=1759130901,Hi I want LE 5 À 7 SMALL SUPPLE 23 IN LEOPARD PRINT CALFSKIN,
NIKI MEDIUM 28 IN LEOPARD PRINT CALFSKIN AND BROWN SUEDE TRIM,https://cdn.shopify.com/s/files/1/0912/9351/6071/files/img_f8c0bdc9_20240916_i1726471870_5295_7_jpg_273a15d4-9f3d-40ab-973f-edcdc9cf0bb8.jpg?v=1759130911,handbags,ysl,https://cdn.shopify.com/s/files/1/0912/9351/6071/files/img_f8c0bdc9_20240916_i1726471870_5295_7_jpg_273a15d4-9f3d-40ab-973f-edcdc9cf0bb8.jpg?v=1759130911|https://cdn.shopify.com/s/files/1/0912/9351/6071/files/img_f8c0bdc9_20240916_i1726471870_394_3_jpg_46951718-2e88-4873-aeaa-0f451f866e85.jpg?v=1759130911|https://cdn.shopify.com/s/files/1/0912/9351/6071/files/img_f8c0bdc9_20240916_i1726471870_565_8_jpg_d0583b69-e7a5-4c5d-bacb-fb92a75d0ef0.jpg?v=1759130911|https://cdn.shopify.com/s/files/1/0912/9351/6071/files/img_f8c0bdc9_20240916_i1726471870_5936_1_jpg_39e0ebd9-593a-4fa2-acab-ffa84a4be6ac.jpg?v=1759130911|https://cdn.shopify.com/s/files/1/0912/9351/6071/files/img_f8c0bdc9_20240916_i1726471870_7350_0_jpg_e5551e32-3f5b-4bed-967f-11ef79c64489.jpg?v=1759130911|https://cdn.shopify.com/s/files/1/0912/9351/6071/files/img_f8c0bdc9_20240916_i1726471870_7718_5_jpg_2c0508b4-d5ee-4efa-afdd-4867b2e37969.jpg?v=1759130911|https://cdn.shopify.com/s/files/1/0912/9351/6071/files/img_f8c0bdc9_20240916_i1726471870_8575_4_jpg_4dfd94d0-c6c4-4ce0-a299-9bf8754651d8.jpg?v=1759130911|https://cdn.shopify.com/s/files/1/0912/9351/6071/files/img_f8c0bdc9_20240916_i1726471870_9359_2_jpg_21d3daab-22fe-45bf-bdf5-cd2fca5dc176.jpg?v=1759130911|https://cdn.shopify.com/s/files/1/0912/9351/6071/files/img_f8c0bdc9_20240916_i1726471870_9649_6_jpg_5c03ba86-d671-44be-9a53-8d6c57ea8226.jpg?v=1759130911,Hi I want NIKI MEDIUM 28 IN LEOPARD PRINT CALFSKIN AND BROWN SUEDE TRIM,
JAMIE 4.3 MINI BAG 20 IN BLACK LAMBSKIN GLOD HARDWARE,https://cdn.shopify.com/s/files/1/0912/9351/6071/files/img_f8c0bdc9_20240113_i1705139161_3908_0_jpg_459c9849-88f9-4d41-aa06-3773c5a0e4a6.jpg?v=1759130930,handbags,ysl,https://cdn.shopify.com/s/files/1/0912/9351/6071/files/img_f8c0bdc9_20240113_i1705139161_3908_0_jpg_459c9849-88f9-4d41-aa06-3773c5a0e4a6.jpg?v=1759130930|https://cdn.shopify.com/s/files/1/0912/9351/6071/files/img_f8c0bdc9_20240113_i1705139161_608_7_jpg_4df5a0f8-c0df-463b-acbb-9a8fa363d4f1.jpg?v=1759130930|https://cdn.shopify.com/s/files/1/0912/9351/6071/files/img_f8c0bdc9_20240113_i1705139161_1171_2_jpg_60bf8eca-eea3-4c77-9da3-19ffc919aa2b.jpg?v=1759130930|https://cdn.shopify.com/s/files/1/0912/9351/6071/files/img_f8c0bdc9_20240113_i1705139161_4774_8_jpg_2ecbc252-e4e7-4254-ad78-af8a8d1bd798.jpg?v=1759130930|https://cdn.shopify.com/s/files/1/0912/9351/6071/files/img_f8c0bdc9_20240113_i1705139161_5720_4_jpg_8dde06f5-1116-4a11-9d4a-eb7e5ca1936e.jpg?v=1759130931|https://cdn.shopify.com/s/files/1/0912/9351/6071/files/img_f8c0bdc9_20240113_i1705139161_6370_6_jpg_491da17b-e986-4e75-b44a-4a2aef72625d.jpg?v=1759130931|https://cdn.shopify.com/s/files/1/0912/9351/6071/files/img_f8c0bdc9_20240113_i1705139161_6714_5_jpg_04acfe4a-7ad9-4d2f-b5ab-c016f4c5690e.jpg?v=1759130931|https://cdn.shopify.com/s/files/1/0912/9351/6071/files/img_f8c0bdc9_20240113_i1705139161_7254_3_jpg_5413423b-d142-4c05-a974-d7050d0d79e7.jpg?v=1759130931|https://cdn.shopify.com/s/files/1/0912/9351/6071/files/img_f8c0bdc9_20240113_i1705139161_8033_1_jpg_e674cae2-24c0-4299-9b9c-d0fb9a9b0134.jpg?v=1759130931,Hi I want JAMIE 4.3 MINI BAG 20 IN BLACK LAMBSKIN GLOD HARDWARE,
JAMIE 4.3 MINI BAG 20 IN MUSTARD YELLOW LAMBSKIN COPPER HARDWARE,https://cdn.shopify.com/s/files/1/0912/9351/6071/files/img_f8c0bdc9_20240914_i1726298170_363_2_jpg_a8649b7f-3ac5-425b-8289-711570a65169.jpg?v=1759130942,handbags,ysl,https://cdn.shopify.com/s/files/1/0912/9351/6071/files/img_f8c0bdc9_20240914_i1726298170_363_2_jpg_a8649b7f-3ac5-425b-8289-711570a65169.jpg?v=1759130942|https://cdn.shopify.com/s/files/1/0912/9351/6071/files/img_f8c0bdc9_20240914_i1726298170_962_5_jpg_6c7c922e-6626-486e-ab2e-d55f97ac7a75.jpg?v=1759130942|https://cdn.shopify.com/s/files/1/0912/9351/6071/files/img_f8c0bdc9_20240914_i1726298170_1778_3_jpg_788b67b4-3644-4f2e-9239-f0f4415d8dd4.jpg?v=1759130942|https://cdn.shopify.com/s/files/1/0912/9351/6071/files/img_f8c0bdc9_20240914_i1726298170_1845_1_jpg_4c15b89b-6c29-4c5a-b49a-a966e444d93c.jpg?v=1759130942|https://cdn.shopify.com/s/files/1/0912/9351/6071/files/img_f8c0bdc9_20240914_i1726298170_3707_6_jpg_43f4e1e7-a1cd-4428-a7cd-e7ce447e05f6.jpg?v=1759130942|https://cdn.shopify.com/s/files/1/0912/9351/6071/files/img_f8c0bdc9_20240914_i1726298170_5886_4_jpg_3f3884d6-6fc7-4577-96e6-9fcb3b99467c.jpg?v=1759130942|https://cdn.shopify.com/s/files/1/0912/9351/6071/files/img_f8c0bdc9_20240914_i1726298170_7851_0_jpg_0f5ee871-bdd9-4de1-bbd1-3c9fe71abb31.jpg?v=1759130942|https://cdn.shopify.com/s/files/1/0912/9351/6071/files/img_f8c0bdc9_20240914_i1726298171_3647_8_jpg_a85c847e-6580-4886-a57e-e995d9f96103.jpg?v=1759130942|https://cdn.shopify.com/s/files/1/0912/9351/6071/files/img_f8c0bdc9_20240914_i1726298171_9152_7_jpg_11cac0cd-8aa2-4be3-aea7-08fb7af0da03.jpg?v=1759130942,Hi I want JAMIE 4.3 MINI BAG 20 IN MUSTARD YELLOW LAMBSKIN COPPER HARDWARE,
LE 5 À 7 SHOULDER BAG 25 IN BROWNIE SUEDE AND WHITE SHEARLING TRIM,https://cdn.shopify.com/s/files/1/0912/9351/6071/files/img_f8c0bdc9_20241218_1734492957_781_jpg_be27011d-c859-4a91-9994-3e2bb6ac56c7.jpg?v=1759130961,handbags,ysl,https://cdn.shopify.com/s/files/1/0912/9351/6071/files/img_f8c0bdc9_20241218_1734492957_781_jpg_be27011d-c859-4a91-9994-3e2bb6ac56c7.jpg?v=1759130961|https://cdn.shopify.com/s/files/1/0912/9351/6071/files/img_f8c0bdc9_20241218_1734492957_390_jpg_ad72c6a1-13fd-4b3b-90f1-8bea96c7b912.jpg?v=1759130961|https://cdn.shopify.com/s/files/1/0912/9351/6071/files/img_f8c0bdc9_20241218_1734492957_434_jpg_aba99098-88f5-4bfb-8954-36ad06157e77.jpg?v=1759130961|https://cdn.shopify.com/s/files/1/0912/9351/6071/files/img_f8c0bdc9_20241218_1734492957_577_jpg_46135292-062b-4be5-994c-e7bd8ad6c36c.jpg?v=1759130961|https://cdn.shopify.com/s/files/1/0912/9351/6071/files/img_f8c0bdc9_20241218_1734492957_611_jpg_e631d2e8-9a1c-4bd6-bdbf-c241641b5adc.jpg?v=1759130961|https://cdn.shopify.com/s/files/1/0912/9351/6071/files/img_f8c0bdc9_20241218_1734492957_625_jpg_26009fd5-9094-400d-9809-cb3b4b126578.jpg?v=1759130961|https://cdn.shopify.com/s/files/1/0912/9351/6071/files/img_f8c0bdc9_20241218_1734492957_830_jpg_7d620f74-1be5-471d-aecd-97b364b8cd85.jpg?v=1759130961|https://cdn.shopify.com/s/files/1/0912/9351/6071/files/img_f8c0bdc9_20241218_1734492957_875_jpg_c6d84a19-0791-4d61-b207-c34bc0908948.jpg?v=1759130961|https://cdn.shopify.com/s/files/1/0912/9351/6071/files/img_f8c0bdc9_20241218_1734492957_959_jpg_4184e20a-054f-411c-a993-fa0d85bb3d70.jpg?v=1759130961,Hi I want LE 5 À 7 SHOULDER BAG 25 IN BROWNIE SUEDE AND WHITE SHEARLING TRIM,
MANHATTAN HANDBAG 32 IN CINNAMON BROWN CALFSKIN GOLD HARDWARE,https://cdn.shopify.com/s/files/1/0912/9351/6071/files/img_f8c0bdc9_20240415_i1713176962_7638_0_jpg_d13fad88-1596-4b61-a47a-acd53c28141e.jpg?v=1759130991,handbags,ysl,https://cdn.shopify.com/s/files/1/0912/9351/6071/files/img_f8c0bdc9_20240415_i1713176962_7638_0_jpg_d13fad88-1596-4b61-a47a-acd53c28141e.jpg?v=1759130991|https://cdn.shopify.com/s/files/1/0912/9351/6071/files/img_f8c0bdc9_20240415_i1713176962_1077_0_jpg_1df434f9-1bc1-4c55-9d31-1affce58e145.jpg?v=1759130991|https://cdn.shopify.com/s/files/1/0912/9351/6071/files/img_f8c0bdc9_20240415_i1713176962_5708_0_jpg_f93836a2-0fcd-42b4-bfe5-994a2d61e75e.jpg?v=1759130991|https://cdn.shopify.com/s/files/1/0912/9351/6071/files/img_f8c0bdc9_20240415_i1713176963_5895_0_jpg_e9209bba-4b81-4224-bda0-f301c2cb53dd.jpg?v=1759130991|https://cdn.shopify.com/s/files/1/0912/9351/6071/files/img_f8c0bdc9_20240415_i1713177032_1206_0_jpg_abdfbb1d-1a2a-4fb1-8065-d79a62ed7013.jpg?v=1759130991|https://cdn.shopify.com/s/files/1/0912/9351/6071/files/img_f8c0bdc9_20240415_i1713177033_204_0_jpg_e010caae-7619-49f2-b866-d8ad7bc7b230.jpg?v=1759130991|https://cdn.shopify.com/s/files/1/0912/9351/6071/files/img_f8c0bdc9_20240415_i1713177035_7425_0_jpg_a84569f7-531b-469c-8282-a329050ff290.jpg?v=1759130991|https://cdn.shopify.com/s/files/1/0912/9351/6071/files/img_f8c0bdc9_20240415_i1713177036_439_0_jpg_a40882f7-d340-4328-bfc7-0a6dc5ac0c40.jpg?v=1759130991|https://cdn.shopify.com/s/files/1/0912/9351/6071/files/img_f8c0bdc9_20240415_i1713177036_2831_0_jpg_1bd2cc20-91bc-4a60-a2c3-1979afbcea07.jpg?v=1759130991,Hi I want MANHATTAN HANDBAG 32 IN CINNAMON BROWN CALFSKIN GOLD HARDWARE,
MANHATTAN HANDBAG 32 IN BROWN CALFSKIN AND WHITE CANVAS GOLD HARDWARE,https://cdn.shopify.com/s/files/1/0912/9351/6071/files/img_f8c0bdc9_20240525_i1716628930_977_0_jpg_533466bc-1373-43d3-bdea-3c1ded113f47.jpg?v=1759131001,handbags,ysl,https://cdn.shopify.com/s/files/1/0912/9351/6071/files/img_f8c0bdc9_20240525_i1716628930_977_0_jpg_533466bc-1373-43d3-bdea-3c1ded113f47.jpg?v=1759131001|https://cdn.shopify.com/s/files/1/0912/9351/6071/files/img_f8c0bdc9_20240525_i1716628930_190_3_jpg_f0e2993a-5f5e-4f2a-a218-c21a3e489d8b.jpg?v=1759131001|https://cdn.shopify.com/s/files/1/0912/9351/6071/files/img_f8c0bdc9_20240525_i1716628930_400_4_jpg_7ab374c5-2713-4ea6-a661-2dc19bccd305.jpg?v=1759131001|https://cdn.shopify.com/s/files/1/0912/9351/6071/files/img_f8c0bdc9_20240525_i1716628930_651_2_jpg_30a44e91-ae9a-414f-870a-b0f1ae351d2a.jpg?v=1759131001|https://cdn.shopify.com/s/files/1/0912/9351/6071/files/img_f8c0bdc9_20240525_i1716628930_1744_5_jpg_a6a5fbef-7602-48d0-b1e1-dfdfd799547e.jpg?v=1759131001|https://cdn.shopify.com/s/files/1/0912/9351/6071/files/img_f8c0bdc9_20240525_i1716628930_4033_8_jpg_6b93eb1d-6955-4c10-85b5-cfbaf1d50c4f.jpg?v=1759131001|https://cdn.shopify.com/s/files/1/0912/9351/6071/files/img_f8c0bdc9_20240525_i1716628930_4627_6_jpg_1696e485-74a3-44f5-8917-afc28a80588f.jpg?v=1759131001|https://cdn.shopify.com/s/files/1/0912/9351/6071/files/img_f8c0bdc9_20240525_i1716628930_5236_7_jpg_805bc372-8e58-47f5-bcb0-ae9562dfb12b.jpg?v=1759131001|https://cdn.shopify.com/s/files/1/0912/9351/6071/files/img_f8c0bdc9_20240525_i1716628930_6385_1_jpg_572109fc-5bf9-4690-bd04-924cb2f383bd.jpg?v=1759131001,Hi I want MANHATTAN HANDBAG 32 IN BROWN CALFSKIN AND WHITE CANVAS GOLD HARDWARE,
MANHATTAN HANDBAG 32 IN BLACK CROCODILE-EMBOSSED CALFSKIN GOLD HARDWARE,https://cdn.shopify.com/s/files/1/0912/9351/6071/files/img_f8c0bdc9_20240614_i1718338605_1179_4_jpg_85952660-3420-4263-8baf-3cd2b3e417a3.jpg?v=1759131011,handbags,ysl,https://cdn.shopify.com/s/files/1/0912/9351/6071/files/img_f8c0bdc9_20240614_i1718338605_1179_4_jpg_85952660-3420-4263-8baf-3cd2b3e417a3.jpg?v=1759131011|https://cdn.shopify.com/s/files/1/0912/9351/6071/files/img_f8c0bdc9_20240614_i1718338605_3726_6_jpg_e2b86fa5-596b-4097-8d38-1873ac4861b1.jpg?v=1759131011|https://cdn.shopify.com/s/files/1/0912/9351/6071/files/img_f8c0bdc9_20240614_i1718338605_7193_5_jpg_314d7175-b6ad-4c65-b4f5-1df5990db6d3.jpg?v=1759131011|https://cdn.shopify.com/s/files/1/0912/9351/6071/files/img_f8c0bdc9_20240614_i1718338605_415_8_jpg_cd8eec30-9e59-40a7-9d19-53ccd926f3b9.jpg?v=1759131011|https://cdn.shopify.com/s/files/1/0912/9351/6071/files/img_f8c0bdc9_20240614_i1718338605_506_1_jpg_0aceda79-be8f-459b-8b8a-c3c96cef55b1.jpg?v=1759131011|https://cdn.shopify.com/s/files/1/0912/9351/6071/files/img_f8c0bdc9_20240614_i1718338605_1640_3_jpg_36a097d8-c1e8-447d-ab0e-5a16f933cddf.jpg?v=1759131011|https://cdn.shopify.com/s/files/1/0912/9351/6071/files/img_f8c0bdc9_20240614_i1718338605_3986_0_jpg_912e4306-4cba-48b3-9c0f-5428a6d3d3b6.jpg?v=1759131011|https://cdn.shopify.com/s/files/1/0912/9351/6071/files/img_f8c0bdc9_20240614_i1718338605_6175_7_jpg_3c3cc5ed-cf22-4d14-ad7b-815af3f37da5.jpg?v=1759131011|https://cdn.shopify.com/s/files/1/0912/9351/6071/files/img_f8c0bdc9_20240614_i1718338605_9958_2_jpg_b88012f9-9216-4a88-ba9d-39765d599d0b.jpg?v=1759131011,Hi I want MANHATTAN HANDBAG 32 IN BLACK CROCODILE-EMBOSSED CALFSKIN GOLD HARDWARE,
MANHATTAN SMALL TOP HANDLE BAG 21 IN WHITE CALFSKIN GOLD HARDWARE,https://cdn.shopify.com/s/files/1/0912/9351/6071/files/img_f8c0bdc9_20240810_i1723287966_8600_5_jpg_e57f352c-2022-49e0-897f-e22b8bf46ea7.jpg?v=1759131021,handbags,ysl,https://cdn.shopify.com/s/files/1/0912/9351/6071/files/img_f8c0bdc9_20240810_i1723287966_8600_5_jpg_e57f352c-2022-49e0-897f-e22b8bf46ea7.jpg?v=1759131021|https://cdn.shopify.com/s/files/1/0912/9351/6071/files/img_f8c0bdc9_20240810_i1723287966_947_3_jpg_c1573d9d-6f3b-4674-a034-af54931c06bb.jpg?v=1759131021|https://cdn.shopify.com/s/files/1/0912/9351/6071/files/img_f8c0bdc9_20240810_i1723287966_3022_6_jpg_f2ff3c1e-f54a-4518-b95a-2c647919bc47.jpg?v=1759131021|https://cdn.shopify.com/s/files/1/0912/9351/6071/files/img_f8c0bdc9_20240810_i1723287966_4164_0_jpg_8b7f7ce9-fb00-40a4-ba99-e77227d5a040.jpg?v=1759131021|https://cdn.shopify.com/s/files/1/0912/9351/6071/files/img_f8c0bdc9_20240810_i1723287966_4576_1_jpg_9b0cec28-9d29-4155-8784-3a599a513a30.jpg?v=1759131021|https://cdn.shopify.com/s/files/1/0912/9351/6071/files/img_f8c0bdc9_20240810_i1723287966_7153_4_jpg_3d2d4fef-9823-430c-a9d9-305d7246af96.jpg?v=1759131021|https://cdn.shopify.com/s/files/1/0912/9351/6071/files/img_f8c0bdc9_20240810_i1723287966_8314_8_jpg_fbd84878-22df-4712-97a0-6dbb2b232eed.jpg?v=1759131021|https://cdn.shopify.com/s/files/1/0912/9351/6071/files/img_f8c0bdc9_20240810_i1723287966_8892_7_jpg_578e0af1-38e6-450b-ba49-4d649aa6a695.jpg?v=1759131021|https://cdn.shopify.com/s/files/1/0912/9351/6071/files/img_f8c0bdc9_20240810_i1723287966_9281_2_jpg_93896402-b58c-4fc7-9bfd-bc5fb4edaf64.jpg?v=1759131021,Hi I want MANHATTAN SMALL TOP HANDLE BAG 21 IN WHITE CALFSKIN GOLD HARDWARE,
CLASSIC CROSSBODY BAG 25 IN BLACK LAMBSKIN SILVER LOGO,https://cdn.shopify.com/s/files/1/0912/9351/6071/files/img_f8c0bdc9_20241220_1734678111_873_jpg_4198d68a-c110-471d-a400-5afe6ddf4573.jpg?v=1759131031,handbags,ysl,https://cdn.shopify.com/s/files/1/0912/9351/6071/files/img_f8c0bdc9_20241220_1734678111_873_jpg_4198d68a-c110-471d-a400-5afe6ddf4573.jpg?v=1759131031|https://cdn.shopify.com/s/files/1/0912/9351/6071/files/img_f8c0bdc9_20241220_1734678111_129_jpg_2449b7df-1145-4ebb-8cc7-e75af2dc74b7.jpg?v=1759131031|https://cdn.shopify.com/s/files/1/0912/9351/6071/files/img_f8c0bdc9_20241220_1734678111_190_jpg_a5efdf86-edfb-49d3-91d6-a6a8cc1ae6e5.jpg?v=1759131032|https://cdn.shopify.com/s/files/1/0912/9351/6071/files/img_f8c0bdc9_20241220_1734678111_210_jpg_e778f19c-b450-4cce-87d1-bc455701b287.jpg?v=1759131032|https://cdn.shopify.com/s/files/1/0912/9351/6071/files/img_f8c0bdc9_20241220_1734678111_215_jpg_9c3b3ae8-77ff-4d11-afe5-a894dcd86fce.jpg?v=1759131032|https://cdn.shopify.com/s/files/1/0912/9351/6071/files/img_f8c0bdc9_20241220_1734678111_404_jpg_1066b0fd-f293-41e6-ace5-e50d20cbe07e.jpg?v=1759131032|https://cdn.shopify.com/s/files/1/0912/9351/6071/files/img_f8c0bdc9_20241220_1734678111_885_jpg_2bd504b4-b22d-4c0a-a6f0-72206a589241.jpg?v=1759131032|https://cdn.shopify.com/s/files/1/0912/9351/6071/files/img_f8c0bdc9_20241220_1734678111_906_jpg_e7755b96-4a20-4404-adf8-cd83cb8ae7c8.jpg?v=1759131032|https://cdn.shopify.com/s/files/1/0912/9351/6071/files/img_f8c0bdc9_20241220_1734678111_908_jpg_dbe9c6c0-cba3-4b37-b5b5-5ee741cbecfd.jpg?v=1759131032,Hi I want CLASSIC CROSSBODY BAG 25 IN BLACK LAMBSKIN SILVER LOGO,
CLASSIC CROSSBODY BAG 26 IN BLACK LAMBSKIN,https://cdn.shopify.com/s/files/1/0912/9351/6071/files/img_f8c0bdc9_20241220_1734678497_53_jpg_1a5e0873-7c4b-4e19-bddb-50e023857c41.jpg?v=1759131052,handbags,ysl,https://cdn.shopify.com/s/files/1/0912/9351/6071/files/img_f8c0bdc9_20241220_1734678497_53_jpg_1a5e0873-7c4b-4e19-bddb-50e023857c41.jpg?v=1759131052|https://cdn.shopify.com/s/files/1/0912/9351/6071/files/img_f8c0bdc9_20241220_1734678496_68_jpg_1f1a144d-694e-44e8-838a-bb69f2a0c85e.jpg?v=1759131052|https://cdn.shopify.com/s/files/1/0912/9351/6071/files/img_f8c0bdc9_20241220_1734678496_264_jpg_83ce662b-abdb-449b-82ea-4e21b278a302.jpg?v=1759131052|https://cdn.shopify.com/s/files/1/0912/9351/6071/files/img_f8c0bdc9_20241220_1734678496_298_jpg_ff0d4559-b7e8-4340-a195-1ac6df747f9b.jpg?v=1759131052|https://cdn.shopify.com/s/files/1/0912/9351/6071/files/img_f8c0bdc9_20241220_1734678496_549_jpg_05300aea-beb0-4e01-b1ac-8e5404ca2517.jpg?v=1759131052|https://cdn.shopify.com/s/files/1/0912/9351/6071/files/img_f8c0bdc9_20241220_1734678496_615_jpg_8a9815c2-1f02-40a9-8045-b00f5cb27b5f.jpg?v=1759131052|https://cdn.shopify.com/s/files/1/0912/9351/6071/files/img_f8c0bdc9_20241220_1734678496_982_jpg_dd762d4a-8f9f-4065-93aa-9b6182647784.jpg?v=1759131052|https://cdn.shopify.com/s/files/1/0912/9351/6071/files/img_f8c0bdc9_20241220_1734678497_28_jpg_0ec58667-a5ef-43a1-a54a-216c87626236.jpg?v=1759131052|https://cdn.shopify.com/s/files/1/0912/9351/6071/files/img_f8c0bdc9_20241220_1734678497_435_jpg_d6357745-9c5f-4eaf-8869-3fe260fa09d7.jpg?v=1759131052,Hi I want CLASSIC CROSSBODY BAG 26 IN BLACK LAMBSKIN,
LE 5 À 7 PHONE BAG 18 IN CIDER BROWN CALFSKIN,https://cdn.shopify.com/s/files/1/0912/9351/6071/files/img_f8c0bdc9_20241220_1734679076_577_jpg_6bf286b8-e2ab-4d21-a1b5-f4f3dd05a798.jpg?v=1759131062,handbags,ysl,https://cdn.shopify.com/s/files/1/0912/9351/6071/files/img_f8c0bdc9_20241220_1734679076_577_jpg_6bf286b8-e2ab-4d21-a1b5-f4f3dd05a798.jpg?v=1759131062|https://cdn.shopify.com/s/files/1/0912/9351/6071/files/img_f8c0bdc9_20241220_1734679076_90_jpg_7a730bce-6a28-45f4-b0c4-c020b45e8a34.jpg?v=1759131062|https://cdn.shopify.com/s/files/1/0912/9351/6071/files/img_f8c0bdc9_20241220_1734679076_148_jpg_a6acd76e-298e-45fb-bfb1-b14987cf56c2.jpg?v=1759131062|https://cdn.shopify.com/s/files/1/0912/9351/6071/files/img_f8c0bdc9_20241220_1734679076_225_jpg_4c957df7-bf75-4c64-8bb0-692e4f638c61.jpg?v=1759131062|https://cdn.shopify.com/s/files/1/0912/9351/6071/files/img_f8c0bdc9_20241220_1734679076_351_jpg_c91b0a61-2d2f-4680-94a1-be03cc16c5e6.jpg?v=1759131062|https://cdn.shopify.com/s/files/1/0912/9351/6071/files/img_f8c0bdc9_20241220_1734679076_579_jpg_05eee8bc-0bd0-445c-b287-0986f6882d64.jpg?v=1759131062|https://cdn.shopify.com/s/files/1/0912/9351/6071/files/img_f8c0bdc9_20241220_1734679076_651_jpg_bb35ef9e-a9d5-40f5-a8f3-117ec4ebbe4c.jpg?v=1759131062|https://cdn.shopify.com/s/files/1/0912/9351/6071/files/img_f8c0bdc9_20241220_1734679076_734_jpg_19e934da-4ee0-4fc1-a576-b52c6dfea941.jpg?v=1759131062|https://cdn.shopify.com/s/files/1/0912/9351/6071/files/img_f8c0bdc9_20241220_1734679076_944_jpg_ea776a1f-ff7d-4985-afed-e05b770655b8.jpg?v=1759131062,Hi I want LE 5 À 7 PHONE BAG 18 IN CIDER BROWN CALFSKIN,
LE 5 À 7 PHONE BAG 18 IN WHITE CALFSKIN,https://cdn.shopify.com/s/files/1/0912/9351/6071/files/img_f8c0bdc9_20241220_1734679176_536_jpg_a65ad578-bfa7-4f23-9a88-bfc609206426.jpg?v=1759131072,handbags,ysl,https://cdn.shopify.com/s/files/1/0912/9351/6071/files/img_f8c0bdc9_20241220_1734679176_536_jpg_a65ad578-bfa7-4f23-9a88-bfc609206426.jpg?v=1759131072|https://cdn.shopify.com/s/files/1/0912/9351/6071/files/img_f8c0bdc9_20241220_1734679175_996_jpg_960767e0-33cd-47ff-a8f1-3bc2c7020865.jpg?v=1759131072|https://cdn.shopify.com/s/files/1/0912/9351/6071/files/img_f8c0bdc9_20241220_1734679176_83_jpg_1c4546aa-5877-4db9-9e17-c212b8118fb8.jpg?v=1759131072|https://cdn.shopify.com/s/files/1/0912/9351/6071/files/img_f8c0bdc9_20241220_1734679176_85_jpg_2d52724f-1619-4c2c-a1e7-5ece7bb15ac6.jpg?v=1759131072|https://cdn.shopify.com/s/files/1/0912/9351/6071/files/img_f8c0bdc9_20241220_1734679176_443_jpg_d7c9e78d-16f8-4391-aa18-2d7a593085b1.jpg?v=1759131072|https://cdn.shopify.com/s/files/1/0912/9351/6071/files/img_f8c0bdc9_20241220_1734679176_628_jpg_01a7b298-8a64-4ffb-924f-b8b4793acde9.jpg?v=1759131072|https://cdn.shopify.com/s/files/1/0912/9351/6071/files/img_f8c0bdc9_20241220_1734679176_747_jpg_753e17c2-68bb-4594-a281-a23c9433a558.jpg?v=1759131072|https://cdn.shopify.com/s/files/1/0912/9351/6071/files/img_f8c0bdc9_20241220_1734679176_905_jpg_afbe530c-6cd9-4e09-a71d-b1f38a23f9f4.jpg?v=1759131072|https://cdn.shopify.com/s/files/1/0912/9351/6071/files/img_f8c0bdc9_20241220_1734679176_908_jpg_6152c507-ed5c-46c0-91bf-ecdedeaf4063.jpg?v=1759131072,Hi I want LE 5 À 7 PHONE BAG 18 IN WHITE CALFSKIN,
VINYLE SMALL ROUND BAG 17 IN BLACK CAVIAR LEATHER GOLD HARDWARE,https://cdn.shopify.com/s/files/1/0912/9351/6071/files/img_f8c0bdc9_20241220_1734680059_535_jpg_3af52a71-2e50-42b3-a5bd-400325b62b09.jpg?v=1759131092,handbags,ysl,https://cdn.shopify.com/s/files/1/0912/9351/6071/files/img_f8c0bdc9_20241220_1734680059_535_jpg_3af52a71-2e50-42b3-a5bd-400325b62b09.jpg?v=1759131092|https://cdn.shopify.com/s/files/1/0912/9351/6071/files/img_f8c0bdc9_20241220_1734680058_161_jpg_dec0c85f-ceb9-49ac-9dc7-ccb162e9d965.jpg?v=1759131092|https://cdn.shopify.com/s/files/1/0912/9351/6071/files/img_f8c0bdc9_20241220_1734680058_501_jpg_4d110549-e956-467b-97b6-297150e35353.jpg?v=1759131092|https://cdn.shopify.com/s/files/1/0912/9351/6071/files/img_f8c0bdc9_20241220_1734680058_741_jpg_52366ca9-ba64-4b12-b8d9-8f84b0a394f6.jpg?v=1759131092|https://cdn.shopify.com/s/files/1/0912/9351/6071/files/img_f8c0bdc9_20241220_1734680058_843_jpg_8c060e1d-1f6c-4bfc-88de-3c0b0c43ca01.jpg?v=1759131092|https://cdn.shopify.com/s/files/1/0912/9351/6071/files/img_f8c0bdc9_20241220_1734680059_37_jpg_de378734-caf0-4168-b413-42d822e12757.jpg?v=1759131092|https://cdn.shopify.com/s/files/1/0912/9351/6071/files/img_f8c0bdc9_20241220_1734680059_205_jpg_7a8adeed-85dd-4459-b022-218b90603b29.jpg?v=1759131092|https://cdn.shopify.com/s/files/1/0912/9351/6071/files/img_f8c0bdc9_20241220_1734680059_809_jpg_8dc1caa5-7e34-4b3d-81e7-336886b31774.jpg?v=1759131092|https://cdn.shopify.com/s/files/1/0912/9351/6071/files/img_f8c0bdc9_20241220_1734680059_907_jpg_242e540c-f089-41c6-aa4d-1f67fdfbb840.jpg?v=1759131092,Hi I want VINYLE SMALL ROUND BAG 17 IN BLACK CAVIAR LEATHER GOLD HARDWARE,
JOE MINI BUCKET BAG 19 IN WHITE SHEARLING AND BROWN SUEDE,https://cdn.shopify.com/s/files/1/0912/9351/6071/files/img_f8c0bdc9_20241220_1734680364_799_jpg_e40d750c-8f74-4ef7-a55e-66822e38fc20.jpg?v=1759131102,handbags,ysl,https://cdn.shopify.com/s/files/1/0912/9351/6071/files/img_f8c0bdc9_20241220_1734680364_799_jpg_e40d750c-8f74-4ef7-a55e-66822e38fc20.jpg?v=1759131102|https://cdn.shopify.com/s/files/1/0912/9351/6071/files/img_f8c0bdc9_20241220_1734680364_416_jpg_644301ed-2739-427c-8718-37b1aa97a5c8.jpg?v=1759131102|https://cdn.shopify.com/s/files/1/0912/9351/6071/files/img_f8c0bdc9_20241220_1734680364_44_jpg_675fb42a-e0fe-4a14-8ad5-bc914f6d4614.jpg?v=1759131102|https://cdn.shopify.com/s/files/1/0912/9351/6071/files/img_f8c0bdc9_20241220_1734680364_213_jpg_ecbd22c0-64bd-42ea-9377-e02ab8f58333.jpg?v=1759131102|https://cdn.shopify.com/s/files/1/0912/9351/6071/files/img_f8c0bdc9_20241220_1734680364_313_jpg_89b1cd7b-e3c3-40b9-8157-50bfa9498a68.jpg?v=1759131102|https://cdn.shopify.com/s/files/1/0912/9351/6071/files/img_f8c0bdc9_20241220_1734680364_742_jpg_118df5f6-68d5-4271-9bf4-713f5b09b041.jpg?v=1759131102|https://cdn.shopify.com/s/files/1/0912/9351/6071/files/img_f8c0bdc9_20241220_1734680364_792_jpg_6900f02d-f0cd-4dde-835d-8aa5006ee93a.jpg?v=1759131102|https://cdn.shopify.com/s/files/1/0912/9351/6071/files/img_f8c0bdc9_20241220_1734680364_836_jpg_95afe18a-d64f-4e5d-8c5c-56fed84a24ca.jpg?v=1759131102|https://cdn.shopify.com/s/files/1/0912/9351/6071/files/img_f8c0bdc9_20241220_1734680364_929_jpg_3cae87f2-b5ae-458c-a69f-130980f22f2f.jpg?v=1759131102,Hi I want JOE MINI BUCKET BAG 19 IN WHITE SHEARLING AND BROWN SUEDE,
JAMIE 4.3 LARGE BAG 43 IN BLACK PATENT LAMBSKIN GOLD HARDWARE,https://cdn.shopify.com/s/files/1/0912/9351/6071/files/img_f8c0bdc9_20241217_1734411621_156_jpg.jpg?v=1774836318,handbags,ysl,https://cdn.shopify.com/s/files/1/0912/9351/6071/files/img_f8c0bdc9_20241217_1734411621_156_jpg.jpg?v=1774836318|https://cdn.shopify.com/s/files/1/0912/9351/6071/files/img_f8c0bdc9_20241217_1734411621_67_jpg.jpg?v=1774836318|https://cdn.shopify.com/s/files/1/0912/9351/6071/files/img_f8c0bdc9_20241217_1734411621_69_jpg.jpg?v=1774836318|https://cdn.shopify.com/s/files/1/0912/9351/6071/files/img_f8c0bdc9_20241217_1734411621_520_jpg.jpg?v=1774836318|https://cdn.shopify.com/s/files/1/0912/9351/6071/files/img_f8c0bdc9_20241217_1734411621_538_jpg.jpg?v=1774836318|https://cdn.shopify.com/s/files/1/0912/9351/6071/files/img_f8c0bdc9_20241217_1734411621_546_jpg.jpg?v=1774836318|https://cdn.shopify.com/s/files/1/0912/9351/6071/files/img_f8c0bdc9_20241217_1734411621_573_jpg.jpg?v=1774836318|https://cdn.shopify.com/s/files/1/0912/9351/6071/files/img_f8c0bdc9_20241217_1734411621_953_jpg.jpg?v=1774836318|https://cdn.shopify.com/s/files/1/0912/9351/6071/files/img_f8c0bdc9_20241217_1734411621_890_jpg.jpg?v=1774836318,Hi I want JAMIE 4.3 LARGE BAG 43 IN BLACK PATENT LAMBSKIN GOLD HARDWARE,
JAMIE 4.3 SMALL BAG 25 IN BLACK LAMBSKIN GOLD HARDWARE,https://cdn.shopify.com/s/files/1/0912/9351/6071/files/img_f8c0bdc9_20241217_1734412694_223_jpg_c34bfc36-16dc-400c-9493-9408ecafeff2.jpg?v=1759131144,handbags,ysl,https://cdn.shopify.com/s/files/1/0912/9351/6071/files/img_f8c0bdc9_20241217_1734412694_223_jpg_c34bfc36-16dc-400c-9493-9408ecafeff2.jpg?v=1759131144|https://cdn.shopify.com/s/files/1/0912/9351/6071/files/img_f8c0bdc9_20241217_1734412694_38_jpg_e0fa7565-ac60-4dc5-b927-42d23ec8290f.jpg?v=1759131144|https://cdn.shopify.com/s/files/1/0912/9351/6071/files/img_f8c0bdc9_20241217_1734412694_202_jpg_b1c240ca-5b4e-4809-92db-4a5ac9786830.jpg?v=1759131144|https://cdn.shopify.com/s/files/1/0912/9351/6071/files/img_f8c0bdc9_20241217_1734412694_348_jpg_69d99542-b9ed-45e8-8b27-d246fd26fbd0.jpg?v=1759131144|https://cdn.shopify.com/s/files/1/0912/9351/6071/files/img_f8c0bdc9_20241217_1734412694_456_jpg_be70b318-3296-4998-9a00-52e4f24a133c.jpg?v=1759131144|https://cdn.shopify.com/s/files/1/0912/9351/6071/files/img_f8c0bdc9_20241217_1734412694_617_jpg_f1d6c8d8-02ba-4692-a926-00fce541cfe1.jpg?v=1759131144|https://cdn.shopify.com/s/files/1/0912/9351/6071/files/img_f8c0bdc9_20241217_1734412694_639_jpg_57b73227-9d9d-497d-886a-0875336931cf.jpg?v=1759131144|https://cdn.shopify.com/s/files/1/0912/9351/6071/files/img_f8c0bdc9_20241217_1734412694_749_jpg_d317269d-78ca-494e-9c50-58bc47c47052.jpg?v=1759131144|https://cdn.shopify.com/s/files/1/0912/9351/6071/files/img_f8c0bdc9_20241217_1734412694_767_jpg_24380a84-1814-4c49-a4da-8b63bf090f9b.jpg?v=1759131144,Hi I want JAMIE 4.3 SMALL BAG 25 IN BLACK LAMBSKIN GOLD HARDWARE,
JAMIE 4.3 SMALL BAG 25 IN WHITE LAMBSKIN GOLD HARDWARE,https://cdn.shopify.com/s/files/1/0912/9351/6071/files/img_f8c0bdc9_20240126_i1706254285_6365_6_jpg_b8d1156a-14c8-4f23-8001-aebfcc391066.jpg?v=1759131153,handbags,ysl,https://cdn.shopify.com/s/files/1/0912/9351/6071/files/img_f8c0bdc9_20240126_i1706254285_6365_6_jpg_b8d1156a-14c8-4f23-8001-aebfcc391066.jpg?v=1759131153|https://cdn.shopify.com/s/files/1/0912/9351/6071/files/img_f8c0bdc9_20240126_i1706254284_432_1_jpg_02691fa7-4664-4df3-aea6-1c0a1e4618f5.jpg?v=1759131153|https://cdn.shopify.com/s/files/1/0912/9351/6071/files/img_f8c0bdc9_20240126_i1706254284_676_3_jpg_86d37b5a-45b8-45cb-b067-443aa2b85243.jpg?v=1759131153|https://cdn.shopify.com/s/files/1/0912/9351/6071/files/img_f8c0bdc9_20240126_i1706254284_1319_0_jpg_35c94933-73ac-40a7-9f65-88983e5c7f6f.jpg?v=1759131153|https://cdn.shopify.com/s/files/1/0912/9351/6071/files/img_f8c0bdc9_20240126_i1706254284_5395_4_jpg_58194ced-a0f1-4f4e-a096-63b02233a50e.jpg?v=1759131153|https://cdn.shopify.com/s/files/1/0912/9351/6071/files/img_f8c0bdc9_20240126_i1706254284_7104_2_jpg_dcf49c4c-90c8-4728-ab69-c3dcb9fc5975.jpg?v=1759131153|https://cdn.shopify.com/s/files/1/0912/9351/6071/files/img_f8c0bdc9_20240126_i1706254285_5422_8_jpg_e5dbc1b4-d835-423a-8077-692988c1276f.jpg?v=1759131153|https://cdn.shopify.com/s/files/1/0912/9351/6071/files/img_f8c0bdc9_20240126_i1706254285_8604_7_jpg_00ea20e4-2842-4245-bc90-50cfbd5cd4df.jpg?v=1759131153|https://cdn.shopify.com/s/files/1/0912/9351/6071/files/img_f8c0bdc9_20240126_i1706254285_9400_5_jpg_021f2752-f5d4-4bac-beb2-cfa61a952288.jpg?v=1759131153,Hi I want JAMIE 4.3 SMALL BAG 25 IN WHITE LAMBSKIN GOLD HARDWARE,
KATE SMALL BAG 22 IN SCARLET RED RABBIT FUR GOLD CHAIN,https://cdn.shopify.com/s/files/1/0912/9351/6071/files/img_f8c0bdc9_20231220_i1703063680_9591_0_jpg_0181a718-3f7f-4412-bce4-36e607399844.jpg?v=1759131180,handbags,ysl,https://cdn.shopify.com/s/files/1/0912/9351/6071/files/img_f8c0bdc9_20231220_i1703063680_9591_0_jpg_0181a718-3f7f-4412-bce4-36e607399844.jpg?v=1759131180|https://cdn.shopify.com/s/files/1/0912/9351/6071/files/img_f8c0bdc9_20231220_i1703063680_380_3_jpg_4d220eed-ab71-4e3c-a1f2-99f7462c970b.jpg?v=1759131180|https://cdn.shopify.com/s/files/1/0912/9351/6071/files/img_f8c0bdc9_20231220_i1703063680_737_7_jpg_1470849a-ffcc-4ec6-8d7e-4f544de663a3.jpg?v=1759131180|https://cdn.shopify.com/s/files/1/0912/9351/6071/files/img_f8c0bdc9_20231220_i1703063680_1382_2_jpg_7fc842d9-7314-4299-8130-ed045caeb6f7.jpg?v=1759131180|https://cdn.shopify.com/s/files/1/0912/9351/6071/files/img_f8c0bdc9_20231220_i1703063680_2765_8_jpg_9b221483-975c-4c4f-a930-6a1fa2c36f03.jpg?v=1759131180|https://cdn.shopify.com/s/files/1/0912/9351/6071/files/img_f8c0bdc9_20231220_i1703063680_3729_5_jpg_2b9a9475-f7a2-42d2-92aa-e1ee9bb58eaf.jpg?v=1759131180|https://cdn.shopify.com/s/files/1/0912/9351/6071/files/img_f8c0bdc9_20231220_i1703063680_8502_4_jpg_8c0a2ada-c37f-4d0a-8031-f5869def082f.jpg?v=1759131180|https://cdn.shopify.com/s/files/1/0912/9351/6071/files/img_f8c0bdc9_20231220_i1703063680_8721_1_jpg_ad58dcbd-9992-44c5-8a28-740c014d7d95.jpg?v=1759131180|https://cdn.shopify.com/s/files/1/0912/9351/6071/files/img_f8c0bdc9_20231220_i1703063680_9196_6_jpg_a8767454-676d-4c71-bc09-951a102b02c1.jpg?v=1759131180,Hi I want KATE SMALL BAG 22 IN SCARLET RED RABBIT FUR GOLD CHAIN,
NIKI SMALL 22 IN CAMEL SUEDE AND WHITE SHEARLING,https://cdn.shopify.com/s/files/1/0912/9351/6071/files/img_f8c0bdc9_20231221_i1703147195_1715_0_jpg_e5b1bc1b-8a75-4355-86a8-2d727e549e52.jpg?v=1759131202,handbags,ysl,https://cdn.shopify.com/s/files/1/0912/9351/6071/files/img_f8c0bdc9_20231221_i1703147195_1715_0_jpg_e5b1bc1b-8a75-4355-86a8-2d727e549e52.jpg?v=1759131202|https://cdn.shopify.com/s/files/1/0912/9351/6071/files/img_f8c0bdc9_20231221_i1703147195_377_3_jpg_cf2747cb-2582-4e3f-8e19-61a8a6f80d2c.jpg?v=1759131202|https://cdn.shopify.com/s/files/1/0912/9351/6071/files/img_f8c0bdc9_20231221_i1703147195_1839_6_jpg_0f4aebd8-81b5-475f-a472-eb7bf3c0eafa.jpg?v=1759131202|https://cdn.shopify.com/s/files/1/0912/9351/6071/files/img_f8c0bdc9_20231221_i1703147195_3240_1_jpg_d6097f42-0b55-4901-998f-86ef7fac895b.jpg?v=1759131202|https://cdn.shopify.com/s/files/1/0912/9351/6071/files/img_f8c0bdc9_20231221_i1703147195_5045_5_jpg_9abe3e6e-122f-4c8a-a90e-32a2ee359f9e.jpg?v=1759131202|https://cdn.shopify.com/s/files/1/0912/9351/6071/files/img_f8c0bdc9_20231221_i1703147195_5092_8_jpg_f7f1b7a0-496d-4c03-9eb1-559c56f2b9b4.jpg?v=1759131202|https://cdn.shopify.com/s/files/1/0912/9351/6071/files/img_f8c0bdc9_20231221_i1703147195_6317_2_jpg_5d4bb614-da30-43d7-af14-d96f83080d1d.jpg?v=1759131202|https://cdn.shopify.com/s/files/1/0912/9351/6071/files/img_f8c0bdc9_20231221_i1703147195_6590_4_jpg_307e430d-d23f-45f1-a6db-060648f69bd1.jpg?v=1759131202|https://cdn.shopify.com/s/files/1/0912/9351/6071/files/img_f8c0bdc9_20231221_i1703147195_7402_7_jpg_6d1c9f7e-2207-4507-9157-79a7de52ff0b.jpg?v=1759131202,Hi I want NIKI SMALL 22 IN CAMEL SUEDE AND WHITE SHEARLING,
NIKI MEDIUM 28 IN DARK BEIGE RABBIT FUR,https://cdn.shopify.com/s/files/1/0912/9351/6071/files/img_f8c0bdc9_20231223_i1703319923_6985_0_jpg_34436607-7881-4c42-94c9-135293c32b51.jpg?v=1759131211,handbags,ysl,https://cdn.shopify.com/s/files/1/0912/9351/6071/files/img_f8c0bdc9_20231223_i1703319923_6985_0_jpg_34436607-7881-4c42-94c9-135293c32b51.jpg?v=1759131211|https://cdn.shopify.com/s/files/1/0912/9351/6071/files/img_f8c0bdc9_20231223_i1703319923_1186_1_jpg_49a6c4b1-5afe-45a8-9e35-68518a293943.jpg?v=1759131211|https://cdn.shopify.com/s/files/1/0912/9351/6071/files/img_f8c0bdc9_20231223_i1703319923_2202_2_jpg_a115e7de-3b05-4dbf-b484-fa0da04721ef.jpg?v=1759131211|https://cdn.shopify.com/s/files/1/0912/9351/6071/files/img_f8c0bdc9_20231223_i1703319923_2397_4_jpg_7edbce88-33ad-4b5f-9776-18b87be4684d.jpg?v=1759131211|https://cdn.shopify.com/s/files/1/0912/9351/6071/files/img_f8c0bdc9_20231223_i1703319923_6350_5_jpg_2b795999-6782-4e21-920d-5c5f115928dd.jpg?v=1759131211|https://cdn.shopify.com/s/files/1/0912/9351/6071/files/img_f8c0bdc9_20231223_i1703319923_6683_3_jpg_c653f64c-f63b-43fa-98c7-1f12cd7737c0.jpg?v=1759131211|https://cdn.shopify.com/s/files/1/0912/9351/6071/files/img_f8c0bdc9_20231223_i1703319923_6779_7_jpg_75407c5f-d7b8-4e5c-a9ab-9b8b203cd9a0.jpg?v=1759131211|https://cdn.shopify.com/s/files/1/0912/9351/6071/files/img_f8c0bdc9_20231223_i1703319923_7682_8_jpg_306a345a-a029-4fe2-8c0d-aac7a879fb70.jpg?v=1759131212|https://cdn.shopify.com/s/files/1/0912/9351/6071/files/img_f8c0bdc9_20231223_i1703319923_8224_6_jpg_938cad7c-2b3f-41de-9488-cd8de1aa2317.jpg?v=1759131212,Hi I want NIKI MEDIUM 28 IN DARK BEIGE RABBIT FUR,
LE 37 MINI BUCKET BAG 15 IN BROWN CALFSKIN GOLD HARDWARE,https://cdn.shopify.com/s/files/1/0912/9351/6071/files/img_f8c0bdc9_20241121_i1732168981_2742_5_jpg_63d537e2-226b-435d-b490-b82dcc41b279.jpg?v=1759131247,handbags,ysl,https://cdn.shopify.com/s/files/1/0912/9351/6071/files/img_f8c0bdc9_20241121_i1732168981_2742_5_jpg_63d537e2-226b-435d-b490-b82dcc41b279.jpg?v=1759131247|https://cdn.shopify.com/s/files/1/0912/9351/6071/files/img_f8c0bdc9_20241121_i1732168981_398_2_jpg_049af486-1f7f-4cf2-8e1e-eafdd7bb9c1b.jpg?v=1759131247|https://cdn.shopify.com/s/files/1/0912/9351/6071/files/img_f8c0bdc9_20241121_i1732168981_954_4_jpg_523d677a-f82e-4ff3-9fa9-8a08124adb68.jpg?v=1759131247|https://cdn.shopify.com/s/files/1/0912/9351/6071/files/img_f8c0bdc9_20241121_i1732168981_1813_3_jpg_49612855-c208-4428-82be-b059c4559831.jpg?v=1759131247|https://cdn.shopify.com/s/files/1/0912/9351/6071/files/img_f8c0bdc9_20241121_i1732168981_5399_0_jpg_51fe2946-607a-4a0e-b39f-db3c8117ea38.jpg?v=1759131247|https://cdn.shopify.com/s/files/1/0912/9351/6071/files/img_f8c0bdc9_20241121_i1732168981_7393_1_jpg_2194a94c-324f-4670-b399-f2e833d4df90.jpg?v=1759131247|https://cdn.shopify.com/s/files/1/0912/9351/6071/files/img_f8c0bdc9_20241121_i1732168981_8038_7_jpg_558ac709-e513-4efb-89b0-68526bc2c5f2.jpg?v=1759131247|https://cdn.shopify.com/s/files/1/0912/9351/6071/files/img_f8c0bdc9_20241121_i1732168981_8634_8_jpg_78e404bb-d291-4dca-8ea4-2917abc6f3ff.jpg?v=1759131247|https://cdn.shopify.com/s/files/1/0912/9351/6071/files/img_f8c0bdc9_20241121_i1732168981_9713_6_jpg_2c470968-d3b5-40f0-89ec-f6a99f623be3.jpg?v=1759131247,Hi I want LE 37 MINI BUCKET BAG 15 IN BROWN CALFSKIN GOLD HARDWARE,
MANHATTAN TOP HANDLE BAG 32 IN BRUNETTE BROWN CALFSKIN,https://cdn.shopify.com/s/files/1/0912/9351/6071/files/img_f8c0bdc9_20241121_i1732169797_8619_4_jpg_73ea6bf8-6bc7-4312-b9d9-b337c6fef851.jpg?v=1759131273,handbags,ysl,https://cdn.shopify.com/s/files/1/0912/9351/6071/files/img_f8c0bdc9_20241121_i1732169797_8619_4_jpg_73ea6bf8-6bc7-4312-b9d9-b337c6fef851.jpg?v=1759131273|https://cdn.shopify.com/s/files/1/0912/9351/6071/files/img_f8c0bdc9_20241121_i1732169797_2607_7_jpg_73073e96-8e4f-4797-bd61-868232ebcded.jpg?v=1759131273|https://cdn.shopify.com/s/files/1/0912/9351/6071/files/img_f8c0bdc9_20241121_i1732169797_4331_3_jpg_87af985b-8057-4cfb-abc4-881c8ddb1810.jpg?v=1759131274|https://cdn.shopify.com/s/files/1/0912/9351/6071/files/img_f8c0bdc9_20241121_i1732169797_4384_2_jpg_2828217a-0c4f-4cf9-be91-269da1f458ad.jpg?v=1759131274|https://cdn.shopify.com/s/files/1/0912/9351/6071/files/img_f8c0bdc9_20241121_i1732169797_5208_5_jpg_3d727b88-e225-4440-a430-e81d6c0dc0f6.jpg?v=1759131274|https://cdn.shopify.com/s/files/1/0912/9351/6071/files/img_f8c0bdc9_20241121_i1732169797_7683_6_jpg_e1a2b82b-2ef5-41cb-ac13-e15d2f4e419a.jpg?v=1759131274|https://cdn.shopify.com/s/files/1/0912/9351/6071/files/img_f8c0bdc9_20241121_i1732169797_8749_0_jpg_602e89f4-913f-448b-aa5d-981dbf4dcbcf.jpg?v=1759131274|https://cdn.shopify.com/s/files/1/0912/9351/6071/files/img_f8c0bdc9_20241121_i1732169797_9111_1_jpg_287e7526-a913-4ab2-9336-4518ed0ea666.jpg?v=1759131274|https://cdn.shopify.com/s/files/1/0912/9351/6071/files/img_f8c0bdc9_20241121_i1732169798_5435_8_jpg_da09185f-4330-4574-86e5-f09d873782cb.jpg?v=1759131274,Hi I want MANHATTAN TOP HANDLE BAG 32 IN BRUNETTE BROWN CALFSKIN,
NIKI 47 IN CINNAMON BROWN RABBIT FUR GOLD HARDWARE,https://cdn.shopify.com/s/files/1/0912/9351/6071/files/img_f8c0bdc9_20241121_i1732170527_5723_1_jpg_df8cad7c-4253-45ba-b675-06c167b67045.jpg?v=1759131291,handbags,ysl,https://cdn.shopify.com/s/files/1/0912/9351/6071/files/img_f8c0bdc9_20241121_i1732170527_5723_1_jpg_df8cad7c-4253-45ba-b675-06c167b67045.jpg?v=1759131291|https://cdn.shopify.com/s/files/1/0912/9351/6071/files/img_f8c0bdc9_20241121_i1732170527_4650_2_jpg_3e2eb1e3-a742-4f19-8daa-60ae41aa16fd.jpg?v=1759131291|https://cdn.shopify.com/s/files/1/0912/9351/6071/files/img_f8c0bdc9_20241121_i1732170527_7935_0_jpg_faa42bc1-6120-4e23-9c13-2fa3dfc5a970.jpg?v=1759131291|https://cdn.shopify.com/s/files/1/0912/9351/6071/files/img_f8c0bdc9_20241121_i1732170528_496_8_jpg_e928cd82-bdf8-48de-92ff-d87b457ebec1.jpg?v=1759131291|https://cdn.shopify.com/s/files/1/0912/9351/6071/files/img_f8c0bdc9_20241121_i1732170528_5426_5_jpg_940638df-92be-4a7b-af33-04c2646a59f3.jpg?v=1759131291|https://cdn.shopify.com/s/files/1/0912/9351/6071/files/img_f8c0bdc9_20241121_i1732170528_6714_7_jpg_8002fcfc-f16a-4482-9b28-86bd5b43280d.jpg?v=1759131291|https://cdn.shopify.com/s/files/1/0912/9351/6071/files/img_f8c0bdc9_20241121_i1732170528_6807_4_jpg_6cb7374a-5ab6-4064-9cf1-b0d6fe89d3c6.jpg?v=1759131291|https://cdn.shopify.com/s/files/1/0912/9351/6071/files/img_f8c0bdc9_20241121_i1732170528_8163_6_jpg_13807fdf-4f0b-46f9-b2c5-d1acddb6fdef.jpg?v=1759131291|https://cdn.shopify.com/s/files/1/0912/9351/6071/files/img_f8c0bdc9_20241121_i1732170528_9901_3_jpg_2a201889-8818-4f67-b5d5-55465dcd02c7.jpg?v=1759131291,Hi I want NIKI 47 IN CINNAMON BROWN RABBIT FUR GOLD HARDWARE,
NIKI LARGE 32 IN CURRANT RED RABBIT FUR GOLD HARDWARE,https://cdn.shopify.com/s/files/1/0912/9351/6071/files/img_f8c0bdc9_20241121_i1732171380_8725_7_jpg_aa912555-dac7-4ad2-9892-5e8f0fdeeb21.jpg?v=1759131308,handbags,ysl,https://cdn.shopify.com/s/files/1/0912/9351/6071/files/img_f8c0bdc9_20241121_i1732171380_8725_7_jpg_aa912555-dac7-4ad2-9892-5e8f0fdeeb21.jpg?v=1759131308|https://cdn.shopify.com/s/files/1/0912/9351/6071/files/img_f8c0bdc9_20241121_i1732171380_598_2_jpg_1117347c-7671-4010-841e-c92ae995a252.jpg?v=1759131308|https://cdn.shopify.com/s/files/1/0912/9351/6071/files/img_f8c0bdc9_20241121_i1732171380_1437_6_jpg_1b343d40-a621-4a72-bc11-3b1c4fcfb722.jpg?v=1759131308|https://cdn.shopify.com/s/files/1/0912/9351/6071/files/img_f8c0bdc9_20241121_i1732171380_1619_3_jpg_529bdf5e-c85d-421c-b67f-21ef552ff75a.jpg?v=1759131308|https://cdn.shopify.com/s/files/1/0912/9351/6071/files/img_f8c0bdc9_20241121_i1732171380_2160_4_jpg_caae89e0-17a5-457a-bc5b-f90bad8b58e7.jpg?v=1759131308|https://cdn.shopify.com/s/files/1/0912/9351/6071/files/img_f8c0bdc9_20241121_i1732171380_6356_0_jpg_a974fd05-02c6-45f3-91d0-4495ddf6704e.jpg?v=1759131308|https://cdn.shopify.com/s/files/1/0912/9351/6071/files/img_f8c0bdc9_20241121_i1732171380_7101_1_jpg_3134ec39-ba3e-4039-82ca-65f1b397f3d0.jpg?v=1759131308|https://cdn.shopify.com/s/files/1/0912/9351/6071/files/img_f8c0bdc9_20241121_i1732171380_9660_8_jpg_5c3efcf9-d68d-4978-a0eb-a3eb2db03e6c.jpg?v=1759131308|https://cdn.shopify.com/s/files/1/0912/9351/6071/files/img_f8c0bdc9_20241121_i1732171380_9689_5_jpg_9c1e7c53-062e-480a-a336-e6fc3f522344.jpg?v=1759131308,Hi I want NIKI LARGE 32 IN CURRANT RED RABBIT FUR GOLD HARDWARE,
NIKI LARGE 32 IN BLACK RABBIT FUR GOLD HARDWARE,https://cdn.shopify.com/s/files/1/0912/9351/6071/files/img_f8c0bdc9_20241121_i1732171646_3085_5_jpg_f8098a08-2843-48b0-b384-d9238f8d5153.jpg?v=1759131320,handbags,ysl,https://cdn.shopify.com/s/files/1/0912/9351/6071/files/img_f8c0bdc9_20241121_i1732171646_3085_5_jpg_f8098a08-2843-48b0-b384-d9238f8d5153.jpg?v=1759131320|https://cdn.shopify.com/s/files/1/0912/9351/6071/files/img_f8c0bdc9_20241121_i1732171646_1106_3_jpg_ea435dfc-cba0-4e57-bd6a-d00b990fd2a1.jpg?v=1759131320|https://cdn.shopify.com/s/files/1/0912/9351/6071/files/img_f8c0bdc9_20241121_i1732171646_1369_1_jpg_778495ac-3e83-4667-8b84-4dc0cdd29608.jpg?v=1759131320|https://cdn.shopify.com/s/files/1/0912/9351/6071/files/img_f8c0bdc9_20241121_i1732171646_3228_8_jpg_dfd9788c-f110-4815-a026-c4230f2e196e.jpg?v=1759131320|https://cdn.shopify.com/s/files/1/0912/9351/6071/files/img_f8c0bdc9_20241121_i1732171646_4094_7_jpg_cd244800-7e8e-4729-ad7a-3fd87e26c552.jpg?v=1759131320|https://cdn.shopify.com/s/files/1/0912/9351/6071/files/img_f8c0bdc9_20241121_i1732171646_5434_6_jpg_8189c472-ff8a-4af8-821b-c29f628d71d7.jpg?v=1759131320|https://cdn.shopify.com/s/files/1/0912/9351/6071/files/img_f8c0bdc9_20241121_i1732171646_6398_4_jpg_d82cd14d-67a1-47f8-9fac-fd795ce1e74c.jpg?v=1759131320|https://cdn.shopify.com/s/files/1/0912/9351/6071/files/img_f8c0bdc9_20241121_i1732171646_7857_2_jpg_a3182ecb-7640-4d0d-b4c0-8c44576ea05c.jpg?v=1759131320|https://cdn.shopify.com/s/files/1/0912/9351/6071/files/img_f8c0bdc9_20241121_i1732171646_9156_0_jpg_5c243555-1ee8-46fb-9422-33c16d70b314.jpg?v=1759131320,Hi I want NIKI LARGE 32 IN BLACK RABBIT FUR GOLD HARDWARE,
CASSANDRA TOP HANDLE BAG 24 IN BLACK SMOOTH LAMBSKIN GOLD HARDWARE,https://cdn.shopify.com/s/files/1/0912/9351/6071/files/img_f8c0bdc9_20240516_i1715853783_7526_8_jpg_9d84fb65-4e98-4fe4-9622-ad4884adf32a.jpg?v=1759131340,handbags,ysl,https://cdn.shopify.com/s/files/1/0912/9351/6071/files/img_f8c0bdc9_20240516_i1715853783_7526_8_jpg_9d84fb65-4e98-4fe4-9622-ad4884adf32a.jpg?v=1759131340|https://cdn.shopify.com/s/files/1/0912/9351/6071/files/img_f8c0bdc9_20240516_i1715853783_1827_3_jpg_a08711ad-f46c-4288-a4ab-6201a5d86c78.jpg?v=1759131341|https://cdn.shopify.com/s/files/1/0912/9351/6071/files/img_f8c0bdc9_20240516_i1715853783_2849_5_jpg_51150a5b-69d4-4a6d-939d-80fe5695e54c.jpg?v=1759131341|https://cdn.shopify.com/s/files/1/0912/9351/6071/files/img_f8c0bdc9_20240516_i1715853783_3743_7_jpg_5a8e9bff-132c-4da2-9f8a-2502a3dfb5c8.jpg?v=1759131341|https://cdn.shopify.com/s/files/1/0912/9351/6071/files/img_f8c0bdc9_20240516_i1715853783_3854_6_jpg_5b0b9fb5-fd72-428c-819c-5b7a1c447181.jpg?v=1759131341|https://cdn.shopify.com/s/files/1/0912/9351/6071/files/img_f8c0bdc9_20240516_i1715853783_5873_2_jpg_871862ce-ced1-4146-92c6-7edced9c8b8f.jpg?v=1759131341|https://cdn.shopify.com/s/files/1/0912/9351/6071/files/img_f8c0bdc9_20240516_i1715853783_6510_4_jpg_d931a8f7-85df-4f2d-978e-05d483781fd1.jpg?v=1759131341|https://cdn.shopify.com/s/files/1/0912/9351/6071/files/img_f8c0bdc9_20240516_i1715853783_7411_1_jpg_57251ce6-a5da-48b4-bebb-fb326c43979a.jpg?v=1759131341|https://cdn.shopify.com/s/files/1/0912/9351/6071/files/img_f8c0bdc9_20240516_i1715853783_8763_0_jpg_fcf770cb-d0dd-490e-8a5f-24355a5c2d23.jpg?v=1759131341,Hi I want CASSANDRA TOP HANDLE BAG 24 IN BLACK SMOOTH LAMBSKIN GOLD HARDWARE,
CASSANDRA MINI TOP HANDLE BAG 20 IN BLACK SMOOTH LAMBSKIN GOLD HARDWARE,https://cdn.shopify.com/s/files/1/0912/9351/6071/files/img_f8c0bdc9_20240516_i1715853940_4575_7_jpg_ebf73e4b-514d-4fee-a695-461b392acbba.jpg?v=1759131351,handbags,ysl,https://cdn.shopify.com/s/files/1/0912/9351/6071/files/img_f8c0bdc9_20240516_i1715853940_4575_7_jpg_ebf73e4b-514d-4fee-a695-461b392acbba.jpg?v=1759131351|https://cdn.shopify.com/s/files/1/0912/9351/6071/files/img_f8c0bdc9_20240516_i1715853940_1142_6_jpg_42f60e6f-17fe-48da-bd39-5ad3c5c4426c.jpg?v=1759131351|https://cdn.shopify.com/s/files/1/0912/9351/6071/files/img_f8c0bdc9_20240516_i1715853940_2751_4_jpg_31defb0a-f7d8-4277-a726-e3ea3140bdb3.jpg?v=1759131351|https://cdn.shopify.com/s/files/1/0912/9351/6071/files/img_f8c0bdc9_20240516_i1715853940_3004_2_jpg_3ba2b6bf-53ec-4cc7-99bf-be254bc85a97.jpg?v=1759131351|https://cdn.shopify.com/s/files/1/0912/9351/6071/files/img_f8c0bdc9_20240516_i1715853940_3021_0_jpg_33bf0b33-a005-4a8a-9874-9c1f9da25034.jpg?v=1759131351|https://cdn.shopify.com/s/files/1/0912/9351/6071/files/img_f8c0bdc9_20240516_i1715853940_6561_5_jpg_1809366e-65f0-4ad5-9375-709e58c83cb8.jpg?v=1759131351|https://cdn.shopify.com/s/files/1/0912/9351/6071/files/img_f8c0bdc9_20240516_i1715853940_9487_1_jpg_a924f107-1dac-4c68-8a3e-c05b58f889f0.jpg?v=1759131351|https://cdn.shopify.com/s/files/1/0912/9351/6071/files/img_f8c0bdc9_20240516_i1715853941_3411_8_jpg_5b5ef225-3696-4fb0-8f43-5fde161c611f.jpg?v=1759131351|https://cdn.shopify.com/s/files/1/0912/9351/6071/files/img_f8c0bdc9_20240516_i1715853956_9046_0_jpg_ac4aa84d-d3d3-4fc2-ab14-2d2a1de31ced.jpg?v=1759131351,Hi I want CASSANDRA MINI TOP HANDLE BAG 20 IN BLACK SMOOTH LAMBSKIN GOLD HARDWARE,
CASSANDRA TOP HANDLE BAG 24 IN BLACK CROCODILE-EMBOSSED GLOSSY CALFSKIN,https://cdn.shopify.com/s/files/1/0912/9351/6071/files/img_f8c0bdc9_20240516_i1715854520_5529_3_jpg_023b6a56-b245-46d7-9d2b-0a2c99998139.jpg?v=1759131361,handbags,ysl,https://cdn.shopify.com/s/files/1/0912/9351/6071/files/img_f8c0bdc9_20240516_i1715854520_5529_3_jpg_023b6a56-b245-46d7-9d2b-0a2c99998139.jpg?v=1759131361|https://cdn.shopify.com/s/files/1/0912/9351/6071/files/img_f8c0bdc9_20240516_i1715854520_2359_0_jpg_7c2a2ca7-428f-455f-94f9-696bab3e73eb.jpg?v=1759131361|https://cdn.shopify.com/s/files/1/0912/9351/6071/files/img_f8c0bdc9_20240516_i1715854520_3130_7_jpg_13e21dab-a530-4536-8724-25b0d95a8f13.jpg?v=1759131361|https://cdn.shopify.com/s/files/1/0912/9351/6071/files/img_f8c0bdc9_20240516_i1715854520_5147_6_jpg_3355982d-240a-46c0-a7f7-ef1f73575827.jpg?v=1759131361|https://cdn.shopify.com/s/files/1/0912/9351/6071/files/img_f8c0bdc9_20240516_i1715854535_3013_0_jpg_b60455b9-cf4c-425d-b851-721e7fdbc8a7.jpg?v=1759131362|https://cdn.shopify.com/s/files/1/0912/9351/6071/files/img_f8c0bdc9_20240516_i1715854520_308_8_jpg_c5534677-9459-4962-a6fc-66a23c284d63.jpg?v=1759131362|https://cdn.shopify.com/s/files/1/0912/9351/6071/files/img_f8c0bdc9_20240516_i1715854520_1372_4_jpg_1c88d8dc-b939-4e74-9f08-742726af5aec.jpg?v=1759131362|https://cdn.shopify.com/s/files/1/0912/9351/6071/files/img_f8c0bdc9_20240516_i1715854520_5246_2_jpg_ef89e789-1f15-4c74-9436-af1fceccd9df.jpg?v=1759131362|https://cdn.shopify.com/s/files/1/0912/9351/6071/files/img_f8c0bdc9_20240516_i1715854520_8662_1_jpg_9722b035-a4ff-4203-b034-4233d55ec60c.jpg?v=1759131362,Hi I want CASSANDRA TOP HANDLE BAG 24 IN BLACK CROCODILE-EMBOSSED GLOSSY CALFSKIN,
CASSANDRA MINI TOP HANDLE BAG 20 IN BLACK CROCODILE-EMBOSSED GLOSSY CALFSKIN,https://cdn.shopify.com/s/files/1/0912/9351/6071/files/img_f8c0bdc9_20240718_i1721288936_4822_4_jpg_19423959-d596-4e8b-8b4f-188310446796.jpg?v=1759131372,handbags,ysl,https://cdn.shopify.com/s/files/1/0912/9351/6071/files/img_f8c0bdc9_20240718_i1721288936_4822_4_jpg_19423959-d596-4e8b-8b4f-188310446796.jpg?v=1759131372|https://cdn.shopify.com/s/files/1/0912/9351/6071/files/img_f8c0bdc9_20240718_i1721288935_4423_0_jpg_7575d1ae-cc72-4c43-b001-4e4c8c938806.jpg?v=1759131372|https://cdn.shopify.com/s/files/1/0912/9351/6071/files/img_f8c0bdc9_20240718_i1721288935_6701_1_jpg_42e1e34b-3189-4cb9-a33b-4ccef760b3ed.jpg?v=1759131372|https://cdn.shopify.com/s/files/1/0912/9351/6071/files/img_f8c0bdc9_20240718_i1721288935_7848_2_jpg_f575e0f1-a41d-4821-b446-8fd892b67f90.jpg?v=1759131372|https://cdn.shopify.com/s/files/1/0912/9351/6071/files/img_f8c0bdc9_20240718_i1721288936_1660_8_jpg_3e974aad-047b-490e-82ff-081187371b7e.jpg?v=1759131372|https://cdn.shopify.com/s/files/1/0912/9351/6071/files/img_f8c0bdc9_20240718_i1721288936_2504_5_jpg_1c25ff0a-0ec4-4a58-98c5-95e8707354c0.jpg?v=1759131372|https://cdn.shopify.com/s/files/1/0912/9351/6071/files/img_f8c0bdc9_20240718_i1721288936_4380_3_jpg_37cbb058-a13d-4b11-82be-7043480c16c5.jpg?v=1759131372|https://cdn.shopify.com/s/files/1/0912/9351/6071/files/img_f8c0bdc9_20240718_i1721288936_6016_7_jpg_f0a450c1-a2ad-4f0e-a982-891666ac7c2e.jpg?v=1759131372|https://cdn.shopify.com/s/files/1/0912/9351/6071/files/img_f8c0bdc9_20240718_i1721288936_7015_6_jpg_b1f05a3a-524b-424c-8d63-909fb6a8264f.jpg?v=1759131372,Hi I want CASSANDRA MINI TOP HANDLE BAG 20 IN BLACK CROCODILE-EMBOSSED GLOSSY CALFSKIN,
CASSANDRA MINI TOP HANDLE BAG 20 IN WHITE CANVAS AND LEATHER TRIM,https://cdn.shopify.com/s/files/1/0912/9351/6071/files/img_f8c0bdc9_20240819_i1724048359_5906_8_jpg_136df29f-2087-45fe-b078-e24029511980.jpg?v=1759131404,handbags,ysl,https://cdn.shopify.com/s/files/1/0912/9351/6071/files/img_f8c0bdc9_20240819_i1724048359_5906_8_jpg_136df29f-2087-45fe-b078-e24029511980.jpg?v=1759131404|https://cdn.shopify.com/s/files/1/0912/9351/6071/files/img_f8c0bdc9_20240819_i1724048358_433_4_jpg_c2964e81-0b07-4475-950e-97d154ce56d8.jpg?v=1759131404|https://cdn.shopify.com/s/files/1/0912/9351/6071/files/img_f8c0bdc9_20240819_i1724048358_1814_3_jpg_7afae39a-59e8-47f9-968f-7ba4867f1749.jpg?v=1759131404|https://cdn.shopify.com/s/files/1/0912/9351/6071/files/img_f8c0bdc9_20240819_i1724048358_2455_5_jpg_098556cb-4625-4ff0-8993-f229950b5c98.jpg?v=1759131404|https://cdn.shopify.com/s/files/1/0912/9351/6071/files/img_f8c0bdc9_20240819_i1724048358_4049_2_jpg_a13f33a5-e48f-400e-89fc-619bc6febed7.jpg?v=1759131404|https://cdn.shopify.com/s/files/1/0912/9351/6071/files/img_f8c0bdc9_20240819_i1724048358_8181_0_jpg_b7ddbe3b-3bf1-4235-9adb-56331194f60f.jpg?v=1759131404|https://cdn.shopify.com/s/files/1/0912/9351/6071/files/img_f8c0bdc9_20240819_i1724048358_9625_1_jpg_d7d2b5df-f248-4531-9d45-9f30c82317a8.jpg?v=1759131404|https://cdn.shopify.com/s/files/1/0912/9351/6071/files/img_f8c0bdc9_20240819_i1724048359_302_6_jpg_bf77c542-c6bb-4f4b-8ced-705f5b35a3c6.jpg?v=1759131404|https://cdn.shopify.com/s/files/1/0912/9351/6071/files/img_f8c0bdc9_20240819_i1724048359_501_7_jpg_209ac3ed-141e-484f-89b0-a79724d84073.jpg?v=1759131404,Hi I want CASSANDRA MINI TOP HANDLE BAG 20 IN WHITE CANVAS AND LEATHER TRIM,
CASSANDRA MINI TOP HANDLE BAG 20 IN BEIGE SUEDE GOLD HARDWARE,https://cdn.shopify.com/s/files/1/0912/9351/6071/files/img_f8c0bdc9_20231127_i1701076773_6803_0_jpg_3e30785a-9e34-4341-8395-d7398337a0a6.jpg?v=1759131415,handbags,ysl,https://cdn.shopify.com/s/files/1/0912/9351/6071/files/img_f8c0bdc9_20231127_i1701076773_6803_0_jpg_3e30785a-9e34-4341-8395-d7398337a0a6.jpg?v=1759131415|https://cdn.shopify.com/s/files/1/0912/9351/6071/files/img_f8c0bdc9_20231127_i1701076773_509_7_jpg_350ffb75-ade0-48af-a79d-fb886f49d7f7.jpg?v=1759131415|https://cdn.shopify.com/s/files/1/0912/9351/6071/files/img_f8c0bdc9_20231127_i1701076773_671_5_jpg_81202ac5-2fb5-4a3d-aed3-d6596569bd8d.jpg?v=1759131415|https://cdn.shopify.com/s/files/1/0912/9351/6071/files/img_f8c0bdc9_20231127_i1701076773_1239_8_jpg_e127cc83-99e5-4f6e-981d-cea1f8eb2e8a.jpg?v=1759131415|https://cdn.shopify.com/s/files/1/0912/9351/6071/files/img_f8c0bdc9_20231127_i1701076773_5472_3_jpg_537bd868-f44f-40ba-a5d6-c20b6fbbfd4d.jpg?v=1759131415|https://cdn.shopify.com/s/files/1/0912/9351/6071/files/img_f8c0bdc9_20231127_i1701076773_5652_4_jpg_73bdd961-17e5-45aa-ae8d-a988a2426469.jpg?v=1759131415|https://cdn.shopify.com/s/files/1/0912/9351/6071/files/img_f8c0bdc9_20231127_i1701076773_5820_2_jpg_90804003-de5c-4010-a959-fd46fef72db6.jpg?v=1759131416|https://cdn.shopify.com/s/files/1/0912/9351/6071/files/img_f8c0bdc9_20231127_i1701076773_8478_6_jpg_47113408-6c6b-4efb-8780-3337fe6a02b9.jpg?v=1759131416|https://cdn.shopify.com/s/files/1/0912/9351/6071/files/img_f8c0bdc9_20231127_i1701076773_8928_1_jpg_bfca6448-d490-4227-9db9-85c3a89d891c.jpg?v=1759131416,Hi I want CASSANDRA MINI TOP HANDLE BAG 20 IN BEIGE SUEDE GOLD HARDWARE,
CASSANDRE CLUTCH 21 IN BLACK LAMBSKIN GOLD HARDWARE,https://cdn.shopify.com/s/files/1/0912/9351/6071/files/img_f8c0bdc9_20241121_i1732168646_2564_2_jpg_f383ec9c-32a3-4421-bd6d-76caefdcfd5d.jpg?v=1759131426,handbags,ysl,https://cdn.shopify.com/s/files/1/0912/9351/6071/files/img_f8c0bdc9_20241121_i1732168646_2564_2_jpg_f383ec9c-32a3-4421-bd6d-76caefdcfd5d.jpg?v=1759131426|https://cdn.shopify.com/s/files/1/0912/9351/6071/files/img_f8c0bdc9_20241121_i1732168646_1820_5_jpg_50045f32-8043-4a40-af84-7b00dd6815be.jpg?v=1759131426|https://cdn.shopify.com/s/files/1/0912/9351/6071/files/img_f8c0bdc9_20241121_i1732168646_3245_0_jpg_4da7cc03-7f58-4f78-bda4-eb859ce228c0.jpg?v=1759131426|https://cdn.shopify.com/s/files/1/0912/9351/6071/files/img_f8c0bdc9_20241121_i1732168646_4380_3_jpg_ad5ab964-edfb-4faf-b0d0-68624fda50e6.jpg?v=1759131426|https://cdn.shopify.com/s/files/1/0912/9351/6071/files/img_f8c0bdc9_20241121_i1732168646_4874_1_jpg_d687054c-2e9e-4458-9e4a-1c48ed010120.jpg?v=1759131427|https://cdn.shopify.com/s/files/1/0912/9351/6071/files/img_f8c0bdc9_20241121_i1732168646_6411_7_jpg_10752243-2294-4a9d-a68c-e41a24911657.jpg?v=1759131427|https://cdn.shopify.com/s/files/1/0912/9351/6071/files/img_f8c0bdc9_20241121_i1732168646_6436_8_jpg_a766df49-47d6-4bb7-a250-a98faa91d9db.jpg?v=1759131427|https://cdn.shopify.com/s/files/1/0912/9351/6071/files/img_f8c0bdc9_20241121_i1732168646_7194_4_jpg_277f7b69-20dc-4347-9096-fcf29004f617.jpg?v=1759131427|https://cdn.shopify.com/s/files/1/0912/9351/6071/files/img_f8c0bdc9_20241121_i1732168646_8072_6_jpg_a64e16da-ec48-404e-87c1-5bd168bf3e67.jpg?v=1759131427,Hi I want CASSANDRE CLUTCH 21 IN BLACK LAMBSKIN GOLD HARDWARE,
CASSANDRE CLUTCH 21 IN BORDEAUX RED LAMBSKIN GOLD HARDWARE,https://cdn.shopify.com/s/files/1/0912/9351/6071/files/img_f8c0bdc9_20241121_i1732168804_1630_4_jpg_59966b10-9dd6-4370-bf43-267115f4cbd0.jpg?v=1759131439,handbags,ysl,https://cdn.shopify.com/s/files/1/0912/9351/6071/files/img_f8c0bdc9_20241121_i1732168804_1630_4_jpg_59966b10-9dd6-4370-bf43-267115f4cbd0.jpg?v=1759131439|https://cdn.shopify.com/s/files/1/0912/9351/6071/files/img_f8c0bdc9_20241121_i1732168804_4499_8_jpg_963749c9-6003-4da2-b11f-e661c167fd19.jpg?v=1759131439|https://cdn.shopify.com/s/files/1/0912/9351/6071/files/img_f8c0bdc9_20241121_i1732168804_5673_1_jpg_327225fd-56c5-4e7f-8dc2-7d0096f7ec7a.jpg?v=1759131439|https://cdn.shopify.com/s/files/1/0912/9351/6071/files/img_f8c0bdc9_20241121_i1732168804_6149_5_jpg_dc223f0e-3f9d-4d72-abf6-55a90358669c.jpg?v=1759131439|https://cdn.shopify.com/s/files/1/0912/9351/6071/files/img_f8c0bdc9_20241121_i1732168804_6510_7_jpg_3c8d89c9-4bfb-4279-bc21-3d406705b1c7.jpg?v=1759131440|https://cdn.shopify.com/s/files/1/0912/9351/6071/files/img_f8c0bdc9_20241121_i1732168804_7173_3_jpg_2e1379cb-c8eb-40ae-aaf1-6b663c7c7820.jpg?v=1759131440|https://cdn.shopify.com/s/files/1/0912/9351/6071/files/img_f8c0bdc9_20241121_i1732168804_7840_6_jpg_6c139115-584d-4b37-8059-ac4137ac3efc.jpg?v=1759131440|https://cdn.shopify.com/s/files/1/0912/9351/6071/files/img_f8c0bdc9_20241121_i1732168804_8189_0_jpg_c2bf7a5d-9ace-44d6-a73c-d8c061c12342.jpg?v=1759131440|https://cdn.shopify.com/s/files/1/0912/9351/6071/files/img_f8c0bdc9_20241121_i1732168804_9598_2_jpg_bd483418-fce8-4bde-8e52-7b5b0e501790.jpg?v=1759131440,Hi I want CASSANDRE CLUTCH 21 IN BORDEAUX RED LAMBSKIN GOLD HARDWARE,
CASSANDRA TOP HANDLE BAG 24 IN GRAY CALFSKIN GOLD HARDWARE,https://cdn.shopify.com/s/files/1/0912/9351/6071/files/img_f8c0bdc9_20240516_i1715850935_6876_2_jpg_10f3e750-fbb7-4155-86c9-639c30236c1f.jpg?v=1759131453,handbags,ysl,https://cdn.shopify.com/s/files/1/0912/9351/6071/files/img_f8c0bdc9_20240516_i1715850935_6876_2_jpg_10f3e750-fbb7-4155-86c9-639c30236c1f.jpg?v=1759131453|https://cdn.shopify.com/s/files/1/0912/9351/6071/files/img_f8c0bdc9_20240516_i1715850935_3849_4_jpg_f13c156f-dfed-49fb-b82e-24d4d09d9e6b.jpg?v=1759131453|https://cdn.shopify.com/s/files/1/0912/9351/6071/files/img_f8c0bdc9_20240516_i1715850935_8011_1_jpg_e5c692f5-ef27-49c8-aad3-a54e88cb0457.jpg?v=1759131453|https://cdn.shopify.com/s/files/1/0912/9351/6071/files/img_f8c0bdc9_20240516_i1715850935_8805_3_jpg_c8875171-2869-45ff-8836-833581b49eed.jpg?v=1759131453|https://cdn.shopify.com/s/files/1/0912/9351/6071/files/img_f8c0bdc9_20240516_i1715850935_9591_0_jpg_fc913325-2ace-49ce-8acb-832564093c80.jpg?v=1759131453|https://cdn.shopify.com/s/files/1/0912/9351/6071/files/img_f8c0bdc9_20240516_i1715850936_4121_7_jpg_b2e99961-6b69-46da-89a5-ed48c3b36518.jpg?v=1759131453|https://cdn.shopify.com/s/files/1/0912/9351/6071/files/img_f8c0bdc9_20240516_i1715850936_4450_5_jpg_e3f8564e-e4b4-4f8d-a8bd-2a4bd5585565.jpg?v=1759131453|https://cdn.shopify.com/s/files/1/0912/9351/6071/files/img_f8c0bdc9_20240516_i1715850936_5230_6_jpg_6ef73ade-d793-4e83-b615-7a217e270b81.jpg?v=1759131453|https://cdn.shopify.com/s/files/1/0912/9351/6071/files/img_f8c0bdc9_20240516_i1715850936_7211_8_jpg_b5aa99d7-5208-412c-92dd-c1f7b0bf2a5b.jpg?v=1759131453,Hi I want CASSANDRA TOP HANDLE BAG 24 IN GRAY CALFSKIN GOLD HARDWARE,
CASSANDRA MINI TOP HANDLE BAG 20 IN GRAY CALFSKIN GOLD HARDWARE,https://cdn.shopify.com/s/files/1/0912/9351/6071/files/img_f8c0bdc9_20240516_i1715851071_2405_8_jpg_23d9e8e3-9916-42b1-8661-5ec01e9f8623.jpg?v=1759131464,handbags,ysl,https://cdn.shopify.com/s/files/1/0912/9351/6071/files/img_f8c0bdc9_20240516_i1715851071_2405_8_jpg_23d9e8e3-9916-42b1-8661-5ec01e9f8623.jpg?v=1759131464|https://cdn.shopify.com/s/files/1/0912/9351/6071/files/img_f8c0bdc9_20240516_i1715851071_17_3_jpg_21705591-b885-4117-8228-11ccca56dbe2.jpg?v=1759131464|https://cdn.shopify.com/s/files/1/0912/9351/6071/files/img_f8c0bdc9_20240516_i1715851071_716_0_jpg_407b931e-64d0-4b4b-a1e0-ac6e2ec40764.jpg?v=1759131464|https://cdn.shopify.com/s/files/1/0912/9351/6071/files/img_f8c0bdc9_20240516_i1715851071_3046_1_jpg_a689186a-c009-41e5-be63-b36ef372f11e.jpg?v=1759131464|https://cdn.shopify.com/s/files/1/0912/9351/6071/files/img_f8c0bdc9_20240516_i1715851071_5952_5_jpg_59c41c02-c177-4317-abcb-8868d45b7e15.jpg?v=1759131464|https://cdn.shopify.com/s/files/1/0912/9351/6071/files/img_f8c0bdc9_20240516_i1715851071_6019_2_jpg_a8499fff-8294-49fa-b5e6-5b587983dba3.jpg?v=1759131464|https://cdn.shopify.com/s/files/1/0912/9351/6071/files/img_f8c0bdc9_20240516_i1715851071_6485_7_jpg_fbb613a8-95df-4145-af0b-a02e24c41b9d.jpg?v=1759131464|https://cdn.shopify.com/s/files/1/0912/9351/6071/files/img_f8c0bdc9_20240516_i1715851071_7782_4_jpg_11d3a255-e317-4195-9e4e-408923f13aa8.jpg?v=1759131464|https://cdn.shopify.com/s/files/1/0912/9351/6071/files/img_f8c0bdc9_20240516_i1715851071_9611_6_jpg_65892d74-4f3c-40db-952f-6e951f60af61.jpg?v=1759131464,Hi I want CASSANDRA MINI TOP HANDLE BAG 20 IN GRAY CALFSKIN GOLD HARDWARE,
CASSANDRA TOP HANDLE BAG 24 IN WHITE CALFSKIN GOLD HARDWARE,https://cdn.shopify.com/s/files/1/0912/9351/6071/files/img_f8c0bdc9_20240516_i1715851398_6754_0_jpg_f1a29cd1-0f9e-45e7-8e23-3e59f43b506d.jpg?v=1759131475,handbags,ysl,https://cdn.shopify.com/s/files/1/0912/9351/6071/files/img_f8c0bdc9_20240516_i1715851398_6754_0_jpg_f1a29cd1-0f9e-45e7-8e23-3e59f43b506d.jpg?v=1759131475|https://cdn.shopify.com/s/files/1/0912/9351/6071/files/img_f8c0bdc9_20240516_i1715851398_3624_3_jpg_9a883ac0-a341-4ac4-b49d-b457b4f9b1ae.jpg?v=1759131475|https://cdn.shopify.com/s/files/1/0912/9351/6071/files/img_f8c0bdc9_20240516_i1715851398_4162_7_jpg_c3836653-df63-47f3-bf41-19ced1437527.jpg?v=1759131475|https://cdn.shopify.com/s/files/1/0912/9351/6071/files/img_f8c0bdc9_20240516_i1715851398_5090_1_jpg_8cfc1c92-8f33-4b8a-9215-eec9174558bb.jpg?v=1759131475|https://cdn.shopify.com/s/files/1/0912/9351/6071/files/img_f8c0bdc9_20240516_i1715851398_5408_4_jpg_761ef971-8d01-4efe-bb54-373b73548536.jpg?v=1759131475|https://cdn.shopify.com/s/files/1/0912/9351/6071/files/img_f8c0bdc9_20240516_i1715851398_6493_5_jpg_3b8db466-714a-4f41-b227-f423d91664ca.jpg?v=1759131475|https://cdn.shopify.com/s/files/1/0912/9351/6071/files/img_f8c0bdc9_20240516_i1715851398_6657_8_jpg_3b851f4d-bd94-4ef2-a32e-9d4e8fd13d8a.jpg?v=1759131475|https://cdn.shopify.com/s/files/1/0912/9351/6071/files/img_f8c0bdc9_20240516_i1715851398_8126_6_jpg_a69a96d6-8923-4620-8205-7c77ec1dc2ad.jpg?v=1759131475|https://cdn.shopify.com/s/files/1/0912/9351/6071/files/img_f8c0bdc9_20240516_i1715851398_8474_2_jpg_e8623639-8ef1-4d09-9128-e2b343c10bd0.jpg?v=1759131475,Hi I want CASSANDRA TOP HANDLE BAG 24 IN WHITE CALFSKIN GOLD HARDWARE,
CASSANDRA MINI TOP HANDLE BAG 20 IN WHITE CALFSKIN GOLD HARDWARE,https://cdn.shopify.com/s/files/1/0912/9351/6071/files/img_f8c0bdc9_20240516_i1715851514_5730_3_jpg_55ce5d53-003d-4b80-8cb0-a650ae935bbd.jpg?v=1759131485,handbags,ysl,https://cdn.shopify.com/s/files/1/0912/9351/6071/files/img_f8c0bdc9_20240516_i1715851514_5730_3_jpg_55ce5d53-003d-4b80-8cb0-a650ae935bbd.jpg?v=1759131485|https://cdn.shopify.com/s/files/1/0912/9351/6071/files/img_f8c0bdc9_20240516_i1715851514_255_8_jpg_7551c64b-bee8-4626-8d0a-fecfdecc82bc.jpg?v=1759131485|https://cdn.shopify.com/s/files/1/0912/9351/6071/files/img_f8c0bdc9_20240516_i1715851514_1459_2_jpg_63b1324c-156b-45ab-9c20-9dfd5fe94b51.jpg?v=1759131485|https://cdn.shopify.com/s/files/1/0912/9351/6071/files/img_f8c0bdc9_20240516_i1715851514_2211_4_jpg_8dd7d9a4-011e-44e3-8595-b9906c8b1295.jpg?v=1759131485|https://cdn.shopify.com/s/files/1/0912/9351/6071/files/img_f8c0bdc9_20240516_i1715851514_4283_1_jpg_e6b6fbba-954e-4da9-83cc-997417f34a55.jpg?v=1759131485|https://cdn.shopify.com/s/files/1/0912/9351/6071/files/img_f8c0bdc9_20240516_i1715851514_4745_0_jpg_fa0fb854-eb27-418e-adb1-9af1ebdaec0a.jpg?v=1759131485|https://cdn.shopify.com/s/files/1/0912/9351/6071/files/img_f8c0bdc9_20240516_i1715851514_5497_6_jpg_b6a90211-7b25-4395-b2ba-ff9215dcfa4f.jpg?v=1759131485|https://cdn.shopify.com/s/files/1/0912/9351/6071/files/img_f8c0bdc9_20240516_i1715851514_5905_7_jpg_0892c0d0-e73f-4183-b593-20b7c43a5e24.jpg?v=1759131485|https://cdn.shopify.com/s/files/1/0912/9351/6071/files/img_f8c0bdc9_20240516_i1715851514_7261_5_jpg_347fd375-8c9a-45a7-98ae-c6f3fb299d3b.jpg?v=1759131485,Hi I want CASSANDRA MINI TOP HANDLE BAG 20 IN WHITE CALFSKIN GOLD HARDWARE,
CASSANDRA MINI TOP HANDLE BAG 20 IN BEIGE CALFSKIN GOLD HARDWARE,https://cdn.shopify.com/s/files/1/0912/9351/6071/files/img_f8c0bdc9_20240516_i1715851831_4081_1_jpg_835edd4a-d4a2-442c-8a94-7ef31172902c.jpg?v=1759131506,handbags,ysl,https://cdn.shopify.com/s/files/1/0912/9351/6071/files/img_f8c0bdc9_20240516_i1715851831_4081_1_jpg_835edd4a-d4a2-442c-8a94-7ef31172902c.jpg?v=1759131506|https://cdn.shopify.com/s/files/1/0912/9351/6071/files/img_f8c0bdc9_20240516_i1715851831_310_5_jpg_3553abcd-dcf6-4579-9def-e739dba79789.jpg?v=1759131506|https://cdn.shopify.com/s/files/1/0912/9351/6071/files/img_f8c0bdc9_20240516_i1715851831_2735_6_jpg_848ae46b-7629-4b08-a01d-6b86b1da07cb.jpg?v=1759131506|https://cdn.shopify.com/s/files/1/0912/9351/6071/files/img_f8c0bdc9_20240516_i1715851831_4068_2_jpg_f72b4c81-6551-43f0-8c63-a1055d76e39a.jpg?v=1759131506|https://cdn.shopify.com/s/files/1/0912/9351/6071/files/img_f8c0bdc9_20240516_i1715851831_4796_8_jpg_435a814c-995a-4728-b7ed-6c509137f841.jpg?v=1759131507|https://cdn.shopify.com/s/files/1/0912/9351/6071/files/img_f8c0bdc9_20240516_i1715851831_4951_7_jpg_db66a342-b425-4a0f-b886-59a7a027478a.jpg?v=1759131507|https://cdn.shopify.com/s/files/1/0912/9351/6071/files/img_f8c0bdc9_20240516_i1715851831_5115_0_jpg_4d5f02cd-92ed-436d-aac1-b8edc23f74d8.jpg?v=1759131507|https://cdn.shopify.com/s/files/1/0912/9351/6071/files/img_f8c0bdc9_20240516_i1715851831_6271_3_jpg_6542f5c3-6576-4177-aa37-dae7148e6f89.jpg?v=1759131507|https://cdn.shopify.com/s/files/1/0912/9351/6071/files/img_f8c0bdc9_20240516_i1715851831_8639_4_jpg_aa173632-1a63-4eb3-990e-4bd281ccd3e5.jpg?v=1759131507,Hi I want CASSANDRA MINI TOP HANDLE BAG 20 IN BEIGE CALFSKIN GOLD HARDWARE,
CASSANDRA TOP HANDLE BAG 24 IN BLACK CALFSKIN GOLD HARDWARE,https://cdn.shopify.com/s/files/1/0912/9351/6071/files/img_f8c0bdc9_20240516_i1715852121_3220_6_jpg_46778a70-4ea6-4f12-a1e9-e78eec935a87.jpg?v=1759131517,handbags,ysl,https://cdn.shopify.com/s/files/1/0912/9351/6071/files/img_f8c0bdc9_20240516_i1715852121_3220_6_jpg_46778a70-4ea6-4f12-a1e9-e78eec935a87.jpg?v=1759131517|https://cdn.shopify.com/s/files/1/0912/9351/6071/files/img_f8c0bdc9_20240516_i1715852121_1513_7_jpg_167e9561-22b9-4357-a49c-eee234cbbfc8.jpg?v=1759131517|https://cdn.shopify.com/s/files/1/0912/9351/6071/files/img_f8c0bdc9_20240516_i1715852121_4514_8_jpg_2af94536-fd0d-4059-b0cb-bb9d25466fcc.jpg?v=1759131517|https://cdn.shopify.com/s/files/1/0912/9351/6071/files/img_f8c0bdc9_20240516_i1715852121_4590_5_jpg_97ed6f10-54d7-408d-b2eb-64f411aad8ad.jpg?v=1759131517|https://cdn.shopify.com/s/files/1/0912/9351/6071/files/img_f8c0bdc9_20240516_i1715852121_6150_1_jpg_e57337cf-9c32-45fc-b148-19cc12555195.jpg?v=1759131517|https://cdn.shopify.com/s/files/1/0912/9351/6071/files/img_f8c0bdc9_20240516_i1715852121_6473_2_jpg_0db8a8e4-a2bf-48ff-84cc-6c6071959a81.jpg?v=1759131517|https://cdn.shopify.com/s/files/1/0912/9351/6071/files/img_f8c0bdc9_20240516_i1715852121_7370_4_jpg_f21d8a1c-184c-418b-9580-5139daa11fdd.jpg?v=1759131517|https://cdn.shopify.com/s/files/1/0912/9351/6071/files/img_f8c0bdc9_20240516_i1715852121_8015_0_jpg_943e5a2c-0c41-4b2c-aaec-3760ec3bb3ba.jpg?v=1759131517|https://cdn.shopify.com/s/files/1/0912/9351/6071/files/img_f8c0bdc9_20240516_i1715852121_8845_3_jpg_e6efd75d-7fa2-4006-9849-b664a8d10b29.jpg?v=1759131517,Hi I want CASSANDRA TOP HANDLE BAG 24 IN BLACK CALFSKIN GOLD HARDWARE,
CASSANDRA MINI TOP HANDLE BAG 20 IN BLACK CALFSKIN GOLD HARDWARE,https://cdn.shopify.com/s/files/1/0912/9351/6071/files/img_f8c0bdc9_20240516_i1715852903_1616_4_jpg_9cd89816-4e09-4c72-b2bd-9df9784ac981.jpg?v=1759131526,handbags,ysl,https://cdn.shopify.com/s/files/1/0912/9351/6071/files/img_f8c0bdc9_20240516_i1715852903_1616_4_jpg_9cd89816-4e09-4c72-b2bd-9df9784ac981.jpg?v=1759131526|https://cdn.shopify.com/s/files/1/0912/9351/6071/files/img_f8c0bdc9_20240516_i1715852903_2371_6_jpg_b342009f-b757-4e9b-8a88-d0354e18b7dc.jpg?v=1759131526|https://cdn.shopify.com/s/files/1/0912/9351/6071/files/img_f8c0bdc9_20240516_i1715852903_7264_8_jpg_491ccefb-a414-408c-b22c-923c300d23d6.jpg?v=1759131526|https://cdn.shopify.com/s/files/1/0912/9351/6071/files/img_f8c0bdc9_20240516_i1715852903_7700_3_jpg_80770580-5b33-4ddb-a0f5-0736514a9aa8.jpg?v=1759131526|https://cdn.shopify.com/s/files/1/0912/9351/6071/files/img_f8c0bdc9_20240516_i1715852903_7744_5_jpg_2db880e0-e0c0-4934-bbd4-3b6e073dbf8d.jpg?v=1759131526|https://cdn.shopify.com/s/files/1/0912/9351/6071/files/img_f8c0bdc9_20240516_i1715852903_8731_1_jpg_82ed770e-c6f9-44a6-87c7-5f564e1d90b1.jpg?v=1759131526|https://cdn.shopify.com/s/files/1/0912/9351/6071/files/img_f8c0bdc9_20240516_i1715852903_9190_7_jpg_2ebb7b60-e202-4a1b-a893-aa613053fb30.jpg?v=1759131526|https://cdn.shopify.com/s/files/1/0912/9351/6071/files/img_f8c0bdc9_20240516_i1715852903_9610_0_jpg_557eedb2-c354-455b-b626-cf46c767ed48.jpg?v=1759131526|https://cdn.shopify.com/s/files/1/0912/9351/6071/files/img_f8c0bdc9_20240516_i1715852903_9724_2_jpg_f902f319-2e2d-4e39-98d3-6dab2555a2e5.jpg?v=1759131526,Hi I want CASSANDRA MINI TOP HANDLE BAG 20 IN BLACK CALFSKIN GOLD HARDWARE,
NIKI MEDIUM 28 IN CLASSIC RED LAMBSKIN GOLD HARDWARE,https://cdn.shopify.com/s/files/1/0912/9351/6071/files/img_f8c0bdc9_20241122_i1732257904_9827_3_jpg_bbb5e823-bf3d-4ab3-97c4-3081b192c417.jpg?v=1759131536,handbags,ysl,https://cdn.shopify.com/s/files/1/0912/9351/6071/files/img_f8c0bdc9_20241122_i1732257904_9827_3_jpg_bbb5e823-bf3d-4ab3-97c4-3081b192c417.jpg?v=1759131536|https://cdn.shopify.com/s/files/1/0912/9351/6071/files/img_f8c0bdc9_20241122_i1732257904_145_2_jpg_728f3277-508e-4d52-8ffe-c8ce7bf0188e.jpg?v=1759131536|https://cdn.shopify.com/s/files/1/0912/9351/6071/files/img_f8c0bdc9_20241122_i1732257904_931_0_jpg_a8b0f40c-2b3c-4761-8c53-ef98ab63c3ea.jpg?v=1759131536|https://cdn.shopify.com/s/files/1/0912/9351/6071/files/img_f8c0bdc9_20241122_i1732257904_1566_4_jpg_e2a31822-3b15-4e46-aa19-9816ab759bc5.jpg?v=1759131536|https://cdn.shopify.com/s/files/1/0912/9351/6071/files/img_f8c0bdc9_20241122_i1732257904_1692_6_jpg_46829d2b-b33b-45b6-964b-a0fae07df59f.jpg?v=1759131536|https://cdn.shopify.com/s/files/1/0912/9351/6071/files/img_f8c0bdc9_20241122_i1732257904_2185_5_jpg_09345824-0414-4901-97e0-d5e3535ebc82.jpg?v=1759131536|https://cdn.shopify.com/s/files/1/0912/9351/6071/files/img_f8c0bdc9_20241122_i1732257904_3080_7_jpg_7265c3d7-2c0d-4341-b4ba-e7b0e656eb0b.jpg?v=1759131536|https://cdn.shopify.com/s/files/1/0912/9351/6071/files/img_f8c0bdc9_20241122_i1732257904_4845_1_jpg_228be67f-999f-4e1b-8b77-8031fa41ba14.jpg?v=1759131536|https://cdn.shopify.com/s/files/1/0912/9351/6071/files/img_f8c0bdc9_20241122_i1732257920_7415_0_jpg_0c9aebae-ae67-47eb-9513-d4e53ff3a5b9.jpg?v=1759131536,Hi I want NIKI MEDIUM 28 IN CLASSIC RED LAMBSKIN GOLD HARDWARE,
NIKI BABY 22 IN WINE RED LAMBSKIN GOLD CHAIN,https://cdn.shopify.com/s/files/1/0912/9351/6071/files/img_f8c0bdc9_20241122_i1732258332_3943_2_jpg_15bebeca-48cf-417a-a41c-d9e085730895.jpg?v=1759131547,handbags,ysl,https://cdn.shopify.com/s/files/1/0912/9351/6071/files/img_f8c0bdc9_20241122_i1732258332_3943_2_jpg_15bebeca-48cf-417a-a41c-d9e085730895.jpg?v=1759131547|https://cdn.shopify.com/s/files/1/0912/9351/6071/files/img_f8c0bdc9_20241122_i1732258332_186_0_jpg_ada2980c-1017-4462-bd27-c97a1b42ffdc.jpg?v=1759131547|https://cdn.shopify.com/s/files/1/0912/9351/6071/files/img_f8c0bdc9_20241122_i1732258332_3541_8_jpg_8998c998-6920-4f47-8e57-74a6da1fefa1.jpg?v=1759131547|https://cdn.shopify.com/s/files/1/0912/9351/6071/files/img_f8c0bdc9_20241122_i1732258332_3958_5_jpg_44e9531c-e017-48fb-b21f-a2d4f23666cb.jpg?v=1759131547|https://cdn.shopify.com/s/files/1/0912/9351/6071/files/img_f8c0bdc9_20241122_i1732258332_5017_1_jpg_3c56840e-043b-4bc9-9894-8ba740af34da.jpg?v=1759131547|https://cdn.shopify.com/s/files/1/0912/9351/6071/files/img_f8c0bdc9_20241122_i1732258332_5358_4_jpg_a2c37c2c-bce9-4ec5-8321-8213095e86f1.jpg?v=1759131547|https://cdn.shopify.com/s/files/1/0912/9351/6071/files/img_f8c0bdc9_20241122_i1732258332_6803_7_jpg_c5a78fd8-29fc-4c87-9aa9-d51b7a1bd71f.jpg?v=1759131547|https://cdn.shopify.com/s/files/1/0912/9351/6071/files/img_f8c0bdc9_20241122_i1732258332_9762_3_jpg_4a4a9813-bab7-4bd1-9b96-7a786584099b.jpg?v=1759131547|https://cdn.shopify.com/s/files/1/0912/9351/6071/files/img_f8c0bdc9_20241122_i1732258349_9691_0_jpg_73504d28-9a87-4c47-8f43-df2f3c5c91f4.jpg?v=1759131547,Hi I want NIKI BABY 22 IN WINE RED LAMBSKIN GOLD CHAIN,
NIKI BABY 22 IN RICE WHITE LAMBSKIN GOLD CHAIN,https://cdn.shopify.com/s/files/1/0912/9351/6071/files/img_f8c0bdc9_20241122_i1732258514_6145_2_jpg_93bf72e2-ed71-4270-b969-2840444e6503.jpg?v=1759131560,handbags,ysl,https://cdn.shopify.com/s/files/1/0912/9351/6071/files/img_f8c0bdc9_20241122_i1732258514_6145_2_jpg_93bf72e2-ed71-4270-b969-2840444e6503.jpg?v=1759131560|https://cdn.shopify.com/s/files/1/0912/9351/6071/files/img_f8c0bdc9_20241122_i1732258514_2007_6_jpg_7ed948e5-40a6-41e0-9986-08f8195dc357.jpg?v=1759131560|https://cdn.shopify.com/s/files/1/0912/9351/6071/files/img_f8c0bdc9_20241122_i1732258514_2101_7_jpg_1d2f797c-e093-4a3f-93fb-e790f607047e.jpg?v=1759131560|https://cdn.shopify.com/s/files/1/0912/9351/6071/files/img_f8c0bdc9_20241122_i1732258514_2919_8_jpg_3bc9bb0a-9c5d-4005-9379-4890eac85a61.jpg?v=1759131560|https://cdn.shopify.com/s/files/1/0912/9351/6071/files/img_f8c0bdc9_20241122_i1732258514_3666_4_jpg_df7cba7a-4952-4917-a322-175b8df8e259.jpg?v=1759131560|https://cdn.shopify.com/s/files/1/0912/9351/6071/files/img_f8c0bdc9_20241122_i1732258514_5753_3_jpg_a330e4e9-f8f9-4807-9f93-89d4a90f156d.jpg?v=1759131560|https://cdn.shopify.com/s/files/1/0912/9351/6071/files/img_f8c0bdc9_20241122_i1732258514_8824_5_jpg_4a6cbc42-433d-4d91-9836-c0921ba83bfc.jpg?v=1759131560|https://cdn.shopify.com/s/files/1/0912/9351/6071/files/img_f8c0bdc9_20241122_i1732258514_8943_1_jpg_c30a199c-901e-48c5-9832-63301d4b19bd.jpg?v=1759131560|https://cdn.shopify.com/s/files/1/0912/9351/6071/files/img_f8c0bdc9_20241122_i1732258514_9035_0_jpg_550f3d3e-5266-4ac2-b267-a6c15b74efd3.jpg?v=1759131560,Hi I want NIKI BABY 22 IN RICE WHITE LAMBSKIN GOLD CHAIN,
NIKI MEDIUM 28 IN LIGHT BROWN LAMBSKIN GOLD CHAIN,https://cdn.shopify.com/s/files/1/0912/9351/6071/files/img_f8c0bdc9_20241122_i1732258866_6553_7_jpg_4f3b01b2-aca0-4401-ae31-c4363c0dc52e.jpg?v=1759131569,handbags,ysl,https://cdn.shopify.com/s/files/1/0912/9351/6071/files/img_f8c0bdc9_20241122_i1732258866_6553_7_jpg_4f3b01b2-aca0-4401-ae31-c4363c0dc52e.jpg?v=1759131569|https://cdn.shopify.com/s/files/1/0912/9351/6071/files/img_f8c0bdc9_20241122_i1732258866_524_8_jpg_68c035b6-2373-40e7-874f-359c969912ff.jpg?v=1759131569|https://cdn.shopify.com/s/files/1/0912/9351/6071/files/img_f8c0bdc9_20241122_i1732258866_1425_1_jpg_54d7ec3d-614d-4cf9-8446-9b1bc5f7c837.jpg?v=1759131569|https://cdn.shopify.com/s/files/1/0912/9351/6071/files/img_f8c0bdc9_20241122_i1732258866_1973_5_jpg_924d1913-d29b-459d-ac26-42d43eaf93b6.jpg?v=1759131569|https://cdn.shopify.com/s/files/1/0912/9351/6071/files/img_f8c0bdc9_20241122_i1732258866_4710_3_jpg_0b4cd86a-c77f-4b34-b4ab-37b6020ab2c4.jpg?v=1759131569|https://cdn.shopify.com/s/files/1/0912/9351/6071/files/img_f8c0bdc9_20241122_i1732258866_5060_6_jpg_b2a30adf-31b5-4644-80b9-577c2643f1bf.jpg?v=1759131569|https://cdn.shopify.com/s/files/1/0912/9351/6071/files/img_f8c0bdc9_20241122_i1732258866_5441_2_jpg_beaab224-a1d3-475b-819d-e20e8a5dd7bb.jpg?v=1759131569|https://cdn.shopify.com/s/files/1/0912/9351/6071/files/img_f8c0bdc9_20241122_i1732258866_6444_4_jpg_aa8d4af5-ab69-4e64-8ea8-45d851654d9b.jpg?v=1759131569|https://cdn.shopify.com/s/files/1/0912/9351/6071/files/img_f8c0bdc9_20241122_i1732258866_9754_0_jpg_4ea75c4a-2ca5-4155-a8bc-8ba26bbd818f.jpg?v=1759131569,Hi I want NIKI MEDIUM 28 IN LIGHT BROWN LAMBSKIN GOLD CHAIN,
NIKI BABY 22 IN LIGHT BROWN LAMBSKIN COPPER CHAIN,https://cdn.shopify.com/s/files/1/0912/9351/6071/files/img_f8c0bdc9_20241122_i1732259094_7374_7_jpg_987d381a-7e61-4c2d-b8eb-65a2c2a614c0.jpg?v=1759131579,handbags,ysl,https://cdn.shopify.com/s/files/1/0912/9351/6071/files/img_f8c0bdc9_20241122_i1732259094_7374_7_jpg_987d381a-7e61-4c2d-b8eb-65a2c2a614c0.jpg?v=1759131579|https://cdn.shopify.com/s/files/1/0912/9351/6071/files/img_f8c0bdc9_20241122_i1732259093_632_0_jpg_500c09ef-d69e-48ad-b595-98b8edc99cbf.jpg?v=1759131579|https://cdn.shopify.com/s/files/1/0912/9351/6071/files/img_f8c0bdc9_20241122_i1732259094_3018_4_jpg_db2d79f5-7d75-49a1-829a-6de4c6d64cbf.jpg?v=1759131579|https://cdn.shopify.com/s/files/1/0912/9351/6071/files/img_f8c0bdc9_20241122_i1732259094_3184_6_jpg_229c7379-a51a-4dbd-860b-4826e5dad52a.jpg?v=1759131579|https://cdn.shopify.com/s/files/1/0912/9351/6071/files/img_f8c0bdc9_20241122_i1732259094_5297_2_jpg_ae299995-3b77-4ea1-8fde-ab1cef29d044.jpg?v=1759131579|https://cdn.shopify.com/s/files/1/0912/9351/6071/files/img_f8c0bdc9_20241122_i1732259094_6828_8_jpg_972b15f6-f65a-47f4-a478-71e6ac3c7f10.jpg?v=1759131579|https://cdn.shopify.com/s/files/1/0912/9351/6071/files/img_f8c0bdc9_20241122_i1732259094_7937_5_jpg_db92940d-bda0-4bd0-bd44-7a44dac4b0b1.jpg?v=1759131579|https://cdn.shopify.com/s/files/1/0912/9351/6071/files/img_f8c0bdc9_20241122_i1732259094_8253_1_jpg_b4a57ba0-4217-4611-a912-60ad6034ff7c.jpg?v=1759131579|https://cdn.shopify.com/s/files/1/0912/9351/6071/files/img_f8c0bdc9_20241122_i1732259094_8469_3_jpg_dc614816-de4a-413c-b374-3b6674111bfe.jpg?v=1759131579,Hi I want NIKI BABY 22 IN LIGHT BROWN LAMBSKIN COPPER CHAIN,
NIKI BABY 22 IN UNIFORM GREEN LAMBSKIN GOLD CHAIN,https://cdn.shopify.com/s/files/1/0912/9351/6071/files/img_f8c0bdc9_20241122_i1732259709_357_2_jpg_173810e1-7f90-4a68-9448-63d0b2b34264.jpg?v=1759131589,handbags,ysl,https://cdn.shopify.com/s/files/1/0912/9351/6071/files/img_f8c0bdc9_20241122_i1732259709_357_2_jpg_173810e1-7f90-4a68-9448-63d0b2b34264.jpg?v=1759131589|https://cdn.shopify.com/s/files/1/0912/9351/6071/files/img_f8c0bdc9_20241122_i1732259709_754_8_jpg_01b2a350-8976-4600-b6f4-f61226a82b41.jpg?v=1759131589|https://cdn.shopify.com/s/files/1/0912/9351/6071/files/img_f8c0bdc9_20241122_i1732259709_1366_6_jpg_a1a661a8-0108-47ae-be17-8f7d5bdc5190.jpg?v=1759131589|https://cdn.shopify.com/s/files/1/0912/9351/6071/files/img_f8c0bdc9_20241122_i1732259709_3419_5_jpg_89a57378-f430-41ab-bc69-bd7584bd2b9b.jpg?v=1759131589|https://cdn.shopify.com/s/files/1/0912/9351/6071/files/img_f8c0bdc9_20241122_i1732259709_4855_7_jpg_4f03ba7b-d62e-4e70-baf8-7510f0dd525c.jpg?v=1759131589|https://cdn.shopify.com/s/files/1/0912/9351/6071/files/img_f8c0bdc9_20241122_i1732259709_5226_4_jpg_34b1da5e-4294-4ca6-a56c-9979e7b29982.jpg?v=1759131589|https://cdn.shopify.com/s/files/1/0912/9351/6071/files/img_f8c0bdc9_20241122_i1732259709_8204_0_jpg_394b1f83-22f0-4404-a27f-403d85201e23.jpg?v=1759131589|https://cdn.shopify.com/s/files/1/0912/9351/6071/files/img_f8c0bdc9_20241122_i1732259709_8872_1_jpg_e5d7bf91-6d94-45f0-9668-7393fc9b2ad8.jpg?v=1759131589|https://cdn.shopify.com/s/files/1/0912/9351/6071/files/img_f8c0bdc9_20241122_i1732259709_9443_3_jpg_69e2e77e-2b30-48cf-877b-8abffa62d3b2.jpg?v=1759131589,Hi I want NIKI BABY 22 IN UNIFORM GREEN LAMBSKIN GOLD CHAIN,
NIKI MEDIUM 28 IN BLACK LAMBSKIN BLACK LOGO GOLD CHAIN,https://cdn.shopify.com/s/files/1/0912/9351/6071/files/img_f8c0bdc9_20241122_i1732260208_4438_2_jpg_8fdd6f8a-3d10-4cbe-b76c-927fb3b178fd.jpg?v=1759131599,handbags,ysl,https://cdn.shopify.com/s/files/1/0912/9351/6071/files/img_f8c0bdc9_20241122_i1732260208_4438_2_jpg_8fdd6f8a-3d10-4cbe-b76c-927fb3b178fd.jpg?v=1759131599|https://cdn.shopify.com/s/files/1/0912/9351/6071/files/img_f8c0bdc9_20241122_i1732260208_1986_1_jpg_1599643e-1ab7-496d-9f06-e6664fba7a3a.jpg?v=1759131599|https://cdn.shopify.com/s/files/1/0912/9351/6071/files/img_f8c0bdc9_20241122_i1732260208_3745_0_jpg_7b495d1a-7800-49d5-9eda-edf0f4ad5b6d.jpg?v=1759131600|https://cdn.shopify.com/s/files/1/0912/9351/6071/files/img_f8c0bdc9_20241122_i1732260208_3993_4_jpg_d6afad2d-4887-4d74-a588-580f5e3f5b3d.jpg?v=1759131600|https://cdn.shopify.com/s/files/1/0912/9351/6071/files/img_f8c0bdc9_20241122_i1732260208_4053_3_jpg_8bf1e82b-6037-4d6f-a392-9b596e37b006.jpg?v=1759131600|https://cdn.shopify.com/s/files/1/0912/9351/6071/files/img_f8c0bdc9_20241122_i1732260209_2763_5_jpg_9fe033ca-55f5-4a10-b67d-15ff88c0dc95.jpg?v=1759131600|https://cdn.shopify.com/s/files/1/0912/9351/6071/files/img_f8c0bdc9_20241122_i1732260209_4285_8_jpg_a9698d6e-ce15-4a34-be22-d2731bce9d8c.jpg?v=1759131600|https://cdn.shopify.com/s/files/1/0912/9351/6071/files/img_f8c0bdc9_20241122_i1732260209_7413_7_jpg_04b48cd6-7b2c-4b4d-9edf-22ad3848ffda.jpg?v=1759131600|https://cdn.shopify.com/s/files/1/0912/9351/6071/files/img_f8c0bdc9_20241122_i1732260209_7970_6_jpg_efcb423b-3aa6-4f97-aa07-82eadf438fef.jpg?v=1759131600,Hi I want NIKI MEDIUM 28 IN BLACK LAMBSKIN BLACK LOGO GOLD CHAIN,
BACKPACK 45 IN BLACK CALFSKIN WITH EMBOSSED LOGO,https://cdn.shopify.com/s/files/1/0912/9351/6071/files/img_f8c0bdc9_20240121_i1705825220_3331_7_jpg_72ece538-b73f-4bc4-aa90-b1649d7c73ee.jpg?v=1759131609,handbags,ysl,https://cdn.shopify.com/s/files/1/0912/9351/6071/files/img_f8c0bdc9_20240121_i1705825220_3331_7_jpg_72ece538-b73f-4bc4-aa90-b1649d7c73ee.jpg?v=1759131609|https://cdn.shopify.com/s/files/1/0912/9351/6071/files/img_f8c0bdc9_20240121_i1705825220_3670_1_jpg_24c1c217-bb6e-4f32-a591-4c4ed052eb6b.jpg?v=1759131609|https://cdn.shopify.com/s/files/1/0912/9351/6071/files/img_f8c0bdc9_20240121_i1705825220_6077_0_jpg_2ab26dce-0753-4388-9d13-54e1bd78fd09.jpg?v=1759131609|https://cdn.shopify.com/s/files/1/0912/9351/6071/files/img_f8c0bdc9_20240121_i1705825220_6259_5_jpg_ef6f9de3-d637-4e6a-9bf1-124bb7b56bb7.jpg?v=1759131609|https://cdn.shopify.com/s/files/1/0912/9351/6071/files/img_f8c0bdc9_20240121_i1705825220_6519_3_jpg_8097de84-c2f0-4fa0-a511-5e2785ab743f.jpg?v=1759131609|https://cdn.shopify.com/s/files/1/0912/9351/6071/files/img_f8c0bdc9_20240121_i1705825220_6799_4_jpg_fb309c5e-efdf-4b34-93bc-fa0d45404aec.jpg?v=1759131609|https://cdn.shopify.com/s/files/1/0912/9351/6071/files/img_f8c0bdc9_20240121_i1705825220_8038_8_jpg_ef3bb836-2d2b-428a-840f-c2228d5b512f.jpg?v=1759131609|https://cdn.shopify.com/s/files/1/0912/9351/6071/files/img_f8c0bdc9_20240121_i1705825220_9506_6_jpg_a3d18c58-eb07-46eb-af3d-c31c16fce85e.jpg?v=1759131609|https://cdn.shopify.com/s/files/1/0912/9351/6071/files/img_f8c0bdc9_20240121_i1705825220_9631_2_jpg_1c269fc1-600f-47e3-8e6c-ec1a08d9dd05.jpg?v=1759131609,Hi I want BACKPACK 45 IN BLACK CALFSKIN WITH EMBOSSED LOGO,
WATERPROOF BACKPACK 45 IN BLACK NYLON WITH EMBOSSED LOGO,https://cdn.shopify.com/s/files/1/0912/9351/6071/files/img_f8c0bdc9_20240121_i1705825366_7867_5_jpg_3e9f72b4-766d-409d-ad96-4c0443fd7307.jpg?v=1759131618,handbags,ysl,https://cdn.shopify.com/s/files/1/0912/9351/6071/files/img_f8c0bdc9_20240121_i1705825366_7867_5_jpg_3e9f72b4-766d-409d-ad96-4c0443fd7307.jpg?v=1759131618|https://cdn.shopify.com/s/files/1/0912/9351/6071/files/img_f8c0bdc9_20240121_i1705825366_318_4_jpg_842a9129-f72b-4b21-b6a3-92eee64eb7b8.jpg?v=1759131618|https://cdn.shopify.com/s/files/1/0912/9351/6071/files/img_f8c0bdc9_20240121_i1705825366_2906_8_jpg_b59b13e3-3d67-4d21-a4fe-7bdbc132ff9a.jpg?v=1759131618|https://cdn.shopify.com/s/files/1/0912/9351/6071/files/img_f8c0bdc9_20240121_i1705825366_3228_1_jpg_d0cc775b-2512-4505-85b0-2f2dbbe2dbdc.jpg?v=1759131618|https://cdn.shopify.com/s/files/1/0912/9351/6071/files/img_f8c0bdc9_20240121_i1705825366_3509_2_jpg_eebc4fae-b8ba-44f5-ab7f-81ed8b4cb141.jpg?v=1759131619|https://cdn.shopify.com/s/files/1/0912/9351/6071/files/img_f8c0bdc9_20240121_i1705825366_439_0_jpg_85a71ed7-7344-4b13-892c-7b3285625423.jpg?v=1759131619|https://cdn.shopify.com/s/files/1/0912/9351/6071/files/img_f8c0bdc9_20240121_i1705825366_2982_6_jpg_01d7e6b6-f6a1-425a-b436-8536982bb367.jpg?v=1759131619|https://cdn.shopify.com/s/files/1/0912/9351/6071/files/img_f8c0bdc9_20240121_i1705825366_6600_3_jpg_8778ad62-c584-4ea6-9abe-074aa45824c7.jpg?v=1759131619|https://cdn.shopify.com/s/files/1/0912/9351/6071/files/img_f8c0bdc9_20240121_i1705825366_8510_7_jpg_7c7d7a25-07e4-4bf0-84b1-2d931d95e1a2.jpg?v=1759131619,Hi I want WATERPROOF BACKPACK 45 IN BLACK NYLON WITH EMBOSSED LOGO,
CITY MULTI-POCKET BACKPACK 42 IN CAMOUFLAGE PATTERN NYLON AND BLACK CALFSKIN,https://cdn.shopify.com/s/files/1/0912/9351/6071/files/img_f8c0bdc9_20231208_i1702041393_1769_0_jpg_2fc8051e-cf3f-42b9-9db3-a3b92375d6fa.jpg?v=1783559545,handbags,ysl,https://cdn.shopify.com/s/files/1/0912/9351/6071/files/img_f8c0bdc9_20231208_i1702041393_1769_0_jpg_2fc8051e-cf3f-42b9-9db3-a3b92375d6fa.jpg?v=1783559545|https://cdn.shopify.com/s/files/1/0912/9351/6071/files/img_f8c0bdc9_20231208_i1702041393_1122_7_jpg_3871b833-a8e3-407d-b045-0bb8ded836f9.jpg?v=1783559545|https://cdn.shopify.com/s/files/1/0912/9351/6071/files/img_f8c0bdc9_20231208_i1702041393_3787_4_jpg_0f0395d8-6c45-441d-b0c9-99aafed04511.jpg?v=1783559545|https://cdn.shopify.com/s/files/1/0912/9351/6071/files/img_f8c0bdc9_20231208_i1702041393_4326_5_jpg_1bb93559-1c61-4a0f-81b0-766e089bcc3e.jpg?v=1783559545|https://cdn.shopify.com/s/files/1/0912/9351/6071/files/img_f8c0bdc9_20231208_i1702041393_4612_8_jpg_87ca6db5-18aa-4a69-9863-01e63674683d.jpg?v=1783559545|https://cdn.shopify.com/s/files/1/0912/9351/6071/files/img_f8c0bdc9_20231208_i1702041393_6554_1_jpg_92a5fa8a-665e-446a-9aea-20a7d549c0ed.jpg?v=1783559545|https://cdn.shopify.com/s/files/1/0912/9351/6071/files/img_f8c0bdc9_20231208_i1702041393_8751_6_jpg_e4bf590c-15d6-4143-87e7-84b49250299f.jpg?v=1783559545|https://cdn.shopify.com/s/files/1/0912/9351/6071/files/img_f8c0bdc9_20231208_i1702041393_9264_2_jpg_56b3b2ef-9eef-4174-a4ff-a50af91cf283.jpg?v=1783559545|https://cdn.shopify.com/s/files/1/0912/9351/6071/files/img_f8c0bdc9_20231208_i1702041393_9618_3_jpg_14348366-8dda-4d93-bd7c-fcc3a01bd4c7.jpg?v=1783559545,Hi I want CITY MULTI-POCKET BACKPACK 42 IN CAMOUFLAGE PATTERN NYLON AND BLACK CALFSKIN,
CITY MULTI-POCKET BACKPACK 42 IN KHAKI GREEN NYLON AND BLACK SMOOTH CALFSKIN,https://cdn.shopify.com/s/files/1/0912/9351/6071/files/img_f8c0bdc9_20231208_i1702041539_1497_0_jpg.jpg?v=1781759339,handbags,ysl,https://cdn.shopify.com/s/files/1/0912/9351/6071/files/img_f8c0bdc9_20231208_i1702041539_1497_0_jpg.jpg?v=1781759339|https://cdn.shopify.com/s/files/1/0912/9351/6071/files/img_f8c0bdc9_20231208_i1702041539_292_1_jpg.jpg?v=1781759339|https://cdn.shopify.com/s/files/1/0912/9351/6071/files/img_f8c0bdc9_20231208_i1702041539_679_2_jpg.jpg?v=1781759339|https://cdn.shopify.com/s/files/1/0912/9351/6071/files/img_f8c0bdc9_20231208_i1702041539_1739_3_jpg.jpg?v=1781759339|https://cdn.shopify.com/s/files/1/0912/9351/6071/files/img_f8c0bdc9_20231208_i1702041539_2001_4_jpg.jpg?v=1781759339|https://cdn.shopify.com/s/files/1/0912/9351/6071/files/img_f8c0bdc9_20231208_i1702041539_2208_6_jpg.jpg?v=1781759339|https://cdn.shopify.com/s/files/1/0912/9351/6071/files/img_f8c0bdc9_20231208_i1702041539_3784_7_jpg.jpg?v=1781759339|https://cdn.shopify.com/s/files/1/0912/9351/6071/files/img_f8c0bdc9_20231208_i1702041539_7796_5_jpg.jpg?v=1781759339|https://cdn.shopify.com/s/files/1/0912/9351/6071/files/img_f8c0bdc9_20231208_i1702041539_9470_8_jpg.jpg?v=1781759339,Hi I want CITY MULTI-POCKET BACKPACK 42 IN KHAKI GREEN NYLON AND BLACK SMOOTH CALFSKIN,
CITY MULTI-POCKET BACKPACK 42 IN BLACK NYLON AND SMOOTH CALFSKIN,https://cdn.shopify.com/s/files/1/0912/9351/6071/files/img_f8c0bdc9_20231208_i1702041715_8915_0_jpg_c15c63a2-1c3e-4154-9341-c9391562a64e.jpg?v=1783559544,handbags,ysl,https://cdn.shopify.com/s/files/1/0912/9351/6071/files/img_f8c0bdc9_20231208_i1702041715_8915_0_jpg_c15c63a2-1c3e-4154-9341-c9391562a64e.jpg?v=1783559544|https://cdn.shopify.com/s/files/1/0912/9351/6071/files/img_f8c0bdc9_20231208_i1702041715_3044_1_jpg_2de41289-6748-4e25-a91b-85a388f37ad2.jpg?v=1783559543|https://cdn.shopify.com/s/files/1/0912/9351/6071/files/img_f8c0bdc9_20231208_i1702041715_5799_5_jpg_4b316769-58cd-429b-af1e-2a5395a77318.jpg?v=1783559543|https://cdn.shopify.com/s/files/1/0912/9351/6071/files/img_f8c0bdc9_20231208_i1702041715_6162_4_jpg_864900a1-fa83-49a4-9e59-6cd4dcd41a54.jpg?v=1783559543|https://cdn.shopify.com/s/files/1/0912/9351/6071/files/img_f8c0bdc9_20231208_i1702041715_6636_3_jpg_3bab1605-e076-4ed8-8cb5-d987f6449218.jpg?v=1783559543|https://cdn.shopify.com/s/files/1/0912/9351/6071/files/img_f8c0bdc9_20231208_i1702041715_7552_7_jpg_3fadd445-1a31-4ec8-ae50-8c21e813cd54.jpg?v=1783559543|https://cdn.shopify.com/s/files/1/0912/9351/6071/files/img_f8c0bdc9_20231208_i1702041715_9183_6_jpg_d177cc84-209d-4772-8ccb-8bfdc9cfeb52.jpg?v=1783559543|https://cdn.shopify.com/s/files/1/0912/9351/6071/files/img_f8c0bdc9_20231208_i1702041715_9319_8_jpg_954152fa-c7a6-489d-820c-cf6e811ccb59.jpg?v=1783559543|https://cdn.shopify.com/s/files/1/0912/9351/6071/files/img_f8c0bdc9_20231208_i1702041715_9974_2_jpg_23d32ae9-c4cb-4ae5-9ac2-6374f3c978ba.jpg?v=1783559543,Hi I want CITY MULTI-POCKET BACKPACK 42 IN BLACK NYLON AND SMOOTH CALFSKIN,
LOU BACKPACK 26 IN BLACK QUILTED CALFSKIN SILVER HARDWARE,https://cdn.shopify.com/s/files/1/0912/9351/6071/files/20230719_i1689754668_7621_0_jpg_b5455ab7-ce0e-4e58-a433-1951b8629de2.jpg?v=1759131670,handbags,ysl,https://cdn.shopify.com/s/files/1/0912/9351/6071/files/20230719_i1689754668_7621_0_jpg_b5455ab7-ce0e-4e58-a433-1951b8629de2.jpg?v=1759131670|https://cdn.shopify.com/s/files/1/0912/9351/6071/files/20230719_i1689754668_3826_7_jpg_567a5e53-5bbf-4d5a-b1c1-1f678ff1d915.jpg?v=1759131670|https://cdn.shopify.com/s/files/1/0912/9351/6071/files/20230719_i1689754668_5448_8_jpg_38837bee-2941-406e-93c0-2cac99534eb4.jpg?v=1759131670|https://cdn.shopify.com/s/files/1/0912/9351/6071/files/20230719_i1689754668_7378_5_jpg_29f2ed42-e395-47c9-87b1-54c0fb0b21cc.jpg?v=1759131670|https://cdn.shopify.com/s/files/1/0912/9351/6071/files/20230719_i1689754668_863_3_jpg_4fcbd1aa-c446-42c4-9614-08fd1eff6ba9.jpg?v=1759131670|https://cdn.shopify.com/s/files/1/0912/9351/6071/files/20230719_i1689754668_2741_6_jpg_7480593b-1aa9-4c58-a18a-6556aedfa8b5.jpg?v=1759131670|https://cdn.shopify.com/s/files/1/0912/9351/6071/files/20230719_i1689754668_5351_2_jpg_7245adce-a649-4a60-a96e-efacb9723a98.jpg?v=1759131670|https://cdn.shopify.com/s/files/1/0912/9351/6071/files/20230719_i1689754668_7054_4_jpg_6b59bc5b-5026-499d-9f57-6fe73f3dd8f0.jpg?v=1759131670|https://cdn.shopify.com/s/files/1/0912/9351/6071/files/20230719_i1689754668_8297_1_jpg_cdc0e4d3-b6e7-47da-be84-baeb3d20af96.jpg?v=1759131670,Hi I want LOU BACKPACK 26 IN BLACK QUILTED CALFSKIN SILVER HARDWARE,
ENVELOPE SMALL CHAIN BAG 22 IN BEIGE SUEDE GOLD HARDWARE,https://cdn.shopify.com/s/files/1/0912/9351/6071/files/img_f8c0bdc9_20241111_i1731308708_4896_7_jpg_bc9eff75-bb37-4371-899f-f68c28e777a1.jpg?v=1759131691,handbags,ysl,https://cdn.shopify.com/s/files/1/0912/9351/6071/files/img_f8c0bdc9_20241111_i1731308708_4896_7_jpg_bc9eff75-bb37-4371-899f-f68c28e777a1.jpg?v=1759131691|https://cdn.shopify.com/s/files/1/0912/9351/6071/files/img_f8c0bdc9_20241111_i1731308707_4814_0_jpg_a4161b78-4f16-4dab-b214-18c4944ebaa6.jpg?v=1759131691|https://cdn.shopify.com/s/files/1/0912/9351/6071/files/img_f8c0bdc9_20241111_i1731308707_6213_2_jpg_96d5317d-fe4c-470e-a924-4fe4de74633a.jpg?v=1759131691|https://cdn.shopify.com/s/files/1/0912/9351/6071/files/img_f8c0bdc9_20241111_i1731308707_9232_3_jpg_977a5c99-3fc9-40cb-b092-1550e4a60ce9.jpg?v=1759131691|https://cdn.shopify.com/s/files/1/0912/9351/6071/files/img_f8c0bdc9_20241111_i1731308708_443_4_jpg_90d52cd1-3555-4d9f-918d-3bc7ee269ef6.jpg?v=1759131691|https://cdn.shopify.com/s/files/1/0912/9351/6071/files/img_f8c0bdc9_20241111_i1731308708_1660_6_jpg_438edcd2-30f1-4b3e-a5b7-83e7ba841a60.jpg?v=1759131691|https://cdn.shopify.com/s/files/1/0912/9351/6071/files/img_f8c0bdc9_20241111_i1731308708_3814_8_jpg_9323744c-895e-4882-875a-f46f14a17fdc.jpg?v=1759131691|https://cdn.shopify.com/s/files/1/0912/9351/6071/files/img_f8c0bdc9_20241111_i1731308708_7087_5_jpg_e434ca45-a1f2-4b4e-b30c-511300f31846.jpg?v=1759131691|https://cdn.shopify.com/s/files/1/0912/9351/6071/files/img_f8c0bdc9_20241111_i1731308730_3136_0_jpg_004d4348-4ff3-4f37-a05f-a789fbf0635f.jpg?v=1759131691,Hi I want ENVELOPE SMALL CHAIN BAG 22 IN BEIGE SUEDE GOLD HARDWARE,
LOU MINI CAMERA BAG 18 IN SILVER PINK SUEDE GOLD HARDWARE,https://cdn.shopify.com/s/files/1/0912/9351/6071/files/img_f8c0bdc9_20241111_i1731308153_4739_7_jpg_e30a05aa-752c-4fef-b458-611c1c6f3ee1.jpg?v=1759131701,handbags,ysl,https://cdn.shopify.com/s/files/1/0912/9351/6071/files/img_f8c0bdc9_20241111_i1731308153_4739_7_jpg_e30a05aa-752c-4fef-b458-611c1c6f3ee1.jpg?v=1759131701|https://cdn.shopify.com/s/files/1/0912/9351/6071/files/img_f8c0bdc9_20241111_i1731308153_1744_3_jpg_7bdbc74a-0a41-44cd-a442-d59d216d5c9f.jpg?v=1759131701|https://cdn.shopify.com/s/files/1/0912/9351/6071/files/img_f8c0bdc9_20241111_i1731308152_3618_0_jpg_810d229f-083b-4fa6-8743-2774f150e17a.jpg?v=1759131701|https://cdn.shopify.com/s/files/1/0912/9351/6071/files/img_f8c0bdc9_20241111_i1731308152_8641_1_jpg_7a8b9eae-8a01-46d0-b49a-4ca766786401.jpg?v=1759131701|https://cdn.shopify.com/s/files/1/0912/9351/6071/files/img_f8c0bdc9_20241111_i1731308153_2672_4_jpg_56fce363-ba06-4cdd-90ee-fe68dddc11a5.jpg?v=1759131701|https://cdn.shopify.com/s/files/1/0912/9351/6071/files/img_f8c0bdc9_20241111_i1731308153_2754_8_jpg_b0279ed9-22c0-4046-bda3-27bcbb1df2d3.jpg?v=1759131701|https://cdn.shopify.com/s/files/1/0912/9351/6071/files/img_f8c0bdc9_20241111_i1731308153_5643_2_jpg_26153db5-f8f4-4175-9a1e-6c673030a8c0.jpg?v=1759131701|https://cdn.shopify.com/s/files/1/0912/9351/6071/files/img_f8c0bdc9_20241111_i1731308153_5704_6_jpg_06e607b5-d66d-4b16-a5ec-6dd99c93fde3.jpg?v=1759131701|https://cdn.shopify.com/s/files/1/0912/9351/6071/files/img_f8c0bdc9_20241111_i1731308153_7725_5_jpg_b3693eec-b80c-47ee-b072-6cf6673e6b85.jpg?v=1759131701,Hi I want LOU MINI CAMERA BAG 18 IN SILVER PINK SUEDE GOLD HARDWARE,
NIKI MEDIUM 28 IN GRAY MATTE SUEDE GRAY LOGO,https://cdn.shopify.com/s/files/1/0912/9351/6071/files/img_f8c0bdc9_20241117_i1731826485_1911_3_jpg_5135a06e-0e6b-495f-8cbb-f30ecfacfe39.jpg?v=1759131711,handbags,ysl,https://cdn.shopify.com/s/files/1/0912/9351/6071/files/img_f8c0bdc9_20241117_i1731826485_1911_3_jpg_5135a06e-0e6b-495f-8cbb-f30ecfacfe39.jpg?v=1759131711|https://cdn.shopify.com/s/files/1/0912/9351/6071/files/img_f8c0bdc9_20241117_i1731826485_756_1_jpg_b43cf00e-6896-4c39-bf2c-78120727e485.jpg?v=1759131711|https://cdn.shopify.com/s/files/1/0912/9351/6071/files/img_f8c0bdc9_20241117_i1731826485_2165_6_jpg_0568cebd-83bf-4312-b378-6a508cca6b30.jpg?v=1759131711|https://cdn.shopify.com/s/files/1/0912/9351/6071/files/img_f8c0bdc9_20241117_i1731826485_2906_4_jpg_25fec40f-bb08-430f-b66f-70d06e302824.jpg?v=1759131711|https://cdn.shopify.com/s/files/1/0912/9351/6071/files/img_f8c0bdc9_20241117_i1731826485_4551_2_jpg_e7cbdc3a-757b-4a49-860b-37179d94cb45.jpg?v=1759131711|https://cdn.shopify.com/s/files/1/0912/9351/6071/files/img_f8c0bdc9_20241117_i1731826485_9243_0_jpg_d719d80c-8057-4749-9657-caae138af5a6.jpg?v=1759131711|https://cdn.shopify.com/s/files/1/0912/9351/6071/files/img_f8c0bdc9_20241117_i1731826485_9541_5_jpg_fb76b039-2b01-437d-a0eb-777c040134b4.jpg?v=1759131711|https://cdn.shopify.com/s/files/1/0912/9351/6071/files/img_f8c0bdc9_20241117_i1731826486_234_8_jpg_1929cdb7-6868-4fad-9546-0b875afa3985.jpg?v=1759131711|https://cdn.shopify.com/s/files/1/0912/9351/6071/files/img_f8c0bdc9_20241117_i1731826486_9380_7_jpg_60ddebef-869e-4c78-a7fc-945c8ab28278.jpg?v=1759131711,Hi I want NIKI MEDIUM 28 IN GRAY MATTE SUEDE GRAY LOGO,
LE 5 À 7 HOBO MINI BAG 18 IN LIGHT BROWN SUEDE COPPER HARDWARE,https://cdn.shopify.com/s/files/1/0912/9351/6071/files/img_f8c0bdc9_20241117_i1731826787_6846_2_jpg_f497bc17-e88d-4703-812a-a7e939aa1477.jpg?v=1759131720,handbags,ysl,https://cdn.shopify.com/s/files/1/0912/9351/6071/files/img_f8c0bdc9_20241117_i1731826787_6846_2_jpg_f497bc17-e88d-4703-812a-a7e939aa1477.jpg?v=1759131720|https://cdn.shopify.com/s/files/1/0912/9351/6071/files/img_f8c0bdc9_20241117_i1731826787_660_4_jpg_c52116ac-06a4-4584-bb57-a347c747f67d.jpg?v=1759131720|https://cdn.shopify.com/s/files/1/0912/9351/6071/files/img_f8c0bdc9_20241117_i1731826787_3304_6_jpg_89284656-ca1b-48cb-9a37-03d70083bf54.jpg?v=1759131720|https://cdn.shopify.com/s/files/1/0912/9351/6071/files/img_f8c0bdc9_20241117_i1731826787_3781_1_jpg_0718ee7d-f5b3-4939-add8-d066d9720bf3.jpg?v=1759131720|https://cdn.shopify.com/s/files/1/0912/9351/6071/files/img_f8c0bdc9_20241117_i1731826787_5822_3_jpg_d714b4f9-99d4-4f55-a0e4-75a5ae3c5e69.jpg?v=1759131720|https://cdn.shopify.com/s/files/1/0912/9351/6071/files/img_f8c0bdc9_20241117_i1731826787_6337_5_jpg_2c305610-de75-42f5-96ee-b0801f85a2eb.jpg?v=1759131720|https://cdn.shopify.com/s/files/1/0912/9351/6071/files/img_f8c0bdc9_20241117_i1731826787_7046_0_jpg_e96669f5-92fa-47d8-bf85-cddfed733780.jpg?v=1759131720|https://cdn.shopify.com/s/files/1/0912/9351/6071/files/img_f8c0bdc9_20241117_i1731826787_9177_8_jpg_71dfb3a9-ed62-4fbe-b8cc-9fe1e15da4f8.jpg?v=1759131720|https://cdn.shopify.com/s/files/1/0912/9351/6071/files/img_f8c0bdc9_20241117_i1731826787_9819_7_jpg_1155fbd4-4599-49c2-a3ff-d9437ae56f8b.jpg?v=1759131721,Hi I want LE 5 À 7 HOBO MINI BAG 18 IN LIGHT BROWN SUEDE COPPER HARDWARE,
JAMIE POCHON 38 IN ARMY GREEN LAMBSKIN GOLD HARDWARE,https://cdn.shopify.com/s/files/1/0912/9351/6071/files/img_f8c0bdc9_20241118_i1731909667_5225_3_jpg_ac0f2162-ccf7-4027-8e0d-215a2011d4ae.jpg?v=1759131730,handbags,ysl,https://cdn.shopify.com/s/files/1/0912/9351/6071/files/img_f8c0bdc9_20241118_i1731909667_5225_3_jpg_ac0f2162-ccf7-4027-8e0d-215a2011d4ae.jpg?v=1759131730|https://cdn.shopify.com/s/files/1/0912/9351/6071/files/img_f8c0bdc9_20241118_i1731909667_374_6_jpg_cadca22f-6afc-4251-9bf9-1bb31d761a8e.jpg?v=1759131730|https://cdn.shopify.com/s/files/1/0912/9351/6071/files/img_f8c0bdc9_20241118_i1731909667_4440_0_jpg_727af435-7eab-41f0-bc48-5fc65c594735.jpg?v=1759131730|https://cdn.shopify.com/s/files/1/0912/9351/6071/files/img_f8c0bdc9_20241118_i1731909667_5335_2_jpg_d014e375-14a4-474e-ab79-4cfc78f91adf.jpg?v=1759131730|https://cdn.shopify.com/s/files/1/0912/9351/6071/files/img_f8c0bdc9_20241118_i1731909667_5447_1_jpg_554c568d-d669-4c6d-a5bc-00b853538740.jpg?v=1759131730|https://cdn.shopify.com/s/files/1/0912/9351/6071/files/img_f8c0bdc9_20241118_i1731909667_8176_5_jpg_3634b972-4a09-45df-a8a0-8e17a298ef4d.jpg?v=1759131730|https://cdn.shopify.com/s/files/1/0912/9351/6071/files/img_f8c0bdc9_20241118_i1731909667_8378_4_jpg_a4583c45-3b23-40d3-a11a-20864ac9d9b3.jpg?v=1759131730|https://cdn.shopify.com/s/files/1/0912/9351/6071/files/img_f8c0bdc9_20241118_i1731909668_5008_8_jpg_47b2e535-0c93-4d6f-8f0a-4117c00fb468.jpg?v=1759131730|https://cdn.shopify.com/s/files/1/0912/9351/6071/files/img_f8c0bdc9_20241118_i1731909668_5963_7_jpg_74f5e2de-2683-425d-88d0-d047674f99db.jpg?v=1759131730,Hi I want JAMIE POCHON 38 IN ARMY GREEN LAMBSKIN GOLD HARDWARE,
CALYPSO CHAIN BAG 26 IN ARMY GREEN SMOOTH LAMBSKIN,https://cdn.shopify.com/s/files/1/0912/9351/6071/files/img_f8c0bdc9_20241118_i1731909895_7694_5_jpg_c345bebf-9849-4bdb-bf6a-6091d27db95e.jpg?v=1759131750,handbags,ysl,https://cdn.shopify.com/s/files/1/0912/9351/6071/files/img_f8c0bdc9_20241118_i1731909895_7694_5_jpg_c345bebf-9849-4bdb-bf6a-6091d27db95e.jpg?v=1759131750|https://cdn.shopify.com/s/files/1/0912/9351/6071/files/img_f8c0bdc9_20241118_i1731909895_2224_4_jpg_1bde02c6-b7b1-417d-b53a-94dd613bce24.jpg?v=1759131750|https://cdn.shopify.com/s/files/1/0912/9351/6071/files/img_f8c0bdc9_20241118_i1731909895_2494_7_jpg_30ebc8e9-a023-4284-87d6-e9719616bafe.jpg?v=1759131750|https://cdn.shopify.com/s/files/1/0912/9351/6071/files/img_f8c0bdc9_20241118_i1731909895_3410_3_jpg_ef1a9a61-4ba1-41ca-a5b5-58935c5045fa.jpg?v=1759131750|https://cdn.shopify.com/s/files/1/0912/9351/6071/files/img_f8c0bdc9_20241118_i1731909895_4180_0_jpg_38bae348-c5fc-4457-ac08-012945fa05bd.jpg?v=1759131750|https://cdn.shopify.com/s/files/1/0912/9351/6071/files/img_f8c0bdc9_20241118_i1731909895_6590_2_jpg_f41715f3-77df-4d54-a15a-22e2320ca9c3.jpg?v=1759131751|https://cdn.shopify.com/s/files/1/0912/9351/6071/files/img_f8c0bdc9_20241118_i1731909895_6633_1_jpg_8f397d44-2394-4c49-9e90-2c9de66d832d.jpg?v=1759131751|https://cdn.shopify.com/s/files/1/0912/9351/6071/files/img_f8c0bdc9_20241118_i1731909895_8921_6_jpg_bc7972a6-ed80-44d3-b84d-3f5ac384ac9c.jpg?v=1759131751|https://cdn.shopify.com/s/files/1/0912/9351/6071/files/img_f8c0bdc9_20241118_i1731909896_8945_8_jpg_985452f7-4569-40fa-ab0e-aa3d210ded47.jpg?v=1759131751,Hi I want CALYPSO CHAIN BAG 26 IN ARMY GREEN SMOOTH LAMBSKIN,
LE 5 À 7 MINI BAG 16 IN KHAKI GREEN LAMBSKIN,https://cdn.shopify.com/s/files/1/0912/9351/6071/files/img_f8c0bdc9_20241118_i1731910373_7263_6_jpg_259078d7-fd9a-4a0b-bd01-4fb4bde243cf.jpg?v=1759131784,handbags,ysl,https://cdn.shopify.com/s/files/1/0912/9351/6071/files/img_f8c0bdc9_20241118_i1731910373_7263_6_jpg_259078d7-fd9a-4a0b-bd01-4fb4bde243cf.jpg?v=1759131784|https://cdn.shopify.com/s/files/1/0912/9351/6071/files/img_f8c0bdc9_20241118_i1731910373_232_2_jpg_707e4345-44e2-4624-ba12-a813c7f1a40c.jpg?v=1759131784|https://cdn.shopify.com/s/files/1/0912/9351/6071/files/img_f8c0bdc9_20241118_i1731910373_389_0_jpg_db15e020-c48c-41e8-a794-f2d2e45b8fc6.jpg?v=1759131784|https://cdn.shopify.com/s/files/1/0912/9351/6071/files/img_f8c0bdc9_20241118_i1731910373_444_3_jpg_ca1e86f2-2c18-4c02-a2a0-69c6974e19c6.jpg?v=1759131784|https://cdn.shopify.com/s/files/1/0912/9351/6071/files/img_f8c0bdc9_20241118_i1731910373_4942_1_jpg_a2116ad5-396d-4b98-bbc0-bb421f769f70.jpg?v=1759131784|https://cdn.shopify.com/s/files/1/0912/9351/6071/files/img_f8c0bdc9_20241118_i1731910373_5800_5_jpg_5a85fbf4-a195-4991-8b85-2f0b3925d90a.jpg?v=1759131784|https://cdn.shopify.com/s/files/1/0912/9351/6071/files/img_f8c0bdc9_20241118_i1731910373_9298_4_jpg_25e49f55-9daf-4219-b126-68200e9d1f58.jpg?v=1759131784|https://cdn.shopify.com/s/files/1/0912/9351/6071/files/img_f8c0bdc9_20241118_i1731910374_3854_7_jpg_8cfaef71-00f7-4352-9744-6fcad1969ec3.jpg?v=1759131784|https://cdn.shopify.com/s/files/1/0912/9351/6071/files/img_f8c0bdc9_20241118_i1731910374_9678_8_jpg_5ef52829-8d1d-4870-9a1b-483ab4aa3a0b.jpg?v=1759131784,Hi I want LE 5 À 7 MINI BAG 16 IN KHAKI GREEN LAMBSKIN,
LE 37 SMALL BUCKET BAG 20 IN KHAKI GREEN CALFSKIN GOLD HARDWARE,https://cdn.shopify.com/s/files/1/0912/9351/6071/files/img_f8c0bdc9_20241118_i1731910730_5868_3_jpg_bde2c93c-5a0e-4fd7-9d39-b055035514fb.jpg?v=1759131795,handbags,ysl,https://cdn.shopify.com/s/files/1/0912/9351/6071/files/img_f8c0bdc9_20241118_i1731910730_5868_3_jpg_bde2c93c-5a0e-4fd7-9d39-b055035514fb.jpg?v=1759131795|https://cdn.shopify.com/s/files/1/0912/9351/6071/files/img_f8c0bdc9_20241118_i1731910729_1391_0_jpg_22a4f9d9-9c53-47b9-a38c-1ab80f0208d0.jpg?v=1759131795|https://cdn.shopify.com/s/files/1/0912/9351/6071/files/img_f8c0bdc9_20241118_i1731910729_2757_1_jpg_acae279b-fa20-4383-b08a-6ff5249b00c1.jpg?v=1759131795|https://cdn.shopify.com/s/files/1/0912/9351/6071/files/img_f8c0bdc9_20241118_i1731910730_1235_5_jpg_10104ba6-92ad-4db6-b113-f33501cf5870.jpg?v=1759131795|https://cdn.shopify.com/s/files/1/0912/9351/6071/files/img_f8c0bdc9_20241118_i1731910730_4638_7_jpg_9e030ffd-dddd-4e56-8979-4d2d6a745520.jpg?v=1759131795|https://cdn.shopify.com/s/files/1/0912/9351/6071/files/img_f8c0bdc9_20241118_i1731910730_6094_6_jpg_00d5dea7-5161-4efc-bdfb-a111c5708ad1.jpg?v=1759131795|https://cdn.shopify.com/s/files/1/0912/9351/6071/files/img_f8c0bdc9_20241118_i1731910730_9108_8_jpg_21326786-fd9b-4bfb-96d2-9461041b1afb.jpg?v=1759131795|https://cdn.shopify.com/s/files/1/0912/9351/6071/files/img_f8c0bdc9_20241118_i1731910730_9605_4_jpg_c0b2982a-a23a-4d00-a9cf-e7d1393e10ae.jpg?v=1759131795|https://cdn.shopify.com/s/files/1/0912/9351/6071/files/img_f8c0bdc9_20241118_i1731910730_9876_2_jpg_b28f2357-f2f4-4514-b888-f3e98827c5ec.jpg?v=1759131795,Hi I want LE 37 SMALL BUCKET BAG 20 IN KHAKI GREEN CALFSKIN GOLD HARDWARE,
MINI VOLTAIRE IN BOX 17 IN KOMBU GREEN CALFSKIN GOLD LOGO,https://cdn.shopify.com/s/files/1/0912/9351/6071/files/img_f8c0bdc9_20241118_i1731911039_7094_8_jpg_42b5eb24-e196-4d68-b28e-6458e7ef8947.jpg?v=1759131805,handbags,ysl,https://cdn.shopify.com/s/files/1/0912/9351/6071/files/img_f8c0bdc9_20241118_i1731911039_7094_8_jpg_42b5eb24-e196-4d68-b28e-6458e7ef8947.jpg?v=1759131805|https://cdn.shopify.com/s/files/1/0912/9351/6071/files/img_f8c0bdc9_20241118_i1731911038_4492_2_jpg_0fdf3272-b1f8-4c3b-b263-09bd6aa48028.jpg?v=1759131805|https://cdn.shopify.com/s/files/1/0912/9351/6071/files/img_f8c0bdc9_20241118_i1731911038_7865_4_jpg_284aaab8-d29f-42e6-ad14-79997a67ef7b.jpg?v=1759131805|https://cdn.shopify.com/s/files/1/0912/9351/6071/files/img_f8c0bdc9_20241118_i1731911038_8466_0_jpg_504bc5cc-0eda-4dfb-8ace-2967329541bd.jpg?v=1759131806|https://cdn.shopify.com/s/files/1/0912/9351/6071/files/img_f8c0bdc9_20241118_i1731911038_9081_3_jpg_1d96ff2b-8839-48a5-bde5-91fb69c02a91.jpg?v=1759131806|https://cdn.shopify.com/s/files/1/0912/9351/6071/files/img_f8c0bdc9_20241118_i1731911038_9736_1_jpg_18cacb01-3daf-4be2-8a65-54528a39efcf.jpg?v=1759131806|https://cdn.shopify.com/s/files/1/0912/9351/6071/files/img_f8c0bdc9_20241118_i1731911039_682_6_jpg_19a2124b-15fd-45b9-a4cc-c3bf7b607d26.jpg?v=1759131806|https://cdn.shopify.com/s/files/1/0912/9351/6071/files/img_f8c0bdc9_20241118_i1731911039_2563_7_jpg_e9f1c5bf-581d-47c2-88f3-732187fdc0e2.jpg?v=1759131806|https://cdn.shopify.com/s/files/1/0912/9351/6071/files/img_f8c0bdc9_20241118_i1731911039_7178_5_jpg_4b8bcbd1-685a-4814-8ece-e389da66e5ab.jpg?v=1759131806,Hi I want MINI VOLTAIRE IN BOX 17 IN KOMBU GREEN CALFSKIN GOLD LOGO,
MANHATTAN IN BOX SMALL 24 IN KOMBU GREEN CALFSKIN GOLD HARDWARE,https://cdn.shopify.com/s/files/1/0912/9351/6071/files/img_f8c0bdc9_20241118_i1731911120_8078_6_jpg_f46c0b74-f808-4e22-b166-151944cb207a.jpg?v=1759131816,handbags,ysl,https://cdn.shopify.com/s/files/1/0912/9351/6071/files/img_f8c0bdc9_20241118_i1731911120_8078_6_jpg_f46c0b74-f808-4e22-b166-151944cb207a.jpg?v=1759131816|https://cdn.shopify.com/s/files/1/0912/9351/6071/files/img_f8c0bdc9_20241118_i1731911119_1883_1_jpg_7415c530-524b-4ed8-82f2-c371dff72eb4.jpg?v=1759131816|https://cdn.shopify.com/s/files/1/0912/9351/6071/files/img_f8c0bdc9_20241118_i1731911119_4020_0_jpg_5619a1a7-1be1-4104-bf94-e967f00f1a37.jpg?v=1759131816|https://cdn.shopify.com/s/files/1/0912/9351/6071/files/img_f8c0bdc9_20241118_i1731911119_6799_2_jpg_d64c5587-62e1-4614-821f-966ace6f9924.jpg?v=1759131816|https://cdn.shopify.com/s/files/1/0912/9351/6071/files/img_f8c0bdc9_20241118_i1731911119_7686_3_jpg_c485b319-3ad6-4e7c-b795-1f5b6cec38f7.jpg?v=1759131816|https://cdn.shopify.com/s/files/1/0912/9351/6071/files/img_f8c0bdc9_20241118_i1731911120_1991_7_jpg_4434af5d-679c-4e31-98cd-a8f3d0d3962c.jpg?v=1759131816|https://cdn.shopify.com/s/files/1/0912/9351/6071/files/img_f8c0bdc9_20241118_i1731911120_3063_8_jpg_c1cfac46-45f8-4a59-bc64-41bf89f36252.jpg?v=1759131816|https://cdn.shopify.com/s/files/1/0912/9351/6071/files/img_f8c0bdc9_20241118_i1731911120_8818_4_jpg_8c47103b-0433-4e01-8ffd-30edc6487c19.jpg?v=1759131816|https://cdn.shopify.com/s/files/1/0912/9351/6071/files/img_f8c0bdc9_20241118_i1731911120_9264_5_jpg_77f5c3bc-abdc-4d45-9417-ed005a0381ce.jpg?v=1759131816,Hi I want MANHATTAN IN BOX SMALL 24 IN KOMBU GREEN CALFSKIN GOLD HARDWARE,
LOU MINI CAMERA BAG 18 IN KOMBU GREEN QUILTED CALFSKIN,https://cdn.shopify.com/s/files/1/0912/9351/6071/files/img_f8c0bdc9_20241118_i1731911232_4302_4_jpg_1f5da6df-bb42-4b80-a7a4-0017ffbe96ba.jpg?v=1759131827,handbags,ysl,https://cdn.shopify.com/s/files/1/0912/9351/6071/files/img_f8c0bdc9_20241118_i1731911232_4302_4_jpg_1f5da6df-bb42-4b80-a7a4-0017ffbe96ba.jpg?v=1759131827|https://cdn.shopify.com/s/files/1/0912/9351/6071/files/img_f8c0bdc9_20241118_i1731911232_8503_5_jpg_3259a5e5-a3e5-41ec-9fc8-3604f2d3d15a.jpg?v=1759131827|https://cdn.shopify.com/s/files/1/0912/9351/6071/files/img_f8c0bdc9_20241118_i1731911232_598_3_jpg_fa4e2286-1d8c-4804-9afc-761e908b728e.jpg?v=1759131827|https://cdn.shopify.com/s/files/1/0912/9351/6071/files/img_f8c0bdc9_20241118_i1731911232_5967_2_jpg_e572428b-b8fd-4a19-a581-0a109e0c134b.jpg?v=1759131827|https://cdn.shopify.com/s/files/1/0912/9351/6071/files/img_f8c0bdc9_20241118_i1731911232_7669_1_jpg_4b856be8-7353-482e-800a-e48d4f0fc690.jpg?v=1759131827|https://cdn.shopify.com/s/files/1/0912/9351/6071/files/img_f8c0bdc9_20241118_i1731911232_8046_0_jpg_a43e6225-d1f2-4029-90d3-54ecf31c133c.jpg?v=1759131827|https://cdn.shopify.com/s/files/1/0912/9351/6071/files/img_f8c0bdc9_20241118_i1731911233_164_8_jpg_e0a145ee-3606-40c7-95ac-80fec07b013a.jpg?v=1759131827|https://cdn.shopify.com/s/files/1/0912/9351/6071/files/img_f8c0bdc9_20241118_i1731911233_6390_6_jpg_02f7291c-8e33-40c7-b1fc-e63ad4290827.jpg?v=1759131827|https://cdn.shopify.com/s/files/1/0912/9351/6071/files/img_f8c0bdc9_20241118_i1731911233_7396_7_jpg_e5bf07e3-6d0f-4586-acf4-4864991e7c8a.jpg?v=1759131827,Hi I want LOU MINI CAMERA BAG 18 IN KOMBU GREEN QUILTED CALFSKIN,
TRAVEL BAG 48 IN WHITE CANVAS AND BROWN LEATHER TRIM GOLD HARDWARE,https://cdn.shopify.com/s/files/1/0912/9351/6071/files/img_f8c0bdc9_20240904_i1725437618_6553_3_jpg_b069d5ff-9163-487d-816f-75c9a8415c3c.jpg?v=1759131837,handbags,ysl,https://cdn.shopify.com/s/files/1/0912/9351/6071/files/img_f8c0bdc9_20240904_i1725437618_6553_3_jpg_b069d5ff-9163-487d-816f-75c9a8415c3c.jpg?v=1759131837|https://cdn.shopify.com/s/files/1/0912/9351/6071/files/img_f8c0bdc9_20240904_i1725437617_3466_1_jpg_268fdf94-25ce-4526-9467-e5ce895ab70d.jpg?v=1759131837|https://cdn.shopify.com/s/files/1/0912/9351/6071/files/img_f8c0bdc9_20240904_i1725437617_5286_0_jpg_215bffc5-b82f-45f4-adcf-7a5c88560ab2.jpg?v=1759131837|https://cdn.shopify.com/s/files/1/0912/9351/6071/files/img_f8c0bdc9_20240904_i1725437618_167_5_jpg_8687b958-5c3f-4b24-b03c-68956dad9aa2.jpg?v=1759131837|https://cdn.shopify.com/s/files/1/0912/9351/6071/files/img_f8c0bdc9_20240904_i1725437618_217_8_jpg_a97f9074-7845-4558-aee3-6273e486b678.jpg?v=1759131837|https://cdn.shopify.com/s/files/1/0912/9351/6071/files/img_f8c0bdc9_20240904_i1725437618_2221_2_jpg_ec1e079e-8f9f-49f5-9bc7-4db3772ba5e9.jpg?v=1759131837|https://cdn.shopify.com/s/files/1/0912/9351/6071/files/img_f8c0bdc9_20240904_i1725437618_4150_7_jpg_19c52fa8-1dcc-4614-b5eb-24374294e9fd.jpg?v=1759131837|https://cdn.shopify.com/s/files/1/0912/9351/6071/files/img_f8c0bdc9_20240904_i1725437618_4370_6_jpg_8527147b-6ee9-4181-855a-652c99e45607.jpg?v=1759131837|https://cdn.shopify.com/s/files/1/0912/9351/6071/files/img_f8c0bdc9_20240904_i1725437618_5488_4_jpg_67687fe2-272c-436c-bcf7-5169afb2f7d2.jpg?v=1759131837,Hi I want TRAVEL BAG 48 IN WHITE CANVAS AND BROWN LEATHER TRIM GOLD HARDWARE,
TOTE BAG 38 IN WHITE CANVAS AND BROWN LEATHER TRIM GOLD HARDWARE,https://cdn.shopify.com/s/files/1/0912/9351/6071/files/img_f8c0bdc9_20240904_i1725438024_5020_8_jpg_2121ace9-c1db-4bb3-9467-6e2391cd1020.jpg?v=1759131847,handbags,ysl,https://cdn.shopify.com/s/files/1/0912/9351/6071/files/img_f8c0bdc9_20240904_i1725438024_5020_8_jpg_2121ace9-c1db-4bb3-9467-6e2391cd1020.jpg?v=1759131847|https://cdn.shopify.com/s/files/1/0912/9351/6071/files/img_f8c0bdc9_20240904_i1725438023_179_0_jpg_1f164734-3ab6-4d5e-b9d3-2a6c1c5fa78c.jpg?v=1759131847|https://cdn.shopify.com/s/files/1/0912/9351/6071/files/img_f8c0bdc9_20240904_i1725438023_4608_1_jpg_be56cc0d-f426-4e9d-873a-34684404a044.jpg?v=1759131847|https://cdn.shopify.com/s/files/1/0912/9351/6071/files/img_f8c0bdc9_20240904_i1725438024_2397_7_jpg_79087a72-b89b-402b-bec7-4a904f07e7df.jpg?v=1759131847|https://cdn.shopify.com/s/files/1/0912/9351/6071/files/img_f8c0bdc9_20240904_i1725438024_2711_4_jpg_8116adf4-1be8-439a-8c88-ae6710340744.jpg?v=1759131847|https://cdn.shopify.com/s/files/1/0912/9351/6071/files/img_f8c0bdc9_20240904_i1725438024_5973_3_jpg_88772bbc-cc41-41c3-8966-76bba8838e56.jpg?v=1759131847|https://cdn.shopify.com/s/files/1/0912/9351/6071/files/img_f8c0bdc9_20240904_i1725438024_6008_5_jpg_033d60ae-526a-49e6-ac84-78b70fc7a36c.jpg?v=1759131847|https://cdn.shopify.com/s/files/1/0912/9351/6071/files/img_f8c0bdc9_20240904_i1725438024_6452_2_jpg_62fa20cf-8cee-4881-9fb7-1245885cc285.jpg?v=1759131847|https://cdn.shopify.com/s/files/1/0912/9351/6071/files/img_f8c0bdc9_20240904_i1725438024_9467_6_jpg_17111f02-e33c-4448-b088-4312e6d2bcf2.jpg?v=1759131847,Hi I want TOTE BAG 38 IN WHITE CANVAS AND BROWN LEATHER TRIM GOLD HARDWARE,
TOTE BAG 47 IN WHITE CANVAS AND BROWN LEATHER TRIM GOLD HARDWARE,https://cdn.shopify.com/s/files/1/0912/9351/6071/files/img_f8c0bdc9_20240904_i1725438543_2855_4_jpg_ae8a63c1-2835-44cc-be05-7380590f3688.jpg?v=1759131859,handbags,ysl,https://cdn.shopify.com/s/files/1/0912/9351/6071/files/img_f8c0bdc9_20240904_i1725438543_2855_4_jpg_ae8a63c1-2835-44cc-be05-7380590f3688.jpg?v=1759131859|https://cdn.shopify.com/s/files/1/0912/9351/6071/files/img_f8c0bdc9_20240904_i1725438543_4571_8_jpg_6b9d9e36-9dad-475a-9625-e6ae77d103fb.jpg?v=1759131859|https://cdn.shopify.com/s/files/1/0912/9351/6071/files/img_f8c0bdc9_20240904_i1725438542_354_1_jpg_768ec4af-32e1-46b7-b447-a97e99dc6f46.jpg?v=1759131859|https://cdn.shopify.com/s/files/1/0912/9351/6071/files/img_f8c0bdc9_20240904_i1725438542_6374_0_jpg_67cde2c3-522f-4299-9b5a-f8ab7b8699fb.jpg?v=1759131859|https://cdn.shopify.com/s/files/1/0912/9351/6071/files/img_f8c0bdc9_20240904_i1725438542_7182_2_jpg_ad689c01-b94d-4999-8208-6e7d349167f1.jpg?v=1759131860|https://cdn.shopify.com/s/files/1/0912/9351/6071/files/img_f8c0bdc9_20240904_i1725438543_622_7_jpg_6abf2567-ea4c-40b1-90f0-a03e6afe570a.jpg?v=1759131860|https://cdn.shopify.com/s/files/1/0912/9351/6071/files/img_f8c0bdc9_20240904_i1725438543_680_6_jpg_eb37419c-5995-4f9f-9fb9-762ce678aaad.jpg?v=1759131860|https://cdn.shopify.com/s/files/1/0912/9351/6071/files/img_f8c0bdc9_20240904_i1725438543_4730_5_jpg_f31c6a74-4b4d-4883-a6f6-7cf573703449.jpg?v=1759131860|https://cdn.shopify.com/s/files/1/0912/9351/6071/files/img_f8c0bdc9_20240904_i1725438543_6685_3_jpg_80e851b8-16d6-4fb8-997a-27eb0b264598.jpg?v=1759131860,Hi I want TOTE BAG 47 IN WHITE CANVAS AND BROWN LEATHER TRIM GOLD HARDWARE,
TOTE BAG 50 IN BRUNETTE BROWN CALFSKIN,https://cdn.shopify.com/s/files/1/0912/9351/6071/files/img_f8c0bdc9_20241022_i1729587036_8256_7_jpg.jpg?v=1778558121,handbags,ysl,https://cdn.shopify.com/s/files/1/0912/9351/6071/files/img_f8c0bdc9_20241022_i1729587036_8256_7_jpg.jpg?v=1778558121|https://cdn.shopify.com/s/files/1/0912/9351/6071/files/img_f8c0bdc9_20241022_i1729587035_722_0_jpg.jpg?v=1778558121|https://cdn.shopify.com/s/files/1/0912/9351/6071/files/img_f8c0bdc9_20241022_i1729587035_1438_1_jpg.jpg?v=1778558120|https://cdn.shopify.com/s/files/1/0912/9351/6071/files/img_f8c0bdc9_20241022_i1729587036_3663_8_jpg.jpg?v=1778558121|https://cdn.shopify.com/s/files/1/0912/9351/6071/files/img_f8c0bdc9_20241022_i1729587036_4199_6_jpg.jpg?v=1778558121|https://cdn.shopify.com/s/files/1/0912/9351/6071/files/img_f8c0bdc9_20241022_i1729587036_5133_5_jpg.jpg?v=1778558121|https://cdn.shopify.com/s/files/1/0912/9351/6071/files/img_f8c0bdc9_20241022_i1729587036_7224_2_jpg.jpg?v=1778558121|https://cdn.shopify.com/s/files/1/0912/9351/6071/files/img_f8c0bdc9_20241022_i1729587036_8085_4_jpg.jpg?v=1778558120|https://cdn.shopify.com/s/files/1/0912/9351/6071/files/img_f8c0bdc9_20241022_i1729587036_8134_3_jpg.jpg?v=1778558121,Hi I want TOTE BAG 50 IN BRUNETTE BROWN CALFSKIN,
CALYPSO LARGE POUCH 30 IN BLACK SMOOTH LAMBSKIN,https://cdn.shopify.com/s/files/1/0912/9351/6071/files/img_c8ebba50_20240327_i1711532874_370_5_jpg_973fcf3d-2700-47a2-9f06-9a66ff1aa530.jpg?v=1759131908,handbags,ysl,https://cdn.shopify.com/s/files/1/0912/9351/6071/files/img_c8ebba50_20240327_i1711532874_370_5_jpg_973fcf3d-2700-47a2-9f06-9a66ff1aa530.jpg?v=1759131908|https://cdn.shopify.com/s/files/1/0912/9351/6071/files/img_c8ebba50_20240327_i1711532874_2358_4_jpg_ea03436f-235c-4ce5-bacd-f1e882d7d02c.jpg?v=1759131908|https://cdn.shopify.com/s/files/1/0912/9351/6071/files/img_c8ebba50_20240327_i1711532874_3051_7_jpg_7c711739-3913-4ae4-adec-c128d89d8320.jpg?v=1759131908|https://cdn.shopify.com/s/files/1/0912/9351/6071/files/img_c8ebba50_20240327_i1711532874_3874_1_jpg_7172a57c-8eb4-4558-9e96-92b629e8e156.jpg?v=1759131908|https://cdn.shopify.com/s/files/1/0912/9351/6071/files/img_c8ebba50_20240327_i1711532874_4649_8_jpg_d291f598-7c5f-422d-9f2d-2eb2f0dc5258.jpg?v=1759131908|https://cdn.shopify.com/s/files/1/0912/9351/6071/files/img_c8ebba50_20240327_i1711532874_4783_2_jpg_8ac15d76-d177-4988-b065-fdd19a4a08ec.jpg?v=1759131908|https://cdn.shopify.com/s/files/1/0912/9351/6071/files/img_c8ebba50_20240327_i1711532874_5326_6_jpg_bb40cdb5-be1e-4689-9df0-3d16635dea8d.jpg?v=1759131908|https://cdn.shopify.com/s/files/1/0912/9351/6071/files/img_c8ebba50_20240327_i1711532874_6090_3_jpg_858f1594-a12b-423f-9381-61d6a64c4ef7.jpg?v=1759131908|https://cdn.shopify.com/s/files/1/0912/9351/6071/files/img_c8ebba50_20240327_i1711532874_7457_0_jpg_e491d441-8a47-4d5b-ac3b-1a182a71eb33.jpg?v=1759131908,Hi I want CALYPSO LARGE POUCH 30 IN BLACK SMOOTH LAMBSKIN,
CALYPSO SMALL POUCH 23 IN BLACK SMOOTH LAMBSKIN,https://cdn.shopify.com/s/files/1/0912/9351/6071/files/img_f8c0bdc9_20240104_i1704354403_6267_1_jpg_757a8730-42f9-4b0c-b517-8e5c523490bc.jpg?v=1759131917,handbags,ysl,https://cdn.shopify.com/s/files/1/0912/9351/6071/files/img_f8c0bdc9_20240104_i1704354403_6267_1_jpg_757a8730-42f9-4b0c-b517-8e5c523490bc.jpg?v=1759131917|https://cdn.shopify.com/s/files/1/0912/9351/6071/files/img_f8c0bdc9_20240104_i1704354403_2020_4_jpg_b636652f-b404-471e-b5c4-eb85dd225f85.jpg?v=1759131917|https://cdn.shopify.com/s/files/1/0912/9351/6071/files/img_f8c0bdc9_20240104_i1704354403_2488_7_jpg_c11cd5c0-31c3-4748-800a-cf2dc9ae93e6.jpg?v=1759131917|https://cdn.shopify.com/s/files/1/0912/9351/6071/files/img_f8c0bdc9_20240104_i1704354403_2562_3_jpg_389aaab7-6eef-450a-8a48-5aa3b2fd9c50.jpg?v=1759131917|https://cdn.shopify.com/s/files/1/0912/9351/6071/files/img_f8c0bdc9_20240104_i1704354403_3535_2_jpg_55e866cf-5b5a-4fef-9f61-2ba028e008ec.jpg?v=1759131917|https://cdn.shopify.com/s/files/1/0912/9351/6071/files/img_f8c0bdc9_20240104_i1704354403_3663_5_jpg_e55b0d47-9fdd-4002-ad81-7f9df8a2e3ad.jpg?v=1759131917|https://cdn.shopify.com/s/files/1/0912/9351/6071/files/img_f8c0bdc9_20240104_i1704354403_8172_0_jpg_8f0022c7-bc4a-4ca5-8c22-7f7a35ae755d.jpg?v=1759131917|https://cdn.shopify.com/s/files/1/0912/9351/6071/files/img_f8c0bdc9_20240104_i1704354403_9052_6_jpg_f08aacb3-3c47-49ce-8761-243070416307.jpg?v=1759131917|https://cdn.shopify.com/s/files/1/0912/9351/6071/files/img_f8c0bdc9_20240104_i1704354403_9808_8_jpg_6276638e-c04c-4a02-9160-c544e5d1670b.jpg?v=1759131917,Hi I want CALYPSO SMALL POUCH 23 IN BLACK SMOOTH LAMBSKIN,
POUCH 30 IN BLACK CALFSKIN WITH EMBOSSED LOGO,https://cdn.shopify.com/s/files/1/0912/9351/6071/files/img_c8ebba50_20240327_i1711533916_3273_8_jpg_e28d2843-6de2-43ef-8c35-034a759eb509.jpg?v=1759131929,handbags,ysl,https://cdn.shopify.com/s/files/1/0912/9351/6071/files/img_c8ebba50_20240327_i1711533916_3273_8_jpg_e28d2843-6de2-43ef-8c35-034a759eb509.jpg?v=1759131929|https://cdn.shopify.com/s/files/1/0912/9351/6071/files/img_c8ebba50_20240327_i1711533916_167_3_jpg_cf025c01-b67e-4b2b-a729-fc65e2fdc65c.jpg?v=1759131929|https://cdn.shopify.com/s/files/1/0912/9351/6071/files/img_c8ebba50_20240327_i1711533916_327_0_jpg_9aa143c3-ee7c-405a-ab5d-7d1e36916a3f.jpg?v=1759131929|https://cdn.shopify.com/s/files/1/0912/9351/6071/files/img_c8ebba50_20240327_i1711533916_385_7_jpg_e99177b9-25b8-434d-883c-4f13d526206a.jpg?v=1759131929|https://cdn.shopify.com/s/files/1/0912/9351/6071/files/img_c8ebba50_20240327_i1711533916_3093_1_jpg_a13de09b-29b9-4e59-85bf-e9b8a1abb5aa.jpg?v=1759131929|https://cdn.shopify.com/s/files/1/0912/9351/6071/files/img_c8ebba50_20240327_i1711533916_7167_4_jpg_073211e4-1e09-47bf-b8ef-feb8c9a8ee09.jpg?v=1759131929|https://cdn.shopify.com/s/files/1/0912/9351/6071/files/img_c8ebba50_20240327_i1711533916_8811_2_jpg_d153db16-3221-4910-bea3-a670d0d4b8f9.jpg?v=1759131929|https://cdn.shopify.com/s/files/1/0912/9351/6071/files/img_c8ebba50_20240327_i1711533916_9029_5_jpg_6bf3b8be-ef8e-4a76-b1f3-5268a49d8367.jpg?v=1759131929|https://cdn.shopify.com/s/files/1/0912/9351/6071/files/img_c8ebba50_20240327_i1711533916_9482_6_jpg_2d86d900-9ad9-439a-bbd9-4939070f8733.jpg?v=1759131929,Hi I want POUCH 30 IN BLACK CALFSKIN WITH EMBOSSED LOGO,
POUCH WITH ELEPHANT TEXTURE 23 IN BLACK LAMBSKIN LOGO EMBOSSED,https://cdn.shopify.com/s/files/1/0912/9351/6071/files/img_c8ebba50_20240327_i1711534421_7592_3_jpg_e09bcf27-d95f-4618-bdb1-0d3b20048080.jpg?v=1759131936,handbags,ysl,https://cdn.shopify.com/s/files/1/0912/9351/6071/files/img_c8ebba50_20240327_i1711534421_7592_3_jpg_e09bcf27-d95f-4618-bdb1-0d3b20048080.jpg?v=1759131936|https://cdn.shopify.com/s/files/1/0912/9351/6071/files/img_c8ebba50_20240327_i1711534421_2092_5_jpg_72d0485e-4963-4a4f-a399-bdafbdea92c0.jpg?v=1759131936|https://cdn.shopify.com/s/files/1/0912/9351/6071/files/img_c8ebba50_20240327_i1711534421_2644_0_jpg_ac53d755-51f1-4551-b965-cb575333f73a.jpg?v=1759131936|https://cdn.shopify.com/s/files/1/0912/9351/6071/files/img_c8ebba50_20240327_i1711534421_3152_6_jpg_bb44673f-65c2-43c9-910a-3d916fa7c981.jpg?v=1759131936|https://cdn.shopify.com/s/files/1/0912/9351/6071/files/img_c8ebba50_20240327_i1711534421_5833_2_jpg_032cf28a-38a5-471f-9d9c-f200d822141b.jpg?v=1759131936|https://cdn.shopify.com/s/files/1/0912/9351/6071/files/img_c8ebba50_20240327_i1711534421_6287_7_jpg_3906bf96-31dd-4de2-88da-ab0b095f6c53.jpg?v=1759131936|https://cdn.shopify.com/s/files/1/0912/9351/6071/files/img_c8ebba50_20240327_i1711534421_6741_4_jpg_fa401b7b-0454-4708-a144-ebf8e4054a28.jpg?v=1759131936|https://cdn.shopify.com/s/files/1/0912/9351/6071/files/img_c8ebba50_20240327_i1711534421_7950_1_jpg_8dd55bb9-a5d5-452f-b7a3-bec74dd840dd.jpg?v=1759131936,Hi I want POUCH WITH ELEPHANT TEXTURE 23 IN BLACK LAMBSKIN LOGO EMBOSSED,
ENVELOPE CLUTCH 21 IN BLACK CALFSKIN,https://cdn.shopify.com/s/files/1/0912/9351/6071/files/img_f8c0bdc9_20240104_i1704354467_7157_0_jpg_e160638c-df34-4dba-8ff0-2272d014ad4d.jpg?v=1759131945,handbags,ysl,https://cdn.shopify.com/s/files/1/0912/9351/6071/files/img_f8c0bdc9_20240104_i1704354467_7157_0_jpg_e160638c-df34-4dba-8ff0-2272d014ad4d.jpg?v=1759131945|https://cdn.shopify.com/s/files/1/0912/9351/6071/files/img_f8c0bdc9_20240104_i1704354467_11_3_jpg_5b230d8c-5450-4476-b044-efa394e97de6.jpg?v=1759131945|https://cdn.shopify.com/s/files/1/0912/9351/6071/files/img_f8c0bdc9_20240104_i1704354467_143_4_jpg_9b54ad67-73c2-48c3-aeee-b0ff2f01e28b.jpg?v=1759131945|https://cdn.shopify.com/s/files/1/0912/9351/6071/files/img_f8c0bdc9_20240104_i1704354467_3687_1_jpg_70fc11de-18ec-4a95-b53a-99a5585e4ddc.jpg?v=1759131945|https://cdn.shopify.com/s/files/1/0912/9351/6071/files/img_f8c0bdc9_20240104_i1704354467_5952_2_jpg_57459614-a429-4244-a11a-0a38973a3dbb.jpg?v=1759131945|https://cdn.shopify.com/s/files/1/0912/9351/6071/files/img_f8c0bdc9_20240104_i1704354467_7142_5_jpg_f46e3926-8b68-4ebe-9991-8520abf294f6.jpg?v=1759131945|https://cdn.shopify.com/s/files/1/0912/9351/6071/files/img_f8c0bdc9_20240104_i1704354467_7689_7_jpg_1941a596-3aaf-4f99-858f-e84406ce2895.jpg?v=1759131945|https://cdn.shopify.com/s/files/1/0912/9351/6071/files/img_f8c0bdc9_20240104_i1704354467_8389_8_jpg_77565d5c-bc25-4f7f-8b45-928ca5a8d814.jpg?v=1759131945|https://cdn.shopify.com/s/files/1/0912/9351/6071/files/img_f8c0bdc9_20240104_i1704354467_8907_6_jpg_a5bccf48-1ddb-4cd6-936a-48c0760ac10a.jpg?v=1759131945,Hi I want ENVELOPE CLUTCH 21 IN BLACK CALFSKIN,
ENVELOPE CLUTCH 29 IN KOMBU GREEN LAMBSKIN COPPER LOGO,https://cdn.shopify.com/s/files/1/0912/9351/6071/files/img_f8c0bdc9_20240819_i1724048559_468_0_jpg_2c12a830-5771-4c63-8c9a-b41e90a594f8.jpg?v=1759131992,handbags,ysl,https://cdn.shopify.com/s/files/1/0912/9351/6071/files/img_f8c0bdc9_20240819_i1724048559_468_0_jpg_2c12a830-5771-4c63-8c9a-b41e90a594f8.jpg?v=1759131992|https://cdn.shopify.com/s/files/1/0912/9351/6071/files/img_f8c0bdc9_20240819_i1724048559_1189_5_jpg_263adb50-348e-47bb-a056-16f43249f474.jpg?v=1759131992|https://cdn.shopify.com/s/files/1/0912/9351/6071/files/img_f8c0bdc9_20240819_i1724048559_2019_7_jpg_eeea5de8-ab09-4208-ad79-015b3485ba58.jpg?v=1759131992|https://cdn.shopify.com/s/files/1/0912/9351/6071/files/img_f8c0bdc9_20240819_i1724048559_2256_3_jpg_47676ae5-96b7-4539-a7b2-1625b1e6360a.jpg?v=1759131992|https://cdn.shopify.com/s/files/1/0912/9351/6071/files/img_f8c0bdc9_20240819_i1724048559_4049_8_jpg_36d2d93a-45f0-4639-865f-9a47f4a09b68.jpg?v=1759131992|https://cdn.shopify.com/s/files/1/0912/9351/6071/files/img_f8c0bdc9_20240819_i1724048559_5977_1_jpg_1e6f53d3-40f0-43fa-b807-472196147f79.jpg?v=1759131992|https://cdn.shopify.com/s/files/1/0912/9351/6071/files/img_f8c0bdc9_20240819_i1724048559_6704_2_jpg_76aa8168-3347-408b-b2d3-aad72d383945.jpg?v=1759131992|https://cdn.shopify.com/s/files/1/0912/9351/6071/files/img_f8c0bdc9_20240819_i1724048559_7844_4_jpg_7f359928-8742-4d03-b486-377db884e25e.jpg?v=1759131992|https://cdn.shopify.com/s/files/1/0912/9351/6071/files/img_f8c0bdc9_20240819_i1724048559_8970_6_jpg_1c42f69f-f7c2-4200-86a2-18b618ab2d83.jpg?v=1759131992,Hi I want ENVELOPE CLUTCH 29 IN KOMBU GREEN LAMBSKIN COPPER LOGO,
ENVELOPE CLUTCH 29 IN EARTHY YELLOW LAMBSKIN COPPER LOGO,https://cdn.shopify.com/s/files/1/0912/9351/6071/files/img_f8c0bdc9_20240819_i1724048716_2482_0_jpg_35245520-7f6b-4c53-a425-7156078c51e3.jpg?v=1759132002,handbags,ysl,https://cdn.shopify.com/s/files/1/0912/9351/6071/files/img_f8c0bdc9_20240819_i1724048716_2482_0_jpg_35245520-7f6b-4c53-a425-7156078c51e3.jpg?v=1759132002|https://cdn.shopify.com/s/files/1/0912/9351/6071/files/img_f8c0bdc9_20240819_i1724048716_3299_1_jpg_44ed7651-c2cd-46ef-810d-4708980ee8dc.jpg?v=1759132002|https://cdn.shopify.com/s/files/1/0912/9351/6071/files/img_f8c0bdc9_20240819_i1724048716_4454_8_jpg_064bef18-147f-429a-9b03-abc3caef8448.jpg?v=1759132002|https://cdn.shopify.com/s/files/1/0912/9351/6071/files/img_f8c0bdc9_20240819_i1724048716_4665_4_jpg_be63b6f4-2f4a-4186-8f19-ac614fbf1ecd.jpg?v=1759132002|https://cdn.shopify.com/s/files/1/0912/9351/6071/files/img_f8c0bdc9_20240819_i1724048716_6166_7_jpg_a6c22243-e8a6-4c56-ac0c-826f1814e92a.jpg?v=1759132002|https://cdn.shopify.com/s/files/1/0912/9351/6071/files/img_f8c0bdc9_20240819_i1724048716_7009_3_jpg_2607b993-a320-418f-9858-abe92ad4f2e5.jpg?v=1759132002|https://cdn.shopify.com/s/files/1/0912/9351/6071/files/img_f8c0bdc9_20240819_i1724048716_7571_2_jpg_b4a9b242-7181-4092-83cc-10b2b6c9e42a.jpg?v=1759132002|https://cdn.shopify.com/s/files/1/0912/9351/6071/files/img_f8c0bdc9_20240819_i1724048716_9336_5_jpg_daeeae66-3bbd-4e94-ad4f-788771ecad35.jpg?v=1759132002|https://cdn.shopify.com/s/files/1/0912/9351/6071/files/img_f8c0bdc9_20240819_i1724048716_9597_6_jpg_6659838d-6f10-407e-b38f-2da88513773c.jpg?v=1759132002,Hi I want ENVELOPE CLUTCH 29 IN EARTHY YELLOW LAMBSKIN COPPER LOGO,
JAMIE 4.3 LARGE BAG 38 IN BLACK CALFSKIN MIX BEIGE SHEARLING GOLD HARDWARE,https://cdn.shopify.com/s/files/1/0912/9351/6071/files/20221123_i1669195620_4330_0_jpg_e2b65a32-efbe-41fb-93d6-ae0e4535e253.jpg?v=1759132013,handbags,ysl,https://cdn.shopify.com/s/files/1/0912/9351/6071/files/20221123_i1669195620_4330_0_jpg_e2b65a32-efbe-41fb-93d6-ae0e4535e253.jpg?v=1759132013|https://cdn.shopify.com/s/files/1/0912/9351/6071/files/20221123_i1669195620_6549_6_jpg_0e12cd42-b278-4d7b-9b86-94ccb1e10e68.jpg?v=1759132013|https://cdn.shopify.com/s/files/1/0912/9351/6071/files/20221123_i1669195620_2202_8_jpg_5fd89f0c-dd7f-4c38-971d-8c1d747a5f15.jpg?v=1759132013|https://cdn.shopify.com/s/files/1/0912/9351/6071/files/20221123_i1669195620_3405_7_jpg_e3c1c2c1-3234-4130-8592-0a29da8652a4.jpg?v=1759132013|https://cdn.shopify.com/s/files/1/0912/9351/6071/files/20221123_i1669195620_4260_3_jpg_bb258c4e-a0e4-43c6-9a94-ac09fd144eb2.jpg?v=1759132013|https://cdn.shopify.com/s/files/1/0912/9351/6071/files/20221123_i1669195620_4371_4_jpg_795404b0-e164-420c-93ec-3ab02fc736ae.jpg?v=1759132013|https://cdn.shopify.com/s/files/1/0912/9351/6071/files/20221123_i1669195620_4389_1_jpg_885c3912-2a4a-4cdd-9735-f13fd1e5f53d.jpg?v=1759132013|https://cdn.shopify.com/s/files/1/0912/9351/6071/files/20221123_i1669195620_7127_5_jpg_10aed8ad-718f-4add-bbe8-0bd0c8486748.jpg?v=1759132013|https://cdn.shopify.com/s/files/1/0912/9351/6071/files/20221123_i1669195620_7130_2_jpg_cb90cdcb-359d-4359-8fee-07957ba4c4b1.jpg?v=1759132013,Hi I want JAMIE 4.3 LARGE BAG 38 IN BLACK CALFSKIN MIX BEIGE SHEARLING GOLD HARDWARE,
JAMIE BAG 25 IN BLACK CALFSKIN MIX BEIGE SHEARLING GOLD HARDWARE,https://cdn.shopify.com/s/files/1/0912/9351/6071/files/20221123_i1669198982_1699_0_jpg_e8407c16-eaa0-4e82-bf22-09048e4094e6.jpg?v=1759132024,handbags,ysl,https://cdn.shopify.com/s/files/1/0912/9351/6071/files/20221123_i1669198982_1699_0_jpg_e8407c16-eaa0-4e82-bf22-09048e4094e6.jpg?v=1759132024|https://cdn.shopify.com/s/files/1/0912/9351/6071/files/20221123_i1669198982_1306_5_jpg_f243b1e2-1972-4020-89b6-176f560f430c.jpg?v=1759132024|https://cdn.shopify.com/s/files/1/0912/9351/6071/files/20221123_i1669198982_3969_1_jpg_9ffa83bb-a6cc-4d20-bd36-5b8964eccbff.jpg?v=1759132024|https://cdn.shopify.com/s/files/1/0912/9351/6071/files/20221123_i1669198982_4706_4_jpg_9416a2e1-112e-4254-b2ba-84fc61ed4dda.jpg?v=1759132024|https://cdn.shopify.com/s/files/1/0912/9351/6071/files/20221123_i1669198982_5619_8_jpg_3fb5ea68-b299-4176-888d-27cc3866a0ef.jpg?v=1759132024|https://cdn.shopify.com/s/files/1/0912/9351/6071/files/20221123_i1669198982_5971_6_jpg_421bbcfd-051d-4703-beee-eeebc2176ca2.jpg?v=1759132024|https://cdn.shopify.com/s/files/1/0912/9351/6071/files/20221123_i1669198982_8425_2_jpg_c0bcd59e-1a3d-45af-9a7b-3f6c2e877683.jpg?v=1759132024|https://cdn.shopify.com/s/files/1/0912/9351/6071/files/20221123_i1669198982_8662_3_jpg_851e29cf-ec69-4be4-ae84-937a4f57537e.jpg?v=1759132024|https://cdn.shopify.com/s/files/1/0912/9351/6071/files/20221123_i1669198982_9641_7_jpg_62873503-47f1-41a9-a3f0-5c384243ecd4.jpg?v=1759132024,Hi I want JAMIE BAG 25 IN BLACK CALFSKIN MIX BEIGE SHEARLING GOLD HARDWARE,
JAMIE 4.3 LARGE BAG 38 IN BROWN SUEDE MIX BEIGE SHEARLING GOLD HARDWARE,https://cdn.shopify.com/s/files/1/0912/9351/6071/files/20221123_i1669199958_1969_0_jpg_a5da7ba0-5be3-4c7f-80e2-3a5eab44e869.jpg?v=1759132036,handbags,ysl,https://cdn.shopify.com/s/files/1/0912/9351/6071/files/20221123_i1669199958_1969_0_jpg_a5da7ba0-5be3-4c7f-80e2-3a5eab44e869.jpg?v=1759132036|https://cdn.shopify.com/s/files/1/0912/9351/6071/files/20221123_i1669199958_1919_3_jpg_9624adc0-c707-4495-97ca-7bff01b87a46.jpg?v=1759132036|https://cdn.shopify.com/s/files/1/0912/9351/6071/files/20221123_i1669199958_3001_1_jpg_f71270c4-63bb-4ce6-b07a-8d6674791495.jpg?v=1759132036|https://cdn.shopify.com/s/files/1/0912/9351/6071/files/20221123_i1669199958_3603_5_jpg_55b64c18-e0cd-413d-bdc2-0ae61730be70.jpg?v=1759132036|https://cdn.shopify.com/s/files/1/0912/9351/6071/files/20221123_i1669199958_4437_6_jpg_cc44bdbb-a3da-4ff3-be0d-349fc12ee061.jpg?v=1759132036|https://cdn.shopify.com/s/files/1/0912/9351/6071/files/20221123_i1669199958_7710_2_jpg_16c0db45-b909-42bf-a421-1fcda5bd65ca.jpg?v=1759132036|https://cdn.shopify.com/s/files/1/0912/9351/6071/files/20221123_i1669199958_8298_8_jpg_b3db3461-3170-476a-8544-6360b16c84c9.jpg?v=1759132036|https://cdn.shopify.com/s/files/1/0912/9351/6071/files/20221123_i1669199958_8657_7_jpg_bd91442c-dc1a-4086-ad7a-88eeba5bce55.jpg?v=1759132036|https://cdn.shopify.com/s/files/1/0912/9351/6071/files/20221123_i1669199958_8777_4_jpg_7196de2a-fabe-4d97-99cf-aeb55149f0d5.jpg?v=1759132036,Hi I want JAMIE 4.3 LARGE BAG 38 IN BROWN SUEDE MIX BEIGE SHEARLING GOLD HARDWARE,
LE 5 À 7 SUPPLE BAG 23 IN BLACK CALFSKIN SILVER BUCKLE,https://cdn.shopify.com/s/files/1/0912/9351/6071/files/img_f8c0bdc9_20241212_1733981503_966_jpg_263ae7dd-0bc7-428e-91d8-bc95130f9e79.jpg?v=1759132056,handbags,ysl,https://cdn.shopify.com/s/files/1/0912/9351/6071/files/img_f8c0bdc9_20241212_1733981503_966_jpg_263ae7dd-0bc7-428e-91d8-bc95130f9e79.jpg?v=1759132056|https://cdn.shopify.com/s/files/1/0912/9351/6071/files/img_f8c0bdc9_20241212_1733981503_1_jpg_547792ba-7a5e-449f-a07f-166cad5c90ff.jpg?v=1759132056|https://cdn.shopify.com/s/files/1/0912/9351/6071/files/img_f8c0bdc9_20241212_1733981503_133_jpg_2b15dc04-753f-4515-858d-fc1f6e0b45b8.jpg?v=1759132056|https://cdn.shopify.com/s/files/1/0912/9351/6071/files/img_f8c0bdc9_20241212_1733981503_249_jpg_34eef811-e71b-4412-bbe2-4662f9e0f57a.jpg?v=1759132056|https://cdn.shopify.com/s/files/1/0912/9351/6071/files/img_f8c0bdc9_20241212_1733981503_278_jpg_2ff2e8c6-7a1f-478d-b55d-31116ed563c8.jpg?v=1759132056|https://cdn.shopify.com/s/files/1/0912/9351/6071/files/img_f8c0bdc9_20241212_1733981503_407_jpg_ceb315d1-e064-4349-ab23-380461fe1ec5.jpg?v=1759132056|https://cdn.shopify.com/s/files/1/0912/9351/6071/files/img_f8c0bdc9_20241212_1733981503_438_jpg_efe4bc04-2c70-4b1a-a82d-78507a460192.jpg?v=1759132056|https://cdn.shopify.com/s/files/1/0912/9351/6071/files/img_f8c0bdc9_20241212_1733981503_558_jpg_cce67150-202f-4ebe-a1f1-37f6f2524bfa.jpg?v=1759132056|https://cdn.shopify.com/s/files/1/0912/9351/6071/files/img_f8c0bdc9_20241212_1733981503_560_jpg_0e6f0f38-62f0-442d-a613-9416e9a959a3.jpg?v=1759132056,Hi I want LE 5 À 7 SUPPLE BAG 23 IN BLACK CALFSKIN SILVER BUCKLE,
KATE 99 MEDIUM BAG 26 IN BLACK QUILTED NAPPA CALFSKIN COPPER HARDWARE,https://cdn.shopify.com/s/files/1/0912/9351/6071/files/img_f8c0bdc9_20241213_1734064351_217_jpg_82079505-9f48-4975-9723-b3784e143a48.jpg?v=1759132115,handbags,ysl,https://cdn.shopify.com/s/files/1/0912/9351/6071/files/img_f8c0bdc9_20241213_1734064351_217_jpg_82079505-9f48-4975-9723-b3784e143a48.jpg?v=1759132115|https://cdn.shopify.com/s/files/1/0912/9351/6071/files/img_f8c0bdc9_20241213_1734064343_815_jpg_7ff4bdfd-3c6c-48c3-a068-2778ce34b7c6.jpg?v=1759132115|https://cdn.shopify.com/s/files/1/0912/9351/6071/files/img_f8c0bdc9_20241213_1734064351_63_jpg_22d79d91-dd0b-4429-8ec9-a1f69be22445.jpg?v=1759132115|https://cdn.shopify.com/s/files/1/0912/9351/6071/files/img_f8c0bdc9_20241213_1734064351_92_jpg_5f56e699-ea47-447a-b204-c92ffbcdf849.jpg?v=1759132115|https://cdn.shopify.com/s/files/1/0912/9351/6071/files/img_f8c0bdc9_20241213_1734064351_123_jpg_62de8182-0b8a-4d9b-ab47-8453ffac6ad8.jpg?v=1759132115|https://cdn.shopify.com/s/files/1/0912/9351/6071/files/img_f8c0bdc9_20241213_1734064351_199_jpg_aca3bf22-753b-4793-90cc-180ca8e879c0.jpg?v=1759132115|https://cdn.shopify.com/s/files/1/0912/9351/6071/files/img_f8c0bdc9_20241213_1734064351_819_jpg_45cf8488-59e3-44f9-a193-79e1b0f2b6f7.jpg?v=1759132115|https://cdn.shopify.com/s/files/1/0912/9351/6071/files/img_f8c0bdc9_20241213_1734064351_839_jpg_4ab88ae5-9d57-4100-a726-040761dbecf1.jpg?v=1759132115|https://cdn.shopify.com/s/files/1/0912/9351/6071/files/img_f8c0bdc9_20241213_1734064351_907_jpg_fa1f6750-45c5-4e0a-ab8e-47d431176f66.jpg?v=1759132115,Hi I want KATE 99 MEDIUM BAG 26 IN BLACK QUILTED NAPPA CALFSKIN COPPER HARDWARE,
KATE MEDIUM TASSEL 26 IN BLACK SUEDE COPPER HARDWARE,https://cdn.shopify.com/s/files/1/0912/9351/6071/files/img_f8c0bdc9_20241213_1734064636_428_jpg_8d64c8dc-94ae-4e8a-a7e5-bd5432ad7c45.jpg?v=1759132129,handbags,ysl,https://cdn.shopify.com/s/files/1/0912/9351/6071/files/img_f8c0bdc9_20241213_1734064636_428_jpg_8d64c8dc-94ae-4e8a-a7e5-bd5432ad7c45.jpg?v=1759132129|https://cdn.shopify.com/s/files/1/0912/9351/6071/files/img_f8c0bdc9_20241213_1734064636_7_jpg_736f5f3a-380a-4c52-9214-82514eb82c90.jpg?v=1759132129|https://cdn.shopify.com/s/files/1/0912/9351/6071/files/img_f8c0bdc9_20241213_1734064636_127_jpg_9dfcd5a0-6db6-4bc6-81a3-e075e2eac307.jpg?v=1759132129|https://cdn.shopify.com/s/files/1/0912/9351/6071/files/img_f8c0bdc9_20241213_1734064636_496_jpg_0e84a84b-21d3-4152-aefd-ef3124613f41.jpg?v=1759132129|https://cdn.shopify.com/s/files/1/0912/9351/6071/files/img_f8c0bdc9_20241213_1734064636_517_jpg_3abb855e-81de-46fe-9dd4-e7b71a0297df.jpg?v=1759132129|https://cdn.shopify.com/s/files/1/0912/9351/6071/files/img_f8c0bdc9_20241213_1734064636_537_jpg_bc5b9bc9-2626-4700-82fb-ce893dd1d3be.jpg?v=1759132129|https://cdn.shopify.com/s/files/1/0912/9351/6071/files/img_f8c0bdc9_20241213_1734064636_621_jpg_963bf762-8234-4349-b762-a15c6b8a9ed7.jpg?v=1759132129|https://cdn.shopify.com/s/files/1/0912/9351/6071/files/img_f8c0bdc9_20241213_1734064636_742_jpg_4e0c6452-5a3f-494a-889c-839388c94d8d.jpg?v=1759132129|https://cdn.shopify.com/s/files/1/0912/9351/6071/files/img_f8c0bdc9_20241213_1734064636_887_jpg_8336fb90-a92c-4c0d-b489-8d65422006b2.jpg?v=1759132129,Hi I want KATE MEDIUM TASSEL 26 IN BLACK SUEDE COPPER HARDWARE,
SUNSET SMALL BAG 19 IN WHITE CROCODILE-EMBOSSED CALFSKIN GOLD HARDWARE,https://cdn.shopify.com/s/files/1/0912/9351/6071/files/img_f8c0bdc9_20241213_1734065385_330_jpg_ca128772-4f69-4c2b-bb09-47446bd4f52d.jpg?v=1759132139,handbags,ysl,https://cdn.shopify.com/s/files/1/0912/9351/6071/files/img_f8c0bdc9_20241213_1734065385_330_jpg_ca128772-4f69-4c2b-bb09-47446bd4f52d.jpg?v=1759132139|https://cdn.shopify.com/s/files/1/0912/9351/6071/files/img_f8c0bdc9_20241213_1734065385_63_jpg_58656f64-b3c7-4b41-8dac-43c0f457af25.jpg?v=1759132139|https://cdn.shopify.com/s/files/1/0912/9351/6071/files/img_f8c0bdc9_20241213_1734065385_139_jpg_1a8c41f8-8e5f-4853-bc2c-e57b5cb62a0a.jpg?v=1759132139|https://cdn.shopify.com/s/files/1/0912/9351/6071/files/img_f8c0bdc9_20241213_1734065385_166_jpg_4df22832-632a-4e92-90b5-c23976bc84e5.jpg?v=1759132139|https://cdn.shopify.com/s/files/1/0912/9351/6071/files/img_f8c0bdc9_20241213_1734065385_277_jpg_aad8af11-c598-4463-8882-ea197eea95b3.jpg?v=1759132139|https://cdn.shopify.com/s/files/1/0912/9351/6071/files/img_f8c0bdc9_20241213_1734065385_468_jpg_2aba45cd-b811-48b5-ad81-228cb7d0de38.jpg?v=1759132139|https://cdn.shopify.com/s/files/1/0912/9351/6071/files/img_f8c0bdc9_20241213_1734065385_569_jpg_21e60660-fc11-4406-adcc-5422f5b9f8ba.jpg?v=1759132139|https://cdn.shopify.com/s/files/1/0912/9351/6071/files/img_f8c0bdc9_20241213_1734065385_642_jpg_4d6f2ac6-9d27-44fe-83e9-408feb926db8.jpg?v=1759132139|https://cdn.shopify.com/s/files/1/0912/9351/6071/files/img_f8c0bdc9_20241213_1734065385_740_jpg_ab46fe1d-6e03-48a8-895f-7411f7b2f3fd.jpg?v=1759132139,Hi I want SUNSET SMALL BAG 19 IN WHITE CROCODILE-EMBOSSED CALFSKIN GOLD HARDWARE,
SUNSET SMALL BAG 19 IN BLACK CROCODILE-EMBOSSED CALFSKIN SILVER HARDWARE,https://cdn.shopify.com/s/files/1/0912/9351/6071/files/img_f8c0bdc9_20241213_1734065527_279_jpg_6e6f180d-4751-4894-89b7-cf962028023e.jpg?v=1759132149,handbags,ysl,https://cdn.shopify.com/s/files/1/0912/9351/6071/files/img_f8c0bdc9_20241213_1734065527_279_jpg_6e6f180d-4751-4894-89b7-cf962028023e.jpg?v=1759132149|https://cdn.shopify.com/s/files/1/0912/9351/6071/files/img_f8c0bdc9_20241213_1734065526_452_jpg_535ad97e-aa6d-4827-a954-40e1315eaa64.jpg?v=1759132149|https://cdn.shopify.com/s/files/1/0912/9351/6071/files/img_f8c0bdc9_20241213_1734065526_646_jpg_2bd9b3b1-64e6-4115-bfbc-5df302b04d54.jpg?v=1759132149|https://cdn.shopify.com/s/files/1/0912/9351/6071/files/img_f8c0bdc9_20241213_1734065526_866_jpg_330cfddf-fa57-4983-a63b-835bdf379688.jpg?v=1759132149|https://cdn.shopify.com/s/files/1/0912/9351/6071/files/img_f8c0bdc9_20241213_1734065526_935_jpg_2309e14c-d380-4e95-9f3d-4979a75b1e40.jpg?v=1759132149|https://cdn.shopify.com/s/files/1/0912/9351/6071/files/img_f8c0bdc9_20241213_1734065527_347_jpg_5c2a0f66-aee1-4b3a-83ca-38ad6eeec1b6.jpg?v=1759132149|https://cdn.shopify.com/s/files/1/0912/9351/6071/files/img_f8c0bdc9_20241213_1734065527_471_jpg_87420fe8-ddd9-4535-9042-871855141471.jpg?v=1759132149|https://cdn.shopify.com/s/files/1/0912/9351/6071/files/img_f8c0bdc9_20241213_1734065527_536_jpg_04ae4813-a0ae-43d3-b3b3-8102e47c3ec6.jpg?v=1759132149|https://cdn.shopify.com/s/files/1/0912/9351/6071/files/img_f8c0bdc9_20241213_1734065527_964_jpg_3007518a-94b2-4416-ad1f-3208399a35bd.jpg?v=1759132149,Hi I want SUNSET SMALL BAG 19 IN BLACK CROCODILE-EMBOSSED CALFSKIN SILVER HARDWARE,
SUNSET SMALL BAG 19 IN BLACK CROCODILE-EMBOSSED CALFSKIN COPPER HARDWARE,https://cdn.shopify.com/s/files/1/0912/9351/6071/files/img_f8c0bdc9_20241213_1734065611_878_jpg_eac47f84-3eb6-4b4e-8bf0-98e76d98141b.jpg?v=1759132159,handbags,ysl,https://cdn.shopify.com/s/files/1/0912/9351/6071/files/img_f8c0bdc9_20241213_1734065611_878_jpg_eac47f84-3eb6-4b4e-8bf0-98e76d98141b.jpg?v=1759132159|https://cdn.shopify.com/s/files/1/0912/9351/6071/files/img_f8c0bdc9_20241213_1734065611_44_jpg_23d74e19-f9b8-4799-8bd5-1a94718801dc.jpg?v=1759132159|https://cdn.shopify.com/s/files/1/0912/9351/6071/files/img_f8c0bdc9_20241213_1734065611_243_jpg_f05050d0-0b15-4643-8c1c-2be1298f7ab1.jpg?v=1759132159|https://cdn.shopify.com/s/files/1/0912/9351/6071/files/img_f8c0bdc9_20241213_1734065611_599_jpg_25fe7518-cde1-43bb-b514-d0427cbf2cfe.jpg?v=1759132159|https://cdn.shopify.com/s/files/1/0912/9351/6071/files/img_f8c0bdc9_20241213_1734065611_791_jpg_eeb1e2ec-397a-4b18-9fdd-6146ee7cd882.jpg?v=1759132159|https://cdn.shopify.com/s/files/1/0912/9351/6071/files/img_f8c0bdc9_20241213_1734065622_474_jpg_ac639265-1644-4fba-bfdc-dc9eb4183a72.jpg?v=1759132159|https://cdn.shopify.com/s/files/1/0912/9351/6071/files/img_f8c0bdc9_20241213_1734065622_705_jpg_a02acc31-7fc8-40ce-a969-8d0fc195269a.jpg?v=1759132159|https://cdn.shopify.com/s/files/1/0912/9351/6071/files/img_f8c0bdc9_20241213_1734065622_720_jpg_d5d3046d-d56d-4131-b59b-cf53c4da5d7d.jpg?v=1759132159|https://cdn.shopify.com/s/files/1/0912/9351/6071/files/img_f8c0bdc9_20241213_1734065622_747_jpg_7c7a7669-da15-422b-b859-b71c4e8351cc.jpg?v=1759132159,Hi I want SUNSET SMALL BAG 19 IN BLACK CROCODILE-EMBOSSED CALFSKIN COPPER HARDWARE,
SUNSET SMALL BAG 19 IN BEIGE CALFSKIN GOLD HARDWARE,https://cdn.shopify.com/s/files/1/0912/9351/6071/files/img_f8c0bdc9_20241213_1734066208_566_jpg_e8df7e8a-905e-47e1-a9c0-d249f12f102b.jpg?v=1759132169,handbags,ysl,https://cdn.shopify.com/s/files/1/0912/9351/6071/files/img_f8c0bdc9_20241213_1734066208_566_jpg_e8df7e8a-905e-47e1-a9c0-d249f12f102b.jpg?v=1759132169|https://cdn.shopify.com/s/files/1/0912/9351/6071/files/img_f8c0bdc9_20241213_1734066208_160_jpg_32636d00-0f4d-4b14-a945-3de67aa67192.jpg?v=1759132169|https://cdn.shopify.com/s/files/1/0912/9351/6071/files/img_f8c0bdc9_20241213_1734066208_339_jpg_cfae96e8-70fa-4e5f-b8f5-32c8c4f6719c.jpg?v=1759132169|https://cdn.shopify.com/s/files/1/0912/9351/6071/files/img_f8c0bdc9_20241213_1734066208_498_jpg_b380e4a0-04ac-4529-9a3a-471c10d0349f.jpg?v=1759132169|https://cdn.shopify.com/s/files/1/0912/9351/6071/files/img_f8c0bdc9_20241213_1734066208_532_jpg_8bcabc6d-2fbc-4176-9e95-daf308fecf35.jpg?v=1759132169|https://cdn.shopify.com/s/files/1/0912/9351/6071/files/img_f8c0bdc9_20241213_1734066208_787_jpg_d3714f52-4a33-4347-911c-5f340b392410.jpg?v=1759132169|https://cdn.shopify.com/s/files/1/0912/9351/6071/files/img_f8c0bdc9_20241213_1734066209_60_jpg_6f1cea51-1b2f-45a7-8a3d-071df53709c1.jpg?v=1759132169|https://cdn.shopify.com/s/files/1/0912/9351/6071/files/img_f8c0bdc9_20241213_1734066209_624_jpg_d35d9a0a-7063-418b-80d6-5979d21ba571.jpg?v=1759132169|https://cdn.shopify.com/s/files/1/0912/9351/6071/files/img_f8c0bdc9_20241213_1734066209_675_jpg_6f11e368-f1d8-4ca8-94d9-66943f813108.jpg?v=1759132169,Hi I want SUNSET SMALL BAG 19 IN BEIGE CALFSKIN GOLD HARDWARE,
SUNSET SMALL BAG 19 IN WHITE CALFSKIN GOLD HARDWARE,https://cdn.shopify.com/s/files/1/0912/9351/6071/files/img_f8c0bdc9_20241213_1734066315_295_jpg_aee6c045-d589-4aa5-be93-7316f9f0277e.jpg?v=1759132179,handbags,ysl,https://cdn.shopify.com/s/files/1/0912/9351/6071/files/img_f8c0bdc9_20241213_1734066315_295_jpg_aee6c045-d589-4aa5-be93-7316f9f0277e.jpg?v=1759132179|https://cdn.shopify.com/s/files/1/0912/9351/6071/files/img_f8c0bdc9_20241213_1734066314_414_jpg_2c23339b-1d21-4382-a386-a9014e2ad7a4.jpg?v=1759132179|https://cdn.shopify.com/s/files/1/0912/9351/6071/files/img_f8c0bdc9_20241213_1734066315_53_jpg_da91bfcb-7ba4-46a8-90b4-e6bf91e0f112.jpg?v=1759132179|https://cdn.shopify.com/s/files/1/0912/9351/6071/files/img_f8c0bdc9_20241213_1734066315_233_jpg_fd25a426-0f30-4566-b3ef-98e27fd597b8.jpg?v=1759132179|https://cdn.shopify.com/s/files/1/0912/9351/6071/files/img_f8c0bdc9_20241213_1734066315_554_jpg_44519ed1-adfe-41bb-b53c-8acad11dd923.jpg?v=1759132179|https://cdn.shopify.com/s/files/1/0912/9351/6071/files/img_f8c0bdc9_20241213_1734066315_583_jpg_3ea4c616-6ebb-4038-9041-48a4bb7e4635.jpg?v=1759132179|https://cdn.shopify.com/s/files/1/0912/9351/6071/files/img_f8c0bdc9_20241213_1734066315_673_jpg_bae43fe6-db35-4af3-a5b8-252166f25a12.jpg?v=1759132179|https://cdn.shopify.com/s/files/1/0912/9351/6071/files/img_f8c0bdc9_20241213_1734066315_705_jpg_f8a7efef-8f68-4a9c-8841-9d5449ee139b.jpg?v=1759132179|https://cdn.shopify.com/s/files/1/0912/9351/6071/files/img_f8c0bdc9_20241213_1734066315_947_jpg_151f4efa-e823-4e06-a2d8-bf494323b70b.jpg?v=1759132179,Hi I want SUNSET SMALL BAG 19 IN WHITE CALFSKIN GOLD HARDWARE,
SUNSET SMALL BAG 19 IN RED CALFSKIN COPPER HARDWARE,https://cdn.shopify.com/s/files/1/0912/9351/6071/files/img_f8c0bdc9_20241213_1734066460_638_jpg_58219329-3c29-4e8c-afa7-944ac22a29cb.jpg?v=1759132189,handbags,ysl,https://cdn.shopify.com/s/files/1/0912/9351/6071/files/img_f8c0bdc9_20241213_1734066460_638_jpg_58219329-3c29-4e8c-afa7-944ac22a29cb.jpg?v=1759132189|https://cdn.shopify.com/s/files/1/0912/9351/6071/files/img_f8c0bdc9_20241213_1734066459_372_jpg_4ce59334-ac9c-4480-9ec7-28af6917c2f2.jpg?v=1759132189|https://cdn.shopify.com/s/files/1/0912/9351/6071/files/img_f8c0bdc9_20241213_1734066459_907_jpg_a895ed0a-104f-47f0-9da2-93a79f445e55.jpg?v=1759132189|https://cdn.shopify.com/s/files/1/0912/9351/6071/files/img_f8c0bdc9_20241213_1734066460_150_jpg_01e9c115-a123-4768-a4a0-93a58b94599e.jpg?v=1759132189|https://cdn.shopify.com/s/files/1/0912/9351/6071/files/img_f8c0bdc9_20241213_1734066460_281_jpg_a962ad43-b273-47e6-a065-7ce79dda061e.jpg?v=1759132189|https://cdn.shopify.com/s/files/1/0912/9351/6071/files/img_f8c0bdc9_20241213_1734066460_344_jpg_90bf21d9-60b9-4a31-8874-59a1351d158b.jpg?v=1759132189|https://cdn.shopify.com/s/files/1/0912/9351/6071/files/img_f8c0bdc9_20241213_1734066460_437_jpg_1d808c94-e81e-4d99-be4c-a8a3f978cae4.jpg?v=1759132189|https://cdn.shopify.com/s/files/1/0912/9351/6071/files/img_f8c0bdc9_20241213_1734066460_632_jpg_b3c537c6-a21e-4f9c-9c0d-98a877715cab.jpg?v=1759132189|https://cdn.shopify.com/s/files/1/0912/9351/6071/files/img_f8c0bdc9_20241213_1734066460_642_jpg_7585dbf8-a52e-47bd-994c-ce9d142eeda0.jpg?v=1759132189,Hi I want SUNSET SMALL BAG 19 IN RED CALFSKIN COPPER HARDWARE,
SUNSET SMALL BAG 19 IN BLACK CALFSKIN COPPER HARDWARE,https://cdn.shopify.com/s/files/1/0912/9351/6071/files/img_f8c0bdc9_20241213_1734066685_210_jpg_648c386c-1db1-4a0d-9037-d5507241fa69.jpg?v=1759132209,handbags,ysl,https://cdn.shopify.com/s/files/1/0912/9351/6071/files/img_f8c0bdc9_20241213_1734066685_210_jpg_648c386c-1db1-4a0d-9037-d5507241fa69.jpg?v=1759132209|https://cdn.shopify.com/s/files/1/0912/9351/6071/files/img_f8c0bdc9_20241213_1734066686_695_jpg_cb0a1331-c2b0-41cc-9ec4-8c2540ca19d7.jpg?v=1759132209|https://cdn.shopify.com/s/files/1/0912/9351/6071/files/img_f8c0bdc9_20241213_1734066686_169_jpg_09d90052-6fd7-4ee9-815b-3c67dfdb25c4.jpg?v=1759132209|https://cdn.shopify.com/s/files/1/0912/9351/6071/files/img_f8c0bdc9_20241213_1734066686_216_jpg_1f3fe27c-e501-40c9-9eda-a539ad5fb897.jpg?v=1759132209|https://cdn.shopify.com/s/files/1/0912/9351/6071/files/img_f8c0bdc9_20241213_1734066686_361_jpg_a916ac51-7aff-496b-84f3-be81ede01578.jpg?v=1759132209|https://cdn.shopify.com/s/files/1/0912/9351/6071/files/img_f8c0bdc9_20241213_1734066686_582_jpg_a67d10e7-6862-48ea-a54c-8e0aff407528.jpg?v=1759132209|https://cdn.shopify.com/s/files/1/0912/9351/6071/files/img_f8c0bdc9_20241213_1734066686_657_jpg_e76d3293-6e99-4351-97b7-d67908777beb.jpg?v=1759132209|https://cdn.shopify.com/s/files/1/0912/9351/6071/files/img_f8c0bdc9_20241213_1734066686_751_jpg_d3a07392-9f95-404b-b808-5e32c3d87f14.jpg?v=1759132209|https://cdn.shopify.com/s/files/1/0912/9351/6071/files/img_f8c0bdc9_20241213_1734066686_881_jpg_5f94f378-6b09-426f-9bff-c518c1c56300.jpg?v=1759132209,Hi I want SUNSET SMALL BAG 19 IN BLACK CALFSKIN COPPER HARDWARE,
SAC DE JOUR 22 IN WHITE SHEARLING AND BROWN CALFSKIN TRIM,https://cdn.shopify.com/s/files/1/0912/9351/6071/files/img_f8c0bdc9_20231221_i1703145536_7409_6_jpg_62b7d878-dc0f-45c4-9f7b-4a06358be56a.jpg?v=1759132231,handbags,ysl,https://cdn.shopify.com/s/files/1/0912/9351/6071/files/img_f8c0bdc9_20231221_i1703145536_7409_6_jpg_62b7d878-dc0f-45c4-9f7b-4a06358be56a.jpg?v=1759132231|https://cdn.shopify.com/s/files/1/0912/9351/6071/files/img_f8c0bdc9_20231221_i1703145536_93_5_jpg_59c82456-3976-4cfd-85aa-ef7c836bedb9.jpg?v=1759132231|https://cdn.shopify.com/s/files/1/0912/9351/6071/files/img_f8c0bdc9_20231221_i1703145536_354_4_jpg_fb392576-68e7-456b-8497-a5b57d75f222.jpg?v=1759132231|https://cdn.shopify.com/s/files/1/0912/9351/6071/files/img_f8c0bdc9_20231221_i1703145536_530_3_jpg_6469179d-0f7c-4a77-9a74-5f6fc638bed3.jpg?v=1759132231|https://cdn.shopify.com/s/files/1/0912/9351/6071/files/img_f8c0bdc9_20231221_i1703145536_4524_8_jpg_20807822-854e-434f-93df-c4eda147ca5f.jpg?v=1759132231|https://cdn.shopify.com/s/files/1/0912/9351/6071/files/img_f8c0bdc9_20231221_i1703145536_6605_1_jpg_f5f83972-89aa-495d-8bc7-f5a3e0390fad.jpg?v=1759132231|https://cdn.shopify.com/s/files/1/0912/9351/6071/files/img_f8c0bdc9_20231221_i1703145536_8184_7_jpg_953a3a28-d9fa-471c-97bc-1dfdc460ef14.jpg?v=1759132231|https://cdn.shopify.com/s/files/1/0912/9351/6071/files/img_f8c0bdc9_20231221_i1703145536_8323_2_jpg_19201f61-ea57-4f4f-8c59-d219377e904c.jpg?v=1759132231|https://cdn.shopify.com/s/files/1/0912/9351/6071/files/img_f8c0bdc9_20231221_i1703145536_9091_0_jpg_7b60b717-3665-4220-bd5d-543fe1e8dc68.jpg?v=1759132231,Hi I want SAC DE JOUR 22 IN WHITE SHEARLING AND BROWN CALFSKIN TRIM,
LE 5 À 7 MINI BAG 19 IN CREAM SHEARLING AND BROWN CALFSKIN TRIM,https://cdn.shopify.com/s/files/1/0912/9351/6071/files/img_f8c0bdc9_20231212_i1702364143_6598_0_jpg_18e30ec4-54ed-4a0e-abbc-b682b73b8ad8.jpg?v=1759132240,handbags,ysl,https://cdn.shopify.com/s/files/1/0912/9351/6071/files/img_f8c0bdc9_20231212_i1702364143_6598_0_jpg_18e30ec4-54ed-4a0e-abbc-b682b73b8ad8.jpg?v=1759132240|https://cdn.shopify.com/s/files/1/0912/9351/6071/files/img_f8c0bdc9_20231212_i1702364143_251_6_jpg_07544876-31e2-45a1-8c20-1984e791632d.jpg?v=1759132240|https://cdn.shopify.com/s/files/1/0912/9351/6071/files/img_f8c0bdc9_20231212_i1702364143_341_2_jpg_15807108-843b-4f0f-8cb6-7e44bef09a9a.jpg?v=1759132240|https://cdn.shopify.com/s/files/1/0912/9351/6071/files/img_f8c0bdc9_20231212_i1702364143_2291_1_jpg_724dc376-fe46-45aa-85e3-6963d2cd1cd7.jpg?v=1759132240|https://cdn.shopify.com/s/files/1/0912/9351/6071/files/img_f8c0bdc9_20231212_i1702364143_3271_4_jpg_aaa08a84-2e27-44eb-b423-2253acabc7ad.jpg?v=1759132240|https://cdn.shopify.com/s/files/1/0912/9351/6071/files/img_f8c0bdc9_20231212_i1702364143_4093_8_jpg_3b90c5b5-8cc6-4baa-bd86-6034bc7b31ec.jpg?v=1759132240|https://cdn.shopify.com/s/files/1/0912/9351/6071/files/img_f8c0bdc9_20231212_i1702364143_4247_7_jpg_0dc94199-c412-4fc2-90d4-4e7c065c3bba.jpg?v=1759132240|https://cdn.shopify.com/s/files/1/0912/9351/6071/files/img_f8c0bdc9_20231212_i1702364143_6943_3_jpg_6f6c8a72-7bf0-4b2d-a20b-f26c0122087e.jpg?v=1759132240|https://cdn.shopify.com/s/files/1/0912/9351/6071/files/img_f8c0bdc9_20231212_i1702364143_8806_5_jpg_ff714614-8f4e-456c-a0e5-6e3413b99ef1.jpg?v=1759132240,Hi I want LE 5 À 7 MINI BAG 19 IN CREAM SHEARLING AND BROWN CALFSKIN TRIM,
LE 5 À 7 HOBO BAG 18 IN CREAM SHEARLING AND BROWN SUEDE TRIM,https://cdn.shopify.com/s/files/1/0912/9351/6071/files/img_f8c0bdc9_20231214_i1702535626_3501_0_jpg_b0c87c34-0e04-4b95-915c-0f060945c4f0.jpg?v=1759132253,handbags,ysl,https://cdn.shopify.com/s/files/1/0912/9351/6071/files/img_f8c0bdc9_20231214_i1702535626_3501_0_jpg_b0c87c34-0e04-4b95-915c-0f060945c4f0.jpg?v=1759132253|https://cdn.shopify.com/s/files/1/0912/9351/6071/files/img_f8c0bdc9_20231214_i1702535626_1670_4_jpg_42f9ba40-95cf-4fde-9100-fed25d36d4b5.jpg?v=1759132253|https://cdn.shopify.com/s/files/1/0912/9351/6071/files/img_f8c0bdc9_20231214_i1702535626_3480_3_jpg_daf77bda-d90b-484f-bb96-4d0ffd4b7f25.jpg?v=1759132253|https://cdn.shopify.com/s/files/1/0912/9351/6071/files/img_f8c0bdc9_20231214_i1702535626_3837_8_jpg_c53ef1e7-f0fa-4f05-95a8-6a2976adf1eb.jpg?v=1759132253|https://cdn.shopify.com/s/files/1/0912/9351/6071/files/img_f8c0bdc9_20231214_i1702535626_4590_6_jpg_35b610a2-ca39-4f4f-80f0-9d253e2343c8.jpg?v=1759132253|https://cdn.shopify.com/s/files/1/0912/9351/6071/files/img_f8c0bdc9_20231214_i1702535626_5239_5_jpg_2838a641-6e83-4ad0-bc1a-14b32ba11e09.jpg?v=1759132253|https://cdn.shopify.com/s/files/1/0912/9351/6071/files/img_f8c0bdc9_20231214_i1702535626_7971_2_jpg_6badb24b-d07e-4e59-88fd-839d12b1b52c.jpg?v=1759132253|https://cdn.shopify.com/s/files/1/0912/9351/6071/files/img_f8c0bdc9_20231214_i1702535626_8960_7_jpg_d9e0d05b-0505-4e34-81c1-f29fc49023f9.jpg?v=1759132253|https://cdn.shopify.com/s/files/1/0912/9351/6071/files/img_f8c0bdc9_20231214_i1702535626_932_1_jpg_65a3593d-dc4c-44ad-a3d3-7c93b503a1c6.jpg?v=1759132253,Hi I want LE 5 À 7 HOBO BAG 18 IN CREAM SHEARLING AND BROWN SUEDE TRIM,
JAMIE BAG 25 IN DARK GRAY LAMB WOOL,https://cdn.shopify.com/s/files/1/0912/9351/6071/files/img_f8c0bdc9_20241212_1733983028_322_jpg_24060784-8c45-40e2-a267-717b8eb52827.jpg?v=1759132262,handbags,ysl,https://cdn.shopify.com/s/files/1/0912/9351/6071/files/img_f8c0bdc9_20241212_1733983028_322_jpg_24060784-8c45-40e2-a267-717b8eb52827.jpg?v=1759132262|https://cdn.shopify.com/s/files/1/0912/9351/6071/files/img_f8c0bdc9_20241212_1733983028_160_jpg_c958e7e1-3ad8-4c3d-81d4-e72275eb4c81.jpg?v=1759132262|https://cdn.shopify.com/s/files/1/0912/9351/6071/files/img_f8c0bdc9_20241212_1733983028_506_jpg_02e8c790-b4e7-429e-8a8d-78e54910fa07.jpg?v=1759132262|https://cdn.shopify.com/s/files/1/0912/9351/6071/files/img_f8c0bdc9_20241212_1733983028_617_jpg_9eea95a2-c212-4f8c-9f9e-ce61a1feb3a0.jpg?v=1759132262|https://cdn.shopify.com/s/files/1/0912/9351/6071/files/img_f8c0bdc9_20241212_1733983029_97_jpg_7de304ec-59e6-4933-927b-dc490735600e.jpg?v=1759132262|https://cdn.shopify.com/s/files/1/0912/9351/6071/files/img_f8c0bdc9_20241212_1733983029_441_jpg_b6196df0-329a-4809-be0c-91d385103aec.jpg?v=1759132262|https://cdn.shopify.com/s/files/1/0912/9351/6071/files/img_f8c0bdc9_20241212_1733983029_493_jpg_bcec5316-595b-48fe-8d29-c2f058549e26.jpg?v=1759132262|https://cdn.shopify.com/s/files/1/0912/9351/6071/files/img_f8c0bdc9_20241212_1733983029_521_jpg_cad84ab2-aa05-4e33-85fb-a07499303b31.jpg?v=1759132262|https://cdn.shopify.com/s/files/1/0912/9351/6071/files/img_f8c0bdc9_20241212_1733983029_974_jpg_65f21da6-a6fb-46ef-ac15-21d21820ec32.jpg?v=1759132262,Hi I want JAMIE BAG 25 IN DARK GRAY LAMB WOOL,
JAMIE BAG 20 IN DARK GRAY LAMB WOOL,https://cdn.shopify.com/s/files/1/0912/9351/6071/files/img_f8c0bdc9_20241212_1733983163_18_jpg_b7c6e27e-9fdb-411c-bfd6-f6073ef48e6c.jpg?v=1759132271,handbags,ysl,https://cdn.shopify.com/s/files/1/0912/9351/6071/files/img_f8c0bdc9_20241212_1733983163_18_jpg_b7c6e27e-9fdb-411c-bfd6-f6073ef48e6c.jpg?v=1759132271|https://cdn.shopify.com/s/files/1/0912/9351/6071/files/img_f8c0bdc9_20241212_1733983163_55_jpg_cfa1cdc4-e291-4694-bb89-5c37666f6312.jpg?v=1759132271|https://cdn.shopify.com/s/files/1/0912/9351/6071/files/img_f8c0bdc9_20241212_1733983163_62_jpg_f5a33224-797c-4d96-b4da-ee03eadb6ca2.jpg?v=1759132271|https://cdn.shopify.com/s/files/1/0912/9351/6071/files/img_f8c0bdc9_20241212_1733983163_85_jpg_84bb1fad-a083-48d0-a1ff-0bd14a715a3b.jpg?v=1759132271|https://cdn.shopify.com/s/files/1/0912/9351/6071/files/img_f8c0bdc9_20241212_1733983163_97_jpg_c55b2162-cef4-45f7-adef-79ad2089f82b.jpg?v=1759132271|https://cdn.shopify.com/s/files/1/0912/9351/6071/files/img_f8c0bdc9_20241212_1733983163_197_jpg_d79ce224-fd1a-4c9e-bbc2-f5adac732069.jpg?v=1759132271|https://cdn.shopify.com/s/files/1/0912/9351/6071/files/img_f8c0bdc9_20241212_1733983163_531_jpg_87714819-8fa8-45bb-9b59-1751ebd7f486.jpg?v=1759132271|https://cdn.shopify.com/s/files/1/0912/9351/6071/files/img_f8c0bdc9_20241212_1733983163_656_jpg_3c558832-0b97-43c5-ae9e-49b291fde2b9.jpg?v=1759132271|https://cdn.shopify.com/s/files/1/0912/9351/6071/files/img_f8c0bdc9_20241212_1733983163_964_jpg_1932ca6a-8ac3-4733-9563-915ed2b45ce9.jpg?v=1759132271,Hi I want JAMIE BAG 20 IN DARK GRAY LAMB WOOL,
GABY ZIPPED POUCH 19 IN GRAY MATTE SUEDE GOLD HARDWARE,https://cdn.shopify.com/s/files/1/0912/9351/6071/files/img_f8c0bdc9_20240914_i1726299815_2122_6_jpg_a4a03b92-045f-43d2-bad0-628b71213d37.jpg?v=1759132280,handbags,ysl,https://cdn.shopify.com/s/files/1/0912/9351/6071/files/img_f8c0bdc9_20240914_i1726299815_2122_6_jpg_a4a03b92-045f-43d2-bad0-628b71213d37.jpg?v=1759132280|https://cdn.shopify.com/s/files/1/0912/9351/6071/files/img_f8c0bdc9_20240914_i1726299815_622_3_jpg_bd1c939e-855a-4e25-8578-d070e4f5621f.jpg?v=1759132280|https://cdn.shopify.com/s/files/1/0912/9351/6071/files/img_f8c0bdc9_20240914_i1726299815_1646_2_jpg_c8b94718-ca52-4603-88d3-2579512214a6.jpg?v=1759132280|https://cdn.shopify.com/s/files/1/0912/9351/6071/files/img_f8c0bdc9_20240914_i1726299815_3165_1_jpg_20fc24f5-6258-4830-a070-928bf9a7ab59.jpg?v=1759132280|https://cdn.shopify.com/s/files/1/0912/9351/6071/files/img_f8c0bdc9_20240914_i1726299815_3890_5_jpg_55b02a90-197f-4520-8040-415a8aa5b491.jpg?v=1759132280|https://cdn.shopify.com/s/files/1/0912/9351/6071/files/img_f8c0bdc9_20240914_i1726299815_4533_0_jpg_b365d8aa-19cd-4af8-83e4-375a438f1e0d.jpg?v=1759132280|https://cdn.shopify.com/s/files/1/0912/9351/6071/files/img_f8c0bdc9_20240914_i1726299815_5563_7_jpg_3b268b8b-73ff-4776-83d8-e424e350febe.jpg?v=1759132280|https://cdn.shopify.com/s/files/1/0912/9351/6071/files/img_f8c0bdc9_20240914_i1726299815_8314_4_jpg_0cb8fc7c-d932-4bb4-a92b-2db4441493d0.jpg?v=1759132280|https://cdn.shopify.com/s/files/1/0912/9351/6071/files/img_f8c0bdc9_20240914_i1726299816_7226_8_jpg_c31d3afb-9ae6-4821-98a4-fe339d808888.jpg?v=1759132280,Hi I want GABY ZIPPED POUCH 19 IN GRAY MATTE SUEDE GOLD HARDWARE,
GABY ZIPPED POUCH 19 IN WINE RED QUILTED LAMBSKIN GOLD HARDWARE,https://cdn.shopify.com/s/files/1/0912/9351/6071/files/img_f8c0bdc9_20241022_i1729584349_1456_6_jpg_20598327-9ab6-4434-a763-7141f8f374c7.jpg?v=1759132289,handbags,ysl,https://cdn.shopify.com/s/files/1/0912/9351/6071/files/img_f8c0bdc9_20241022_i1729584349_1456_6_jpg_20598327-9ab6-4434-a763-7141f8f374c7.jpg?v=1759132289|https://cdn.shopify.com/s/files/1/0912/9351/6071/files/img_f8c0bdc9_20241022_i1729584349_1958_0_jpg_55499a0f-08d7-4000-9917-f88d10a0eeee.jpg?v=1759132289|https://cdn.shopify.com/s/files/1/0912/9351/6071/files/img_f8c0bdc9_20241022_i1729584349_2830_1_jpg_e3dd8c76-1a33-4c6a-87bb-f0229d6bedd9.jpg?v=1759132289|https://cdn.shopify.com/s/files/1/0912/9351/6071/files/img_f8c0bdc9_20241022_i1729584349_4085_5_jpg_e224f372-906f-46be-acb8-b7e62681979a.jpg?v=1759132289|https://cdn.shopify.com/s/files/1/0912/9351/6071/files/img_f8c0bdc9_20241022_i1729584349_6917_2_jpg_bef53962-7781-4161-910d-09434677ffec.jpg?v=1759132289|https://cdn.shopify.com/s/files/1/0912/9351/6071/files/img_f8c0bdc9_20241022_i1729584349_8398_4_jpg_7274ba71-da9b-4450-8b8e-f71388e5f897.jpg?v=1759132289|https://cdn.shopify.com/s/files/1/0912/9351/6071/files/img_f8c0bdc9_20241022_i1729584349_8686_3_jpg_4bd71960-52cb-40f7-83e7-d4238355b22a.jpg?v=1759132289|https://cdn.shopify.com/s/files/1/0912/9351/6071/files/img_f8c0bdc9_20241022_i1729584350_909_8_jpg_e3707302-1719-4917-8bd6-2927106f792a.jpg?v=1759132290|https://cdn.shopify.com/s/files/1/0912/9351/6071/files/img_f8c0bdc9_20241022_i1729584350_6827_7_jpg_059118b3-20a0-40e4-bdb7-0b0f933d6031.jpg?v=1759132290,Hi I want GABY ZIPPED POUCH 19 IN WINE RED QUILTED LAMBSKIN GOLD HARDWARE,
KAIA SMALL CROCODILE PATTERN BAG 18 IN BLACK GLOSSY CALFSKIN COPPER HARDWARE,https://cdn.shopify.com/s/files/1/0912/9351/6071/files/img_f8c0bdc9_20241209_1733714509_206_jpg_43d94c71-3628-4462-88ec-818c19f6d19a.jpg?v=1759132317,handbags,ysl,https://cdn.shopify.com/s/files/1/0912/9351/6071/files/img_f8c0bdc9_20241209_1733714509_206_jpg_43d94c71-3628-4462-88ec-818c19f6d19a.jpg?v=1759132317|https://cdn.shopify.com/s/files/1/0912/9351/6071/files/img_f8c0bdc9_20241209_1733714509_0_jpg_4460c27b-9954-4e02-92a5-2bcc02e245df.jpg?v=1759132317|https://cdn.shopify.com/s/files/1/0912/9351/6071/files/img_f8c0bdc9_20241209_1733714509_97_jpg_dca1f7f8-c86e-474b-bbb9-052b8f17eae0.jpg?v=1759132317|https://cdn.shopify.com/s/files/1/0912/9351/6071/files/img_f8c0bdc9_20241209_1733714509_262_jpg_6a741108-f53d-4d20-8e84-41173c01d954.jpg?v=1759132317|https://cdn.shopify.com/s/files/1/0912/9351/6071/files/img_f8c0bdc9_20241209_1733714509_289_jpg_09aefc85-0dd5-4a48-8538-520b650cc2eb.jpg?v=1759132317|https://cdn.shopify.com/s/files/1/0912/9351/6071/files/img_f8c0bdc9_20241209_1733714509_483_jpg_1c296d95-925c-417b-a9e7-2573c90cc767.jpg?v=1759132317|https://cdn.shopify.com/s/files/1/0912/9351/6071/files/img_f8c0bdc9_20241209_1733714509_700_jpg_76577c1c-9d03-4393-a047-4f5b601438e5.jpg?v=1759132317|https://cdn.shopify.com/s/files/1/0912/9351/6071/files/img_f8c0bdc9_20241209_1733714509_751_jpg_4c451cf6-1e15-4ebe-b37b-eacf64cbb672.jpg?v=1759132317|https://cdn.shopify.com/s/files/1/0912/9351/6071/files/img_f8c0bdc9_20241209_1733714509_928_jpg_496ea5d8-10c5-4719-9ab1-645097fb6cf9.jpg?v=1759132317,Hi I want KAIA SMALL CROCODILE PATTERN BAG 18 IN BLACK GLOSSY CALFSKIN COPPER HARDWARE,
WEST HOLLYWOOD SMALL BAG 24 IN BLACK CALFSKIN BLACK HARDWARE,https://cdn.shopify.com/s/files/1/0912/9351/6071/files/img_f8c0bdc9_20241209_1733715477_427_jpg_996ed6be-bc00-4545-a631-9969dba861d9.jpg?v=1759132344,handbags,ysl,https://cdn.shopify.com/s/files/1/0912/9351/6071/files/img_f8c0bdc9_20241209_1733715477_427_jpg_996ed6be-bc00-4545-a631-9969dba861d9.jpg?v=1759132344|https://cdn.shopify.com/s/files/1/0912/9351/6071/files/img_f8c0bdc9_20241209_1733715477_414_jpg_58cadda2-ef56-4429-8eca-94fb19088f25.jpg?v=1759132344|https://cdn.shopify.com/s/files/1/0912/9351/6071/files/img_f8c0bdc9_20241209_1733715477_590_jpg_2cd4ae07-c55f-40fb-9cb5-f976b81aec96.jpg?v=1759132344|https://cdn.shopify.com/s/files/1/0912/9351/6071/files/img_f8c0bdc9_20241209_1733715477_960_jpg_32ad2777-67c9-4dae-b5de-870fa73beef3.jpg?v=1759132344|https://cdn.shopify.com/s/files/1/0912/9351/6071/files/img_f8c0bdc9_20241209_1733715478_826_jpg_f9d9e456-99d3-4931-93e3-9eff78bc432b.jpg?v=1759132344|https://cdn.shopify.com/s/files/1/0912/9351/6071/files/img_f8c0bdc9_20241209_1733715478_953_jpg_3f8b44db-4bc9-4672-a489-95394bb2b9a4.jpg?v=1759132344|https://cdn.shopify.com/s/files/1/0912/9351/6071/files/img_f8c0bdc9_20241209_1733715478_965_jpg_8fc6cdaa-1504-4338-a2ce-2fd31f27429d.jpg?v=1759132344|https://cdn.shopify.com/s/files/1/0912/9351/6071/files/img_f8c0bdc9_20241209_1733715478_983_jpg_c43db083-113a-4533-99e3-a4d194ec7546.jpg?v=1759132344|https://cdn.shopify.com/s/files/1/0912/9351/6071/files/img_f8c0bdc9_20241209_1733715487_369_jpg_d14d563d-f9cd-4f98-97a9-c258e19212d7.jpg?v=1759132344,Hi I want WEST HOLLYWOOD SMALL BAG 24 IN BLACK CALFSKIN BLACK HARDWARE,
CALYPSO POUCH 24 IN CREAM ELEPHANT TEXTURED LAMBSKIN GOLD LOGO,https://cdn.shopify.com/s/files/1/0912/9351/6071/files/img_f8c0bdc9_20240914_i1726301942_1797_5_jpg_578f11a4-18eb-4d8b-b58e-297141305273.jpg?v=1759132406,handbags,ysl,https://cdn.shopify.com/s/files/1/0912/9351/6071/files/img_f8c0bdc9_20240914_i1726301942_1797_5_jpg_578f11a4-18eb-4d8b-b58e-297141305273.jpg?v=1759132406|https://cdn.shopify.com/s/files/1/0912/9351/6071/files/img_f8c0bdc9_20240914_i1726301942_621_6_jpg_26b5a379-bc0a-4d45-bbfb-2d1c99464aef.jpg?v=1759132406|https://cdn.shopify.com/s/files/1/0912/9351/6071/files/img_f8c0bdc9_20240914_i1726301942_3095_7_jpg_ac913d43-c72a-484c-9548-09b8e6dc008a.jpg?v=1759132406|https://cdn.shopify.com/s/files/1/0912/9351/6071/files/img_f8c0bdc9_20240914_i1726301942_3647_0_jpg_fd253105-9ffb-42ed-b303-582a60eac870.jpg?v=1759132406|https://cdn.shopify.com/s/files/1/0912/9351/6071/files/img_f8c0bdc9_20240914_i1726301942_4102_8_jpg_a1696e27-9c00-4427-b730-f39919ac7f57.jpg?v=1759132406|https://cdn.shopify.com/s/files/1/0912/9351/6071/files/img_f8c0bdc9_20240914_i1726301942_4153_4_jpg_c13187a1-8b97-4a18-b5e7-96330f7505f3.jpg?v=1759132407|https://cdn.shopify.com/s/files/1/0912/9351/6071/files/img_f8c0bdc9_20240914_i1726301942_5797_3_jpg_25043f29-2801-4682-8586-d81bdfcc3808.jpg?v=1759132407|https://cdn.shopify.com/s/files/1/0912/9351/6071/files/img_f8c0bdc9_20240914_i1726301942_6466_2_jpg_e65cefa8-4814-4132-b5ed-a8dda211513b.jpg?v=1759132407|https://cdn.shopify.com/s/files/1/0912/9351/6071/files/img_f8c0bdc9_20240914_i1726301942_8418_1_jpg_6854a1d1-735d-4240-b5da-6d25e094fe61.jpg?v=1759132407,Hi I want CALYPSO POUCH 24 IN CREAM ELEPHANT TEXTURED LAMBSKIN GOLD LOGO,
CALYPSO POUCH 24 IN BLACK ELEPHANT TEXTURED LAMBSKIN GOLD LOGO,https://cdn.shopify.com/s/files/1/0912/9351/6071/files/img_f8c0bdc9_20240914_i1726302517_4137_3_jpg_f26fc77e-3a56-42e9-9e98-cad48b0e0115.jpg?v=1759132418,handbags,ysl,https://cdn.shopify.com/s/files/1/0912/9351/6071/files/img_f8c0bdc9_20240914_i1726302517_4137_3_jpg_f26fc77e-3a56-42e9-9e98-cad48b0e0115.jpg?v=1759132418|https://cdn.shopify.com/s/files/1/0912/9351/6071/files/img_f8c0bdc9_20240914_i1726302517_903_6_jpg_dfb19c27-d6c4-43a4-8d34-aa60787b3690.jpg?v=1759132418|https://cdn.shopify.com/s/files/1/0912/9351/6071/files/img_f8c0bdc9_20240914_i1726302517_1563_0_jpg_23cdf982-f959-4780-a01d-1a069ed4abbd.jpg?v=1759132419|https://cdn.shopify.com/s/files/1/0912/9351/6071/files/img_f8c0bdc9_20240914_i1726302517_2634_4_jpg_7f445425-0bd1-42ae-a3c5-613509373d93.jpg?v=1759132419|https://cdn.shopify.com/s/files/1/0912/9351/6071/files/img_f8c0bdc9_20240914_i1726302517_4263_2_jpg_36074181-b9d1-4068-b5ce-072f73a2f696.jpg?v=1759132419|https://cdn.shopify.com/s/files/1/0912/9351/6071/files/img_f8c0bdc9_20240914_i1726302517_4709_5_jpg_8a83773d-d3a3-4f15-b2c0-4c9567369029.jpg?v=1759132419|https://cdn.shopify.com/s/files/1/0912/9351/6071/files/img_f8c0bdc9_20240914_i1726302517_6602_1_jpg_fc980372-0ad3-4bdf-8450-812770d739f5.jpg?v=1759132419|https://cdn.shopify.com/s/files/1/0912/9351/6071/files/img_f8c0bdc9_20240914_i1726302517_3994_7_jpg_89f0bad8-e9b3-4095-82e5-a2f746930fd3.jpg?v=1759132419|https://cdn.shopify.com/s/files/1/0912/9351/6071/files/img_f8c0bdc9_20240914_i1726302517_8908_8_jpg_4ed32c21-905a-4366-b7ca-7ef45794ce21.jpg?v=1759132419,Hi I want CALYPSO POUCH 24 IN BLACK ELEPHANT TEXTURED LAMBSKIN GOLD LOGO,
CALYPSO POUCH 24 IN BLACK LAMBSKIN GOLD LOGO,https://cdn.shopify.com/s/files/1/0912/9351/6071/files/img_f8c0bdc9_20240914_i1726302680_6800_2_jpg_4ef4fcaa-b40e-4a9a-8005-fd33edcb4187.jpg?v=1759132432,handbags,ysl,https://cdn.shopify.com/s/files/1/0912/9351/6071/files/img_f8c0bdc9_20240914_i1726302680_6800_2_jpg_4ef4fcaa-b40e-4a9a-8005-fd33edcb4187.jpg?v=1759132432|https://cdn.shopify.com/s/files/1/0912/9351/6071/files/img_f8c0bdc9_20240914_i1726302680_57_8_jpg_fabdc229-2e85-425f-92c3-e3ea5d88d451.jpg?v=1759132432|https://cdn.shopify.com/s/files/1/0912/9351/6071/files/img_f8c0bdc9_20240914_i1726302680_728_0_jpg_031690bd-e7f4-428f-bc70-7f356243c836.jpg?v=1759132432|https://cdn.shopify.com/s/files/1/0912/9351/6071/files/img_f8c0bdc9_20240914_i1726302680_3333_7_jpg_6bedfa89-497b-4841-bcfa-b3226f7ac5ae.jpg?v=1759132432|https://cdn.shopify.com/s/files/1/0912/9351/6071/files/img_f8c0bdc9_20240914_i1726302680_3830_4_jpg_0747b041-bc9a-4902-be73-2233430d7ba4.jpg?v=1759132432|https://cdn.shopify.com/s/files/1/0912/9351/6071/files/img_f8c0bdc9_20240914_i1726302680_5696_6_jpg_b4f32da7-a98f-45ff-a6d0-4129cd7bd543.jpg?v=1759132432|https://cdn.shopify.com/s/files/1/0912/9351/6071/files/img_f8c0bdc9_20240914_i1726302680_6422_1_jpg_d46ead7a-2ee0-4b47-a06f-b0aa38fc5ee7.jpg?v=1759132432|https://cdn.shopify.com/s/files/1/0912/9351/6071/files/img_f8c0bdc9_20240914_i1726302680_7995_5_jpg_c65dc993-f557-413a-aeea-33c94a681f58.jpg?v=1759132432|https://cdn.shopify.com/s/files/1/0912/9351/6071/files/img_f8c0bdc9_20240914_i1726302680_9204_3_jpg_beff0f81-75b3-4e05-82e2-e396b3f33524.jpg?v=1759132432,Hi I want CALYPSO POUCH 24 IN BLACK LAMBSKIN GOLD LOGO,
CITY BACKPACK 38 IN BLACK CROCODILE EMBOSSED CALFSKIN,https://cdn.shopify.com/s/files/1/0912/9351/6071/files/img_f8c0bdc9_20241206_1733455492_733_jpg_97c23656-1925-4d06-85da-728cc1117280.jpg?v=1759132442,handbags,ysl,https://cdn.shopify.com/s/files/1/0912/9351/6071/files/img_f8c0bdc9_20241206_1733455492_733_jpg_97c23656-1925-4d06-85da-728cc1117280.jpg?v=1759132442|https://cdn.shopify.com/s/files/1/0912/9351/6071/files/img_f8c0bdc9_20241206_1733455492_24_jpg_019daba3-b9fd-4e8d-a319-45d1aa7c9128.jpg?v=1759132442|https://cdn.shopify.com/s/files/1/0912/9351/6071/files/img_f8c0bdc9_20241206_1733455492_15_jpg_31d5c5ff-d939-4d94-9b4f-29c10efd87e1.jpg?v=1759132442|https://cdn.shopify.com/s/files/1/0912/9351/6071/files/img_f8c0bdc9_20241206_1733455492_56_jpg_b46033ad-3d6d-4f88-9760-1a5998041824.jpg?v=1759132442|https://cdn.shopify.com/s/files/1/0912/9351/6071/files/img_f8c0bdc9_20241206_1733455492_175_jpg_17e7d795-0b22-4686-8134-c2603b893e93.jpg?v=1759132442|https://cdn.shopify.com/s/files/1/0912/9351/6071/files/img_f8c0bdc9_20241206_1733455492_418_jpg_0fa43e87-0d21-4aa6-bf7a-2c2ec1240a3d.jpg?v=1759132442|https://cdn.shopify.com/s/files/1/0912/9351/6071/files/img_f8c0bdc9_20241206_1733455492_464_jpg_e36122cf-23ea-4a57-9943-a91fa2b5ecd7.jpg?v=1759132442|https://cdn.shopify.com/s/files/1/0912/9351/6071/files/img_f8c0bdc9_20241206_1733455492_576_jpg_e179764f-6d6f-4e2d-bad1-9cbd46be5708.jpg?v=1759132442|https://cdn.shopify.com/s/files/1/0912/9351/6071/files/img_f8c0bdc9_20241206_1733455492_985_jpg_a7d50c68-890d-4026-9d2b-48de9ba6ccb6.jpg?v=1759132442,Hi I want CITY BACKPACK 38 IN BLACK CROCODILE EMBOSSED CALFSKIN,
CITY BACKPACK 35 IN BLACK CALFSKIN,https://cdn.shopify.com/s/files/1/0912/9351/6071/files/img_f8c0bdc9_20241206_1733455835_748_jpg_98dce36a-a47d-4c62-8ad6-c2ad406c481e.jpg?v=1759132462,handbags,ysl,https://cdn.shopify.com/s/files/1/0912/9351/6071/files/img_f8c0bdc9_20241206_1733455835_748_jpg_98dce36a-a47d-4c62-8ad6-c2ad406c481e.jpg?v=1759132462|https://cdn.shopify.com/s/files/1/0912/9351/6071/files/img_f8c0bdc9_20241206_1733455835_250_jpg_cdd926a5-c38a-4b27-b413-2578a22fad30.jpg?v=1759132462|https://cdn.shopify.com/s/files/1/0912/9351/6071/files/img_f8c0bdc9_20241206_1733455835_299_jpg_bcf84dc1-1ce4-4050-ae8f-0ea3e952fd6c.jpg?v=1759132462|https://cdn.shopify.com/s/files/1/0912/9351/6071/files/img_f8c0bdc9_20241206_1733455835_497_jpg_69bbb97b-8f8a-43b5-80f5-d328f25b53ec.jpg?v=1759132462|https://cdn.shopify.com/s/files/1/0912/9351/6071/files/img_f8c0bdc9_20241206_1733455835_559_jpg_333c6bd5-24f0-4050-8636-5f00c24069d0.jpg?v=1759132463|https://cdn.shopify.com/s/files/1/0912/9351/6071/files/img_f8c0bdc9_20241206_1733455835_717_jpg_094f5af9-ce07-446f-bca0-87e9c70dcb5c.jpg?v=1759132463|https://cdn.shopify.com/s/files/1/0912/9351/6071/files/img_f8c0bdc9_20241206_1733455835_817_jpg_d27df2f4-e132-49b2-98ad-0f1858359955.jpg?v=1759132463|https://cdn.shopify.com/s/files/1/0912/9351/6071/files/img_f8c0bdc9_20241206_1733455835_825_jpg_15996bfa-6390-4a88-84f7-845e336b7045.jpg?v=1759132463|https://cdn.shopify.com/s/files/1/0912/9351/6071/files/img_f8c0bdc9_20241206_1733455835_980_jpg_bb573c21-0a3e-458e-93ef-c7b749e9e57b.jpg?v=1759132463,Hi I want CITY BACKPACK 35 IN BLACK CALFSKIN,
CITY BACKPACK 38 IN BLACK CANVAS WITH WHITE EMBROIDED LOGO,https://cdn.shopify.com/s/files/1/0912/9351/6071/files/img_f8c0bdc9_20241206_1733457571_700_jpg_5ffd440e-d258-48c1-813f-99e228dd7876.jpg?v=1759132484,handbags,ysl,https://cdn.shopify.com/s/files/1/0912/9351/6071/files/img_f8c0bdc9_20241206_1733457571_700_jpg_5ffd440e-d258-48c1-813f-99e228dd7876.jpg?v=1759132484|https://cdn.shopify.com/s/files/1/0912/9351/6071/files/img_f8c0bdc9_20241206_1733457570_410_jpg_95e9ad22-3041-492f-ac9b-af3c52580193.jpg?v=1759132484|https://cdn.shopify.com/s/files/1/0912/9351/6071/files/img_f8c0bdc9_20241206_1733457570_591_jpg_d9e860c5-4e59-48db-bc7d-e2f41d64fe97.jpg?v=1759132484|https://cdn.shopify.com/s/files/1/0912/9351/6071/files/img_f8c0bdc9_20241206_1733457571_50_jpg_c7a82121-3ffb-495c-9d24-1f2f1bbf5a16.jpg?v=1759132484|https://cdn.shopify.com/s/files/1/0912/9351/6071/files/img_f8c0bdc9_20241206_1733457571_436_jpg_885c6794-c116-45ee-b511-7193286c11dd.jpg?v=1759132484|https://cdn.shopify.com/s/files/1/0912/9351/6071/files/img_f8c0bdc9_20241206_1733457571_611_jpg_decaf9e6-465c-42cb-8e9c-07d5b6cef84c.jpg?v=1759132484|https://cdn.shopify.com/s/files/1/0912/9351/6071/files/img_f8c0bdc9_20241206_1733457571_754_jpg_476b0a6b-60eb-432e-bcd4-a6735374a88e.jpg?v=1759132484|https://cdn.shopify.com/s/files/1/0912/9351/6071/files/img_f8c0bdc9_20241206_1733457571_819_jpg_5324af6d-6a84-4147-a9ff-10b1c529bf1e.jpg?v=1759132484|https://cdn.shopify.com/s/files/1/0912/9351/6071/files/img_f8c0bdc9_20241206_1733457571_860_jpg_823bd2a4-72b7-4276-9663-1088ec961b33.jpg?v=1759132484,Hi I want CITY BACKPACK 38 IN BLACK CANVAS WITH WHITE EMBROIDED LOGO,
CITY BACKPACK 38 IN BLACK SILK,https://cdn.shopify.com/s/files/1/0912/9351/6071/files/img_f8c0bdc9_20241206_1733458026_264_jpg_68233b69-7663-4351-94c5-07cbcf67c5ef.jpg?v=1759132497,handbags,ysl,https://cdn.shopify.com/s/files/1/0912/9351/6071/files/img_f8c0bdc9_20241206_1733458026_264_jpg_68233b69-7663-4351-94c5-07cbcf67c5ef.jpg?v=1759132497|https://cdn.shopify.com/s/files/1/0912/9351/6071/files/img_f8c0bdc9_20241206_1733458026_33_jpg_2f0f8410-dae0-4c0e-aab9-5dbb766af8c2.jpg?v=1759132497|https://cdn.shopify.com/s/files/1/0912/9351/6071/files/img_f8c0bdc9_20241206_1733458026_35_jpg_6fa45d71-d61f-41ea-a3c6-b0775307a170.jpg?v=1759132497|https://cdn.shopify.com/s/files/1/0912/9351/6071/files/img_f8c0bdc9_20241206_1733458026_199_jpg_e5cda870-b006-43bc-bd54-4a807fe1de9c.jpg?v=1759132497|https://cdn.shopify.com/s/files/1/0912/9351/6071/files/img_f8c0bdc9_20241206_1733458026_482_jpg_a528aee4-c135-439c-8314-acdf5d81c68b.jpg?v=1759132497|https://cdn.shopify.com/s/files/1/0912/9351/6071/files/img_f8c0bdc9_20241206_1733458026_545_jpg_7ca9240f-c0b7-4706-ad46-90c0b3485fc5.jpg?v=1759132497|https://cdn.shopify.com/s/files/1/0912/9351/6071/files/img_f8c0bdc9_20241206_1733458026_731_jpg_e9996452-ac2e-47f1-bf31-7b1f259e9b92.jpg?v=1759132497|https://cdn.shopify.com/s/files/1/0912/9351/6071/files/img_f8c0bdc9_20241206_1733458026_744_jpg_b04a49cc-3ec1-4cc3-a62a-151e7972f81b.jpg?v=1759132497|https://cdn.shopify.com/s/files/1/0912/9351/6071/files/img_f8c0bdc9_20241206_1733458026_846_jpg_aacfef68-fbf2-4217-b4e6-f15e3185c40c.jpg?v=1759132497,Hi I want CITY BACKPACK 38 IN BLACK SILK,
CITY BACKPACK 38 IN MOSS GREEN SILK,https://cdn.shopify.com/s/files/1/0912/9351/6071/files/img_f8c0bdc9_20241206_1733458135_496_jpg_6f3a2830-9ad9-4c38-8a97-42cd12e66c2c.jpg?v=1759132507,handbags,ysl,https://cdn.shopify.com/s/files/1/0912/9351/6071/files/img_f8c0bdc9_20241206_1733458135_496_jpg_6f3a2830-9ad9-4c38-8a97-42cd12e66c2c.jpg?v=1759132507|https://cdn.shopify.com/s/files/1/0912/9351/6071/files/img_f8c0bdc9_20241206_1733458135_102_jpg_67c5a6d6-c6b9-403b-aac7-9539f68296ad.jpg?v=1759132508|https://cdn.shopify.com/s/files/1/0912/9351/6071/files/img_f8c0bdc9_20241206_1733458135_799_jpg_9fbefe01-8aca-4a3c-ba68-a6483628d556.jpg?v=1759132508|https://cdn.shopify.com/s/files/1/0912/9351/6071/files/img_f8c0bdc9_20241206_1733458135_178_jpg_fa634ce5-3a95-411f-b1dc-56dde0946948.jpg?v=1759132508|https://cdn.shopify.com/s/files/1/0912/9351/6071/files/img_f8c0bdc9_20241206_1733458135_277_jpg_a4bd6446-e5f4-4c6e-9ed9-5d3232c4e082.jpg?v=1759132508|https://cdn.shopify.com/s/files/1/0912/9351/6071/files/img_f8c0bdc9_20241206_1733458135_333_jpg_4e732545-b882-4b69-814f-baafb90f94f7.jpg?v=1759132508|https://cdn.shopify.com/s/files/1/0912/9351/6071/files/img_f8c0bdc9_20241206_1733458135_807.jpg_1_caef98b8-4669-46c9-a7f2-54fedd1fc273.jpg?v=1759132508|https://cdn.shopify.com/s/files/1/0912/9351/6071/files/img_f8c0bdc9_20241206_1733458135_807_jpg_9b7f5e0d-39ce-4887-91cb-b5d16084b629.jpg?v=1759132508|https://cdn.shopify.com/s/files/1/0912/9351/6071/files/img_f8c0bdc9_20241206_1733458135_905_jpg_37e96911-6d48-4d67-b3be-bb2898c0e7f7.jpg?v=1759132508,Hi I want CITY BACKPACK 38 IN MOSS GREEN SILK,
CITY BACKPACK 38 IN LEOPARD PRINT VELVET,https://cdn.shopify.com/s/files/1/0912/9351/6071/files/img_f8c0bdc9_20241204_i1733283455_7617_2_jpg_f89ad17b-567b-498a-bcc4-c586094cdf42.jpg?v=1759132519,handbags,ysl,https://cdn.shopify.com/s/files/1/0912/9351/6071/files/img_f8c0bdc9_20241204_i1733283455_7617_2_jpg_f89ad17b-567b-498a-bcc4-c586094cdf42.jpg?v=1759132519|https://cdn.shopify.com/s/files/1/0912/9351/6071/files/img_f8c0bdc9_20241204_i1733283455_532_1_jpg_67836d90-d888-4772-b1aa-c28595114e0a.jpg?v=1759132519|https://cdn.shopify.com/s/files/1/0912/9351/6071/files/img_f8c0bdc9_20241204_i1733283455_1052_6_jpg_f00bf266-2f6e-48ea-b87a-03ea759b770c.jpg?v=1759132519|https://cdn.shopify.com/s/files/1/0912/9351/6071/files/img_f8c0bdc9_20241204_i1733283455_3270_0_jpg_e54d0fc9-b26a-472e-b87e-1d4f87aebd61.jpg?v=1759132519|https://cdn.shopify.com/s/files/1/0912/9351/6071/files/img_f8c0bdc9_20241204_i1733283455_7396_5_jpg_8c67fc87-a121-4b09-848a-8b401e8c6dcb.jpg?v=1759132519|https://cdn.shopify.com/s/files/1/0912/9351/6071/files/img_f8c0bdc9_20241204_i1733283455_7970_4_jpg_fc68e740-a472-4b26-8cf7-f17a8433652f.jpg?v=1759132519|https://cdn.shopify.com/s/files/1/0912/9351/6071/files/img_f8c0bdc9_20241204_i1733283455_8508_3_jpg_28ac82d6-d8f5-40fe-8cc9-1f0385dea88d.jpg?v=1759132519|https://cdn.shopify.com/s/files/1/0912/9351/6071/files/img_f8c0bdc9_20241204_i1733283456_784_8_jpg_9140d43f-76ee-476a-a5cc-d304bd4dec57.jpg?v=1759132519|https://cdn.shopify.com/s/files/1/0912/9351/6071/files/img_f8c0bdc9_20241204_i1733283456_3349_7_jpg_ded6a097-e83f-477f-88f4-6f5529adce15.jpg?v=1759132519,Hi I want CITY BACKPACK 38 IN LEOPARD PRINT VELVET,
CITY BACKPACK 35 IN BEIGE SHEARLING,https://cdn.shopify.com/s/files/1/0912/9351/6071/files/img_f8c0bdc9_20241206_1733458322_180_jpg_0904826e-dc1a-45c7-ab7b-093a10e069e7.jpg?v=1759132529,handbags,ysl,https://cdn.shopify.com/s/files/1/0912/9351/6071/files/img_f8c0bdc9_20241206_1733458322_180_jpg_0904826e-dc1a-45c7-ab7b-093a10e069e7.jpg?v=1759132529|https://cdn.shopify.com/s/files/1/0912/9351/6071/files/img_f8c0bdc9_20241206_1733458322_230_jpg_a8732e32-0b64-4708-8a56-22142e044a66.jpg?v=1759132529|https://cdn.shopify.com/s/files/1/0912/9351/6071/files/img_f8c0bdc9_20241206_1733458322_772_jpg_0d4dbcfa-30e5-44b7-9b55-a495c0851d87.jpg?v=1759132529|https://cdn.shopify.com/s/files/1/0912/9351/6071/files/img_f8c0bdc9_20241206_1733458322_889_jpg_066749c2-40b4-4604-94ca-c16731bbc962.jpg?v=1759132529|https://cdn.shopify.com/s/files/1/0912/9351/6071/files/img_f8c0bdc9_20241206_1733458322_897_jpg_6a2e2cec-1b42-47bc-b78c-2be5feee7e01.jpg?v=1759132529|https://cdn.shopify.com/s/files/1/0912/9351/6071/files/img_f8c0bdc9_20241206_1733458322_410_jpg_3f1cb595-29c8-45fa-aee8-f54fefcbad68.jpg?v=1759132529|https://cdn.shopify.com/s/files/1/0912/9351/6071/files/img_f8c0bdc9_20241206_1733458322_413_jpg_c14bd51d-6522-48e8-be28-0aff32295b7b.jpg?v=1759132529|https://cdn.shopify.com/s/files/1/0912/9351/6071/files/img_f8c0bdc9_20241206_1733458322_433_jpg_7a8c63e4-31de-4475-830d-9ab5a85abc03.jpg?v=1759132529|https://cdn.shopify.com/s/files/1/0912/9351/6071/files/img_f8c0bdc9_20241206_1733458322_573_jpg_549dfe51-79e1-41fc-86db-5ab2e6dc53b7.jpg?v=1759132529,Hi I want CITY BACKPACK 35 IN BEIGE SHEARLING,
UPTOWN WALLET 21 IN WHITE CROCODILE PATTERN CALFSKIN GOLD LOGO,https://cdn.shopify.com/s/files/1/0912/9351/6071/files/20230609_i1686305271_7187_3_jpg_68f176b8-8473-4843-9aed-8e134604338f.jpg?v=1759132543,handbags,ysl,https://cdn.shopify.com/s/files/1/0912/9351/6071/files/20230609_i1686305271_7187_3_jpg_68f176b8-8473-4843-9aed-8e134604338f.jpg?v=1759132543|https://cdn.shopify.com/s/files/1/0912/9351/6071/files/20230609_i1686305271_1662_6_jpg_68ab99fa-0a68-444e-ab89-b387c54ba377.jpg?v=1759132543|https://cdn.shopify.com/s/files/1/0912/9351/6071/files/20230609_i1686305271_1984_5_jpg_fd6d482e-f9f3-480d-8b12-2f2de7689575.jpg?v=1759132543|https://cdn.shopify.com/s/files/1/0912/9351/6071/files/20230609_i1686305271_2329_1_jpg_f274b940-1af9-4c59-ad90-7f54fb44dbd7.jpg?v=1759132543|https://cdn.shopify.com/s/files/1/0912/9351/6071/files/20230609_i1686305271_4303_2_jpg_acdfb1f3-81eb-40d8-8392-651fbb4143c2.jpg?v=1759132543|https://cdn.shopify.com/s/files/1/0912/9351/6071/files/20230609_i1686305271_4477_7_jpg_58f1e699-69a3-42bf-99bd-fb75480a7430.jpg?v=1759132543|https://cdn.shopify.com/s/files/1/0912/9351/6071/files/20230609_i1686305271_6736_0_jpg_b866a69e-f2bc-4af2-93e4-215d9aabb39a.jpg?v=1759132543|https://cdn.shopify.com/s/files/1/0912/9351/6071/files/20230609_i1686305271_7133_8_jpg_e96d6085-f5b6-427a-9b5c-59b0e62bb8ae.jpg?v=1759132543|https://cdn.shopify.com/s/files/1/0912/9351/6071/files/20230609_i1686305271_9132_4_jpg_4082ca1d-cf11-4116-8052-3599f9038cc7.jpg?v=1759132543,Hi I want UPTOWN WALLET 21 IN WHITE CROCODILE PATTERN CALFSKIN GOLD LOGO,
GABY ZIPPED POUCH 19 IN BLACK GLOSSY LAMBSKIN GOLD HARDWARE,https://cdn.shopify.com/s/files/1/0912/9351/6071/files/img_f8c0bdc9_20240606_i1717677555_9725_7_jpg_e4a530bd-8710-465a-b298-c1cf76a1b5ca.jpg?v=1759132574,handbags,ysl,https://cdn.shopify.com/s/files/1/0912/9351/6071/files/img_f8c0bdc9_20240606_i1717677555_9725_7_jpg_e4a530bd-8710-465a-b298-c1cf76a1b5ca.jpg?v=1759132574|https://cdn.shopify.com/s/files/1/0912/9351/6071/files/img_f8c0bdc9_20240606_i1717677555_118_6_jpg_d518c352-0c1e-4be6-8daa-7bd1ba84318f.jpg?v=1759132574|https://cdn.shopify.com/s/files/1/0912/9351/6071/files/img_f8c0bdc9_20240606_i1717677555_967_2_jpg_883298ba-8c0e-4335-8bb1-7c1d97f8d50d.jpg?v=1759132574|https://cdn.shopify.com/s/files/1/0912/9351/6071/files/img_f8c0bdc9_20240606_i1717677555_1059_3_jpg_024e1e3d-f63f-4f29-9eed-ffe75733a8d3.jpg?v=1759132574|https://cdn.shopify.com/s/files/1/0912/9351/6071/files/img_f8c0bdc9_20240606_i1717677555_1507_5_jpg_6c18c8bf-b945-414c-8dc8-6421751ddb84.jpg?v=1759132574|https://cdn.shopify.com/s/files/1/0912/9351/6071/files/img_f8c0bdc9_20240606_i1717677555_3318_8_jpg_38d468c7-5bc2-433f-9f31-94f1e360c5b7.jpg?v=1759132574|https://cdn.shopify.com/s/files/1/0912/9351/6071/files/img_f8c0bdc9_20240606_i1717677555_7889_1_jpg_c63b6dc1-0e7e-4084-8bf0-45efbe3e3518.jpg?v=1759132574|https://cdn.shopify.com/s/files/1/0912/9351/6071/files/img_f8c0bdc9_20240606_i1717677555_9093_0_jpg_0e11d0a7-4d09-441c-9661-d9bb9da537e0.jpg?v=1759132574|https://cdn.shopify.com/s/files/1/0912/9351/6071/files/img_f8c0bdc9_20240606_i1717677555_178_4_jpg_3df67c5b-47a4-45bb-8433-8c776a6b7f20.jpg?v=1759132574,Hi I want GABY ZIPPED POUCH 19 IN BLACK GLOSSY LAMBSKIN GOLD HARDWARE,
GABY ZIPPED POUCH 19 IN WHITE QUILTED LAMBSKIN GOLD HARDWARE,https://cdn.shopify.com/s/files/1/0912/9351/6071/files/img_f8c0bdc9_20240606_i1717677683_4395_1_jpg_63f702f4-4880-4ec2-a093-bc5f780162ab.jpg?v=1759132588,handbags,ysl,https://cdn.shopify.com/s/files/1/0912/9351/6071/files/img_f8c0bdc9_20240606_i1717677683_4395_1_jpg_63f702f4-4880-4ec2-a093-bc5f780162ab.jpg?v=1759132588|https://cdn.shopify.com/s/files/1/0912/9351/6071/files/img_f8c0bdc9_20240606_i1717677683_512_6_jpg_270e610a-6ce5-4991-adf4-783ea348b459.jpg?v=1759132588|https://cdn.shopify.com/s/files/1/0912/9351/6071/files/img_f8c0bdc9_20240606_i1717677683_764_8_jpg_7bc384a9-bdde-426e-8420-60ec44bc9a35.jpg?v=1759132588|https://cdn.shopify.com/s/files/1/0912/9351/6071/files/img_f8c0bdc9_20240606_i1717677683_2602_3_jpg_fbbfc6ba-e8da-4cf5-a4f9-22c49c1418ca.jpg?v=1759132588|https://cdn.shopify.com/s/files/1/0912/9351/6071/files/img_f8c0bdc9_20240606_i1717677683_3343_7_jpg_14879f3d-d6b7-4e25-98b3-e68c3369b165.jpg?v=1759132588|https://cdn.shopify.com/s/files/1/0912/9351/6071/files/img_f8c0bdc9_20240606_i1717677683_3384_0_jpg_9e711da9-881c-400e-a460-cbcefefc3253.jpg?v=1759132588|https://cdn.shopify.com/s/files/1/0912/9351/6071/files/img_f8c0bdc9_20240606_i1717677683_3540_2_jpg_9b03483b-c872-4c20-a043-144b1848280c.jpg?v=1759132588|https://cdn.shopify.com/s/files/1/0912/9351/6071/files/img_f8c0bdc9_20240606_i1717677683_4407_5_jpg_dec40ad2-21d2-4740-84e5-a18a813fd0b5.jpg?v=1759132588|https://cdn.shopify.com/s/files/1/0912/9351/6071/files/img_f8c0bdc9_20240606_i1717677683_7147_4_jpg_7723b5b9-9e61-4da4-9c0b-d5629c421d60.jpg?v=1759132588,Hi I want GABY ZIPPED POUCH 19 IN WHITE QUILTED LAMBSKIN GOLD HARDWARE,
GABY ZIPPED POUCH 19 IN UNIFORM GREEN QUILTED LAMBSKIN GOLD HARDWARE,https://cdn.shopify.com/s/files/1/0912/9351/6071/files/img_f8c0bdc9_20240606_i1717677928_2605_4_jpg_67d0fc49-21d9-4974-b91e-1017692e557f.jpg?v=1759132598,handbags,ysl,https://cdn.shopify.com/s/files/1/0912/9351/6071/files/img_f8c0bdc9_20240606_i1717677928_2605_4_jpg_67d0fc49-21d9-4974-b91e-1017692e557f.jpg?v=1759132598|https://cdn.shopify.com/s/files/1/0912/9351/6071/files/img_f8c0bdc9_20240606_i1717677928_244_3_jpg_a217390a-f09d-40d6-a52f-2df89edc7b2b.jpg?v=1759132598|https://cdn.shopify.com/s/files/1/0912/9351/6071/files/img_f8c0bdc9_20240606_i1717677928_363_6_jpg_4ab210ab-6c79-4154-9edd-4a65d0d5ec07.jpg?v=1759132598|https://cdn.shopify.com/s/files/1/0912/9351/6071/files/img_f8c0bdc9_20240606_i1717677928_1196_5_jpg_c6916716-7d15-4a75-b5c9-423e45fab184.jpg?v=1759132598|https://cdn.shopify.com/s/files/1/0912/9351/6071/files/img_f8c0bdc9_20240606_i1717677928_4472_7_jpg_eac84ff9-8e39-446d-b4b4-41ffc6c94131.jpg?v=1759132598|https://cdn.shopify.com/s/files/1/0912/9351/6071/files/img_f8c0bdc9_20240606_i1717677928_7347_2_jpg_42757613-f4be-43fa-90ad-db41b87026fd.jpg?v=1759132598|https://cdn.shopify.com/s/files/1/0912/9351/6071/files/img_f8c0bdc9_20240606_i1717677928_7868_8_jpg_bc6875c7-15a0-4bb5-9aa6-d6c6a8f8b7bf.jpg?v=1759132598|https://cdn.shopify.com/s/files/1/0912/9351/6071/files/img_f8c0bdc9_20240606_i1717677928_8196_1_jpg_4608a561-f13b-4102-9f5c-717a44f62015.jpg?v=1759132598|https://cdn.shopify.com/s/files/1/0912/9351/6071/files/img_f8c0bdc9_20240606_i1717677928_9163_0_jpg_09d2759b-3cf7-4637-9b49-4573b7912f13.jpg?v=1759132598,Hi I want GABY ZIPPED POUCH 19 IN UNIFORM GREEN QUILTED LAMBSKIN GOLD HARDWARE,
GABY ZIPPED POUCH 19 IN CARAMEL BROWN QUILTED LAMBSKIN GOLD HARDWARE,https://cdn.shopify.com/s/files/1/0912/9351/6071/files/img_f8c0bdc9_20240606_i1717678002_288_0_jpg_fa32c92c-4201-43db-b205-4c7716c3ff54.jpg?v=1759132608,handbags,ysl,https://cdn.shopify.com/s/files/1/0912/9351/6071/files/img_f8c0bdc9_20240606_i1717678002_288_0_jpg_fa32c92c-4201-43db-b205-4c7716c3ff54.jpg?v=1759132608|https://cdn.shopify.com/s/files/1/0912/9351/6071/files/img_f8c0bdc9_20240606_i1717678002_898_8_jpg_7548e2db-990c-475e-92d7-a01f56cc4374.jpg?v=1759132608|https://cdn.shopify.com/s/files/1/0912/9351/6071/files/img_f8c0bdc9_20240606_i1717678002_1871_7_jpg_614994f2-5a76-4335-9402-26be8f375be4.jpg?v=1759132608|https://cdn.shopify.com/s/files/1/0912/9351/6071/files/img_f8c0bdc9_20240606_i1717678002_1940_5_jpg_389df8ed-996d-4eb2-b836-a4d24a0194fa.jpg?v=1759132608|https://cdn.shopify.com/s/files/1/0912/9351/6071/files/img_f8c0bdc9_20240606_i1717678002_3261_1_jpg_0cb9bc06-dcac-46b0-8f56-c905a66e75e3.jpg?v=1759132608|https://cdn.shopify.com/s/files/1/0912/9351/6071/files/img_f8c0bdc9_20240606_i1717678002_4392_4_jpg_abbf0a01-7c19-437d-a48c-e519112f16c3.jpg?v=1759132608|https://cdn.shopify.com/s/files/1/0912/9351/6071/files/img_f8c0bdc9_20240606_i1717678002_5650_6_jpg_61fdfe43-3283-4eef-8801-37dff4b8572e.jpg?v=1759132608|https://cdn.shopify.com/s/files/1/0912/9351/6071/files/img_f8c0bdc9_20240606_i1717678002_5986_3_jpg_027cb3c5-6e5a-4b9e-a6a1-a19b884e640f.jpg?v=1759132608|https://cdn.shopify.com/s/files/1/0912/9351/6071/files/img_f8c0bdc9_20240606_i1717678002_8128_2_jpg_a4f82024-110b-4585-92ff-3d6f3cb9d587.jpg?v=1759132608,Hi I want GABY ZIPPED POUCH 19 IN CARAMEL BROWN QUILTED LAMBSKIN GOLD HARDWARE,
le 37 26cm black calfskin gold hardware,https://cdn.shopify.com/s/files/1/0912/9351/6071/files/Image_20240626143718_4772438e-8aae-4a5c-b315-c31126c4c66b.jpg?v=1759128258,handbags,ysl,https://cdn.shopify.com/s/files/1/0912/9351/6071/files/Image_20240626143718_4772438e-8aae-4a5c-b315-c31126c4c66b.jpg?v=1759128258|https://cdn.shopify.com/s/files/1/0912/9351/6071/files/Image_20240626143814_7795f22e-37da-46a4-80cf-ee51146ba1d1.jpg?v=1759128258|https://cdn.shopify.com/s/files/1/0912/9351/6071/files/Image_20240626143816_0fa81274-995c-412b-aed3-2262b84ee2d5.jpg?v=1759128258|https://cdn.shopify.com/s/files/1/0912/9351/6071/files/Image_20240626143817_4bf7fe4f-bdd5-44b6-87bc-cf48549c5843.jpg?v=1759128258|https://cdn.shopify.com/s/files/1/0912/9351/6071/files/Image_20240626143809_98a893e6-91a4-496c-9c71-c678a40e8406.jpg?v=1759128258|https://cdn.shopify.com/s/files/1/0912/9351/6071/files/Image_20240626143810_c6dde3e3-750b-4427-adef-dccc77f2f3bc.jpg?v=1759128258|https://cdn.shopify.com/s/files/1/0912/9351/6071/files/Image_20240626143811_2c24181a-766b-4e9f-bafc-a0f551bd71ab.jpg?v=1759128258|https://cdn.shopify.com/s/files/1/0912/9351/6071/files/Image_20240626143813_428415e4-5611-4076-9e36-095e68766dc5.jpg?v=1759128258|https://cdn.shopify.com/s/files/1/0912/9351/6071/files/Image_20240626143815_8c11ffdf-589e-4fc9-a05f-c1d4e646b202.jpg?v=1759128258,Hi I want le 37 26cm black calfskin gold hardware,
kate medium 24cm gold metalic calfskin gold hardware,https://cdn.shopify.com/s/files/1/0912/9351/6071/files/20220714_i1657784776_1839_0_jpg_1baffc13-f12d-4313-8f9f-79ef9afa900a.jpg?v=1759133405,handbags,ysl,https://cdn.shopify.com/s/files/1/0912/9351/6071/files/20220714_i1657784776_1839_0_jpg_1baffc13-f12d-4313-8f9f-79ef9afa900a.jpg?v=1759133405|https://cdn.shopify.com/s/files/1/0912/9351/6071/files/20220714_i1657784776_247_5_jpg_a2ce8c1b-85d8-4e3c-94eb-717dad12e69c.jpg?v=1759133405|https://cdn.shopify.com/s/files/1/0912/9351/6071/files/20220714_i1657784776_1290_4_jpg_1db7b8e8-e31e-4061-b0ab-16e9b7f2c3df.jpg?v=1759133405|https://cdn.shopify.com/s/files/1/0912/9351/6071/files/20220714_i1657784776_2378_8_jpg_32e3c769-0fb1-476a-83b8-c6b0ac43a1a3.jpg?v=1759133405|https://cdn.shopify.com/s/files/1/0912/9351/6071/files/20220714_i1657784776_3563_1_jpg_6ad9b1d2-4c7f-42bc-ba7d-9a75125b6ed4.jpg?v=1759133405|https://cdn.shopify.com/s/files/1/0912/9351/6071/files/20220714_i1657784776_3918_7_jpg_5d0dbb2a-8b2a-448f-926d-8d231f2c6492.jpg?v=1759133405|https://cdn.shopify.com/s/files/1/0912/9351/6071/files/20220714_i1657784776_4123_2_jpg_b14bc6c4-bf7d-4829-8a14-eeb59ff145ab.jpg?v=1759133405|https://cdn.shopify.com/s/files/1/0912/9351/6071/files/20220714_i1657784776_4427_3_jpg_4251f17e-37cf-47ae-9866-533fa616555a.jpg?v=1759133405|https://cdn.shopify.com/s/files/1/0912/9351/6071/files/20220714_i1657784776_4677_6_jpg_87420be0-f1ba-435b-a55b-e269f8f4f32c.jpg?v=1759133405,Hi I want kate medium 24cm gold metalic calfskin gold hardware,
Le 5 a 7 19cm dark brown patent calfskin,https://cdn.shopify.com/s/files/1/0912/9351/6071/files/img_f8c0bdc9_20240113_i1705139580_62_0_jpg_ae282448-b283-40c2-a14b-7c5b9f25ab70.jpg?v=1759133457,handbags,ysl,https://cdn.shopify.com/s/files/1/0912/9351/6071/files/img_f8c0bdc9_20240113_i1705139580_62_0_jpg_ae282448-b283-40c2-a14b-7c5b9f25ab70.jpg?v=1759133457|https://cdn.shopify.com/s/files/1/0912/9351/6071/files/i1705139620_1120_1_eff9314f-c26e-4625-b767-c3a90adf61f3.jpg?v=1759133457|https://cdn.shopify.com/s/files/1/0912/9351/6071/files/img_f8c0bdc9_20240113_i1705139580_191_1_jpg_f5d4fcc3-33bf-49ef-a6db-97f339193bfa.jpg?v=1759133457|https://cdn.shopify.com/s/files/1/0912/9351/6071/files/img_f8c0bdc9_20240113_i1705139580_2458_6_jpg_5b83bb24-92c5-4aed-a187-f7961aae8496.jpg?v=1759133457|https://cdn.shopify.com/s/files/1/0912/9351/6071/files/img_f8c0bdc9_20240113_i1705139580_4213_4_jpg_3b63fcfc-2d9e-4939-b639-862c34eccbc3.jpg?v=1759133457|https://cdn.shopify.com/s/files/1/0912/9351/6071/files/img_f8c0bdc9_20240113_i1705139580_4310_7_jpg_b9981b18-21b9-478d-9d76-16c4d755e86a.jpg?v=1759133457|https://cdn.shopify.com/s/files/1/0912/9351/6071/files/img_f8c0bdc9_20240113_i1705139580_5265_5_jpg_5abec340-0301-4ce2-8ba4-406792ccbeda.jpg?v=1759133457|https://cdn.shopify.com/s/files/1/0912/9351/6071/files/img_f8c0bdc9_20240113_i1705139580_5534_2_jpg_c5fbf3ba-bdeb-456a-9946-a9fcbd9b04fc.jpg?v=1759133457|https://cdn.shopify.com/s/files/1/0912/9351/6071/files/img_f8c0bdc9_20240113_i1705139580_5570_8_jpg_6a22070e-f659-4fbe-b935-e52e66e61bd1.jpg?v=1759133457|https://cdn.shopify.com/s/files/1/0912/9351/6071/files/img_f8c0bdc9_20240113_i1705139580_5892_3_jpg_61b945d0-39d6-4187-89d6-39008a8632e1.jpg?v=1759133457,Hi I want Le 5 a 7 19cm dark brown patent calfskin,
kate medium 24cm black grained calfskin silver hardware,https://cdn.shopify.com/s/files/1/0912/9351/6071/files/13342017268047992_cd910ee3-2d27-4af2-9e0b-edfde82eb7d2.jpg?v=1759133510,handbags,ysl,https://cdn.shopify.com/s/files/1/0912/9351/6071/files/13342017268047992_cd910ee3-2d27-4af2-9e0b-edfde82eb7d2.jpg?v=1759133510|https://cdn.shopify.com/s/files/1/0912/9351/6071/files/13342017296374445_3c6862fa-89bd-439c-a03c-192d423bcfc1.jpg?v=1759133510|https://cdn.shopify.com/s/files/1/0912/9351/6071/files/13342017287692061_279be8fe-80b8-4eaf-8ead-6f3a3123c3b7.jpg?v=1759133510|https://cdn.shopify.com/s/files/1/0912/9351/6071/files/13342017289176473_2e88fd81-9d8f-45c4-8249-7217df1cc2f6.jpg?v=1759133510|https://cdn.shopify.com/s/files/1/0912/9351/6071/files/13342017290553820_84833971-bc17-42ac-9a5a-d8b117ddbe49.jpg?v=1759133510|https://cdn.shopify.com/s/files/1/0912/9351/6071/files/13342017291978195_a0c88f89-45dd-4e28-9cb9-3de2e4e1ad39.jpg?v=1759133510|https://cdn.shopify.com/s/files/1/0912/9351/6071/files/13342017293345379_ae19ea88-c512-40f7-9232-7f1fb4183528.jpg?v=1759133510|https://cdn.shopify.com/s/files/1/0912/9351/6071/files/13342017294856377_c6d6d0e8-e3cd-4281-86d0-afcabd3bd88d.jpg?v=1759133510|https://cdn.shopify.com/s/files/1/0912/9351/6071/files/13342017297860165_75fa9cb7-c2cc-487c-8c65-9b462ca056c0.jpg?v=1759133510,Hi I want kate medium 24cm black grained calfskin silver hardware,
kate medium reversible 28.5cm black calfskin suede calfskin,https://cdn.shopify.com/s/files/1/0912/9351/6071/files/20211119_i1637315998_9411_0_jpg_6a6ad851-fc77-42e4-911f-ec191310efb2.jpg?v=1759133542,handbags,ysl,https://cdn.shopify.com/s/files/1/0912/9351/6071/files/20211119_i1637315998_9411_0_jpg_6a6ad851-fc77-42e4-911f-ec191310efb2.jpg?v=1759133542|https://cdn.shopify.com/s/files/1/0912/9351/6071/files/20211119_i1637315998_1900_5_jpg_a28c8990-f0ba-43d0-88a3-73f739dd8d2c.jpg?v=1759133542|https://cdn.shopify.com/s/files/1/0912/9351/6071/files/20211119_i1637315998_5663_7_jpg_ee84e8f4-6aab-4847-be49-b5e984e19731.jpg?v=1759133542|https://cdn.shopify.com/s/files/1/0912/9351/6071/files/20211119_i1637315998_6292_1_jpg_7f0449a7-18fd-4887-bacc-f3943165eba7.jpg?v=1759133542|https://cdn.shopify.com/s/files/1/0912/9351/6071/files/20211119_i1637315998_6793_4_jpg_cce379ef-cfad-475d-a0e1-966b64a953b0.jpg?v=1759133542|https://cdn.shopify.com/s/files/1/0912/9351/6071/files/20211119_i1637315998_7019_6_jpg_0aa1faae-fdd1-415c-95c5-818a656950ce.jpg?v=1759133542|https://cdn.shopify.com/s/files/1/0912/9351/6071/files/20211119_i1637315998_9301_3_jpg_93af8528-e04a-4657-899b-a0474d7eef89.jpg?v=1759133542|https://cdn.shopify.com/s/files/1/0912/9351/6071/files/20211119_i1637316010_681_0_jpg_8514b101-37fb-42cb-929c-0a1d3dad5087.jpg?v=1759133542,Hi I want kate medium reversible 28.5cm black calfskin suede calfskin,
Le 5 a 7 24 Beige Lambskin Ghw,https://cdn.shopify.com/s/files/1/0912/9351/6071/files/20221018_i1666087225_6687_0_jpg_4ea58efc-cc8e-4cbf-9669-d5fddcdabcc9.jpg?v=1759133655,handbags,ysl,https://cdn.shopify.com/s/files/1/0912/9351/6071/files/20221018_i1666087225_6687_0_jpg_4ea58efc-cc8e-4cbf-9669-d5fddcdabcc9.jpg?v=1759133655|https://cdn.shopify.com/s/files/1/0912/9351/6071/files/i1666087225_6301_1_c295fa9c-1e49-4386-807e-73436e5a1b31.jpg?v=1759133655|https://cdn.shopify.com/s/files/1/0912/9351/6071/files/20221018_i1666087225_367_8_jpg_ef6a27a0-2646-4a34-8639-191655a8f965.jpg?v=1759133655|https://cdn.shopify.com/s/files/1/0912/9351/6071/files/20221018_i1666087225_9079_2_jpg_07e4929a-0893-4462-aaa2-d353d603d307.jpg?v=1759133655|https://cdn.shopify.com/s/files/1/0912/9351/6071/files/20221018_i1666087225_2841_5_jpg_649fcee0-f072-4fef-ae60-e1e6b29735b2.jpg?v=1759133655|https://cdn.shopify.com/s/files/1/0912/9351/6071/files/20221018_i1666087225_6251_6_jpg_bad164ac-0b1a-467c-9e45-fa934e80a5b6.jpg?v=1759133655|https://cdn.shopify.com/s/files/1/0912/9351/6071/files/20221018_i1666087225_512_4_jpg_5687442c-720a-41c2-9786-ca101742af64.jpg?v=1759133655|https://cdn.shopify.com/s/files/1/0912/9351/6071/files/20221018_i1666087225_750_7_jpg_c241f389-1538-4f2c-95e8-dc398319d6d1.jpg?v=1759133655|https://cdn.shopify.com/s/files/1/0912/9351/6071/files/20221018_i1666087225_178_3_jpg_59aca97a-ae71-4ac3-912d-8ef0b8669631.jpg?v=1759133655,Hi I want Le 5 a 7 24 Beige Lambskin Ghw,
Le 5 a 7 24 Black Shiny Lambskin Ghw,https://cdn.shopify.com/s/files/1/0912/9351/6071/files/20230329_i1680063632_4442_0_jpg_846a7ab4-a851-408d-9f8b-a41c79da9f3a.jpg?v=1759133683,handbags,ysl,https://cdn.shopify.com/s/files/1/0912/9351/6071/files/20230329_i1680063632_4442_0_jpg_846a7ab4-a851-408d-9f8b-a41c79da9f3a.jpg?v=1759133683|https://cdn.shopify.com/s/files/1/0912/9351/6071/files/20230329_i1680063632_5522_6_jpg_04aaccb8-0acf-446f-ae4d-f8ead9bceb4a.jpg?v=1759133683|https://cdn.shopify.com/s/files/1/0912/9351/6071/files/20230329_i1680063665_4458_1_jpg_bd0b243a-e266-4e5a-8df3-766f139a7b3b.jpg?v=1759133683|https://cdn.shopify.com/s/files/1/0912/9351/6071/files/20230329_i1680063632_728_3_jpg_3e012816-81f4-40fe-8fc3-1e4cc4412399.jpg?v=1759133683|https://cdn.shopify.com/s/files/1/0912/9351/6071/files/20230329_i1680063632_7863_4_jpg_4b3c83c6-2768-43a9-bbf6-b75a2e2af50d.jpg?v=1759133683|https://cdn.shopify.com/s/files/1/0912/9351/6071/files/20230329_i1680063665_1981_0_jpg_2d41d846-535a-495b-af11-7249372c73ed.jpg?v=1759133683|https://cdn.shopify.com/s/files/1/0912/9351/6071/files/20230329_i1680063632_4323_1_jpg_bda5d4d2-3900-4b01-a597-59f531e67d03.jpg?v=1759133683|https://cdn.shopify.com/s/files/1/0912/9351/6071/files/20230329_i1680063632_5842_2_jpg_ce635c48-7d65-4dfc-b09a-94faa1935dc8.jpg?v=1759133683|https://cdn.shopify.com/s/files/1/0912/9351/6071/files/20230329_i1680063632_745_5_jpg_4a27744d-889b-478e-9513-fce56efb47de.jpg?v=1759133683,Hi I want Le 5 a 7 24 Black Shiny Lambskin Ghw,
Le 5 a 7 24 Dark Green Lambskin Ghw,https://cdn.shopify.com/s/files/1/0912/9351/6071/files/20221018_i1666079069_4441_8_jpg_4fc285dc-0ccf-43be-9500-f5aa4386f3e4.jpg?v=1759133692,handbags,ysl,https://cdn.shopify.com/s/files/1/0912/9351/6071/files/20221018_i1666079069_4441_8_jpg_4fc285dc-0ccf-43be-9500-f5aa4386f3e4.jpg?v=1759133692|https://cdn.shopify.com/s/files/1/0912/9351/6071/files/20221018_i1666079069_3059_5_jpg_c74d29fe-fe5d-4990-be94-c51cedefc19c.jpg?v=1759133692|https://cdn.shopify.com/s/files/1/0912/9351/6071/files/20221018_i1666079069_6860_4_jpg_b0fea64e-e8d1-487d-b46a-cbe466337a28.jpg?v=1759133692|https://cdn.shopify.com/s/files/1/0912/9351/6071/files/20221018_i1666079069_8998_6_jpg_f07d1fc5-bf6f-4017-8279-a83b1f2f0d0e.jpg?v=1759133692|https://cdn.shopify.com/s/files/1/0912/9351/6071/files/i1666079069_9071_7_19e5466a-b566-4486-90a3-e59a27cd5ae1.jpg?v=1759133692|https://cdn.shopify.com/s/files/1/0912/9351/6071/files/20221018_i1666079069_7404_1_jpg_5ce05de9-d7da-48d0-8b7c-5ea48eeae7e3.jpg?v=1759133692|https://cdn.shopify.com/s/files/1/0912/9351/6071/files/20221018_i1666079069_6143_3_jpg_c23babe2-34a4-4f43-9fd1-bd0a8d8f366e.jpg?v=1759133692|https://cdn.shopify.com/s/files/1/0912/9351/6071/files/i1666079069_6143_3_878b8d4b-8997-461f-ad5b-9e141e150cd8.jpg?v=1759133692|https://cdn.shopify.com/s/files/1/0912/9351/6071/files/20221018_i1666079069_851_0_jpg_3f35abff-c7bb-4867-9d85-d38ba4e18dc7.jpg?v=1759133692,Hi I want Le 5 a 7 24 Dark Green Lambskin Ghw,
Le 5 a 7 24 Light Green Lambskin Ghw,https://cdn.shopify.com/s/files/1/0912/9351/6071/files/20221018_i1666087795_2084_0_jpg_719f25c6-0a43-4caa-8894-9ba1711da4e3.jpg?v=1759133701,handbags,ysl,https://cdn.shopify.com/s/files/1/0912/9351/6071/files/20221018_i1666087795_2084_0_jpg_719f25c6-0a43-4caa-8894-9ba1711da4e3.jpg?v=1759133701|https://cdn.shopify.com/s/files/1/0912/9351/6071/files/20221018_i1666087795_5903_7_jpg_3714e59e-2c91-4045-b91c-66b8a3c410a7.jpg?v=1759133701|https://cdn.shopify.com/s/files/1/0912/9351/6071/files/20221018_i1666087795_6693_5_jpg_4964ab52-e407-47d9-8857-df95d75f8c13.jpg?v=1759133701|https://cdn.shopify.com/s/files/1/0912/9351/6071/files/20221018_i1666087795_5899_6_jpg_acd853a4-4015-4423-99f3-f64d06d6a61f.jpg?v=1759133701|https://cdn.shopify.com/s/files/1/0912/9351/6071/files/20221018_i1666087795_6119_8_jpg_5e17b647-057b-4bd7-9181-c7442da7e5e6.jpg?v=1759133701|https://cdn.shopify.com/s/files/1/0912/9351/6071/files/20221018_i1666087795_6468_3_jpg_9b5448da-c0b5-49d6-9a37-c44df2fb4299.jpg?v=1759133701|https://cdn.shopify.com/s/files/1/0912/9351/6071/files/20221018_i1666087795_6536_1_jpg_e1ebc9d7-89ba-40db-9639-ab992f82e1a3.jpg?v=1759133701|https://cdn.shopify.com/s/files/1/0912/9351/6071/files/20221018_i1666087795_9209_2_jpg_c454a2df-aa28-4ce7-8784-3780b13499b5.jpg?v=1759133701|https://cdn.shopify.com/s/files/1/0912/9351/6071/files/20221018_i1666087811_5356_0_jpg_e699007f-be1a-4aed-a55c-4bbf50c1ddfb.jpg?v=1759133702,Hi I want Le 5 a 7 24 Light Green Lambskin Ghw,
Le 5 a 7 24 Pink Lambskin Ghw,https://cdn.shopify.com/s/files/1/0912/9351/6071/files/20221103_i1667462865_3257_0_jpg_e91e4f69-ac31-4cc2-8a42-bb22d2f8177a.jpg?v=1759133711,handbags,ysl,https://cdn.shopify.com/s/files/1/0912/9351/6071/files/20221103_i1667462865_3257_0_jpg_e91e4f69-ac31-4cc2-8a42-bb22d2f8177a.jpg?v=1759133711|https://cdn.shopify.com/s/files/1/0912/9351/6071/files/20221018_i1666086509_5433_1_jpg_72a6f878-8e6c-4841-beb8-76e425b0ae6a.jpg?v=1759133711|https://cdn.shopify.com/s/files/1/0912/9351/6071/files/20221018_i1666086509_4941_8_jpg_0a8084a7-1474-4411-8fdc-39f7644f64e6.jpg?v=1759133711|https://cdn.shopify.com/s/files/1/0912/9351/6071/files/20221018_i1666086509_4329_6_jpg_2f867e24-9cb9-4f0a-92d1-f3c3e6eb58fc.jpg?v=1759133711|https://cdn.shopify.com/s/files/1/0912/9351/6071/files/20221018_i1666086509_923_5_jpg_90e43843-ef85-4e28-836a-021419402119.jpg?v=1759133711|https://cdn.shopify.com/s/files/1/0912/9351/6071/files/20221018_i1666086509_7164_7_jpg_da4787bc-4ce1-4787-88cf-d3be65eb1c9d.jpg?v=1759133711|https://cdn.shopify.com/s/files/1/0912/9351/6071/files/20221018_i1666086509_4047_2_jpg_1b1d387b-ce9a-40e3-ab4e-bf4a89ba2921.jpg?v=1759133711|https://cdn.shopify.com/s/files/1/0912/9351/6071/files/20221018_i1666086509_4156_4_jpg_37a2cce3-36d7-4ac7-a0d7-427c394a99b3.jpg?v=1759133711|https://cdn.shopify.com/s/files/1/0912/9351/6071/files/20221018_i1666086509_6887_3_jpg_eea70135-98a8-497e-a207-932d257c1ef0.jpg?v=1759133711,Hi I want Le 5 a 7 24 Pink Lambskin Ghw,
Le 5 a 7 24 White Lambskin Ghw,https://cdn.shopify.com/s/files/1/0912/9351/6071/files/20221018_i1666088044_9502_0_jpg_7ac5888c-128e-475d-9d1d-3c4dad10d21b.jpg?v=1759133721,handbags,ysl,https://cdn.shopify.com/s/files/1/0912/9351/6071/files/20221018_i1666088044_9502_0_jpg_7ac5888c-128e-475d-9d1d-3c4dad10d21b.jpg?v=1759133721|https://cdn.shopify.com/s/files/1/0912/9351/6071/files/20221018_i1666088044_8934_6_jpg_1b14ac97-d683-4660-b621-218a2842fb4a.jpg?v=1759133721|https://cdn.shopify.com/s/files/1/0912/9351/6071/files/20221018_i1666088044_5141_5_jpg_7e993023-03d3-4aac-8755-0f2dda78b45b.jpg?v=1759133721|https://cdn.shopify.com/s/files/1/0912/9351/6071/files/20221018_i1666088044_6_4_jpg_75ef1cee-f70d-4b40-8b64-40e2a6fc43e8.jpg?v=1759133721|https://cdn.shopify.com/s/files/1/0912/9351/6071/files/20221018_i1666088044_6908_7_jpg_5f08043d-8ca2-4020-bd72-6cdd9d900884.jpg?v=1759133721|https://cdn.shopify.com/s/files/1/0912/9351/6071/files/20221018_i1666088044_3099_8_jpg_4ca5a4dc-98da-4a27-a879-07e877ce7aff.jpg?v=1759133721|https://cdn.shopify.com/s/files/1/0912/9351/6071/files/20221018_i1666088044_31_1_jpg_7c9e9d98-0f62-404b-afb1-c19c992b677e.jpg?v=1759133721|https://cdn.shopify.com/s/files/1/0912/9351/6071/files/20221018_i1666088044_9755_2_jpg_4146bf7c-7d7e-48a5-8a7b-32668925b090.jpg?v=1759133722|https://cdn.shopify.com/s/files/1/0912/9351/6071/files/20221018_i1666088044_210_3_jpg_2fb47b4e-c78f-456d-a541-3a5a38c37088.jpg?v=1759133722,Hi I want Le 5 a 7 24 White Lambskin Ghw,
Le 5 a 7 24 Snake Black Lambskin Ghw,https://cdn.shopify.com/s/files/1/0912/9351/6071/files/20230220_i1676865440_5839_0_jpg_7b5e0094-b72e-4fbd-a12e-cb9d0b2d3c4b.jpg?v=1759133734,handbags,ysl,https://cdn.shopify.com/s/files/1/0912/9351/6071/files/20230220_i1676865440_5839_0_jpg_7b5e0094-b72e-4fbd-a12e-cb9d0b2d3c4b.jpg?v=1759133734|https://cdn.shopify.com/s/files/1/0912/9351/6071/files/20230220_i1676865440_9063_1_jpg_b70058b6-b2fc-4a5b-a09c-cb699698e198.jpg?v=1759133734|https://cdn.shopify.com/s/files/1/0912/9351/6071/files/20230220_i1676865440_148_6_jpg_a82d0c3e-ac74-4e53-95fa-1f3b107ec9b7.jpg?v=1759133734|https://cdn.shopify.com/s/files/1/0912/9351/6071/files/20230220_i1676865440_1248_8_jpg_f7d2fcc7-4d37-4a03-a6de-8b668c2ced31.jpg?v=1759133734|https://cdn.shopify.com/s/files/1/0912/9351/6071/files/20230220_i1676865440_3217_3_jpg_1ee759df-1cfa-4e2e-a2d4-ef66383421ce.jpg?v=1759133734|https://cdn.shopify.com/s/files/1/0912/9351/6071/files/i1676865440_5244_2_ac7c7a6c-8099-4bb8-b7f8-d5feec9c6676.jpg?v=1759133734|https://cdn.shopify.com/s/files/1/0912/9351/6071/files/20230220_i1676865440_1137_4_jpg_ee927c65-5cf2-48f2-ab7e-25030c4a44a2.jpg?v=1759133734|https://cdn.shopify.com/s/files/1/0912/9351/6071/files/20230220_i1676865440_7866_5_jpg_d3eccd97-8e41-4ba4-b24f-e3aa9777eb36.jpg?v=1759133734|https://cdn.shopify.com/s/files/1/0912/9351/6071/files/20230220_i1676865440_9591_7_jpg_d29d5867-b59a-400d-a0ed-731fa797a25a.jpg?v=1759133734,Hi I want Le 5 a 7 24 Snake Black Lambskin Ghw,
Le 5 a 7 24 Snake White Lambskin Ghw,https://cdn.shopify.com/s/files/1/0912/9351/6071/files/20230220_i1676865232_6399_0_jpg_3cee007e-cb69-4565-9234-9b2be767790a.jpg?v=1759133753,handbags,ysl,https://cdn.shopify.com/s/files/1/0912/9351/6071/files/20230220_i1676865232_6399_0_jpg_3cee007e-cb69-4565-9234-9b2be767790a.jpg?v=1759133753|https://cdn.shopify.com/s/files/1/0912/9351/6071/files/20230220_i1676865232_7501_1_jpg_902c8f43-b248-4f42-9c4b-2fcc6f88cd85.jpg?v=1759133753|https://cdn.shopify.com/s/files/1/0912/9351/6071/files/20230220_i1676865232_8243_7_jpg_eec3f246-4d15-4423-ac70-96fa7e47390f.jpg?v=1759133753|https://cdn.shopify.com/s/files/1/0912/9351/6071/files/20230220_i1676865232_3203_5_jpg_823bb08f-7629-48ea-ab7c-14804497123b.jpg?v=1759133753|https://cdn.shopify.com/s/files/1/0912/9351/6071/files/20230220_i1676865232_301_6_jpg_9f2a56b5-0a69-4c63-b77a-539b0a9298df.jpg?v=1759133753|https://cdn.shopify.com/s/files/1/0912/9351/6071/files/20230220_i1676865232_3240_8_jpg_f72ee032-466f-425d-a9cd-8a16ba79612f.jpg?v=1759133753|https://cdn.shopify.com/s/files/1/0912/9351/6071/files/20230220_i1676865232_6951_2_jpg_11d98e62-66a8-4b9b-bbac-0e247fbe1082.jpg?v=1759133753|https://cdn.shopify.com/s/files/1/0912/9351/6071/files/20230220_i1676865232_5832_3_jpg_d390bd5b-1a11-4da1-8af1-d439ced09d62.jpg?v=1759133753|https://cdn.shopify.com/s/files/1/0912/9351/6071/files/20230220_i1676865232_6469_4_jpg_5c2449d2-b3eb-439e-946e-17a6eb164773.jpg?v=1759133753,Hi I want Le 5 a 7 24 Snake White Lambskin Ghw,
SL 26cm Calypso Chain Bag Black Leather,https://cdn.shopify.com/s/files/1/0912/9351/6071/files/20230530_i1685417035_3223_0_jpg_fc1d05d1-d6ee-4bd6-b7be-0c4e6ab77691.jpg?v=1759133772,handbags,ysl,https://cdn.shopify.com/s/files/1/0912/9351/6071/files/20230530_i1685417035_3223_0_jpg_fc1d05d1-d6ee-4bd6-b7be-0c4e6ab77691.jpg?v=1759133772|https://cdn.shopify.com/s/files/1/0912/9351/6071/files/20230530_i1685417035_47_1_jpg_216857dc-b0c8-436e-b6aa-be0f4be29a37.jpg?v=1759133772|https://cdn.shopify.com/s/files/1/0912/9351/6071/files/20230530_i1685417035_1761_2_jpg_153f5fdf-2974-44ab-a848-c22dc5b2a09b.jpg?v=1759133772|https://cdn.shopify.com/s/files/1/0912/9351/6071/files/20230530_i1685417035_2974_7_jpg_4de3dccc-e52f-49e6-b36d-47c0dbbd2bcd.jpg?v=1759133772|https://cdn.shopify.com/s/files/1/0912/9351/6071/files/20230530_i1685417035_5859_6_jpg_7587f60d-5987-49a8-93fd-2a3931ab6566.jpg?v=1759133772|https://cdn.shopify.com/s/files/1/0912/9351/6071/files/20230530_i1685417035_4665_4_jpg_fb2c4cc6-106e-419c-b95c-e6d2aeb84d12.jpg?v=1759133772|https://cdn.shopify.com/s/files/1/0912/9351/6071/files/20230530_i1685417035_6438_3_jpg_9cefdbaa-6283-4003-8c1e-71405f430380.jpg?v=1759133772|https://cdn.shopify.com/s/files/1/0912/9351/6071/files/20230530_i1685417035_538_8_jpg_eba79942-2047-4fab-9e2a-f7a1a88330f7.jpg?v=1759133772|https://cdn.shopify.com/s/files/1/0912/9351/6071/files/20230530_i1685417035_4069_5_jpg_58805089-1604-4d6b-8b71-197e290f5d1e.jpg?v=1759133772,Hi I want SL 26cm Calypso Chain Bag Black Leather,
SL Kaia Small Satchel in green smooth leather,https://cdn.shopify.com/s/files/1/0912/9351/6071/files/20221206_i1670301578_1887_0_jpg_4d3ca119-7e7c-45fd-9434-f986f1d807dd.jpg?v=1759133818,handbags,ysl,https://cdn.shopify.com/s/files/1/0912/9351/6071/files/20221206_i1670301578_1887_0_jpg_4d3ca119-7e7c-45fd-9434-f986f1d807dd.jpg?v=1759133818|https://cdn.shopify.com/s/files/1/0912/9351/6071/files/20221206_i1670301578_500_1_jpg_23b37c55-e549-4ffa-88b9-5f6496a683e1.jpg?v=1759133818|https://cdn.shopify.com/s/files/1/0912/9351/6071/files/20221206_i1670301578_5741_8_jpg_16e5d10d-1971-4cb1-a682-ee3959ba8cee.jpg?v=1759133818|https://cdn.shopify.com/s/files/1/0912/9351/6071/files/20221206_i1670301578_1830_7_jpg_5ade19a8-f4f5-4628-8373-1c18e4fe36f2.jpg?v=1759133818|https://cdn.shopify.com/s/files/1/0912/9351/6071/files/20221206_i1670301578_558_2_jpg_8f369b7d-f794-43fd-a09c-3cc83e500e82.jpg?v=1759133818|https://cdn.shopify.com/s/files/1/0912/9351/6071/files/20221206_i1670301578_1462_4_jpg_44607888-40c6-4da6-b272-2f884b4e4684.jpg?v=1759133818|https://cdn.shopify.com/s/files/1/0912/9351/6071/files/20221206_i1670301578_4456_6_jpg_69d4c741-b1e1-460e-a950-75346cb48ca4.jpg?v=1759133818|https://cdn.shopify.com/s/files/1/0912/9351/6071/files/20221206_i1670301578_5740_5_jpg_d498c7b2-68e4-45da-bfbd-259776c3cf0e.jpg?v=1759133818|https://cdn.shopify.com/s/files/1/0912/9351/6071/files/20221206_i1670301578_8169_3_jpg_59f815d8-20ff-48df-bf8e-df50723182ec.jpg?v=1759133818,Hi I want SL Kaia Small Satchel in green smooth leather,
LOULOU PUFFER MINI 23 RODEO BLUE SUEDE DENIM,https://cdn.shopify.com/s/files/1/0912/9351/6071/files/20210509_i1620542824_4583_0_jpg_524c863e-80f4-4d2a-b468-0c2a4b9027ae.jpg?v=1759134010,handbags,ysl,https://cdn.shopify.com/s/files/1/0912/9351/6071/files/20210509_i1620542824_4583_0_jpg_524c863e-80f4-4d2a-b468-0c2a4b9027ae.jpg?v=1759134010|https://cdn.shopify.com/s/files/1/0912/9351/6071/files/20210509_i1620542824_484_4_jpg_f98a306f-f950-46cb-93d8-c032e2578544.jpg?v=1759134010|https://cdn.shopify.com/s/files/1/0912/9351/6071/files/20210509_i1620542824_2745_7_jpg_70c1231a-df6b-4e29-9118-2b17e293b544.jpg?v=1759134010|https://cdn.shopify.com/s/files/1/0912/9351/6071/files/20210509_i1620542824_3186_2_jpg_e7fce483-e263-431a-8f53-46f4b8337699.jpg?v=1759134010|https://cdn.shopify.com/s/files/1/0912/9351/6071/files/20210509_i1620542824_3203_5_jpg_a10aa19c-4a46-40a9-b19c-91f840968eea.jpg?v=1759134010|https://cdn.shopify.com/s/files/1/0912/9351/6071/files/20210509_i1620542824_3396_6_jpg_95353140-f2f7-4e7f-b992-ffb42b4e163f.jpg?v=1759134010|https://cdn.shopify.com/s/files/1/0912/9351/6071/files/20210509_i1620542824_3921_3_jpg_9e301fd0-9699-4652-ae21-5c77c2695d00.jpg?v=1759134010|https://cdn.shopify.com/s/files/1/0912/9351/6071/files/20210509_i1620542824_5385_8_jpg_3f9b3e2a-4f79-40f0-9cbe-47c303d9fed7.jpg?v=1759134010|https://cdn.shopify.com/s/files/1/0912/9351/6071/files/20210509_i1620542824_6358_1_jpg_f03282d0-10c2-4c7d-96be-56f7de6e180c.jpg?v=1759134010,Hi I want LOULOU PUFFER MINI 23 RODEO BLUE SUEDE DENIM,
LOULOU PUFFER SMALL 25CM DARK BEIGE QUILTED LAMBSKIN,https://cdn.shopify.com/s/files/1/0912/9351/6071/files/20230624_i1687615058_3585_0_jpg_e5371e44-07c9-4dea-85c6-83d0f4469de7.jpg?v=1759134029,handbags,ysl,https://cdn.shopify.com/s/files/1/0912/9351/6071/files/20230624_i1687615058_3585_0_jpg_e5371e44-07c9-4dea-85c6-83d0f4469de7.jpg?v=1759134029|https://cdn.shopify.com/s/files/1/0912/9351/6071/files/20230623_i1687509468_7989_7_jpg_54b06858-a69f-4efe-a623-6227a09c08cd.jpg?v=1759134029|https://cdn.shopify.com/s/files/1/0912/9351/6071/files/20230623_i1687509518_9213_0_jpg_296848d3-6ce8-46a7-8405-41d2f751886f.jpg?v=1759134029|https://cdn.shopify.com/s/files/1/0912/9351/6071/files/20230623_i1687509468_3993_6_jpg_d3f6bf70-4b4e-40e9-b940-b754da7feef1.jpg?v=1759134029|https://cdn.shopify.com/s/files/1/0912/9351/6071/files/20230623_i1687509468_1000_4_jpg_c2d72e7b-ba5d-4225-9ed1-8735f3c695e5.jpg?v=1759134029|https://cdn.shopify.com/s/files/1/0912/9351/6071/files/20230623_i1687509468_1610_5_jpg_54878c4d-351d-4a4b-bdbf-d04a2e2fc0ba.jpg?v=1759134029|https://cdn.shopify.com/s/files/1/0912/9351/6071/files/20230623_i1687509468_1654_3_jpg_b8f74d2d-f386-4cb9-88d5-02e3a61e8a1d.jpg?v=1759134029|https://cdn.shopify.com/s/files/1/0912/9351/6071/files/20230623_i1687509468_9151_8_jpg_edf7e21d-79db-40e4-859c-114c26910783.jpg?v=1759134029|https://cdn.shopify.com/s/files/1/0912/9351/6071/files/20230623_i1687509468_1022_1_jpg_9e84dcbe-8daf-4d8b-aa4f-54a8ea917a14.jpg?v=1759134029,Hi I want LOULOU PUFFER SMALL 25CM DARK BEIGE QUILTED LAMBSKIN,
LOULOU MINI 23 CREAM QUILTED GOLD HARDWARE,https://cdn.shopify.com/s/files/1/0912/9351/6071/files/20240306_i1709710125_2254_0_jpg_f0e05771-bc27-4685-a5cd-c8ba4a8f800f.jpg?v=1759134058,handbags,ysl,https://cdn.shopify.com/s/files/1/0912/9351/6071/files/20240306_i1709710125_2254_0_jpg_f0e05771-bc27-4685-a5cd-c8ba4a8f800f.jpg?v=1759134058|https://cdn.shopify.com/s/files/1/0912/9351/6071/files/20240306_i1709710131_8925_0_jpg_28b505da-8f6b-46a6-b9e7-5e1923cbcac8.jpg?v=1759134058|https://cdn.shopify.com/s/files/1/0912/9351/6071/files/20240306_i1709710143_33_3_jpg_ac02d6e8-868c-4f17-8b33-fe50f87551b0.jpg?v=1759134058|https://cdn.shopify.com/s/files/1/0912/9351/6071/files/20240306_i1709710143_887_1_jpg_ca0f91e4-b056-4d3f-af10-20fca9782d1c.jpg?v=1759134058|https://cdn.shopify.com/s/files/1/0912/9351/6071/files/20240306_i1709710143_1831_5_jpg_105b3fb9-4781-4519-ba1c-37954158caa8.jpg?v=1759134058|https://cdn.shopify.com/s/files/1/0912/9351/6071/files/20240306_i1709710143_4275_4_jpg_c9226bb8-7629-4425-a104-87800b1980d2.jpg?v=1759134058|https://cdn.shopify.com/s/files/1/0912/9351/6071/files/20240306_i1709710143_6336_2_jpg_4530890e-30cc-4d31-9b1b-5fafafa24559.jpg?v=1759134058|https://cdn.shopify.com/s/files/1/0912/9351/6071/files/20240306_i1709710143_9371_0_jpg_6c787f45-14d2-410a-a542-265ac3336ee7.jpg?v=1759134058|https://cdn.shopify.com/s/files/1/0912/9351/6071/files/20240306_i1709710150_5726_0_jpg_22964010-6825-4503-9b95-ff6ba2a27885.jpg?v=1759134058,Hi I want LOULOU MINI 23 CREAM QUILTED GOLD HARDWARE,
LOULOU MINI 23 WHITE QUILTED GOLD HARDWARE,https://cdn.shopify.com/s/files/1/0912/9351/6071/files/20240306_i1709709846_6417_0_jpg_559165db-b53b-4785-b0b7-58549b87871f.jpg?v=1759134080,handbags,ysl,https://cdn.shopify.com/s/files/1/0912/9351/6071/files/20240306_i1709709846_6417_0_jpg_559165db-b53b-4785-b0b7-58549b87871f.jpg?v=1759134080|https://cdn.shopify.com/s/files/1/0912/9351/6071/files/20240306_i1709709853_597_0_jpg_6eb1acae-cd2f-4d58-be59-cde4d9347240.jpg?v=1759134080|https://cdn.shopify.com/s/files/1/0912/9351/6071/files/20240306_i1709709869_611_0_jpg_3921a75f-5d52-4943-a754-8d3476751441.jpg?v=1759134081|https://cdn.shopify.com/s/files/1/0912/9351/6071/files/20240306_i1709709869_1265_2_jpg_2b8f6b45-a096-4bee-8e39-2d1e3d2c18d5.jpg?v=1759134081|https://cdn.shopify.com/s/files/1/0912/9351/6071/files/20240306_i1709709869_3609_4_jpg_381a0d72-4dfe-4f8b-9f48-2df7aba77dac.jpg?v=1759134081|https://cdn.shopify.com/s/files/1/0912/9351/6071/files/20240306_i1709709869_5362_1_jpg_40ad2f8e-e32c-4caa-953b-07bb42bbc4ef.jpg?v=1759134081|https://cdn.shopify.com/s/files/1/0912/9351/6071/files/20240306_i1709709869_7372_6_jpg_f7618e0a-e73f-4f68-951a-2a71721d4e55.jpg?v=1759134081|https://cdn.shopify.com/s/files/1/0912/9351/6071/files/20240306_i1709709869_7453_3_jpg_2a1e4264-2c7d-4291-95c9-3cd315aae58f.jpg?v=1759134081|https://cdn.shopify.com/s/files/1/0912/9351/6071/files/20240306_i1709709876_4718_0_jpg_6e23b862-411d-45e8-bd71-f9caca19be31.jpg?v=1759134081,Hi I want LOULOU MINI 23 WHITE QUILTED GOLD HARDWARE,
LOULOU MEDIUM 32 BLUE QUILTED LEATHER,https://cdn.shopify.com/s/files/1/0912/9351/6071/files/20230630_i1688129889_1728_0_jpg_42a5be40-1e70-4d3d-b991-c88fe6cbcdbf.jpg?v=1775471592,handbags,ysl,https://cdn.shopify.com/s/files/1/0912/9351/6071/files/20230630_i1688129889_1728_0_jpg_42a5be40-1e70-4d3d-b991-c88fe6cbcdbf.jpg?v=1775471592|https://cdn.shopify.com/s/files/1/0912/9351/6071/files/20230630_i1688129889_1884_3_jpg_a836a1d7-4464-4d2a-b676-8c19e761a691.jpg?v=1775471591|https://cdn.shopify.com/s/files/1/0912/9351/6071/files/20230630_i1688129889_2035_7_jpg_38e5b29e-d8bb-4d4e-886b-556daf353b01.jpg?v=1775471591|https://cdn.shopify.com/s/files/1/0912/9351/6071/files/20230630_i1688129889_2776_1_jpg_42ef9133-9898-4383-9270-0d1d234d6cdd.jpg?v=1775471591|https://cdn.shopify.com/s/files/1/0912/9351/6071/files/20230630_i1688129889_3224_6_jpg_245cff50-09f5-4c33-be19-933c318b5419.jpg?v=1775471591|https://cdn.shopify.com/s/files/1/0912/9351/6071/files/20230630_i1688129889_5201_8_jpg_d30c7664-1816-48b0-a67f-0b33c1c02104.jpg?v=1775471592|https://cdn.shopify.com/s/files/1/0912/9351/6071/files/20230630_i1688129889_7851_5_jpg_d3359016-763a-43f6-88d8-94cd64cd392b.jpg?v=1775471592|https://cdn.shopify.com/s/files/1/0912/9351/6071/files/20230630_i1688129889_8654_4_jpg_68bc82cb-2bfd-40b9-b8fe-a4164ec9b328.jpg?v=1775471592,Hi I want LOULOU MEDIUM 32 BLUE QUILTED LEATHER,
YL WOC 19 RED CHEVERON CAVIAR GOLD HARDWARE,https://cdn.shopify.com/s/files/1/0912/9351/6071/files/img_f8c0bdc9_20231227_i1703659864_7954_3_jpg_b80b759c-3afa-4396-be10-4f59d205146e.jpg?v=1759134149,handbags,ysl,https://cdn.shopify.com/s/files/1/0912/9351/6071/files/img_f8c0bdc9_20231227_i1703659864_7954_3_jpg_b80b759c-3afa-4396-be10-4f59d205146e.jpg?v=1759134149|https://cdn.shopify.com/s/files/1/0912/9351/6071/files/img_f8c0bdc9_20231227_i1703659864_570_6_jpg_fa5f4f48-a0f3-42c7-81f1-e659f0d9240e.jpg?v=1759134149|https://cdn.shopify.com/s/files/1/0912/9351/6071/files/img_f8c0bdc9_20231227_i1703659864_847_0_jpg_58a375fc-ca73-481a-8553-f67f3c29a90c.jpg?v=1759134149|https://cdn.shopify.com/s/files/1/0912/9351/6071/files/img_f8c0bdc9_20231227_i1703659864_2124_1_jpg_c6ee8357-3050-4e62-86f9-800105e1033c.jpg?v=1759134149|https://cdn.shopify.com/s/files/1/0912/9351/6071/files/img_f8c0bdc9_20231227_i1703659864_2436_7_jpg_a3226442-67a3-45ce-9505-12b632c919cd.jpg?v=1759134149|https://cdn.shopify.com/s/files/1/0912/9351/6071/files/img_f8c0bdc9_20231227_i1703659864_3355_4_jpg_4da5bc7f-a6a4-485d-9b2b-5d09d6c8b95f.jpg?v=1759134149|https://cdn.shopify.com/s/files/1/0912/9351/6071/files/img_f8c0bdc9_20231227_i1703659864_5069_2_jpg_264de431-4a6b-49ab-81b3-cd49a2f85fc5.jpg?v=1759134149|https://cdn.shopify.com/s/files/1/0912/9351/6071/files/img_f8c0bdc9_20231227_i1703659864_8065_8_jpg_5e352ddc-1ea6-4d5e-8700-fb5bbd913d19.jpg?v=1759134150|https://cdn.shopify.com/s/files/1/0912/9351/6071/files/img_f8c0bdc9_20231227_i1703659864_9474_5_jpg_bf9c9b02-8243-45e5-8795-a323446c6629.jpg?v=1759134150,Hi I want YL WOC 19 RED CHEVERON CAVIAR GOLD HARDWARE,
LOU CAMERA 23 RED LAMBSKIN GOLD HARDWARE,https://cdn.shopify.com/s/files/1/0912/9351/6071/files/20230508_i1683549435_2696_0_jpg_443c977b-51f9-4aa8-95b1-bac4c78f3844.jpg?v=1759134160,handbags,ysl,https://cdn.shopify.com/s/files/1/0912/9351/6071/files/20230508_i1683549435_2696_0_jpg_443c977b-51f9-4aa8-95b1-bac4c78f3844.jpg?v=1759134160|https://cdn.shopify.com/s/files/1/0912/9351/6071/files/20230508_i1683549435_566_5_jpg_c38ed433-ef4e-4789-9ec0-d47f0f3d76c0.jpg?v=1759134160|https://cdn.shopify.com/s/files/1/0912/9351/6071/files/20230508_i1683549435_1811_2_jpg_3cd39d3a-21c3-401d-a055-3ad754882000.jpg?v=1759134160|https://cdn.shopify.com/s/files/1/0912/9351/6071/files/20230508_i1683549435_4617_3_jpg_0c68abb7-ac68-49ff-a3ee-8b590c84d096.jpg?v=1759134160|https://cdn.shopify.com/s/files/1/0912/9351/6071/files/20230508_i1683549435_6361_1_jpg_d6d29312-c7d2-4bb4-99c5-351aee26b869.jpg?v=1759134160|https://cdn.shopify.com/s/files/1/0912/9351/6071/files/20230508_i1683549435_8079_8_jpg_6b6b9739-f375-4cec-b6ff-ca19de481769.jpg?v=1759134160|https://cdn.shopify.com/s/files/1/0912/9351/6071/files/20230508_i1683549435_8749_6_jpg_6324937d-3fc0-4808-88f9-c548e3091086.jpg?v=1759134160|https://cdn.shopify.com/s/files/1/0912/9351/6071/files/20230508_i1683549435_8820_7_jpg_f301fbf6-4f01-411f-aad1-11f60a43515d.jpg?v=1759134160,Hi I want LOU CAMERA 23 RED LAMBSKIN GOLD HARDWARE,
LE 5 A 7 23 RED LAMBSKIN GOLD HARDWARE,https://cdn.shopify.com/s/files/1/0912/9351/6071/files/20220401_i1648808504_3082_0_jpg_474ccbcf-aa63-4e90-9f0e-14e5b1e537d8.jpg?v=1759134171,handbags,ysl,https://cdn.shopify.com/s/files/1/0912/9351/6071/files/20220401_i1648808504_3082_0_jpg_474ccbcf-aa63-4e90-9f0e-14e5b1e537d8.jpg?v=1759134171|https://cdn.shopify.com/s/files/1/0912/9351/6071/files/20220401_i1648808504_788_3_jpg_75f3cc08-b3aa-48b2-a614-fd4e1bdcd7e0.jpg?v=1759134171|https://cdn.shopify.com/s/files/1/0912/9351/6071/files/20220401_i1648808504_2201_2_jpg_efdffbef-3eb2-443c-9e26-3e70dad55623.jpg?v=1759134171|https://cdn.shopify.com/s/files/1/0912/9351/6071/files/20220401_i1648808504_2295_7_jpg_6b669fc9-7e6a-4198-9e1c-8c0df5b8d2a2.jpg?v=1759134171|https://cdn.shopify.com/s/files/1/0912/9351/6071/files/20220401_i1648808504_5930_5_jpg_3c3e9ba6-7d73-4a0b-90cf-9cb5f6b2d403.jpg?v=1759134171|https://cdn.shopify.com/s/files/1/0912/9351/6071/files/20220401_i1648808504_5938_4_jpg_f03b2c34-f0ea-4862-a61e-b7ae7ee86045.jpg?v=1759134171|https://cdn.shopify.com/s/files/1/0912/9351/6071/files/20220401_i1648808504_6724_8_jpg_07da229c-7a2c-4081-a164-bf1c1a511588.jpg?v=1759134171|https://cdn.shopify.com/s/files/1/0912/9351/6071/files/20220401_i1648808504_7241_6_jpg_4d27e751-7a68-4cc1-a409-f514eac1646d.jpg?v=1759134171|https://cdn.shopify.com/s/files/1/0912/9351/6071/files/20220401_i1648808504_8164_1_jpg_1aea0155-9dd9-4a1b-a2ea-3180434a7a84.jpg?v=1759134171,Hi I want LE 5 A 7 23 RED LAMBSKIN GOLD HARDWARE,
VICTOIRE 25 RED LAMBSKIN GOLD HARDWARE,https://cdn.shopify.com/s/files/1/0912/9351/6071/files/20210620_i1624188136_5937_0_jpg_a87fea67-4e14-45aa-94c2-c6b652e6fc76.jpg?v=1759134181,handbags,ysl,https://cdn.shopify.com/s/files/1/0912/9351/6071/files/20210620_i1624188136_5937_0_jpg_a87fea67-4e14-45aa-94c2-c6b652e6fc76.jpg?v=1759134181|https://cdn.shopify.com/s/files/1/0912/9351/6071/files/20210620_i1624188136_537_5_jpg_a2ec0bb9-b187-401c-8397-65c82307f481.jpg?v=1759134181|https://cdn.shopify.com/s/files/1/0912/9351/6071/files/20210620_i1624188136_1192_6_jpg_339013fe-009a-44f1-9099-736a5fd6d237.jpg?v=1759134181|https://cdn.shopify.com/s/files/1/0912/9351/6071/files/20210620_i1624188136_2259_4_jpg_1ceace3d-02cd-46b4-9255-0bcaef3e968b.jpg?v=1759134181|https://cdn.shopify.com/s/files/1/0912/9351/6071/files/20210620_i1624188136_3653_8_jpg_26b09b82-3c2c-46e7-8a63-862a9c1b6094.jpg?v=1759134181|https://cdn.shopify.com/s/files/1/0912/9351/6071/files/20210620_i1624188136_5403_7_jpg_dc61aff9-7066-48cd-8cf4-35f09d82cd9b.jpg?v=1759134181|https://cdn.shopify.com/s/files/1/0912/9351/6071/files/20210620_i1624188136_6067_2_jpg_0a77eca4-7f6a-4492-a94f-75defef11f87.jpg?v=1759134181|https://cdn.shopify.com/s/files/1/0912/9351/6071/files/20210620_i1624188136_6613_1_jpg_f9203429-3db6-4e7f-be6e-b5546f701733.jpg?v=1759134181|https://cdn.shopify.com/s/files/1/0912/9351/6071/files/20210620_i1624188136_8981_3_jpg_38d9cec3-42e4-4958-9ef3-af637f68303e.jpg?v=1759134181,Hi I want VICTOIRE 25 RED LAMBSKIN GOLD HARDWARE,
MAHATTAN IN BOX 29 RED CALFSKIN GOLD HARDWARE,https://cdn.shopify.com/s/files/1/0912/9351/6071/files/20211125_i1637840062_7262_0_jpg_a284f946-f170-4850-80cb-e420edbb62bc.jpg?v=1759134192,handbags,ysl,https://cdn.shopify.com/s/files/1/0912/9351/6071/files/20211125_i1637840062_7262_0_jpg_a284f946-f170-4850-80cb-e420edbb62bc.jpg?v=1759134192|https://cdn.shopify.com/s/files/1/0912/9351/6071/files/20211125_i1637840062_3911_2_jpg_0d336004-c78c-4c10-accf-e284830db1c3.jpg?v=1759134192|https://cdn.shopify.com/s/files/1/0912/9351/6071/files/20211125_i1637840062_4494_5_jpg_effe6b4b-af6f-4359-ad0d-9ceebf20f12e.jpg?v=1759134192|https://cdn.shopify.com/s/files/1/0912/9351/6071/files/20211125_i1637840062_5173_3_jpg_d95d667f-a875-4882-8bb5-f226e4933c28.jpg?v=1759134192|https://cdn.shopify.com/s/files/1/0912/9351/6071/files/20211125_i1637840062_6071_1_jpg_6c10137a-dff6-4ffc-a72e-735888375fc3.jpg?v=1759134192|https://cdn.shopify.com/s/files/1/0912/9351/6071/files/20211125_i1637840062_6363_8_jpg_98cd46fb-72f9-452a-86ae-7203c0c131d7.jpg?v=1759134192|https://cdn.shopify.com/s/files/1/0912/9351/6071/files/20211125_i1637840062_8320_4_jpg_77a95483-7273-4928-a073-a68b093e5595.jpg?v=1759134192|https://cdn.shopify.com/s/files/1/0912/9351/6071/files/20211125_i1637840062_8559_7_jpg_ed86584a-c776-47b8-8772-eea5b98e33ea.jpg?v=1759134192|https://cdn.shopify.com/s/files/1/0912/9351/6071/files/20211125_i1637840062_8779_6_jpg_a7e968ce-e9c8-4a7c-bd19-892e078ba642.jpg?v=1759134192,Hi I want MAHATTAN IN BOX 29 RED CALFSKIN GOLD HARDWARE,
SOLFERINO MEDIUM 23 RED CALFSKIN GOLD HARDWARE,https://cdn.shopify.com/s/files/1/0912/9351/6071/files/20221212_i1670833793_1386_1_jpg_75fa4301-aa55-4214-9374-bc7a003efc3d.jpg?v=1759134205,handbags,ysl,https://cdn.shopify.com/s/files/1/0912/9351/6071/files/20221212_i1670833793_1386_1_jpg_75fa4301-aa55-4214-9374-bc7a003efc3d.jpg?v=1759134205|https://cdn.shopify.com/s/files/1/0912/9351/6071/files/20221212_i1670833793_669_2_jpg_3442f960-05c5-49ab-a49a-5b5396680430.jpg?v=1759134205|https://cdn.shopify.com/s/files/1/0912/9351/6071/files/20221212_i1670833793_889_6_jpg_f1c9637a-0c9e-4933-ac47-daca47e1931a.jpg?v=1759134205|https://cdn.shopify.com/s/files/1/0912/9351/6071/files/20221212_i1670833793_1406_8_jpg_0bb81a84-bf0b-4206-ad7a-b16897951210.jpg?v=1759134205|https://cdn.shopify.com/s/files/1/0912/9351/6071/files/20221212_i1670833793_4600_5_jpg_a34bac1f-efaf-473f-8550-61a52a4a2a40.jpg?v=1759134205|https://cdn.shopify.com/s/files/1/0912/9351/6071/files/20221212_i1670833793_5621_3_jpg_7f3ec769-2e46-4ce0-8f2a-264fa22bc7c2.jpg?v=1759134205|https://cdn.shopify.com/s/files/1/0912/9351/6071/files/20221212_i1670833793_8536_7_jpg_dd92947a-4b0f-4864-8e02-63b62611163f.jpg?v=1759134205|https://cdn.shopify.com/s/files/1/0912/9351/6071/files/20221212_i1670833793_9494_4_jpg_b2bd4a65-38f5-4346-92ad-3af9ba3a68ae.jpg?v=1759134205,Hi I want SOLFERINO MEDIUM 23 RED CALFSKIN GOLD HARDWARE,
SOLFERINO SMALL 19 RED CALFSKIN GOLD HARDWARE,https://cdn.shopify.com/s/files/1/0912/9351/6071/files/20221212_i1670834106_5263_1_jpg_7bdf99e3-b4b4-4fd0-80fa-409b465c99f1.jpg?v=1759134215,handbags,ysl,https://cdn.shopify.com/s/files/1/0912/9351/6071/files/20221212_i1670834106_5263_1_jpg_7bdf99e3-b4b4-4fd0-80fa-409b465c99f1.jpg?v=1759134215|https://cdn.shopify.com/s/files/1/0912/9351/6071/files/20221212_i1670834106_58_6_jpg_eabe1658-4ab7-4742-a4cc-8fbe7427b9b8.jpg?v=1759134215|https://cdn.shopify.com/s/files/1/0912/9351/6071/files/20221212_i1670834106_252_8_jpg_d829fbcc-42d0-406d-b55f-34d99452800c.jpg?v=1759134215|https://cdn.shopify.com/s/files/1/0912/9351/6071/files/20221212_i1670834106_2505_0_jpg_273f6d07-083d-4890-882d-30a542972ccf.jpg?v=1759134215|https://cdn.shopify.com/s/files/1/0912/9351/6071/files/20221212_i1670834106_2892_4_jpg_ceca8a79-0953-4d74-9cda-8eb821a70461.jpg?v=1759134215|https://cdn.shopify.com/s/files/1/0912/9351/6071/files/20221212_i1670834106_3431_3_jpg_79609e19-f582-4f43-a99a-b751ae4a80f9.jpg?v=1759134215|https://cdn.shopify.com/s/files/1/0912/9351/6071/files/20221212_i1670834106_4940_5_jpg_7ebf2131-d3b9-4058-884c-87f57fca449e.jpg?v=1759134215|https://cdn.shopify.com/s/files/1/0912/9351/6071/files/20221212_i1670834106_7728_2_jpg_a8e8c863-a548-44eb-82db-d6eb7a3ab642.jpg?v=1759134215|https://cdn.shopify.com/s/files/1/0912/9351/6071/files/20221212_i1670834106_9998_7_jpg_20fd91ac-e1b8-4c66-b638-985e0c870f8e.jpg?v=1759134215,Hi I want SOLFERINO SMALL 19 RED CALFSKIN GOLD HARDWARE,
UPTOWN CHAIN WALLET 19 RED GRAINED CALFSKIN,https://cdn.shopify.com/s/files/1/0912/9351/6071/files/20210626_i1624695523_1003_1_jpg_c51fa6da-2966-445d-9090-b6f6a0022ab5.jpg?v=1759134225,handbags,ysl,https://cdn.shopify.com/s/files/1/0912/9351/6071/files/20210626_i1624695523_1003_1_jpg_c51fa6da-2966-445d-9090-b6f6a0022ab5.jpg?v=1759134225|https://cdn.shopify.com/s/files/1/0912/9351/6071/files/20210626_i1624695523_2737_3_jpg_d3458c1a-6b0f-4e0b-9ed9-2f93b866e820.jpg?v=1759134225|https://cdn.shopify.com/s/files/1/0912/9351/6071/files/20210626_i1624695523_3093_2_jpg_1f06d11c-3c83-4135-8c1f-14865db8ec68.jpg?v=1759134225|https://cdn.shopify.com/s/files/1/0912/9351/6071/files/20210626_i1624695523_3114_5_jpg_02ca7218-c017-4434-b296-d0d94e266bda.jpg?v=1759134225|https://cdn.shopify.com/s/files/1/0912/9351/6071/files/20210626_i1624695523_3934_7_jpg_8a42d3b8-195e-48e6-bfb0-01c062047ee0.jpg?v=1759134225|https://cdn.shopify.com/s/files/1/0912/9351/6071/files/20210626_i1624695523_6287_6_jpg_77c81994-8635-4bce-ac23-276baffeb7a2.jpg?v=1759134225|https://cdn.shopify.com/s/files/1/0912/9351/6071/files/20210626_i1624695523_8930_0_jpg_a5c0b965-9d8a-4c99-8f77-03f795e016b9.jpg?v=1759134225|https://cdn.shopify.com/s/files/1/0912/9351/6071/files/20210626_i1624695523_9238_4_jpg_0b41902f-4fe1-4dbd-9207-a976d02c4a37.jpg?v=1759134225|https://cdn.shopify.com/s/files/1/0912/9351/6071/files/20210626_i1624695523_9873_8_jpg_c40d391a-e4ed-4c94-bbb7-77c66ff525f2.jpg?v=1759134225,Hi I want UPTOWN CHAIN WALLET 19 RED GRAINED CALFSKIN,
SAC DE JOUR NANO 22 RED CALFSKIN GOLD HARDWARE,https://cdn.shopify.com/s/files/1/0912/9351/6071/files/20210824_i1629791408_6215_1_jpg_083f822d-4655-49b2-8ab6-a940e0c1cc13.jpg?v=1759134235,handbags,ysl,https://cdn.shopify.com/s/files/1/0912/9351/6071/files/20210824_i1629791408_6215_1_jpg_083f822d-4655-49b2-8ab6-a940e0c1cc13.jpg?v=1759134235|https://cdn.shopify.com/s/files/1/0912/9351/6071/files/20210824_i1629791408_16_4_jpg_e86e29da-555b-4de1-8fb6-4519c5fdad59.jpg?v=1759134235|https://cdn.shopify.com/s/files/1/0912/9351/6071/files/20210824_i1629791408_1974_5_jpg_ec467af4-4839-4390-b55a-d9004339d9a6.jpg?v=1759134235|https://cdn.shopify.com/s/files/1/0912/9351/6071/files/20210824_i1629791408_1977_8_jpg_9d49a710-226a-43f4-acb4-3eb271ab3f80.jpg?v=1759134235|https://cdn.shopify.com/s/files/1/0912/9351/6071/files/20210824_i1629791408_4008_3_jpg_86272349-9251-4ecd-ab7f-fe6b453f1347.jpg?v=1759134235|https://cdn.shopify.com/s/files/1/0912/9351/6071/files/20210824_i1629791408_5049_6_jpg_0fef08cd-f788-4523-92f9-f76cb27e6f70.jpg?v=1759134236|https://cdn.shopify.com/s/files/1/0912/9351/6071/files/20210824_i1629791408_6505_2_jpg_1dbbbaf4-054e-4afd-838c-9577f3ffa558.jpg?v=1759134236|https://cdn.shopify.com/s/files/1/0912/9351/6071/files/20210824_i1629791408_6977_0_jpg_8ae885d9-157d-48ef-a60b-5660e113b886.jpg?v=1759134236|https://cdn.shopify.com/s/files/1/0912/9351/6071/files/20210824_i1629791408_9688_7_jpg_9b2f45dd-c3b1-4c4d-b129-9944c9aa6bd9.jpg?v=1759134236,Hi I want SAC DE JOUR NANO 22 RED CALFSKIN GOLD HARDWARE,
SAC DE JOUR BABY 26 RED CALFSKIN GOLD HARDWARE,https://cdn.shopify.com/s/files/1/0912/9351/6071/files/20210824_i1629790986_4829_1_jpg_627e6d95-adfd-41f8-8973-0f4d6d4d0d74.jpg?v=1759134245,handbags,ysl,https://cdn.shopify.com/s/files/1/0912/9351/6071/files/20210824_i1629790986_4829_1_jpg_627e6d95-adfd-41f8-8973-0f4d6d4d0d74.jpg?v=1759134245|https://cdn.shopify.com/s/files/1/0912/9351/6071/files/20210824_i1629790986_3701_3_jpg_cc56c740-d229-47a3-9b4f-ddaac156c8ce.jpg?v=1759134245|https://cdn.shopify.com/s/files/1/0912/9351/6071/files/20210824_i1629790986_4555_2_jpg_b1a0f8a5-cc33-4983-9e41-b9498b1d880e.jpg?v=1759134245|https://cdn.shopify.com/s/files/1/0912/9351/6071/files/20210824_i1629790986_4887_7_jpg_f34af1a0-29b8-43a0-8bcc-99d9c2fdadaa.jpg?v=1759134246|https://cdn.shopify.com/s/files/1/0912/9351/6071/files/20210824_i1629790986_5756_4_jpg_16817532-4623-4196-9073-229063ffdf63.jpg?v=1759134246|https://cdn.shopify.com/s/files/1/0912/9351/6071/files/20210824_i1629790986_5779_6_jpg_cb0e076b-7c17-4b80-822f-86c41c70efb1.jpg?v=1759134246|https://cdn.shopify.com/s/files/1/0912/9351/6071/files/20210824_i1629790986_6414_8_jpg_443c8780-611c-4240-ae4d-9d0efa29c16e.jpg?v=1759134246|https://cdn.shopify.com/s/files/1/0912/9351/6071/files/20210824_i1629790986_9173_0_jpg_bb1cee46-f738-46dc-9526-f9f280caa46b.jpg?v=1759134246|https://cdn.shopify.com/s/files/1/0912/9351/6071/files/20210824_i1629790986_9902_5_jpg_7980e62b-3922-48b2-ad4f-4c20545dae4b.jpg?v=1759134246,Hi I want SAC DE JOUR BABY 26 RED CALFSKIN GOLD HARDWARE,
CASSANDRA 22 CHAIN BAG RED CALFSKIN,https://cdn.shopify.com/s/files/1/0912/9351/6071/files/20210925_i1632569904_1551_1_jpg_737656b6-fcbb-4e95-bc89-8e7eb7531de4.jpg?v=1759134257,handbags,ysl,https://cdn.shopify.com/s/files/1/0912/9351/6071/files/20210925_i1632569904_1551_1_jpg_737656b6-fcbb-4e95-bc89-8e7eb7531de4.jpg?v=1759134257|https://cdn.shopify.com/s/files/1/0912/9351/6071/files/20210925_i1632569904_42_3_jpg_ddb588e8-33ef-4934-8f93-05662c64bb6f.jpg?v=1759134257|https://cdn.shopify.com/s/files/1/0912/9351/6071/files/20210925_i1632569904_151_8_jpg_5d8115f3-8680-448d-a36d-a48c873ed92c.jpg?v=1759134257|https://cdn.shopify.com/s/files/1/0912/9351/6071/files/20210925_i1632569904_478_6_jpg_82d04af2-6e25-4ffb-bd31-3956e8becd08.jpg?v=1759134257|https://cdn.shopify.com/s/files/1/0912/9351/6071/files/20210925_i1632569904_2493_4_jpg_af688256-b4b5-47b3-8934-72ff38a40b23.jpg?v=1759134257|https://cdn.shopify.com/s/files/1/0912/9351/6071/files/20210925_i1632569904_3293_7_jpg_a29666f4-fd8c-4b89-9701-39cbe587bdf6.jpg?v=1759134257|https://cdn.shopify.com/s/files/1/0912/9351/6071/files/20210925_i1632569904_4039_2_jpg_12e71983-e90d-4340-adfe-293648e29621.jpg?v=1759134257|https://cdn.shopify.com/s/files/1/0912/9351/6071/files/20210925_i1632569904_4482_0_jpg_a4ac0368-d85f-461f-ac45-0bf41092214b.jpg?v=1759134257|https://cdn.shopify.com/s/files/1/0912/9351/6071/files/20210925_i1632569904_7968_5_jpg_18d471f5-5e95-46bc-8446-59a6990b1d92.jpg?v=1759134257,Hi I want CASSANDRA 22 CHAIN BAG RED CALFSKIN,
LOULOU MEDIUM 32 BEIGE QUILTED LEATHER GOLD HARDWARE,https://cdn.shopify.com/s/files/1/0912/9351/6071/files/20230630_i1688131644_6559_0_jpg_74746e79-ca12-4665-9517-e010bafd02c9.jpg?v=1775471595,handbags,ysl,https://cdn.shopify.com/s/files/1/0912/9351/6071/files/20230630_i1688131644_6559_0_jpg_74746e79-ca12-4665-9517-e010bafd02c9.jpg?v=1775471595|https://cdn.shopify.com/s/files/1/0912/9351/6071/files/20230630_i1688131644_1445_6_jpg_f278f1cc-6928-4347-89e5-0ad23b706d49.jpg?v=1775471595|https://cdn.shopify.com/s/files/1/0912/9351/6071/files/20230630_i1688131644_1905_8_jpg_a78612a9-0474-4630-a988-8c3a61377045.jpg?v=1775471595|https://cdn.shopify.com/s/files/1/0912/9351/6071/files/20230630_i1688131644_3496_3_jpg_6c16b1b8-b782-4b79-ad93-6ffa45056bbb.jpg?v=1775471595|https://cdn.shopify.com/s/files/1/0912/9351/6071/files/20230630_i1688131644_4501_5_jpg_62262c0e-8b90-4e73-95af-e2046260567a.jpg?v=1775471595|https://cdn.shopify.com/s/files/1/0912/9351/6071/files/20230630_i1688131644_5142_1_jpg_80679218-03ec-431f-b814-cc394eb6e821.jpg?v=1775471595|https://cdn.shopify.com/s/files/1/0912/9351/6071/files/20230630_i1688131644_6122_2_jpg_c451e065-53e3-4948-a603-93f45069ef8d.jpg?v=1775471595|https://cdn.shopify.com/s/files/1/0912/9351/6071/files/20230630_i1688131644_6783_4_jpg_96c57ed7-b1c0-4699-b4c5-51152ff57169.jpg?v=1775471595|https://cdn.shopify.com/s/files/1/0912/9351/6071/files/20230630_i1688131644_7750_7_jpg_5612e81e-33a2-43fb-88cd-1c1ddc7da910.jpg?v=1775471595,Hi I want LOULOU MEDIUM 32 BEIGE QUILTED LEATHER GOLD HARDWARE,
LOULOU MEDIUM 32 KHAKI GREEN QUILTED LEATHER GOLD HARDWARE,https://cdn.shopify.com/s/files/1/0912/9351/6071/files/20220830_i1661839515_984_0_jpg_2b5934a7-4bbe-471b-8f81-8a83523d3b44.jpg?v=1775471597,handbags,ysl,https://cdn.shopify.com/s/files/1/0912/9351/6071/files/20220830_i1661839515_984_0_jpg_2b5934a7-4bbe-471b-8f81-8a83523d3b44.jpg?v=1775471597|https://cdn.shopify.com/s/files/1/0912/9351/6071/files/20220830_i1661839515_468_2_jpg_e0b0cafd-6fd3-4232-b885-533742d1fb16.jpg?v=1775471596|https://cdn.shopify.com/s/files/1/0912/9351/6071/files/20220830_i1661839515_2561_7_jpg_12187b0f-c8ec-4955-8801-65c98375c0ca.jpg?v=1775471597|https://cdn.shopify.com/s/files/1/0912/9351/6071/files/20220830_i1661839515_5929_5_jpg_97fd55e4-3a49-4560-9d0a-5d9fcf9998d6.jpg?v=1775471596|https://cdn.shopify.com/s/files/1/0912/9351/6071/files/20220830_i1661839515_6190_1_jpg_adbeec5a-131d-447c-8296-7af0419113a7.jpg?v=1775471597|https://cdn.shopify.com/s/files/1/0912/9351/6071/files/20220830_i1661839515_6765_3_jpg_3c675271-f68b-46e2-8734-5d9bb89cfd67.jpg?v=1775471596|https://cdn.shopify.com/s/files/1/0912/9351/6071/files/20220830_i1661839515_9438_8_jpg_a510081e-4a85-4d86-8517-93ad1cb6fab0.jpg?v=1775471597|https://cdn.shopify.com/s/files/1/0912/9351/6071/files/20220830_i1661839515_9690_6_jpg_73833b7f-98f2-4843-85fd-512f7236d87a.jpg?v=1775471596|https://cdn.shopify.com/s/files/1/0912/9351/6071/files/20220830_i1661839515_9787_4_jpg_46035c45-3a59-4ec3-82a3-ab77b09b3367.jpg?v=1775471596,Hi I want LOULOU MEDIUM 32 KHAKI GREEN QUILTED LEATHER GOLD HARDWARE,
LOULOU MEDIUM 32 TURQUOISE GREEN QUILTED LEATHER GOLD HARDWARE,https://cdn.shopify.com/s/files/1/0912/9351/6071/files/20230702_i1688275129_4184_0_jpg_59797339-fa81-4883-ad47-525b2a9506e6.jpg?v=1775471598,handbags,ysl,https://cdn.shopify.com/s/files/1/0912/9351/6071/files/20230702_i1688275129_4184_0_jpg_59797339-fa81-4883-ad47-525b2a9506e6.jpg?v=1775471598|https://cdn.shopify.com/s/files/1/0912/9351/6071/files/20230702_i1688275129_1145_2_jpg_12e34acc-27f9-442c-85ee-cf68d92b58bd.jpg?v=1775471598|https://cdn.shopify.com/s/files/1/0912/9351/6071/files/20230702_i1688275129_2507_7_jpg_fc9232f6-3981-4dde-9366-d10436f8d637.jpg?v=1775471598|https://cdn.shopify.com/s/files/1/0912/9351/6071/files/20230702_i1688275129_3697_4_jpg_ac9904ff-fc75-422f-b13a-f78b557cd370.jpg?v=1775471598|https://cdn.shopify.com/s/files/1/0912/9351/6071/files/20230702_i1688275129_4401_3_jpg_041d20fb-5789-4459-9d5a-d4fce6009ded.jpg?v=1775471598|https://cdn.shopify.com/s/files/1/0912/9351/6071/files/20230702_i1688275129_4780_6_jpg_f227435b-a834-41b0-b0fc-9f4e49cbeefd.jpg?v=1775471598|https://cdn.shopify.com/s/files/1/0912/9351/6071/files/20230702_i1688275129_6026_1_jpg_c82fe8f6-9cef-41f4-a458-20580dc7e92e.jpg?v=1775471598|https://cdn.shopify.com/s/files/1/0912/9351/6071/files/20230702_i1688275129_8128_5_jpg_4dd1c17c-dc46-4316-9f79-fc94bf089d5f.jpg?v=1775471598|https://cdn.shopify.com/s/files/1/0912/9351/6071/files/20230702_i1688275129_8958_8_jpg_5fc2be67-485f-4bc4-8795-80016f2387aa.jpg?v=1775471598,Hi I want LOULOU MEDIUM 32 TURQUOISE GREEN QUILTED LEATHER GOLD HARDWARE,
LOULOU MEDIUM 32 DARK BEIGE QUILTED LEATHER GOLD HARDWARE,https://cdn.shopify.com/s/files/1/0912/9351/6071/files/20230701_i1688199670_7453_0_jpg_a50e6c7c-d42a-43d5-ade4-ab9bf9233ce0.jpg?v=1775471610,handbags,ysl,https://cdn.shopify.com/s/files/1/0912/9351/6071/files/20230701_i1688199670_7453_0_jpg_a50e6c7c-d42a-43d5-ade4-ab9bf9233ce0.jpg?v=1775471610|https://cdn.shopify.com/s/files/1/0912/9351/6071/files/20230701_i1688199670_1065_3_jpg_bab46ee6-9faa-4a86-9e72-0546c8c877e6.jpg?v=1775471609|https://cdn.shopify.com/s/files/1/0912/9351/6071/files/20230701_i1688199670_3863_2_jpg_b347e5c5-a991-4b4e-8b6d-07279e048a37.jpg?v=1775471609|https://cdn.shopify.com/s/files/1/0912/9351/6071/files/20230701_i1688199670_6989_4_jpg_f4fa81ae-0462-4018-af17-c8ef90d1f25b.jpg?v=1775471610|https://cdn.shopify.com/s/files/1/0912/9351/6071/files/20230701_i1688199670_7049_1_jpg_11af4a6d-b90d-404d-8175-cff946083bd3.jpg?v=1775471609|https://cdn.shopify.com/s/files/1/0912/9351/6071/files/20230701_i1688199670_7731_5_jpg_81669bb3-0dce-4f1f-993c-e5aa6dace135.jpg?v=1775471610|https://cdn.shopify.com/s/files/1/0912/9351/6071/files/20230701_i1688199670_9890_6_jpg_63ae133a-c32b-413b-84cf-92741f3c8174.jpg?v=1775471609|https://cdn.shopify.com/s/files/1/0912/9351/6071/files/20230701_i1688199676_5677_1_jpg_b7c2ba19-ad0b-4cff-a4ed-408e7a890049.jpg?v=1775471610|https://cdn.shopify.com/s/files/1/0912/9351/6071/files/20230701_i1688199676_6099_0_jpg_1975cd4d-4610-484a-a147-e8505692aa0d.jpg?v=1775471610,Hi I want LOULOU MEDIUM 32 DARK BEIGE QUILTED LEATHER GOLD HARDWARE,
LOULOU MEDIUM 32 WHITE QUILTED LEATHER SILVER HARDWARE,https://cdn.shopify.com/s/files/1/0912/9351/6071/files/20230701_i1688201468_2539_0_jpg_e829e8ed-c69e-4d5e-8a84-b954f95b0be4.jpg?v=1775471619,handbags,ysl,https://cdn.shopify.com/s/files/1/0912/9351/6071/files/20230701_i1688201468_2539_0_jpg_e829e8ed-c69e-4d5e-8a84-b954f95b0be4.jpg?v=1775471619|https://cdn.shopify.com/s/files/1/0912/9351/6071/files/20230701_i1688201468_2589_3_jpg_0317fd6b-e02a-48c8-b45b-80e155825ed2.jpg?v=1775471619|https://cdn.shopify.com/s/files/1/0912/9351/6071/files/20230701_i1688201468_5029_4_jpg_74496f68-dcd5-4ebf-acb3-61ffe93e3e2a.jpg?v=1775471619|https://cdn.shopify.com/s/files/1/0912/9351/6071/files/20230701_i1688201468_6217_8_jpg_ffbdb3f8-e389-4d00-8491-66a8c1b43996.jpg?v=1775471619|https://cdn.shopify.com/s/files/1/0912/9351/6071/files/20230701_i1688201468_6343_2_jpg_9dceae52-2f67-4096-b03b-a9041e02d3e9.jpg?v=1775471620|https://cdn.shopify.com/s/files/1/0912/9351/6071/files/20230701_i1688201468_6856_7_jpg_d3718055-1dc9-4a94-b016-52c8ddc553e8.jpg?v=1775471620|https://cdn.shopify.com/s/files/1/0912/9351/6071/files/20230701_i1688201468_9538_1_jpg_fa0c8b09-78d6-4fb2-adc8-9e871a7dba1d.jpg?v=1775471620|https://cdn.shopify.com/s/files/1/0912/9351/6071/files/20230701_i1688201468_9660_6_jpg_4ffd19df-5517-49cb-926c-15025303e470.jpg?v=1775471619|https://cdn.shopify.com/s/files/1/0912/9351/6071/files/20230701_i1688201468_9856_5_jpg_02cf159a-8969-485b-8e7f-421bc84ec3b7.jpg?v=1775471620,Hi I want LOULOU MEDIUM 32 WHITE QUILTED LEATHER SILVER HARDWARE,
LOULOU MEDIUM 32 CREAM QUILTED LEATHER SILVER HARDWARE,https://cdn.shopify.com/s/files/1/0912/9351/6071/files/20230627_i1687873892_6904_0_jpg_197ae00a-9678-42d2-bd22-66f3326b71ef.jpg?v=1775471623,handbags,ysl,https://cdn.shopify.com/s/files/1/0912/9351/6071/files/20230627_i1687873892_6904_0_jpg_197ae00a-9678-42d2-bd22-66f3326b71ef.jpg?v=1775471623|https://cdn.shopify.com/s/files/1/0912/9351/6071/files/20230627_i1687873892_283_1_jpg_ad813e5f-7469-463b-9d59-965dbd09cb11.jpg?v=1775471623|https://cdn.shopify.com/s/files/1/0912/9351/6071/files/20230627_i1687873892_967_5_jpg_11b558fd-ff00-4137-b76d-28ab928a5770.jpg?v=1775471623|https://cdn.shopify.com/s/files/1/0912/9351/6071/files/20230627_i1687873892_5343_2_jpg_df507df1-4174-4ec3-96dd-0c7455f19687.jpg?v=1775471623|https://cdn.shopify.com/s/files/1/0912/9351/6071/files/20230627_i1687873892_7342_6_jpg_499a7a0f-09c5-4b52-ab93-939fc479e5d7.jpg?v=1775471623|https://cdn.shopify.com/s/files/1/0912/9351/6071/files/20230627_i1687873892_7891_7_jpg_619a50d3-af00-47a2-9505-dac3e16fba77.jpg?v=1775471623|https://cdn.shopify.com/s/files/1/0912/9351/6071/files/20230627_i1687873892_8171_3_jpg_07dc3b66-df1d-40a0-8191-5a1cd1ad2ec7.jpg?v=1775471623|https://cdn.shopify.com/s/files/1/0912/9351/6071/files/20230627_i1687873892_8899_8_jpg_9baf7574-6326-402c-91c7-91a74fefa5dc.jpg?v=1775471623|https://cdn.shopify.com/s/files/1/0912/9351/6071/files/20230627_i1687873892_9700_4_jpg_96ef25c5-8f01-45dc-a389-275d4a8bae66.jpg?v=1775471623,Hi I want LOULOU MEDIUM 32 CREAM QUILTED LEATHER SILVER HARDWARE,
LOULOU MEDIUM 32 BEIGE QUILTED LEATHER SILVER HARDWARE,https://cdn.shopify.com/s/files/1/0912/9351/6071/files/20230630_i1688132155_6947_0_jpg_d710d7fa-36c1-4857-a633-c70f9f4f5472.jpg?v=1775471625,handbags,ysl,https://cdn.shopify.com/s/files/1/0912/9351/6071/files/20230630_i1688132155_6947_0_jpg_d710d7fa-36c1-4857-a633-c70f9f4f5472.jpg?v=1775471625|https://cdn.shopify.com/s/files/1/0912/9351/6071/files/20230630_i1688132155_1597_2_jpg_689b8916-da54-4c5b-a66f-b9ed82a31a69.jpg?v=1775471625|https://cdn.shopify.com/s/files/1/0912/9351/6071/files/20230630_i1688132155_1979_8_jpg_5871b28b-0ecd-4d08-b8c2-be210768ebd1.jpg?v=1775471624|https://cdn.shopify.com/s/files/1/0912/9351/6071/files/20230630_i1688132155_4027_3_jpg_97ada65a-a77f-4308-ba70-e31d85956eac.jpg?v=1775471624|https://cdn.shopify.com/s/files/1/0912/9351/6071/files/20230630_i1688132155_4645_5_jpg_43337930-da71-4054-a9a0-67e8a8d071ab.jpg?v=1775471625|https://cdn.shopify.com/s/files/1/0912/9351/6071/files/20230630_i1688132155_5800_1_jpg_a95656e7-53c7-43c7-9ac3-eeb1ae161ef2.jpg?v=1775471625|https://cdn.shopify.com/s/files/1/0912/9351/6071/files/20230630_i1688132155_5931_4_jpg_e6447b64-6a69-487c-b8f4-ee6220e36996.jpg?v=1775471625|https://cdn.shopify.com/s/files/1/0912/9351/6071/files/20230630_i1688132155_6520_7_jpg_579f9ab0-7b53-41b4-ac8a-b59fd58fc428.jpg?v=1775471624|https://cdn.shopify.com/s/files/1/0912/9351/6071/files/20230630_i1688132155_9364_6_jpg_21bc3fe5-6314-41a0-9437-2903300a070c.jpg?v=1775471624,Hi I want LOULOU MEDIUM 32 BEIGE QUILTED LEATHER SILVER HARDWARE,
