name,image,category,brand,images,whatsapp_text,badge
Fendi Mamma Baguette Drawstring Shoulder Bag Black Nappa Leather,https://cdn.shopify.com/s/files/1/0912/9351/6071/files/Image_20250922113249_9090_16_59720b65-a55b-4eab-aea7-047aa91aefab.jpg?v=1783650458,handbags,fendi,https://cdn.shopify.com/s/files/1/0912/9351/6071/files/Image_20250922113249_9090_16_59720b65-a55b-4eab-aea7-047aa91aefab.jpg?v=1783650458|https://cdn.shopify.com/s/files/1/0912/9351/6071/files/Image_20250922113250_9091_16_96f9bc08-4f9f-4a5a-bcdc-3cc1d5439070.jpg?v=1783650458|https://cdn.shopify.com/s/files/1/0912/9351/6071/files/Image_20250922113251_9092_16_5725306d-3f88-4ca6-ae9e-7d468cfa0535.jpg?v=1783650458|https://cdn.shopify.com/s/files/1/0912/9351/6071/files/Image_20250922113252_9093_16_ba74a733-5494-4340-a295-f29594b7fd4b.jpg?v=1783650458|https://cdn.shopify.com/s/files/1/0912/9351/6071/files/Image_20250922113253_9094_16_ae5bd5eb-7ce0-47ce-b91f-1cee82cc2d87.jpg?v=1783650458|https://cdn.shopify.com/s/files/1/0912/9351/6071/files/Image_20250922113254_9095_16_f7d4d823-d6f0-4403-b1c5-537ee87a45b2.jpg?v=1783650458|https://cdn.shopify.com/s/files/1/0912/9351/6071/files/Image_20250922113256_9097_16_635ce678-7352-4ff4-a2d0-cfe5d3aff6d1.jpg?v=1783650458|https://cdn.shopify.com/s/files/1/0912/9351/6071/files/Image_20250922113258_9098_16_514f75d6-0f19-4f1c-8303-2a313a35f7e4.jpg?v=1783650458|https://cdn.shopify.com/s/files/1/0912/9351/6071/files/Image_20250922113300_9099_16_9b21474b-20ae-4f6b-9973-3d19b62cd504.jpg?v=1783650458,Hi I want Fendi Mamma Baguette Drawstring Shoulder Bag Black Nappa Leather,New
Fend Baguette 20 Brown FF Jacquard Fabric Bag Ghw,https://cdn.shopify.com/s/files/1/0912/9351/6071/files/20220714_i1657787382_5298_1_jpg_8f53a982-149c-40e7-b933-46c887481ffe.jpg?v=1758937928,handbags,fendi,https://cdn.shopify.com/s/files/1/0912/9351/6071/files/20220714_i1657787382_5298_1_jpg_8f53a982-149c-40e7-b933-46c887481ffe.jpg?v=1758937928|https://cdn.shopify.com/s/files/1/0912/9351/6071/files/20220714_i1657787382_9445_0_jpg_15a400b9-e150-4ce5-a7bf-e2deb8c166f4.jpg?v=1758937928|https://cdn.shopify.com/s/files/1/0912/9351/6071/files/20220714_i1657787382_444_8_jpg_347e8314-de9a-44ab-ad46-6edf76583b9b.jpg?v=1758937928|https://cdn.shopify.com/s/files/1/0912/9351/6071/files/20220714_i1657787382_6504_2_jpg_186df680-35de-49b6-bf3f-23663a16f72b.jpg?v=1758937928|https://cdn.shopify.com/s/files/1/0912/9351/6071/files/20220714_i1657787382_1470_3_jpg_c9b09cbf-f100-4926-95ff-011bad03fb48.jpg?v=1758937928|https://cdn.shopify.com/s/files/1/0912/9351/6071/files/20220714_i1657787382_4475_4_jpg_a511d27a-4b2a-4352-80c0-d2ad6d33f667.jpg?v=1758937928|https://cdn.shopify.com/s/files/1/0912/9351/6071/files/20220714_i1657787382_4738_6_jpg_33700675-5b27-45c9-a7e9-35c910f4c9d9.jpg?v=1758937928|https://cdn.shopify.com/s/files/1/0912/9351/6071/files/20220714_i1657787382_4966_5_jpg_6e67a776-f69c-480b-9d2b-4ddf3cfc2a6e.jpg?v=1758937929|https://cdn.shopify.com/s/files/1/0912/9351/6071/files/20220714_i1657787382_9316_7_jpg_e738e34b-0cd4-49c6-9bb3-fde043c16b88.jpg?v=1758937929,Hi I want Fend Baguette 20 Brown FF Jacquard Fabric Bag Ghw,
Peekaboo ISeeU Petite 20 Bag Black Lambskin Ghw,https://cdn.shopify.com/s/files/1/0912/9351/6071/files/20220717_i1658038600_7709_1_jpg_68e2f55b-ad74-4303-ae37-c9f188b4d2fc.jpg?v=1758938434,handbags,fendi,https://cdn.shopify.com/s/files/1/0912/9351/6071/files/20220717_i1658038600_7709_1_jpg_68e2f55b-ad74-4303-ae37-c9f188b4d2fc.jpg?v=1758938434|https://cdn.shopify.com/s/files/1/0912/9351/6071/files/20220717_i1658038600_147_0_jpg_dbadaf24-3e73-4d82-a62b-3944e2a7238d.jpg?v=1758938434|https://cdn.shopify.com/s/files/1/0912/9351/6071/files/20220717_i1658038600_1577_8_jpg_0e33aff4-a5d1-488a-847b-67f4b16356ab.jpg?v=1758938434|https://cdn.shopify.com/s/files/1/0912/9351/6071/files/20220717_i1658038600_3603_4_jpg_2376285c-ad8c-4128-b2f3-c4841cbb9dab.jpg?v=1758938434|https://cdn.shopify.com/s/files/1/0912/9351/6071/files/20220717_i1658038600_7110_5_jpg_62ab4073-84c9-4236-a961-cb93f31c4275.jpg?v=1758938434|https://cdn.shopify.com/s/files/1/0912/9351/6071/files/20220717_i1658038600_2053_3_jpg_d1123c01-4b21-47c9-9298-ede47dba366b.jpg?v=1758938434|https://cdn.shopify.com/s/files/1/0912/9351/6071/files/20220717_i1658038600_2763_7_jpg_832e1bf5-5870-4705-8663-b1a0247d53e1.jpg?v=1758938434|https://cdn.shopify.com/s/files/1/0912/9351/6071/files/20220717_i1658038600_3520_6_jpg_3b41cb91-08fa-4495-ace4-d23b08ccc9a3.jpg?v=1758938434|https://cdn.shopify.com/s/files/1/0912/9351/6071/files/20220717_i1658038600_9202_2_jpg_768be309-7ff9-4f46-bd36-adb21335c1e4.jpg?v=1758938434,Hi I want Peekaboo ISeeU Petite 20 Bag Black Lambskin Ghw,
BAGUETTE CANVAS 27 BAG GREY STRAP WITH MULTICOLOUR EMBROIDERY GOLD HARDWARE,https://cdn.shopify.com/s/files/1/0912/9351/6071/files/20230727_i1690451269_494_0_jpg.jpg?v=1758939749,handbags,fendi,https://cdn.shopify.com/s/files/1/0912/9351/6071/files/20230727_i1690451269_494_0_jpg.jpg?v=1758939749|https://cdn.shopify.com/s/files/1/0912/9351/6071/files/20230727_i1690451269_1663_2_jpg.jpg?v=1758939749|https://cdn.shopify.com/s/files/1/0912/9351/6071/files/20230727_i1690451269_9468_1_jpg.jpg?v=1758939749|https://cdn.shopify.com/s/files/1/0912/9351/6071/files/20230727_i1690451269_4791_3_jpg.jpg?v=1758939749|https://cdn.shopify.com/s/files/1/0912/9351/6071/files/20230727_i1690451269_9882_5_jpg.jpg?v=1758939749|https://cdn.shopify.com/s/files/1/0912/9351/6071/files/20230727_i1690451269_1521_6_jpg.jpg?v=1758939749|https://cdn.shopify.com/s/files/1/0912/9351/6071/files/20230727_i1690451269_9855_4_jpg.jpg?v=1758939749|https://cdn.shopify.com/s/files/1/0912/9351/6071/files/20230727_i1690451269_7178_7_jpg.jpg?v=1758939749|https://cdn.shopify.com/s/files/1/0912/9351/6071/files/20230727_i1690451269_106_8_jpg.jpg?v=1758939749,Hi I want BAGUETTE CANVAS 27 BAG GREY STRAP WITH MULTICOLOUR EMBROIDERY GOLD HARDWARE,
Mini Baguette Bag 20 With FF Motif Black Leather Ghw,https://cdn.shopify.com/s/files/1/0912/9351/6071/files/20220812_i1660280994_7159_0_jpg_a2f3f846-29b1-4c40-80ab-b2a50271e1bf.jpg?v=1775903172,handbags,fendi,https://cdn.shopify.com/s/files/1/0912/9351/6071/files/20220812_i1660280994_7159_0_jpg_a2f3f846-29b1-4c40-80ab-b2a50271e1bf.jpg?v=1775903172|https://cdn.shopify.com/s/files/1/0912/9351/6071/files/20220812_i1660280994_806_4_jpg_f93b0423-d2c7-4cd8-8a9b-63d043b446f7.jpg?v=1775903172|https://cdn.shopify.com/s/files/1/0912/9351/6071/files/20220812_i1660280994_989_5_jpg_483f0df4-3474-4d92-a28c-567e9059ac3b.jpg?v=1775903172|https://cdn.shopify.com/s/files/1/0912/9351/6071/files/20220812_i1660280994_1552_2_jpg_99e828cf-7589-481e-af69-49b3a58e0c05.jpg?v=1775903172|https://cdn.shopify.com/s/files/1/0912/9351/6071/files/20220812_i1660280994_8520_1_jpg_6fe81119-9986-4505-826f-c6047a499fbf.jpg?v=1775903172|https://cdn.shopify.com/s/files/1/0912/9351/6071/files/20220812_i1660280994_3635_6_jpg_8f1e9491-200f-435c-9d6f-f7f6114dc4c4.jpg?v=1775903172|https://cdn.shopify.com/s/files/1/0912/9351/6071/files/20220812_i1660280994_4211_7_jpg_d8f15b9b-782c-49aa-9d47-e9ffb3c3d4b7.jpg?v=1775903172|https://cdn.shopify.com/s/files/1/0912/9351/6071/files/20220812_i1660280994_5952_3_jpg_ad553fc4-c82f-425d-92f3-32b93b7ddad9.jpg?v=1775903172|https://cdn.shopify.com/s/files/1/0912/9351/6071/files/20220812_i1660280994_3341_8_jpg_3699dfde-6d46-4cf3-ac43-4df2bb557156.jpg?v=1775903172,Hi I want Mini Baguette Bag 20 With FF Motif Black Leather Ghw,
Fend Baguette 27 Shoulder Bag Brown FF Jacquard Fabric Bag Shw,https://cdn.shopify.com/s/files/1/0912/9351/6071/files/20230318_i1679124659_3326_0_jpg_bbb19672-2d9f-46d5-9fbe-ff33bbda7395.jpg?v=1758937647,handbags,fendi,https://cdn.shopify.com/s/files/1/0912/9351/6071/files/20230318_i1679124659_3326_0_jpg_bbb19672-2d9f-46d5-9fbe-ff33bbda7395.jpg?v=1758937647|https://cdn.shopify.com/s/files/1/0912/9351/6071/files/20230318_i1679124659_376_1_jpg_e6c3b4f1-4ec6-4e13-b578-50edecc62025.jpg?v=1758937647|https://cdn.shopify.com/s/files/1/0912/9351/6071/files/20230318_i1679124659_2006_2_jpg_66145713-270d-4d02-8ccd-fbc2ebac750a.jpg?v=1758937647|https://cdn.shopify.com/s/files/1/0912/9351/6071/files/20230318_i1679124659_2192_8_jpg_eeced6ff-db6e-4fa1-9691-98d4f434907a.jpg?v=1758937647|https://cdn.shopify.com/s/files/1/0912/9351/6071/files/20230318_i1679124659_4528_7_jpg_e8806f8f-dcae-437e-a92a-4444d1002335.jpg?v=1758937647|https://cdn.shopify.com/s/files/1/0912/9351/6071/files/20230318_i1679124659_6563_3_jpg_cfe7ccf2-35d8-4f9f-a185-09d9cb2a6f40.jpg?v=1758937647|https://cdn.shopify.com/s/files/1/0912/9351/6071/files/20230318_i1679124659_7487_5_jpg_09b1b00d-b34e-4fda-bd80-6e771466d281.jpg?v=1758937647|https://cdn.shopify.com/s/files/1/0912/9351/6071/files/20230318_i1679124659_8047_6_jpg_ac44abee-02ae-4de9-a545-5c5cdfb10e4d.jpg?v=1758937647|https://cdn.shopify.com/s/files/1/0912/9351/6071/files/20230318_i1679124659_9095_4_jpg_2b668dc0-5d54-4f22-b7c6-b2e1f0437faa.jpg?v=1758937647,Hi I want Fend Baguette 27 Shoulder Bag Brown FF Jacquard Fabric Bag Shw,
Fend Baguette 27 Brown FF Jacquard Fabric Bag Ghw,https://cdn.shopify.com/s/files/1/0912/9351/6071/files/20220714_i1657787186_1012_1_jpg_8d8b1bdd-92ac-4d6c-8f9b-7186b6dc34db.jpg?v=1782531928,handbags,fendi,https://cdn.shopify.com/s/files/1/0912/9351/6071/files/20220714_i1657787186_1012_1_jpg_8d8b1bdd-92ac-4d6c-8f9b-7186b6dc34db.jpg?v=1782531928|https://cdn.shopify.com/s/files/1/0912/9351/6071/files/20220714_i1657787186_3810_0_jpg_42362672-fe7a-4419-bee1-e588c8bd6d1a.jpg?v=1782531928|https://cdn.shopify.com/s/files/1/0912/9351/6071/files/i1657787186_741_2_42040fa3-7cd3-44dc-9a5e-28c79fded2d9.jpg?v=1782531928|https://cdn.shopify.com/s/files/1/0912/9351/6071/files/20220714_i1657787186_1817_3_jpg_ed68be7f-d835-4e16-b6db-fc3295bb2187.jpg?v=1782531928|https://cdn.shopify.com/s/files/1/0912/9351/6071/files/20220714_i1657787186_2337_6_jpg_42190f15-dc58-406d-aac2-a173a1143028.jpg?v=1782531928|https://cdn.shopify.com/s/files/1/0912/9351/6071/files/20220714_i1657787186_4093_4_jpg_8db20d94-6340-408a-859b-ad3c458cc510.jpg?v=1782531928|https://cdn.shopify.com/s/files/1/0912/9351/6071/files/20220714_i1657787186_4783_5_jpg_29bf6cae-e4bc-4585-96cb-61c36d87bcad.jpg?v=1782531928|https://cdn.shopify.com/s/files/1/0912/9351/6071/files/20220714_i1657787186_9246_8_jpg_d7f558e3-b31e-4d57-b1d5-c42a1c39ff22.jpg?v=1782531928|https://cdn.shopify.com/s/files/1/0912/9351/6071/files/20220714_i1657787186_9707_7_jpg_0d8a09d3-db8d-45f5-a300-b5e11d8a9491.jpg?v=1782531928,Hi I want Fend Baguette 27 Brown FF Jacquard Fabric Bag Ghw,
Peekaboo ISeeU Small 27cm Bag brown lambskin gold hardware,https://cdn.shopify.com/s/files/1/0912/9351/6071/files/20220717_i1658033619_1844_1_jpg_bc2ce711-7579-4b44-b36c-846de81b178c.jpg?v=1775903188,handbags,fendi,https://cdn.shopify.com/s/files/1/0912/9351/6071/files/20220717_i1658033619_1844_1_jpg_bc2ce711-7579-4b44-b36c-846de81b178c.jpg?v=1775903188|https://cdn.shopify.com/s/files/1/0912/9351/6071/files/20220717_i1658033619_825_6_jpg_0d097ebe-93e6-4169-ae50-23d38acdd2b9.jpg?v=1775903188|https://cdn.shopify.com/s/files/1/0912/9351/6071/files/20220717_i1658033619_3163_8_jpg_a531adbd-b066-4c47-a9e7-0d6fff0f52d7.jpg?v=1775903188|https://cdn.shopify.com/s/files/1/0912/9351/6071/files/20220717_i1658033619_4250_5_jpg_91a188cb-ac63-410a-a3aa-19a922f787ff.jpg?v=1775903188|https://cdn.shopify.com/s/files/1/0912/9351/6071/files/20220717_i1658033619_6853_7_jpg_62cd8f7f-1085-4cee-97f1-11ea2648b0de.jpg?v=1775903188|https://cdn.shopify.com/s/files/1/0912/9351/6071/files/20220717_i1658033619_8208_0_jpg_67e514db-4797-463f-a109-dbbd2bb3e8dc.jpg?v=1775903188|https://cdn.shopify.com/s/files/1/0912/9351/6071/files/20220717_i1658033619_8260_4_jpg_c28aed2d-70d2-4ce0-8a21-f4136fd6ffed.jpg?v=1775903188|https://cdn.shopify.com/s/files/1/0912/9351/6071/files/20220717_i1658033619_9815_2_jpg_2930d34d-1ba5-44e3-b418-a5b9f24c931e.jpg?v=1775903188|https://cdn.shopify.com/s/files/1/0912/9351/6071/files/20220717_i1658033619_4650_3_jpg_3372b84a-2713-4cb3-a005-dd1ed2e955dd.jpg?v=1775903188,Hi I want Peekaboo ISeeU Small 27cm Bag brown lambskin gold hardware,
Peekaboo ISeeU Petite 20 Bag Tan Leather Shw,https://cdn.shopify.com/s/files/1/0912/9351/6071/files/20240531_i1717132506_7594_1_jpg_97a94872-6fec-4075-aee4-2006c9858bb6.jpg?v=1758938549,handbags,fendi,https://cdn.shopify.com/s/files/1/0912/9351/6071/files/20240531_i1717132506_7594_1_jpg_97a94872-6fec-4075-aee4-2006c9858bb6.jpg?v=1758938549|https://cdn.shopify.com/s/files/1/0912/9351/6071/files/20240531_i1717132506_7035_3_jpg_d4755c92-e66b-4d8a-9993-73964a25f900.jpg?v=1758938549|https://cdn.shopify.com/s/files/1/0912/9351/6071/files/20240531_i1717132506_7834_0_jpg_a9958c2d-c455-4cf7-add0-7fd9b2c94581.jpg?v=1758938549|https://cdn.shopify.com/s/files/1/0912/9351/6071/files/20240531_i1717132506_1618_6_jpg_5107752a-dcec-4f1c-b9b4-994d157caced.jpg?v=1758938549|https://cdn.shopify.com/s/files/1/0912/9351/6071/files/20240531_i1717132506_8107_5_jpg_4fdce15b-e885-4352-9677-7724c7f2dadb.jpg?v=1758938549|https://cdn.shopify.com/s/files/1/0912/9351/6071/files/20240531_i1717132506_2732_4_jpg_4a1ae40d-4748-4d2d-83d5-cae4ecb58619.jpg?v=1758938549|https://cdn.shopify.com/s/files/1/0912/9351/6071/files/20240531_i1717132506_3820_8_jpg_c122af60-a46e-41e1-b241-3ac79992801e.jpg?v=1758938549|https://cdn.shopify.com/s/files/1/0912/9351/6071/files/20240531_i1717132506_3870_7_jpg_deeed736-ef8f-4f4a-a7ef-524e836d2d87.jpg?v=1758938549|https://cdn.shopify.com/s/files/1/0912/9351/6071/files/20240531_i1717132506_6971_2_jpg_cae9e52b-5cff-4438-9093-9dd013adf375.jpg?v=1758938549,Hi I want Peekaboo ISeeU Petite 20 Bag Tan Leather Shw,
FENDI TOTE 41 BAG IN BROWN MIX BLACK MONOGRAM CANVAS GOLD HARDWARE,https://cdn.shopify.com/s/files/1/0912/9351/6071/files/20220412_i1649697151_8193_0_jpg.jpg?v=1758939519,handbags,fendi,https://cdn.shopify.com/s/files/1/0912/9351/6071/files/20220412_i1649697151_8193_0_jpg.jpg?v=1758939519|https://cdn.shopify.com/s/files/1/0912/9351/6071/files/20220412_i1649697151_1494_1_jpg.jpg?v=1758939519|https://cdn.shopify.com/s/files/1/0912/9351/6071/files/20220412_i1649697151_1737_7_jpg.jpg?v=1758939519|https://cdn.shopify.com/s/files/1/0912/9351/6071/files/20220412_i1649697151_9213_4_jpg.jpg?v=1758939519|https://cdn.shopify.com/s/files/1/0912/9351/6071/files/20220412_i1649697151_9107_6_jpg.jpg?v=1758939519|https://cdn.shopify.com/s/files/1/0912/9351/6071/files/20220412_i1649697151_7168_5_jpg.jpg?v=1758939519|https://cdn.shopify.com/s/files/1/0912/9351/6071/files/20220412_i1649697151_8460_3_jpg.jpg?v=1758939519|https://cdn.shopify.com/s/files/1/0912/9351/6071/files/20220412_i1649697151_6990_2_jpg.jpg?v=1758939519,Hi I want FENDI TOTE 41 BAG IN BROWN MIX BLACK MONOGRAM CANVAS GOLD HARDWARE,
BAGUETTE MINI 21 BAG IN CERULEAN BLUE MONOGRAM DENIM WITH GOLD HARDWARE,https://cdn.shopify.com/s/files/1/0912/9351/6071/files/20240528_i1716890045_866_3_jpg_cf92fb4f-e6b7-4814-8a6b-e63c9619cfd8.jpg?v=1780914272,handbags,fendi,https://cdn.shopify.com/s/files/1/0912/9351/6071/files/20240528_i1716890045_866_3_jpg_cf92fb4f-e6b7-4814-8a6b-e63c9619cfd8.jpg?v=1780914272|https://cdn.shopify.com/s/files/1/0912/9351/6071/files/20240528_i1716890045_2971_0_jpg_d6ba3a67-9868-4112-b1b0-2a9b2d195014.jpg?v=1780914271|https://cdn.shopify.com/s/files/1/0912/9351/6071/files/20240528_i1716890045_141_1_jpg_6ee40a7f-7242-4a5b-9a01-2f51c098cc09.jpg?v=1780914271|https://cdn.shopify.com/s/files/1/0912/9351/6071/files/20240528_i1716890045_3308_2_jpg_d06f2703-052f-4b8e-9b1a-714daf505c07.jpg?v=1780914271|https://cdn.shopify.com/s/files/1/0912/9351/6071/files/20240528_i1716890045_1374_8_jpg_5b0fdff0-9134-4ac8-9458-bc549b734050.jpg?v=1780914271|https://cdn.shopify.com/s/files/1/0912/9351/6071/files/20240528_i1716890045_1148_5_jpg_dd4cd614-a7f7-4dc3-bb8f-2345065b9031.jpg?v=1780914271|https://cdn.shopify.com/s/files/1/0912/9351/6071/files/20240528_i1716890045_9944_6_jpg_14eb92ac-527b-4e16-812b-e599089b651f.jpg?v=1780914271|https://cdn.shopify.com/s/files/1/0912/9351/6071/files/20240528_i1716890045_1840_7_jpg_40a44f37-07df-4929-804e-66c5b09faab7.jpg?v=1780914271|https://cdn.shopify.com/s/files/1/0912/9351/6071/files/20240528_i1716890045_4720_4_jpg_81c6d6bb-1d48-473e-a50a-c25e458235fb.jpg?v=1780914271,Hi I want BAGUETTE MINI 21 BAG IN CERULEAN BLUE MONOGRAM DENIM WITH GOLD HARDWARE,
LARGE ROLL 33 IN MIDNIGHT BLUE MIX WHITE JACQUARD FABRIC,https://cdn.shopify.com/s/files/1/0912/9351/6071/files/img_fe2b4e3c_20240707_i1720341969_5733_2_jpg.jpg?v=1758940521,handbags,fendi,https://cdn.shopify.com/s/files/1/0912/9351/6071/files/img_fe2b4e3c_20240707_i1720341969_5733_2_jpg.jpg?v=1758940521|https://cdn.shopify.com/s/files/1/0912/9351/6071/files/img_fe2b4e3c_20240707_i1720341969_4528_0_jpg.jpg?v=1758940521|https://cdn.shopify.com/s/files/1/0912/9351/6071/files/img_fe2b4e3c_20240707_i1720341969_6790_3_jpg.jpg?v=1758940521|https://cdn.shopify.com/s/files/1/0912/9351/6071/files/img_fe2b4e3c_20240707_i1720341969_6814_1_jpg.jpg?v=1758940521|https://cdn.shopify.com/s/files/1/0912/9351/6071/files/img_fe2b4e3c_20240707_i1720341970_4860_8_jpg.jpg?v=1758940521|https://cdn.shopify.com/s/files/1/0912/9351/6071/files/img_fe2b4e3c_20240707_i1720341970_4968_4_jpg.jpg?v=1758940521|https://cdn.shopify.com/s/files/1/0912/9351/6071/files/img_fe2b4e3c_20240707_i1720341970_5395_6_jpg.jpg?v=1758940521|https://cdn.shopify.com/s/files/1/0912/9351/6071/files/img_fe2b4e3c_20240707_i1720341970_5765_5_jpg.jpg?v=1758940521|https://cdn.shopify.com/s/files/1/0912/9351/6071/files/img_fe2b4e3c_20240707_i1720341970_6571_7_jpg.jpg?v=1758940521,Hi I want LARGE ROLL 33 IN MIDNIGHT BLUE MIX WHITE JACQUARD FABRIC,
MON TRESOR 18 WITH FF MOTIF IN MULTICOLOR JACQUARD FABRIC,https://cdn.shopify.com/s/files/1/0912/9351/6071/files/20230729_i1690607811_9534_1_jpg_d40c84c5-7e1e-4a0b-b74d-ef9279d2ef9d.jpg?v=1758940563,handbags,fendi,https://cdn.shopify.com/s/files/1/0912/9351/6071/files/20230729_i1690607811_9534_1_jpg_d40c84c5-7e1e-4a0b-b74d-ef9279d2ef9d.jpg?v=1758940563|https://cdn.shopify.com/s/files/1/0912/9351/6071/files/20230729_i1690607811_100_3_jpg_1b1b6ba3-17f8-40a0-837d-77af995c982a.jpg?v=1758940563|https://cdn.shopify.com/s/files/1/0912/9351/6071/files/20230729_i1690607811_251_7_jpg_d679fdec-b16f-411d-b1a7-703eb0fca151.jpg?v=1758940563|https://cdn.shopify.com/s/files/1/0912/9351/6071/files/20230729_i1690607811_1656_5_jpg_41009768-5c05-4f9b-9cda-6f72477c7448.jpg?v=1758940563|https://cdn.shopify.com/s/files/1/0912/9351/6071/files/20230729_i1690607811_6739_8_jpg_904bab90-1827-4f76-b2b6-684561dcaeaf.jpg?v=1758940563|https://cdn.shopify.com/s/files/1/0912/9351/6071/files/20230729_i1690607811_7128_4_jpg_835e5e74-06ee-45b4-b677-9fa5d5cd9118.jpg?v=1758940563|https://cdn.shopify.com/s/files/1/0912/9351/6071/files/20230729_i1690607811_7957_2_jpg_24cc2edf-ea88-4041-9305-2d0f548dde72.jpg?v=1758940563|https://cdn.shopify.com/s/files/1/0912/9351/6071/files/20230729_i1690607811_8877_6_jpg_00c2e547-9b60-42cc-b84b-a32a2f706bf6.jpg?v=1758940563|https://cdn.shopify.com/s/files/1/0912/9351/6071/files/20230729_i1690607811_786_0_jpg_90875634-3878-4c0d-aca0-8cdf856b8ff4.jpg?v=1758940563,Hi I want MON TRESOR 18 WITH FF MOTIF IN MULTICOLOR JACQUARD FABRIC,
BAGUETTE 27CM BROWN CALFSKIN SILVER HARDWARE,https://cdn.shopify.com/s/files/1/0912/9351/6071/files/image_30e681f6-1aae-43fe-af3e-82bc82edaa0b.webp?v=1758940860,handbags,fendi,https://cdn.shopify.com/s/files/1/0912/9351/6071/files/image_30e681f6-1aae-43fe-af3e-82bc82edaa0b.webp?v=1758940860|https://cdn.shopify.com/s/files/1/0912/9351/6071/files/image_c850b862-10ca-4623-bd88-becc054a433a.webp?v=1758940860|https://cdn.shopify.com/s/files/1/0912/9351/6071/files/image_51c16cf4-9062-4556-89f9-6c7c92093ef2.webp?v=1758940860|https://cdn.shopify.com/s/files/1/0912/9351/6071/files/image_4e136f66-6db3-498a-9f1c-8bb96c5f21b1.webp?v=1758940860|https://cdn.shopify.com/s/files/1/0912/9351/6071/files/image_195fc160-68a0-4c8d-93ee-00ff535e22f0.webp?v=1758940860|https://cdn.shopify.com/s/files/1/0912/9351/6071/files/image_51cc666f-6149-4ac7-87a5-5cb9193646a7.webp?v=1758940860|https://cdn.shopify.com/s/files/1/0912/9351/6071/files/image_3b36fec7-a30b-48a4-b286-9a10e39053ff.webp?v=1758940860|https://cdn.shopify.com/s/files/1/0912/9351/6071/files/image_23cc69ba-6ebe-4171-ae14-8d2d0fda43f9.jpg?v=1758940860|https://cdn.shopify.com/s/files/1/0912/9351/6071/files/image_fc0d8727-5e92-4285-b1d8-7b1335fe8492.webp?v=1758940860|https://cdn.shopify.com/s/files/1/0912/9351/6071/files/WeChatScreenshot_20240313120109_407a88cf-ea9e-4434-8b86-908d77cd5284.png?v=1758940860|https://cdn.shopify.com/s/files/1/0912/9351/6071/files/Image_20240313115857_48714464-fc1b-43ae-90d5-75888d24dddf.jpg?v=1758940860,Hi I want BAGUETTE 27CM BROWN CALFSKIN SILVER HARDWARE,
cmon medium 25cm brown ff jacquard fabric calfskin,https://cdn.shopify.com/s/files/1/0912/9351/6071/files/20230801_i1690872837_5432_0_jpg_142c1691-8946-4847-8848-4cdb129592f2.jpg?v=1779703827,handbags,fendi,https://cdn.shopify.com/s/files/1/0912/9351/6071/files/20230801_i1690872837_5432_0_jpg_142c1691-8946-4847-8848-4cdb129592f2.jpg?v=1779703827|https://cdn.shopify.com/s/files/1/0912/9351/6071/files/20230801_i1690872833_2106_2_jpg_76152d1a-794e-4140-b873-3228e822908e.jpg?v=1779703826|https://cdn.shopify.com/s/files/1/0912/9351/6071/files/20230801_i1690872833_4896_3_jpg_2a326ff1-947d-46de-be9d-6a3a8e04fc95.jpg?v=1779703827|https://cdn.shopify.com/s/files/1/0912/9351/6071/files/20230801_i1690872833_7022_4_jpg_24f9f6ab-d04b-40e8-bf21-ffb9fce9360d.jpg?v=1779703826|https://cdn.shopify.com/s/files/1/0912/9351/6071/files/20230801_i1690872833_7208_0_jpg_3f2f10e3-56e1-48a6-81f6-aa16a2257012.jpg?v=1779703827|https://cdn.shopify.com/s/files/1/0912/9351/6071/files/20230801_i1690873014_2261_1_jpg_ae3e932a-c27b-4036-adbd-a68d6c0b787d.jpg?v=1779703827|https://cdn.shopify.com/s/files/1/0912/9351/6071/files/20230801_i1690873126_8636_0_jpg_7678b3a4-9d7a-4490-9a16-f64c350f33f2.jpg?v=1779703826|https://cdn.shopify.com/s/files/1/0912/9351/6071/files/20230801_i1690873014_8364_0_jpg_521e6c5a-b93b-4210-8e7b-f890336e5b5e.jpg?v=1779703827|https://cdn.shopify.com/s/files/1/0912/9351/6071/files/20230801_i1690873093_2072_0_jpg_b2998552-a134-413e-b688-7545fd5c130d.jpg?v=1779703827,Hi I want cmon medium 25cm brown ff jacquard fabric calfskin,
Peekaboo X-lite medium 30cm Bag brown lambskin gold hardware,https://cdn.shopify.com/s/files/1/0912/9351/6071/files/20220812_i1660280497_819_0_jpg_e4ec2966-fd8d-41f2-be33-2d3d273adb8a.jpg?v=1779703812,handbags,fendi,https://cdn.shopify.com/s/files/1/0912/9351/6071/files/20220812_i1660280497_819_0_jpg_e4ec2966-fd8d-41f2-be33-2d3d273adb8a.jpg?v=1779703812|https://cdn.shopify.com/s/files/1/0912/9351/6071/files/20220812_i1660280497_7356_1_jpg_5f8f99cb-f209-4cfc-8222-9ed978c8ad51.jpg?v=1779703812|https://cdn.shopify.com/s/files/1/0912/9351/6071/files/20220812_i1660280497_2989_4_jpg_832e9a1a-06fb-4449-9b50-f554a2d4fefa.jpg?v=1779703812|https://cdn.shopify.com/s/files/1/0912/9351/6071/files/20220812_i1660280497_329_2_jpg_91776e46-a8a6-4721-8972-a81ec6a1ac3e.jpg?v=1779703812|https://cdn.shopify.com/s/files/1/0912/9351/6071/files/20220812_i1660280497_2120_5_jpg_a668cd5d-a559-4587-9363-39f43f60bc56.jpg?v=1779703812|https://cdn.shopify.com/s/files/1/0912/9351/6071/files/20220812_i1660280497_2174_6_jpg_df1b9d42-1eb7-407a-8463-b2f4a2ddcc32.jpg?v=1779703812|https://cdn.shopify.com/s/files/1/0912/9351/6071/files/20220812_i1660280497_6174_8_jpg_2d960d26-9169-44ab-a90e-c8aaac695c00.jpg?v=1779703812|https://cdn.shopify.com/s/files/1/0912/9351/6071/files/20220812_i1660280497_6340_7_jpg_9b7c6fc8-aee6-49d0-8fac-9d4344aa65bd.jpg?v=1779703812|https://cdn.shopify.com/s/files/1/0912/9351/6071/files/20220812_i1660280497_6109_3_jpg_6908b442-e0b9-4597-8e3d-9fc7235e1069.jpg?v=1779703812,Hi I want Peekaboo X-lite medium 30cm Bag brown lambskin gold hardware,
Fend Baguette 27 Bag Blue Calfskin Ghw,https://cdn.shopify.com/s/files/1/0912/9351/6071/files/20230519_i1684472170_7303_0_jpg_10a776bb-06fa-469f-9cab-6dc653b95cd6.jpg?v=1779703808,handbags,fendi,https://cdn.shopify.com/s/files/1/0912/9351/6071/files/20230519_i1684472170_7303_0_jpg_10a776bb-06fa-469f-9cab-6dc653b95cd6.jpg?v=1779703808|https://cdn.shopify.com/s/files/1/0912/9351/6071/files/20230519_i1684472170_1641_1_jpg_bde01f13-8a99-48bd-943f-28abdb2f2e80.jpg?v=1779703808|https://cdn.shopify.com/s/files/1/0912/9351/6071/files/20230519_i1684472170_4484_5_jpg_20dd6c2b-5351-4a87-b4cf-b694d2d9140e.jpg?v=1779703808|https://cdn.shopify.com/s/files/1/0912/9351/6071/files/20230519_i1684472170_4977_2_jpg_b49d4c6e-9374-424d-9bfa-e8f9b9567fe2.jpg?v=1779703808|https://cdn.shopify.com/s/files/1/0912/9351/6071/files/20230519_i1684472170_5168_3_jpg_17aa2512-2201-4133-9370-cb07476db952.jpg?v=1779703808|https://cdn.shopify.com/s/files/1/0912/9351/6071/files/20230519_i1684472170_5252_6_jpg_360da446-2062-4d63-a5a7-175b34daeda2.jpg?v=1779703808|https://cdn.shopify.com/s/files/1/0912/9351/6071/files/20230519_i1684472170_5405_4_jpg_7fbafe26-7e9c-49a6-9943-c8155476efd0.jpg?v=1779703808|https://cdn.shopify.com/s/files/1/0912/9351/6071/files/20230519_i1684472170_8026_8_jpg_c685d0b1-e362-4741-a890-d339b741d2ed.jpg?v=1779703808|https://cdn.shopify.com/s/files/1/0912/9351/6071/files/20230519_i1684472170_8145_7_jpg_6163a53c-9733-4e5f-be3f-1448712c550c.jpg?v=1779703808,Hi I want Fend Baguette 27 Bag Blue Calfskin Ghw,
ff mon tresor bucket bag 18cm grey leather ff motif,https://cdn.shopify.com/s/files/1/0912/9351/6071/files/20230729_i1690607811_786_0_jpg.jpg?v=1758937451,handbags,fendi,https://cdn.shopify.com/s/files/1/0912/9351/6071/files/20230729_i1690607811_786_0_jpg.jpg?v=1758937451|https://cdn.shopify.com/s/files/1/0912/9351/6071/files/20230729_i1690607811_100_3_jpg.jpg?v=1758937451|https://cdn.shopify.com/s/files/1/0912/9351/6071/files/20230729_i1690607811_1656_5_jpg.jpg?v=1758937451|https://cdn.shopify.com/s/files/1/0912/9351/6071/files/20230729_i1690607811_251_7_jpg.jpg?v=1758937451|https://cdn.shopify.com/s/files/1/0912/9351/6071/files/20230729_i1690607811_6739_8_jpg.jpg?v=1758937451|https://cdn.shopify.com/s/files/1/0912/9351/6071/files/20230729_i1690607811_7128_4_jpg.jpg?v=1758937451|https://cdn.shopify.com/s/files/1/0912/9351/6071/files/20230729_i1690607811_7957_2_jpg.jpg?v=1758937451|https://cdn.shopify.com/s/files/1/0912/9351/6071/files/20230729_i1690607811_8877_6_jpg.jpg?v=1758937451|https://cdn.shopify.com/s/files/1/0912/9351/6071/files/20230729_i1690607811_9534_1_jpg.jpg?v=1758937451,Hi I want ff mon tresor bucket bag 18cm grey leather ff motif,
Fend Baguette 27 Bag With FF Motif Burgundy Leather Ghw,https://cdn.shopify.com/s/files/1/0912/9351/6071/files/20240108_i1704688999_4931_0_jpg_334d5773-75f0-4815-b2cf-68df732e9be1.jpg?v=1775903175,handbags,fendi,https://cdn.shopify.com/s/files/1/0912/9351/6071/files/20240108_i1704688999_4931_0_jpg_334d5773-75f0-4815-b2cf-68df732e9be1.jpg?v=1775903175|https://cdn.shopify.com/s/files/1/0912/9351/6071/files/20240108_i1704688999_5855_7_jpg_3c7eb2cc-1bb8-4e3c-bbfe-0808e42f6eae.jpg?v=1775903175|https://cdn.shopify.com/s/files/1/0912/9351/6071/files/20240108_i1704688999_1078_4_jpg_a308b00d-5f98-46cc-a9ce-418c062848a7.jpg?v=1775903175|https://cdn.shopify.com/s/files/1/0912/9351/6071/files/20240108_i1704688999_6193_1_jpg_732f1906-d2e6-4148-a5ea-c31b0177296e.jpg?v=1775903175|https://cdn.shopify.com/s/files/1/0912/9351/6071/files/20240108_i1704688999_3742_6_jpg_86aa2b64-2580-4b06-819f-8eda1b258166.jpg?v=1775903175|https://cdn.shopify.com/s/files/1/0912/9351/6071/files/20240108_i1704688999_6563_5_jpg_ad2e5d02-2af5-43f2-bcbb-c0aff08d4f2d.jpg?v=1775903175|https://cdn.shopify.com/s/files/1/0912/9351/6071/files/20240108_i1704688999_8336_2_jpg_294ca933-30a0-49a5-a6b0-9f2445208626.jpg?v=1775903175|https://cdn.shopify.com/s/files/1/0912/9351/6071/files/20240108_i1704688999_8505_8_jpg_89deec16-5484-4b06-aba3-dad87cba8afb.jpg?v=1775903175|https://cdn.shopify.com/s/files/1/0912/9351/6071/files/20240108_i1704688999_8415_3_jpg_ddd5d14c-7c3f-46ec-a650-9077b54ad738.jpg?v=1775903175,Hi I want Fend Baguette 27 Bag With FF Motif Burgundy Leather Ghw,
Fend Baguette 27 Bag With FF Motif Black Leather Ghw,https://cdn.shopify.com/s/files/1/0912/9351/6071/files/20220812_i1660280828_468_0_jpg_5e5dfbe3-6fd7-4c69-b38b-a74af646226f.jpg?v=1775903178,handbags,fendi,https://cdn.shopify.com/s/files/1/0912/9351/6071/files/20220812_i1660280828_468_0_jpg_5e5dfbe3-6fd7-4c69-b38b-a74af646226f.jpg?v=1775903178|https://cdn.shopify.com/s/files/1/0912/9351/6071/files/20220812_i1660280828_7403_6_jpg_504dfe6f-2122-4e92-8239-3bf3cb55ada8.jpg?v=1775903178|https://cdn.shopify.com/s/files/1/0912/9351/6071/files/20220812_i1660280828_3276_4_jpg_d9ec4a41-ee51-49bd-8e20-089f936e3637.jpg?v=1775903178|https://cdn.shopify.com/s/files/1/0912/9351/6071/files/20220812_i1660280828_2454_5_jpg_a8dbaaab-b2cf-48c1-9f59-3b97d19e4918.jpg?v=1775903178|https://cdn.shopify.com/s/files/1/0912/9351/6071/files/20220812_i1660280828_3100_3_jpg_8205452d-9880-40c7-8d9d-494cabf1036f.jpg?v=1775903178|https://cdn.shopify.com/s/files/1/0912/9351/6071/files/20220812_i1660280828_4518_7_jpg_29da899f-6ddb-4ecd-b5fc-6e9425d92ed3.jpg?v=1775903178|https://cdn.shopify.com/s/files/1/0912/9351/6071/files/20220812_i1660280828_4686_2_jpg_52ad94de-573a-4be2-a170-e6882747beb1.jpg?v=1775903178|https://cdn.shopify.com/s/files/1/0912/9351/6071/files/20220812_i1660280828_4832_1_jpg_16dcb627-0d18-4d08-acd4-c4b726575b27.jpg?v=1775903178|https://cdn.shopify.com/s/files/1/0912/9351/6071/files/20220812_i1660280828_6852_8_jpg_a5dc0d32-7d2a-47f1-ab56-47bc216eb819.jpg?v=1775903178,Hi I want Fend Baguette 27 Bag With FF Motif Black Leather Ghw,
Fend Baguette 27 Bag White Calfskin Shw,https://cdn.shopify.com/s/files/1/0912/9351/6071/files/20240606_i1717654652_3658_0_jpg_5a87c94e-fc3c-4532-86b0-08ddc4afbb30.jpg?v=1758937694,handbags,fendi,https://cdn.shopify.com/s/files/1/0912/9351/6071/files/20240606_i1717654652_3658_0_jpg_5a87c94e-fc3c-4532-86b0-08ddc4afbb30.jpg?v=1758937694|https://cdn.shopify.com/s/files/1/0912/9351/6071/files/20240606_i1717654652_2289_4_jpg_c666d705-7a81-4efb-aa69-662eeb44f01e.jpg?v=1758937694|https://cdn.shopify.com/s/files/1/0912/9351/6071/files/20240606_i1717654652_4641_2_jpg_f9e11c00-54f5-49e3-91e1-8e007d5a7815.jpg?v=1758937694|https://cdn.shopify.com/s/files/1/0912/9351/6071/files/20240606_i1717654652_5838_6_jpg_f7148895-9129-4ece-921c-3978d4a4b608.jpg?v=1758937694|https://cdn.shopify.com/s/files/1/0912/9351/6071/files/20240606_i1717654652_5850_5_jpg_f22299ac-e462-4bd6-9465-905057567313.jpg?v=1758937694|https://cdn.shopify.com/s/files/1/0912/9351/6071/files/20240606_i1717654652_6149_8_jpg_6c680eb0-0685-40af-84cd-b9e3e224d79a.jpg?v=1758937694|https://cdn.shopify.com/s/files/1/0912/9351/6071/files/20240606_i1717654652_7635_1_jpg_62d09ab1-e075-47c5-859c-9d22de0ca414.jpg?v=1758937694|https://cdn.shopify.com/s/files/1/0912/9351/6071/files/20240606_i1717654652_8974_7_jpg_061f375c-e751-47d3-b712-b30e96603d30.jpg?v=1758937694|https://cdn.shopify.com/s/files/1/0912/9351/6071/files/20240606_i1717654652_9157_3_jpg_d4802227-66f4-44c4-8d80-f620488ae6c7.jpg?v=1758937694,Hi I want Fend Baguette 27 Bag White Calfskin Shw,
Fend Sunshine Medium Bag 35 Tan Leather,https://cdn.shopify.com/s/files/1/0912/9351/6071/files/20220717_i1658043004_7523_1_jpg_94e8b4bb-5bdf-494f-b908-ef3dc641daed.jpg?v=1758937949,handbags,fendi,https://cdn.shopify.com/s/files/1/0912/9351/6071/files/20220717_i1658043004_7523_1_jpg_94e8b4bb-5bdf-494f-b908-ef3dc641daed.jpg?v=1758937949|https://cdn.shopify.com/s/files/1/0912/9351/6071/files/20220717_i1658043004_4282_0_jpg_587f124a-83ac-4d7c-afd4-046cefc14179.jpg?v=1758937949|https://cdn.shopify.com/s/files/1/0912/9351/6071/files/20220717_i1658043004_1915_2_jpg_c5ac3de6-91e1-45e8-bc90-b9ed5c541692.jpg?v=1758937949|https://cdn.shopify.com/s/files/1/0912/9351/6071/files/20220717_i1658043004_2278_5_jpg_17132384-3e2e-41db-8999-b67f29bbb1b7.jpg?v=1758937949|https://cdn.shopify.com/s/files/1/0912/9351/6071/files/20220717_i1658043004_2613_3_jpg_712b76d2-cce4-43a2-badd-feead9514805.jpg?v=1758937949|https://cdn.shopify.com/s/files/1/0912/9351/6071/files/20220717_i1658043004_2613_7_jpg_cb06ad15-8b89-4f1a-9fbf-923a1412150d.jpg?v=1758937949|https://cdn.shopify.com/s/files/1/0912/9351/6071/files/20220717_i1658043004_7514_6_jpg_e8a7c4df-0e1a-440c-925f-d159aa07a4f7.jpg?v=1758937949|https://cdn.shopify.com/s/files/1/0912/9351/6071/files/20220717_i1658043004_7671_8_jpg_89a6730f-69e0-483b-a408-3e5448692a77.jpg?v=1758937949|https://cdn.shopify.com/s/files/1/0912/9351/6071/files/20220717_i1658043004_9074_4_jpg_54c2b52d-35f1-4c90-9fb8-61b4d4c5b086.jpg?v=1758937949,Hi I want Fend Sunshine Medium Bag 35 Tan Leather,
Fend Mini Sunshine Shopper Bag 18 Tan Leather,https://cdn.shopify.com/s/files/1/0912/9351/6071/files/20220810_i1660125104_2916_0_jpg_fff1482d-6f78-4b7f-8c9c-643391871fab.jpg?v=1758938051,handbags,fendi,https://cdn.shopify.com/s/files/1/0912/9351/6071/files/20220810_i1660125104_2916_0_jpg_fff1482d-6f78-4b7f-8c9c-643391871fab.jpg?v=1758938051|https://cdn.shopify.com/s/files/1/0912/9351/6071/files/20220810_i1660125104_3677_2_jpg_d44dd23b-f4a6-41ee-ac83-90484f7bdfcb.jpg?v=1758938051|https://cdn.shopify.com/s/files/1/0912/9351/6071/files/20220810_i1660125104_4675_1_jpg_fbdc1c45-4602-4241-98cd-f245b0c797a8.jpg?v=1758938051|https://cdn.shopify.com/s/files/1/0912/9351/6071/files/20220810_i1660125104_5106_6_jpg_672ec8c8-bf58-4164-b306-9b0c36492850.jpg?v=1758938051|https://cdn.shopify.com/s/files/1/0912/9351/6071/files/20220810_i1660125104_9793_4_jpg_1de55413-2e24-4787-bbee-81540792cbff.jpg?v=1758938051|https://cdn.shopify.com/s/files/1/0912/9351/6071/files/20220810_i1660125104_71_3_jpg_ee6ccfc1-0af4-4729-8c6a-f540182826d2.jpg?v=1758938051|https://cdn.shopify.com/s/files/1/0912/9351/6071/files/20220810_i1660125104_1698_5_jpg_893708cf-e45d-451c-90ca-7e5353abcd41.jpg?v=1758938051|https://cdn.shopify.com/s/files/1/0912/9351/6071/files/20220810_i1660125104_6256_7_jpg_68801751-c515-4a23-8d75-ccdd7ba07305.jpg?v=1758938051|https://cdn.shopify.com/s/files/1/0912/9351/6071/files/20220810_i1660125104_8579_8_jpg_9f8584d5-03f9-4efe-a9a6-289a2bf5996e.jpg?v=1758938051,Hi I want Fend Mini Sunshine Shopper Bag 18 Tan Leather,
Peekaboo ISeeU Small 27cm Bag grey lambskin gold hardware,https://cdn.shopify.com/s/files/1/0912/9351/6071/files/20220717_i1658033755_7312_1_jpg_64ca1c25-673d-4586-9430-9a0bd1572c34.jpg?v=1775903185,handbags,fendi,https://cdn.shopify.com/s/files/1/0912/9351/6071/files/20220717_i1658033755_7312_1_jpg_64ca1c25-673d-4586-9430-9a0bd1572c34.jpg?v=1775903185|https://cdn.shopify.com/s/files/1/0912/9351/6071/files/20220717_i1658033755_1571_5_jpg_a92c9953-fcfa-4ab0-8a83-d3cc2c434c99.jpg?v=1775903185|https://cdn.shopify.com/s/files/1/0912/9351/6071/files/20220717_i1658033755_8097_0_jpg_5602c6b6-712b-4f06-949c-abf5c4a9fcb3.jpg?v=1775903185|https://cdn.shopify.com/s/files/1/0912/9351/6071/files/20220717_i1658033755_2574_8_jpg_4dfbed6a-4558-4419-8443-403b116c517e.jpg?v=1775903185|https://cdn.shopify.com/s/files/1/0912/9351/6071/files/20220717_i1658033755_8879_3_jpg_943a2825-fbd8-41fd-9596-47722529a387.jpg?v=1775903185|https://cdn.shopify.com/s/files/1/0912/9351/6071/files/20220717_i1658033755_9514_4_jpg_fc8ff4a3-18d9-4a26-846a-8dbdc4818936.jpg?v=1775903185|https://cdn.shopify.com/s/files/1/0912/9351/6071/files/20220717_i1658033755_9710_7_jpg_80631b60-076c-4454-be46-9aa9967b38b4.jpg?v=1775903185|https://cdn.shopify.com/s/files/1/0912/9351/6071/files/20220717_i1658033755_6483_2_jpg_6bd7a4b2-c10b-480d-b490-dce7cfb05acd.jpg?v=1775903185|https://cdn.shopify.com/s/files/1/0912/9351/6071/files/20220717_i1658033755_9291_6_jpg_852b7a55-b829-4ae7-bfcc-5c7b537c6d41.jpg?v=1775903185,Hi I want Peekaboo ISeeU Small 27cm Bag grey lambskin gold hardware,
Peekaboo ISeeU Small 27cm Bag beige lambskin gold hardware,https://cdn.shopify.com/s/files/1/0912/9351/6071/files/20220725_i1658738186_2683_0_jpg_9bc95571-c169-4c64-bd57-42c5cd0ff3d2.jpg?v=1775903191,handbags,fendi,https://cdn.shopify.com/s/files/1/0912/9351/6071/files/20220725_i1658738186_2683_0_jpg_9bc95571-c169-4c64-bd57-42c5cd0ff3d2.jpg?v=1775903191|https://cdn.shopify.com/s/files/1/0912/9351/6071/files/20220725_i1658738186_253_6_jpg_43580bf6-bfe0-42c7-b3db-e810265d688e.jpg?v=1775903191|https://cdn.shopify.com/s/files/1/0912/9351/6071/files/20220725_i1658738186_1488_8_jpg_315fe314-bc83-4b4c-a5ea-d9e1e0710d29.jpg?v=1775903191|https://cdn.shopify.com/s/files/1/0912/9351/6071/files/20220725_i1658738186_2757_7_jpg_0af8b285-3cf9-40f5-9445-71514d94f6ee.jpg?v=1775903192|https://cdn.shopify.com/s/files/1/0912/9351/6071/files/20220725_i1658738186_2834_3_jpg_0e6215a4-3881-4fe2-900b-d22afb39f767.jpg?v=1775903191|https://cdn.shopify.com/s/files/1/0912/9351/6071/files/20220725_i1658738186_3192_1_jpg_7c727ff5-6f02-4b2f-bff0-96d7b8ff727a.jpg?v=1775903191|https://cdn.shopify.com/s/files/1/0912/9351/6071/files/20220725_i1658738186_5075_4_jpg_ff7ff781-8ba9-4a34-ae4e-0067a0e7f0f6.jpg?v=1775903191|https://cdn.shopify.com/s/files/1/0912/9351/6071/files/20220725_i1658738186_5283_5_jpg_2ee83ca6-9c36-445b-bc50-611cd5e74fb9.jpg?v=1775903191|https://cdn.shopify.com/s/files/1/0912/9351/6071/files/20220725_i1658738186_226_2_jpg_ee82aa07-5827-4df7-a6f2-8020bd91f4a8.jpg?v=1775903191,Hi I want Peekaboo ISeeU Small 27cm Bag beige lambskin gold hardware,
Peekaboo Mini Selleria Bag 23cm yellow leather shw with 220 hand-sewn stitches,https://cdn.shopify.com/s/files/1/0912/9351/6071/files/20220712_i1657607915_4830_1_jpg_f8d74573-2c2f-41a6-910c-3988e67ac137.jpg?v=1758938266,handbags,fendi,https://cdn.shopify.com/s/files/1/0912/9351/6071/files/20220712_i1657607915_4830_1_jpg_f8d74573-2c2f-41a6-910c-3988e67ac137.jpg?v=1758938266|https://cdn.shopify.com/s/files/1/0912/9351/6071/files/20220712_i1657607915_1164_8_jpg_9ed0a779-8148-45a7-a72d-294d23bd8252.jpg?v=1758938266|https://cdn.shopify.com/s/files/1/0912/9351/6071/files/20220712_i1657607915_4819_6_jpg_f5efa414-5a7c-4b1a-a0ad-8d91ad2fd99c.jpg?v=1758938266|https://cdn.shopify.com/s/files/1/0912/9351/6071/files/20220712_i1657607915_4889_0_jpg_bccec904-eee9-430a-aa9e-db8074ddee11.jpg?v=1758938266|https://cdn.shopify.com/s/files/1/0912/9351/6071/files/20220712_i1657607915_5206_5_jpg_1150960d-eb7f-4330-a746-7481d25592c5.jpg?v=1758938266|https://cdn.shopify.com/s/files/1/0912/9351/6071/files/20220712_i1657607915_9021_4_jpg_d629f754-923f-4978-b9cc-f48def66af3d.jpg?v=1758938266|https://cdn.shopify.com/s/files/1/0912/9351/6071/files/20220712_i1657607915_9542_7_jpg_87956680-a8f8-4b72-bbf4-686a37041205.jpg?v=1758938266|https://cdn.shopify.com/s/files/1/0912/9351/6071/files/20220712_i1657607915_9050_2_jpg_481690e2-04e1-4cef-a65c-dbfc4721e973.jpg?v=1758938266|https://cdn.shopify.com/s/files/1/0912/9351/6071/files/20220712_i1657607915_8000_3_jpg_3cc1695c-1018-4bd7-a0ef-f21b4d53c761.jpg?v=1758938267,Hi I want Peekaboo Mini Selleria Bag 23cm yellow leather shw with 220 hand-sewn stitches,
Peekaboo Mini Selleria Bag 23cm brown leather shw with 220 hand-sewn stitches,https://cdn.shopify.com/s/files/1/0912/9351/6071/files/20220712_i1657607762_9041_1_jpg_9e5a047c-4783-40db-bb2b-73c3f1cd5c92.jpg?v=1758938288,handbags,fendi,https://cdn.shopify.com/s/files/1/0912/9351/6071/files/20220712_i1657607762_9041_1_jpg_9e5a047c-4783-40db-bb2b-73c3f1cd5c92.jpg?v=1758938288|https://cdn.shopify.com/s/files/1/0912/9351/6071/files/20220712_i1657607762_9877_5_jpg_a43bd00f-4222-477a-bab9-6d0dacd4bcd2.jpg?v=1758938288|https://cdn.shopify.com/s/files/1/0912/9351/6071/files/20220712_i1657607762_1996_0_jpg_b5b0b545-1a16-4169-9380-bef0117fdbe3.jpg?v=1758938288|https://cdn.shopify.com/s/files/1/0912/9351/6071/files/20220712_i1657607762_6310_6_jpg_04c000e4-02fc-47e2-b837-47d033ecb6ab.jpg?v=1758938288|https://cdn.shopify.com/s/files/1/0912/9351/6071/files/20220712_i1657607762_7824_7_jpg_f62e9fc4-2575-48f7-a79e-fcb2c1fb10ba.jpg?v=1758938288|https://cdn.shopify.com/s/files/1/0912/9351/6071/files/20220712_i1657607762_9644_2_jpg_c3bc6994-1f3d-4123-b33e-7005d7b096b2.jpg?v=1758938288|https://cdn.shopify.com/s/files/1/0912/9351/6071/files/20220712_i1657607762_9761_4_jpg_2201d307-57e8-4046-9abc-a36efaad4d16.jpg?v=1758938288|https://cdn.shopify.com/s/files/1/0912/9351/6071/files/20220712_i1657607762_1279_8_jpg_aa732166-3168-422b-a0ba-beb078c1b2df.jpg?v=1758938288|https://cdn.shopify.com/s/files/1/0912/9351/6071/files/20220712_i1657607762_4169_3_jpg_e6062c08-d787-4a21-b5c5-da58f1400369.jpg?v=1758938288,Hi I want Peekaboo Mini Selleria Bag 23cm brown leather shw with 220 hand-sewn stitches,
Peekaboo Mini Selleria Bag 23cm blue leather shw with 220 hand-sewn stitches,https://cdn.shopify.com/s/files/1/0912/9351/6071/files/20220712_i1657607536_762_1_jpg_13801eb7-8e54-4c2d-a9f4-d02d93221b24.jpg?v=1758938301,handbags,fendi,https://cdn.shopify.com/s/files/1/0912/9351/6071/files/20220712_i1657607536_762_1_jpg_13801eb7-8e54-4c2d-a9f4-d02d93221b24.jpg?v=1758938301|https://cdn.shopify.com/s/files/1/0912/9351/6071/files/20220712_i1657607536_33_4_jpg_59ea9e9c-8fd4-4779-a9e6-1fa47e21dbfa.jpg?v=1758938301|https://cdn.shopify.com/s/files/1/0912/9351/6071/files/20220712_i1657607536_2471_6_jpg_d473d476-ba3d-495a-b779-8ca7921b277f.jpg?v=1758938301|https://cdn.shopify.com/s/files/1/0912/9351/6071/files/20220712_i1657607536_3464_2_jpg_bda194cc-d702-4491-97d5-05a181b84f09.jpg?v=1758938301|https://cdn.shopify.com/s/files/1/0912/9351/6071/files/20220712_i1657607536_3528_5_jpg_c811f6e1-6fbc-44a8-a60f-b727837b9fd5.jpg?v=1758938301|https://cdn.shopify.com/s/files/1/0912/9351/6071/files/20220712_i1657607536_6628_8_jpg_43cd612d-e5c4-467e-8fa8-5d27b5368a87.jpg?v=1758938301|https://cdn.shopify.com/s/files/1/0912/9351/6071/files/20220712_i1657607536_7697_3_jpg_f7d8f95c-ee5b-4449-9898-75c25e1064e5.jpg?v=1758938301|https://cdn.shopify.com/s/files/1/0912/9351/6071/files/20220712_i1657607536_8285_7_jpg_fc0f88a5-d190-473a-bc6a-4f65b652a3ad.jpg?v=1758938301|https://cdn.shopify.com/s/files/1/0912/9351/6071/files/20220712_i1657607536_8434_0_jpg_7b084096-33af-4a7e-9684-67cdc65b7a70.jpg?v=1758938301,Hi I want Peekaboo Mini Selleria Bag 23cm blue leather shw with 220 hand-sewn stitches,
Peekaboo ISeeU Petite 20 Bag Baby Blue Leather Shw,https://cdn.shopify.com/s/files/1/0912/9351/6071/files/20240531_i1717132936_2485_1_jpg_e6130b64-c79d-43b7-9175-15fdcf36d7f0.jpg?v=1758938499,handbags,fendi,https://cdn.shopify.com/s/files/1/0912/9351/6071/files/20240531_i1717132936_2485_1_jpg_e6130b64-c79d-43b7-9175-15fdcf36d7f0.jpg?v=1758938499|https://cdn.shopify.com/s/files/1/0912/9351/6071/files/20240531_i1717132936_5665_7_jpg_4314d04a-f80b-43e0-bd93-f4a64a3905fd.jpg?v=1758938499|https://cdn.shopify.com/s/files/1/0912/9351/6071/files/20240531_i1717132936_6809_6_jpg_1847cde5-058f-421b-b572-9125fc996da1.jpg?v=1758938499|https://cdn.shopify.com/s/files/1/0912/9351/6071/files/20240531_i1717132936_2680_4_jpg_3f54a178-d070-4814-b17d-569ec612403f.jpg?v=1758938499|https://cdn.shopify.com/s/files/1/0912/9351/6071/files/20240531_i1717132936_4835_0_jpg_942cd502-a333-42c8-8304-ba0aa38c0cd6.jpg?v=1758938499|https://cdn.shopify.com/s/files/1/0912/9351/6071/files/20240531_i1717132936_512_8_jpg_73750fe6-b121-45d0-b7ce-e0d8be4c75cb.jpg?v=1758938499|https://cdn.shopify.com/s/files/1/0912/9351/6071/files/20240531_i1717132936_4928_5_jpg_9a9e32e6-f48c-4f34-899f-40e8476d8719.jpg?v=1758938499|https://cdn.shopify.com/s/files/1/0912/9351/6071/files/20240531_i1717132936_5605_2_jpg_00a82305-3a9f-482c-910e-7722da52bec1.jpg?v=1758938499|https://cdn.shopify.com/s/files/1/0912/9351/6071/files/20240531_i1717132936_8221_3_jpg_34b1e32f-72bd-4513-86b4-69075ce45f74.jpg?v=1758938499,Hi I want Peekaboo ISeeU Petite 20 Bag Baby Blue Leather Shw,
FENDI FIRST MINI 25 IN BLACK CALFSKIN BAG SILVER HARDWARE,https://cdn.shopify.com/s/files/1/0912/9351/6071/files/20230902_i1693627049_3908_0_jpg.jpg?v=1758938923,handbags,fendi,https://cdn.shopify.com/s/files/1/0912/9351/6071/files/20230902_i1693627049_3908_0_jpg.jpg?v=1758938923|https://cdn.shopify.com/s/files/1/0912/9351/6071/files/20230902_i1693627049_6949_5_jpg.jpg?v=1758938923|https://cdn.shopify.com/s/files/1/0912/9351/6071/files/20230902_i1693627049_7862_4_jpg.jpg?v=1758938923|https://cdn.shopify.com/s/files/1/0912/9351/6071/files/20230902_i1693627049_5303_1_jpg.jpg?v=1758938923|https://cdn.shopify.com/s/files/1/0912/9351/6071/files/20230902_i1693627049_972_6_jpg.jpg?v=1758938923|https://cdn.shopify.com/s/files/1/0912/9351/6071/files/20230902_i1693627049_8077_3_jpg.jpg?v=1758938923|https://cdn.shopify.com/s/files/1/0912/9351/6071/files/20230902_i1693627062_3577_0_jpg.jpg?v=1758938923|https://cdn.shopify.com/s/files/1/0912/9351/6071/files/20230902_i1693627062_772_1_jpg.jpg?v=1758938923|https://cdn.shopify.com/s/files/1/0912/9351/6071/files/20230902_i1693627049_9554_2_jpg.jpg?v=1758938923,Hi I want FENDI FIRST MINI 25 IN BLACK CALFSKIN BAG SILVER HARDWARE,
FENDI 38 BAG FF MONOGRAM FF CAMEL BROWN CALFSKIN WITH STRAP,https://cdn.shopify.com/s/files/1/0912/9351/6071/files/img_9e3257fd_20231201_i1701407593_6163_0_jpg.jpg?v=1758939003,handbags,fendi,https://cdn.shopify.com/s/files/1/0912/9351/6071/files/img_9e3257fd_20231201_i1701407593_6163_0_jpg.jpg?v=1758939003|https://cdn.shopify.com/s/files/1/0912/9351/6071/files/img_9e3257fd_20231201_i1701407593_3364_1_jpg.jpg?v=1758939003|https://cdn.shopify.com/s/files/1/0912/9351/6071/files/img_9e3257fd_20231201_i1701407593_3091_3_jpg.jpg?v=1758939003|https://cdn.shopify.com/s/files/1/0912/9351/6071/files/img_9e3257fd_20231201_i1701407593_3751_8_jpg.jpg?v=1758939003|https://cdn.shopify.com/s/files/1/0912/9351/6071/files/img_9e3257fd_20231201_i1701407593_758_5_jpg.jpg?v=1758939003|https://cdn.shopify.com/s/files/1/0912/9351/6071/files/img_9e3257fd_20231201_i1701407593_1890_2_jpg.jpg?v=1758939003|https://cdn.shopify.com/s/files/1/0912/9351/6071/files/img_9e3257fd_20231201_i1701407593_7894_4_jpg.jpg?v=1758939003|https://cdn.shopify.com/s/files/1/0912/9351/6071/files/img_9e3257fd_20231201_i1701407593_9271_7_jpg.jpg?v=1758939003|https://cdn.shopify.com/s/files/1/0912/9351/6071/files/img_9e3257fd_20231201_i1701407593_9442_6_jpg.jpg?v=1758939003,Hi I want FENDI 38 BAG FF MONOGRAM FF CAMEL BROWN CALFSKIN WITH STRAP,
FENDI 27 BAG IN BROWN MIX BLACK JACQUARD FABRIC WITH CALFSKIN,https://cdn.shopify.com/s/files/1/0912/9351/6071/files/20231126_i1700993162_8586_0_jpg.jpg?v=1758939087,handbags,fendi,https://cdn.shopify.com/s/files/1/0912/9351/6071/files/20231126_i1700993162_8586_0_jpg.jpg?v=1758939087|https://cdn.shopify.com/s/files/1/0912/9351/6071/files/20231126_i1700993162_395_2_jpg.jpg?v=1758939087|https://cdn.shopify.com/s/files/1/0912/9351/6071/files/20231126_i1700993162_9849_1_jpg.jpg?v=1758939087|https://cdn.shopify.com/s/files/1/0912/9351/6071/files/20231126_i1700993162_2268_5_jpg.jpg?v=1758939087|https://cdn.shopify.com/s/files/1/0912/9351/6071/files/20231126_i1700993162_3345_7_jpg.jpg?v=1758939087|https://cdn.shopify.com/s/files/1/0912/9351/6071/files/20231126_i1700993162_8127_8_jpg.jpg?v=1758939087|https://cdn.shopify.com/s/files/1/0912/9351/6071/files/20231126_i1700993162_5280_4_jpg.jpg?v=1758939087|https://cdn.shopify.com/s/files/1/0912/9351/6071/files/20231126_i1700993162_9921_6_jpg.jpg?v=1758939087|https://cdn.shopify.com/s/files/1/0912/9351/6071/files/20231126_i1700993162_8179_3_jpg.jpg?v=1758939087,Hi I want FENDI 27 BAG IN BROWN MIX BLACK JACQUARD FABRIC WITH CALFSKIN,
FENDI 19 BAGUETTE BAG IN LIGHT BLUE CANVAS WITH SILVER HARDWARE,https://cdn.shopify.com/s/files/1/0912/9351/6071/files/20230630_i1688096462_2502_0_jpg.jpg?v=1758939119,handbags,fendi,https://cdn.shopify.com/s/files/1/0912/9351/6071/files/20230630_i1688096462_2502_0_jpg.jpg?v=1758939119|https://cdn.shopify.com/s/files/1/0912/9351/6071/files/20230630_i1688096462_2119_1_jpg.jpg?v=1758939119|https://cdn.shopify.com/s/files/1/0912/9351/6071/files/20230630_i1688096462_9170_2_jpg.jpg?v=1758939119|https://cdn.shopify.com/s/files/1/0912/9351/6071/files/20230630_i1688096462_140_6_jpg.jpg?v=1758939119|https://cdn.shopify.com/s/files/1/0912/9351/6071/files/20230630_i1688096462_1770_3_jpg.jpg?v=1758939119|https://cdn.shopify.com/s/files/1/0912/9351/6071/files/20230630_i1688096462_2627_4_jpg.jpg?v=1758939119|https://cdn.shopify.com/s/files/1/0912/9351/6071/files/20230630_i1688096462_4880_7_jpg.jpg?v=1758939119|https://cdn.shopify.com/s/files/1/0912/9351/6071/files/20230630_i1688096462_6251_8_jpg.jpg?v=1758939119|https://cdn.shopify.com/s/files/1/0912/9351/6071/files/20230630_i1688096462_8342_5_jpg.jpg?v=1758939119,Hi I want FENDI 19 BAGUETTE BAG IN LIGHT BLUE CANVAS WITH SILVER HARDWARE,
BAGUETTE MINI 19 BAG IN CERULEAN BLUE MONOGRAM DENIM WITH GOLD HARDWARE,https://cdn.shopify.com/s/files/1/0912/9351/6071/files/Image_20250801172008_4888.jpg?v=1780395081,handbags,fendi,https://cdn.shopify.com/s/files/1/0912/9351/6071/files/Image_20250801172008_4888.jpg?v=1780395081|https://cdn.shopify.com/s/files/1/0912/9351/6071/files/Image_20250801172008_4889.jpg?v=1780395081|https://cdn.shopify.com/s/files/1/0912/9351/6071/files/Image_20250801172008_4890.jpg?v=1780395081|https://cdn.shopify.com/s/files/1/0912/9351/6071/files/Image_20250801172008_4891.jpg?v=1780395081|https://cdn.shopify.com/s/files/1/0912/9351/6071/files/Image_20250801172008_4892.jpg?v=1780395081|https://cdn.shopify.com/s/files/1/0912/9351/6071/files/Image_20250801172008_4893.jpg?v=1780395081|https://cdn.shopify.com/s/files/1/0912/9351/6071/files/Image_20250801172008_4894.jpg?v=1780395081|https://cdn.shopify.com/s/files/1/0912/9351/6071/files/Image_20250801172008_4895.jpg?v=1780395081|https://cdn.shopify.com/s/files/1/0912/9351/6071/files/Image_20250801172008_4896.jpg?v=1780395081,Hi I want BAGUETTE MINI 19 BAG IN CERULEAN BLUE MONOGRAM DENIM WITH GOLD HARDWARE,
MINI ROLL BAG 15 BLACK MIX BROWN FF JACQUARD FABRIC,https://cdn.shopify.com/s/files/1/0912/9351/6071/files/20240428_i1714295739_5911_1_jpg.jpg?v=1758939681,handbags,fendi,https://cdn.shopify.com/s/files/1/0912/9351/6071/files/20240428_i1714295739_5911_1_jpg.jpg?v=1758939681|https://cdn.shopify.com/s/files/1/0912/9351/6071/files/20240428_i1714295739_7343_2_jpg.jpg?v=1758939681|https://cdn.shopify.com/s/files/1/0912/9351/6071/files/20240428_i1714295739_781_0_jpg.jpg?v=1758939681|https://cdn.shopify.com/s/files/1/0912/9351/6071/files/20240502_i1714646707_8203_0_jpg.jpg?v=1758939681|https://cdn.shopify.com/s/files/1/0912/9351/6071/files/20240428_i1714295926_5237_0_jpg.jpg?v=1758939681|https://cdn.shopify.com/s/files/1/0912/9351/6071/files/20240428_i1714295739_7528_5_jpg.jpg?v=1758939681|https://cdn.shopify.com/s/files/1/0912/9351/6071/files/20240428_i1714295739_3867_4_jpg.jpg?v=1758939681|https://cdn.shopify.com/s/files/1/0912/9351/6071/files/20240428_i1714295739_1870_7_jpg.jpg?v=1758939681|https://cdn.shopify.com/s/files/1/0912/9351/6071/files/20240428_i1714295739_6479_3_jpg.jpg?v=1758939681,Hi I want MINI ROLL BAG 15 BLACK MIX BROWN FF JACQUARD FABRIC,
MINI ROLL BAG 15 OCEAN BLUE MIX WHITE FF JACQUARD FABRIC,https://cdn.shopify.com/s/files/1/0912/9351/6071/files/20240707_i1720347171_1420_0_jpg.jpg?v=1758939692,handbags,fendi,https://cdn.shopify.com/s/files/1/0912/9351/6071/files/20240707_i1720347171_1420_0_jpg.jpg?v=1758939692|https://cdn.shopify.com/s/files/1/0912/9351/6071/files/20240707_i1720347171_2865_1_jpg.jpg?v=1758939692|https://cdn.shopify.com/s/files/1/0912/9351/6071/files/20240707_i1720347171_2420_2_jpg.jpg?v=1758939692|https://cdn.shopify.com/s/files/1/0912/9351/6071/files/20240707_i1720347171_4728_5_jpg.jpg?v=1758939692|https://cdn.shopify.com/s/files/1/0912/9351/6071/files/20240707_i1720347171_8523_3_jpg.jpg?v=1758939692|https://cdn.shopify.com/s/files/1/0912/9351/6071/files/20240707_i1720347171_5467_6_jpg.jpg?v=1758939692|https://cdn.shopify.com/s/files/1/0912/9351/6071/files/20240707_i1720347171_5973_7_jpg.jpg?v=1758939692|https://cdn.shopify.com/s/files/1/0912/9351/6071/files/20240707_i1720347171_7970_4_jpg.jpg?v=1758939692|https://cdn.shopify.com/s/files/1/0912/9351/6071/files/20240707_i1720347171_5432_8_jpg.jpg?v=1758939692,Hi I want MINI ROLL BAG 15 OCEAN BLUE MIX WHITE FF JACQUARD FABRIC,
FENDI BAGUETTE 20 BAG IN BEIGE RAFFIA AND BROWN CALFSKIN WITH GOLD HARDWARE,https://cdn.shopify.com/s/files/1/0912/9351/6071/files/20240819_i1724054682_1456_0_jpg.jpg?v=1758939789,handbags,fendi,https://cdn.shopify.com/s/files/1/0912/9351/6071/files/20240819_i1724054682_1456_0_jpg.jpg?v=1758939789|https://cdn.shopify.com/s/files/1/0912/9351/6071/files/20240819_i1724054682_3608_1_jpg.jpg?v=1758939789|https://cdn.shopify.com/s/files/1/0912/9351/6071/files/20240819_i1724055324_5649_0_jpg.jpg?v=1758939789|https://cdn.shopify.com/s/files/1/0912/9351/6071/files/20240819_i1724054682_2786_3_jpg.jpg?v=1758939789|https://cdn.shopify.com/s/files/1/0912/9351/6071/files/20240819_i1724054682_2108_7_jpg.jpg?v=1758939789|https://cdn.shopify.com/s/files/1/0912/9351/6071/files/20240819_i1724054682_9883_5_jpg.jpg?v=1758939789|https://cdn.shopify.com/s/files/1/0912/9351/6071/files/20240819_i1724054682_7974_4_jpg.jpg?v=1758939789|https://cdn.shopify.com/s/files/1/0912/9351/6071/files/20240819_i1724054682_9804_8_jpg.jpg?v=1758939789|https://cdn.shopify.com/s/files/1/0912/9351/6071/files/20240819_i1724054682_5423_2_jpg.jpg?v=1758939789,Hi I want FENDI BAGUETTE 20 BAG IN BEIGE RAFFIA AND BROWN CALFSKIN WITH GOLD HARDWARE,
BAGUETTE CANVAS 19 BAG WITH MULTICOLOUR FF EMBROIDERY GOLD HARDWARE,https://cdn.shopify.com/s/files/1/0912/9351/6071/files/20240816_i1723779852_6477_0_jpg.jpg?v=1758939811,handbags,fendi,https://cdn.shopify.com/s/files/1/0912/9351/6071/files/20240816_i1723779852_6477_0_jpg.jpg?v=1758939811|https://cdn.shopify.com/s/files/1/0912/9351/6071/files/20240816_i1723779852_9898_1_jpg.jpg?v=1758939811|https://cdn.shopify.com/s/files/1/0912/9351/6071/files/20240816_i1723779852_260_2_jpg.jpg?v=1758939811|https://cdn.shopify.com/s/files/1/0912/9351/6071/files/20240816_i1723779852_5542_5_jpg.jpg?v=1758939811|https://cdn.shopify.com/s/files/1/0912/9351/6071/files/20240816_i1723779852_4070_4_jpg.jpg?v=1758939811|https://cdn.shopify.com/s/files/1/0912/9351/6071/files/20240816_i1723779852_4004_6_jpg.jpg?v=1758939811|https://cdn.shopify.com/s/files/1/0912/9351/6071/files/20240816_i1723779852_2260_7_jpg.jpg?v=1758939811|https://cdn.shopify.com/s/files/1/0912/9351/6071/files/20240816_i1723779852_2160_8_jpg.jpg?v=1758939811|https://cdn.shopify.com/s/files/1/0912/9351/6071/files/20240816_i1723779852_2388_3_jpg.jpg?v=1758939811,Hi I want BAGUETTE CANVAS 19 BAG WITH MULTICOLOUR FF EMBROIDERY GOLD HARDWARE,
MON TRESOR 18 IN BROWN CALFSKIN,https://cdn.shopify.com/s/files/1/0912/9351/6071/files/Image_20250327194544_735772d1-0385-4972-a6be-12cccf8e7f2e.jpg?v=1758940015,handbags,fendi,https://cdn.shopify.com/s/files/1/0912/9351/6071/files/Image_20250327194544_735772d1-0385-4972-a6be-12cccf8e7f2e.jpg?v=1758940015|https://cdn.shopify.com/s/files/1/0912/9351/6071/files/Image_20250327194550_9efd17c1-84c7-4619-89fc-edaedb355de1.jpg?v=1758940015|https://cdn.shopify.com/s/files/1/0912/9351/6071/files/Image_20250327194554_12ea8d41-7d38-48d8-aeca-e37648c797fd.jpg?v=1758940015|https://cdn.shopify.com/s/files/1/0912/9351/6071/files/Image_20250327194558_3bbba1ad-19b2-41c9-a6c0-97f11b1dda29.jpg?v=1758940015|https://cdn.shopify.com/s/files/1/0912/9351/6071/files/Image_20250327194603_c922335b-cf70-4e62-aee9-e95019f25b44.jpg?v=1758940015|https://cdn.shopify.com/s/files/1/0912/9351/6071/files/Image_20250327194607_8f9540d2-1d4b-4117-a303-0234b3741a5e.jpg?v=1758940015|https://cdn.shopify.com/s/files/1/0912/9351/6071/files/Image_20250327194612_e7f7ffc4-cf8f-44f8-97c8-62715339826f.jpg?v=1758940015|https://cdn.shopify.com/s/files/1/0912/9351/6071/files/Image_20250327194616_dfd6814e-90eb-45b6-9079-a194699d9fd1.jpg?v=1758940015|https://cdn.shopify.com/s/files/1/0912/9351/6071/files/Image_20250327194619_620c6f65-273f-486d-ade3-50e8dbabec57.jpg?v=1758940015,Hi I want MON TRESOR 18 IN BROWN CALFSKIN,
BY THE WAY MINI 18 IN BURNT ORANGE EMBOSSED CALFSKIN GOLD HARDWARE,https://cdn.shopify.com/s/files/1/0912/9351/6071/files/img_77125233_20240406_i1712377776_6449_0_jpg_82aad56e-5653-467c-ad03-f1a2fe7833e8.jpg?v=1758940046,handbags,fendi,https://cdn.shopify.com/s/files/1/0912/9351/6071/files/img_77125233_20240406_i1712377776_6449_0_jpg_82aad56e-5653-467c-ad03-f1a2fe7833e8.jpg?v=1758940046|https://cdn.shopify.com/s/files/1/0912/9351/6071/files/img_77125233_20240406_i1712377752_3372_3_jpg_2eff52ad-15ca-4eb1-b9bf-9aee8464321d.jpg?v=1758940046|https://cdn.shopify.com/s/files/1/0912/9351/6071/files/img_77125233_20240406_i1712377776_2210_0_jpg_5d1733f3-2e2b-40ef-8bf9-0d4d10a8f276.jpg?v=1758940046|https://cdn.shopify.com/s/files/1/0912/9351/6071/files/img_77125233_20240406_i1712377776_2619_0_jpg_73fd4998-0e1c-44f2-b1c0-d8ae1f20a229.jpg?v=1758940046|https://cdn.shopify.com/s/files/1/0912/9351/6071/files/img_77125233_20240406_i1712377776_5035_0_jpg_42d368d0-c115-40d0-b692-039f03e05c3b.jpg?v=1758940046|https://cdn.shopify.com/s/files/1/0912/9351/6071/files/img_77125233_20240406_i1712377776_5567_0_jpg_a85f995b-953b-4ca9-a093-f60781d6748a.jpg?v=1758940046|https://cdn.shopify.com/s/files/1/0912/9351/6071/files/img_77125233_20240406_i1712377776_5773_0_jpg_fc39a61a-1754-4273-958a-b43cb8f6852a.jpg?v=1758940046|https://cdn.shopify.com/s/files/1/0912/9351/6071/files/img_77125233_20240406_i1712377776_6569_0_jpg_b69f732c-a8e9-414f-92f0-e39d3080cb02.jpg?v=1758940046|https://cdn.shopify.com/s/files/1/0912/9351/6071/files/img_77125233_20240406_i1712377776_7967_0_jpg_09066f4a-c37f-4717-bb0c-9b441668be9d.jpg?v=1758940046,Hi I want BY THE WAY MINI 18 IN BURNT ORANGE EMBOSSED CALFSKIN GOLD HARDWARE,
FENDIGRAPHY MEDIUM 29 IN GURKHA JACQUARD FABRIC FF MOTIF GOLD HARDWARE,https://cdn.shopify.com/s/files/1/0912/9351/6071/files/img_77125233_20240325_i1711353274_6413_7_jpg_45e75cb0-b1d9-44c7-8651-09ad38d22293.jpg?v=1776508089,handbags,fendi,https://cdn.shopify.com/s/files/1/0912/9351/6071/files/img_77125233_20240325_i1711353274_6413_7_jpg_45e75cb0-b1d9-44c7-8651-09ad38d22293.jpg?v=1776508089|https://cdn.shopify.com/s/files/1/0912/9351/6071/files/img_77125233_20240325_i1711353274_1205_2_jpg_9b478733-b5d2-46c6-8575-bb276f5611c5.jpg?v=1776508089|https://cdn.shopify.com/s/files/1/0912/9351/6071/files/img_77125233_20240325_i1711353274_3836_4_jpg_5e9e1568-c7f6-4bfa-a1f7-8b4b86e4b85f.jpg?v=1776508089|https://cdn.shopify.com/s/files/1/0912/9351/6071/files/img_77125233_20240325_i1711353274_4007_8_jpg_a4bd1428-ced8-4a38-9291-4ddeec8d9ff1.jpg?v=1776508090|https://cdn.shopify.com/s/files/1/0912/9351/6071/files/img_77125233_20240325_i1711353274_5030_5_jpg_4861aa37-4386-4a86-9396-85bf7936f85d.jpg?v=1776508089|https://cdn.shopify.com/s/files/1/0912/9351/6071/files/img_77125233_20240325_i1711353274_6833_3_jpg_8fdbe902-32b1-4321-acec-774ca08ccf5b.jpg?v=1776508089|https://cdn.shopify.com/s/files/1/0912/9351/6071/files/img_77125233_20240325_i1711353274_6970_6_jpg_a83bdc49-ebb9-4679-9728-a4c32ee1b25b.jpg?v=1776508089|https://cdn.shopify.com/s/files/1/0912/9351/6071/files/img_77125233_20240325_i1711353274_8516_0_jpg_076cd8f4-8777-45db-a3e3-8442da0aa63d.jpg?v=1776508089|https://cdn.shopify.com/s/files/1/0912/9351/6071/files/img_77125233_20240325_i1711353274_9077_1_jpg_0514c9c0-dc65-4ce3-b4ad-440da2ff2600.jpg?v=1776508090,Hi I want FENDIGRAPHY MEDIUM 29 IN GURKHA JACQUARD FABRIC FF MOTIF GOLD HARDWARE,
PEEKABOO ISEEU 33 IN RED GRAINED CALFSKIN SILVER HARDWARE,https://cdn.shopify.com/s/files/1/0912/9351/6071/files/20220116_i1642317312_9248_0_jpg.jpg?v=1758940473,handbags,fendi,https://cdn.shopify.com/s/files/1/0912/9351/6071/files/20220116_i1642317312_9248_0_jpg.jpg?v=1758940473|https://cdn.shopify.com/s/files/1/0912/9351/6071/files/20220116_i1642317312_865_8_jpg.jpg?v=1758940473|https://cdn.shopify.com/s/files/1/0912/9351/6071/files/20220116_i1642317312_1080_3_jpg.jpg?v=1758940473|https://cdn.shopify.com/s/files/1/0912/9351/6071/files/20220116_i1642317312_2226_4_jpg.jpg?v=1758940473|https://cdn.shopify.com/s/files/1/0912/9351/6071/files/20220116_i1642317312_2236_5_jpg.jpg?v=1758940473|https://cdn.shopify.com/s/files/1/0912/9351/6071/files/20220116_i1642317312_3072_2_jpg.jpg?v=1758940473|https://cdn.shopify.com/s/files/1/0912/9351/6071/files/20220116_i1642317312_8050_6_jpg.jpg?v=1758940473|https://cdn.shopify.com/s/files/1/0912/9351/6071/files/20220116_i1642317312_8097_7_jpg.jpg?v=1758940473|https://cdn.shopify.com/s/files/1/0912/9351/6071/files/20220116_i1642317312_9182_1_jpg.jpg?v=1758940473,Hi I want PEEKABOO ISEEU 33 IN RED GRAINED CALFSKIN SILVER HARDWARE,
Peekaboo X-lite medium 30cm Bag black lambskin gold hardware,https://cdn.shopify.com/s/files/1/0912/9351/6071/files/20201205_a1607145286162_4824_jpg_79094260-9496-4278-b7cd-a1ee1c0d375d.jpg?v=1777025529,handbags,fendi,https://cdn.shopify.com/s/files/1/0912/9351/6071/files/20201205_a1607145286162_4824_jpg_79094260-9496-4278-b7cd-a1ee1c0d375d.jpg?v=1777025529|https://cdn.shopify.com/s/files/1/0912/9351/6071/files/20201205_a1607145287119_8143_jpg_4799cc93-caaf-406d-b132-b8c330534184.jpg?v=1777025529|https://cdn.shopify.com/s/files/1/0912/9351/6071/files/20201205_a1607145287500_1810_jpg_a0e35afb-17a3-4fb1-924f-28c3b2c8b146.jpg?v=1777025529|https://cdn.shopify.com/s/files/1/0912/9351/6071/files/20201205_a1607145288137_4181_jpg_ef908b6a-6692-4bd0-a648-e02b1133b01b.jpg?v=1777025528|https://cdn.shopify.com/s/files/1/0912/9351/6071/files/20201205_a1607145288671_5516_jpg_ecd7a85f-2afa-48f7-b123-0c9a2bb3b5cf.jpg?v=1777025529|https://cdn.shopify.com/s/files/1/0912/9351/6071/files/20201205_a1607145289535_1451_jpg_05b49378-d3ba-4454-a8bb-ed9a195d72a7.jpg?v=1777025529|https://cdn.shopify.com/s/files/1/0912/9351/6071/files/20201205_a1607145290469_1706_jpg_5d9c872f-b725-4a99-90b1-15d3a6f49321.jpg?v=1777025529|https://cdn.shopify.com/s/files/1/0912/9351/6071/files/20201205_a1607145290880_6881_jpg_be51e96f-48df-4dda-8ffe-4f331a413720.jpg?v=1777025529|https://cdn.shopify.com/s/files/1/0912/9351/6071/files/20201205_a1607145291225_1451_jpg_7939a625-41f7-4ee5-b5cd-3b717b9680e7.jpg?v=1777025529,Hi I want Peekaboo X-lite medium 30cm Bag black lambskin gold hardware,
BAGUETTE CANVAS 27 BAG BLACK STRAP WITH MULTICOLOUR EMBROIDERY GOLD HARDWARE,https://cdn.shopify.com/s/files/1/0912/9351/6071/files/20240422_i1713772038_8978_0_jpg_d1b669e3-f2d3-473b-b602-2901618db8f6.jpg?v=1779703823,handbags,fendi,https://cdn.shopify.com/s/files/1/0912/9351/6071/files/20240422_i1713772038_8978_0_jpg_d1b669e3-f2d3-473b-b602-2901618db8f6.jpg?v=1779703823|https://cdn.shopify.com/s/files/1/0912/9351/6071/files/20240422_i1713772038_6737_1_jpg_2bb7f720-b341-4e96-9a38-ff5880889c6d.jpg?v=1779703823|https://cdn.shopify.com/s/files/1/0912/9351/6071/files/20240422_i1713772038_4209_2_jpg_fe77c49b-9ae8-4271-b173-0fe3528de396.jpg?v=1779703823|https://cdn.shopify.com/s/files/1/0912/9351/6071/files/20240422_i1713772038_1581_6_jpg_3ba110f7-494b-421f-b203-eaa5a81264cc.jpg?v=1779703823|https://cdn.shopify.com/s/files/1/0912/9351/6071/files/20240422_i1713772038_1475_5_jpg_6fdc695c-3535-426c-afdc-287abf2a4503.jpg?v=1779703823|https://cdn.shopify.com/s/files/1/0912/9351/6071/files/20240422_i1713772038_9793_8_jpg_ed4f7e01-e000-4eb3-8564-c8e3615686aa.jpg?v=1779703823|https://cdn.shopify.com/s/files/1/0912/9351/6071/files/20240422_i1713772038_1583_7_jpg_efba46e9-27b1-4a13-99a5-871e714e5ad2.jpg?v=1779703823|https://cdn.shopify.com/s/files/1/0912/9351/6071/files/20240422_i1713772038_5447_3_jpg_4666536d-c091-4c50-961c-61be2d89b79d.jpg?v=1779703823|https://cdn.shopify.com/s/files/1/0912/9351/6071/files/20240422_i1713772067_2497_0_jpg_e9ee427c-fa1d-4faf-af7b-006be179c519.jpg?v=1779703823,Hi I want BAGUETTE CANVAS 27 BAG BLACK STRAP WITH MULTICOLOUR EMBROIDERY GOLD HARDWARE,
Peekaboo Mini 23cm Bag light brown lambskin gold hardware,https://cdn.shopify.com/s/files/1/0912/9351/6071/files/20220721_i1658383648_4257_1_jpg_e3ae07e2-505a-4c45-bf4c-f04d3ffd90df.jpg?v=1779703814,handbags,fendi,https://cdn.shopify.com/s/files/1/0912/9351/6071/files/20220721_i1658383648_4257_1_jpg_e3ae07e2-505a-4c45-bf4c-f04d3ffd90df.jpg?v=1779703814|https://cdn.shopify.com/s/files/1/0912/9351/6071/files/20220721_i1658383648_1945_6_jpg_4f998222-0c84-4eb9-8ca2-8ae23175be8f.jpg?v=1779703814|https://cdn.shopify.com/s/files/1/0912/9351/6071/files/20220721_i1658383648_5776_2_jpg_161ab444-42a9-435b-b7ff-85669213e26c.jpg?v=1779703814|https://cdn.shopify.com/s/files/1/0912/9351/6071/files/20220721_i1658383648_6400_4_jpg_6f5a93ad-8e8f-45b1-b42d-2bd297319f08.jpg?v=1779703814|https://cdn.shopify.com/s/files/1/0912/9351/6071/files/20220721_i1658383648_6705_0_jpg_ed7eb5e5-d488-48c0-abd4-a298b95334af.jpg?v=1779703814|https://cdn.shopify.com/s/files/1/0912/9351/6071/files/20220721_i1658383648_8459_7_jpg_e02858ef-f976-4392-841b-984d3697e485.jpg?v=1779703815|https://cdn.shopify.com/s/files/1/0912/9351/6071/files/20220721_i1658383648_8746_5_jpg_ada2235d-69bd-4610-8480-3d7e46bed196.jpg?v=1779703814|https://cdn.shopify.com/s/files/1/0912/9351/6071/files/20220721_i1658383648_9098_8_jpg_7c4068bb-28b7-45c8-8bce-1c1d7a9e4e59.jpg?v=1779703814|https://cdn.shopify.com/s/files/1/0912/9351/6071/files/20220721_i1658383648_7520_3_jpg_517abb1d-9014-40b0-8f26-df3336865764.jpg?v=1779703814,Hi I want Peekaboo Mini 23cm Bag light brown lambskin gold hardware,
Mini Baguette Bag 20 With FF Motif White Leather Ghw,https://cdn.shopify.com/s/files/1/0912/9351/6071/files/i1678773384_9748_0_29dea12a-a9d7-4a63-aee9-4259b402b8e0.jpg?v=1775903169,handbags,fendi,https://cdn.shopify.com/s/files/1/0912/9351/6071/files/i1678773384_9748_0_29dea12a-a9d7-4a63-aee9-4259b402b8e0.jpg?v=1775903169|https://cdn.shopify.com/s/files/1/0912/9351/6071/files/20230314_i1678773384_6759_4_jpg_8d3dd679-92dd-4b8c-837c-1606601cd7d1.jpg?v=1775903169|https://cdn.shopify.com/s/files/1/0912/9351/6071/files/20230314_i1678773384_831_2_jpg_1cab4562-020f-48dd-8d60-55016061ae0a.jpg?v=1775903169|https://cdn.shopify.com/s/files/1/0912/9351/6071/files/20230314_i1678773384_1339_1_jpg_b2a9f105-266d-4539-ac4a-25885a04fe05.jpg?v=1775903169|https://cdn.shopify.com/s/files/1/0912/9351/6071/files/20230314_i1678773384_1352_7_jpg_4fc3648c-5ac5-4b1f-9c01-0cc3dec723d5.jpg?v=1775903169|https://cdn.shopify.com/s/files/1/0912/9351/6071/files/20230314_i1678773384_2132_3_jpg_c2a0b0bd-a61e-4a98-91d3-518c84275a94.jpg?v=1775903169|https://cdn.shopify.com/s/files/1/0912/9351/6071/files/20230314_i1678773384_9422_5_jpg_2623f56a-965a-4b0a-afeb-5fe945f00ed5.jpg?v=1775903169|https://cdn.shopify.com/s/files/1/0912/9351/6071/files/20230314_i1678773384_7943_8_jpg_3efd0d7e-1940-41f7-a33e-b4636f4132ac.jpg?v=1775903169|https://cdn.shopify.com/s/files/1/0912/9351/6071/files/20230314_i1678773384_9327_6_jpg_e81028ed-6cd5-4710-8d70-c04d209f4ed8.jpg?v=1775903169,Hi I want Mini Baguette Bag 20 With FF Motif White Leather Ghw,
Fend Baguette Tan Beige Canvas Bag 27 with FF Embroidery Ghw,https://cdn.shopify.com/s/files/1/0912/9351/6071/files/20230719_i1689761797_2688_0_jpg_4c758097-0038-4712-8b26-575a827ae3ef.jpg?v=1758937514,handbags,fendi,https://cdn.shopify.com/s/files/1/0912/9351/6071/files/20230719_i1689761797_2688_0_jpg_4c758097-0038-4712-8b26-575a827ae3ef.jpg?v=1758937514|https://cdn.shopify.com/s/files/1/0912/9351/6071/files/20230719_i1689761797_3638_2_jpg_84a03e7d-500c-4adc-a4d0-b9b8b7750295.jpg?v=1758937514|https://cdn.shopify.com/s/files/1/0912/9351/6071/files/20230719_i1689761797_5372_8_jpg_099b069f-cf02-40bb-ae60-398e1f2e23a5.jpg?v=1758937514|https://cdn.shopify.com/s/files/1/0912/9351/6071/files/20230719_i1689761797_1954_4_jpg_57826764-2144-4627-807d-44e3c770f640.jpg?v=1758937514|https://cdn.shopify.com/s/files/1/0912/9351/6071/files/20230719_i1689761797_2385_5_jpg_2c02cbe6-dac4-4b82-af24-432de1ff835a.jpg?v=1758937514|https://cdn.shopify.com/s/files/1/0912/9351/6071/files/20230719_i1689761797_2739_7_jpg_47882f9e-7ae9-40f1-b78e-34a7caf5266e.jpg?v=1758937514|https://cdn.shopify.com/s/files/1/0912/9351/6071/files/20230719_i1689761797_9081_1_jpg_dc2cc7e5-83f6-4796-ab9d-d8eb6961587e.jpg?v=1758937514|https://cdn.shopify.com/s/files/1/0912/9351/6071/files/20230719_i1689761797_3048_3_jpg_c1974c1a-2597-4cb1-872f-761949fe3fcf.jpg?v=1758937514|https://cdn.shopify.com/s/files/1/0912/9351/6071/files/20230719_i1689761797_8918_6_jpg_aba5ab96-1702-4da9-9f9e-9e99791b792e.jpg?v=1758937514,Hi I want Fend Baguette Tan Beige Canvas Bag 27 with FF Embroidery Ghw,
Fend Baguette Sky Blue and Multicolour Canvas Bag 27 with FF Embroidery Ghw,https://cdn.shopify.com/s/files/1/0912/9351/6071/files/20240330_i1711788305_9069_0_jpg_6747680a-655e-4dbd-8b05-caef56af188a.jpg?v=1758937524,handbags,fendi,https://cdn.shopify.com/s/files/1/0912/9351/6071/files/20240330_i1711788305_9069_0_jpg_6747680a-655e-4dbd-8b05-caef56af188a.jpg?v=1758937524|https://cdn.shopify.com/s/files/1/0912/9351/6071/files/20240330_i1711788305_2047_4_jpg_63bff3b8-acd8-4f4f-9f3d-6c99c8b43232.jpg?v=1758937524|https://cdn.shopify.com/s/files/1/0912/9351/6071/files/20240330_i1711788305_3099_5_jpg_5540e740-1d46-404a-9eed-47af8efba6ed.jpg?v=1758937524|https://cdn.shopify.com/s/files/1/0912/9351/6071/files/20240330_i1711788305_8145_1_jpg_145c4971-fbfe-47e2-b45d-6177a4dc20aa.jpg?v=1758937524|https://cdn.shopify.com/s/files/1/0912/9351/6071/files/20240330_i1711788305_5580_3_jpg_4a7936c5-edb2-4e47-a5ef-f37a52aed7e8.jpg?v=1758937524|https://cdn.shopify.com/s/files/1/0912/9351/6071/files/20240330_i1711788305_7059_7_jpg_0b53e38f-f943-4f8d-adce-bc8edfb14529.jpg?v=1758937524|https://cdn.shopify.com/s/files/1/0912/9351/6071/files/20240330_i1711788305_9000_8_jpg_18382502-045a-4e9b-9b5e-2374f93b0ac6.jpg?v=1758937524|https://cdn.shopify.com/s/files/1/0912/9351/6071/files/20240330_i1711788305_9077_2_jpg_fb3ff274-8f77-4f3f-bfa7-938fe31a795c.jpg?v=1758937524|https://cdn.shopify.com/s/files/1/0912/9351/6071/files/20240330_i1711788305_9492_6_jpg_1250a6a7-aaa8-4ffd-91a8-0079c9c985a3.jpg?v=1758937524,Hi I want Fend Baguette Sky Blue and Multicolour Canvas Bag 27 with FF Embroidery Ghw,
Fend Baguette Black and Multicolour Canvas Bag 27 with FF Embroidery Ghw,https://cdn.shopify.com/s/files/1/0912/9351/6071/files/20230819_i1692437426_1908_0_jpg_18f03d4c-9c79-48a7-9bd2-f94fc0948713.jpg?v=1775554815,handbags,fendi,https://cdn.shopify.com/s/files/1/0912/9351/6071/files/20230819_i1692437426_1908_0_jpg_18f03d4c-9c79-48a7-9bd2-f94fc0948713.jpg?v=1775554815|https://cdn.shopify.com/s/files/1/0912/9351/6071/files/20230819_i1692437426_993_7_jpg_ec164b41-b890-4248-a042-009614b2181d.jpg?v=1775554815|https://cdn.shopify.com/s/files/1/0912/9351/6071/files/20230819_i1692437426_2493_5_jpg_731e26a0-7b2b-45d3-8df5-ad4ca78ff658.jpg?v=1775554815|https://cdn.shopify.com/s/files/1/0912/9351/6071/files/20230819_i1692437426_3378_1_jpg_1596b775-d33b-49f8-a15e-e6c192d29cc7.jpg?v=1775554815|https://cdn.shopify.com/s/files/1/0912/9351/6071/files/20230819_i1692437426_3871_8_jpg_cc45d179-2073-40e6-86e5-79c5f576b5dc.jpg?v=1775554815|https://cdn.shopify.com/s/files/1/0912/9351/6071/files/20230819_i1692437426_5083_6_jpg_c7a40470-3872-4b88-92e7-5d796c479103.jpg?v=1775554815|https://cdn.shopify.com/s/files/1/0912/9351/6071/files/20230819_i1692437426_5436_2_jpg_434c5f54-17df-4a6f-bfe9-e5835d869612.jpg?v=1775554815|https://cdn.shopify.com/s/files/1/0912/9351/6071/files/20230819_i1692437426_8273_4_jpg_a99493de-fe75-4cf9-b4eb-bfbff54e3bab.jpg?v=1775554815|https://cdn.shopify.com/s/files/1/0912/9351/6071/files/20230819_i1692437426_9246_3_jpg_895b6508-7061-4571-ba0a-bac668859132.jpg?v=1775554815,Hi I want Fend Baguette Black and Multicolour Canvas Bag 27 with FF Embroidery Ghw,
Fend Baguette 24 Bag With FF Motif Black Leather Ghw,https://cdn.shopify.com/s/files/1/0912/9351/6071/files/img_77125233_20240313_i1710330166_5897_0_jpg_234ad9e7-8edd-4795-83e2-eaf642556c7a.jpg?v=1758937872,handbags,fendi,https://cdn.shopify.com/s/files/1/0912/9351/6071/files/img_77125233_20240313_i1710330166_5897_0_jpg_234ad9e7-8edd-4795-83e2-eaf642556c7a.jpg?v=1758937872|https://cdn.shopify.com/s/files/1/0912/9351/6071/files/img_77125233_20240313_i1710330166_2671_2_jpg_dbc82003-77e6-4ef5-9e17-f8a81d3a9e57.jpg?v=1758937872|https://cdn.shopify.com/s/files/1/0912/9351/6071/files/img_77125233_20240313_i1710330166_2161_6_jpg_d01380cb-cbca-4459-82e9-4bd94b56b50c.jpg?v=1758937872|https://cdn.shopify.com/s/files/1/0912/9351/6071/files/img_77125233_20240313_i1710330166_1422_1_jpg_11f86600-3a81-4010-8c9e-448c71151a00.jpg?v=1758937872|https://cdn.shopify.com/s/files/1/0912/9351/6071/files/img_77125233_20240313_i1710330166_4075_4_jpg_ef31cc98-bdf6-4e8b-b0e2-0c378ed45c4c.jpg?v=1758937872|https://cdn.shopify.com/s/files/1/0912/9351/6071/files/img_77125233_20240313_i1710330173_1665_0_jpg_65ea0a4e-2cf6-4985-9e66-3109e4292da1.jpg?v=1758937872|https://cdn.shopify.com/s/files/1/0912/9351/6071/files/img_77125233_20240313_i1710330166_5448_5_jpg_667f72cf-7b40-4737-bd88-a899e96bde75.jpg?v=1758937872|https://cdn.shopify.com/s/files/1/0912/9351/6071/files/img_77125233_20240313_i1710330166_8567_3_jpg_41670fce-97cd-425d-b55a-13ca93881e4d.jpg?v=1758937872|https://cdn.shopify.com/s/files/1/0912/9351/6071/files/img_77125233_20240313_i1710330167_1245_8_jpg_5f43152c-7b6a-419f-8d10-e5d2a3802f26.jpg?v=1758937872,Hi I want Fend Baguette 24 Bag With FF Motif Black Leather Ghw,
Fend Baguette 24 Brown FF Jacquard Fabric Bag Ghw,https://cdn.shopify.com/s/files/1/0912/9351/6071/files/20231002_i1696226995_1597_0_jpg_90cb5efc-d81a-4cc1-8c41-7a5c453ce48d.jpg?v=1758937918,handbags,fendi,https://cdn.shopify.com/s/files/1/0912/9351/6071/files/20231002_i1696226995_1597_0_jpg_90cb5efc-d81a-4cc1-8c41-7a5c453ce48d.jpg?v=1758937918|https://cdn.shopify.com/s/files/1/0912/9351/6071/files/20231002_i1696226995_5272_2_jpg_22e6dc9b-be49-40f2-8088-b97ba8dc0895.jpg?v=1758937918|https://cdn.shopify.com/s/files/1/0912/9351/6071/files/20231002_i1696226995_9072_1_jpg_56d347fc-eec7-4918-9d7f-ab3b2e254aaf.jpg?v=1758937918|https://cdn.shopify.com/s/files/1/0912/9351/6071/files/20231002_i1696226995_9170_3_jpg_d9336d34-eb38-4c5e-bf20-0ef9f673a284.jpg?v=1758937918|https://cdn.shopify.com/s/files/1/0912/9351/6071/files/20231002_i1696226995_818_5_jpg_106df1e3-bfc1-430f-beee-267b006b0852.jpg?v=1758937918|https://cdn.shopify.com/s/files/1/0912/9351/6071/files/20231002_i1696226995_3391_7_jpg_7ae5ddba-cb5e-4d51-9015-cb3471ebda64.jpg?v=1758937918|https://cdn.shopify.com/s/files/1/0912/9351/6071/files/20231002_i1696226995_6959_4_jpg_dce92596-2fbe-4c17-b56d-b4a1a457ed06.jpg?v=1758937918|https://cdn.shopify.com/s/files/1/0912/9351/6071/files/20231002_i1696226995_6619_6_jpg_2f571ff4-5ca7-4696-b1d0-f728bc4cb260.jpg?v=1758937918|https://cdn.shopify.com/s/files/1/0912/9351/6071/files/20231002_i1696226995_6983_8_jpg_8bc72953-a778-4bd2-880a-f72dcdb4a92b.jpg?v=1758937918,Hi I want Fend Baguette 24 Brown FF Jacquard Fabric Bag Ghw,
Fend Sunshine Large Bag 40.5 Grey Leather,https://cdn.shopify.com/s/files/1/0912/9351/6071/files/20201230_i1609314241_7411_0_jpg_19bf0f35-7e11-49bb-bf07-57e67f8cb94e.jpg?v=1758938021,handbags,fendi,https://cdn.shopify.com/s/files/1/0912/9351/6071/files/20201230_i1609314241_7411_0_jpg_19bf0f35-7e11-49bb-bf07-57e67f8cb94e.jpg?v=1758938021|https://cdn.shopify.com/s/files/1/0912/9351/6071/files/20201230_i1609314241_3570_4_jpg_231e87c3-14fe-4954-94de-3cee589a20dd.jpg?v=1758938021|https://cdn.shopify.com/s/files/1/0912/9351/6071/files/20201230_i1609314241_4765_6_jpg_d590317d-67ae-4e35-a018-466776e8ddad.jpg?v=1758938021|https://cdn.shopify.com/s/files/1/0912/9351/6071/files/20201230_i1609314241_443_1_jpg_7a8d0182-1c0d-41e0-8737-16b00640ee16.jpg?v=1758938021|https://cdn.shopify.com/s/files/1/0912/9351/6071/files/20201230_i1609314241_1191_8_jpg_e98725fb-0bd8-48af-a0f1-e784fb1a64af.jpg?v=1758938021|https://cdn.shopify.com/s/files/1/0912/9351/6071/files/20201230_i1609314241_3324_5_jpg_dbbd961a-cb56-4cd7-97f0-c0400a0e613c.jpg?v=1758938021|https://cdn.shopify.com/s/files/1/0912/9351/6071/files/20201230_i1609314241_5852_3_jpg_bf1e1347-a482-44c0-bbed-ef8108e58c09.jpg?v=1758938021|https://cdn.shopify.com/s/files/1/0912/9351/6071/files/20201230_i1609314241_6596_2_jpg_90bd3e66-b8d9-43a7-a5cd-9edf5df0b4c7.jpg?v=1758938022|https://cdn.shopify.com/s/files/1/0912/9351/6071/files/20201230_i1609314241_9726_7_jpg_ab82a948-8ddf-4274-b174-f6324890e426.jpg?v=1758938022,Hi I want Fend Sunshine Large Bag 40.5 Grey Leather,
Fend Sunshine Large Bag 40.5 Black Leather,https://cdn.shopify.com/s/files/1/0912/9351/6071/files/20210123_i1611384617_8931_0_jpg_0d1cffdc-f9b4-4057-9832-247e16ebef9a.jpg?v=1758938031,handbags,fendi,https://cdn.shopify.com/s/files/1/0912/9351/6071/files/20210123_i1611384617_8931_0_jpg_0d1cffdc-f9b4-4057-9832-247e16ebef9a.jpg?v=1758938031|https://cdn.shopify.com/s/files/1/0912/9351/6071/files/20210123_i1611384617_4151_6_jpg_314adab7-8075-42b9-818b-8b15d9ca9ebb.jpg?v=1758938031|https://cdn.shopify.com/s/files/1/0912/9351/6071/files/20210123_i1611384617_938_1_jpg_df81535f-9acb-4ca2-aa3d-2516c9789334.jpg?v=1758938031|https://cdn.shopify.com/s/files/1/0912/9351/6071/files/20210123_i1611384617_1229_2_jpg_16afe764-0d40-4de2-ac54-9a23bddfa6bc.jpg?v=1758938031|https://cdn.shopify.com/s/files/1/0912/9351/6071/files/20210123_i1611384617_9621_7_jpg_fc605489-a220-49f2-a611-fd8b6b5fe981.jpg?v=1758938031|https://cdn.shopify.com/s/files/1/0912/9351/6071/files/20210123_i1611384617_2132_8_jpg_7e1dcfb8-f012-41b7-8c4e-b9445074f140.jpg?v=1758938031|https://cdn.shopify.com/s/files/1/0912/9351/6071/files/20210123_i1611384617_7803_5_jpg_794e5620-ee08-4f72-9757-fbf3dcb06dee.jpg?v=1758938031|https://cdn.shopify.com/s/files/1/0912/9351/6071/files/20210123_i1611384617_2076_4_jpg_3b5086cb-3cf3-45ac-9fec-b7f0b2bbc85b.jpg?v=1758938031,Hi I want Fend Sunshine Large Bag 40.5 Black Leather,
BAGUETTE 27CM TAN CALFSKIN SILVER HARDWARE,https://cdn.shopify.com/s/files/1/0912/9351/6071/files/image_4f05dca3-a675-462e-be55-6d666b27cdd4.webp?v=1758938104,handbags,fendi,https://cdn.shopify.com/s/files/1/0912/9351/6071/files/image_4f05dca3-a675-462e-be55-6d666b27cdd4.webp?v=1758938104|https://cdn.shopify.com/s/files/1/0912/9351/6071/files/image_0a5b9e6b-7e30-416a-86d6-03c75fcd6df6.webp?v=1758938104|https://cdn.shopify.com/s/files/1/0912/9351/6071/files/image_459a9005-11b8-4fcc-aee8-d1114fd249bc.webp?v=1758938104|https://cdn.shopify.com/s/files/1/0912/9351/6071/files/image_225ce0ca-bbb3-4a35-aaad-7ebbcf9a18a3.webp?v=1758938104|https://cdn.shopify.com/s/files/1/0912/9351/6071/files/image_2754b03e-0ec1-4219-8580-f448b419d520.webp?v=1758938104|https://cdn.shopify.com/s/files/1/0912/9351/6071/files/image_113c06a7-0592-44f4-ab3a-50244a8a6a53.webp?v=1758938104|https://cdn.shopify.com/s/files/1/0912/9351/6071/files/image_bfb69a07-96ef-4862-9d7d-d7bf7f3a9789.webp?v=1758938104|https://cdn.shopify.com/s/files/1/0912/9351/6071/files/image_1747d0f9-eee9-44c2-9f0a-92d39d038a28.jpg?v=1758938104|https://cdn.shopify.com/s/files/1/0912/9351/6071/files/image_ccfc9e24-02cd-46a8-98e3-96efb764c57b.webp?v=1758938104|https://cdn.shopify.com/s/files/1/0912/9351/6071/files/WeChatScreenshot_20240313120109_660f6331-a934-46ab-a89c-899c83ec2f15.png?v=1758938104|https://cdn.shopify.com/s/files/1/0912/9351/6071/files/Image_20240313115857_421c1db3-708b-4028-b542-ce71c33ca880.jpg?v=1758938105,Hi I want BAGUETTE 27CM TAN CALFSKIN SILVER HARDWARE,
Peekaboo ISeeU Small 27cm Bag light brown lambskin gold hardware,https://cdn.shopify.com/s/files/1/0912/9351/6071/files/20220812_i1660282562_3297_0_jpg_beefa1d1-abce-4d7d-a018-2f0efcb43445.jpg?v=1775903181,handbags,fendi,https://cdn.shopify.com/s/files/1/0912/9351/6071/files/20220812_i1660282562_3297_0_jpg_beefa1d1-abce-4d7d-a018-2f0efcb43445.jpg?v=1775903181|https://cdn.shopify.com/s/files/1/0912/9351/6071/files/20220812_i1660282562_485_3_jpg_797916ff-7270-4bfa-97fc-609ed71d7488.jpg?v=1775903181|https://cdn.shopify.com/s/files/1/0912/9351/6071/files/20220812_i1660282562_2399_5_jpg_a60c674f-46ce-4362-a332-be32a1bc8d2c.jpg?v=1775903181|https://cdn.shopify.com/s/files/1/0912/9351/6071/files/20220812_i1660282562_6152_7_jpg_f3a6afe5-d976-4e57-a40b-5c0f141cea18.jpg?v=1775903181|https://cdn.shopify.com/s/files/1/0912/9351/6071/files/20220812_i1660282562_7523_8_jpg_15bd085e-894b-4e63-b4c5-b48fbdaa2d94.jpg?v=1775903181|https://cdn.shopify.com/s/files/1/0912/9351/6071/files/20220812_i1660282562_7649_6_jpg_e2bd37b8-a975-4a7a-a787-9684e8293164.jpg?v=1775903181|https://cdn.shopify.com/s/files/1/0912/9351/6071/files/20220812_i1660282562_8330_4_jpg_23a77928-6fe7-44bf-8034-dd04062b053f.jpg?v=1775903181|https://cdn.shopify.com/s/files/1/0912/9351/6071/files/20220812_i1660282562_6728_1_jpg_4548c5fe-351f-468f-a518-154ea3db1de3.jpg?v=1775903181|https://cdn.shopify.com/s/files/1/0912/9351/6071/files/20220812_i1660282562_7250_2_jpg_5dcdbf5b-931e-47f6-af2b-81260851d197.jpg?v=1775903181,Hi I want Peekaboo ISeeU Small 27cm Bag light brown lambskin gold hardware,
Peekaboo ISeeU Small 27cm Bag gold lambskin gold hardware,https://cdn.shopify.com/s/files/1/0912/9351/6071/files/20231207_i1701928889_7651_0_jpg_9873dfec-e259-4771-a7a3-d35ab8acb611.jpg?v=1775903187,handbags,fendi,https://cdn.shopify.com/s/files/1/0912/9351/6071/files/20231207_i1701928889_7651_0_jpg_9873dfec-e259-4771-a7a3-d35ab8acb611.jpg?v=1775903187|https://cdn.shopify.com/s/files/1/0912/9351/6071/files/20231207_i1701928889_1799_4_jpg_94f1a0da-a605-49fc-b40c-32fddba18238.jpg?v=1775903187|https://cdn.shopify.com/s/files/1/0912/9351/6071/files/20231207_i1701928889_1983_6_jpg_4855a3c7-a0d0-48f1-bb46-3d86140a6d7e.jpg?v=1775903186|https://cdn.shopify.com/s/files/1/0912/9351/6071/files/20231207_i1701928889_2306_8_jpg_891cd59d-5d60-4581-86c5-28a40ec2f22c.jpg?v=1775903187|https://cdn.shopify.com/s/files/1/0912/9351/6071/files/20231207_i1701928889_6422_5_jpg_b681308d-968b-456e-b6be-3eb9f6468afa.jpg?v=1775903187|https://cdn.shopify.com/s/files/1/0912/9351/6071/files/20231207_i1701928889_6816_3_jpg_0d89b52b-fadf-493b-827e-b0f04d51dc11.jpg?v=1775903186|https://cdn.shopify.com/s/files/1/0912/9351/6071/files/20231207_i1701928889_8986_7_jpg_623afbea-07c9-4b39-82eb-2aa8bb3fb4fa.jpg?v=1775903187|https://cdn.shopify.com/s/files/1/0912/9351/6071/files/20231207_i1701928889_7377_1_jpg_dbc868ba-f16c-417e-92fd-aacefd210f52.jpg?v=1775903187|https://cdn.shopify.com/s/files/1/0912/9351/6071/files/20231207_i1701928889_5665_2_jpg_acd76c60-8d36-4e48-8434-dcd13c4b16b8.jpg?v=1775903187,Hi I want Peekaboo ISeeU Small 27cm Bag gold lambskin gold hardware,
Peekaboo Mini Selleria Bag 23cm red leather shw with 220 hand-sewn stitches,https://cdn.shopify.com/s/files/1/0912/9351/6071/files/20220712_i1657607818_1777_1_jpg_efaeae5b-4bd4-43b6-9348-4faab922aa1e.jpg?v=1758938277,handbags,fendi,https://cdn.shopify.com/s/files/1/0912/9351/6071/files/20220712_i1657607818_1777_1_jpg_efaeae5b-4bd4-43b6-9348-4faab922aa1e.jpg?v=1758938277|https://cdn.shopify.com/s/files/1/0912/9351/6071/files/20220712_i1657607818_368_0_jpg_016879f5-baa8-4ae7-91aa-48d8d9b9a063.jpg?v=1758938277|https://cdn.shopify.com/s/files/1/0912/9351/6071/files/20220712_i1657607818_785_5_jpg_a5af82f9-8667-4044-87db-ed068e625ba4.jpg?v=1758938277|https://cdn.shopify.com/s/files/1/0912/9351/6071/files/20220712_i1657607818_1438_4_jpg_cff406d2-d5f8-4701-9498-9fc8cc131311.jpg?v=1758938277|https://cdn.shopify.com/s/files/1/0912/9351/6071/files/20220712_i1657607818_3132_6_jpg_701651e1-e415-47bb-bd46-731f4aa1c301.jpg?v=1758938277|https://cdn.shopify.com/s/files/1/0912/9351/6071/files/20220712_i1657607818_3718_7_jpg_4aead10e-6bf9-4a04-beec-78c74bf1a208.jpg?v=1758938277|https://cdn.shopify.com/s/files/1/0912/9351/6071/files/20220712_i1657607818_4167_2_jpg_2fa0c369-d9d6-4a7c-85cd-6283469ffba3.jpg?v=1758938277|https://cdn.shopify.com/s/files/1/0912/9351/6071/files/20220712_i1657607818_7359_8_jpg_481c33a3-ffae-4428-a2ab-9045f4ecdac9.jpg?v=1758938277|https://cdn.shopify.com/s/files/1/0912/9351/6071/files/20220712_i1657607818_7675_3_jpg_0711dea5-d46d-48d5-8b68-45aa5cfb9883.jpg?v=1758938277,Hi I want Peekaboo Mini Selleria Bag 23cm red leather shw with 220 hand-sewn stitches,
Peekaboo Mini 23cm Bag black lambskin gold hardware,https://cdn.shopify.com/s/files/1/0912/9351/6071/files/20220721_i1658384008_8368_1_jpg_7ff695e8-c567-4823-95b5-130cb5608856.jpg?v=1758938348,handbags,fendi,https://cdn.shopify.com/s/files/1/0912/9351/6071/files/20220721_i1658384008_8368_1_jpg_7ff695e8-c567-4823-95b5-130cb5608856.jpg?v=1758938348|https://cdn.shopify.com/s/files/1/0912/9351/6071/files/20220721_i1658384008_4_0_jpg_bd14abd3-6f86-4c47-aec9-b3ed569271e6.jpg?v=1758938348|https://cdn.shopify.com/s/files/1/0912/9351/6071/files/20220721_i1658384008_2646_5_jpg_ed2a5a7d-200b-4013-aec1-9a5bb34ff58c.jpg?v=1758938348|https://cdn.shopify.com/s/files/1/0912/9351/6071/files/20220721_i1658384008_4309_4_jpg_a6405f13-4126-4b71-994e-33d696157dc6.jpg?v=1758938348|https://cdn.shopify.com/s/files/1/0912/9351/6071/files/20220721_i1658384008_5085_7_jpg_d1062edc-2909-469d-9474-b1730323d560.jpg?v=1758938348|https://cdn.shopify.com/s/files/1/0912/9351/6071/files/20220721_i1658384008_9437_8_jpg_8bf55816-643a-4e53-8ae9-51176a1fe292.jpg?v=1758938348|https://cdn.shopify.com/s/files/1/0912/9351/6071/files/20220721_i1658384008_9722_6_jpg_031762d1-d4df-4db7-8db1-8bbc4928e5ea.jpg?v=1758938348|https://cdn.shopify.com/s/files/1/0912/9351/6071/files/20220721_i1658384008_6042_2_jpg_fce70891-9f7e-4dc9-8579-c7e8c67d5799.jpg?v=1758938348|https://cdn.shopify.com/s/files/1/0912/9351/6071/files/20220721_i1658384008_9230_3_jpg_911eca79-15bd-42b2-933b-bf01ad491168.jpg?v=1758938348,Hi I want Peekaboo Mini 23cm Bag black lambskin gold hardware,
Peekaboo ISeeU Petite 20 Bag Brown Lambskin Ghw,https://cdn.shopify.com/s/files/1/0912/9351/6071/files/20221017_i1665982558_7497_0_jpg_6cbbf0af-1217-4585-b47c-caba4e161834.jpg?v=1758938420,handbags,fendi,https://cdn.shopify.com/s/files/1/0912/9351/6071/files/20221017_i1665982558_7497_0_jpg_6cbbf0af-1217-4585-b47c-caba4e161834.jpg?v=1758938420|https://cdn.shopify.com/s/files/1/0912/9351/6071/files/20221017_i1665982558_9314_8_jpg_8338548e-68f2-420d-bb96-115db880959c.jpg?v=1758938420|https://cdn.shopify.com/s/files/1/0912/9351/6071/files/20221017_i1665982558_1355_5_jpg_ed196dd8-3f86-4cae-a6f3-6b625e9caea0.jpg?v=1758938420|https://cdn.shopify.com/s/files/1/0912/9351/6071/files/20221017_i1665982558_4350_7_jpg_3fadb70a-807e-447c-84fc-69797c8bf97a.jpg?v=1758938420|https://cdn.shopify.com/s/files/1/0912/9351/6071/files/20221017_i1665982558_687_1_jpg_119986e7-85f0-4e07-9768-ea750f42d173.jpg?v=1758938420|https://cdn.shopify.com/s/files/1/0912/9351/6071/files/20221017_i1665982558_2042_6_jpg_cb1c9b0f-c144-44f0-b2ec-aa48110e280a.jpg?v=1758938420|https://cdn.shopify.com/s/files/1/0912/9351/6071/files/20221017_i1665982558_2852_3_jpg_9ab111e9-79e6-4b13-b390-fde67ce1dadd.jpg?v=1758938420|https://cdn.shopify.com/s/files/1/0912/9351/6071/files/20221017_i1665982558_3042_2_jpg_85b09759-755e-4d96-80fe-4b05c8ae9f31.jpg?v=1758938420|https://cdn.shopify.com/s/files/1/0912/9351/6071/files/20221017_i1665982558_7276_4_jpg_f5ba2576-41e7-4c16-aeb5-34f43b4ab1f3.jpg?v=1758938420,Hi I want Peekaboo ISeeU Petite 20 Bag Brown Lambskin Ghw,
Peekaboo ISeeU Petite 20 Bag Ivory Leather Shw,https://cdn.shopify.com/s/files/1/0912/9351/6071/files/20240515_i1715751527_453_0_jpg_3cd2c36b-7f45-4bf5-91a5-b7e348f40ec1.jpg?v=1758938519,handbags,fendi,https://cdn.shopify.com/s/files/1/0912/9351/6071/files/20240515_i1715751527_453_0_jpg_3cd2c36b-7f45-4bf5-91a5-b7e348f40ec1.jpg?v=1758938519|https://cdn.shopify.com/s/files/1/0912/9351/6071/files/20240515_i1715751527_9380_7_jpg_5950db13-502e-4ec7-b852-89068986c462.jpg?v=1758938519|https://cdn.shopify.com/s/files/1/0912/9351/6071/files/20240515_i1715751527_9189_8_jpg_bc266515-fdfb-4121-8600-4236927cf0b1.jpg?v=1758938519|https://cdn.shopify.com/s/files/1/0912/9351/6071/files/20240515_i1715751527_1333_6_jpg_e48159f2-189e-492b-b58c-b5a680f7ce8c.jpg?v=1758938519|https://cdn.shopify.com/s/files/1/0912/9351/6071/files/20240515_i1715751527_1036_4_jpg_94614905-0f62-410f-ad9f-d5be1636a653.jpg?v=1758938519|https://cdn.shopify.com/s/files/1/0912/9351/6071/files/20240515_i1715751527_1678_3_jpg_5a8c9bac-f83b-4a9f-86e5-451b304b9cc2.jpg?v=1758938519|https://cdn.shopify.com/s/files/1/0912/9351/6071/files/20240515_i1715751527_4866_5_jpg_8316bb2d-aa03-465b-8d03-1e4734cd6a8e.jpg?v=1758938519|https://cdn.shopify.com/s/files/1/0912/9351/6071/files/20240515_i1715751527_5069_2_jpg_b3c0aaab-a171-4351-bab9-0f0193724414.jpg?v=1758938519|https://cdn.shopify.com/s/files/1/0912/9351/6071/files/20240515_i1715751527_5799_1_jpg_00cfc38a-6c30-46f1-bed1-90e712be2d5d.jpg?v=1758938519,Hi I want Peekaboo ISeeU Petite 20 Bag Ivory Leather Shw,
SHINE 40 TOTE BAG IN WHITE EMBOSSED CALFSKIN,https://cdn.shopify.com/s/files/1/0912/9351/6071/files/20200704_a1593838265585_0011_jpg.jpg?v=1758938653,handbags,fendi,https://cdn.shopify.com/s/files/1/0912/9351/6071/files/20200704_a1593838265585_0011_jpg.jpg?v=1758938653|https://cdn.shopify.com/s/files/1/0912/9351/6071/files/20200704_a1593838274447_7281_jpg.jpg?v=1758938653|https://cdn.shopify.com/s/files/1/0912/9351/6071/files/20200704_a1593838273415_3403_jpg.jpg?v=1758938653|https://cdn.shopify.com/s/files/1/0912/9351/6071/files/20200704_a1593838272686_2225_jpg.jpg?v=1758938653|https://cdn.shopify.com/s/files/1/0912/9351/6071/files/20200704_a1593838272009_7865_jpg.jpg?v=1758938653|https://cdn.shopify.com/s/files/1/0912/9351/6071/files/20200704_a1593838270889_0448_jpg.jpg?v=1758938653|https://cdn.shopify.com/s/files/1/0912/9351/6071/files/20200704_a1593838269807_4246_jpg.jpg?v=1758938653|https://cdn.shopify.com/s/files/1/0912/9351/6071/files/20200704_a1593838267259_5158_jpg.jpg?v=1758938653|https://cdn.shopify.com/s/files/1/0912/9351/6071/files/20200704_a1593838266674_1473_jpg.jpg?v=1758938653,Hi I want SHINE 40 TOTE BAG IN WHITE EMBOSSED CALFSKIN,
FENDI PEEKABOO ISEEU 20 BAG IN CHOCOLATE BROWN MIX BLACK NAPPA LEATHER GOLD HARDWARE,https://cdn.shopify.com/s/files/1/0912/9351/6071/files/img_223c3bc5_20231027_i1698388814_8018_5_jpg.jpg?v=1758938962,handbags,fendi,https://cdn.shopify.com/s/files/1/0912/9351/6071/files/img_223c3bc5_20231027_i1698388814_8018_5_jpg.jpg?v=1758938962|https://cdn.shopify.com/s/files/1/0912/9351/6071/files/img_223c3bc5_20231027_i1698388814_4165_0_jpg.jpg?v=1758938962|https://cdn.shopify.com/s/files/1/0912/9351/6071/files/img_223c3bc5_20231027_i1698388814_7157_2_jpg.jpg?v=1758938962|https://cdn.shopify.com/s/files/1/0912/9351/6071/files/img_223c3bc5_20231027_i1698388814_1951_1_jpg.jpg?v=1758938962|https://cdn.shopify.com/s/files/1/0912/9351/6071/files/img_223c3bc5_20231027_i1698388814_1092_6_jpg.jpg?v=1758938962|https://cdn.shopify.com/s/files/1/0912/9351/6071/files/img_223c3bc5_20231027_i1698388814_4355_3_jpg.jpg?v=1758938962|https://cdn.shopify.com/s/files/1/0912/9351/6071/files/img_223c3bc5_20231027_i1698388814_6352_7_jpg.jpg?v=1758938962|https://cdn.shopify.com/s/files/1/0912/9351/6071/files/img_223c3bc5_20231027_i1698388814_7325_4_jpg.jpg?v=1758938962|https://cdn.shopify.com/s/files/1/0912/9351/6071/files/img_223c3bc5_20231027_i1698388814_9911_8_jpg.jpg?v=1758938962,Hi I want FENDI PEEKABOO ISEEU 20 BAG IN CHOCOLATE BROWN MIX BLACK NAPPA LEATHER GOLD HARDWARE,
FENDI FIRST SMALL 32 IN WHITE NAPPA LEATHER BAG GOLD HARDWARE,https://cdn.shopify.com/s/files/1/0912/9351/6071/files/20220408_i1649403331_3072_1_jpg.jpg?v=1758939334,handbags,fendi,https://cdn.shopify.com/s/files/1/0912/9351/6071/files/20220408_i1649403331_3072_1_jpg.jpg?v=1758939334|https://cdn.shopify.com/s/files/1/0912/9351/6071/files/20220408_i1649403331_3429_0_jpg.jpg?v=1758939334|https://cdn.shopify.com/s/files/1/0912/9351/6071/files/20220408_i1649403331_5358_3_jpg.jpg?v=1758939334|https://cdn.shopify.com/s/files/1/0912/9351/6071/files/20220408_i1649403331_4861_4_jpg.jpg?v=1758939334|https://cdn.shopify.com/s/files/1/0912/9351/6071/files/20220408_i1649403331_8759_2_jpg.jpg?v=1758939334|https://cdn.shopify.com/s/files/1/0912/9351/6071/files/20220408_i1649403331_5093_6_jpg.jpg?v=1758939335|https://cdn.shopify.com/s/files/1/0912/9351/6071/files/20220408_i1649403331_5895_8_jpg.jpg?v=1758939335|https://cdn.shopify.com/s/files/1/0912/9351/6071/files/20220408_i1649403331_7813_5_jpg.jpg?v=1758939335,Hi I want FENDI FIRST SMALL 32 IN WHITE NAPPA LEATHER BAG GOLD HARDWARE,
FENDI KANI 26 BAG IN BLACK MIX CHOCOLATE BROWN FFF CALFSKIN WITH GOLD HARDWARE,https://cdn.shopify.com/s/files/1/0912/9351/6071/files/20220501_i1651389509_5348_1_jpg_cd15c51f-bd90-4b40-b5ef-efd148dafa9a.jpg?v=1782294760,handbags,fendi,https://cdn.shopify.com/s/files/1/0912/9351/6071/files/20220501_i1651389509_5348_1_jpg_cd15c51f-bd90-4b40-b5ef-efd148dafa9a.jpg?v=1782294760|https://cdn.shopify.com/s/files/1/0912/9351/6071/files/20220501_i1651389509_9733_2_jpg_338b1e87-0174-46af-909a-72c880533deb.jpg?v=1782294760|https://cdn.shopify.com/s/files/1/0912/9351/6071/files/20220501_i1651389509_4136_0_jpg_037a8eb7-6913-4ef6-82cd-b9c1fe72fded.jpg?v=1782294760|https://cdn.shopify.com/s/files/1/0912/9351/6071/files/1564245798_2605718272_0_907a4274-6bb7-403c-8685-1a493c46a36c.jpg?v=1782294760|https://cdn.shopify.com/s/files/1/0912/9351/6071/files/20220501_i1651389509_235_4_jpg_6e32dbfe-30b1-4aec-b247-329fbbc1157f.jpg?v=1782294760|https://cdn.shopify.com/s/files/1/0912/9351/6071/files/20220501_i1651389509_3009_6_jpg_fb0c5c45-a2b1-44bf-827b-9a43ec1297ce.jpg?v=1782294760|https://cdn.shopify.com/s/files/1/0912/9351/6071/files/20220501_i1651389509_7365_7_jpg_70761cd1-a08d-430d-8a7e-d5b3d16e1bd1.jpg?v=1782294760|https://cdn.shopify.com/s/files/1/0912/9351/6071/files/20220501_i1651389509_8479_3_jpg_3a8c131c-98d7-48b1-81b6-2c60aeae2e31.jpg?v=1782294760|https://cdn.shopify.com/s/files/1/0912/9351/6071/files/20220501_i1651389509_8920_5_jpg_74bed18e-af2f-46d1-84c6-9705390b3cff.jpg?v=1782294760,Hi I want FENDI KANI 26 BAG IN BLACK MIX CHOCOLATE BROWN FFF CALFSKIN WITH GOLD HARDWARE,
FENDI KANI 19 BAG IN BLACK MIX CHOCOLATE BROWN CALFSKIN WITH GOLD HARDWARE,https://cdn.shopify.com/s/files/1/0912/9351/6071/files/20220501_i1651389035_2368_1_jpg.jpg?v=1758939379,handbags,fendi,https://cdn.shopify.com/s/files/1/0912/9351/6071/files/20220501_i1651389035_2368_1_jpg.jpg?v=1758939379|https://cdn.shopify.com/s/files/1/0912/9351/6071/files/1564245848_1357925750_0.jpg?v=1758939379|https://cdn.shopify.com/s/files/1/0912/9351/6071/files/20220501_i1651389035_3525_3_jpg.jpg?v=1758939379|https://cdn.shopify.com/s/files/1/0912/9351/6071/files/20220501_i1651389035_9208_2_jpg.jpg?v=1758939379|https://cdn.shopify.com/s/files/1/0912/9351/6071/files/20220501_i1651389035_2053_4_jpg.jpg?v=1758939379|https://cdn.shopify.com/s/files/1/0912/9351/6071/files/20220501_i1651389237_8035_0_jpg.jpg?v=1758939379|https://cdn.shopify.com/s/files/1/0912/9351/6071/files/20220501_i1651389035_4303_5_jpg.jpg?v=1758939379|https://cdn.shopify.com/s/files/1/0912/9351/6071/files/20220501_i1651389035_5099_6_jpg.jpg?v=1758939379|https://cdn.shopify.com/s/files/1/0912/9351/6071/files/20220501_i1651389035_7124_7_jpg.jpg?v=1758939379,Hi I want FENDI KANI 19 BAG IN BLACK MIX CHOCOLATE BROWN CALFSKIN WITH GOLD HARDWARE,
BAGUETTE CANVAS 27 BAG WITH MULTICOLOUR FF EMBROIDERY GOLD HARDWARE,https://cdn.shopify.com/s/files/1/0912/9351/6071/files/20240816_i1723778982_7499_0_jpg.jpg?v=1758939800,handbags,fendi,https://cdn.shopify.com/s/files/1/0912/9351/6071/files/20240816_i1723778982_7499_0_jpg.jpg?v=1758939800|https://cdn.shopify.com/s/files/1/0912/9351/6071/files/20240816_i1723778982_7916_1_jpg.jpg?v=1758939800|https://cdn.shopify.com/s/files/1/0912/9351/6071/files/20240816_i1723778982_1111_2_jpg.jpg?v=1758939800|https://cdn.shopify.com/s/files/1/0912/9351/6071/files/20240816_i1723778982_9139_3_jpg_9e3d11d6-1a2c-4117-ad1c-ea68086c414e.jpg?v=1758939800|https://cdn.shopify.com/s/files/1/0912/9351/6071/files/20240816_i1723778982_8215_5_jpg.jpg?v=1758939800|https://cdn.shopify.com/s/files/1/0912/9351/6071/files/20240816_i1723778982_7014_4_jpg.jpg?v=1758939800|https://cdn.shopify.com/s/files/1/0912/9351/6071/files/20240816_i1723778982_4269_8_jpg.jpg?v=1758939800|https://cdn.shopify.com/s/files/1/0912/9351/6071/files/20240816_i1723778982_2300_6_jpg.jpg?v=1758939800|https://cdn.shopify.com/s/files/1/0912/9351/6071/files/20240816_i1723778982_1533_7_jpg.jpg?v=1758939800,Hi I want BAGUETTE CANVAS 27 BAG WITH MULTICOLOUR FF EMBROIDERY GOLD HARDWARE,
Baguette 27cm Dove Grey Lambskin Gold Hardware,https://cdn.shopify.com/s/files/1/0912/9351/6071/files/20220824_i1661331428_236_0_jpg_0eb6fc00-4b6f-439d-b9d6-87793a99e880.jpg?v=1776076386,handbags,fendi,https://cdn.shopify.com/s/files/1/0912/9351/6071/files/20220824_i1661331428_236_0_jpg_0eb6fc00-4b6f-439d-b9d6-87793a99e880.jpg?v=1776076386|https://cdn.shopify.com/s/files/1/0912/9351/6071/files/20220824_i1661331428_3152_5_jpg_c441390a-f1b2-48f5-a559-93689c62a834.jpg?v=1776076386|https://cdn.shopify.com/s/files/1/0912/9351/6071/files/20220824_i1661331428_3735_4_jpg_5cc1658d-6319-4f61-925b-eeb34a6180fa.jpg?v=1776076386|https://cdn.shopify.com/s/files/1/0912/9351/6071/files/20220824_i1661331428_3851_3_jpg_b96cec14-624f-4b7e-9431-83262e70e7fd.jpg?v=1776076386|https://cdn.shopify.com/s/files/1/0912/9351/6071/files/20220824_i1661331428_4257_7_jpg_5e605d6f-f970-4c87-bb4c-c08e3ecaa797.jpg?v=1776076386|https://cdn.shopify.com/s/files/1/0912/9351/6071/files/20220824_i1661331428_5456_6_jpg_7d886844-0d6f-4b54-b5d9-41775769d6fe.jpg?v=1776076386|https://cdn.shopify.com/s/files/1/0912/9351/6071/files/20220824_i1661331428_6934_8_jpg_8e352b9f-5876-40f3-8986-3e944c9652ee.jpg?v=1776076386|https://cdn.shopify.com/s/files/1/0912/9351/6071/files/20220824_i1661331428_8138_1_jpg_7ac7dbbd-f4c8-4cef-a80b-d9f06bfc1c66.jpg?v=1776076386|https://cdn.shopify.com/s/files/1/0912/9351/6071/files/20220824_i1661331428_8598_2_jpg_91c7ed40-7a30-4a14-97a4-a8b53fd90bc6.jpg?v=1776076386,Hi I want Baguette 27cm Dove Grey Lambskin Gold Hardware,
BY THE WAY MINI 18 IN BEIGE STRAW AND BROWN CALFSKIN TRIM,https://cdn.shopify.com/s/files/1/0912/9351/6071/files/20230628_i1687934701_5809_0_jpg.jpg?v=1758940157,handbags,fendi,https://cdn.shopify.com/s/files/1/0912/9351/6071/files/20230628_i1687934701_5809_0_jpg.jpg?v=1758940157|https://cdn.shopify.com/s/files/1/0912/9351/6071/files/20230628_i1687934701_798_3_jpg.jpg?v=1758940158|https://cdn.shopify.com/s/files/1/0912/9351/6071/files/20230628_i1687934701_6040_4_jpg.jpg?v=1758940158|https://cdn.shopify.com/s/files/1/0912/9351/6071/files/20230628_i1687934888_6415_1_jpg.jpg?v=1758940158|https://cdn.shopify.com/s/files/1/0912/9351/6071/files/20230628_i1687934888_8179_0_jpg.jpg?v=1758940158|https://cdn.shopify.com/s/files/1/0912/9351/6071/files/20230628_i1687934935_7721_0_jpg.jpg?v=1758940158|https://cdn.shopify.com/s/files/1/0912/9351/6071/files/20230628_i1687934701_622_1_jpg.jpg?v=1758940158|https://cdn.shopify.com/s/files/1/0912/9351/6071/files/20230628_i1687934780_3355_0_jpg.jpg?v=1758940158|https://cdn.shopify.com/s/files/1/0912/9351/6071/files/20230628_i1687934784_6400_0_jpg.jpg?v=1758940158,Hi I want BY THE WAY MINI 18 IN BEIGE STRAW AND BROWN CALFSKIN TRIM,
PEEKABOO ISEEU 27 IN BROWN SMOOTH CALFSKIN WITH WOVEN TRIM GOLD HARDWARE,https://cdn.shopify.com/s/files/1/0912/9351/6071/files/20220115_i1642230289_6155_0_jpg.jpg?v=1758940339,handbags,fendi,https://cdn.shopify.com/s/files/1/0912/9351/6071/files/20220115_i1642230289_6155_0_jpg.jpg?v=1758940339|https://cdn.shopify.com/s/files/1/0912/9351/6071/files/20220115_i1642230289_53_2_jpg.jpg?v=1758940339|https://cdn.shopify.com/s/files/1/0912/9351/6071/files/20220115_i1642230289_510_4_jpg.jpg?v=1758940339|https://cdn.shopify.com/s/files/1/0912/9351/6071/files/20220115_i1642230289_1624_1_jpg.jpg?v=1758940339|https://cdn.shopify.com/s/files/1/0912/9351/6071/files/20220115_i1642230289_1629_5_jpg.jpg?v=1758940339|https://cdn.shopify.com/s/files/1/0912/9351/6071/files/20220115_i1642230289_2971_6_jpg.jpg?v=1758940339|https://cdn.shopify.com/s/files/1/0912/9351/6071/files/20220115_i1642230289_3022_8_jpg.jpg?v=1758940339|https://cdn.shopify.com/s/files/1/0912/9351/6071/files/20220115_i1642230289_8357_7_jpg.jpg?v=1758940339|https://cdn.shopify.com/s/files/1/0912/9351/6071/files/20220115_i1642230289_9773_3_jpg.jpg?v=1758940339,Hi I want PEEKABOO ISEEU 27 IN BROWN SMOOTH CALFSKIN WITH WOVEN TRIM GOLD HARDWARE,
PEEKABOO ISEEU 33 IN CIDER BROWN GRAINED CALFSKIN SILVER HARDWARE,https://cdn.shopify.com/s/files/1/0912/9351/6071/files/20230527_i1685182465_2819_0_jpg.jpg?v=1758940449,handbags,fendi,https://cdn.shopify.com/s/files/1/0912/9351/6071/files/20230527_i1685182465_2819_0_jpg.jpg?v=1758940449|https://cdn.shopify.com/s/files/1/0912/9351/6071/files/20230527_i1685182465_191_5_jpg.jpg?v=1758940449|https://cdn.shopify.com/s/files/1/0912/9351/6071/files/20230527_i1685182465_295_6_jpg.jpg?v=1758940449|https://cdn.shopify.com/s/files/1/0912/9351/6071/files/20230527_i1685182465_4271_3_jpg.jpg?v=1758940449|https://cdn.shopify.com/s/files/1/0912/9351/6071/files/20230527_i1685182465_5291_8_jpg.jpg?v=1758940449|https://cdn.shopify.com/s/files/1/0912/9351/6071/files/20230527_i1685182465_7726_2_jpg.jpg?v=1758940449|https://cdn.shopify.com/s/files/1/0912/9351/6071/files/20230527_i1685182465_8429_4_jpg.jpg?v=1758940449|https://cdn.shopify.com/s/files/1/0912/9351/6071/files/20230527_i1685182465_9332_1_jpg.jpg?v=1758940449,Hi I want PEEKABOO ISEEU 33 IN CIDER BROWN GRAINED CALFSKIN SILVER HARDWARE,
BAGUETTE MINI 19 IN LIMERICK GREEN SEQUINS GOLD HARDWARE,https://cdn.shopify.com/s/files/1/0912/9351/6071/files/20230220_i1676885171_9929_0_jpg.jpg?v=1758940638,handbags,fendi,https://cdn.shopify.com/s/files/1/0912/9351/6071/files/20230220_i1676885171_9929_0_jpg.jpg?v=1758940638|https://cdn.shopify.com/s/files/1/0912/9351/6071/files/20230220_i1676885171_1166_7_jpg.jpg?v=1758940638|https://cdn.shopify.com/s/files/1/0912/9351/6071/files/20230220_i1676885171_1273_2_jpg.jpg?v=1758940638|https://cdn.shopify.com/s/files/1/0912/9351/6071/files/20230220_i1676885171_4214_6_jpg.jpg?v=1758940638|https://cdn.shopify.com/s/files/1/0912/9351/6071/files/20230220_i1676885171_4407_1_jpg.jpg?v=1758940638|https://cdn.shopify.com/s/files/1/0912/9351/6071/files/20230220_i1676885171_5587_3_jpg.jpg?v=1758940638|https://cdn.shopify.com/s/files/1/0912/9351/6071/files/20230220_i1676885171_6222_4_jpg.jpg?v=1758940638|https://cdn.shopify.com/s/files/1/0912/9351/6071/files/20230220_i1676885171_6801_5_jpg.jpg?v=1758940638|https://cdn.shopify.com/s/files/1/0912/9351/6071/files/20230220_i1676885171_8457_8_jpg.jpg?v=1758940638,Hi I want BAGUETTE MINI 19 IN LIMERICK GREEN SEQUINS GOLD HARDWARE,
BAGUETTE WITH FF MOTIF 27 IN LIMERICK SOFT LAMBSKIN GOLD HARDWARE,https://cdn.shopify.com/s/files/1/0912/9351/6071/files/20221228_i1672214275_6672_0_jpg_f1f595c9-c6a4-46af-bec6-ded34c464c1a.jpg?v=1758940810,handbags,fendi,https://cdn.shopify.com/s/files/1/0912/9351/6071/files/20221228_i1672214275_6672_0_jpg_f1f595c9-c6a4-46af-bec6-ded34c464c1a.jpg?v=1758940810|https://cdn.shopify.com/s/files/1/0912/9351/6071/files/20221228_i1672214275_650_7_jpg_97cc8591-926d-4855-a3a2-24dbe89d080f.jpg?v=1758940810|https://cdn.shopify.com/s/files/1/0912/9351/6071/files/20221228_i1672214275_2331_8_jpg_ffeae018-ccaf-4968-a33c-31d3176d1cc6.jpg?v=1758940810|https://cdn.shopify.com/s/files/1/0912/9351/6071/files/20221228_i1672214275_7312_6_jpg_959834c2-7702-4b6c-bbc4-927e688f938d.jpg?v=1758940810|https://cdn.shopify.com/s/files/1/0912/9351/6071/files/20221228_i1672214275_7798_1_jpg.jpg?v=1758940810|https://cdn.shopify.com/s/files/1/0912/9351/6071/files/20221228_i1672214275_8070_5_jpg_f44d8dce-c277-4008-a158-9a8036460781.jpg?v=1758940810|https://cdn.shopify.com/s/files/1/0912/9351/6071/files/20221228_i1672214275_8587_3_jpg_0006cd0b-acaa-4f8e-b769-513feb2ca309.jpg?v=1758940810|https://cdn.shopify.com/s/files/1/0912/9351/6071/files/20221228_i1672214275_8868_2_jpg_4a1154c2-93b2-4d11-9a5c-9f4ad3601895.jpg?v=1758940810|https://cdn.shopify.com/s/files/1/0912/9351/6071/files/20221228_i1672214275_9564_4_jpg_fe0d2f1e-57e8-4bea-8c5c-6ec7fdff655a.jpg?v=1758940810,Hi I want BAGUETTE WITH FF MOTIF 27 IN LIMERICK SOFT LAMBSKIN GOLD HARDWARE,
BAGUETTE WITH FF MOTIF 27 IN MAUVE PURPLE SOFT LAMBSKIN GOLD HARDWARE,https://cdn.shopify.com/s/files/1/0912/9351/6071/files/20221228_i1672213730_9522_0_jpg_2045a34d-d9d5-499d-833a-5750ea596289.jpg?v=1758940820,handbags,fendi,https://cdn.shopify.com/s/files/1/0912/9351/6071/files/20221228_i1672213730_9522_0_jpg_2045a34d-d9d5-499d-833a-5750ea596289.jpg?v=1758940820|https://cdn.shopify.com/s/files/1/0912/9351/6071/files/20221228_i1672213730_236_3_jpg_4e3113d2-c0c8-47b4-80cb-26123866ceeb.jpg?v=1758940820|https://cdn.shopify.com/s/files/1/0912/9351/6071/files/20221228_i1672213730_296_6_jpg_c924cfd5-5f64-4d3c-b1ae-faba107f848f.jpg?v=1758940820|https://cdn.shopify.com/s/files/1/0912/9351/6071/files/20221228_i1672213730_1512_4_jpg_f2016ff6-3861-4eac-9010-a4beaf65bd23.jpg?v=1758940820|https://cdn.shopify.com/s/files/1/0912/9351/6071/files/20221228_i1672213730_2976_8_jpg_fd2de60b-5e4f-48eb-965a-6186e144fb99.jpg?v=1758940820|https://cdn.shopify.com/s/files/1/0912/9351/6071/files/20221228_i1672213730_4067_5_jpg_9923d1e1-845f-4b02-9d13-215244f5aaeb.jpg?v=1758940820|https://cdn.shopify.com/s/files/1/0912/9351/6071/files/20221228_i1672213730_4958_2_jpg_1b340165-9f82-4dbb-b692-3642cead8690.jpg?v=1758940820|https://cdn.shopify.com/s/files/1/0912/9351/6071/files/20221228_i1672213730_5544_1_jpg_8018d7b7-c3eb-45ed-8fb4-11fde8c3101e.jpg?v=1758940820|https://cdn.shopify.com/s/files/1/0912/9351/6071/files/20221228_i1672213730_6587_7_jpg_5ce3c486-6314-4d42-b11e-ee217c492fe2.jpg?v=1758940820,Hi I want BAGUETTE WITH FF MOTIF 27 IN MAUVE PURPLE SOFT LAMBSKIN GOLD HARDWARE,
BAGUETTE WITH FF MOTIF 27 IN DE YORK GREEN SOFT LAMBSKIN GOLD HARDWARE,https://cdn.shopify.com/s/files/1/0912/9351/6071/files/20230508_i1683530198_9673_0_jpg_e5e71db9-9a3d-4def-956d-840052471409.jpg?v=1758940830,handbags,fendi,https://cdn.shopify.com/s/files/1/0912/9351/6071/files/20230508_i1683530198_9673_0_jpg_e5e71db9-9a3d-4def-956d-840052471409.jpg?v=1758940830|https://cdn.shopify.com/s/files/1/0912/9351/6071/files/20230508_i1683530198_9736_5_jpg_a61905d3-cad5-44ce-8912-8e91a7850a30.jpg?v=1758940830|https://cdn.shopify.com/s/files/1/0912/9351/6071/files/20230508_i1683530198_2493_6_jpg_8ae250a9-d0f3-4b23-8ace-b61b6b6b2f8c.jpg?v=1758940830|https://cdn.shopify.com/s/files/1/0912/9351/6071/files/20230508_i1683530198_4387_2_jpg_9043fc6d-0a93-42fa-88ad-8f2956a5abe2.jpg?v=1758940830|https://cdn.shopify.com/s/files/1/0912/9351/6071/files/20230508_i1683530198_5901_8_jpg_ce57bc76-7aa1-4fc5-be57-ff3b1a5e2dc9.jpg?v=1758940830|https://cdn.shopify.com/s/files/1/0912/9351/6071/files/20230508_i1683530198_7092_3_jpg_ea4ef3ce-b2b9-43d9-88aa-ec6e02167226.jpg?v=1758940830|https://cdn.shopify.com/s/files/1/0912/9351/6071/files/20230508_i1683530198_8959_4_jpg_c8e90877-b891-4d12-99d5-c7b1912bbfb2.jpg?v=1758940830|https://cdn.shopify.com/s/files/1/0912/9351/6071/files/20230508_i1683530198_9647_7_jpg_8a405193-d863-40ac-9639-633bdd9f2662.jpg?v=1758940830|https://cdn.shopify.com/s/files/1/0912/9351/6071/files/20230508_i1683530198_9840_1_jpg_11bee88c-3bdf-4895-995f-33da7b549cdd.jpg?v=1758940830,Hi I want BAGUETTE WITH FF MOTIF 27 IN DE YORK GREEN SOFT LAMBSKIN GOLD HARDWARE,
BAGUETTE WITH FF MOTIF 27 IN CERISH PINK SOFT LAMBSKIN GOLD HARDWARE,https://cdn.shopify.com/s/files/1/0912/9351/6071/files/20220819_i1660894614_91_0_jpg_7df3a1d8-e474-476b-b8f5-943cb2592688.jpg?v=1758940838,handbags,fendi,https://cdn.shopify.com/s/files/1/0912/9351/6071/files/20220819_i1660894614_91_0_jpg_7df3a1d8-e474-476b-b8f5-943cb2592688.jpg?v=1758940838|https://cdn.shopify.com/s/files/1/0912/9351/6071/files/20220819_i1660894614_886_3_jpg_98fea8f2-f6a3-4895-bb57-df28d578927b.jpg?v=1758940838|https://cdn.shopify.com/s/files/1/0912/9351/6071/files/20220819_i1660894614_2414_7_jpg_8815c493-1452-43de-a1b2-ae5e0256ab05.jpg?v=1758940838|https://cdn.shopify.com/s/files/1/0912/9351/6071/files/20220819_i1660894614_3478_1_jpg_45329ae1-d3dc-4d3a-96cb-f3f58c54053b.jpg?v=1758940838|https://cdn.shopify.com/s/files/1/0912/9351/6071/files/20220819_i1660894614_5404_4_jpg_61c3489a-5be2-4cef-ba58-332dd2a7f475.jpg?v=1758940838|https://cdn.shopify.com/s/files/1/0912/9351/6071/files/20220819_i1660894614_7095_2_jpg_0588ee59-2432-4a8d-bf28-4ea00cc0ae94.jpg?v=1758940838|https://cdn.shopify.com/s/files/1/0912/9351/6071/files/20220819_i1660894614_8832_6_jpg_736c05a4-a246-489a-ac1f-336e4375dc91.jpg?v=1758940838|https://cdn.shopify.com/s/files/1/0912/9351/6071/files/20220819_i1660894614_9107_5_jpg_ea2b13bd-f68e-4c16-a2b3-1be840986ccf.jpg?v=1758940838,Hi I want BAGUETTE WITH FF MOTIF 27 IN CERISH PINK SOFT LAMBSKIN GOLD HARDWARE,
BAGUETTE WITH FF MOTIF 27 IN VIRIDIAN GREEN SOFT LAMBSKIN GOLD HARDWARE,https://cdn.shopify.com/s/files/1/0912/9351/6071/files/20220724_i1658642874_4943_1_jpg_fe17f105-b6fe-4e47-b7a8-f25748f9f686.jpg?v=1758940848,handbags,fendi,https://cdn.shopify.com/s/files/1/0912/9351/6071/files/20220724_i1658642874_4943_1_jpg_fe17f105-b6fe-4e47-b7a8-f25748f9f686.jpg?v=1758940848|https://cdn.shopify.com/s/files/1/0912/9351/6071/files/20220724_i1658642874_2617_6_jpg_ea5f91c9-14ae-48bb-ae50-4f166917af76.jpg?v=1758940848|https://cdn.shopify.com/s/files/1/0912/9351/6071/files/20220724_i1658642874_2816_5_jpg_5c1952a1-4daf-4424-a6ac-b39c286d816c.jpg?v=1758940848|https://cdn.shopify.com/s/files/1/0912/9351/6071/files/20220724_i1658642874_5589_8_jpg_6eaff03b-5a3a-468d-be35-2dca02370b53.jpg?v=1758940849|https://cdn.shopify.com/s/files/1/0912/9351/6071/files/20220724_i1658642874_8134_2_jpg_806940e5-77f5-43f7-b871-56fe17d9dc07.jpg?v=1758940849|https://cdn.shopify.com/s/files/1/0912/9351/6071/files/20220724_i1658642874_8628_4_jpg_9f266df9-299a-4d31-b097-bd70711a71dd.jpg?v=1758940849|https://cdn.shopify.com/s/files/1/0912/9351/6071/files/20220724_i1658642874_9400_3_jpg_5ecf1043-8b44-46e6-a8eb-2d78361350b4.jpg?v=1758940849|https://cdn.shopify.com/s/files/1/0912/9351/6071/files/20220724_i1658642874_9858_7_jpg_0e7deb0f-bbc9-451c-b36d-26191252999c.jpg?v=1758940849,Hi I want BAGUETTE WITH FF MOTIF 27 IN VIRIDIAN GREEN SOFT LAMBSKIN GOLD HARDWARE,
Fendi 2026 Fendigraphy Bag White Calfskin With Gold-tone Metal,https://cdn.shopify.com/s/files/1/0912/9351/6071/files/Image_20260411140107_11783_3.png?v=1779781180,handbags,fendi,https://cdn.shopify.com/s/files/1/0912/9351/6071/files/Image_20260411140107_11783_3.png?v=1779781180|https://cdn.shopify.com/s/files/1/0912/9351/6071/files/Image_20260526103805_32_22.jpg?v=1779781180|https://cdn.shopify.com/s/files/1/0912/9351/6071/files/Image_20260526103805_33_22.jpg?v=1779781180|https://cdn.shopify.com/s/files/1/0912/9351/6071/files/Image_20260526103806_34_22.jpg?v=1779781180|https://cdn.shopify.com/s/files/1/0912/9351/6071/files/Image_20260526103807_35_22.jpg?v=1779781180|https://cdn.shopify.com/s/files/1/0912/9351/6071/files/Image_20260526103808_36_22.jpg?v=1779781180|https://cdn.shopify.com/s/files/1/0912/9351/6071/files/Image_20260526103809_37_22.jpg?v=1779781180|https://cdn.shopify.com/s/files/1/0912/9351/6071/files/Image_20260526103810_38_22.jpg?v=1779781180|https://cdn.shopify.com/s/files/1/0912/9351/6071/files/Image_20260526103811_39_22.jpg?v=1779781180,Hi I want Fendi 2026 Fendigraphy Bag White Calfskin With Gold-tone Metal,New
FENDI MEDIUM 27 BAG IN TRUE BLUE MONOGRAM DENIM GOLD HARDWARE,https://cdn.shopify.com/s/files/1/0912/9351/6071/files/20240528_i1716881744_1491_0_jpg_c97c2fac-e07f-4a91-89f8-13d560415054.jpg?v=1779703820,handbags,fendi,https://cdn.shopify.com/s/files/1/0912/9351/6071/files/20240528_i1716881744_1491_0_jpg_c97c2fac-e07f-4a91-89f8-13d560415054.jpg?v=1779703820|https://cdn.shopify.com/s/files/1/0912/9351/6071/files/20240528_i1716881744_6141_7_jpg_bfb4deb8-8eea-4647-a7af-5f6cbef3e0d0.jpg?v=1779703820|https://cdn.shopify.com/s/files/1/0912/9351/6071/files/20240528_i1716881744_2936_1_jpg_fd0c7271-1067-4414-8474-baa3da46fb6c.jpg?v=1779703820|https://cdn.shopify.com/s/files/1/0912/9351/6071/files/20240528_i1716881744_6819_6_jpg_130c41c0-46e9-4c58-ae03-443d0112e422.jpg?v=1779703820|https://cdn.shopify.com/s/files/1/0912/9351/6071/files/20240528_i1716881744_6185_5_jpg_1c66259b-18ed-4f8e-9daf-d2b8a0365da6.jpg?v=1779703820|https://cdn.shopify.com/s/files/1/0912/9351/6071/files/20240528_i1716881744_5429_4_jpg_e064038b-3005-41fc-a249-12d201bb523b.jpg?v=1779703820|https://cdn.shopify.com/s/files/1/0912/9351/6071/files/20240528_i1716881744_8671_3_jpg_5b97d094-73ef-41a1-811e-20605a443002.jpg?v=1779703820|https://cdn.shopify.com/s/files/1/0912/9351/6071/files/20240528_i1716881744_4601_8_jpg_513aec2c-16c3-4490-ba71-0fecf23e7183.jpg?v=1779703820|https://cdn.shopify.com/s/files/1/0912/9351/6071/files/20240528_i1716881744_3472_2_jpg_9a3d63fc-4268-46d8-9451-85cbc348ea7a.jpg?v=1779703820,Hi I want FENDI MEDIUM 27 BAG IN TRUE BLUE MONOGRAM DENIM GOLD HARDWARE,
FENDI 26 BAGUETTE LIGHT PINK NAPPA LEATHER BAG WITH GOLD HARDWARE,https://cdn.shopify.com/s/files/1/0912/9351/6071/files/20230207_i1675772375_205_3_jpg_1669ea93-fcf5-4dad-b133-2b7869532749.jpg?v=1779703818,handbags,fendi,https://cdn.shopify.com/s/files/1/0912/9351/6071/files/20230207_i1675772375_205_3_jpg_1669ea93-fcf5-4dad-b133-2b7869532749.jpg?v=1779703818|https://cdn.shopify.com/s/files/1/0912/9351/6071/files/20230207_i1675772375_8157_0_jpg_f4b6c912-f1bb-4b0f-97bc-0dcc549c2f68.jpg?v=1779703818|https://cdn.shopify.com/s/files/1/0912/9351/6071/files/20230318_i1679110453_4839_0_jpg_d119d4d7-8274-424c-8051-9698868d550c.jpg?v=1779703818|https://cdn.shopify.com/s/files/1/0912/9351/6071/files/20230207_i1675772375_197_2_jpg_1cbdc3af-7267-450b-9c95-e45d709685ca.jpg?v=1779703818|https://cdn.shopify.com/s/files/1/0912/9351/6071/files/20230207_i1675772375_318_1_jpg_5622c726-d57e-4ea5-86bf-c3b484e50ea7.jpg?v=1779703818|https://cdn.shopify.com/s/files/1/0912/9351/6071/files/20230207_i1675772386_1099_1_jpg_cb11a102-d3fa-40ef-9be8-42f0504fae8b.jpg?v=1779703818|https://cdn.shopify.com/s/files/1/0912/9351/6071/files/20230207_i1675772386_6775_0_jpg_da1dacd6-4f04-4419-850f-5703423c58ba.jpg?v=1779703818|https://cdn.shopify.com/s/files/1/0912/9351/6071/files/20230207_i1675772386_9415_2_jpg_260f8fe6-a0c3-4e9a-9306-fdff34613d7d.jpg?v=1779703818|https://cdn.shopify.com/s/files/1/0912/9351/6071/files/20230318_i1679110453_8697_1_jpg_8332afbd-f4be-4082-b4d9-27303d99e530.jpg?v=1779703818,Hi I want FENDI 26 BAGUETTE LIGHT PINK NAPPA LEATHER BAG WITH GOLD HARDWARE,
FENDI FENDACE BROOCH MINI 20 BAGUETTE BAG IN LIGHT PINK CALFSKIN,https://cdn.shopify.com/s/files/1/0912/9351/6071/files/20220525_i1653415295_2244_0_jpg_06a7374e-b2bd-4a73-ab45-eac972c2d788.jpg?v=1779703816,handbags,fendi,https://cdn.shopify.com/s/files/1/0912/9351/6071/files/20220525_i1653415295_2244_0_jpg_06a7374e-b2bd-4a73-ab45-eac972c2d788.jpg?v=1779703816|https://cdn.shopify.com/s/files/1/0912/9351/6071/files/20220525_i1653415295_9419_3_jpg_23267374-9077-4142-98d6-b1276d7678fa.jpg?v=1779703816|https://cdn.shopify.com/s/files/1/0912/9351/6071/files/20220525_i1653415295_5843_4_jpg_a4697511-93b4-4df5-a8c9-373313c450cd.jpg?v=1779703816|https://cdn.shopify.com/s/files/1/0912/9351/6071/files/20220525_i1653415295_8001_1_jpg_c8d1c21f-99f4-4f48-a4e2-6103a72e53d1.jpg?v=1779703816|https://cdn.shopify.com/s/files/1/0912/9351/6071/files/20220525_i1653415295_9927_2_jpg_fe88b0e6-0ce8-4d81-bf29-20e800c28e45.jpg?v=1779703816,Hi I want FENDI FENDACE BROOCH MINI 20 BAGUETTE BAG IN LIGHT PINK CALFSKIN,
Fend Baguette 24 Bag With FF Motif Baby Blue Leather Ghw,https://cdn.shopify.com/s/files/1/0912/9351/6071/files/20220714_i1657788621_3819_0_jpg_0b6495cd-2341-40c1-992f-758844feea51.jpg?v=1779703810,handbags,fendi,https://cdn.shopify.com/s/files/1/0912/9351/6071/files/20220714_i1657788621_3819_0_jpg_0b6495cd-2341-40c1-992f-758844feea51.jpg?v=1779703810|https://cdn.shopify.com/s/files/1/0912/9351/6071/files/20220714_i1657788446_4733_4_jpg_535ddb74-eb7d-4288-80f1-b08a6079693f.jpg?v=1779703810|https://cdn.shopify.com/s/files/1/0912/9351/6071/files/20220714_i1657788446_3367_5_jpg_67933a2c-43a6-4228-8aaf-0b7490a41b3f.jpg?v=1779703810|https://cdn.shopify.com/s/files/1/0912/9351/6071/files/20220714_i1657788446_3895_3_jpg_ec84e1de-1c02-4306-98f4-6c00bd23bde7.jpg?v=1779703810|https://cdn.shopify.com/s/files/1/0912/9351/6071/files/20220714_i1657788446_6954_0_jpg_ca2518a5-49c7-4b0d-9619-886c19f102c2.jpg?v=1779703810|https://cdn.shopify.com/s/files/1/0912/9351/6071/files/20220714_i1657788446_8469_2_jpg_76985431-e04a-4843-8896-ee3a3d4d921e.jpg?v=1779703810|https://cdn.shopify.com/s/files/1/0912/9351/6071/files/20220714_i1657788725_6663_0_jpg_e14c347d-9d07-4d5c-a2e6-c60d9dce2855.jpg?v=1779703810|https://cdn.shopify.com/s/files/1/0912/9351/6071/files/20220714_i1657788446_3147_1_jpg_ade03919-c292-4598-baf9-531446047b03.jpg?v=1779703810|https://cdn.shopify.com/s/files/1/0912/9351/6071/files/20220714_i1657788788_6034_0_jpg_9bd6a189-92a6-475b-9487-ddab6e8cc97f.jpg?v=1779703810,Hi I want Fend Baguette 24 Bag With FF Motif Baby Blue Leather Ghw,
Fend Baguette 27 Bag With FF Motif Blue Leather Ghw,https://cdn.shopify.com/s/files/1/0912/9351/6071/files/20230314_i1678773424_8496_0_jpg_e32f9eaa-df50-45ae-9b41-388c75bde941.jpg?v=1779703806,handbags,fendi,https://cdn.shopify.com/s/files/1/0912/9351/6071/files/20230314_i1678773424_8496_0_jpg_e32f9eaa-df50-45ae-9b41-388c75bde941.jpg?v=1779703806|https://cdn.shopify.com/s/files/1/0912/9351/6071/files/20230314_i1678773424_8152_4_jpg_3f92f472-9950-4a1f-a565-88067fa795e5.jpg?v=1779703806|https://cdn.shopify.com/s/files/1/0912/9351/6071/files/20230314_i1678773424_867_6_jpg_442c7aaf-3f0d-499e-8792-a2f642c755d2.jpg?v=1779703806|https://cdn.shopify.com/s/files/1/0912/9351/6071/files/20230314_i1678773424_2776_3_jpg_6063835c-2f4a-44ff-a2a1-b543921ab77f.jpg?v=1779703806|https://cdn.shopify.com/s/files/1/0912/9351/6071/files/20230314_i1678773424_4234_2_jpg_ba944c2a-89d5-43a2-96f0-630259d4c773.jpg?v=1779703806|https://cdn.shopify.com/s/files/1/0912/9351/6071/files/20230314_i1678773424_4610_7_jpg_38eb1d0e-4461-4088-a545-9c1de63a80e4.jpg?v=1779703806|https://cdn.shopify.com/s/files/1/0912/9351/6071/files/20230314_i1678773424_5133_8_jpg_58d26920-f4dd-4b98-b278-4c207cd778a1.jpg?v=1779703806|https://cdn.shopify.com/s/files/1/0912/9351/6071/files/20230314_i1678773424_6633_5_jpg_48e2c0ff-da10-44d0-98be-0b5ac4013868.jpg?v=1779703806|https://cdn.shopify.com/s/files/1/0912/9351/6071/files/20230314_i1678773424_8114_1_jpg_057558a8-8bdd-4dcc-941f-2098756db7dd.jpg?v=1779703806,Hi I want Fend Baguette 27 Bag With FF Motif Blue Leather Ghw,
Fend Baguette White Canvas Bag 27 with FF Embroidery Ghw,https://cdn.shopify.com/s/files/1/0912/9351/6071/files/20221227_i1672127640_7618_0_jpg_4c50dc55-b81e-4bee-badf-4258ad76822b.jpg?v=1779703797,handbags,fendi,https://cdn.shopify.com/s/files/1/0912/9351/6071/files/20221227_i1672127640_7618_0_jpg_4c50dc55-b81e-4bee-badf-4258ad76822b.jpg?v=1779703797|https://cdn.shopify.com/s/files/1/0912/9351/6071/files/20221227_i1672127640_79_5_jpg_d18b281d-c57f-4a89-8ad6-2c2946019310.jpg?v=1779703797|https://cdn.shopify.com/s/files/1/0912/9351/6071/files/20221227_i1672127640_1543_2_jpg_078ddcbc-774c-4c17-9de8-a94a66481b3e.jpg?v=1779703797|https://cdn.shopify.com/s/files/1/0912/9351/6071/files/20221227_i1672127640_1986_6_jpg_ae6de71c-e428-40e0-ac68-f4bb9fa224d5.jpg?v=1779703797|https://cdn.shopify.com/s/files/1/0912/9351/6071/files/20221227_i1672127640_3142_3_jpg_844b92fa-2797-4880-9023-9c73ffb2df47.jpg?v=1779703797|https://cdn.shopify.com/s/files/1/0912/9351/6071/files/20221227_i1672127640_3183_8_jpg_3475a83a-53b9-4076-9fc3-679a5b0a3541.jpg?v=1779703798|https://cdn.shopify.com/s/files/1/0912/9351/6071/files/20221227_i1672127640_5749_4_jpg_56046afe-3910-4b4a-9507-8453d5ac2af2.jpg?v=1779703797|https://cdn.shopify.com/s/files/1/0912/9351/6071/files/20221227_i1672127640_9276_1_jpg_84701290-340f-48bf-9cfe-2e71c78561b6.jpg?v=1779703797|https://cdn.shopify.com/s/files/1/0912/9351/6071/files/20221227_i1672127640_9518_7_jpg_6db28c3d-43ab-4824-a1e2-78c7277267a0.jpg?v=1779703797,Hi I want Fend Baguette White Canvas Bag 27 with FF Embroidery Ghw,
Mini Baguette Bag 20 With FF Motif Burgundy Leather Ghw,https://cdn.shopify.com/s/files/1/0912/9351/6071/files/20240113_i1705125842_744_0_jpg_4b48b4ed-db54-427c-950c-3ad02c4544c0.jpg?v=1775903170,handbags,fendi,https://cdn.shopify.com/s/files/1/0912/9351/6071/files/20240113_i1705125842_744_0_jpg_4b48b4ed-db54-427c-950c-3ad02c4544c0.jpg?v=1775903170|https://cdn.shopify.com/s/files/1/0912/9351/6071/files/20240113_i1705125842_1577_7_jpg_87e58434-98af-43ab-a833-79d703eed291.jpg?v=1775903170|https://cdn.shopify.com/s/files/1/0912/9351/6071/files/20240113_i1705125842_8794_4_jpg_f5a674c9-0c72-4246-ab65-6761a3cf8e54.jpg?v=1775903171|https://cdn.shopify.com/s/files/1/0912/9351/6071/files/20240113_i1705125842_5065_8_jpg_b971bc02-bb7a-490c-8ba1-17475b8831d4.jpg?v=1775903170|https://cdn.shopify.com/s/files/1/0912/9351/6071/files/20240113_i1705125842_5908_2_jpg_fb4c6f5d-8ae4-4ead-936f-61fdb44ec8df.jpg?v=1775903170|https://cdn.shopify.com/s/files/1/0912/9351/6071/files/20240113_i1705125842_8737_1_jpg_9404e1bd-ba72-4ca3-9d1b-087fe832009b.jpg?v=1775903170|https://cdn.shopify.com/s/files/1/0912/9351/6071/files/20240113_i1705125842_9830_3_jpg_dff1636e-1d8e-4f3c-a115-14df758be762.jpg?v=1775903170|https://cdn.shopify.com/s/files/1/0912/9351/6071/files/20240113_i1705125842_586_6_jpg_2dc55ca5-7a0c-47e8-bd51-50f40f959684.jpg?v=1775903170|https://cdn.shopify.com/s/files/1/0912/9351/6071/files/20240113_i1705125842_5940_5_jpg_7043a474-4233-4fcc-b0af-a532b0fa87f4.jpg?v=1775903170,Hi I want Mini Baguette Bag 20 With FF Motif Burgundy Leather Ghw,
Fend Baguette White Brown and Multicolour Canvas Bag 27 with FF Embroidery Ghw,https://cdn.shopify.com/s/files/1/0912/9351/6071/files/20230801_i1690878070_8372_0_jpg_57f2b86a-7ad3-4322-b69f-df5c784f8a8c.jpg?v=1758937496,handbags,fendi,https://cdn.shopify.com/s/files/1/0912/9351/6071/files/20230801_i1690878070_8372_0_jpg_57f2b86a-7ad3-4322-b69f-df5c784f8a8c.jpg?v=1758937496|https://cdn.shopify.com/s/files/1/0912/9351/6071/files/20230801_i1690878070_472_8_jpg_cd2576e3-c9ad-46c2-b732-4667668cc285.jpg?v=1758937496|https://cdn.shopify.com/s/files/1/0912/9351/6071/files/20230801_i1690878070_7743_4_jpg_4329faf9-84e9-49ad-816e-39cfabe4d1cb.jpg?v=1758937496|https://cdn.shopify.com/s/files/1/0912/9351/6071/files/20230801_i1690878070_4673_2_jpg_e5b86a24-e97c-4a60-98b9-643f1348e27d.jpg?v=1758937496|https://cdn.shopify.com/s/files/1/0912/9351/6071/files/20230801_i1690878070_8135_1_jpg_a251b26a-4ecb-4e25-a0eb-3018f618d2e9.jpg?v=1758937496|https://cdn.shopify.com/s/files/1/0912/9351/6071/files/20230801_i1690878070_9153_3_jpg_b17726c8-f64d-4317-a818-7d3c7914aec5.jpg?v=1758937496|https://cdn.shopify.com/s/files/1/0912/9351/6071/files/20230801_i1690878070_296_6_jpg_c210e3c7-015c-483a-b841-ef71990846c9.jpg?v=1758937496|https://cdn.shopify.com/s/files/1/0912/9351/6071/files/20230801_i1690878070_2175_7_jpg_f4ea1fdc-6735-4247-9582-8789393179da.jpg?v=1758937496|https://cdn.shopify.com/s/files/1/0912/9351/6071/files/20230801_i1690878070_7688_5_jpg_7ad7f7b0-27ef-49c5-b17b-4a0fb82a31ae.jpg?v=1758937496,Hi I want Fend Baguette White Brown and Multicolour Canvas Bag 27 with FF Embroidery Ghw,
Fend Baguette White and Multicolour Canvas Bag 27 with FF Embroidery Ghw,https://cdn.shopify.com/s/files/1/0912/9351/6071/files/20230410_i1681111564_8605_0_jpg_3355e9d1-bcb8-4e48-87c3-b5df83e7c560.jpg?v=1758937505,handbags,fendi,https://cdn.shopify.com/s/files/1/0912/9351/6071/files/20230410_i1681111564_8605_0_jpg_3355e9d1-bcb8-4e48-87c3-b5df83e7c560.jpg?v=1758937505|https://cdn.shopify.com/s/files/1/0912/9351/6071/files/20230410_i1681111564_6458_2_jpg_0637ee4a-5c4f-4f56-99d3-d772c438f900.jpg?v=1758937505|https://cdn.shopify.com/s/files/1/0912/9351/6071/files/20230410_i1681111564_2385_1_jpg_5c12cc4e-4d64-4fc6-9410-0abd6a05c162.jpg?v=1758937505|https://cdn.shopify.com/s/files/1/0912/9351/6071/files/20230410_i1681111564_89_8_jpg_8a65dd8b-9b5b-4a14-a622-b197e5e02702.jpg?v=1758937505|https://cdn.shopify.com/s/files/1/0912/9351/6071/files/20230410_i1681111564_4222_5_jpg_be50e83d-d12d-49b2-bc9d-002667280ae7.jpg?v=1758937505|https://cdn.shopify.com/s/files/1/0912/9351/6071/files/20230410_i1681111564_4416_4_jpg_ef245cad-3878-4118-8371-83bc7869b8e4.jpg?v=1758937505|https://cdn.shopify.com/s/files/1/0912/9351/6071/files/20230410_i1681111564_4970_7_jpg_bebc5b52-d7b2-4c55-a78f-757ba79cb076.jpg?v=1758937505|https://cdn.shopify.com/s/files/1/0912/9351/6071/files/20230410_i1681111564_9339_3_jpg_2145f3cc-3f33-4ebf-b18c-da8f3e8a2df8.jpg?v=1758937505|https://cdn.shopify.com/s/files/1/0912/9351/6071/files/20230410_i1681111564_9537_6_jpg_e26088a0-1a87-4845-ae7f-c00246b7aeb6.jpg?v=1758937505,Hi I want Fend Baguette White and Multicolour Canvas Bag 27 with FF Embroidery Ghw,
Fend Baguette Pink Canvas Bag 27 with FF Embroidery Ghw,https://cdn.shopify.com/s/files/1/0912/9351/6071/files/20221227_i1672127657_7332_0_jpg_ddff2b3d-4e2e-4593-800e-d004e685ed96.jpg?v=1758937537,handbags,fendi,https://cdn.shopify.com/s/files/1/0912/9351/6071/files/20221227_i1672127657_7332_0_jpg_ddff2b3d-4e2e-4593-800e-d004e685ed96.jpg?v=1758937537|https://cdn.shopify.com/s/files/1/0912/9351/6071/files/20221227_i1672127657_5675_4_jpg_724d72a8-0ee8-415d-a9fa-202024e92083.jpg?v=1758937537|https://cdn.shopify.com/s/files/1/0912/9351/6071/files/20221227_i1672127657_3007_7_jpg_f4bee6e4-3c40-4e5d-a743-04559ef41e71.jpg?v=1758937537|https://cdn.shopify.com/s/files/1/0912/9351/6071/files/20221227_i1672127657_5084_2_jpg_771a1168-4247-451b-8319-e5584b2ad7a4.jpg?v=1758937537|https://cdn.shopify.com/s/files/1/0912/9351/6071/files/20221227_i1672127657_6820_5_jpg_e52c12a6-2788-4cf4-a1f2-99debb78197a.jpg?v=1758937537|https://cdn.shopify.com/s/files/1/0912/9351/6071/files/20221227_i1672127657_6915_1_jpg_e6b6493c-462b-47f6-9c33-2a1bc859cc91.jpg?v=1758937537|https://cdn.shopify.com/s/files/1/0912/9351/6071/files/20221227_i1672127657_7202_6_jpg_afa8f66b-daf9-4d9c-a4a5-98c7ba441b4a.jpg?v=1758937537|https://cdn.shopify.com/s/files/1/0912/9351/6071/files/20221227_i1672127657_8135_8_jpg_5e38363a-4673-4bc1-92ab-591429259429.jpg?v=1758937537|https://cdn.shopify.com/s/files/1/0912/9351/6071/files/20221227_i1672127657_8823_3_jpg_ea8e6013-9149-46b4-855c-8e000e63a23a.jpg?v=1758937537,Hi I want Fend Baguette Pink Canvas Bag 27 with FF Embroidery Ghw,
Fend Baguette Green Canvas Bag 27 with FF Embroidery Ghw,https://cdn.shopify.com/s/files/1/0912/9351/6071/files/img_77125233_20240410_i1712762756_4284_5_jpg_79653b46-e4f0-4cb6-9ea0-a319b65fbbf3.jpg?v=1758937549,handbags,fendi,https://cdn.shopify.com/s/files/1/0912/9351/6071/files/img_77125233_20240410_i1712762756_4284_5_jpg_79653b46-e4f0-4cb6-9ea0-a319b65fbbf3.jpg?v=1758937549|https://cdn.shopify.com/s/files/1/0912/9351/6071/files/img_77125233_20240410_i1712762756_5394_2_jpg_92479cc9-1384-49e6-b720-935b31af5c42.jpg?v=1758937549|https://cdn.shopify.com/s/files/1/0912/9351/6071/files/img_77125233_20240410_i1712762756_385_1_jpg_f7f35b9d-2e40-4312-aace-33674aa2b987.jpg?v=1758937549|https://cdn.shopify.com/s/files/1/0912/9351/6071/files/img_77125233_20240410_i1712762756_1928_6_jpg_88121f24-dcb4-4a67-a037-bcb38b5a3868.jpg?v=1758937549|https://cdn.shopify.com/s/files/1/0912/9351/6071/files/img_77125233_20240410_i1712762756_3512_0_jpg_fb6d8e7e-f6e3-43f0-8aa0-4e2894826be3.jpg?v=1758937549|https://cdn.shopify.com/s/files/1/0912/9351/6071/files/img_77125233_20240410_i1712762756_5105_4_jpg_8163cf8a-803e-4f96-b1d8-ba1b01bf22e8.jpg?v=1758937549|https://cdn.shopify.com/s/files/1/0912/9351/6071/files/img_77125233_20240410_i1712762756_6269_3_jpg_05378574-9efd-4d93-9b64-feadf410427d.jpg?v=1758937549|https://cdn.shopify.com/s/files/1/0912/9351/6071/files/img_77125233_20240410_i1712762757_4220_7_jpg_9090300c-84fe-4910-9269-ec1d26a6b6cd.jpg?v=1758937549|https://cdn.shopify.com/s/files/1/0912/9351/6071/files/img_77125233_20240410_i1712762757_5355_8_jpg_3d2f8100-1162-4587-a759-1272bf312276.jpg?v=1758937549,Hi I want Fend Baguette Green Canvas Bag 27 with FF Embroidery Ghw,
Fend Baguette Gold Tan Canvas Bag 27 with FF Embroidery Ghw,https://cdn.shopify.com/s/files/1/0912/9351/6071/files/img_77125233_20240410_i1712762457_9612_8_jpg_1e575eac-ffd9-42a1-b233-0ed8672bd915.jpg?v=1758937560,handbags,fendi,https://cdn.shopify.com/s/files/1/0912/9351/6071/files/img_77125233_20240410_i1712762457_9612_8_jpg_1e575eac-ffd9-42a1-b233-0ed8672bd915.jpg?v=1758937560|https://cdn.shopify.com/s/files/1/0912/9351/6071/files/img_77125233_20240410_i1712762457_9384_5_jpg_fa74f0fa-109a-4db9-b3f6-a4cdbf4cced8.jpg?v=1758937560|https://cdn.shopify.com/s/files/1/0912/9351/6071/files/img_77125233_20240410_i1712762457_7977_3_jpg_e2f44de7-6ae3-45d3-b06c-eab04be1b6d5.jpg?v=1758937560|https://cdn.shopify.com/s/files/1/0912/9351/6071/files/img_77125233_20240410_i1712762457_8338_4_jpg_d85633a7-ddb7-40a2-9cdb-8d642472bb87.jpg?v=1758937561|https://cdn.shopify.com/s/files/1/0912/9351/6071/files/img_77125233_20240410_i1712762457_1788_2_jpg_488cd3a4-ea77-4d88-b4fd-d84744af277b.jpg?v=1758937561|https://cdn.shopify.com/s/files/1/0912/9351/6071/files/img_77125233_20240410_i1712762457_2579_6_jpg_08b9074d-9331-4925-a4a1-e66220358d6c.jpg?v=1758937561|https://cdn.shopify.com/s/files/1/0912/9351/6071/files/img_77125233_20240410_i1712762457_3162_1_jpg_ef9df01e-b9eb-448a-8d85-30fb77d131f3.jpg?v=1758937561|https://cdn.shopify.com/s/files/1/0912/9351/6071/files/img_77125233_20240410_i1712762457_3417_7_jpg_6f037b43-4fa8-487d-b440-11eb950ac8aa.jpg?v=1758937561|https://cdn.shopify.com/s/files/1/0912/9351/6071/files/img_77125233_20240410_i1712762457_5438_0_jpg_e552de88-1608-4f00-b168-38a27707c59f.jpg?v=1758937561,Hi I want Fend Baguette Gold Tan Canvas Bag 27 with FF Embroidery Ghw,
Fend Baguette Brown and Multicolour Canvas Bag 27 with FF Embroidery Ghw,https://cdn.shopify.com/s/files/1/0912/9351/6071/files/20230925_i1695621906_6813_0_jpg_f60b42c2-6cb1-4186-94a2-88cecfd81baf.jpg?v=1758937572,handbags,fendi,https://cdn.shopify.com/s/files/1/0912/9351/6071/files/20230925_i1695621906_6813_0_jpg_f60b42c2-6cb1-4186-94a2-88cecfd81baf.jpg?v=1758937572|https://cdn.shopify.com/s/files/1/0912/9351/6071/files/20230925_i1695621906_2351_7_jpg_fd8fe857-b094-4ad5-b5a8-c2f22a401111.jpg?v=1758937572|https://cdn.shopify.com/s/files/1/0912/9351/6071/files/20230925_i1695621906_980_2_jpg_cca24e99-ecd1-4f12-a15d-499a196fe9cf.jpg?v=1758937572|https://cdn.shopify.com/s/files/1/0912/9351/6071/files/20230925_i1695621906_2924_3_jpg_bf550d0f-3684-49a9-9bc3-377cdcafa173.jpg?v=1758937572|https://cdn.shopify.com/s/files/1/0912/9351/6071/files/20230925_i1695621906_3775_1_jpg_c8db9126-2f24-46bb-8fc7-b570032cd3b3.jpg?v=1758937572|https://cdn.shopify.com/s/files/1/0912/9351/6071/files/20230925_i1695621906_7887_5_jpg_b76de03f-9d13-4a26-b8e1-0b0066f862a4.jpg?v=1758937572|https://cdn.shopify.com/s/files/1/0912/9351/6071/files/20230925_i1695621906_9158_8_jpg_d7891a94-463e-43d2-b959-75aaeb564ceb.jpg?v=1758937572|https://cdn.shopify.com/s/files/1/0912/9351/6071/files/20230925_i1695621906_9401_4_jpg_ccc8dafc-3049-452e-9a17-5da488fea8e0.jpg?v=1758937572|https://cdn.shopify.com/s/files/1/0912/9351/6071/files/20230925_i1695621906_9781_6_jpg_73d26f73-d743-4352-b563-b4e876b06e72.jpg?v=1758937572,Hi I want Fend Baguette Brown and Multicolour Canvas Bag 27 with FF Embroidery Ghw,
Fend Baguette Blue Brown Canvas Bag 27 with FF Embroidery Ghw,https://cdn.shopify.com/s/files/1/0912/9351/6071/files/img_77125233_20240410_i1712762221_9890_4_jpg_d917e447-c7c4-46f9-9984-258f63e4d6c5.jpg?v=1758937596,handbags,fendi,https://cdn.shopify.com/s/files/1/0912/9351/6071/files/img_77125233_20240410_i1712762221_9890_4_jpg_d917e447-c7c4-46f9-9984-258f63e4d6c5.jpg?v=1758937596|https://cdn.shopify.com/s/files/1/0912/9351/6071/files/img_77125233_20240410_i1712762221_5109_1_jpg_805327ab-64b3-4326-bb14-737e8a2ac1a5.jpg?v=1758937596|https://cdn.shopify.com/s/files/1/0912/9351/6071/files/img_77125233_20240410_i1712762221_2270_0_jpg_00226bda-aeea-4b33-a140-3d2f66f9a022.jpg?v=1758937596|https://cdn.shopify.com/s/files/1/0912/9351/6071/files/img_77125233_20240410_i1712762221_4859_3_jpg_486432ae-e3e0-49d1-80d1-e5bfcacc7056.jpg?v=1758937596|https://cdn.shopify.com/s/files/1/0912/9351/6071/files/img_77125233_20240410_i1712762221_5277_6_jpg_ed35b288-08bd-4a44-a934-a6bca761bc31.jpg?v=1758937596|https://cdn.shopify.com/s/files/1/0912/9351/6071/files/img_77125233_20240410_i1712762221_5480_5_jpg_d2a5698f-3872-4eb1-aaa2-3c6c65c37897.jpg?v=1758937596|https://cdn.shopify.com/s/files/1/0912/9351/6071/files/img_77125233_20240410_i1712762221_7958_2_jpg_4fcf6450-909c-4bb5-a31a-6a2236386625.jpg?v=1758937596|https://cdn.shopify.com/s/files/1/0912/9351/6071/files/img_77125233_20240410_i1712762222_122_7_jpg_c9285682-c12c-4e86-86c7-add9efaac821.jpg?v=1758937596|https://cdn.shopify.com/s/files/1/0912/9351/6071/files/img_77125233_20240410_i1712762222_1206_8_jpg_180ab60c-62e7-4210-ad63-e290a76f93db.jpg?v=1758937596,Hi I want Fend Baguette Blue Brown Canvas Bag 27 with FF Embroidery Ghw,
Fend Baguette Black White Brown Orange Canvas Bag 27 with FF Embroidery Ghw,https://cdn.shopify.com/s/files/1/0912/9351/6071/files/20240330_i1711788266_2835_0_jpg_32a5b5e0-55cc-44d6-a380-1d05824d405e.jpg?v=1758937607,handbags,fendi,https://cdn.shopify.com/s/files/1/0912/9351/6071/files/20240330_i1711788266_2835_0_jpg_32a5b5e0-55cc-44d6-a380-1d05824d405e.jpg?v=1758937607|https://cdn.shopify.com/s/files/1/0912/9351/6071/files/20240330_i1711788266_317_1_jpg_3cdd3b0f-8379-4e8a-8707-948150b3e3ee.jpg?v=1758937607|https://cdn.shopify.com/s/files/1/0912/9351/6071/files/20240330_i1711788266_1819_2_jpg_083ed04d-a74f-40ac-8049-5898e83b978f.jpg?v=1758937607|https://cdn.shopify.com/s/files/1/0912/9351/6071/files/20240330_i1711788266_2682_7_jpg_b402e6ca-ad6f-45c5-a8aa-787d4e49aa44.jpg?v=1758937607|https://cdn.shopify.com/s/files/1/0912/9351/6071/files/20240330_i1711788266_3032_4_jpg_67644f31-4426-45df-b04b-6d0321b9ae38.jpg?v=1758937607|https://cdn.shopify.com/s/files/1/0912/9351/6071/files/20240330_i1711788266_4056_3_jpg_5ae32871-684f-48ff-90d6-08117f60bf5f.jpg?v=1758937607|https://cdn.shopify.com/s/files/1/0912/9351/6071/files/20240330_i1711788266_4417_5_jpg_0f55f858-87df-4a6f-858a-370f1c1d27c9.jpg?v=1758937607|https://cdn.shopify.com/s/files/1/0912/9351/6071/files/20240330_i1711788266_6874_6_jpg_8401003c-9a3a-47ee-a3e4-01b2fbecd98b.jpg?v=1758937607|https://cdn.shopify.com/s/files/1/0912/9351/6071/files/20240330_i1711788266_9178_8_jpg_f503ae05-e3de-4380-8e0c-f9326b27d7ab.jpg?v=1758937607,Hi I want Fend Baguette Black White Brown Orange Canvas Bag 27 with FF Embroidery Ghw,
Fend Baguette Black Canvas Bag 27 with FF Embroidery Ghw,https://cdn.shopify.com/s/files/1/0912/9351/6071/files/20221227_i1672127588_7915_0_jpg_3cda974b-928a-4ae7-acc4-cc34d2bb4bee.jpg?v=1758937618,handbags,fendi,https://cdn.shopify.com/s/files/1/0912/9351/6071/files/20221227_i1672127588_7915_0_jpg_3cda974b-928a-4ae7-acc4-cc34d2bb4bee.jpg?v=1758937618|https://cdn.shopify.com/s/files/1/0912/9351/6071/files/20221227_i1672127588_630_1_jpg_aecfeefd-cfa2-448e-9a74-84e872904178.jpg?v=1758937618|https://cdn.shopify.com/s/files/1/0912/9351/6071/files/20221227_i1672127588_1376_2_jpg_47622f34-56e2-4681-81dc-f9c87eea8d3a.jpg?v=1758937618|https://cdn.shopify.com/s/files/1/0912/9351/6071/files/20221227_i1672127588_1383_5_jpg_e35b4449-de6c-4ddb-8d3f-ba94969aadec.jpg?v=1758937618|https://cdn.shopify.com/s/files/1/0912/9351/6071/files/20221227_i1672127588_2940_3_jpg_79f20ff6-aefb-4019-80b8-1e4c86406011.jpg?v=1758937618|https://cdn.shopify.com/s/files/1/0912/9351/6071/files/20221227_i1672127588_3459_7_jpg_cff561a8-f3b9-4a16-9c26-50a5530783fc.jpg?v=1758937618|https://cdn.shopify.com/s/files/1/0912/9351/6071/files/20221227_i1672127588_5473_6_jpg_921a8abe-1a6f-47cc-b044-a9edfa91e9fb.jpg?v=1758937618|https://cdn.shopify.com/s/files/1/0912/9351/6071/files/20221227_i1672127588_6256_8_jpg_5220c3e6-24c4-49dd-bd15-ef9b04342932.jpg?v=1758937618|https://cdn.shopify.com/s/files/1/0912/9351/6071/files/20221227_i1672127588_7109_4_jpg_bfdf3057-0293-487e-8b34-75b58232afa9.jpg?v=1758937618,Hi I want Fend Baguette Black Canvas Bag 27 with FF Embroidery Ghw,
Fend Roma & Marc Jacobs 27 Bag Black White Leather Shw,https://cdn.shopify.com/s/files/1/0912/9351/6071/files/20230130_i1675067198_2976_0_jpg_105c7a4b-1c85-49fd-be90-3fa671656ab7.jpg?v=1758937638,handbags,fendi,https://cdn.shopify.com/s/files/1/0912/9351/6071/files/20230130_i1675067198_2976_0_jpg_105c7a4b-1c85-49fd-be90-3fa671656ab7.jpg?v=1758937638|https://cdn.shopify.com/s/files/1/0912/9351/6071/files/20230130_i1675067198_9351_4_jpg_567ebaed-6886-4b56-ae2a-878b0c319f18.jpg?v=1758937638|https://cdn.shopify.com/s/files/1/0912/9351/6071/files/20230130_i1675067198_1160_3_jpg_7a52df2f-470a-442b-bcb1-8fdcac0e82c8.jpg?v=1758937638|https://cdn.shopify.com/s/files/1/0912/9351/6071/files/20230130_i1675067198_1396_5_jpg_83210539-054b-4a5c-a919-ce67a2f576ca.jpg?v=1758937638|https://cdn.shopify.com/s/files/1/0912/9351/6071/files/20230130_i1675067198_1708_1_jpg_d03ad5c4-31bc-48e8-8bc0-a60647a614a2.jpg?v=1758937638|https://cdn.shopify.com/s/files/1/0912/9351/6071/files/20230130_i1675067198_1970_7_jpg_e959f670-cabe-45b5-b775-e81629d2b958.jpg?v=1758937638|https://cdn.shopify.com/s/files/1/0912/9351/6071/files/20230130_i1675067198_2182_8_jpg_a039b83c-bad1-47d1-b32f-92824d763cad.jpg?v=1758937638|https://cdn.shopify.com/s/files/1/0912/9351/6071/files/20230130_i1675067198_4093_2_jpg_6618b179-1462-4fd7-b329-375fbd27a2fa.jpg?v=1758937638|https://cdn.shopify.com/s/files/1/0912/9351/6071/files/20230130_i1675067198_6830_6_jpg_cb440799-7db9-47bc-93e4-5decd20c9252.jpg?v=1758937638,Hi I want Fend Roma & Marc Jacobs 27 Bag Black White Leather Shw,
Fend Baguette 27 Bag With FF Motif White Leather Ghw,https://cdn.shopify.com/s/files/1/0912/9351/6071/files/20230314_i1678773321_4378_0_jpg_f120bb8e-f0b5-4f38-abd2-382211ae40e1.jpg?v=1775903173,handbags,fendi,https://cdn.shopify.com/s/files/1/0912/9351/6071/files/20230314_i1678773321_4378_0_jpg_f120bb8e-f0b5-4f38-abd2-382211ae40e1.jpg?v=1775903173|https://cdn.shopify.com/s/files/1/0912/9351/6071/files/20230314_i1678773321_1202_8_jpg_f51c0160-a29b-44eb-896e-65065da035d9.jpg?v=1775903174|https://cdn.shopify.com/s/files/1/0912/9351/6071/files/20230314_i1678773321_1569_5_jpg_1e044181-b096-4b93-a2be-bcb3ad7cad2a.jpg?v=1775903174|https://cdn.shopify.com/s/files/1/0912/9351/6071/files/20230314_i1678773321_1689_1_jpg_bbdae1bb-a9ab-4ec4-9a7f-d782db7a3c3e.jpg?v=1775903173|https://cdn.shopify.com/s/files/1/0912/9351/6071/files/20230314_i1678773321_3113_2_jpg_b0762d2f-3eb9-4f4f-9376-f0abea9d2586.jpg?v=1775903173|https://cdn.shopify.com/s/files/1/0912/9351/6071/files/20230314_i1678773321_3828_4_jpg_6e611422-ea31-42d5-bdf7-02ff1f9062f4.jpg?v=1775903174|https://cdn.shopify.com/s/files/1/0912/9351/6071/files/20230314_i1678773321_8060_3_jpg_d630a363-87ce-42dd-b7d9-6b30a693c26a.jpg?v=1775903174|https://cdn.shopify.com/s/files/1/0912/9351/6071/files/20230314_i1678773321_8725_7_jpg_3c0a92d6-8824-4e65-bbc5-c9d1cc886f23.jpg?v=1775903174|https://cdn.shopify.com/s/files/1/0912/9351/6071/files/20230314_i1678773321_9497_6_jpg_a93aba07-40b1-4757-b804-a8ecae331c5a.jpg?v=1775903174,Hi I want Fend Baguette 27 Bag With FF Motif White Leather Ghw,
Fend Baguette 27 Bag Light Brown Calfskin Shw,https://cdn.shopify.com/s/files/1/0912/9351/6071/files/20240606_i1717655042_3233_0_jpg_a8a21a21-4b4a-4952-9c5e-b25fc901d6fe.jpg?v=1758937713,handbags,fendi,https://cdn.shopify.com/s/files/1/0912/9351/6071/files/20240606_i1717655042_3233_0_jpg_a8a21a21-4b4a-4952-9c5e-b25fc901d6fe.jpg?v=1758937713|https://cdn.shopify.com/s/files/1/0912/9351/6071/files/20240606_i1717655042_812_8_jpg_606117d4-54e2-471a-83d2-49d8233cf5e2.jpg?v=1758937713|https://cdn.shopify.com/s/files/1/0912/9351/6071/files/20240606_i1717655042_1806_7_jpg_a59b29df-5b4b-4dfe-b7ce-6d40aa603038.jpg?v=1758937713|https://cdn.shopify.com/s/files/1/0912/9351/6071/files/20240606_i1717655042_2285_6_jpg_e8e56481-9a89-4f6d-b987-b3ff7fb06f8c.jpg?v=1758937713|https://cdn.shopify.com/s/files/1/0912/9351/6071/files/20240606_i1717655042_2765_5_jpg_3925fd69-5f80-4024-a290-81f8742a4baa.jpg?v=1758937713|https://cdn.shopify.com/s/files/1/0912/9351/6071/files/20240606_i1717655042_4799_4_jpg_113eb83f-a82a-40f6-8922-faa6c9418a45.jpg?v=1758937713|https://cdn.shopify.com/s/files/1/0912/9351/6071/files/20240606_i1717655042_5795_1_jpg_40aa3b6c-acc1-44ae-aca0-5d63af866fb0.jpg?v=1758937713|https://cdn.shopify.com/s/files/1/0912/9351/6071/files/20240606_i1717655042_6096_3_jpg_30c94c9d-2b0f-4b37-8cae-b439886ea9d7.jpg?v=1758937713|https://cdn.shopify.com/s/files/1/0912/9351/6071/files/20240606_i1717655042_8006_2_jpg_6d66b67c-b2f0-439e-844e-0bc78c3c3641.jpg?v=1758937713,Hi I want Fend Baguette 27 Bag Light Brown Calfskin Shw,
Fend Baguette 27 Bag Silver Leather with Crystal FF Motif Shw,https://cdn.shopify.com/s/files/1/0912/9351/6071/files/20240114_i1705208935_8597_0_jpg_8d7b5e42-b4fb-4b0d-9c65-b46a4924d935.jpg?v=1758937724,handbags,fendi,https://cdn.shopify.com/s/files/1/0912/9351/6071/files/20240114_i1705208935_8597_0_jpg_8d7b5e42-b4fb-4b0d-9c65-b46a4924d935.jpg?v=1758937724|https://cdn.shopify.com/s/files/1/0912/9351/6071/files/20240114_i1705208935_531_8_jpg_b652802e-d54a-4ed2-8d6c-eebce38eaf3a.jpg?v=1758937724|https://cdn.shopify.com/s/files/1/0912/9351/6071/files/20240114_i1705208935_543_4_jpg_06076432-8b65-49cc-8e9f-0c8f3f58ec11.jpg?v=1758937724|https://cdn.shopify.com/s/files/1/0912/9351/6071/files/20240114_i1705208935_2286_5_jpg_49b19f50-22cf-4316-90fc-d168f1c298db.jpg?v=1758937724|https://cdn.shopify.com/s/files/1/0912/9351/6071/files/20240114_i1705208935_5805_6_jpg_5118c9d6-5dd3-4e64-99f7-5b0550d95629.jpg?v=1758937724|https://cdn.shopify.com/s/files/1/0912/9351/6071/files/20240114_i1705208935_6357_3_jpg_5e9e292d-cca6-48d0-ab7b-f3d798dbf8a4.jpg?v=1758937724|https://cdn.shopify.com/s/files/1/0912/9351/6071/files/20240114_i1705208935_7249_1_jpg_ad44fba0-6d0e-4bb2-8798-a242e9f3f8fe.jpg?v=1758937724|https://cdn.shopify.com/s/files/1/0912/9351/6071/files/20240114_i1705208935_7619_7_jpg_a8b17116-9a18-4887-9a1f-bf0edeeeba7d.jpg?v=1758937724|https://cdn.shopify.com/s/files/1/0912/9351/6071/files/20240114_i1705208935_9179_2_jpg_966f0db7-f84e-4db1-8f19-ad4c94f29c89.jpg?v=1758937724,Hi I want Fend Baguette 27 Bag Silver Leather with Crystal FF Motif Shw,
Fend Baguette 27 Bag Brown Calfskin Shw,https://cdn.shopify.com/s/files/1/0912/9351/6071/files/20240606_i1717654709_4219_0_jpg_eacdee87-a3e3-4576-8795-41dbe7121c24.jpg?v=1758937747,handbags,fendi,https://cdn.shopify.com/s/files/1/0912/9351/6071/files/20240606_i1717654709_4219_0_jpg_eacdee87-a3e3-4576-8795-41dbe7121c24.jpg?v=1758937747|https://cdn.shopify.com/s/files/1/0912/9351/6071/files/20240606_i1717654709_1261_3_jpg_f4c040f1-b68d-4e9d-8bd8-97e3ed2f8eed.jpg?v=1758937747|https://cdn.shopify.com/s/files/1/0912/9351/6071/files/20240606_i1717654709_3675_1_jpg_d36ea09a-64a2-428f-994b-fd4b6c519b10.jpg?v=1758937747|https://cdn.shopify.com/s/files/1/0912/9351/6071/files/20240606_i1717654709_4516_4_jpg_2b357eaf-4248-4783-b48e-1ba86412a123.jpg?v=1758937747|https://cdn.shopify.com/s/files/1/0912/9351/6071/files/20240606_i1717654709_6553_6_jpg_07740d38-b681-4b32-8050-39edcffcec76.jpg?v=1758937747|https://cdn.shopify.com/s/files/1/0912/9351/6071/files/20240606_i1717654709_7460_5_jpg_e67c1119-b1c9-4b1c-93fb-0a41147ccca1.jpg?v=1758937747|https://cdn.shopify.com/s/files/1/0912/9351/6071/files/20240606_i1717654709_7689_2_jpg_70f6b3b1-f094-469a-88d3-ea9a07c38113.jpg?v=1758937747|https://cdn.shopify.com/s/files/1/0912/9351/6071/files/20240606_i1717654709_9175_8_jpg_6ec6434c-c1a6-4a67-936c-f599b859731d.jpg?v=1758937747|https://cdn.shopify.com/s/files/1/0912/9351/6071/files/20240606_i1717654709_9374_7_jpg_dd4bf5c2-2b7a-4875-81a9-42e319467e70.jpg?v=1758937747,Hi I want Fend Baguette 27 Bag Brown Calfskin Shw,
Fend Baguette 27 Bag Black Calfskin Shw,https://cdn.shopify.com/s/files/1/0912/9351/6071/files/20240606_i1717654557_3024_0_jpg_4a061833-3c90-43b4-9b05-94e18054d32b.jpg?v=1758937769,handbags,fendi,https://cdn.shopify.com/s/files/1/0912/9351/6071/files/20240606_i1717654557_3024_0_jpg_4a061833-3c90-43b4-9b05-94e18054d32b.jpg?v=1758937769|https://cdn.shopify.com/s/files/1/0912/9351/6071/files/20240606_i1717654557_9656_8_jpg_6547bdff-6cbc-4cc9-bb07-6174ca80fb15.jpg?v=1758937769|https://cdn.shopify.com/s/files/1/0912/9351/6071/files/20240606_i1717654557_1881_2_jpg_1ffb5dc6-4696-4b79-b332-127ea9a80142.jpg?v=1758937769|https://cdn.shopify.com/s/files/1/0912/9351/6071/files/20240606_i1717654557_3856_1_jpg_4211ba68-554c-47d9-a9e5-21dfc159c20e.jpg?v=1758937769|https://cdn.shopify.com/s/files/1/0912/9351/6071/files/20240606_i1717654557_3600_5_jpg_1d1581d2-557e-4f11-9fad-5c5e38b036be.jpg?v=1758937769|https://cdn.shopify.com/s/files/1/0912/9351/6071/files/20240606_i1717654557_4276_3_jpg_e67944a2-0910-4f2d-aada-5c83c1cb79b8.jpg?v=1758937769|https://cdn.shopify.com/s/files/1/0912/9351/6071/files/20240606_i1717654557_4771_4_jpg_c2850a59-1885-4b88-977c-f1ba475d87c7.jpg?v=1758937769|https://cdn.shopify.com/s/files/1/0912/9351/6071/files/20240606_i1717654557_5809_7_jpg_7fc40826-2db1-490c-a900-4d45ae2122ef.jpg?v=1758937769|https://cdn.shopify.com/s/files/1/0912/9351/6071/files/20240606_i1717654557_6512_6_jpg_7a5c8a84-11b1-4d1a-babd-54077a276a25.jpg?v=1758937769,Hi I want Fend Baguette 27 Bag Black Calfskin Shw,
Fend Baguette 27 Bag Baby Blue Calfskin Shw,https://cdn.shopify.com/s/files/1/0912/9351/6071/files/20240606_i1717654517_8722_0_jpg_5a109fed-53af-4939-bf39-58c4495e093e.jpg?v=1758937814,handbags,fendi,https://cdn.shopify.com/s/files/1/0912/9351/6071/files/20240606_i1717654517_8722_0_jpg_5a109fed-53af-4939-bf39-58c4495e093e.jpg?v=1758937814|https://cdn.shopify.com/s/files/1/0912/9351/6071/files/20240606_i1717654517_4713_6_jpg_381a1961-fa14-4df4-a7ae-c260bcd6b0a8.jpg?v=1758937814|https://cdn.shopify.com/s/files/1/0912/9351/6071/files/20240606_i1717654517_3426_1_jpg_66a6e38a-49f8-4d4a-83f4-5591668f06d4.jpg?v=1758937814|https://cdn.shopify.com/s/files/1/0912/9351/6071/files/20240606_i1717654517_5122_7_jpg_954f09ed-5f28-4c41-b960-6b28a94c2941.jpg?v=1758937815|https://cdn.shopify.com/s/files/1/0912/9351/6071/files/20240606_i1717654517_7309_5_jpg_40ff3aae-a1d6-4ac5-ab12-7d29a85940bf.jpg?v=1758937815|https://cdn.shopify.com/s/files/1/0912/9351/6071/files/20240606_i1717654517_7601_2_jpg_857fb5eb-e0e1-4502-a939-d86dfa0da4b8.jpg?v=1758937815|https://cdn.shopify.com/s/files/1/0912/9351/6071/files/20240606_i1717654517_16_8_jpg_85c294b3-d611-405b-b8f8-66c4fc171d98.jpg?v=1758937815|https://cdn.shopify.com/s/files/1/0912/9351/6071/files/20240606_i1717654517_8212_4_jpg_0936d0ac-bc39-4ac0-830e-c9f284590808.jpg?v=1758937815|https://cdn.shopify.com/s/files/1/0912/9351/6071/files/20240606_i1717654517_9858_3_jpg_e63a41b4-3a13-443f-bc39-a9bcb946a02c.jpg?v=1758937815,Hi I want Fend Baguette 27 Bag Baby Blue Calfskin Shw,
Fend Baguette 24 Bag With FF Motif White Leather Ghw,https://cdn.shopify.com/s/files/1/0912/9351/6071/files/img_77125233_20240313_i1710330059_3168_2_jpg_448468b7-12a9-4190-a78a-6fefdc43a272.jpg?v=1758937827,handbags,fendi,https://cdn.shopify.com/s/files/1/0912/9351/6071/files/img_77125233_20240313_i1710330059_3168_2_jpg_448468b7-12a9-4190-a78a-6fefdc43a272.jpg?v=1758937827|https://cdn.shopify.com/s/files/1/0912/9351/6071/files/img_77125233_20240313_i1710330059_6766_0_jpg_17aa2bea-f2f7-4ccf-a30c-c9fa13c022e9.jpg?v=1758937827|https://cdn.shopify.com/s/files/1/0912/9351/6071/files/img_77125233_20240313_i1710330060_2361_8_jpg_4145348f-bcda-4117-80e0-64aaf40b492c.jpg?v=1758937827|https://cdn.shopify.com/s/files/1/0912/9351/6071/files/img_77125233_20240313_i1710330060_1990_4_jpg_c2ed10d5-f882-4761-9de0-5a5233f6dee3.jpg?v=1758937827|https://cdn.shopify.com/s/files/1/0912/9351/6071/files/img_77125233_20240313_i1710330059_3254_1_jpg_f9fc25a0-3b17-4779-8280-98fd0722800b.jpg?v=1758937827|https://cdn.shopify.com/s/files/1/0912/9351/6071/files/img_77125233_20240313_i1710330060_4231_6_jpg_f4ad3c82-3aa0-4304-ba80-4692ae339ea6.jpg?v=1758937827|https://cdn.shopify.com/s/files/1/0912/9351/6071/files/img_77125233_20240313_i1710330060_7116_3_jpg_97937d36-225c-4bb9-a34c-fedd296e1806.jpg?v=1758937827|https://cdn.shopify.com/s/files/1/0912/9351/6071/files/img_77125233_20240313_i1710330060_7280_7_jpg_71347f7e-b495-4e27-a74b-a7d33e88114a.jpg?v=1758937827|https://cdn.shopify.com/s/files/1/0912/9351/6071/files/img_77125233_20240313_i1710330060_7372_5_jpg_45b44d4d-6dbe-49f8-b5bf-786ef8ff8b97.jpg?v=1758937827,Hi I want Fend Baguette 24 Bag With FF Motif White Leather Ghw,
Fend Baguette 24 Bag With FF Motif Pink Leather Ghw,https://cdn.shopify.com/s/files/1/0912/9351/6071/files/i1710329974_9153_6_d596c509-213c-4671-9172-cb52c32a95e7.jpg?v=1758937839,handbags,fendi,https://cdn.shopify.com/s/files/1/0912/9351/6071/files/i1710329974_9153_6_d596c509-213c-4671-9172-cb52c32a95e7.jpg?v=1758937839|https://cdn.shopify.com/s/files/1/0912/9351/6071/files/img_77125233_20240313_i1710329973_6534_2_jpg_25ff2473-1b13-4cdb-b7c3-42cde4aa7684.jpg?v=1758937839|https://cdn.shopify.com/s/files/1/0912/9351/6071/files/img_77125233_20240313_i1710329973_3789_1_jpg_c8927064-e732-4a48-a2da-d8776ce7ef86.jpg?v=1758937839|https://cdn.shopify.com/s/files/1/0912/9351/6071/files/img_77125233_20240313_i1710329973_6530_0_jpg_a46f98ab-e520-4761-9ed7-03aacf516c47.jpg?v=1758937839|https://cdn.shopify.com/s/files/1/0912/9351/6071/files/img_77125233_20240313_i1710329973_8566_3_jpg_1d57e24c-1427-45c0-9deb-a36861fd4443.jpg?v=1758937839|https://cdn.shopify.com/s/files/1/0912/9351/6071/files/img_77125233_20240313_i1710329974_413_4_jpg_c6913ed8-489e-40a7-88e9-7f0d152d63bc.jpg?v=1758937839|https://cdn.shopify.com/s/files/1/0912/9351/6071/files/img_77125233_20240313_i1710329974_5743_5_jpg_9441afd2-4a3d-47cd-aeac-8ccccc9de9a2.jpg?v=1758937839|https://cdn.shopify.com/s/files/1/0912/9351/6071/files/img_77125233_20240313_i1710329974_6287_7_jpg_d6b893f9-170a-4d94-8c18-e8d3f0b86a51.jpg?v=1758937839|https://cdn.shopify.com/s/files/1/0912/9351/6071/files/img_77125233_20240313_i1710329974_7118_8_jpg_9d9a30e0-5ce4-4f62-9362-95e0e9f13634.jpg?v=1758937839,Hi I want Fend Baguette 24 Bag With FF Motif Pink Leather Ghw,
Fend Baguette 24 Bag With FF Motif Lavender Leather Ghw,https://cdn.shopify.com/s/files/1/0912/9351/6071/files/20220727_i1658906484_9385_3_jpg_22aa34e0-0c29-4aa5-82cd-824c7881a7cd.jpg?v=1758937850,handbags,fendi,https://cdn.shopify.com/s/files/1/0912/9351/6071/files/20220727_i1658906484_9385_3_jpg_22aa34e0-0c29-4aa5-82cd-824c7881a7cd.jpg?v=1758937850|https://cdn.shopify.com/s/files/1/0912/9351/6071/files/20220727_i1658906484_7550_2_jpg_a49b6f35-d1a7-4546-9188-35ee1fd64ac9.jpg?v=1758937850|https://cdn.shopify.com/s/files/1/0912/9351/6071/files/20220727_i1658906484_7160_0_jpg_b7056fca-c22c-41e6-b396-3cb027fe0e5b.jpg?v=1758937850|https://cdn.shopify.com/s/files/1/0912/9351/6071/files/20220727_i1658906484_4049_1_jpg_22f229ef-2746-4926-bda5-4506aece397e.jpg?v=1758937850|https://cdn.shopify.com/s/files/1/0912/9351/6071/files/20220727_i1658906757_819_0_jpg_99d140f9-a805-4740-a792-37a3f7861db4.jpg?v=1758937850|https://cdn.shopify.com/s/files/1/0912/9351/6071/files/20220727_i1658907018_6186_1_jpg_bc4b6ae0-94ac-42c3-aec3-3497cebc2bc2.jpg?v=1758937850|https://cdn.shopify.com/s/files/1/0912/9351/6071/files/20220727_i1658907018_6400_0_jpg_cd93d6dc-0183-477d-9ff4-c7e86bd642e4.jpg?v=1758937850|https://cdn.shopify.com/s/files/1/0912/9351/6071/files/20220727_i1658907075_901_0_jpg_3dfb6c06-724f-4081-90aa-6b2746d89855.jpg?v=1758937850|https://cdn.shopify.com/s/files/1/0912/9351/6071/files/20220727_i1658907128_7956_0_jpg_464d2f41-0202-4de2-a750-a99b9c7bd3c3.jpg?v=1758937850,Hi I want Fend Baguette 24 Bag With FF Motif Lavender Leather Ghw,
Fend Baguette 24 Bag With FF Motif Blue Leather Ghw,https://cdn.shopify.com/s/files/1/0912/9351/6071/files/img_77125233_20240128_i1706446064_6860_0_jpg_55a989cb-bef3-46a5-9c0c-c85471413077.jpg?v=1758937861,handbags,fendi,https://cdn.shopify.com/s/files/1/0912/9351/6071/files/img_77125233_20240128_i1706446064_6860_0_jpg_55a989cb-bef3-46a5-9c0c-c85471413077.jpg?v=1758937861|https://cdn.shopify.com/s/files/1/0912/9351/6071/files/img_77125233_20240128_i1706446064_1244_4_jpg_30c7482f-28ee-45dc-8ea2-4427db6e09b6.jpg?v=1758937861|https://cdn.shopify.com/s/files/1/0912/9351/6071/files/img_77125233_20240128_i1706446064_2990_1_jpg_f5995e31-8cce-4735-bed7-2bd0d3e2033b.jpg?v=1758937861|https://cdn.shopify.com/s/files/1/0912/9351/6071/files/img_77125233_20240128_i1706446064_3980_5_jpg_038380a6-c02b-4cf7-9ccc-4d28fbea6c06.jpg?v=1758937861|https://cdn.shopify.com/s/files/1/0912/9351/6071/files/img_77125233_20240128_i1706446064_5987_2_jpg_8c1bb3f0-b23a-442c-aa88-c8406d0306e2.jpg?v=1758937861|https://cdn.shopify.com/s/files/1/0912/9351/6071/files/img_77125233_20240128_i1706446064_7003_7_jpg_412995c7-5d67-48b5-8c16-c0b1b8a26709.jpg?v=1758937861|https://cdn.shopify.com/s/files/1/0912/9351/6071/files/img_77125233_20240128_i1706446064_7166_3_jpg_b7b753c2-51e5-4a54-9e44-0aa1bbcd9fc4.jpg?v=1758937861|https://cdn.shopify.com/s/files/1/0912/9351/6071/files/img_77125233_20240128_i1706446064_7734_8_jpg_44df4ed6-d22d-428c-8424-f1d6a11b565f.jpg?v=1758937861|https://cdn.shopify.com/s/files/1/0912/9351/6071/files/img_77125233_20240128_i1706446064_9269_6_jpg_f5975b4d-bfb2-4479-a7da-7d4c28765c8f.jpg?v=1758937861,Hi I want Fend Baguette 24 Bag With FF Motif Blue Leather Ghw,
Fend Sunshine Medium Bag 35 White Leather,https://cdn.shopify.com/s/files/1/0912/9351/6071/files/20220716_i1657960319_5224_1_jpg_8a2ffcf9-5b58-40bf-b8f3-e80da27193b5.jpg?v=1758937939,handbags,fendi,https://cdn.shopify.com/s/files/1/0912/9351/6071/files/20220716_i1657960319_5224_1_jpg_8a2ffcf9-5b58-40bf-b8f3-e80da27193b5.jpg?v=1758937939|https://cdn.shopify.com/s/files/1/0912/9351/6071/files/20220716_i1657960319_2080_0_jpg_1be0c8e5-27e2-4ab0-be82-65864eee3812.jpg?v=1758937939|https://cdn.shopify.com/s/files/1/0912/9351/6071/files/20220716_i1657960319_1730_2_jpg_8eef6fce-ba31-4855-976f-cc2ec7b67fd5.jpg?v=1758937939|https://cdn.shopify.com/s/files/1/0912/9351/6071/files/20220716_i1657960319_9591_3_jpg_7da8fb45-d15d-47eb-9a28-6b18556de18c.jpg?v=1758937939|https://cdn.shopify.com/s/files/1/0912/9351/6071/files/20220716_i1657960319_9796_7_jpg_f3381626-5a6b-49ca-bee4-eeb6455f5304.jpg?v=1758937939|https://cdn.shopify.com/s/files/1/0912/9351/6071/files/20220716_i1657960319_1197_5_jpg_2697e00a-1b51-4255-9017-5a767d8be02f.jpg?v=1758937939|https://cdn.shopify.com/s/files/1/0912/9351/6071/files/20220716_i1657960319_2356_6_jpg_e98bd7b5-e53c-4b23-bdcb-182c20610fd1.jpg?v=1758937939|https://cdn.shopify.com/s/files/1/0912/9351/6071/files/20220716_i1657960319_3442_8_jpg_0caaf1bc-f082-4885-9f43-510505da50b2.jpg?v=1758937939|https://cdn.shopify.com/s/files/1/0912/9351/6071/files/20220716_i1657960319_6477_4_jpg_df0173cc-e218-4301-ba48-3e559718727e.jpg?v=1758937939,Hi I want Fend Sunshine Medium Bag 35 White Leather,
Fend Sunshine Medium Bag 35 Olive Leather,https://cdn.shopify.com/s/files/1/0912/9351/6071/files/20220716_i1657960248_1089_1_jpg_f4ee497f-c629-47ea-91a2-8e52454dbd9a.jpg?v=1758937959,handbags,fendi,https://cdn.shopify.com/s/files/1/0912/9351/6071/files/20220716_i1657960248_1089_1_jpg_f4ee497f-c629-47ea-91a2-8e52454dbd9a.jpg?v=1758937959|https://cdn.shopify.com/s/files/1/0912/9351/6071/files/20220716_i1657960248_3721_0_jpg_d53c8b9d-327e-4a38-bc23-be36d33e8a00.jpg?v=1758937959|https://cdn.shopify.com/s/files/1/0912/9351/6071/files/20220716_i1657960248_482_2_jpg_acf643f4-cf7a-412c-9b45-663665e1160a.jpg?v=1758937959|https://cdn.shopify.com/s/files/1/0912/9351/6071/files/20220716_i1657960248_3777_8_jpg_f67e2740-8c32-41ac-b191-e7f3977f3823.jpg?v=1758937959|https://cdn.shopify.com/s/files/1/0912/9351/6071/files/20220716_i1657960248_5500_7_jpg_7cb889cb-9db9-4270-a02b-d7a9940fe763.jpg?v=1758937959|https://cdn.shopify.com/s/files/1/0912/9351/6071/files/20220716_i1657960248_5513_5_jpg_afc98c87-7a15-48c5-ba4e-572077c71899.jpg?v=1758937959|https://cdn.shopify.com/s/files/1/0912/9351/6071/files/20220716_i1657960248_6166_4_jpg_8a895d36-f527-4d9a-bc6a-1feb15faac07.jpg?v=1758937959|https://cdn.shopify.com/s/files/1/0912/9351/6071/files/20220716_i1657960248_7025_3_jpg_44860786-0186-462f-895d-b6e9d741f326.jpg?v=1758937959|https://cdn.shopify.com/s/files/1/0912/9351/6071/files/20220716_i1657960248_1492_6_jpg_81b38565-b097-45a2-a691-361263f5e574.jpg?v=1758937959,Hi I want Fend Sunshine Medium Bag 35 Olive Leather,
Fend Sunshine Medium Bag 35 Light Grey Leather,https://cdn.shopify.com/s/files/1/0912/9351/6071/files/20230510_i1683694906_7333_0_jpg_c37af09a-ec1b-4414-bc35-1b97ec146ba1.jpg?v=1758937969,handbags,fendi,https://cdn.shopify.com/s/files/1/0912/9351/6071/files/20230510_i1683694906_7333_0_jpg_c37af09a-ec1b-4414-bc35-1b97ec146ba1.jpg?v=1758937969|https://cdn.shopify.com/s/files/1/0912/9351/6071/files/20230510_i1683694906_4456_1_jpg_1de1baad-0a99-4c95-94c8-e149bf1059a6.jpg?v=1758937969|https://cdn.shopify.com/s/files/1/0912/9351/6071/files/20230510_i1683694906_4896_2_jpg_6b2fe6a1-9e13-48d6-90ee-88877abf481b.jpg?v=1758937970|https://cdn.shopify.com/s/files/1/0912/9351/6071/files/20230510_i1683694906_8880_7_jpg_ed0c18f3-0d44-4364-bb01-4e28e3842989.jpg?v=1758937970|https://cdn.shopify.com/s/files/1/0912/9351/6071/files/20230510_i1683694906_376_3_jpg_f54cdc24-ed12-4432-9287-0aaf172aa626.jpg?v=1758937970|https://cdn.shopify.com/s/files/1/0912/9351/6071/files/20230510_i1683694906_3682_4_jpg_7f608c76-16d2-4128-9606-13acb697dc0c.jpg?v=1758937970|https://cdn.shopify.com/s/files/1/0912/9351/6071/files/20230510_i1683694906_4078_8_jpg_f04463a5-a6cd-445e-9555-266633576dc6.jpg?v=1758937970|https://cdn.shopify.com/s/files/1/0912/9351/6071/files/20230510_i1683694906_6829_5_jpg_b66261f1-3fae-46b5-ac26-81c7f17ed5a6.jpg?v=1758937970|https://cdn.shopify.com/s/files/1/0912/9351/6071/files/20230510_i1683694906_6966_6_jpg_716252de-3c62-412c-ba11-89a0a17d8267.jpg?v=1758937970,Hi I want Fend Sunshine Medium Bag 35 Light Grey Leather,
Fend Sunshine Medium Bag 35 Grey Leather,https://cdn.shopify.com/s/files/1/0912/9351/6071/files/20220716_i1657960276_196_1_jpg_ca61e33e-c59e-4e6a-9207-51959d9d44e6.jpg?v=1758937980,handbags,fendi,https://cdn.shopify.com/s/files/1/0912/9351/6071/files/20220716_i1657960276_196_1_jpg_ca61e33e-c59e-4e6a-9207-51959d9d44e6.jpg?v=1758937980|https://cdn.shopify.com/s/files/1/0912/9351/6071/files/20220716_i1657960276_1050_0_jpg_dd7d0f81-2680-4230-b9f2-8b18ab4cecbf.jpg?v=1758937980|https://cdn.shopify.com/s/files/1/0912/9351/6071/files/20220716_i1657960276_9395_2_jpg_fee593fc-db39-440d-a100-d90c4c0d6264.jpg?v=1758937980|https://cdn.shopify.com/s/files/1/0912/9351/6071/files/20220716_i1657960276_9435_3_jpg_a9e3515e-e9eb-426b-8f12-67862cf68789.jpg?v=1758937980|https://cdn.shopify.com/s/files/1/0912/9351/6071/files/20220716_i1657960276_1804_4_jpg_aae333ac-9fda-4c5e-802f-f5915c30b5e1.jpg?v=1758937980|https://cdn.shopify.com/s/files/1/0912/9351/6071/files/20220716_i1657960276_2524_5_jpg_d9531bc3-f1eb-4449-a83c-63fb389d9d89.jpg?v=1758937980|https://cdn.shopify.com/s/files/1/0912/9351/6071/files/20220716_i1657960276_6319_8_jpg_907eafed-031b-4917-90cd-0c2f86eb638c.jpg?v=1758937980|https://cdn.shopify.com/s/files/1/0912/9351/6071/files/20220716_i1657960276_6352_6_jpg_a383c84f-044f-44bc-94b4-fb22e12ade90.jpg?v=1758937980|https://cdn.shopify.com/s/files/1/0912/9351/6071/files/20220716_i1657960276_8789_7_jpg_5f6408d0-68dc-4792-a0a6-45ecbbbd30af.jpg?v=1758937980,Hi I want Fend Sunshine Medium Bag 35 Grey Leather,
Fend Sunshine Medium Bag 35 Black Leather,https://cdn.shopify.com/s/files/1/0912/9351/6071/files/20220716_i1657960215_5362_1_jpg_f3af60e3-9914-4d25-8284-0465626142d2.jpg?v=1758937990,handbags,fendi,https://cdn.shopify.com/s/files/1/0912/9351/6071/files/20220716_i1657960215_5362_1_jpg_f3af60e3-9914-4d25-8284-0465626142d2.jpg?v=1758937990|https://cdn.shopify.com/s/files/1/0912/9351/6071/files/20220716_i1657960215_273_0_jpg_544ba8c3-5aff-4595-835c-de4c6861a277.jpg?v=1758937990|https://cdn.shopify.com/s/files/1/0912/9351/6071/files/20220716_i1657960215_8837_2_jpg_d2f82e6d-d397-411c-aa58-3c25da02b1ef.jpg?v=1758937990|https://cdn.shopify.com/s/files/1/0912/9351/6071/files/20220716_i1657960215_3721_3_jpg_d0755877-334c-4d5a-909a-f1294e82a176.jpg?v=1758937990|https://cdn.shopify.com/s/files/1/0912/9351/6071/files/20220716_i1657960215_6397_5_jpg_74c8fd2f-aa70-4bd1-826a-ef6699eef1d9.jpg?v=1758937990|https://cdn.shopify.com/s/files/1/0912/9351/6071/files/20220716_i1657960215_7853_4_jpg_be6a4fb5-c91a-4c4d-b3ab-5df219b72fb6.jpg?v=1758937990|https://cdn.shopify.com/s/files/1/0912/9351/6071/files/20220716_i1657960215_8371_6_jpg_8ab6531e-d9d5-430e-8fc5-7d7eec0803a5.jpg?v=1758937990|https://cdn.shopify.com/s/files/1/0912/9351/6071/files/20220716_i1657960215_8591_8_jpg_e6b0d07d-a565-43ba-a95e-5dd9a3feffd5.jpg?v=1758937990|https://cdn.shopify.com/s/files/1/0912/9351/6071/files/20220716_i1657960215_257_7_jpg_b1a85d41-3b70-4ed8-8756-9e53d5bfd630.jpg?v=1758937990,Hi I want Fend Sunshine Medium Bag 35 Black Leather,
Fend Sunshine Large Bag 40.5 White Leather,https://cdn.shopify.com/s/files/1/0912/9351/6071/files/20200730_i1596086196_4142_0_jpg_5acf87e8-b815-4dfa-85db-13166a8e61cf.jpg?v=1758938000,handbags,fendi,https://cdn.shopify.com/s/files/1/0912/9351/6071/files/20200730_i1596086196_4142_0_jpg_5acf87e8-b815-4dfa-85db-13166a8e61cf.jpg?v=1758938000|https://cdn.shopify.com/s/files/1/0912/9351/6071/files/20200730_i1596086196_2352_5_jpg_548caed7-1ccd-4187-aded-29f9db306c57.jpg?v=1758938000|https://cdn.shopify.com/s/files/1/0912/9351/6071/files/20200730_i1596086196_3335_3_jpg_6262cb43-171e-45c6-981e-b3c7aee74caa.jpg?v=1758938000|https://cdn.shopify.com/s/files/1/0912/9351/6071/files/20200730_i1596086196_4582_6_jpg_bbd5169f-d9ba-4707-83aa-14dc2c2c6af7.jpg?v=1758938000|https://cdn.shopify.com/s/files/1/0912/9351/6071/files/20200730_i1596086196_5838_4_jpg_0863dd7c-f3e0-469d-9eaf-05c9d55f264c.jpg?v=1758938000|https://cdn.shopify.com/s/files/1/0912/9351/6071/files/20200730_i1596086196_6632_1_jpg_07c34f51-f88e-4df0-b8f2-49f7c93c7150.jpg?v=1758938000|https://cdn.shopify.com/s/files/1/0912/9351/6071/files/20200730_i1596086196_8611_8_jpg_9d462970-cc27-4358-a2a1-b57d27a071c2.jpg?v=1758938000|https://cdn.shopify.com/s/files/1/0912/9351/6071/files/20200730_i1596086196_8871_7_jpg_5d686421-11b8-4127-9889-93a1ea509afb.jpg?v=1758938000|https://cdn.shopify.com/s/files/1/0912/9351/6071/files/20200730_i1596086196_9356_2_jpg_b3977782-4a98-45f5-9a35-490c6e77a3a9.jpg?v=1758938000,Hi I want Fend Sunshine Large Bag 40.5 White Leather,
Fend Sunshine Large Bag 40.5 Tan Leather,https://cdn.shopify.com/s/files/1/0912/9351/6071/files/20200819_i1597816089_4963_0_jpg_9314ac1d-4705-4fc7-a223-324b384abcff.jpg?v=1758938011,handbags,fendi,https://cdn.shopify.com/s/files/1/0912/9351/6071/files/20200819_i1597816089_4963_0_jpg_9314ac1d-4705-4fc7-a223-324b384abcff.jpg?v=1758938011|https://cdn.shopify.com/s/files/1/0912/9351/6071/files/20200819_i1597816089_762_1_jpg_ff253ca2-f305-4eb5-8793-84c978874c0b.jpg?v=1758938011|https://cdn.shopify.com/s/files/1/0912/9351/6071/files/20200819_i1597816089_5132_2_jpg_71d3e395-5f0b-4d31-987f-1abf6a80a118.jpg?v=1758938011|https://cdn.shopify.com/s/files/1/0912/9351/6071/files/20200819_i1597816089_1026_4_jpg_c89c7707-c8a6-4428-997b-1ce46ab76539.jpg?v=1758938011|https://cdn.shopify.com/s/files/1/0912/9351/6071/files/20200819_i1597816089_2594_7_jpg_9bbd524d-741d-4dbc-be9e-0346ae711704.jpg?v=1758938011|https://cdn.shopify.com/s/files/1/0912/9351/6071/files/20200819_i1597816089_2954_3_jpg_e27a6211-4e6c-4171-b455-653c87bef82a.jpg?v=1758938011|https://cdn.shopify.com/s/files/1/0912/9351/6071/files/20200819_i1597816089_3116_5_jpg_001e9f44-0dbc-4ce6-bcf8-650030c6654c.jpg?v=1758938011|https://cdn.shopify.com/s/files/1/0912/9351/6071/files/20200819_i1597816089_6523_6_jpg_815e1f02-3b7b-4fae-9044-85e5e16a471a.jpg?v=1758938011|https://cdn.shopify.com/s/files/1/0912/9351/6071/files/20200819_i1597816089_8386_8_jpg_e7b51cf4-8eec-4aa2-a949-bdf92df1783a.jpg?v=1758938011,Hi I want Fend Sunshine Large Bag 40.5 Tan Leather,
Fend Mini Sunshine Shopper Bag 18 White Leather,https://cdn.shopify.com/s/files/1/0912/9351/6071/files/20220810_i1660124945_4778_0_jpg_4a7748f6-e041-43d9-8491-ee21fd1119a0.jpg?v=1758938041,handbags,fendi,https://cdn.shopify.com/s/files/1/0912/9351/6071/files/20220810_i1660124945_4778_0_jpg_4a7748f6-e041-43d9-8491-ee21fd1119a0.jpg?v=1758938041|https://cdn.shopify.com/s/files/1/0912/9351/6071/files/20220810_i1660124945_816_1_jpg_8f72ad67-6d24-40b2-9b44-5a871a6338fc.jpg?v=1758938041|https://cdn.shopify.com/s/files/1/0912/9351/6071/files/20220810_i1660124945_1058_3_jpg_9856e321-d91c-4174-80ca-387bf732f218.jpg?v=1758938041|https://cdn.shopify.com/s/files/1/0912/9351/6071/files/20220810_i1660124945_781_4_jpg_7e3c6ee1-568e-4cf4-b98c-01daf8cb562e.jpg?v=1758938041|https://cdn.shopify.com/s/files/1/0912/9351/6071/files/20220810_i1660124945_1261_5_jpg_66bcfab7-74cc-4cb5-82bd-36429fb15c0f.jpg?v=1758938041|https://cdn.shopify.com/s/files/1/0912/9351/6071/files/20220810_i1660124945_1969_8_jpg_6524338c-3ba8-452c-a556-26156dfc06f7.jpg?v=1758938041|https://cdn.shopify.com/s/files/1/0912/9351/6071/files/20220810_i1660124945_9581_2_jpg_b6f7c85c-3b88-470b-b947-9ef50c41a2da.jpg?v=1758938041|https://cdn.shopify.com/s/files/1/0912/9351/6071/files/20220810_i1660124945_3014_6_jpg_04a03927-4b85-4983-975c-a32cf8874b20.jpg?v=1758938041|https://cdn.shopify.com/s/files/1/0912/9351/6071/files/20220810_i1660124945_5890_7_jpg_a867d49f-1168-4db7-b8c4-bfa2d555a54d.jpg?v=1758938041,Hi I want Fend Mini Sunshine Shopper Bag 18 White Leather,
Fend Mini Sunshine Shopper Bag 18 Peach Leather,https://cdn.shopify.com/s/files/1/0912/9351/6071/files/20230514_i1684056277_2848_0_jpg_d340ed14-6f87-4708-9640-d978c424082c.jpg?v=1758938061,handbags,fendi,https://cdn.shopify.com/s/files/1/0912/9351/6071/files/20230514_i1684056277_2848_0_jpg_d340ed14-6f87-4708-9640-d978c424082c.jpg?v=1758938061|https://cdn.shopify.com/s/files/1/0912/9351/6071/files/20230514_i1684056277_8086_1_jpg_66ebb1db-8f42-463b-ac4c-e9b690508d0b.jpg?v=1758938061|https://cdn.shopify.com/s/files/1/0912/9351/6071/files/20230514_i1684056277_4276_2_jpg_5855fb49-0527-415c-80ea-80bb2f6909d9.jpg?v=1758938061|https://cdn.shopify.com/s/files/1/0912/9351/6071/files/20230514_i1684056277_693_8_jpg_d9e946f7-8fa4-4665-8c6f-fe7cdde81d94.jpg?v=1758938061|https://cdn.shopify.com/s/files/1/0912/9351/6071/files/20230514_i1684056277_9212_3_jpg_4fd5038b-df8b-4ad7-bb7c-d53386b61d50.jpg?v=1758938061|https://cdn.shopify.com/s/files/1/0912/9351/6071/files/20230514_i1684056277_9108_7_jpg_9faead9f-5ad3-4f3a-97c2-c2000e993c9d.jpg?v=1758938061|https://cdn.shopify.com/s/files/1/0912/9351/6071/files/20230514_i1684056277_856_5_jpg_0c15fcb9-f0af-411c-b280-abacbcba106d.jpg?v=1758938061|https://cdn.shopify.com/s/files/1/0912/9351/6071/files/20230514_i1684056277_2631_6_jpg_8ada25b8-9961-400e-a8eb-3a112a26295a.jpg?v=1758938061|https://cdn.shopify.com/s/files/1/0912/9351/6071/files/20230514_i1684056277_8227_4_jpg_9e7a9e1d-5f63-4165-9ba8-11cece7c0f07.jpg?v=1758938061,Hi I want Fend Mini Sunshine Shopper Bag 18 Peach Leather,
Fend Mini Sunshine Shopper Bag 18 Light Grey Leather,https://cdn.shopify.com/s/files/1/0912/9351/6071/files/20230514_i1684056298_5167_0_jpg_f632690e-85c2-47e1-95b6-830ac2318eeb.jpg?v=1758938072,handbags,fendi,https://cdn.shopify.com/s/files/1/0912/9351/6071/files/20230514_i1684056298_5167_0_jpg_f632690e-85c2-47e1-95b6-830ac2318eeb.jpg?v=1758938072|https://cdn.shopify.com/s/files/1/0912/9351/6071/files/20230514_i1684056298_1770_1_jpg_0f5512d6-be7a-4026-b3ba-ab74c3fe43aa.jpg?v=1758938072|https://cdn.shopify.com/s/files/1/0912/9351/6071/files/20230514_i1684056298_8458_2_jpg_f1bd2bd2-79dd-422f-95d4-b7d09268d22b.jpg?v=1758938072|https://cdn.shopify.com/s/files/1/0912/9351/6071/files/20230514_i1684056298_3647_7_jpg_b6896a0a-296f-4522-abb5-8c2b8a78b212.jpg?v=1758938072|https://cdn.shopify.com/s/files/1/0912/9351/6071/files/20230514_i1684056298_4164_5_jpg_9b2bc9f4-1a80-4fa7-96e5-3dda4f2fb098.jpg?v=1758938072|https://cdn.shopify.com/s/files/1/0912/9351/6071/files/20230514_i1684056298_2481_4_jpg_14c63b59-0951-4b7b-90b9-69ec4d30bafd.jpg?v=1758938072|https://cdn.shopify.com/s/files/1/0912/9351/6071/files/20230514_i1684056298_5982_8_jpg_2f208307-98aa-466b-aa6c-bf3f48b9c5ca.jpg?v=1758938072|https://cdn.shopify.com/s/files/1/0912/9351/6071/files/20230514_i1684056298_593_3_jpg_61e08e1c-8756-4884-ab8d-efeb2e097dde.jpg?v=1758938072|https://cdn.shopify.com/s/files/1/0912/9351/6071/files/20230514_i1684056298_6825_6_jpg_39f4d03b-31cd-4dda-949c-16b843e555d7.jpg?v=1758938072,Hi I want Fend Mini Sunshine Shopper Bag 18 Light Grey Leather,
Fend Mini Sunshine Shopper Bag 18 Blue Leather,https://cdn.shopify.com/s/files/1/0912/9351/6071/files/20230514_i1684056315_5072_0_jpg_4608383b-73f4-4e7e-b9a1-bff9886a975e.jpg?v=1758938082,handbags,fendi,https://cdn.shopify.com/s/files/1/0912/9351/6071/files/20230514_i1684056315_5072_0_jpg_4608383b-73f4-4e7e-b9a1-bff9886a975e.jpg?v=1758938082|https://cdn.shopify.com/s/files/1/0912/9351/6071/files/20230514_i1684056315_6295_1_jpg_c6723499-e347-42bd-994a-b48cbefc7476.jpg?v=1758938082|https://cdn.shopify.com/s/files/1/0912/9351/6071/files/20230514_i1684056315_2759_2_jpg_3935fd64-3323-41e7-ae24-84797d9892c5.jpg?v=1758938082|https://cdn.shopify.com/s/files/1/0912/9351/6071/files/20230514_i1684056315_1736_3_jpg_e9765edd-a798-46d8-9de8-5429350ac852.jpg?v=1758938082|https://cdn.shopify.com/s/files/1/0912/9351/6071/files/20230514_i1684056315_2756_7_jpg_34cec0d9-af88-46de-9a4c-246e8ba00600.jpg?v=1758938082|https://cdn.shopify.com/s/files/1/0912/9351/6071/files/20230514_i1684056315_8933_8_jpg_5289fb90-176b-4774-aeda-8ef1c8800765.jpg?v=1758938082|https://cdn.shopify.com/s/files/1/0912/9351/6071/files/20230514_i1684056315_4929_4_jpg_7f7e0d9e-9d7d-4bda-aae1-7a87e4ec3732.jpg?v=1758938082|https://cdn.shopify.com/s/files/1/0912/9351/6071/files/20230514_i1684056315_1369_5_jpg_458463a8-b00c-42a9-9af1-c7cd9ec66a10.jpg?v=1758938082|https://cdn.shopify.com/s/files/1/0912/9351/6071/files/20230514_i1684056315_4267_6_jpg_1b5a4ac6-870e-434d-928b-eba3b0f3e268.jpg?v=1758938082,Hi I want Fend Mini Sunshine Shopper Bag 18 Blue Leather,
Fend Mini Sunshine Shopper Bag 18 Beige Leather,https://cdn.shopify.com/s/files/1/0912/9351/6071/files/20220810_i1660124992_4550_0_jpg_8faf961e-b546-43ee-9f82-0df9ae5ccf27.jpg?v=1758938092,handbags,fendi,https://cdn.shopify.com/s/files/1/0912/9351/6071/files/20220810_i1660124992_4550_0_jpg_8faf961e-b546-43ee-9f82-0df9ae5ccf27.jpg?v=1758938092|https://cdn.shopify.com/s/files/1/0912/9351/6071/files/20220810_i1660124992_8662_1_jpg_ea59886f-685d-41a2-8c22-f54273cba545.jpg?v=1758938092|https://cdn.shopify.com/s/files/1/0912/9351/6071/files/20220810_i1660124992_5790_2_jpg_2695aa0e-88e0-4924-bfa6-be387973f56c.jpg?v=1758938092|https://cdn.shopify.com/s/files/1/0912/9351/6071/files/20220810_i1660124992_1278_5_jpg_a686b465-3c0c-4dad-bba5-746319351574.jpg?v=1758938092|https://cdn.shopify.com/s/files/1/0912/9351/6071/files/20220810_i1660124992_2516_7_jpg_85c49289-2854-4b80-aead-0545bdb7a5d6.jpg?v=1758938092|https://cdn.shopify.com/s/files/1/0912/9351/6071/files/20220810_i1660124992_4987_3_jpg_bdae7e4e-5696-4fb2-8796-49aa0ba479d4.jpg?v=1758938092|https://cdn.shopify.com/s/files/1/0912/9351/6071/files/20220810_i1660124992_1078_6_jpg_00ff0921-2d67-41e6-b804-ae043ad0f891.jpg?v=1758938092|https://cdn.shopify.com/s/files/1/0912/9351/6071/files/20220810_i1660124992_6951_4_jpg_a4ca6c3b-1aa4-491a-8c70-56709b2dca91.jpg?v=1758938092|https://cdn.shopify.com/s/files/1/0912/9351/6071/files/20220810_i1660124992_4386_8_jpg_1dbc2103-091a-4710-803c-14f8afc7819a.jpg?v=1758938092,Hi I want Fend Mini Sunshine Shopper Bag 18 Beige Leather,
Peekaboo X-lite medium 30cm Bag red lambskin gold hardware,https://cdn.shopify.com/s/files/1/0912/9351/6071/files/20201205_a1607144883226_0162_jpg_4537fa93-c004-4fbb-994b-2331206bf435.jpg?v=1758938125,handbags,fendi,https://cdn.shopify.com/s/files/1/0912/9351/6071/files/20201205_a1607144883226_0162_jpg_4537fa93-c004-4fbb-994b-2331206bf435.jpg?v=1758938125|https://cdn.shopify.com/s/files/1/0912/9351/6071/files/20201205_a1607144883805_0675_jpg_f227450a-1a90-48bf-9afd-659384de55a3.jpg?v=1758938125|https://cdn.shopify.com/s/files/1/0912/9351/6071/files/20201205_a1607144884328_3628_jpg_d579a60f-e8a5-41ef-a823-dfe10694d895.jpg?v=1758938125|https://cdn.shopify.com/s/files/1/0912/9351/6071/files/20201205_a1607144884820_1813_jpg_d9007bf0-6396-4b0d-bec5-385ae2f6ee8c.jpg?v=1758938125|https://cdn.shopify.com/s/files/1/0912/9351/6071/files/20201205_a1607144885272_7106_jpg_634c085e-b579-4868-b9ac-91a1702a448c.jpg?v=1758938125|https://cdn.shopify.com/s/files/1/0912/9351/6071/files/20201205_a1607144885681_7054_jpg_47ef2e34-9ed1-4c3f-9fc5-8301d452ef80.jpg?v=1758938125|https://cdn.shopify.com/s/files/1/0912/9351/6071/files/20201205_a1607144886350_4550_jpg_3d701f11-4699-4a66-ba2b-e6440bbf2533.jpg?v=1758938125|https://cdn.shopify.com/s/files/1/0912/9351/6071/files/20201205_a1607144886935_8708_jpg_2fa3f02d-f9f4-4fd0-8406-34849b1e5cf2.jpg?v=1758938125|https://cdn.shopify.com/s/files/1/0912/9351/6071/files/20201205_a1607144887581_6811_jpg_c360741d-73da-484b-89fd-8678c9dedb04.jpg?v=1758938125,Hi I want Peekaboo X-lite medium 30cm Bag red lambskin gold hardware,
Peekaboo X-lite medium 30cm Bag light brown lambskin gold hardware,https://cdn.shopify.com/s/files/1/0912/9351/6071/files/20201205_a1607145195661_8785_jpg_c30ec09b-ae00-4d8d-800d-cc50e54d8027.jpg?v=1758938136,handbags,fendi,https://cdn.shopify.com/s/files/1/0912/9351/6071/files/20201205_a1607145195661_8785_jpg_c30ec09b-ae00-4d8d-800d-cc50e54d8027.jpg?v=1758938136|https://cdn.shopify.com/s/files/1/0912/9351/6071/files/20201205_a1607145196224_3744_jpg_e58c993c-09ab-4639-a3e1-0bcea78351f6.jpg?v=1758938136|https://cdn.shopify.com/s/files/1/0912/9351/6071/files/20201205_a1607145196874_2851_jpg_53b8adf2-46bc-4962-8538-0e401ed88420.jpg?v=1758938136|https://cdn.shopify.com/s/files/1/0912/9351/6071/files/20201205_a1607145197243_5621_jpg_63ea578e-59ee-408a-99bf-332f511a11b9.jpg?v=1758938136|https://cdn.shopify.com/s/files/1/0912/9351/6071/files/20201205_a1607145197641_7837_jpg_0358f521-17ea-42a8-867d-6bdf0001d34e.jpg?v=1758938136|https://cdn.shopify.com/s/files/1/0912/9351/6071/files/20201205_a1607145198351_3626_jpg_f5461ad5-6888-4c84-aa4e-efc81fcce0db.jpg?v=1758938136|https://cdn.shopify.com/s/files/1/0912/9351/6071/files/20201205_a1607145198903_4275_jpg_f838a906-5ab3-4d46-9ecb-5c95173f1ce1.jpg?v=1758938136|https://cdn.shopify.com/s/files/1/0912/9351/6071/files/20201205_a1607145199353_7823_jpg_52dcd073-1c5f-4930-bcdb-9e42ff2fea4d.jpg?v=1758938136|https://cdn.shopify.com/s/files/1/0912/9351/6071/files/20201205_a1607145199991_6244_jpg_3d09633c-f3ce-4ef1-b783-1e6d6660d71c.jpg?v=1758938136,Hi I want Peekaboo X-lite medium 30cm Bag light brown lambskin gold hardware,
Peekaboo ISeeU Small 27cm Bag ivory lambskin gold hardware,https://cdn.shopify.com/s/files/1/0912/9351/6071/files/20220717_i1658033375_1656_1_jpg_06384576-dcb4-4128-b3b0-d6343bf7cff6.jpg?v=1775903183,handbags,fendi,https://cdn.shopify.com/s/files/1/0912/9351/6071/files/20220717_i1658033375_1656_1_jpg_06384576-dcb4-4128-b3b0-d6343bf7cff6.jpg?v=1775903183|https://cdn.shopify.com/s/files/1/0912/9351/6071/files/20220717_i1658033375_753_4_jpg_db7b0e44-0561-48bf-8efe-ed23e9bc0fc2.jpg?v=1775903183|https://cdn.shopify.com/s/files/1/0912/9351/6071/files/20220717_i1658033375_1590_0_jpg_ae2de3eb-02ed-435e-bd3f-f237174b7eb9.jpg?v=1775903183|https://cdn.shopify.com/s/files/1/0912/9351/6071/files/20220717_i1658033375_3380_6_jpg_bacd5f0a-4fa0-42f5-bcae-235527d17167.jpg?v=1775903182|https://cdn.shopify.com/s/files/1/0912/9351/6071/files/20220717_i1658033375_5294_5_jpg_11ddc244-1e16-4fd7-a448-fa186b39a832.jpg?v=1775903182|https://cdn.shopify.com/s/files/1/0912/9351/6071/files/20220717_i1658033375_5325_7_jpg_693b5a86-8334-468e-85bd-b181065af279.jpg?v=1775903183|https://cdn.shopify.com/s/files/1/0912/9351/6071/files/20220717_i1658033375_7150_8_jpg_adf81f32-c881-4c51-8cdb-fbc62650a044.jpg?v=1775903182|https://cdn.shopify.com/s/files/1/0912/9351/6071/files/20220717_i1658033375_8298_2_jpg_4611d151-fd8a-447c-a680-4c949e1582c0.jpg?v=1775903183|https://cdn.shopify.com/s/files/1/0912/9351/6071/files/20220717_i1658033375_1465_3_jpg_82980c24-0bda-4497-8f0e-d4c781074a8b.jpg?v=1775903182,Hi I want Peekaboo ISeeU Small 27cm Bag ivory lambskin gold hardware,
Peekaboo ISeeU Small 27cm Bag black lambskin gold hardware,https://cdn.shopify.com/s/files/1/0912/9351/6071/files/20220726_i1658805893_8991_0_jpg_969f2da4-3f9a-47ce-970c-b382b457baee.jpg?v=1775903190,handbags,fendi,https://cdn.shopify.com/s/files/1/0912/9351/6071/files/20220726_i1658805893_8991_0_jpg_969f2da4-3f9a-47ce-970c-b382b457baee.jpg?v=1775903190|https://cdn.shopify.com/s/files/1/0912/9351/6071/files/20220726_i1658805893_4075_5_jpg_e9c1411f-a9fb-4773-aa28-adfe4c17a7f6.jpg?v=1775903190|https://cdn.shopify.com/s/files/1/0912/9351/6071/files/20220726_i1658805893_6205_6_jpg_01459f22-09b0-4e3a-be1c-fee917e54492.jpg?v=1775903190|https://cdn.shopify.com/s/files/1/0912/9351/6071/files/20220726_i1658805893_6378_8_jpg_49161055-4056-4807-81eb-32c5c6d42b9a.jpg?v=1775903190|https://cdn.shopify.com/s/files/1/0912/9351/6071/files/20220726_i1658805893_7586_7_jpg_15609f50-e222-48f8-8b69-01e466920055.jpg?v=1775903190|https://cdn.shopify.com/s/files/1/0912/9351/6071/files/20220726_i1658805893_8376_4_jpg_4c39d60f-9a41-432f-a7ac-6f2e3b44a2b3.jpg?v=1775903190|https://cdn.shopify.com/s/files/1/0912/9351/6071/files/20220726_i1658805893_9162_3_jpg_d617db14-e0db-4c84-8164-cb6d3f1e2afc.jpg?v=1775903190|https://cdn.shopify.com/s/files/1/0912/9351/6071/files/20220726_i1658805893_2440_1_jpg_3e5c9ca7-7d67-4487-8569-478264c7eabc.jpg?v=1775903190|https://cdn.shopify.com/s/files/1/0912/9351/6071/files/20220726_i1658805893_2155_2_jpg_4429e259-96bb-42b8-ac17-ff489c3e5813.jpg?v=1775903190,Hi I want Peekaboo ISeeU Small 27cm Bag black lambskin gold hardware,
Peekaboo Mini Selleria Bag 23cm black leather shw with 220 hand-sewn stitches,https://cdn.shopify.com/s/files/1/0912/9351/6071/files/20220712_i1657607058_2578_1_jpg_cf8fd3df-a47b-4204-b8ef-dadedec8789e.jpg?v=1758938313,handbags,fendi,https://cdn.shopify.com/s/files/1/0912/9351/6071/files/20220712_i1657607058_2578_1_jpg_cf8fd3df-a47b-4204-b8ef-dadedec8789e.jpg?v=1758938313|https://cdn.shopify.com/s/files/1/0912/9351/6071/files/20220712_i1657607058_9756_7_jpg_7694a9ad-84fa-46f9-a779-781a4966a144.jpg?v=1758938313|https://cdn.shopify.com/s/files/1/0912/9351/6071/files/20220712_i1657607058_2987_2_jpg_7f3fc320-0b85-4c82-95dc-8e1129f6d6da.jpg?v=1758938313|https://cdn.shopify.com/s/files/1/0912/9351/6071/files/20220712_i1657607058_4446_0_jpg_c0804e89-d406-4bf0-9d31-3bd39039acc5.jpg?v=1758938313|https://cdn.shopify.com/s/files/1/0912/9351/6071/files/20220712_i1657607058_5669_5_jpg_8d343791-d5a1-45ff-9fe4-15d0e94c9a36.jpg?v=1758938313|https://cdn.shopify.com/s/files/1/0912/9351/6071/files/20220712_i1657607058_7193_6_jpg_64ce4d0f-905a-4e91-b0ea-791181316bd4.jpg?v=1758938313|https://cdn.shopify.com/s/files/1/0912/9351/6071/files/20220712_i1657607058_9095_4_jpg_dbdd11f0-bbcf-4af7-84f9-b210d463ec56.jpg?v=1758938313|https://cdn.shopify.com/s/files/1/0912/9351/6071/files/20220712_i1657607058_9373_8_jpg_b2d73abe-06d0-4af3-bdbd-dfd76522cb9d.jpg?v=1758938313|https://cdn.shopify.com/s/files/1/0912/9351/6071/files/20220712_i1657607058_2439_3_jpg_ba5222ed-50c3-4e7b-a382-9e39e0ff4e9b.jpg?v=1758938313,Hi I want Peekaboo Mini Selleria Bag 23cm black leather shw with 220 hand-sewn stitches,
Peekaboo Mini 23cm Bag taupe lambskin gold hardware,https://cdn.shopify.com/s/files/1/0912/9351/6071/files/20220721_i1658383851_1222_1_jpg_d239e4f2-4d85-42a9-b54e-d685e52b9ecf.jpg?v=1758938325,handbags,fendi,https://cdn.shopify.com/s/files/1/0912/9351/6071/files/20220721_i1658383851_1222_1_jpg_d239e4f2-4d85-42a9-b54e-d685e52b9ecf.jpg?v=1758938325|https://cdn.shopify.com/s/files/1/0912/9351/6071/files/20220721_i1658383851_6792_0_jpg_96a894d8-a1f5-4d01-849d-a99c368aaed6.jpg?v=1758938325|https://cdn.shopify.com/s/files/1/0912/9351/6071/files/20220721_i1658383851_655_6_jpg_83aa43dd-f52f-474d-a608-24c3730e5fb4.jpg?v=1758938325|https://cdn.shopify.com/s/files/1/0912/9351/6071/files/20220721_i1658383851_2395_4_jpg_4096cf39-e954-46dd-8fa9-a7567dacb50b.jpg?v=1758938325|https://cdn.shopify.com/s/files/1/0912/9351/6071/files/20220721_i1658383851_2749_5_jpg_686ffb5a-aacb-4f96-8e45-c35b6540a2dd.jpg?v=1758938325|https://cdn.shopify.com/s/files/1/0912/9351/6071/files/20220721_i1658383851_5596_7_jpg_9f03c649-16b7-4438-81bc-a6c534e49ad2.jpg?v=1758938325|https://cdn.shopify.com/s/files/1/0912/9351/6071/files/20220721_i1658383851_6248_2_jpg_df0692ce-f607-4be1-986c-ff089e165a70.jpg?v=1758938326|https://cdn.shopify.com/s/files/1/0912/9351/6071/files/20220721_i1658383851_7169_8_jpg_00f472ea-87e1-4dd8-9091-ce1202266e05.jpg?v=1758938326|https://cdn.shopify.com/s/files/1/0912/9351/6071/files/20220721_i1658383851_8187_3_jpg_5a5ac335-5a0c-4d5e-9323-17d905dca6be.jpg?v=1758938326,Hi I want Peekaboo Mini 23cm Bag taupe lambskin gold hardware,
Peekaboo ISeeU Petite 20 Bag White Lambskin Ghw,https://cdn.shopify.com/s/files/1/0912/9351/6071/files/20220717_i1658038649_5493_1_jpg_cbd5959b-58c5-4238-89cf-a5428db31a1d.jpg?v=1758938371,handbags,fendi,https://cdn.shopify.com/s/files/1/0912/9351/6071/files/20220717_i1658038649_5493_1_jpg_cbd5959b-58c5-4238-89cf-a5428db31a1d.jpg?v=1758938371|https://cdn.shopify.com/s/files/1/0912/9351/6071/files/20220717_i1658038649_9804_0_jpg_12144d29-e397-48ba-bea6-90aca659ddfd.jpg?v=1758938371|https://cdn.shopify.com/s/files/1/0912/9351/6071/files/20220717_i1658038649_97_5_jpg_28e1f8d1-acca-4142-9969-57e8c4c09d74.jpg?v=1758938371|https://cdn.shopify.com/s/files/1/0912/9351/6071/files/20220717_i1658038649_2540_8_jpg_4018ae2d-7dfa-4897-8263-5a984cae08ca.jpg?v=1758938371|https://cdn.shopify.com/s/files/1/0912/9351/6071/files/20220717_i1658038649_4325_4_jpg_1ada4712-60c4-4246-890d-9a97d80c2e99.jpg?v=1758938371|https://cdn.shopify.com/s/files/1/0912/9351/6071/files/20220717_i1658038649_7354_6_jpg_09bd3f1a-ddd0-4553-9640-04d822616c56.jpg?v=1758938371|https://cdn.shopify.com/s/files/1/0912/9351/6071/files/20220717_i1658038649_4758_7_jpg_c7ff7230-c67f-4677-9fe5-b9b6ce786c58.jpg?v=1758938371|https://cdn.shopify.com/s/files/1/0912/9351/6071/files/20220717_i1658038649_9627_2_jpg_633b41c7-f168-4e4c-bf5e-9152d06404c0.jpg?v=1758938371|https://cdn.shopify.com/s/files/1/0912/9351/6071/files/20220717_i1658038649_5554_3_jpg_ed1b422c-e80b-46fd-b492-1ec22c465ce7.jpg?v=1758938371,Hi I want Peekaboo ISeeU Petite 20 Bag White Lambskin Ghw,
Peekaboo ISeeU Petite 20 Bag Tan Lambskin Ghw,https://cdn.shopify.com/s/files/1/0912/9351/6071/files/20240127_i1706329896_1823_0_jpg_1fc0bb64-ac9f-4ff2-a001-140933df3476.jpg?v=1758938383,handbags,fendi,https://cdn.shopify.com/s/files/1/0912/9351/6071/files/20240127_i1706329896_1823_0_jpg_1fc0bb64-ac9f-4ff2-a001-140933df3476.jpg?v=1758938383|https://cdn.shopify.com/s/files/1/0912/9351/6071/files/20240127_i1706329896_6045_8_jpg_c105aeb9-9c1f-45d9-86fe-c10da2a7ce4e.jpg?v=1758938383|https://cdn.shopify.com/s/files/1/0912/9351/6071/files/20240127_i1706329896_4021_7_jpg_c6d1dd1e-8049-483f-b4d3-d2df362bedd2.jpg?v=1758938383|https://cdn.shopify.com/s/files/1/0912/9351/6071/files/20240127_i1706329896_7483_5_jpg_b285704a-6d7b-4207-a4ef-6c90d2a31425.jpg?v=1758938383|https://cdn.shopify.com/s/files/1/0912/9351/6071/files/20240127_i1706329896_2342_4_jpg_960a7ecf-d4fc-46bd-a1dd-1f6b2b4e0c19.jpg?v=1758938383|https://cdn.shopify.com/s/files/1/0912/9351/6071/files/20240127_i1706329896_5341_1_jpg_87c77fa9-a814-441e-b4a4-d894ba98597f.jpg?v=1758938383|https://cdn.shopify.com/s/files/1/0912/9351/6071/files/20240127_i1706329896_3846_6_jpg_f79bc2ac-8e65-4bcb-a217-607dfb2ef300.jpg?v=1758938383|https://cdn.shopify.com/s/files/1/0912/9351/6071/files/20240127_i1706329896_4638_3_jpg_6062a695-d983-4f96-b541-effd9e23fba2.jpg?v=1758938383|https://cdn.shopify.com/s/files/1/0912/9351/6071/files/20240127_i1706329896_8074_2_jpg_9a07cab1-3d6d-4eae-9591-e4c0f8fc9e95.jpg?v=1758938383,Hi I want Peekaboo ISeeU Petite 20 Bag Tan Lambskin Ghw,
Peekaboo ISeeU Petite 20 Bag Pink Lambskin Ghw,https://cdn.shopify.com/s/files/1/0912/9351/6071/files/20220717_i1658034283_1132_2_jpg_039083f5-d9af-4c23-aa44-07475c15c22d.jpg?v=1758938395,handbags,fendi,https://cdn.shopify.com/s/files/1/0912/9351/6071/files/20220717_i1658034283_1132_2_jpg_039083f5-d9af-4c23-aa44-07475c15c22d.jpg?v=1758938395|https://cdn.shopify.com/s/files/1/0912/9351/6071/files/20220723_i1658507365_7411_0_jpg_b1d03be8-3d42-490a-b842-83549daf2120.jpg?v=1758938395|https://cdn.shopify.com/s/files/1/0912/9351/6071/files/20220717_i1658034283_1818_4_jpg_b1e12c4f-c679-443b-a694-ba5a7f0baa9e.jpg?v=1758938395|https://cdn.shopify.com/s/files/1/0912/9351/6071/files/20220717_i1658034283_6777_8_jpg_e7c18c37-ad12-4f78-9afa-f2fc59e50106.jpg?v=1758938395|https://cdn.shopify.com/s/files/1/0912/9351/6071/files/20220717_i1658034283_2012_7_jpg_7564b2f2-d765-404c-948d-7f8284934027.jpg?v=1758938395|https://cdn.shopify.com/s/files/1/0912/9351/6071/files/20220717_i1658034283_2668_5_jpg_c48148f5-96f5-47d8-9b96-7f633b642548.jpg?v=1758938395|https://cdn.shopify.com/s/files/1/0912/9351/6071/files/20220717_i1658034283_9887_6_jpg_4030d630-1c35-460f-89ab-90b3f22b6f72.jpg?v=1758938395|https://cdn.shopify.com/s/files/1/0912/9351/6071/files/20220717_i1658034283_4185_0_jpg_1909dc05-ca57-4c53-8713-2213881756cb.jpg?v=1758938395|https://cdn.shopify.com/s/files/1/0912/9351/6071/files/20220717_i1658034283_3635_3_jpg_cdc9bfbe-ccc2-41fe-9473-4020772ff8ca.jpg?v=1758938395,Hi I want Peekaboo ISeeU Petite 20 Bag Pink Lambskin Ghw,
Peekaboo ISeeU Petite 20 Bag Light Brown Lambskin Ghw,https://cdn.shopify.com/s/files/1/0912/9351/6071/files/20220717_i1658035024_320_1_jpg_a684ac3d-ab69-4db1-859d-2dfb95b1609a.jpg?v=1758938406,handbags,fendi,https://cdn.shopify.com/s/files/1/0912/9351/6071/files/20220717_i1658035024_320_1_jpg_a684ac3d-ab69-4db1-859d-2dfb95b1609a.jpg?v=1758938406|https://cdn.shopify.com/s/files/1/0912/9351/6071/files/20220717_i1658035024_272_0_jpg_a7b2660a-316d-4290-b487-54882465ea2e.jpg?v=1758938406|https://cdn.shopify.com/s/files/1/0912/9351/6071/files/20220717_i1658035024_1634_8_jpg_733a22c7-3540-47ac-aeff-9227052ecd4c.jpg?v=1758938406|https://cdn.shopify.com/s/files/1/0912/9351/6071/files/20220717_i1658035024_2368_6_jpg_33709b38-ba05-4eb3-a6f4-f23b4a4a1f62.jpg?v=1758938407|https://cdn.shopify.com/s/files/1/0912/9351/6071/files/20220717_i1658035024_6329_5_jpg_45fc0d67-7423-45b1-a6ae-f3aa5a51e46f.jpg?v=1758938407|https://cdn.shopify.com/s/files/1/0912/9351/6071/files/20220717_i1658035024_7460_7_jpg_a3a2be2c-7ae5-4d68-bbba-24ccb4aa00dc.jpg?v=1758938407|https://cdn.shopify.com/s/files/1/0912/9351/6071/files/20220717_i1658035024_8840_4_jpg_2e592a16-51d5-4661-b758-2abd000c1794.jpg?v=1758938407|https://cdn.shopify.com/s/files/1/0912/9351/6071/files/20220717_i1658035024_7267_2_jpg_7b2579df-de2c-4d5d-bc91-110c4d20f72c.jpg?v=1758938407|https://cdn.shopify.com/s/files/1/0912/9351/6071/files/20220717_i1658035024_6223_3_jpg_63d8e319-ceb6-450f-9948-eaeba60a22e7.jpg?v=1758938407,Hi I want Peekaboo ISeeU Petite 20 Bag Light Brown Lambskin Ghw,
Peekaboo ISeeU Petite 20 Bag Red Lambskin Shw,https://cdn.shopify.com/s/files/1/0912/9351/6071/files/20220717_i1658034981_6211_1_jpg_8d558a0f-ab77-4d94-9fd5-c90ea7bb4a30.jpg?v=1758938447,handbags,fendi,https://cdn.shopify.com/s/files/1/0912/9351/6071/files/20220717_i1658034981_6211_1_jpg_8d558a0f-ab77-4d94-9fd5-c90ea7bb4a30.jpg?v=1758938447|https://cdn.shopify.com/s/files/1/0912/9351/6071/files/20220717_i1658034981_9890_0_jpg_29b72d29-55c5-462e-824c-0a0b1baebadd.jpg?v=1758938447|https://cdn.shopify.com/s/files/1/0912/9351/6071/files/20220717_i1658034981_3896_7_jpg_153ee7ac-07a0-4a3b-b7a0-4a6f7fb33d10.jpg?v=1758938447|https://cdn.shopify.com/s/files/1/0912/9351/6071/files/20220717_i1658034981_2263_4_jpg_98990225-07d3-43e5-b327-cdc892751138.jpg?v=1758938447|https://cdn.shopify.com/s/files/1/0912/9351/6071/files/20220717_i1658034981_267_5_jpg_efc786b6-a2f4-4405-9ee0-69a08a649897.jpg?v=1758938447|https://cdn.shopify.com/s/files/1/0912/9351/6071/files/20220717_i1658034981_7230_6_jpg_fbc20fbe-c7ee-412a-a47a-1ae467edbc00.jpg?v=1758938447|https://cdn.shopify.com/s/files/1/0912/9351/6071/files/20220717_i1658034981_1571_8_jpg_41ae0de4-64cb-4322-aa14-d85e43ec443a.jpg?v=1758938447|https://cdn.shopify.com/s/files/1/0912/9351/6071/files/20220717_i1658034981_9257_2_jpg_cfbf29b6-576a-472a-8178-3dbc59bd616c.jpg?v=1758938447|https://cdn.shopify.com/s/files/1/0912/9351/6071/files/20220717_i1658034981_7420_3_jpg_61c60a0d-f6b6-4b22-b5d4-0a8a0af1c521.jpg?v=1758938447,Hi I want Peekaboo ISeeU Petite 20 Bag Red Lambskin Shw,
Peekaboo ISeeU Petite 20 Bag Hot Pink Lambskin Shw,https://cdn.shopify.com/s/files/1/0912/9351/6071/files/20220717_i1658035252_2163_1_jpg_f9be70d3-2156-4253-a90a-760bff542b81.jpg?v=1758938461,handbags,fendi,https://cdn.shopify.com/s/files/1/0912/9351/6071/files/20220717_i1658035252_2163_1_jpg_f9be70d3-2156-4253-a90a-760bff542b81.jpg?v=1758938461|https://cdn.shopify.com/s/files/1/0912/9351/6071/files/20220717_i1658035252_2592_0_jpg_c08f1ab2-19c5-467f-96fe-c26829878761.jpg?v=1758938461|https://cdn.shopify.com/s/files/1/0912/9351/6071/files/20220717_i1658035252_7096_5_jpg_227a9ed6-49f0-49c5-9248-9a16fa63e601.jpg?v=1758938461|https://cdn.shopify.com/s/files/1/0912/9351/6071/files/20220717_i1658035252_3366_7_jpg_890cc342-71cc-420b-81fa-53f0258d4bb8.jpg?v=1758938461|https://cdn.shopify.com/s/files/1/0912/9351/6071/files/20220717_i1658035252_3654_4_jpg_a4cc4f2c-da4c-4836-aaa4-8cb4aa24903b.jpg?v=1758938461|https://cdn.shopify.com/s/files/1/0912/9351/6071/files/20220717_i1658035252_6414_8_jpg_fbc5a914-b259-45a8-a86f-23f6a06776d6.jpg?v=1758938461|https://cdn.shopify.com/s/files/1/0912/9351/6071/files/20220717_i1658035252_8801_6_jpg_9a37f385-3aa0-4de4-abb0-43afd90a895c.jpg?v=1758938461|https://cdn.shopify.com/s/files/1/0912/9351/6071/files/20220717_i1658035252_5595_2_jpg_0635143d-b0c6-452e-851a-6b61c7589d5d.jpg?v=1758938461|https://cdn.shopify.com/s/files/1/0912/9351/6071/files/20220717_i1658035252_502_3_jpg_97b18f87-8a29-46ad-8952-b1ac73b2a083.jpg?v=1758938461,Hi I want Peekaboo ISeeU Petite 20 Bag Hot Pink Lambskin Shw,
Peekaboo ISeeU Petite 20 Bag Green Lambskin Shw,https://cdn.shopify.com/s/files/1/0912/9351/6071/files/20220717_i1658035121_385_1_jpg_b3f7fa55-aba1-447e-87eb-047b8c42c771.jpg?v=1758938475,handbags,fendi,https://cdn.shopify.com/s/files/1/0912/9351/6071/files/20220717_i1658035121_385_1_jpg_b3f7fa55-aba1-447e-87eb-047b8c42c771.jpg?v=1758938475|https://cdn.shopify.com/s/files/1/0912/9351/6071/files/20220717_i1658035121_9601_5_jpg_f4602017-06fa-413a-b5d7-a123153b4263.jpg?v=1758938475|https://cdn.shopify.com/s/files/1/0912/9351/6071/files/20220717_i1658035121_1054_7_jpg_dab22772-6799-41c8-aec0-e0ef148f9534.jpg?v=1758938475|https://cdn.shopify.com/s/files/1/0912/9351/6071/files/20220717_i1658035121_4827_0_jpg_1d835eaf-690c-4b7a-8b8e-45021a8fe13f.jpg?v=1758938475|https://cdn.shopify.com/s/files/1/0912/9351/6071/files/20220717_i1658035121_5895_6_jpg_c06770b5-4bd2-44cd-8989-b2853ebb32f1.jpg?v=1758938475|https://cdn.shopify.com/s/files/1/0912/9351/6071/files/20220717_i1658035121_5898_8_jpg_67745e5b-3a01-4f20-86a1-9e48fa399ccd.jpg?v=1758938475|https://cdn.shopify.com/s/files/1/0912/9351/6071/files/20220717_i1658035121_8941_4_jpg_79d0e4c5-3f8d-4b94-bc4c-45d872865165.jpg?v=1758938475|https://cdn.shopify.com/s/files/1/0912/9351/6071/files/20220717_i1658035121_3012_3_jpg_3f0cc54a-969b-492a-90f7-3b3078a53b32.jpg?v=1758938475|https://cdn.shopify.com/s/files/1/0912/9351/6071/files/20220717_i1658035121_1646_2_jpg_9d2e79f0-f85d-42c2-9546-5382ff694b4d.jpg?v=1758938475,Hi I want Peekaboo ISeeU Petite 20 Bag Green Lambskin Shw,
Peekaboo ISeeU Petite 20 Bag Chocolate Leather Shw,https://cdn.shopify.com/s/files/1/0912/9351/6071/files/20240531_i1717132733_3596_0_jpg_bcf3e8c7-989c-45c5-b537-664e55185d7b.jpg?v=1758938509,handbags,fendi,https://cdn.shopify.com/s/files/1/0912/9351/6071/files/20240531_i1717132733_3596_0_jpg_bcf3e8c7-989c-45c5-b537-664e55185d7b.jpg?v=1758938509|https://cdn.shopify.com/s/files/1/0912/9351/6071/files/20240531_i1717132733_9070_5_jpg_e7c655c9-74d1-4ca3-b98e-1d09cd7b5121.jpg?v=1758938509|https://cdn.shopify.com/s/files/1/0912/9351/6071/files/20240531_i1717132733_7409_6_jpg_4666675a-968b-42bb-9a7d-ff86a531e129.jpg?v=1758938509|https://cdn.shopify.com/s/files/1/0912/9351/6071/files/20240531_i1717132733_3130_8_jpg_cca59b2d-5b43-440b-9fb8-074f36ea2756.jpg?v=1758938509|https://cdn.shopify.com/s/files/1/0912/9351/6071/files/20240531_i1717132733_4694_1_jpg_1a764b16-02ed-4c39-a442-ebb678f6f80f.jpg?v=1758938509|https://cdn.shopify.com/s/files/1/0912/9351/6071/files/20240531_i1717132733_3949_4_jpg_66f03acd-6998-4591-8258-3fb7db106b79.jpg?v=1758938509|https://cdn.shopify.com/s/files/1/0912/9351/6071/files/20240531_i1717132733_4575_7_jpg_8e0ba0dc-ada1-449f-9e5a-038a269daa3c.jpg?v=1758938509|https://cdn.shopify.com/s/files/1/0912/9351/6071/files/20240531_i1717132733_6469_2_jpg_17a261dd-f01e-4ea1-ac78-62f45e5dbb98.jpg?v=1758938509|https://cdn.shopify.com/s/files/1/0912/9351/6071/files/20240531_i1717132733_7028_3_jpg_a3c20412-84eb-4b2b-ae40-0b4e26e08ff9.jpg?v=1758938509,Hi I want Peekaboo ISeeU Petite 20 Bag Chocolate Leather Shw,
Peekaboo ISeeU Petite 20 Bag Light Brown Leather Shw,https://cdn.shopify.com/s/files/1/0912/9351/6071/files/20240515_i1715751578_1814_0_jpg_f7e22320-4715-4fcb-92d3-f1fd5caa15ed.jpg?v=1758938529,handbags,fendi,https://cdn.shopify.com/s/files/1/0912/9351/6071/files/20240515_i1715751578_1814_0_jpg_f7e22320-4715-4fcb-92d3-f1fd5caa15ed.jpg?v=1758938529|https://cdn.shopify.com/s/files/1/0912/9351/6071/files/20240515_i1715751578_7629_4_jpg_8e866d37-a804-4780-a51f-9a3b283cebf5.jpg?v=1758938529|https://cdn.shopify.com/s/files/1/0912/9351/6071/files/20240515_i1715751578_5632_2_jpg_12cba251-d508-47f8-91cd-ca9730828dae.jpg?v=1758938529|https://cdn.shopify.com/s/files/1/0912/9351/6071/files/20240515_i1715751578_3080_5_jpg_39a214a3-5aeb-428e-8a96-8cca414bffeb.jpg?v=1758938529|https://cdn.shopify.com/s/files/1/0912/9351/6071/files/20240515_i1715751578_4428_6_jpg_e2a54a33-ab19-4bef-9e59-c2030b46f042.jpg?v=1758938529|https://cdn.shopify.com/s/files/1/0912/9351/6071/files/20240515_i1715751578_9239_8_jpg_4153c7da-18ce-42c0-b754-00ca5e52c8cc.jpg?v=1758938529|https://cdn.shopify.com/s/files/1/0912/9351/6071/files/20240515_i1715751578_6013_7_jpg_516d428e-de27-43ae-9272-562675711e86.jpg?v=1758938529|https://cdn.shopify.com/s/files/1/0912/9351/6071/files/20240515_i1715751578_8567_3_jpg_ec7db674-5f56-4c61-835d-5f0418ec36a4.jpg?v=1758938529|https://cdn.shopify.com/s/files/1/0912/9351/6071/files/20240515_i1715751578_965_1_jpg_3bbfe9dc-585d-42ff-9d2d-046bbd702e0d.jpg?v=1758938529,Hi I want Peekaboo ISeeU Petite 20 Bag Light Brown Leather Shw,
FENDI PEEKABOO ISEEU MICRO 12 BAG IN COPPER BROWN CALFSKIN WITH GOLD HARDWARE,https://cdn.shopify.com/s/files/1/0912/9351/6071/files/20220605_i1654414083_6878_0_jpg.jpg?v=1758938595,handbags,fendi,https://cdn.shopify.com/s/files/1/0912/9351/6071/files/20220605_i1654414083_6878_0_jpg.jpg?v=1758938595|https://cdn.shopify.com/s/files/1/0912/9351/6071/files/20220605_i1654414083_4240_1_jpg.jpg?v=1758938595|https://cdn.shopify.com/s/files/1/0912/9351/6071/files/20220605_i1654414083_3015_2_jpg.jpg?v=1758938595|https://cdn.shopify.com/s/files/1/0912/9351/6071/files/20220605_i1654414083_1333_5_jpg.jpg?v=1758938595|https://cdn.shopify.com/s/files/1/0912/9351/6071/files/20220605_i1654414083_8388_4_jpg.jpg?v=1758938595|https://cdn.shopify.com/s/files/1/0912/9351/6071/files/20220605_i1654414083_2633_3_jpg.jpg?v=1758938595,Hi I want FENDI PEEKABOO ISEEU MICRO 12 BAG IN COPPER BROWN CALFSKIN WITH GOLD HARDWARE,
FENDI PEEKABOO ISEEU MICRO 12 BAG IN LIGHT BLUE CALFSKIN WITH GOLD HARDWARE,https://cdn.shopify.com/s/files/1/0912/9351/6071/files/20220605_i1654414865_7944_0_jpg.jpg?v=1758938604,handbags,fendi,https://cdn.shopify.com/s/files/1/0912/9351/6071/files/20220605_i1654414865_7944_0_jpg.jpg?v=1758938604|https://cdn.shopify.com/s/files/1/0912/9351/6071/files/20220605_i1654414865_7281_2_jpg.jpg?v=1758938604|https://cdn.shopify.com/s/files/1/0912/9351/6071/files/20220605_i1654414865_2511_1_jpg.jpg?v=1758938604|https://cdn.shopify.com/s/files/1/0912/9351/6071/files/20220605_i1654414865_6323_3_jpg.jpg?v=1758938604|https://cdn.shopify.com/s/files/1/0912/9351/6071/files/20220605_i1654414865_6345_4_jpg.jpg?v=1758938604|https://cdn.shopify.com/s/files/1/0912/9351/6071/files/20220605_i1654414865_6027_5_jpg.jpg?v=1758938604|https://cdn.shopify.com/s/files/1/0912/9351/6071/files/20220605_i1654414865_2256_7_jpg.jpg?v=1758938604|https://cdn.shopify.com/s/files/1/0912/9351/6071/files/20220605_i1654414865_60_6_jpg.jpg?v=1758938604,Hi I want FENDI PEEKABOO ISEEU MICRO 12 BAG IN LIGHT BLUE CALFSKIN WITH GOLD HARDWARE,
FENDI PEEKABOO ISEEU MICRO 12 BAG IN BLACK CALFSKIN WITH GOLD HARDWARE,https://cdn.shopify.com/s/files/1/0912/9351/6071/files/20220605_i1654418456_3088_0_jpg.jpg?v=1758938612,handbags,fendi,https://cdn.shopify.com/s/files/1/0912/9351/6071/files/20220605_i1654418456_3088_0_jpg.jpg?v=1758938612|https://cdn.shopify.com/s/files/1/0912/9351/6071/files/20220605_i1654418456_7751_1_jpg.jpg?v=1758938612|https://cdn.shopify.com/s/files/1/0912/9351/6071/files/20220605_i1654418456_8546_2_jpg.jpg?v=1758938612|https://cdn.shopify.com/s/files/1/0912/9351/6071/files/20220605_i1654418456_7467_6_jpg.jpg?v=1758938612|https://cdn.shopify.com/s/files/1/0912/9351/6071/files/20220605_i1654418456_9878_4_jpg.jpg?v=1758938612|https://cdn.shopify.com/s/files/1/0912/9351/6071/files/20220605_i1654418456_5273_5_jpg.jpg?v=1758938612|https://cdn.shopify.com/s/files/1/0912/9351/6071/files/20220605_i1654418456_2474_3_jpg.jpg?v=1758938612,Hi I want FENDI PEEKABOO ISEEU MICRO 12 BAG IN BLACK CALFSKIN WITH GOLD HARDWARE,
FENDI PEEKABOO ISEEU MICRO 12 BAG IN LIGHT PINK CALFSKIN WITH GOLD HARDWARE,https://cdn.shopify.com/s/files/1/0912/9351/6071/files/20220605_i1654419331_7904_0_jpg.jpg?v=1758938622,handbags,fendi,https://cdn.shopify.com/s/files/1/0912/9351/6071/files/20220605_i1654419331_7904_0_jpg.jpg?v=1758938622|https://cdn.shopify.com/s/files/1/0912/9351/6071/files/20220605_i1654419331_6799_2_jpg.jpg?v=1758938622|https://cdn.shopify.com/s/files/1/0912/9351/6071/files/20220605_i1654419331_2235_1_jpg.jpg?v=1758938622|https://cdn.shopify.com/s/files/1/0912/9351/6071/files/20220605_i1654419376_1779_0_jpg.jpg?v=1758938622|https://cdn.shopify.com/s/files/1/0912/9351/6071/files/20220605_i1654419331_3305_5_jpg.jpg?v=1758938622|https://cdn.shopify.com/s/files/1/0912/9351/6071/files/20220605_i1654419331_4726_3_jpg.jpg?v=1758938622|https://cdn.shopify.com/s/files/1/0912/9351/6071/files/20220605_i1654419331_9049_6_jpg.jpg?v=1758938623|https://cdn.shopify.com/s/files/1/0912/9351/6071/files/20220605_i1654419331_7604_4_jpg.jpg?v=1758938623|https://cdn.shopify.com/s/files/1/0912/9351/6071/files/20220605_i1654419331_6966_7_jpg.jpg?v=1758938623,Hi I want FENDI PEEKABOO ISEEU MICRO 12 BAG IN LIGHT PINK CALFSKIN WITH GOLD HARDWARE,
SHINE 40 TOTE BAG IN CARROT ORANGE EMBOSSED CALFSKIN,https://cdn.shopify.com/s/files/1/0912/9351/6071/files/20200415_a1586927036378_5783_jpg.jpg?v=1758938633,handbags,fendi,https://cdn.shopify.com/s/files/1/0912/9351/6071/files/20200415_a1586927036378_5783_jpg.jpg?v=1758938633|https://cdn.shopify.com/s/files/1/0912/9351/6071/files/20200415_a1586927037668_7370_jpg.jpg?v=1758938633|https://cdn.shopify.com/s/files/1/0912/9351/6071/files/20200403_a1585893380948_4411_jpg.jpg?v=1758938633|https://cdn.shopify.com/s/files/1/0912/9351/6071/files/20200403_a1585893382127_8652_jpg.jpg?v=1758938633|https://cdn.shopify.com/s/files/1/0912/9351/6071/files/20200403_a1585893377828_3344_jpg.jpg?v=1758938633|https://cdn.shopify.com/s/files/1/0912/9351/6071/files/20200403_a1585893383160_8258_jpg.jpg?v=1758938633|https://cdn.shopify.com/s/files/1/0912/9351/6071/files/20200415_a1586927037066_6281_jpg.jpg?v=1758938633|https://cdn.shopify.com/s/files/1/0912/9351/6071/files/20200403_a1585893384296_1807_jpg.jpg?v=1758938633|https://cdn.shopify.com/s/files/1/0912/9351/6071/files/20200403_a1585893379528_0318_jpg.jpg?v=1758938633,Hi I want SHINE 40 TOTE BAG IN CARROT ORANGE EMBOSSED CALFSKIN,
SHINE 40 TOTE BAG IN STONE GREEN EMBOSSED CALFSKIN,https://cdn.shopify.com/s/files/1/0912/9351/6071/files/20201011_a1602389344446_6446_jpg.jpg?v=1758938643,handbags,fendi,https://cdn.shopify.com/s/files/1/0912/9351/6071/files/20201011_a1602389344446_6446_jpg.jpg?v=1758938643|https://cdn.shopify.com/s/files/1/0912/9351/6071/files/20201011_a1602389353850_5305_jpg.jpg?v=1758938643|https://cdn.shopify.com/s/files/1/0912/9351/6071/files/20201011_a1602389347613_5127_jpg.jpg?v=1758938643|https://cdn.shopify.com/s/files/1/0912/9351/6071/files/20201011_a1602389348899_0857_jpg.jpg?v=1758938643|https://cdn.shopify.com/s/files/1/0912/9351/6071/files/20201011_a1602389349858_3002_jpg.jpg?v=1758938643|https://cdn.shopify.com/s/files/1/0912/9351/6071/files/20201011_a1602389350618_0138_jpg.jpg?v=1758938643|https://cdn.shopify.com/s/files/1/0912/9351/6071/files/20201011_a1602389346772_7054_jpg.jpg?v=1758938643|https://cdn.shopify.com/s/files/1/0912/9351/6071/files/20201011_a1602389352904_5583_jpg.jpg?v=1758938643,Hi I want SHINE 40 TOTE BAG IN STONE GREEN EMBOSSED CALFSKIN,
SHINE 40 TOTE BAG IN BLACK EMBOSSED CALFSKIN,https://cdn.shopify.com/s/files/1/0912/9351/6071/files/20201126_a1606360705375_6617_jpg.jpg?v=1758938663,handbags,fendi,https://cdn.shopify.com/s/files/1/0912/9351/6071/files/20201126_a1606360705375_6617_jpg.jpg?v=1758938663|https://cdn.shopify.com/s/files/1/0912/9351/6071/files/20201126_a1606360706662_7611_jpg.jpg?v=1758938663|https://cdn.shopify.com/s/files/1/0912/9351/6071/files/20201126_a1606360707804_3700_jpg.jpg?v=1758938663|https://cdn.shopify.com/s/files/1/0912/9351/6071/files/20201126_a1606360713230_2512_jpg.jpg?v=1758938663|https://cdn.shopify.com/s/files/1/0912/9351/6071/files/20201126_a1606360709416_8613_jpg.jpg?v=1758938663|https://cdn.shopify.com/s/files/1/0912/9351/6071/files/20201126_a1606360708514_7114_jpg.jpg?v=1758938663|https://cdn.shopify.com/s/files/1/0912/9351/6071/files/20201126_a1606360716234_5564_jpg.jpg?v=1758938663|https://cdn.shopify.com/s/files/1/0912/9351/6071/files/20201126_a1606360715172_1652_jpg.jpg?v=1758938663|https://cdn.shopify.com/s/files/1/0912/9351/6071/files/20201126_a1606360714268_7617_jpg.jpg?v=1758938663,Hi I want SHINE 40 TOTE BAG IN BLACK EMBOSSED CALFSKIN,
SHINE LARGE 35 TOTE IN OLIVE GREEN CALFSKIN,https://cdn.shopify.com/s/files/1/0912/9351/6071/files/20201216_a1608090796386_0654_jpg.jpg?v=1758938676,handbags,fendi,https://cdn.shopify.com/s/files/1/0912/9351/6071/files/20201216_a1608090796386_0654_jpg.jpg?v=1758938676|https://cdn.shopify.com/s/files/1/0912/9351/6071/files/20201216_a1608090808416_8510_jpg.jpg?v=1758938676|https://cdn.shopify.com/s/files/1/0912/9351/6071/files/20201216_a1608090797610_5211_jpg.jpg?v=1758938676|https://cdn.shopify.com/s/files/1/0912/9351/6071/files/20201216_a1608090801988_4704_jpg.jpg?v=1758938676|https://cdn.shopify.com/s/files/1/0912/9351/6071/files/20201216_a1608090804508_3437_jpg.jpg?v=1758938676|https://cdn.shopify.com/s/files/1/0912/9351/6071/files/20201216_a1608090800476_6684_jpg.jpg?v=1758938676|https://cdn.shopify.com/s/files/1/0912/9351/6071/files/20201216_a1608090798873_4164_jpg.jpg?v=1758938676|https://cdn.shopify.com/s/files/1/0912/9351/6071/files/20201216_a1608090807007_3717_jpg.jpg?v=1758938676|https://cdn.shopify.com/s/files/1/0912/9351/6071/files/20201216_a1608090805986_3084_jpg.jpg?v=1758938676,Hi I want SHINE LARGE 35 TOTE IN OLIVE GREEN CALFSKIN,
SHINE LARGE 35 TOTE IN BLACK CALFSKIN,https://cdn.shopify.com/s/files/1/0912/9351/6071/files/20201226_a1608954334899_1518_jpg.jpg?v=1758938688,handbags,fendi,https://cdn.shopify.com/s/files/1/0912/9351/6071/files/20201226_a1608954334899_1518_jpg.jpg?v=1758938688|https://cdn.shopify.com/s/files/1/0912/9351/6071/files/20201226_a1608954341708_7455_jpg.jpg?v=1758938688|https://cdn.shopify.com/s/files/1/0912/9351/6071/files/20201226_a1608954336170_6832_jpg.jpg?v=1758938688|https://cdn.shopify.com/s/files/1/0912/9351/6071/files/20201226_a1608954337133_8680_jpg.jpg?v=1758938688|https://cdn.shopify.com/s/files/1/0912/9351/6071/files/20201226_a1608954339204_1777_jpg.jpg?v=1758938688|https://cdn.shopify.com/s/files/1/0912/9351/6071/files/20201226_a1608954338497_1172_jpg.jpg?v=1758938688|https://cdn.shopify.com/s/files/1/0912/9351/6071/files/20201226_a1608954338018_4600_jpg.jpg?v=1758938688|https://cdn.shopify.com/s/files/1/0912/9351/6071/files/20201226_a1608954337641_8227_jpg.jpg?v=1758938688|https://cdn.shopify.com/s/files/1/0912/9351/6071/files/20201226_a1608954336769_7156_jpg.jpg?v=1758938688,Hi I want SHINE LARGE 35 TOTE IN BLACK CALFSKIN,
SHINE LARGE 35 TOTE IN WHITE CALFSKIN,https://cdn.shopify.com/s/files/1/0912/9351/6071/files/20210311_a1615440117644_6015_jpg.jpg?v=1758938701,handbags,fendi,https://cdn.shopify.com/s/files/1/0912/9351/6071/files/20210311_a1615440117644_6015_jpg.jpg?v=1758938701|https://cdn.shopify.com/s/files/1/0912/9351/6071/files/20210311_a1615440120157_7578_jpg.jpg?v=1758938701|https://cdn.shopify.com/s/files/1/0912/9351/6071/files/20210311_a1615440120159_1584_jpg.jpg?v=1758938701|https://cdn.shopify.com/s/files/1/0912/9351/6071/files/20210311_a1615440118024_5672_jpg.jpg?v=1758938701|https://cdn.shopify.com/s/files/1/0912/9351/6071/files/20210311_a1615440118305_0020_jpg.jpg?v=1758938701|https://cdn.shopify.com/s/files/1/0912/9351/6071/files/20210311_a1615440118551_3530_jpg.jpg?v=1758938701|https://cdn.shopify.com/s/files/1/0912/9351/6071/files/20210311_a1615440118175_4784_jpg.jpg?v=1758938701|https://cdn.shopify.com/s/files/1/0912/9351/6071/files/20210311_a1615440120154_2027_jpg.jpg?v=1758938701|https://cdn.shopify.com/s/files/1/0912/9351/6071/files/20210311_a1615440119411_1053_jpg.jpg?v=1758938701,Hi I want SHINE LARGE 35 TOTE IN WHITE CALFSKIN,
SHINE LARGE 35 TOTE IN SHADOW GREY CALFSKIN,https://cdn.shopify.com/s/files/1/0912/9351/6071/files/20210328_a1616908089709_2315_jpg.jpg?v=1758938713,handbags,fendi,https://cdn.shopify.com/s/files/1/0912/9351/6071/files/20210328_a1616908089709_2315_jpg.jpg?v=1758938713|https://cdn.shopify.com/s/files/1/0912/9351/6071/files/20210328_a1616908090023_6414_jpg.jpg?v=1758938713|https://cdn.shopify.com/s/files/1/0912/9351/6071/files/20210328_a1616908091263_1657_jpg.jpg?v=1758938713|https://cdn.shopify.com/s/files/1/0912/9351/6071/files/20210328_a1616908090407_1021_jpg.jpg?v=1758938713|https://cdn.shopify.com/s/files/1/0912/9351/6071/files/20210328_a1616908090675_4272_jpg.jpg?v=1758938714|https://cdn.shopify.com/s/files/1/0912/9351/6071/files/20210328_a1616908091116_2618_jpg.jpg?v=1758938714|https://cdn.shopify.com/s/files/1/0912/9351/6071/files/20210328_a1616908090967_3752_jpg.jpg?v=1758938714|https://cdn.shopify.com/s/files/1/0912/9351/6071/files/20210328_a1616908090823_4205_jpg.jpg?v=1758938714|https://cdn.shopify.com/s/files/1/0912/9351/6071/files/20210328_a1616908090245_0042_jpg.jpg?v=1758938714,Hi I want SHINE LARGE 35 TOTE IN SHADOW GREY CALFSKIN,
SHINE LARGE 35 TOTE IN SILVER CALFSKIN,https://cdn.shopify.com/s/files/1/0912/9351/6071/files/20220318_i1647598403_454_0_jpg.jpg?v=1758938726,handbags,fendi,https://cdn.shopify.com/s/files/1/0912/9351/6071/files/20220318_i1647598403_454_0_jpg.jpg?v=1758938726|https://cdn.shopify.com/s/files/1/0912/9351/6071/files/20220318_i1647598403_2776_1_jpg.jpg?v=1758938726|https://cdn.shopify.com/s/files/1/0912/9351/6071/files/20220318_i1647598403_4006_8_jpg.jpg?v=1758938726|https://cdn.shopify.com/s/files/1/0912/9351/6071/files/20220318_i1647598403_4557_7_jpg.jpg?v=1758938726|https://cdn.shopify.com/s/files/1/0912/9351/6071/files/20220318_i1647598403_7566_4_jpg.jpg?v=1758938726|https://cdn.shopify.com/s/files/1/0912/9351/6071/files/20220318_i1647598403_8746_2_jpg.jpg?v=1758938726|https://cdn.shopify.com/s/files/1/0912/9351/6071/files/20220318_i1647598403_8929_3_jpg.jpg?v=1758938726|https://cdn.shopify.com/s/files/1/0912/9351/6071/files/20220318_i1647598403_9655_6_jpg.jpg?v=1758938726,Hi I want SHINE LARGE 35 TOTE IN SILVER CALFSKIN,
SHINE LARGE 35 TOTE IN GOLDEN CALFSKIN,https://cdn.shopify.com/s/files/1/0912/9351/6071/files/20220318_i1647598036_8839_0_jpg.jpg?v=1758938744,handbags,fendi,https://cdn.shopify.com/s/files/1/0912/9351/6071/files/20220318_i1647598036_8839_0_jpg.jpg?v=1758938744|https://cdn.shopify.com/s/files/1/0912/9351/6071/files/20220318_i1647598036_6738_1_jpg.jpg?v=1758938744|https://cdn.shopify.com/s/files/1/0912/9351/6071/files/20220318_i1647598036_3373_2_jpg.jpg?v=1758938744|https://cdn.shopify.com/s/files/1/0912/9351/6071/files/20220318_i1647598036_7858_5_jpg.jpg?v=1758938744|https://cdn.shopify.com/s/files/1/0912/9351/6071/files/20220318_i1647598036_7897_6_jpg.jpg?v=1758938744|https://cdn.shopify.com/s/files/1/0912/9351/6071/files/20220318_i1647598036_3784_3_jpg.jpg?v=1758938744|https://cdn.shopify.com/s/files/1/0912/9351/6071/files/20220318_i1647598036_4188_8_jpg.jpg?v=1758938744|https://cdn.shopify.com/s/files/1/0912/9351/6071/files/20220318_i1647598036_6693_7_jpg.jpg?v=1758938744|https://cdn.shopify.com/s/files/1/0912/9351/6071/files/20220318_i1647598036_7719_4_jpg.jpg?v=1758938744,Hi I want SHINE LARGE 35 TOTE IN GOLDEN CALFSKIN,
SHINE LARGE 35 TOTE IN BEIGE CREAM CALFSKIN,https://cdn.shopify.com/s/files/1/0912/9351/6071/files/20211128_i1638075277_8128_0_jpg.jpg?v=1758938756,handbags,fendi,https://cdn.shopify.com/s/files/1/0912/9351/6071/files/20211128_i1638075277_8128_0_jpg.jpg?v=1758938756|https://cdn.shopify.com/s/files/1/0912/9351/6071/files/20211128_i1638075277_2305_4_jpg.jpg?v=1758938756|https://cdn.shopify.com/s/files/1/0912/9351/6071/files/20211128_i1638075277_2438_3_jpg.jpg?v=1758938756|https://cdn.shopify.com/s/files/1/0912/9351/6071/files/20211128_i1638075277_6395_2_jpg.jpg?v=1758938756|https://cdn.shopify.com/s/files/1/0912/9351/6071/files/20211128_i1638075277_2778_7_jpg.jpg?v=1758938756|https://cdn.shopify.com/s/files/1/0912/9351/6071/files/20211128_i1638075277_3616_5_jpg.jpg?v=1758938756|https://cdn.shopify.com/s/files/1/0912/9351/6071/files/20211128_i1638075277_8776_8_jpg.jpg?v=1758938756|https://cdn.shopify.com/s/files/1/0912/9351/6071/files/20211128_i1638075277_9258_1_jpg.jpg?v=1758938756|https://cdn.shopify.com/s/files/1/0912/9351/6071/files/20211128_i1638075277_9446_6_jpg.jpg?v=1758938756,Hi I want SHINE LARGE 35 TOTE IN BEIGE CREAM CALFSKIN,
FENDI MINI FIRST SIGHT 23 BAG IN COPPER BROWN CALFSKIN WITH SILVER HARDWARE,https://cdn.shopify.com/s/files/1/0912/9351/6071/files/20230417_i1681730539_7245_7_jpg.jpg?v=1758938779,handbags,fendi,https://cdn.shopify.com/s/files/1/0912/9351/6071/files/20230417_i1681730539_7245_7_jpg.jpg?v=1758938779|https://cdn.shopify.com/s/files/1/0912/9351/6071/files/20230417_i1681730539_1767_2_jpg.jpg?v=1758938779|https://cdn.shopify.com/s/files/1/0912/9351/6071/files/20230417_i1681730539_4808_3_jpg.jpg?v=1758938779|https://cdn.shopify.com/s/files/1/0912/9351/6071/files/20230417_i1681730539_8007_1_jpg.jpg?v=1758938779|https://cdn.shopify.com/s/files/1/0912/9351/6071/files/20230417_i1681730576_9361_0_jpg.jpg?v=1758938779|https://cdn.shopify.com/s/files/1/0912/9351/6071/files/20230417_i1681730539_2370_6_jpg.jpg?v=1758938779|https://cdn.shopify.com/s/files/1/0912/9351/6071/files/20230417_i1681730539_3085_5_jpg.jpg?v=1758938779|https://cdn.shopify.com/s/files/1/0912/9351/6071/files/20230417_i1681730539_5441_0_jpg.jpg?v=1758938779|https://cdn.shopify.com/s/files/1/0912/9351/6071/files/20230417_i1681730539_8391_4_jpg.jpg?v=1758938779,Hi I want FENDI MINI FIRST SIGHT 23 BAG IN COPPER BROWN CALFSKIN WITH SILVER HARDWARE,
FENDI MINI FIRST SIGHT 23 BAG IN INDIGO BLUE CALFSKIN WITH SILVER HARDWARE,https://cdn.shopify.com/s/files/1/0912/9351/6071/files/20230417_i1681732018_8367_0_jpg.jpg?v=1758938789,handbags,fendi,https://cdn.shopify.com/s/files/1/0912/9351/6071/files/20230417_i1681732018_8367_0_jpg.jpg?v=1758938789|https://cdn.shopify.com/s/files/1/0912/9351/6071/files/20230417_i1681732018_578_1_jpg.jpg?v=1758938789|https://cdn.shopify.com/s/files/1/0912/9351/6071/files/20230417_i1681732018_2459_5_jpg.jpg?v=1758938789|https://cdn.shopify.com/s/files/1/0912/9351/6071/files/20230417_i1681732018_1828_2_jpg.jpg?v=1758938789|https://cdn.shopify.com/s/files/1/0912/9351/6071/files/20230417_i1681732018_4790_4_jpg.jpg?v=1758938789|https://cdn.shopify.com/s/files/1/0912/9351/6071/files/20230417_i1681732018_255_6_jpg.jpg?v=1758938789|https://cdn.shopify.com/s/files/1/0912/9351/6071/files/20230417_i1681732018_988_3_jpg.jpg?v=1758938789|https://cdn.shopify.com/s/files/1/0912/9351/6071/files/20230417_i1681732018_885_8_jpg.jpg?v=1758938790|https://cdn.shopify.com/s/files/1/0912/9351/6071/files/20230417_i1681732018_5984_7_jpg.jpg?v=1758938790,Hi I want FENDI MINI FIRST SIGHT 23 BAG IN INDIGO BLUE CALFSKIN WITH SILVER HARDWARE,
FENDI MINI FIRST SIGHT 23 BAG IN ECRU BROWN CALFSKIN WITH SILVER HARDWARE,https://cdn.shopify.com/s/files/1/0912/9351/6071/files/20230417_i1681731690_2071_0_jpg.jpg?v=1758938799,handbags,fendi,https://cdn.shopify.com/s/files/1/0912/9351/6071/files/20230417_i1681731690_2071_0_jpg.jpg?v=1758938799|https://cdn.shopify.com/s/files/1/0912/9351/6071/files/20230417_i1681731690_5133_2_jpg.jpg?v=1758938799|https://cdn.shopify.com/s/files/1/0912/9351/6071/files/20230417_i1681731690_3203_1_jpg.jpg?v=1758938799|https://cdn.shopify.com/s/files/1/0912/9351/6071/files/20230417_i1681731690_2361_5_jpg.jpg?v=1758938799|https://cdn.shopify.com/s/files/1/0912/9351/6071/files/20230417_i1681731690_276_6_jpg.jpg?v=1758938799|https://cdn.shopify.com/s/files/1/0912/9351/6071/files/20230417_i1681731690_7819_8_jpg.jpg?v=1758938799|https://cdn.shopify.com/s/files/1/0912/9351/6071/files/20230417_i1681731690_2575_3_jpg.jpg?v=1758938800|https://cdn.shopify.com/s/files/1/0912/9351/6071/files/20230417_i1681731690_8878_4_jpg.jpg?v=1758938800|https://cdn.shopify.com/s/files/1/0912/9351/6071/files/20230417_i1681731690_9734_7_jpg.jpg?v=1758938800,Hi I want FENDI MINI FIRST SIGHT 23 BAG IN ECRU BROWN CALFSKIN WITH SILVER HARDWARE,
FENDI MINI FIRST SIGHT 13 BAG IN BLACK CALFSKIN WITH SILVER HARDWARE,https://cdn.shopify.com/s/files/1/0912/9351/6071/files/20230417_i1681715202_3067_0_jpg.jpg?v=1758938809,handbags,fendi,https://cdn.shopify.com/s/files/1/0912/9351/6071/files/20230417_i1681715202_3067_0_jpg.jpg?v=1758938809|https://cdn.shopify.com/s/files/1/0912/9351/6071/files/20230417_i1681715202_5656_5_jpg.jpg?v=1758938809|https://cdn.shopify.com/s/files/1/0912/9351/6071/files/20230417_i1681715202_3258_1_jpg.jpg?v=1758938809|https://cdn.shopify.com/s/files/1/0912/9351/6071/files/20230417_i1681715202_7045_4_jpg.jpg?v=1758938809|https://cdn.shopify.com/s/files/1/0912/9351/6071/files/20230417_i1681715202_9206_2_jpg.jpg?v=1758938809|https://cdn.shopify.com/s/files/1/0912/9351/6071/files/20230417_i1681715202_822_3_jpg.jpg?v=1758938809|https://cdn.shopify.com/s/files/1/0912/9351/6071/files/20230417_i1681715308_357_0_jpg.jpg?v=1758938809|https://cdn.shopify.com/s/files/1/0912/9351/6071/files/20230417_i1681715257_7764_0_jpg.jpg?v=1758938809|https://cdn.shopify.com/s/files/1/0912/9351/6071/files/20230417_i1681715257_8456_1_jpg.jpg?v=1758938809,Hi I want FENDI MINI FIRST SIGHT 13 BAG IN BLACK CALFSKIN WITH SILVER HARDWARE,
FENDI MINI FIRST SIGHT 13 BAG IN COPPER BROWN CALFSKIN WITH SILVER HARDWARE,https://cdn.shopify.com/s/files/1/0912/9351/6071/files/20230417_i1681714250_4568_0_jpg.jpg?v=1758938820,handbags,fendi,https://cdn.shopify.com/s/files/1/0912/9351/6071/files/20230417_i1681714250_4568_0_jpg.jpg?v=1758938820|https://cdn.shopify.com/s/files/1/0912/9351/6071/files/20230417_i1681714250_407_1_jpg.jpg?v=1758938820|https://cdn.shopify.com/s/files/1/0912/9351/6071/files/20230417_i1681714250_6700_2_jpg.jpg?v=1758938820|https://cdn.shopify.com/s/files/1/0912/9351/6071/files/20230417_i1681714250_3816_3_jpg.jpg?v=1758938820|https://cdn.shopify.com/s/files/1/0912/9351/6071/files/20230417_i1681714250_1726_5_jpg.jpg?v=1758938820|https://cdn.shopify.com/s/files/1/0912/9351/6071/files/20230417_i1681714250_1780_8_jpg.jpg?v=1758938820|https://cdn.shopify.com/s/files/1/0912/9351/6071/files/20230417_i1681714250_4311_4_jpg.jpg?v=1758938820|https://cdn.shopify.com/s/files/1/0912/9351/6071/files/20230417_i1681714250_6005_6_jpg.jpg?v=1758938820|https://cdn.shopify.com/s/files/1/0912/9351/6071/files/20230417_i1681714250_6853_7_jpg.jpg?v=1758938820,Hi I want FENDI MINI FIRST SIGHT 13 BAG IN COPPER BROWN CALFSKIN WITH SILVER HARDWARE,
FENDI MINI FIRST SIGHT 13 BAG IN TAN BROWN CALFSKIN WITH SILVER HARDWARE,https://cdn.shopify.com/s/files/1/0912/9351/6071/files/20230417_i1681713727_1710_5_jpg.jpg?v=1758938834,handbags,fendi,https://cdn.shopify.com/s/files/1/0912/9351/6071/files/20230417_i1681713727_1710_5_jpg.jpg?v=1758938834|https://cdn.shopify.com/s/files/1/0912/9351/6071/files/20230417_i1681713727_7171_1_jpg.jpg?v=1758938834|https://cdn.shopify.com/s/files/1/0912/9351/6071/files/20230417_i1681713727_9205_4_jpg.jpg?v=1758938834|https://cdn.shopify.com/s/files/1/0912/9351/6071/files/20230417_i1681713782_850_0_jpg.jpg?v=1758938834|https://cdn.shopify.com/s/files/1/0912/9351/6071/files/20230417_i1681713727_5340_6_jpg.jpg?v=1758938834|https://cdn.shopify.com/s/files/1/0912/9351/6071/files/20230417_i1681713727_4764_7_jpg.jpg?v=1758938834|https://cdn.shopify.com/s/files/1/0912/9351/6071/files/20230417_i1681713727_838_2_jpg.jpg?v=1758938834|https://cdn.shopify.com/s/files/1/0912/9351/6071/files/20230417_i1681713727_4140_3_jpg.jpg?v=1758938834|https://cdn.shopify.com/s/files/1/0912/9351/6071/files/20230417_i1681713727_6183_0_jpg.jpg?v=1758938834,Hi I want FENDI MINI FIRST SIGHT 13 BAG IN TAN BROWN CALFSKIN WITH SILVER HARDWARE,
FENDI MINI FIRST SIGHT 13 BAG IN PIGEON BLUE CALFSKIN WITH SILVER HARDWARE,https://cdn.shopify.com/s/files/1/0912/9351/6071/files/20230417_i1681715570_6980_3_jpg.jpg?v=1758938844,handbags,fendi,https://cdn.shopify.com/s/files/1/0912/9351/6071/files/20230417_i1681715570_6980_3_jpg.jpg?v=1758938844|https://cdn.shopify.com/s/files/1/0912/9351/6071/files/20230417_i1681715637_7813_0_jpg.jpg?v=1758938844|https://cdn.shopify.com/s/files/1/0912/9351/6071/files/20230417_i1681715570_9395_2_jpg.jpg?v=1758938844|https://cdn.shopify.com/s/files/1/0912/9351/6071/files/20230417_i1681715651_4460_0_jpg.jpg?v=1758938844|https://cdn.shopify.com/s/files/1/0912/9351/6071/files/20230417_i1681715570_4130_0_jpg.jpg?v=1758938844|https://cdn.shopify.com/s/files/1/0912/9351/6071/files/20230417_i1681715601_383_0_jpg.jpg?v=1758938844|https://cdn.shopify.com/s/files/1/0912/9351/6071/files/20230417_i1681715637_9697_1_jpg.jpg?v=1758938844|https://cdn.shopify.com/s/files/1/0912/9351/6071/files/20230417_i1681715570_5501_1_jpg.jpg?v=1758938844|https://cdn.shopify.com/s/files/1/0912/9351/6071/files/20230417_i1681715983_1217_0_jpg.jpg?v=1758938844,Hi I want FENDI MINI FIRST SIGHT 13 BAG IN PIGEON BLUE CALFSKIN WITH SILVER HARDWARE,
FENDI 26 BAGUETTE WHITE NAPPA LEATHER BAG WITH GOLD HARDWARE,https://cdn.shopify.com/s/files/1/0912/9351/6071/files/20230127_i1674805565_1093_0_jpg.jpg?v=1758938866,handbags,fendi,https://cdn.shopify.com/s/files/1/0912/9351/6071/files/20230127_i1674805565_1093_0_jpg.jpg?v=1758938866|https://cdn.shopify.com/s/files/1/0912/9351/6071/files/20230127_i1674805565_9899_2_jpg.jpg?v=1758938866|https://cdn.shopify.com/s/files/1/0912/9351/6071/files/20230127_i1674805565_603_4_jpg.jpg?v=1758938866|https://cdn.shopify.com/s/files/1/0912/9351/6071/files/20230127_i1674805565_5097_1_jpg.jpg?v=1758938867|https://cdn.shopify.com/s/files/1/0912/9351/6071/files/20230127_i1674805565_5507_5_jpg.jpg?v=1758938867|https://cdn.shopify.com/s/files/1/0912/9351/6071/files/20230127_i1674805565_7624_3_jpg.jpg?v=1758938867|https://cdn.shopify.com/s/files/1/0912/9351/6071/files/20230127_i1674805587_326_1_jpg.jpg?v=1758938867|https://cdn.shopify.com/s/files/1/0912/9351/6071/files/20230127_i1674805587_3754_0_jpg.jpg?v=1758938867|https://cdn.shopify.com/s/files/1/0912/9351/6071/files/20230127_i1674805650_2635_0_jpg.jpg?v=1758938867,Hi I want FENDI 26 BAGUETTE WHITE NAPPA LEATHER BAG WITH GOLD HARDWARE,
FENDI FIRST MINI 26 BAG IN CIDER BROWN WOOL WITH GOLD HARDWARE,https://cdn.shopify.com/s/files/1/0912/9351/6071/files/20220924_i1663997123_2036_2_jpg.jpg?v=1758938900,handbags,fendi,https://cdn.shopify.com/s/files/1/0912/9351/6071/files/20220924_i1663997123_2036_2_jpg.jpg?v=1758938900|https://cdn.shopify.com/s/files/1/0912/9351/6071/files/20220924_i1663997123_1316_3_jpg.jpg?v=1758938900|https://cdn.shopify.com/s/files/1/0912/9351/6071/files/20220924_i1663997123_3192_1_jpg.jpg?v=1758938900|https://cdn.shopify.com/s/files/1/0912/9351/6071/files/20220924_i1663997123_1310_0_jpg.jpg?v=1758938900|https://cdn.shopify.com/s/files/1/0912/9351/6071/files/20220924_i1663997123_4090_4_jpg.jpg?v=1758938901|https://cdn.shopify.com/s/files/1/0912/9351/6071/files/20220924_i1663997123_9051_6_jpg.jpg?v=1758938901|https://cdn.shopify.com/s/files/1/0912/9351/6071/files/20220924_i1663997123_6676_8_jpg.jpg?v=1758938901|https://cdn.shopify.com/s/files/1/0912/9351/6071/files/20220924_i1663997123_4666_7_jpg.jpg?v=1758938901|https://cdn.shopify.com/s/files/1/0912/9351/6071/files/20220924_i1663997123_4026_5_jpg.jpg?v=1758938901,Hi I want FENDI FIRST MINI 26 BAG IN CIDER BROWN WOOL WITH GOLD HARDWARE,
FENDI FIRST MINI 26 BAG IN BLACK WOOL WITH GOLD HARDWARE,https://cdn.shopify.com/s/files/1/0912/9351/6071/files/20220924_i1663998616_7810_1_jpg.jpg?v=1758938912,handbags,fendi,https://cdn.shopify.com/s/files/1/0912/9351/6071/files/20220924_i1663998616_7810_1_jpg.jpg?v=1758938912|https://cdn.shopify.com/s/files/1/0912/9351/6071/files/20220924_i1663998616_1832_2_jpg.jpg?v=1758938912|https://cdn.shopify.com/s/files/1/0912/9351/6071/files/20220924_i1663998616_8677_4_jpg.jpg?v=1758938912|https://cdn.shopify.com/s/files/1/0912/9351/6071/files/20220924_i1663998616_6428_0_jpg.jpg?v=1758938912|https://cdn.shopify.com/s/files/1/0912/9351/6071/files/20220924_i1663998616_9187_3_jpg.jpg?v=1758938912|https://cdn.shopify.com/s/files/1/0912/9351/6071/files/20220924_i1663998616_2440_5_jpg.jpg?v=1758938912|https://cdn.shopify.com/s/files/1/0912/9351/6071/files/20220924_i1663998616_847_6_jpg.jpg?v=1758938912|https://cdn.shopify.com/s/files/1/0912/9351/6071/files/20220924_i1663998616_892_8_jpg.jpg?v=1758938912|https://cdn.shopify.com/s/files/1/0912/9351/6071/files/20220924_i1663998616_8726_7_jpg.jpg?v=1758938912,Hi I want FENDI FIRST MINI 26 BAG IN BLACK WOOL WITH GOLD HARDWARE,
FENDI FIRST MINI 25 IN WHITE CALFSKIN BAG SILVER HARDWARE,https://cdn.shopify.com/s/files/1/0912/9351/6071/files/20230902_i1693627161_4712_5_jpg.jpg?v=1758938935,handbags,fendi,https://cdn.shopify.com/s/files/1/0912/9351/6071/files/20230902_i1693627161_4712_5_jpg.jpg?v=1758938935|https://cdn.shopify.com/s/files/1/0912/9351/6071/files/20230902_i1693627161_5306_0_jpg.jpg?v=1758938935|https://cdn.shopify.com/s/files/1/0912/9351/6071/files/20230902_i1693627161_6287_6_jpg.jpg?v=1758938935|https://cdn.shopify.com/s/files/1/0912/9351/6071/files/20230902_i1693627161_460_2_jpg.jpg?v=1758938935|https://cdn.shopify.com/s/files/1/0912/9351/6071/files/20230902_i1693627161_3831_1_jpg.jpg?v=1758938935|https://cdn.shopify.com/s/files/1/0912/9351/6071/files/20230902_i1693627161_5554_3_jpg.jpg?v=1758938935|https://cdn.shopify.com/s/files/1/0912/9351/6071/files/20230902_i1693627161_9121_4_jpg.jpg?v=1758938935|https://cdn.shopify.com/s/files/1/0912/9351/6071/files/20230902_i1693627184_560_1_jpg.jpg?v=1758938935|https://cdn.shopify.com/s/files/1/0912/9351/6071/files/20230902_i1693627184_621_0_jpg.jpg?v=1758938935,Hi I want FENDI FIRST MINI 25 IN WHITE CALFSKIN BAG SILVER HARDWARE,
FENDI 27 BAGUETTE BAG IN WHITE CALFSKIN ATTACH STICKER GOLD HARDWARE,https://cdn.shopify.com/s/files/1/0912/9351/6071/files/20220327_i1648384381_5078_0_jpg.jpg?v=1758938949,handbags,fendi,https://cdn.shopify.com/s/files/1/0912/9351/6071/files/20220327_i1648384381_5078_0_jpg.jpg?v=1758938949|https://cdn.shopify.com/s/files/1/0912/9351/6071/files/20220327_i1648384381_7495_2_jpg.jpg?v=1758938949|https://cdn.shopify.com/s/files/1/0912/9351/6071/files/20220327_i1648384381_2354_7_jpg.jpg?v=1758938949|https://cdn.shopify.com/s/files/1/0912/9351/6071/files/20220327_i1648384381_6752_4_jpg.jpg?v=1758938949|https://cdn.shopify.com/s/files/1/0912/9351/6071/files/20220327_i1648384381_9987_5_jpg.jpg?v=1758938949|https://cdn.shopify.com/s/files/1/0912/9351/6071/files/20220327_i1648384381_709_8_jpg.jpg?v=1758938949|https://cdn.shopify.com/s/files/1/0912/9351/6071/files/20220327_i1648384381_3232_1_jpg.jpg?v=1758938949|https://cdn.shopify.com/s/files/1/0912/9351/6071/files/20220327_i1648384381_2720_3_jpg.jpg?v=1758938950|https://cdn.shopify.com/s/files/1/0912/9351/6071/files/20220327_i1648384381_5857_6_jpg.jpg?v=1758938950,Hi I want FENDI 27 BAGUETTE BAG IN WHITE CALFSKIN ATTACH STICKER GOLD HARDWARE,
FENDI 44 MINI BACKPACK IN CAMEL BROWN MONOGRAM JACQUARD FABRIC AND CALFSKIN,https://cdn.shopify.com/s/files/1/0912/9351/6071/files/img_9e3257fd_20231201_i1701407735_4756_0_jpg.jpg?v=1758938972,handbags,fendi,https://cdn.shopify.com/s/files/1/0912/9351/6071/files/img_9e3257fd_20231201_i1701407735_4756_0_jpg.jpg?v=1758938972|https://cdn.shopify.com/s/files/1/0912/9351/6071/files/img_9e3257fd_20231201_i1701407735_5057_1_jpg.jpg?v=1758938972|https://cdn.shopify.com/s/files/1/0912/9351/6071/files/img_9e3257fd_20231201_i1701407735_7415_2_jpg.jpg?v=1758938972|https://cdn.shopify.com/s/files/1/0912/9351/6071/files/img_9e3257fd_20231201_i1701407735_5120_7_jpg.jpg?v=1758938972|https://cdn.shopify.com/s/files/1/0912/9351/6071/files/img_9e3257fd_20231201_i1701407735_4211_8_jpg.jpg?v=1758938972|https://cdn.shopify.com/s/files/1/0912/9351/6071/files/img_9e3257fd_20231201_i1701407735_1787_3_jpg.jpg?v=1758938972|https://cdn.shopify.com/s/files/1/0912/9351/6071/files/img_9e3257fd_20231201_i1701407735_9870_5_jpg.jpg?v=1758938972|https://cdn.shopify.com/s/files/1/0912/9351/6071/files/img_9e3257fd_20231201_i1701407735_704_6_jpg.jpg?v=1758938972|https://cdn.shopify.com/s/files/1/0912/9351/6071/files/img_9e3257fd_20231201_i1701407735_2001_4_jpg.jpg?v=1758938972,Hi I want FENDI 44 MINI BACKPACK IN CAMEL BROWN MONOGRAM JACQUARD FABRIC AND CALFSKIN,
FENDI 44 MINI BACKPACK IN BLACK MONOGRAM JACQUARD FABRIC AND CALFSKIN,https://cdn.shopify.com/s/files/1/0912/9351/6071/files/img_9e3257fd_20231201_i1701407910_524_0_jpg.jpg?v=1758938982,handbags,fendi,https://cdn.shopify.com/s/files/1/0912/9351/6071/files/img_9e3257fd_20231201_i1701407910_524_0_jpg.jpg?v=1758938982|https://cdn.shopify.com/s/files/1/0912/9351/6071/files/img_9e3257fd_20231201_i1701407910_2109_3_jpg.jpg?v=1758938982|https://cdn.shopify.com/s/files/1/0912/9351/6071/files/img_9e3257fd_20231201_i1701407910_5166_6_jpg.jpg?v=1758938983|https://cdn.shopify.com/s/files/1/0912/9351/6071/files/img_9e3257fd_20231201_i1701407910_4474_8_jpg.jpg?v=1758938983|https://cdn.shopify.com/s/files/1/0912/9351/6071/files/img_9e3257fd_20231201_i1701407910_1291_7_jpg.jpg?v=1758938983|https://cdn.shopify.com/s/files/1/0912/9351/6071/files/img_9e3257fd_20231201_i1701407910_2362_1_jpg.jpg?v=1758938983|https://cdn.shopify.com/s/files/1/0912/9351/6071/files/img_9e3257fd_20231201_i1701407910_3468_2_jpg.jpg?v=1758938983|https://cdn.shopify.com/s/files/1/0912/9351/6071/files/img_9e3257fd_20231201_i1701407910_8699_5_jpg.jpg?v=1758938983|https://cdn.shopify.com/s/files/1/0912/9351/6071/files/img_9e3257fd_20231201_i1701407910_6924_4_jpg.jpg?v=1758938983,Hi I want FENDI 44 MINI BACKPACK IN BLACK MONOGRAM JACQUARD FABRIC AND CALFSKIN,
FENDI 38 BAG FF MONOGRAM FF BLACK CALFSKIN WITH STRAP,https://cdn.shopify.com/s/files/1/0912/9351/6071/files/img_9e3257fd_20231201_i1701407507_6977_0_jpg.jpg?v=1758938993,handbags,fendi,https://cdn.shopify.com/s/files/1/0912/9351/6071/files/img_9e3257fd_20231201_i1701407507_6977_0_jpg.jpg?v=1758938993|https://cdn.shopify.com/s/files/1/0912/9351/6071/files/img_9e3257fd_20231201_i1701407507_675_1_jpg.jpg?v=1758938993|https://cdn.shopify.com/s/files/1/0912/9351/6071/files/img_9e3257fd_20231201_i1701407507_940_3_jpg.jpg?v=1758938993|https://cdn.shopify.com/s/files/1/0912/9351/6071/files/img_9e3257fd_20231201_i1701407507_8609_8_jpg.jpg?v=1758938993|https://cdn.shopify.com/s/files/1/0912/9351/6071/files/img_9e3257fd_20231201_i1701407507_1703_5_jpg.jpg?v=1758938993|https://cdn.shopify.com/s/files/1/0912/9351/6071/files/img_9e3257fd_20231201_i1701407507_2284_7_jpg.jpg?v=1758938993|https://cdn.shopify.com/s/files/1/0912/9351/6071/files/img_9e3257fd_20231201_i1701407507_2728_6_jpg.jpg?v=1758938993|https://cdn.shopify.com/s/files/1/0912/9351/6071/files/img_9e3257fd_20231201_i1701407507_7391_2_jpg.jpg?v=1758938993|https://cdn.shopify.com/s/files/1/0912/9351/6071/files/img_9e3257fd_20231201_i1701407507_7748_4_jpg.jpg?v=1758938993,Hi I want FENDI 38 BAG FF MONOGRAM FF BLACK CALFSKIN WITH STRAP,
FENDI ROMA 22 CLUTCH BAG IN CHOCOLATE BROWN FF CALFSKIN SILVER HARDWARE WITH GOLDEN LOGO,https://cdn.shopify.com/s/files/1/0912/9351/6071/files/20220921_i1663729600_8505_0_jpg.jpg?v=1758939015,handbags,fendi,https://cdn.shopify.com/s/files/1/0912/9351/6071/files/20220921_i1663729600_8505_0_jpg.jpg?v=1758939015|https://cdn.shopify.com/s/files/1/0912/9351/6071/files/20220921_i1663729600_7946_3_jpg.jpg?v=1758939015|https://cdn.shopify.com/s/files/1/0912/9351/6071/files/20220921_i1663729600_6615_5_jpg.jpg?v=1758939015|https://cdn.shopify.com/s/files/1/0912/9351/6071/files/20220921_i1663729600_6155_6_jpg.jpg?v=1758939015|https://cdn.shopify.com/s/files/1/0912/9351/6071/files/20220921_i1663729600_4978_8_jpg.jpg?v=1758939015|https://cdn.shopify.com/s/files/1/0912/9351/6071/files/20220921_i1663729600_2961_1_jpg.jpg?v=1758939015|https://cdn.shopify.com/s/files/1/0912/9351/6071/files/20220921_i1663729600_6711_2_jpg.jpg?v=1758939015|https://cdn.shopify.com/s/files/1/0912/9351/6071/files/20220921_i1663729600_1657_7_jpg.jpg?v=1758939015|https://cdn.shopify.com/s/files/1/0912/9351/6071/files/20220921_i1663729600_9258_4_jpg.jpg?v=1758939015,Hi I want FENDI ROMA 22 CLUTCH BAG IN CHOCOLATE BROWN FF CALFSKIN SILVER HARDWARE WITH GOLDEN LOGO,
FENDI ROMA 22 CLUTCH BAG IN DARK GREY FF CALFSKIN SILVER HARDWARE WITH WHITE LOGO,https://cdn.shopify.com/s/files/1/0912/9351/6071/files/20220921_i1663729633_4511_0_jpg.jpg?v=1758939028,handbags,fendi,https://cdn.shopify.com/s/files/1/0912/9351/6071/files/20220921_i1663729633_4511_0_jpg.jpg?v=1758939028|https://cdn.shopify.com/s/files/1/0912/9351/6071/files/20220921_i1663729633_839_1_jpg.jpg?v=1758939028|https://cdn.shopify.com/s/files/1/0912/9351/6071/files/20220921_i1663729633_9862_3_jpg.jpg?v=1758939028|https://cdn.shopify.com/s/files/1/0912/9351/6071/files/20220921_i1663729633_6820_5_jpg.jpg?v=1758939028|https://cdn.shopify.com/s/files/1/0912/9351/6071/files/20220921_i1663729633_9762_7_jpg.jpg?v=1758939028|https://cdn.shopify.com/s/files/1/0912/9351/6071/files/20220921_i1663729633_6610_6_jpg.jpg?v=1758939028|https://cdn.shopify.com/s/files/1/0912/9351/6071/files/20220921_i1663729633_1979_4_jpg.jpg?v=1758939028|https://cdn.shopify.com/s/files/1/0912/9351/6071/files/20220921_i1663729633_6894_2_jpg.jpg?v=1758939028|https://cdn.shopify.com/s/files/1/0912/9351/6071/files/20220921_i1663729633_9479_8_jpg.jpg?v=1758939028,Hi I want FENDI ROMA 22 CLUTCH BAG IN DARK GREY FF CALFSKIN SILVER HARDWARE WITH WHITE LOGO,
FENDI 27 BAG IN WHITE CALFSKIN WITH GOLD HARDWARE,https://cdn.shopify.com/s/files/1/0912/9351/6071/files/img_fe2b4e3c_20231221_i1703140321_9713_0_jpg.jpg?v=1758939059,handbags,fendi,https://cdn.shopify.com/s/files/1/0912/9351/6071/files/img_fe2b4e3c_20231221_i1703140321_9713_0_jpg.jpg?v=1758939059|https://cdn.shopify.com/s/files/1/0912/9351/6071/files/img_fe2b4e3c_20231221_i1703140321_114_0_jpg.jpg?v=1758939059|https://cdn.shopify.com/s/files/1/0912/9351/6071/files/img_fe2b4e3c_20231221_i1703140321_3466_0_jpg.jpg?v=1758939059|https://cdn.shopify.com/s/files/1/0912/9351/6071/files/img_fe2b4e3c_20231221_i1703140321_4790_0_jpg.jpg?v=1758939059|https://cdn.shopify.com/s/files/1/0912/9351/6071/files/img_fe2b4e3c_20231221_i1703140321_7165_0_jpg.jpg?v=1758939059|https://cdn.shopify.com/s/files/1/0912/9351/6071/files/img_fe2b4e3c_20231221_i1703140321_8624_0_jpg.jpg?v=1758939059|https://cdn.shopify.com/s/files/1/0912/9351/6071/files/img_fe2b4e3c_20231221_i1703140321_8708_0_jpg.jpg?v=1758939059|https://cdn.shopify.com/s/files/1/0912/9351/6071/files/img_fe2b4e3c_20231221_i1703140321_8244_0_jpg.jpg?v=1758939059|https://cdn.shopify.com/s/files/1/0912/9351/6071/files/img_fe2b4e3c_20231221_i1703140321_493_0_jpg.jpg?v=1758939059,Hi I want FENDI 27 BAG IN WHITE CALFSKIN WITH GOLD HARDWARE,
FENDI 27 BAG IN BLACK CALFSKIN WITH GOLD HARDWARE,https://cdn.shopify.com/s/files/1/0912/9351/6071/files/img_fe2b4e3c_20231221_i1703141268_1200_0.jpg_1.jpg?v=1758939069,handbags,fendi,https://cdn.shopify.com/s/files/1/0912/9351/6071/files/img_fe2b4e3c_20231221_i1703141268_1200_0.jpg_1.jpg?v=1758939069|https://cdn.shopify.com/s/files/1/0912/9351/6071/files/img_fe2b4e3c_20231221_i1703141268_209_0.jpg_1.jpg?v=1758939069|https://cdn.shopify.com/s/files/1/0912/9351/6071/files/img_fe2b4e3c_20231221_i1703141268_8282_0.jpg_1.jpg?v=1758939069|https://cdn.shopify.com/s/files/1/0912/9351/6071/files/img_fe2b4e3c_20231221_i1703141268_7686_0.jpg_1.jpg?v=1758939069|https://cdn.shopify.com/s/files/1/0912/9351/6071/files/img_fe2b4e3c_20231221_i1703141268_4607_0.jpg_1.jpg?v=1758939069|https://cdn.shopify.com/s/files/1/0912/9351/6071/files/img_fe2b4e3c_20231221_i1703141268_6341_0.jpg_1.jpg?v=1758939069|https://cdn.shopify.com/s/files/1/0912/9351/6071/files/img_fe2b4e3c_20231221_i1703141268_2280_0.jpg_1.jpg?v=1758939069|https://cdn.shopify.com/s/files/1/0912/9351/6071/files/img_fe2b4e3c_20231221_i1703141268_9599_0.jpg_1.jpg?v=1758939069|https://cdn.shopify.com/s/files/1/0912/9351/6071/files/img_fe2b4e3c_20231221_i1703141268_2933_0.jpg_1.jpg?v=1758939069,Hi I want FENDI 27 BAG IN BLACK CALFSKIN WITH GOLD HARDWARE,
FENDI 27 BAG IN TAN BROWN CALFSKIN WITH GOLD HARDWARE,https://cdn.shopify.com/s/files/1/0912/9351/6071/files/img_fe2b4e3c_20231221_i1703140753_6897_0_jpg.jpg?v=1758939077,handbags,fendi,https://cdn.shopify.com/s/files/1/0912/9351/6071/files/img_fe2b4e3c_20231221_i1703140753_6897_0_jpg.jpg?v=1758939077|https://cdn.shopify.com/s/files/1/0912/9351/6071/files/img_fe2b4e3c_20231221_i1703140753_506_0_jpg.jpg?v=1758939077|https://cdn.shopify.com/s/files/1/0912/9351/6071/files/img_fe2b4e3c_20231221_i1703140752_8981_0_jpg.jpg?v=1758939077|https://cdn.shopify.com/s/files/1/0912/9351/6071/files/img_fe2b4e3c_20231221_i1703140753_4985_0_jpg.jpg?v=1758939077|https://cdn.shopify.com/s/files/1/0912/9351/6071/files/img_fe2b4e3c_20231221_i1703140752_181_0_jpg.jpg?v=1758939077|https://cdn.shopify.com/s/files/1/0912/9351/6071/files/img_fe2b4e3c_20231221_i1703140752_3876_0_jpg.jpg?v=1758939077|https://cdn.shopify.com/s/files/1/0912/9351/6071/files/img_fe2b4e3c_20231221_i1703140753_9400_0_jpg.jpg?v=1758939077,Hi I want FENDI 27 BAG IN TAN BROWN CALFSKIN WITH GOLD HARDWARE,
FENDI 19 BAGUETTE BAG IN BLACK MIX WHITE CANVAS WITH GOLD HARDWARE,https://cdn.shopify.com/s/files/1/0912/9351/6071/files/20230623_i1687507596_5097_0_jpg.jpg?v=1758939096,handbags,fendi,https://cdn.shopify.com/s/files/1/0912/9351/6071/files/20230623_i1687507596_5097_0_jpg.jpg?v=1758939096|https://cdn.shopify.com/s/files/1/0912/9351/6071/files/20230623_i1687507596_9394_2_jpg.jpg?v=1758939096|https://cdn.shopify.com/s/files/1/0912/9351/6071/files/20230623_i1687507596_5258_1_jpg.jpg?v=1758939096|https://cdn.shopify.com/s/files/1/0912/9351/6071/files/20230623_i1687507596_45_5_jpg.jpg?v=1758939096|https://cdn.shopify.com/s/files/1/0912/9351/6071/files/20230623_i1687507596_7659_7_jpg.jpg?v=1758939097|https://cdn.shopify.com/s/files/1/0912/9351/6071/files/20230623_i1687507596_1713_6_jpg.jpg?v=1758939097|https://cdn.shopify.com/s/files/1/0912/9351/6071/files/20230623_i1687507596_6767_8_jpg.jpg?v=1758939097|https://cdn.shopify.com/s/files/1/0912/9351/6071/files/20230623_i1687507596_1091_3_jpg.jpg?v=1758939097|https://cdn.shopify.com/s/files/1/0912/9351/6071/files/20230623_i1687507596_6841_4_jpg.jpg?v=1758939097,Hi I want FENDI 19 BAGUETTE BAG IN BLACK MIX WHITE CANVAS WITH GOLD HARDWARE,
FENDI 19 BAGUETTE BAG IN FLAX YELLOW CANVAS WITH GOLD HARDWARE,https://cdn.shopify.com/s/files/1/0912/9351/6071/files/20230719_i1689761436_8722_0_jpg.jpg?v=1758939108,handbags,fendi,https://cdn.shopify.com/s/files/1/0912/9351/6071/files/20230719_i1689761436_8722_0_jpg.jpg?v=1758939108|https://cdn.shopify.com/s/files/1/0912/9351/6071/files/20230719_i1689761436_2077_2_jpg.jpg?v=1758939110|https://cdn.shopify.com/s/files/1/0912/9351/6071/files/20230719_i1689761436_4788_1_jpg.jpg?v=1758939110|https://cdn.shopify.com/s/files/1/0912/9351/6071/files/20230719_i1689761436_6811_3_jpg.jpg?v=1758939110|https://cdn.shopify.com/s/files/1/0912/9351/6071/files/20230719_i1689761436_2833_4_jpg.jpg?v=1758939110|https://cdn.shopify.com/s/files/1/0912/9351/6071/files/20230719_i1689761436_3753_6_jpg.jpg?v=1758939110|https://cdn.shopify.com/s/files/1/0912/9351/6071/files/20230719_i1689761436_8942_5_jpg.jpg?v=1758939110|https://cdn.shopify.com/s/files/1/0912/9351/6071/files/20230719_i1689761436_3900_7_jpg.jpg?v=1758939110|https://cdn.shopify.com/s/files/1/0912/9351/6071/files/20230719_i1689761436_4757_8_jpg.jpg?v=1758939110,Hi I want FENDI 19 BAGUETTE BAG IN FLAX YELLOW CANVAS WITH GOLD HARDWARE,
FENDI 19 MOONLIGHT BAG IN SUNFLOWER YELLOW CALFSKIN GOLD HARDWARE,https://cdn.shopify.com/s/files/1/0912/9351/6071/files/20220103_i1641192241_98_0_jpg.jpg?v=1758939129,handbags,fendi,https://cdn.shopify.com/s/files/1/0912/9351/6071/files/20220103_i1641192241_98_0_jpg.jpg?v=1758939129|https://cdn.shopify.com/s/files/1/0912/9351/6071/files/20220103_i1641192241_2572_1_jpg.jpg?v=1758939129|https://cdn.shopify.com/s/files/1/0912/9351/6071/files/20220103_i1641192241_8172_2_jpg.jpg?v=1758939129|https://cdn.shopify.com/s/files/1/0912/9351/6071/files/20220103_i1641192241_8147_6_jpg.jpg?v=1758939129|https://cdn.shopify.com/s/files/1/0912/9351/6071/files/20220103_i1641192241_7643_5_jpg.jpg?v=1758939129|https://cdn.shopify.com/s/files/1/0912/9351/6071/files/20220103_i1641192241_6117_3_jpg.jpg?v=1758939129|https://cdn.shopify.com/s/files/1/0912/9351/6071/files/20220103_i1641192241_2899_7_jpg.jpg?v=1758939129|https://cdn.shopify.com/s/files/1/0912/9351/6071/files/20220103_i1641192241_6448_4_jpg.jpg?v=1758939129|https://cdn.shopify.com/s/files/1/0912/9351/6071/files/20220103_i1641192241_9083_8_jpg.jpg?v=1758939129,Hi I want FENDI 19 MOONLIGHT BAG IN SUNFLOWER YELLOW CALFSKIN GOLD HARDWARE,
MON TRESOR MINI 18 BAG IN PEACHY PINK CALFSKIN FF WITH GOLD HARDWARE,https://cdn.shopify.com/s/files/1/0912/9351/6071/files/20220315_i1647327364_3797_0_jpg.jpg?v=1758939149,handbags,fendi,https://cdn.shopify.com/s/files/1/0912/9351/6071/files/20220315_i1647327364_3797_0_jpg.jpg?v=1758939149|https://cdn.shopify.com/s/files/1/0912/9351/6071/files/20220315_i1647327364_9147_2_jpg.jpg?v=1758939149|https://cdn.shopify.com/s/files/1/0912/9351/6071/files/20220315_i1647327364_4433_1_jpg.jpg?v=1758939149|https://cdn.shopify.com/s/files/1/0912/9351/6071/files/20220315_i1647327364_9017_5_jpg.jpg?v=1758939149|https://cdn.shopify.com/s/files/1/0912/9351/6071/files/20220315_i1647327364_3798_4_jpg.jpg?v=1758939149|https://cdn.shopify.com/s/files/1/0912/9351/6071/files/20220315_i1647327364_2689_7_jpg.jpg?v=1758939149|https://cdn.shopify.com/s/files/1/0912/9351/6071/files/20220315_i1647327364_471_6_jpg.jpg?v=1758939149|https://cdn.shopify.com/s/files/1/0912/9351/6071/files/20220315_i1647327364_593_3_jpg.jpg?v=1758939150|https://cdn.shopify.com/s/files/1/0912/9351/6071/files/20220315_i1647327364_7398_8_jpg.jpg?v=1758939150,Hi I want MON TRESOR MINI 18 BAG IN PEACHY PINK CALFSKIN FF WITH GOLD HARDWARE,
MON TRESOR MINI 18 BAG IN LIGHT BLUE CALFSKIN FF WITH GOLD HARDWARE,https://cdn.shopify.com/s/files/1/0912/9351/6071/files/20220609_i1654768471_3853_0_jpg.jpg?v=1758939160,handbags,fendi,https://cdn.shopify.com/s/files/1/0912/9351/6071/files/20220609_i1654768471_3853_0_jpg.jpg?v=1758939160|https://cdn.shopify.com/s/files/1/0912/9351/6071/files/20220609_i1654768471_5316_2_jpg.jpg?v=1758939161|https://cdn.shopify.com/s/files/1/0912/9351/6071/files/20220609_i1654768471_8665_1_jpg.jpg?v=1758939161|https://cdn.shopify.com/s/files/1/0912/9351/6071/files/20220609_i1654768471_4804_3_jpg.jpg?v=1758939161|https://cdn.shopify.com/s/files/1/0912/9351/6071/files/20220609_i1654768471_8182_5_jpg.jpg?v=1758939161|https://cdn.shopify.com/s/files/1/0912/9351/6071/files/20220609_i1654768471_487_4_jpg.jpg?v=1758939161|https://cdn.shopify.com/s/files/1/0912/9351/6071/files/20220609_i1654768471_4947_7_jpg.jpg?v=1758939161|https://cdn.shopify.com/s/files/1/0912/9351/6071/files/20220609_i1654768471_760_8_jpg.jpg?v=1758939161|https://cdn.shopify.com/s/files/1/0912/9351/6071/files/20220609_i1654768471_8272_6_jpg.jpg?v=1758939161,Hi I want MON TRESOR MINI 18 BAG IN LIGHT BLUE CALFSKIN FF WITH GOLD HARDWARE,
FENDIGRAPHY MINI 16 BAG IN LIGHT PINK CALFSKIN GOLD HARDWARE,https://cdn.shopify.com/s/files/1/0912/9351/6071/files/20220422_i1650622796_2312_0_jpg.jpg?v=1758939182,handbags,fendi,https://cdn.shopify.com/s/files/1/0912/9351/6071/files/20220422_i1650622796_2312_0_jpg.jpg?v=1758939182|https://cdn.shopify.com/s/files/1/0912/9351/6071/files/20220422_i1650622796_9267_1_jpg.jpg?v=1758939182|https://cdn.shopify.com/s/files/1/0912/9351/6071/files/20220422_i1650622796_1247_6_jpg.jpg?v=1758939182|https://cdn.shopify.com/s/files/1/0912/9351/6071/files/20220422_i1650622796_530_7_jpg.jpg?v=1758939182|https://cdn.shopify.com/s/files/1/0912/9351/6071/files/20220422_i1650622796_5930_5_jpg.jpg?v=1758939182|https://cdn.shopify.com/s/files/1/0912/9351/6071/files/20220422_i1650622796_5073_2_jpg.jpg?v=1758939182|https://cdn.shopify.com/s/files/1/0912/9351/6071/files/20220422_i1650622796_8682_3_jpg.jpg?v=1758939182|https://cdn.shopify.com/s/files/1/0912/9351/6071/files/20220422_i1650622796_1016_8_jpg.jpg?v=1758939182|https://cdn.shopify.com/s/files/1/0912/9351/6071/files/20220422_i1650622796_4526_4_jpg.jpg?v=1758939182,Hi I want FENDIGRAPHY MINI 16 BAG IN LIGHT PINK CALFSKIN GOLD HARDWARE,
FENDI FIRST SMALL 26 LIGHT PINK LEATHER BAG WITH EXOTIC DETAILS,https://cdn.shopify.com/s/files/1/0912/9351/6071/files/20220806_i1659781273_546_0_jpg.jpg?v=1758939208,handbags,fendi,https://cdn.shopify.com/s/files/1/0912/9351/6071/files/20220806_i1659781273_546_0_jpg.jpg?v=1758939208|https://cdn.shopify.com/s/files/1/0912/9351/6071/files/20220806_i1659781273_2722_1_jpg.jpg?v=1758939208|https://cdn.shopify.com/s/files/1/0912/9351/6071/files/20220806_i1659781273_5210_2_jpg.jpg?v=1758939208|https://cdn.shopify.com/s/files/1/0912/9351/6071/files/20220806_i1659781273_7018_4_jpg.jpg?v=1758939208|https://cdn.shopify.com/s/files/1/0912/9351/6071/files/20220806_i1659781273_8800_3_jpg.jpg?v=1758939208|https://cdn.shopify.com/s/files/1/0912/9351/6071/files/20220806_i1659781273_161_6_jpg.jpg?v=1758939208|https://cdn.shopify.com/s/files/1/0912/9351/6071/files/20220806_i1659781273_767_7_jpg.jpg?v=1758939208|https://cdn.shopify.com/s/files/1/0912/9351/6071/files/20220806_i1659781273_7797_8_jpg.jpg?v=1758939208|https://cdn.shopify.com/s/files/1/0912/9351/6071/files/20220806_i1659781273_1210_5_jpg.jpg?v=1758939208,Hi I want FENDI FIRST SMALL 26 LIGHT PINK LEATHER BAG WITH EXOTIC DETAILS,
FENDI FIRST SMALL 26 COFFEE BROWN LEATHER BAG WITH EXOTIC DETAILS,https://cdn.shopify.com/s/files/1/0912/9351/6071/files/20220711_i1657514781_49_1_jpg.jpg?v=1758939218,handbags,fendi,https://cdn.shopify.com/s/files/1/0912/9351/6071/files/20220711_i1657514781_49_1_jpg.jpg?v=1758939218|https://cdn.shopify.com/s/files/1/0912/9351/6071/files/20220711_i1657514781_5254_0_jpg.jpg?v=1758939218|https://cdn.shopify.com/s/files/1/0912/9351/6071/files/20220711_i1657514781_2989_2_jpg.jpg?v=1758939218|https://cdn.shopify.com/s/files/1/0912/9351/6071/files/20220711_i1657514781_7542_7_jpg.jpg?v=1758939218|https://cdn.shopify.com/s/files/1/0912/9351/6071/files/20220711_i1657514781_2763_8_jpg.jpg?v=1758939218|https://cdn.shopify.com/s/files/1/0912/9351/6071/files/20220711_i1657514781_4439_6_jpg.jpg?v=1758939218|https://cdn.shopify.com/s/files/1/0912/9351/6071/files/20220711_i1657514781_7029_3_jpg.jpg?v=1758939218|https://cdn.shopify.com/s/files/1/0912/9351/6071/files/20220711_i1657514781_5598_5_jpg.jpg?v=1758939218|https://cdn.shopify.com/s/files/1/0912/9351/6071/files/20220711_i1657514781_8865_4_jpg.jpg?v=1758939218,Hi I want FENDI FIRST SMALL 26 COFFEE BROWN LEATHER BAG WITH EXOTIC DETAILS,
FENDI FIRST SMALL 26 WHITE LEATHER BAG WITH EXOTIC DETAILS,https://cdn.shopify.com/s/files/1/0912/9351/6071/files/20220329_i1648535803_7056_0_jpg.jpg?v=1758939229,handbags,fendi,https://cdn.shopify.com/s/files/1/0912/9351/6071/files/20220329_i1648535803_7056_0_jpg.jpg?v=1758939229|https://cdn.shopify.com/s/files/1/0912/9351/6071/files/20220329_i1648535803_7998_1_jpg.jpg?v=1758939229|https://cdn.shopify.com/s/files/1/0912/9351/6071/files/20220329_i1648535803_5076_7_jpg.jpg?v=1758939229|https://cdn.shopify.com/s/files/1/0912/9351/6071/files/20220329_i1648535803_2052_8_jpg.jpg?v=1758939229|https://cdn.shopify.com/s/files/1/0912/9351/6071/files/20220329_i1648535803_3416_4_jpg.jpg?v=1758939229|https://cdn.shopify.com/s/files/1/0912/9351/6071/files/20220329_i1648535803_7779_5_jpg.jpg?v=1758939229|https://cdn.shopify.com/s/files/1/0912/9351/6071/files/20220329_i1648535803_9432_6_jpg.jpg?v=1758939229|https://cdn.shopify.com/s/files/1/0912/9351/6071/files/20220329_i1648535803_3900_3_jpg.jpg?v=1758939229|https://cdn.shopify.com/s/files/1/0912/9351/6071/files/20220329_i1648535803_5875_2_jpg.jpg?v=1758939229,Hi I want FENDI FIRST SMALL 26 WHITE LEATHER BAG WITH EXOTIC DETAILS,
FENDI FIRST SMALL 26 BLACK LEATHER BAG WITH EXOTIC DETAILS,https://cdn.shopify.com/s/files/1/0912/9351/6071/files/20221021_i1666344147_7433_0_jpg.jpg?v=1758939240,handbags,fendi,https://cdn.shopify.com/s/files/1/0912/9351/6071/files/20221021_i1666344147_7433_0_jpg.jpg?v=1758939240|https://cdn.shopify.com/s/files/1/0912/9351/6071/files/20221021_i1666344147_4680_1_jpg.jpg?v=1758939240|https://cdn.shopify.com/s/files/1/0912/9351/6071/files/20221021_i1666344147_8826_2_jpg.jpg?v=1758939240|https://cdn.shopify.com/s/files/1/0912/9351/6071/files/20221021_i1666344147_2755_7_jpg.jpg?v=1758939240|https://cdn.shopify.com/s/files/1/0912/9351/6071/files/20221021_i1666344147_6032_6_jpg.jpg?v=1758939240|https://cdn.shopify.com/s/files/1/0912/9351/6071/files/20221021_i1666344147_1951_5_jpg.jpg?v=1758939240|https://cdn.shopify.com/s/files/1/0912/9351/6071/files/20221021_i1666344147_1445_3_jpg.jpg?v=1758939240|https://cdn.shopify.com/s/files/1/0912/9351/6071/files/20221021_i1666344147_1967_8_jpg.jpg?v=1758939240|https://cdn.shopify.com/s/files/1/0912/9351/6071/files/20221021_i1666344147_530_4_jpg.jpg?v=1758939240,Hi I want FENDI FIRST SMALL 26 BLACK LEATHER BAG WITH EXOTIC DETAILS,
FENDI FIRST MEDIUM 26 BAG IN CHOCOLATE BROWN CALFSKIN WITH GOLD HARDWARE,https://cdn.shopify.com/s/files/1/0912/9351/6071/files/20230313_i1678702426_3939_0_jpg.jpg?v=1758939251,handbags,fendi,https://cdn.shopify.com/s/files/1/0912/9351/6071/files/20230313_i1678702426_3939_0_jpg.jpg?v=1758939251|https://cdn.shopify.com/s/files/1/0912/9351/6071/files/20230313_i1678702426_7602_1_jpg.jpg?v=1758939251|https://cdn.shopify.com/s/files/1/0912/9351/6071/files/20230313_i1678702426_6200_4_jpg.jpg?v=1758939251|https://cdn.shopify.com/s/files/1/0912/9351/6071/files/20230313_i1678702426_3953_7_jpg.jpg?v=1758939251|https://cdn.shopify.com/s/files/1/0912/9351/6071/files/20230313_i1678702426_8525_6_jpg.jpg?v=1758939251|https://cdn.shopify.com/s/files/1/0912/9351/6071/files/20230313_i1678702426_2498_5_jpg.jpg?v=1758939251|https://cdn.shopify.com/s/files/1/0912/9351/6071/files/20230313_i1678702426_7934_3_jpg.jpg?v=1758939251|https://cdn.shopify.com/s/files/1/0912/9351/6071/files/20230313_i1678702426_3036_2_jpg.jpg?v=1758939251|https://cdn.shopify.com/s/files/1/0912/9351/6071/files/20230313_i1678702426_4273_8_jpg.jpg?v=1758939251,Hi I want FENDI FIRST MEDIUM 26 BAG IN CHOCOLATE BROWN CALFSKIN WITH GOLD HARDWARE,
FENDI PEEKABOO MINI 23 BAG IN WHITE CALFSKIN WITH GOLD HARDWARE,https://cdn.shopify.com/s/files/1/0912/9351/6071/files/20221217_i1671245958_2687_0_jpg.jpg?v=1758939261,handbags,fendi,https://cdn.shopify.com/s/files/1/0912/9351/6071/files/20221217_i1671245958_2687_0_jpg.jpg?v=1758939261|https://cdn.shopify.com/s/files/1/0912/9351/6071/files/20221217_i1671245958_6452_1_jpg.jpg?v=1758939261|https://cdn.shopify.com/s/files/1/0912/9351/6071/files/20221217_i1671245958_9092_2_jpg.jpg?v=1758939261|https://cdn.shopify.com/s/files/1/0912/9351/6071/files/20221217_i1671245958_9094_8_jpg.jpg?v=1758939261|https://cdn.shopify.com/s/files/1/0912/9351/6071/files/20221217_i1671245958_9513_5_jpg.jpg?v=1758939261|https://cdn.shopify.com/s/files/1/0912/9351/6071/files/20221217_i1671245958_9259_7_jpg.jpg?v=1758939261|https://cdn.shopify.com/s/files/1/0912/9351/6071/files/20221217_i1671245958_2536_4_jpg.jpg?v=1758939261|https://cdn.shopify.com/s/files/1/0912/9351/6071/files/20221217_i1671245958_3533_6_jpg.jpg?v=1758939261|https://cdn.shopify.com/s/files/1/0912/9351/6071/files/20221217_i1671245958_4535_3_jpg.jpg?v=1758939261,Hi I want FENDI PEEKABOO MINI 23 BAG IN WHITE CALFSKIN WITH GOLD HARDWARE,
FENDI PEEKABOO MINI 23 BAG IN LIGHT PINK CALFSKIN WITH GOLD HARDWARE,https://cdn.shopify.com/s/files/1/0912/9351/6071/files/20221217_i1671246123_1930_0_jpg.jpg?v=1758939272,handbags,fendi,https://cdn.shopify.com/s/files/1/0912/9351/6071/files/20221217_i1671246123_1930_0_jpg.jpg?v=1758939272|https://cdn.shopify.com/s/files/1/0912/9351/6071/files/20221217_i1671246123_5046_1_jpg.jpg?v=1758939272|https://cdn.shopify.com/s/files/1/0912/9351/6071/files/20221217_i1671246123_6015_2_jpg.jpg?v=1758939272|https://cdn.shopify.com/s/files/1/0912/9351/6071/files/20221217_i1671246123_7625_7_jpg.jpg?v=1758939272|https://cdn.shopify.com/s/files/1/0912/9351/6071/files/20221217_i1671246123_1126_6_jpg.jpg?v=1758939272|https://cdn.shopify.com/s/files/1/0912/9351/6071/files/20221217_i1671246123_4860_4_jpg.jpg?v=1758939272|https://cdn.shopify.com/s/files/1/0912/9351/6071/files/20221217_i1671246123_9345_8_jpg.jpg?v=1758939272|https://cdn.shopify.com/s/files/1/0912/9351/6071/files/20221217_i1671246123_1950_5_jpg.jpg?v=1758939272|https://cdn.shopify.com/s/files/1/0912/9351/6071/files/20221217_i1671246123_5220_3_jpg.jpg?v=1758939272,Hi I want FENDI PEEKABOO MINI 23 BAG IN LIGHT PINK CALFSKIN WITH GOLD HARDWARE,
FENDI PEEKABOO MINI 23 BAG IN BLACK CALFSKIN WITH GOLD HARDWARE,https://cdn.shopify.com/s/files/1/0912/9351/6071/files/20221217_i1671246008_5920_0_jpg.jpg?v=1758939282,handbags,fendi,https://cdn.shopify.com/s/files/1/0912/9351/6071/files/20221217_i1671246008_5920_0_jpg.jpg?v=1758939282|https://cdn.shopify.com/s/files/1/0912/9351/6071/files/20221217_i1671246008_1739_1_jpg.jpg?v=1758939282|https://cdn.shopify.com/s/files/1/0912/9351/6071/files/20221217_i1671246008_1445_2_jpg.jpg?v=1758939282|https://cdn.shopify.com/s/files/1/0912/9351/6071/files/20221217_i1671246008_3519_6_jpg.jpg?v=1758939282|https://cdn.shopify.com/s/files/1/0912/9351/6071/files/20221217_i1671246008_8843_7_jpg.jpg?v=1758939282|https://cdn.shopify.com/s/files/1/0912/9351/6071/files/20221217_i1671246008_2346_8_jpg.jpg?v=1758939282|https://cdn.shopify.com/s/files/1/0912/9351/6071/files/20221217_i1671246008_7615_4_jpg.jpg?v=1758939282|https://cdn.shopify.com/s/files/1/0912/9351/6071/files/20221217_i1671246008_6384_5_jpg.jpg?v=1758939282|https://cdn.shopify.com/s/files/1/0912/9351/6071/files/20221217_i1671246008_9381_3_jpg.jpg?v=1758939282,Hi I want FENDI PEEKABOO MINI 23 BAG IN BLACK CALFSKIN WITH GOLD HARDWARE,
FENDI PEEKABOO 33 BAG IN LIGHT PINK CALFSKIN WITH STRAP GOLD HARDWARE,https://cdn.shopify.com/s/files/1/0912/9351/6071/files/20221217_i1671242840_7491_0_jpg.jpg?v=1758939292,handbags,fendi,https://cdn.shopify.com/s/files/1/0912/9351/6071/files/20221217_i1671242840_7491_0_jpg.jpg?v=1758939292|https://cdn.shopify.com/s/files/1/0912/9351/6071/files/20221217_i1671242840_4550_1_jpg.jpg?v=1758939292|https://cdn.shopify.com/s/files/1/0912/9351/6071/files/20221217_i1671242840_7092_2_jpg.jpg?v=1758939292|https://cdn.shopify.com/s/files/1/0912/9351/6071/files/20221217_i1671242840_2226_6_jpg.jpg?v=1758939292|https://cdn.shopify.com/s/files/1/0912/9351/6071/files/20221217_i1671242840_3106_5_jpg.jpg?v=1758939292|https://cdn.shopify.com/s/files/1/0912/9351/6071/files/20221217_i1671242840_8011_3_jpg.jpg?v=1758939292|https://cdn.shopify.com/s/files/1/0912/9351/6071/files/20221217_i1671242840_8677_7_jpg.jpg?v=1758939292|https://cdn.shopify.com/s/files/1/0912/9351/6071/files/20221217_i1671242840_8737_4_jpg.jpg?v=1758939292|https://cdn.shopify.com/s/files/1/0912/9351/6071/files/20221217_i1671242840_9516_8_jpg.jpg?v=1758939292,Hi I want FENDI PEEKABOO 33 BAG IN LIGHT PINK CALFSKIN WITH STRAP GOLD HARDWARE,
FENDI PEEKABOO 33 BAG IN BLACK CALFSKIN WITH STRAP GOLD HARDWARE,https://cdn.shopify.com/s/files/1/0912/9351/6071/files/20221217_i1671242903_4508_0_jpg.jpg?v=1758939302,handbags,fendi,https://cdn.shopify.com/s/files/1/0912/9351/6071/files/20221217_i1671242903_4508_0_jpg.jpg?v=1758939302|https://cdn.shopify.com/s/files/1/0912/9351/6071/files/20221217_i1671242903_8746_3_jpg.jpg?v=1758939302|https://cdn.shopify.com/s/files/1/0912/9351/6071/files/20221217_i1671242903_2115_2_jpg.jpg?v=1758939302|https://cdn.shopify.com/s/files/1/0912/9351/6071/files/20221217_i1671242903_1306_1_jpg.jpg?v=1758939302|https://cdn.shopify.com/s/files/1/0912/9351/6071/files/20221217_i1671242903_1264_5_jpg.jpg?v=1758939302|https://cdn.shopify.com/s/files/1/0912/9351/6071/files/20221217_i1671242903_4242_6_jpg.jpg?v=1758939302|https://cdn.shopify.com/s/files/1/0912/9351/6071/files/20221217_i1671242903_5904_8_jpg.jpg?v=1758939302|https://cdn.shopify.com/s/files/1/0912/9351/6071/files/20221217_i1671242903_9228_7_jpg.jpg?v=1758939302|https://cdn.shopify.com/s/files/1/0912/9351/6071/files/20221217_i1671242903_9673_4_jpg.jpg?v=1758939302,Hi I want FENDI PEEKABOO 33 BAG IN BLACK CALFSKIN WITH STRAP GOLD HARDWARE,
FENDI PEEKABOO 33 BAG IN WHITE CALFSKIN WITH STRAP GOLD HARDWARE,https://cdn.shopify.com/s/files/1/0912/9351/6071/files/20221217_i1671242806_4926_0_jpg.jpg?v=1758939313,handbags,fendi,https://cdn.shopify.com/s/files/1/0912/9351/6071/files/20221217_i1671242806_4926_0_jpg.jpg?v=1758939313|https://cdn.shopify.com/s/files/1/0912/9351/6071/files/20221217_i1671242806_4803_1_jpg.jpg?v=1758939313|https://cdn.shopify.com/s/files/1/0912/9351/6071/files/20221217_i1671242806_2547_2_jpg.jpg?v=1758939313|https://cdn.shopify.com/s/files/1/0912/9351/6071/files/20221217_i1671242806_6827_3_jpg.jpg?v=1758939313|https://cdn.shopify.com/s/files/1/0912/9351/6071/files/20221217_i1671242806_671_6_jpg.jpg?v=1758939313|https://cdn.shopify.com/s/files/1/0912/9351/6071/files/20221217_i1671242806_1792_7_jpg.jpg?v=1758939313|https://cdn.shopify.com/s/files/1/0912/9351/6071/files/20221217_i1671242806_5048_8_jpg.jpg?v=1758939313|https://cdn.shopify.com/s/files/1/0912/9351/6071/files/20221217_i1671242806_5767_5_jpg.jpg?v=1758939313|https://cdn.shopify.com/s/files/1/0912/9351/6071/files/20221217_i1671242806_9579_4_jpg.jpg?v=1758939313,Hi I want FENDI PEEKABOO 33 BAG IN WHITE CALFSKIN WITH STRAP GOLD HARDWARE,
FENDI PEEKABOO 33 BAG IN KHAKI CALFSKIN WITH STRAP GOLD HARDWARE,https://cdn.shopify.com/s/files/1/0912/9351/6071/files/20221217_i1671242763_2235_0_jpg.jpg?v=1758939323,handbags,fendi,https://cdn.shopify.com/s/files/1/0912/9351/6071/files/20221217_i1671242763_2235_0_jpg.jpg?v=1758939323|https://cdn.shopify.com/s/files/1/0912/9351/6071/files/20221217_i1671242763_7478_1_jpg.jpg?v=1758939323|https://cdn.shopify.com/s/files/1/0912/9351/6071/files/20221217_i1671242763_2047_2_jpg.jpg?v=1758939323|https://cdn.shopify.com/s/files/1/0912/9351/6071/files/20221217_i1671242763_5843_8_jpg.jpg?v=1758939323|https://cdn.shopify.com/s/files/1/0912/9351/6071/files/20221217_i1671242763_8095_5_jpg.jpg?v=1758939323|https://cdn.shopify.com/s/files/1/0912/9351/6071/files/20221217_i1671242763_1281_7_jpg.jpg?v=1758939323|https://cdn.shopify.com/s/files/1/0912/9351/6071/files/20221217_i1671242763_8444_6_jpg.jpg?v=1758939323|https://cdn.shopify.com/s/files/1/0912/9351/6071/files/20221217_i1671242763_978_3_jpg.jpg?v=1758939323|https://cdn.shopify.com/s/files/1/0912/9351/6071/files/20221217_i1671242763_3022_4_jpg.jpg?v=1758939323,Hi I want FENDI PEEKABOO 33 BAG IN KHAKI CALFSKIN WITH STRAP GOLD HARDWARE,
FENDI FIRST SMALL 32 IN LIGHT BLUE NAPPA LEATHER BAG GOLD HARDWARE,https://cdn.shopify.com/s/files/1/0912/9351/6071/files/20220405_i1649142739_287_1_jpg.jpg?v=1758939345,handbags,fendi,https://cdn.shopify.com/s/files/1/0912/9351/6071/files/20220405_i1649142739_287_1_jpg.jpg?v=1758939345|https://cdn.shopify.com/s/files/1/0912/9351/6071/files/20220405_i1649142739_1621_0_jpg.jpg?v=1758939345|https://cdn.shopify.com/s/files/1/0912/9351/6071/files/20220405_i1649142739_9961_2_jpg.jpg?v=1758939345|https://cdn.shopify.com/s/files/1/0912/9351/6071/files/20220405_i1649142739_794_5_jpg.jpg?v=1758939345|https://cdn.shopify.com/s/files/1/0912/9351/6071/files/20220405_i1649142739_3787_3_jpg.jpg?v=1758939345|https://cdn.shopify.com/s/files/1/0912/9351/6071/files/20220405_i1649142739_8613_6_jpg.jpg?v=1758939345|https://cdn.shopify.com/s/files/1/0912/9351/6071/files/20220405_i1649142739_7479_8_jpg.jpg?v=1758939345|https://cdn.shopify.com/s/files/1/0912/9351/6071/files/20220405_i1649142739_1489_4_jpg.jpg?v=1758939345,Hi I want FENDI FIRST SMALL 32 IN LIGHT BLUE NAPPA LEATHER BAG GOLD HARDWARE,
MON TRESOR MINI 18 BAG IN BLACK MIX GREY FF FABRIC WITH GOLD HARDWARE,https://cdn.shopify.com/s/files/1/0912/9351/6071/files/20221023_i1666508262_4149_0_jpg.jpg?v=1758939390,handbags,fendi,https://cdn.shopify.com/s/files/1/0912/9351/6071/files/20221023_i1666508262_4149_0_jpg.jpg?v=1758939390|https://cdn.shopify.com/s/files/1/0912/9351/6071/files/20221023_i1666508262_6093_1_jpg.jpg?v=1758939390|https://cdn.shopify.com/s/files/1/0912/9351/6071/files/20221023_i1666508262_2295_2_jpg.jpg?v=1758939390|https://cdn.shopify.com/s/files/1/0912/9351/6071/files/20221023_i1666508262_2206_5_jpg.jpg?v=1758939390|https://cdn.shopify.com/s/files/1/0912/9351/6071/files/20221023_i1666508262_9733_7_jpg.jpg?v=1758939390|https://cdn.shopify.com/s/files/1/0912/9351/6071/files/20221023_i1666508262_6836_4_jpg.jpg?v=1758939390|https://cdn.shopify.com/s/files/1/0912/9351/6071/files/20221023_i1666508262_6848_8_jpg.jpg?v=1758939390|https://cdn.shopify.com/s/files/1/0912/9351/6071/files/20221023_i1666508262_7746_3_jpg.jpg?v=1758939390,Hi I want MON TRESOR MINI 18 BAG IN BLACK MIX GREY FF FABRIC WITH GOLD HARDWARE,
FENDI ORIGAMI LARGE 33 BROWN MIX BLACK FF JACQUARD FABRIC BAG,https://cdn.shopify.com/s/files/1/0912/9351/6071/files/20231005_i1696489387_5532_1_jpg.jpg?v=1758939401,handbags,fendi,https://cdn.shopify.com/s/files/1/0912/9351/6071/files/20231005_i1696489387_5532_1_jpg.jpg?v=1758939401|https://cdn.shopify.com/s/files/1/0912/9351/6071/files/20231005_i1696489387_7419_0_jpg.jpg?v=1758939401|https://cdn.shopify.com/s/files/1/0912/9351/6071/files/20231005_i1696489387_8666_2_jpg.jpg?v=1758939401|https://cdn.shopify.com/s/files/1/0912/9351/6071/files/20231005_i1696489387_5667_3_jpg.jpg?v=1758939401|https://cdn.shopify.com/s/files/1/0912/9351/6071/files/20231005_i1696489387_7205_6_jpg.jpg?v=1758939401|https://cdn.shopify.com/s/files/1/0912/9351/6071/files/20231005_i1696489387_2657_5_jpg.jpg?v=1758939401|https://cdn.shopify.com/s/files/1/0912/9351/6071/files/20231005_i1696489387_787_8_jpg.jpg?v=1758939401|https://cdn.shopify.com/s/files/1/0912/9351/6071/files/20231005_i1696489387_5161_7_jpg.jpg?v=1758939401|https://cdn.shopify.com/s/files/1/0912/9351/6071/files/20231005_i1696489387_1476_4_jpg.jpg?v=1758939401,Hi I want FENDI ORIGAMI LARGE 33 BROWN MIX BLACK FF JACQUARD FABRIC BAG,
FENDI ORIGAMI MEDIUM 27 BROWN MIX BLACK FF JACQUARD FABRIC BAG,https://cdn.shopify.com/s/files/1/0912/9351/6071/files/20230902_i1693651012_6154_1_jpg.jpg?v=1758939413,handbags,fendi,https://cdn.shopify.com/s/files/1/0912/9351/6071/files/20230902_i1693651012_6154_1_jpg.jpg?v=1758939413|https://cdn.shopify.com/s/files/1/0912/9351/6071/files/20230902_i1693651012_186_0_jpg.jpg?v=1758939413|https://cdn.shopify.com/s/files/1/0912/9351/6071/files/20230902_i1693651012_7911_2_jpg.jpg?v=1758939413|https://cdn.shopify.com/s/files/1/0912/9351/6071/files/20230902_i1693651012_7295_4_jpg.jpg?v=1758939413|https://cdn.shopify.com/s/files/1/0912/9351/6071/files/20230902_i1693651012_7996_7_jpg.jpg?v=1758939413|https://cdn.shopify.com/s/files/1/0912/9351/6071/files/20230902_i1693651012_4881_6_jpg.jpg?v=1758939413|https://cdn.shopify.com/s/files/1/0912/9351/6071/files/20230902_i1693651012_5113_5_jpg.jpg?v=1758939413|https://cdn.shopify.com/s/files/1/0912/9351/6071/files/20230902_i1693651012_1951_8_jpg.jpg?v=1758939413|https://cdn.shopify.com/s/files/1/0912/9351/6071/files/20230902_i1693651012_9624_3_jpg.jpg?v=1758939413,Hi I want FENDI ORIGAMI MEDIUM 27 BROWN MIX BLACK FF JACQUARD FABRIC BAG,
FENDI ORIGAMI MINI 19 BROWN MIX BLACK FF JACQUARD FABRIC BAG,https://cdn.shopify.com/s/files/1/0912/9351/6071/files/20230902_i1693652162_8452_2_jpg.jpg?v=1758939424,handbags,fendi,https://cdn.shopify.com/s/files/1/0912/9351/6071/files/20230902_i1693652162_8452_2_jpg.jpg?v=1758939424|https://cdn.shopify.com/s/files/1/0912/9351/6071/files/20230902_i1693652162_145_0_jpg.jpg?v=1758939424|https://cdn.shopify.com/s/files/1/0912/9351/6071/files/20230902_i1693652162_9671_1_jpg.jpg?v=1758939424|https://cdn.shopify.com/s/files/1/0912/9351/6071/files/20230902_i1693652162_9613_3_jpg.jpg?v=1758939424|https://cdn.shopify.com/s/files/1/0912/9351/6071/files/20230902_i1693652162_8598_6_jpg.jpg?v=1758939424|https://cdn.shopify.com/s/files/1/0912/9351/6071/files/20230902_i1693652162_3370_7_jpg.jpg?v=1758939424|https://cdn.shopify.com/s/files/1/0912/9351/6071/files/20230902_i1693652162_2183_5_jpg.jpg?v=1758939424|https://cdn.shopify.com/s/files/1/0912/9351/6071/files/20230902_i1693652162_413_8_jpg.jpg?v=1758939424|https://cdn.shopify.com/s/files/1/0912/9351/6071/files/20230902_i1693652162_8417_4_jpg.jpg?v=1758939424,Hi I want FENDI ORIGAMI MINI 19 BROWN MIX BLACK FF JACQUARD FABRIC BAG,
BAGUETTE MINI 19 DARK PINK NAPPA LEATHER BAG WITH FF MOTIF,https://cdn.shopify.com/s/files/1/0912/9351/6071/files/20220217_i1645064815_2714_0_jpg.jpg?v=1758939435,handbags,fendi,https://cdn.shopify.com/s/files/1/0912/9351/6071/files/20220217_i1645064815_2714_0_jpg.jpg?v=1758939435|https://cdn.shopify.com/s/files/1/0912/9351/6071/files/20220217_i1645064815_8534_2_jpg.jpg?v=1758939435|https://cdn.shopify.com/s/files/1/0912/9351/6071/files/20220217_i1645064815_7866_6_jpg.jpg?v=1758939435|https://cdn.shopify.com/s/files/1/0912/9351/6071/files/20220217_i1645064815_8362_1_jpg.jpg?v=1758939435|https://cdn.shopify.com/s/files/1/0912/9351/6071/files/20220217_i1645064815_8038_5_jpg.jpg?v=1758939435|https://cdn.shopify.com/s/files/1/0912/9351/6071/files/20220217_i1645064815_6170_3_jpg.jpg?v=1758939435|https://cdn.shopify.com/s/files/1/0912/9351/6071/files/20220217_i1645064815_3974_8_jpg.jpg?v=1758939435|https://cdn.shopify.com/s/files/1/0912/9351/6071/files/20220217_i1645064815_76_7_jpg.jpg?v=1758939435|https://cdn.shopify.com/s/files/1/0912/9351/6071/files/20220217_i1645064815_8012_4_jpg.jpg?v=1758939435,Hi I want BAGUETTE MINI 19 DARK PINK NAPPA LEATHER BAG WITH FF MOTIF,
FENDI PEEKABOO 27 IN CAMEL BROWN CALFSKIN WITH GOLD HARDWARE,https://cdn.shopify.com/s/files/1/0912/9351/6071/files/20221205_i1670231698_739_0_jpg.jpg?v=1758939447,handbags,fendi,https://cdn.shopify.com/s/files/1/0912/9351/6071/files/20221205_i1670231698_739_0_jpg.jpg?v=1758939447|https://cdn.shopify.com/s/files/1/0912/9351/6071/files/20221205_i1670231698_1203_1_jpg.jpg?v=1758939447|https://cdn.shopify.com/s/files/1/0912/9351/6071/files/20221205_i1670231698_341_3_jpg.jpg?v=1758939447|https://cdn.shopify.com/s/files/1/0912/9351/6071/files/20221205_i1670231698_8749_5_jpg.jpg?v=1758939447|https://cdn.shopify.com/s/files/1/0912/9351/6071/files/20221205_i1670231698_3641_4_jpg.jpg?v=1758939447|https://cdn.shopify.com/s/files/1/0912/9351/6071/files/20221205_i1670231698_1593_6_jpg.jpg?v=1758939447|https://cdn.shopify.com/s/files/1/0912/9351/6071/files/20221205_i1670231698_8338_8_jpg.jpg?v=1758939447|https://cdn.shopify.com/s/files/1/0912/9351/6071/files/20221205_i1670231698_4467_7_jpg.jpg?v=1758939447|https://cdn.shopify.com/s/files/1/0912/9351/6071/files/20221205_i1670231698_9614_2_jpg.jpg?v=1758939447,Hi I want FENDI PEEKABOO 27 IN CAMEL BROWN CALFSKIN WITH GOLD HARDWARE,
FENDI PEEKABOO 27 IN BLACK CALFSKIN WITH GOLD HARDWARE,https://cdn.shopify.com/s/files/1/0912/9351/6071/files/20220825_i1661403970_2698_0_jpg.jpg?v=1758939458,handbags,fendi,https://cdn.shopify.com/s/files/1/0912/9351/6071/files/20220825_i1661403970_2698_0_jpg.jpg?v=1758939458|https://cdn.shopify.com/s/files/1/0912/9351/6071/files/20220825_i1661403970_2899_1_jpg.jpg?v=1758939458|https://cdn.shopify.com/s/files/1/0912/9351/6071/files/20220825_i1661403970_8210_6_jpg.jpg?v=1758939458|https://cdn.shopify.com/s/files/1/0912/9351/6071/files/20220825_i1661403970_3693_3_jpg.jpg?v=1758939458|https://cdn.shopify.com/s/files/1/0912/9351/6071/files/20220825_i1661403970_4498_4_jpg.jpg?v=1758939458|https://cdn.shopify.com/s/files/1/0912/9351/6071/files/20220825_i1661403970_4814_5_jpg.jpg?v=1758939458|https://cdn.shopify.com/s/files/1/0912/9351/6071/files/20220825_i1661403970_7501_7_jpg.jpg?v=1758939458|https://cdn.shopify.com/s/files/1/0912/9351/6071/files/20220825_i1661403970_434_8_jpg.jpg?v=1758939458|https://cdn.shopify.com/s/files/1/0912/9351/6071/files/20220825_i1661403970_735_2_jpg.jpg?v=1758939458,Hi I want FENDI PEEKABOO 27 IN BLACK CALFSKIN WITH GOLD HARDWARE,
BAGUETTE CHAIN MIDI 21 IN BROWN MIX BLACK MONOGRAM JACQUARD FABRIC BAG,https://cdn.shopify.com/s/files/1/0912/9351/6071/files/20240331_i1711870013_5483_0_jpg.jpg?v=1758939482,handbags,fendi,https://cdn.shopify.com/s/files/1/0912/9351/6071/files/20240331_i1711870013_5483_0_jpg.jpg?v=1758939482|https://cdn.shopify.com/s/files/1/0912/9351/6071/files/20240331_i1711870013_8003_1_jpg.jpg?v=1758939482|https://cdn.shopify.com/s/files/1/0912/9351/6071/files/20240331_i1711870013_488_2_jpg.jpg?v=1758939482|https://cdn.shopify.com/s/files/1/0912/9351/6071/files/20240331_i1711870013_416_6_jpg.jpg?v=1758939482|https://cdn.shopify.com/s/files/1/0912/9351/6071/files/20240331_i1711870013_1319_5_jpg.jpg?v=1758939483|https://cdn.shopify.com/s/files/1/0912/9351/6071/files/20240331_i1711870013_2399_8_jpg.jpg?v=1758939483|https://cdn.shopify.com/s/files/1/0912/9351/6071/files/20240331_i1711870013_1640_7_jpg.jpg?v=1758939483|https://cdn.shopify.com/s/files/1/0912/9351/6071/files/20240331_i1711870013_2068_3_jpg.jpg?v=1758939483|https://cdn.shopify.com/s/files/1/0912/9351/6071/files/20240331_i1711870013_1084_4_jpg.jpg?v=1758939483,Hi I want BAGUETTE CHAIN MIDI 21 IN BROWN MIX BLACK MONOGRAM JACQUARD FABRIC BAG,
FENDI 26 FIRST SMALL IN TAN BROWN MIX WHITE CALFSKIN SILVER HARDWARE,https://cdn.shopify.com/s/files/1/0912/9351/6071/files/20230808_i1691492316_5413_0_jpg.jpg?v=1758939497,handbags,fendi,https://cdn.shopify.com/s/files/1/0912/9351/6071/files/20230808_i1691492316_5413_0_jpg.jpg?v=1758939497|https://cdn.shopify.com/s/files/1/0912/9351/6071/files/20230808_i1691492316_1286_1_jpg.jpg?v=1758939497|https://cdn.shopify.com/s/files/1/0912/9351/6071/files/20230808_i1691492316_119_2_jpg.jpg?v=1758939497|https://cdn.shopify.com/s/files/1/0912/9351/6071/files/20230808_i1691492316_3024_8_jpg.jpg?v=1758939497|https://cdn.shopify.com/s/files/1/0912/9351/6071/files/20230808_i1691492316_1988_5_jpg.jpg?v=1758939497|https://cdn.shopify.com/s/files/1/0912/9351/6071/files/20230808_i1691492316_7277_4_jpg.jpg?v=1758939497|https://cdn.shopify.com/s/files/1/0912/9351/6071/files/20230808_i1691492316_7458_6_jpg.jpg?v=1758939497|https://cdn.shopify.com/s/files/1/0912/9351/6071/files/20230808_i1691492316_7296_7_jpg.jpg?v=1758939497|https://cdn.shopify.com/s/files/1/0912/9351/6071/files/20230808_i1691492316_2746_3_jpg.jpg?v=1758939497,Hi I want FENDI 26 FIRST SMALL IN TAN BROWN MIX WHITE CALFSKIN SILVER HARDWARE,
FENDI 26 FIRST SMALL IN MIDNIGHT BLUE MIX WHITE CALFSKIN SILVER HARDWARE,https://cdn.shopify.com/s/files/1/0912/9351/6071/files/20230702_i1688271533_5173_1_jpg.jpg?v=1758939508,handbags,fendi,https://cdn.shopify.com/s/files/1/0912/9351/6071/files/20230702_i1688271533_5173_1_jpg.jpg?v=1758939508|https://cdn.shopify.com/s/files/1/0912/9351/6071/files/20230702_i1688271533_7555_0_jpg.jpg?v=1758939508|https://cdn.shopify.com/s/files/1/0912/9351/6071/files/20230702_i1688271565_7609_0_jpg.jpg?v=1758939508|https://cdn.shopify.com/s/files/1/0912/9351/6071/files/20230702_i1688271533_678_6_jpg.jpg?v=1758939508|https://cdn.shopify.com/s/files/1/0912/9351/6071/files/20230702_i1688271533_7232_4_jpg.jpg?v=1758939508|https://cdn.shopify.com/s/files/1/0912/9351/6071/files/20230702_i1688271533_7247_5_jpg.jpg?v=1758939508|https://cdn.shopify.com/s/files/1/0912/9351/6071/files/20230702_i1688271533_9990_2_jpg.jpg?v=1758939508|https://cdn.shopify.com/s/files/1/0912/9351/6071/files/20230702_i1688271533_412_3_jpg.jpg?v=1758939508|https://cdn.shopify.com/s/files/1/0912/9351/6071/files/20230702_i1688271533_4268_7_jpg.jpg?v=1758939508,Hi I want FENDI 26 FIRST SMALL IN MIDNIGHT BLUE MIX WHITE CALFSKIN SILVER HARDWARE,
FENDI ORIGAMI MINI 19 IN TRUE BLUE MONOGRAM DENIM WITH CALFSKIN STRAP,https://cdn.shopify.com/s/files/1/0912/9351/6071/files/20240528_i1716880810_394_1_jpg.jpg?v=1758939540,handbags,fendi,https://cdn.shopify.com/s/files/1/0912/9351/6071/files/20240528_i1716880810_394_1_jpg.jpg?v=1758939540|https://cdn.shopify.com/s/files/1/0912/9351/6071/files/20240528_i1716880810_1776_2_jpg.jpg?v=1758939540|https://cdn.shopify.com/s/files/1/0912/9351/6071/files/20240528_i1716880810_3023_3_jpg.jpg?v=1758939540|https://cdn.shopify.com/s/files/1/0912/9351/6071/files/20240528_i1716880810_7904_0_jpg.jpg?v=1758939540|https://cdn.shopify.com/s/files/1/0912/9351/6071/files/20240528_i1716880810_6332_4_jpg.jpg?v=1758939540|https://cdn.shopify.com/s/files/1/0912/9351/6071/files/20240528_i1716880810_4516_8_jpg.jpg?v=1758939540|https://cdn.shopify.com/s/files/1/0912/9351/6071/files/20240528_i1716880810_9937_5_jpg.jpg?v=1758939540|https://cdn.shopify.com/s/files/1/0912/9351/6071/files/20240528_i1716880810_9198_7_jpg.jpg?v=1758939540|https://cdn.shopify.com/s/files/1/0912/9351/6071/files/20240528_i1716880810_7500_6_jpg.jpg?v=1758939540,Hi I want FENDI ORIGAMI MINI 19 IN TRUE BLUE MONOGRAM DENIM WITH CALFSKIN STRAP,
FENDI ROLL 22 TOTE BAG IN MIDNIGHT BLUE MIX WHITE CANVAS,https://cdn.shopify.com/s/files/1/0912/9351/6071/files/img_fe2b4e3c_20240707_i1720343011_554_4_jpg.jpg?v=1758939592,handbags,fendi,https://cdn.shopify.com/s/files/1/0912/9351/6071/files/img_fe2b4e3c_20240707_i1720343011_554_4_jpg.jpg?v=1758939592|https://cdn.shopify.com/s/files/1/0912/9351/6071/files/img_fe2b4e3c_20240707_i1720343011_9815_6_jpg.jpg?v=1758939592|https://cdn.shopify.com/s/files/1/0912/9351/6071/files/img_fe2b4e3c_20240707_i1720343011_3514_8_jpg.jpg?v=1758939592|https://cdn.shopify.com/s/files/1/0912/9351/6071/files/img_fe2b4e3c_20240707_i1720343011_8209_5_jpg.jpg?v=1758939592|https://cdn.shopify.com/s/files/1/0912/9351/6071/files/img_fe2b4e3c_20240707_i1720343011_5918_1_jpg.jpg?v=1758939592|https://cdn.shopify.com/s/files/1/0912/9351/6071/files/img_fe2b4e3c_20240707_i1720343011_4266_0_jpg.jpg?v=1758939592|https://cdn.shopify.com/s/files/1/0912/9351/6071/files/img_fe2b4e3c_20240707_i1720343011_3200_7_jpg.jpg?v=1758939592|https://cdn.shopify.com/s/files/1/0912/9351/6071/files/img_fe2b4e3c_20240707_i1720343011_5823_2_jpg.jpg?v=1758939592|https://cdn.shopify.com/s/files/1/0912/9351/6071/files/img_fe2b4e3c_20240707_i1720343011_2145_3_jpg.jpg?v=1758939592,Hi I want FENDI ROLL 22 TOTE BAG IN MIDNIGHT BLUE MIX WHITE CANVAS,
FENDI STRIKE LARGE 46 FF MOCHA BROWN JACQUARD FABRIC BACKPACK,https://cdn.shopify.com/s/files/1/0912/9351/6071/files/20220905_i1662368884_9119_0_jpg.jpg?v=1758939611,handbags,fendi,https://cdn.shopify.com/s/files/1/0912/9351/6071/files/20220905_i1662368884_9119_0_jpg.jpg?v=1758939611|https://cdn.shopify.com/s/files/1/0912/9351/6071/files/20220905_i1662368884_9630_2_jpg.jpg?v=1758939611|https://cdn.shopify.com/s/files/1/0912/9351/6071/files/20220905_i1662368884_2758_1_jpg.jpg?v=1758939611|https://cdn.shopify.com/s/files/1/0912/9351/6071/files/20220905_i1662368884_3780_3_jpg.jpg?v=1758939611|https://cdn.shopify.com/s/files/1/0912/9351/6071/files/20220905_i1662368884_6525_5_jpg.jpg?v=1758939611|https://cdn.shopify.com/s/files/1/0912/9351/6071/files/20220905_i1662368884_5894_4_jpg.jpg?v=1758939611|https://cdn.shopify.com/s/files/1/0912/9351/6071/files/20220905_i1662368884_5254_6_jpg.jpg?v=1758939611|https://cdn.shopify.com/s/files/1/0912/9351/6071/files/20220905_i1662368884_4419_7_jpg.jpg?v=1758939611|https://cdn.shopify.com/s/files/1/0912/9351/6071/files/20220905_i1662368884_828_8_jpg.jpg?v=1758939611,Hi I want FENDI STRIKE LARGE 46 FF MOCHA BROWN JACQUARD FABRIC BACKPACK,
FENDI STRIKE LARGE 46 FF MIDNIGHT BLUE JACQUARD FABRIC BACKPACK,https://cdn.shopify.com/s/files/1/0912/9351/6071/files/20230601_i1685614998_2822_0_jpg.jpg?v=1758939623,handbags,fendi,https://cdn.shopify.com/s/files/1/0912/9351/6071/files/20230601_i1685614998_2822_0_jpg.jpg?v=1758939623|https://cdn.shopify.com/s/files/1/0912/9351/6071/files/20230601_i1685614998_9054_2_jpg.jpg?v=1758939623|https://cdn.shopify.com/s/files/1/0912/9351/6071/files/20230601_i1685614998_8082_1_jpg.jpg?v=1758939623|https://cdn.shopify.com/s/files/1/0912/9351/6071/files/20230601_i1685614998_79_3_jpg.jpg?v=1758939623|https://cdn.shopify.com/s/files/1/0912/9351/6071/files/20230601_i1685614998_4028_5_jpg.jpg?v=1758939623|https://cdn.shopify.com/s/files/1/0912/9351/6071/files/20230601_i1685614998_9888_7_jpg.jpg?v=1758939623|https://cdn.shopify.com/s/files/1/0912/9351/6071/files/20230601_i1685614998_9759_6_jpg.jpg?v=1758939623|https://cdn.shopify.com/s/files/1/0912/9351/6071/files/20230601_i1685614998_3474_4_jpg.jpg?v=1758939623|https://cdn.shopify.com/s/files/1/0912/9351/6071/files/20230601_i1685614998_8810_8_jpg.jpg?v=1758939623,Hi I want FENDI STRIKE LARGE 46 FF MIDNIGHT BLUE JACQUARD FABRIC BACKPACK,
FENDI STRIKE LARGE 46 FF BLACK JACQUARD FABRIC BACKPACK,https://cdn.shopify.com/s/files/1/0912/9351/6071/files/20220909_i1662699881_1667_0_jpg.jpg?v=1758939635,handbags,fendi,https://cdn.shopify.com/s/files/1/0912/9351/6071/files/20220909_i1662699881_1667_0_jpg.jpg?v=1758939635|https://cdn.shopify.com/s/files/1/0912/9351/6071/files/20220909_i1662699881_2131_1_jpg.jpg?v=1758939635|https://cdn.shopify.com/s/files/1/0912/9351/6071/files/20220909_i1662699881_1480_2_jpg.jpg?v=1758939635|https://cdn.shopify.com/s/files/1/0912/9351/6071/files/20220909_i1662699881_6257_4_jpg.jpg?v=1758939635|https://cdn.shopify.com/s/files/1/0912/9351/6071/files/20220909_i1662699881_7500_6_jpg.jpg?v=1758939635|https://cdn.shopify.com/s/files/1/0912/9351/6071/files/20220909_i1662699881_8871_5_jpg.jpg?v=1758939635|https://cdn.shopify.com/s/files/1/0912/9351/6071/files/20220909_i1662699881_9713_3_jpg.jpg?v=1758939635|https://cdn.shopify.com/s/files/1/0912/9351/6071/files/20220909_i1662699881_365_7_jpg.jpg?v=1758939635|https://cdn.shopify.com/s/files/1/0912/9351/6071/files/20220909_i1662699881_6477_8_jpg.jpg?v=1758939635,Hi I want FENDI STRIKE LARGE 46 FF BLACK JACQUARD FABRIC BACKPACK,
FENDI STRIKE 41 MEDIUM FF BLACK JACQUARD FABRIC BACKPACK,https://cdn.shopify.com/s/files/1/0912/9351/6071/files/20230417_i1681725860_6038_0_jpg.jpg?v=1758939647,handbags,fendi,https://cdn.shopify.com/s/files/1/0912/9351/6071/files/20230417_i1681725860_6038_0_jpg.jpg?v=1758939647|https://cdn.shopify.com/s/files/1/0912/9351/6071/files/20230417_i1681725860_226_2_jpg.jpg?v=1758939647|https://cdn.shopify.com/s/files/1/0912/9351/6071/files/20230417_i1681725860_1400_1_jpg.jpg?v=1758939647|https://cdn.shopify.com/s/files/1/0912/9351/6071/files/20230417_i1681725860_7367_4_jpg.jpg?v=1758939647|https://cdn.shopify.com/s/files/1/0912/9351/6071/files/20230417_i1681725860_120_6_jpg.jpg?v=1758939647|https://cdn.shopify.com/s/files/1/0912/9351/6071/files/20230417_i1681725860_1803_7_jpg.jpg?v=1758939647|https://cdn.shopify.com/s/files/1/0912/9351/6071/files/20230417_i1681725860_5125_8_jpg.jpg?v=1758939647|https://cdn.shopify.com/s/files/1/0912/9351/6071/files/20230417_i1681725860_5531_3_jpg.jpg?v=1758939647|https://cdn.shopify.com/s/files/1/0912/9351/6071/files/20230417_i1681725860_4391_5_jpg.jpg?v=1758939647,Hi I want FENDI STRIKE 41 MEDIUM FF BLACK JACQUARD FABRIC BACKPACK,
FENDI STRIKE 41 MEDIUM FF MOCHA BROWN JACQUARD FABRIC BACKPACK,https://cdn.shopify.com/s/files/1/0912/9351/6071/files/20230414_i1681466678_3655_0_jpg.jpg?v=1758939658,handbags,fendi,https://cdn.shopify.com/s/files/1/0912/9351/6071/files/20230414_i1681466678_3655_0_jpg.jpg?v=1758939658|https://cdn.shopify.com/s/files/1/0912/9351/6071/files/20230414_i1681466678_1209_2_jpg.jpg?v=1758939658|https://cdn.shopify.com/s/files/1/0912/9351/6071/files/20230414_i1681466678_8144_4_jpg.jpg?v=1758939658|https://cdn.shopify.com/s/files/1/0912/9351/6071/files/20230414_i1681466678_9872_5_jpg.jpg?v=1758939658|https://cdn.shopify.com/s/files/1/0912/9351/6071/files/20230414_i1681466678_8293_6_jpg.jpg?v=1758939658|https://cdn.shopify.com/s/files/1/0912/9351/6071/files/20230414_i1681466678_2650_1_jpg.jpg?v=1758939658|https://cdn.shopify.com/s/files/1/0912/9351/6071/files/20230414_i1681466678_9964_3_jpg.jpg?v=1758939658|https://cdn.shopify.com/s/files/1/0912/9351/6071/files/20230414_i1681466678_8309_8_jpg.jpg?v=1758939658|https://cdn.shopify.com/s/files/1/0912/9351/6071/files/20230414_i1681466678_5143_7_jpg.jpg?v=1758939658,Hi I want FENDI STRIKE 41 MEDIUM FF MOCHA BROWN JACQUARD FABRIC BACKPACK,
FENDI STRIKE 41 MEDIUM FF MIDNIGHT BLUE JACQUARD FABRIC BACKPACK,https://cdn.shopify.com/s/files/1/0912/9351/6071/files/20230601_i1685616011_1136_0_jpg.jpg?v=1758939670,handbags,fendi,https://cdn.shopify.com/s/files/1/0912/9351/6071/files/20230601_i1685616011_1136_0_jpg.jpg?v=1758939670|https://cdn.shopify.com/s/files/1/0912/9351/6071/files/20230601_i1685616011_5664_2_jpg.jpg?v=1758939670|https://cdn.shopify.com/s/files/1/0912/9351/6071/files/20230601_i1685616011_1169_1_jpg.jpg?v=1758939670|https://cdn.shopify.com/s/files/1/0912/9351/6071/files/20230601_i1685616011_9799_7_jpg.jpg?v=1758939670|https://cdn.shopify.com/s/files/1/0912/9351/6071/files/20230601_i1685616011_5573_5_jpg.jpg?v=1758939670|https://cdn.shopify.com/s/files/1/0912/9351/6071/files/20230601_i1685616011_5565_6_jpg.jpg?v=1758939670|https://cdn.shopify.com/s/files/1/0912/9351/6071/files/20230601_i1685616011_5742_4_jpg.jpg?v=1758939670|https://cdn.shopify.com/s/files/1/0912/9351/6071/files/20230601_i1685616011_9198_8_jpg.jpg?v=1758939670|https://cdn.shopify.com/s/files/1/0912/9351/6071/files/20230601_i1685616011_4371_3_jpg.jpg?v=1758939670,Hi I want FENDI STRIKE 41 MEDIUM FF MIDNIGHT BLUE JACQUARD FABRIC BACKPACK,
MINI ROLL BAG 15 PEANUT BROWN MIX WHITE FF JACQUARD FABRIC,https://cdn.shopify.com/s/files/1/0912/9351/6071/files/20240626_i1719397377_7105_0_jpg.jpg?v=1758939703,handbags,fendi,https://cdn.shopify.com/s/files/1/0912/9351/6071/files/20240626_i1719397377_7105_0_jpg.jpg?v=1758939703|https://cdn.shopify.com/s/files/1/0912/9351/6071/files/20240626_i1719397377_5329_1_jpg.jpg?v=1758939703|https://cdn.shopify.com/s/files/1/0912/9351/6071/files/20240626_i1719397377_7097_2_jpg.jpg?v=1758939703|https://cdn.shopify.com/s/files/1/0912/9351/6071/files/20240626_i1719397377_646_3_jpg.jpg?v=1758939703|https://cdn.shopify.com/s/files/1/0912/9351/6071/files/20240626_i1719397377_9867_4_jpg.jpg?v=1758939703|https://cdn.shopify.com/s/files/1/0912/9351/6071/files/20240626_i1719397377_6687_5_jpg.jpg?v=1758939703|https://cdn.shopify.com/s/files/1/0912/9351/6071/files/20240626_i1719397377_5484_6_jpg.jpg?v=1758939703|https://cdn.shopify.com/s/files/1/0912/9351/6071/files/20240626_i1719397377_5111_8_jpg.jpg?v=1758939703|https://cdn.shopify.com/s/files/1/0912/9351/6071/files/20240626_i1719397377_5061_7_jpg.jpg?v=1758939703,Hi I want MINI ROLL BAG 15 PEANUT BROWN MIX WHITE FF JACQUARD FABRIC,
MINI ROLL BAG 15 MIDNIGHT BLUE MIX WHITE FF JACQUARD FABRIC,https://cdn.shopify.com/s/files/1/0912/9351/6071/files/20240703_i1720001671_8427_1_jpg.jpg?v=1758939715,handbags,fendi,https://cdn.shopify.com/s/files/1/0912/9351/6071/files/20240703_i1720001671_8427_1_jpg.jpg?v=1758939715|https://cdn.shopify.com/s/files/1/0912/9351/6071/files/20240703_i1720001671_6574_6_jpg.jpg?v=1758939715|https://cdn.shopify.com/s/files/1/0912/9351/6071/files/20240703_i1720001671_4919_0_jpg.jpg?v=1758939715|https://cdn.shopify.com/s/files/1/0912/9351/6071/files/20240703_i1720001671_4404_5_jpg.jpg?v=1758939715|https://cdn.shopify.com/s/files/1/0912/9351/6071/files/20240703_i1720001671_4111_4_jpg.jpg?v=1758939715|https://cdn.shopify.com/s/files/1/0912/9351/6071/files/20240703_i1720001671_2998_3_jpg.jpg?v=1758939715|https://cdn.shopify.com/s/files/1/0912/9351/6071/files/20240703_i1720001671_1888_7_jpg.jpg?v=1758939715|https://cdn.shopify.com/s/files/1/0912/9351/6071/files/20240703_i1720001671_528_2_jpg.jpg?v=1758939715|https://cdn.shopify.com/s/files/1/0912/9351/6071/files/20240703_i1720001671_424_8_jpg.jpg?v=1758939715,Hi I want MINI ROLL BAG 15 MIDNIGHT BLUE MIX WHITE FF JACQUARD FABRIC,
BAGUETTE CANVAS 27 BAG WHITE STRAP WITH MULTICOLOUR EMBROIDERY GOLD HARDWARE,https://cdn.shopify.com/s/files/1/0912/9351/6071/files/20230413_i1681380354_6980_0_jpg_5de5bd50-a26c-410f-957b-b8611cec765c.jpg?v=1779877522,handbags,fendi,https://cdn.shopify.com/s/files/1/0912/9351/6071/files/20230413_i1681380354_6980_0_jpg_5de5bd50-a26c-410f-957b-b8611cec765c.jpg?v=1779877522|https://cdn.shopify.com/s/files/1/0912/9351/6071/files/20230413_i1681380354_8228_2_jpg_a943e36f-aa83-4dc7-9ffd-3d57e1ad1158.jpg?v=1779877522|https://cdn.shopify.com/s/files/1/0912/9351/6071/files/20230413_i1681380354_502_1_jpg.jpg?v=1779877523|https://cdn.shopify.com/s/files/1/0912/9351/6071/files/20230413_i1681380354_6084_3_jpg_aaae11e0-6050-4334-8a20-88154b3a9220.jpg?v=1779877522|https://cdn.shopify.com/s/files/1/0912/9351/6071/files/20230413_i1681380354_4885_4_jpg.jpg?v=1779877523|https://cdn.shopify.com/s/files/1/0912/9351/6071/files/20230413_i1681380354_2796_7_jpg.jpg?v=1779877523|https://cdn.shopify.com/s/files/1/0912/9351/6071/files/20230413_i1681380354_2455_6_jpg_3aca0222-b281-4f27-a487-436be10b4b24.jpg?v=1779877523|https://cdn.shopify.com/s/files/1/0912/9351/6071/files/20230413_i1681380354_1100_8_jpg.jpg?v=1779877522|https://cdn.shopify.com/s/files/1/0912/9351/6071/files/20230413_i1681380354_958_5_jpg_66028e05-1703-4c14-8a33-707e568134d4.jpg?v=1779877522,Hi I want BAGUETTE CANVAS 27 BAG WHITE STRAP WITH MULTICOLOUR EMBROIDERY GOLD HARDWARE,
BAGUETTE CANVAS 27 BAG WITH MULTICOLOUR EMBROIDERY GOLD HARDWARE,https://cdn.shopify.com/s/files/1/0912/9351/6071/files/img_b04fa415_20240425_i1714034044_382_0_jpg.jpg?v=1758939761,handbags,fendi,https://cdn.shopify.com/s/files/1/0912/9351/6071/files/img_b04fa415_20240425_i1714034044_382_0_jpg.jpg?v=1758939761|https://cdn.shopify.com/s/files/1/0912/9351/6071/files/img_b04fa415_20240425_i1714034044_3265_2_jpg.jpg?v=1758939762|https://cdn.shopify.com/s/files/1/0912/9351/6071/files/img_b04fa415_20240425_i1714034044_3605_1_jpg.jpg?v=1758939762|https://cdn.shopify.com/s/files/1/0912/9351/6071/files/img_b04fa415_20240425_i1714034044_7220_6_jpg.jpg?v=1758939762|https://cdn.shopify.com/s/files/1/0912/9351/6071/files/img_b04fa415_20240425_i1714034044_7853_7_jpg.jpg?v=1758939762|https://cdn.shopify.com/s/files/1/0912/9351/6071/files/img_b04fa415_20240425_i1714034044_1146_8_jpg.jpg?v=1758939762|https://cdn.shopify.com/s/files/1/0912/9351/6071/files/img_b04fa415_20240425_i1714034044_4669_5_jpg.jpg?v=1758939762|https://cdn.shopify.com/s/files/1/0912/9351/6071/files/img_b04fa415_20240425_i1714034044_2456_4_jpg.jpg?v=1758939762|https://cdn.shopify.com/s/files/1/0912/9351/6071/files/img_b04fa415_20240425_i1714034044_572_3_jpg.jpg?v=1758939762,Hi I want BAGUETTE CANVAS 27 BAG WITH MULTICOLOUR EMBROIDERY GOLD HARDWARE,
FENDI BAGUETTE 27 BAG IN SAND BEIGE CALFSKIN WITH GOLD HARDWARE,https://cdn.shopify.com/s/files/1/0912/9351/6071/files/img_fe2b4e3c_20240113_i1705135922_2178_1_jpg.jpg?v=1758939822,handbags,fendi,https://cdn.shopify.com/s/files/1/0912/9351/6071/files/img_fe2b4e3c_20240113_i1705135922_2178_1_jpg.jpg?v=1758939822|https://cdn.shopify.com/s/files/1/0912/9351/6071/files/img_fe2b4e3c_20240113_i1705135922_9619_5_jpg.jpg?v=1758939822|https://cdn.shopify.com/s/files/1/0912/9351/6071/files/img_fe2b4e3c_20240113_i1705135922_9177_0_jpg.jpg?v=1758939822|https://cdn.shopify.com/s/files/1/0912/9351/6071/files/img_fe2b4e3c_20240113_i1705135922_6903_7_jpg.jpg?v=1758939822|https://cdn.shopify.com/s/files/1/0912/9351/6071/files/img_fe2b4e3c_20240113_i1705135922_4689_6_jpg.jpg?v=1758939822|https://cdn.shopify.com/s/files/1/0912/9351/6071/files/img_fe2b4e3c_20240113_i1705135922_4178_3_jpg.jpg?v=1758939822|https://cdn.shopify.com/s/files/1/0912/9351/6071/files/img_fe2b4e3c_20240113_i1705135922_4127_2_jpg.jpg?v=1758939822|https://cdn.shopify.com/s/files/1/0912/9351/6071/files/img_fe2b4e3c_20240113_i1705135922_4672_4_jpg.jpg?v=1758939822|https://cdn.shopify.com/s/files/1/0912/9351/6071/files/img_fe2b4e3c_20240113_i1705135922_494_8_jpg.jpg?v=1758939822,Hi I want FENDI BAGUETTE 27 BAG IN SAND BEIGE CALFSKIN WITH GOLD HARDWARE,
BY THE WAY SELLERIA LARGE 29 BAG IN BLACK CALFSKIN,https://cdn.shopify.com/s/files/1/0912/9351/6071/files/img_fe2b4e3c_20240902_i1725266166_9865_5_jpg.jpg?v=1758939831,handbags,fendi,https://cdn.shopify.com/s/files/1/0912/9351/6071/files/img_fe2b4e3c_20240902_i1725266166_9865_5_jpg.jpg?v=1758939831|https://cdn.shopify.com/s/files/1/0912/9351/6071/files/img_fe2b4e3c_20240902_i1725268590_2405_0_jpg.jpg?v=1758939831|https://cdn.shopify.com/s/files/1/0912/9351/6071/files/img_fe2b4e3c_20240902_i1725266166_9005_2_jpg.jpg?v=1758939831|https://cdn.shopify.com/s/files/1/0912/9351/6071/files/img_fe2b4e3c_20240902_i1725266166_6073_3_jpg.jpg?v=1758939831|https://cdn.shopify.com/s/files/1/0912/9351/6071/files/img_fe2b4e3c_20240902_i1725266166_5643_8_jpg.jpg?v=1758939831|https://cdn.shopify.com/s/files/1/0912/9351/6071/files/img_fe2b4e3c_20240902_i1725266166_7943_7_jpg.jpg?v=1758939831|https://cdn.shopify.com/s/files/1/0912/9351/6071/files/img_fe2b4e3c_20240902_i1725266166_9028_6_jpg.jpg?v=1758939831|https://cdn.shopify.com/s/files/1/0912/9351/6071/files/img_fe2b4e3c_20240902_i1725266166_1659_1_jpg.jpg?v=1758939831,Hi I want BY THE WAY SELLERIA LARGE 29 BAG IN BLACK CALFSKIN,
BY THE WAY SELLERIA SMALL 20 BAG IN BLACK CALFSKIN,https://cdn.shopify.com/s/files/1/0912/9351/6071/files/img_fe2b4e3c_20240902_i1725269439_4858_1_jpg.jpg?v=1758939842,handbags,fendi,https://cdn.shopify.com/s/files/1/0912/9351/6071/files/img_fe2b4e3c_20240902_i1725269439_4858_1_jpg.jpg?v=1758939842|https://cdn.shopify.com/s/files/1/0912/9351/6071/files/img_fe2b4e3c_20240902_i1725269439_7423_6_jpg.jpg?v=1758939842|https://cdn.shopify.com/s/files/1/0912/9351/6071/files/img_fe2b4e3c_20240902_i1725269439_6811_7_jpg.jpg?v=1758939842|https://cdn.shopify.com/s/files/1/0912/9351/6071/files/img_fe2b4e3c_20240902_i1725269439_9712_3_jpg.jpg?v=1758939842|https://cdn.shopify.com/s/files/1/0912/9351/6071/files/img_fe2b4e3c_20240902_i1725269439_2033_4_jpg.jpg?v=1758939842|https://cdn.shopify.com/s/files/1/0912/9351/6071/files/img_fe2b4e3c_20240902_i1725269439_2584_0_jpg.jpg?v=1758939842|https://cdn.shopify.com/s/files/1/0912/9351/6071/files/img_fe2b4e3c_20240902_i1725269439_4837_5_jpg.jpg?v=1758939842|https://cdn.shopify.com/s/files/1/0912/9351/6071/files/img_fe2b4e3c_20240902_i1725269439_3105_8_jpg.jpg?v=1758939842|https://cdn.shopify.com/s/files/1/0912/9351/6071/files/img_fe2b4e3c_20240902_i1725269439_1743_2_jpg.jpg?v=1758939842,Hi I want BY THE WAY SELLERIA SMALL 20 BAG IN BLACK CALFSKIN,
BY THE WAY SELLERIA LARGE 29 BAG IN CEDAR BROWN CALFSKIN,https://cdn.shopify.com/s/files/1/0912/9351/6071/files/img_fe2b4e3c_20240902_i1725268102_1771_2_jpg.jpg?v=1758939852,handbags,fendi,https://cdn.shopify.com/s/files/1/0912/9351/6071/files/img_fe2b4e3c_20240902_i1725268102_1771_2_jpg.jpg?v=1758939852|https://cdn.shopify.com/s/files/1/0912/9351/6071/files/img_fe2b4e3c_20240902_i1725268102_6875_5_jpg.jpg?v=1758939852|https://cdn.shopify.com/s/files/1/0912/9351/6071/files/img_fe2b4e3c_20240902_i1725268103_3608_7_jpg.jpg?v=1758939852|https://cdn.shopify.com/s/files/1/0912/9351/6071/files/img_fe2b4e3c_20240902_i1725268102_678_4_jpg.jpg?v=1758939852|https://cdn.shopify.com/s/files/1/0912/9351/6071/files/img_fe2b4e3c_20240902_i1725268102_8135_1_jpg.jpg?v=1758939852|https://cdn.shopify.com/s/files/1/0912/9351/6071/files/img_fe2b4e3c_20240902_i1725268103_8648_8_jpg.jpg?v=1758939852|https://cdn.shopify.com/s/files/1/0912/9351/6071/files/img_fe2b4e3c_20240902_i1725268102_3794_0_jpg.jpg?v=1758939852|https://cdn.shopify.com/s/files/1/0912/9351/6071/files/img_fe2b4e3c_20240902_i1725268102_3431_3_jpg.jpg?v=1758939852|https://cdn.shopify.com/s/files/1/0912/9351/6071/files/img_fe2b4e3c_20240902_i1725268103_1069_6_jpg.jpg?v=1758939852,Hi I want BY THE WAY SELLERIA LARGE 29 BAG IN CEDAR BROWN CALFSKIN,
Baguette 27cm Cloud Blue Lambskin Gold Hardware,https://cdn.shopify.com/s/files/1/0912/9351/6071/files/20220113_i1642050654_1204_0_jpg.jpg?v=1758939863,handbags,fendi,https://cdn.shopify.com/s/files/1/0912/9351/6071/files/20220113_i1642050654_1204_0_jpg.jpg?v=1758939863|https://cdn.shopify.com/s/files/1/0912/9351/6071/files/20220113_i1642050654_3003_8_jpg.jpg?v=1758939863|https://cdn.shopify.com/s/files/1/0912/9351/6071/files/20220113_i1642050654_4473_1_jpg.jpg?v=1758939863|https://cdn.shopify.com/s/files/1/0912/9351/6071/files/20220113_i1642050654_5536_2_jpg.jpg?v=1758939863|https://cdn.shopify.com/s/files/1/0912/9351/6071/files/20220113_i1642050654_5751_5_jpg.jpg?v=1758939863|https://cdn.shopify.com/s/files/1/0912/9351/6071/files/20220113_i1642050654_6528_3_jpg.jpg?v=1758939863|https://cdn.shopify.com/s/files/1/0912/9351/6071/files/20220113_i1642050654_8177_6_jpg.jpg?v=1758939863|https://cdn.shopify.com/s/files/1/0912/9351/6071/files/20220113_i1642050654_8500_4_jpg.jpg?v=1758939863|https://cdn.shopify.com/s/files/1/0912/9351/6071/files/20220113_i1642050654_8516_7_jpg.jpg?v=1758939863,Hi I want Baguette 27cm Cloud Blue Lambskin Gold Hardware,
Baguette 27cm Pink Lambskin Gold Hardware,https://cdn.shopify.com/s/files/1/0912/9351/6071/files/20220113_i1642050926_7128_0_jpg.jpg?v=1758939878,handbags,fendi,https://cdn.shopify.com/s/files/1/0912/9351/6071/files/20220113_i1642050926_7128_0_jpg.jpg?v=1758939878|https://cdn.shopify.com/s/files/1/0912/9351/6071/files/20220113_i1642050926_1914_6_jpg.jpg?v=1758939878|https://cdn.shopify.com/s/files/1/0912/9351/6071/files/20220113_i1642050926_2559_2_jpg.jpg?v=1758939878|https://cdn.shopify.com/s/files/1/0912/9351/6071/files/20220113_i1642050926_4371_3_jpg.jpg?v=1758939878|https://cdn.shopify.com/s/files/1/0912/9351/6071/files/20220113_i1642050926_4742_8_jpg.jpg?v=1758939878|https://cdn.shopify.com/s/files/1/0912/9351/6071/files/20220113_i1642050926_5144_4_jpg.jpg?v=1758939878|https://cdn.shopify.com/s/files/1/0912/9351/6071/files/20220113_i1642050926_7137_7_jpg.jpg?v=1758939878|https://cdn.shopify.com/s/files/1/0912/9351/6071/files/20220113_i1642050926_8626_1_jpg.jpg?v=1758939878|https://cdn.shopify.com/s/files/1/0912/9351/6071/files/20220113_i1642050926_8986_5_jpg.jpg?v=1758939878,Hi I want Baguette 27cm Pink Lambskin Gold Hardware,
Baguette 27cm Tiffany Blue Lambskin Gold Hardware,https://cdn.shopify.com/s/files/1/0912/9351/6071/files/20230110_i1673326665_3019_0_jpg.jpg?v=1758939899,handbags,fendi,https://cdn.shopify.com/s/files/1/0912/9351/6071/files/20230110_i1673326665_3019_0_jpg.jpg?v=1758939899|https://cdn.shopify.com/s/files/1/0912/9351/6071/files/20230110_i1673326665_1324_1_jpg.jpg?v=1758939899|https://cdn.shopify.com/s/files/1/0912/9351/6071/files/20230110_i1673326665_2901_3_jpg.jpg?v=1758939899|https://cdn.shopify.com/s/files/1/0912/9351/6071/files/20230110_i1673326665_4161_5_jpg.jpg?v=1758939899|https://cdn.shopify.com/s/files/1/0912/9351/6071/files/20230110_i1673326665_4328_8_jpg.jpg?v=1758939899|https://cdn.shopify.com/s/files/1/0912/9351/6071/files/20230110_i1673326665_591_2_jpg.jpg?v=1758939899|https://cdn.shopify.com/s/files/1/0912/9351/6071/files/20230110_i1673326665_7705_6_jpg.jpg?v=1758939899|https://cdn.shopify.com/s/files/1/0912/9351/6071/files/20230110_i1673326665_8020_4_jpg.jpg?v=1758939899|https://cdn.shopify.com/s/files/1/0912/9351/6071/files/20230110_i1673326665_9194_7_jpg.jpg?v=1758939899,Hi I want Baguette 27cm Tiffany Blue Lambskin Gold Hardware,
Baguette 27cm Fluorescent green Lambskin Gold Hardware,https://cdn.shopify.com/s/files/1/0912/9351/6071/files/20221228_i1672214275_6672_0_jpg.jpg?v=1758939909,handbags,fendi,https://cdn.shopify.com/s/files/1/0912/9351/6071/files/20221228_i1672214275_6672_0_jpg.jpg?v=1758939909|https://cdn.shopify.com/s/files/1/0912/9351/6071/files/20221228_i1672214275_2331_8_jpg.jpg?v=1758939909|https://cdn.shopify.com/s/files/1/0912/9351/6071/files/20221228_i1672214275_650_7_jpg.jpg?v=1758939909|https://cdn.shopify.com/s/files/1/0912/9351/6071/files/20221228_i1672214275_7312_6_jpg.jpg?v=1758939909|https://cdn.shopify.com/s/files/1/0912/9351/6071/files/20221228_i1672214275_8070_5_jpg.jpg?v=1758939909|https://cdn.shopify.com/s/files/1/0912/9351/6071/files/20221228_i1672214275_8587_3_jpg.jpg?v=1758939909|https://cdn.shopify.com/s/files/1/0912/9351/6071/files/20221228_i1672214275_8868_2_jpg.jpg?v=1758939909|https://cdn.shopify.com/s/files/1/0912/9351/6071/files/20221228_i1672214275_9564_4_jpg.jpg?v=1758939909,Hi I want Baguette 27cm Fluorescent green Lambskin Gold Hardware,
Baguette 27cm Violet Lambskin Gold Hardware,https://cdn.shopify.com/s/files/1/0912/9351/6071/files/20221228_i1672213730_9522_0_jpg.jpg?v=1758939919,handbags,fendi,https://cdn.shopify.com/s/files/1/0912/9351/6071/files/20221228_i1672213730_9522_0_jpg.jpg?v=1758939919|https://cdn.shopify.com/s/files/1/0912/9351/6071/files/20221228_i1672213730_1512_4_jpg.jpg?v=1758939920|https://cdn.shopify.com/s/files/1/0912/9351/6071/files/20221228_i1672213730_236_3_jpg.jpg?v=1758939920|https://cdn.shopify.com/s/files/1/0912/9351/6071/files/20221228_i1672213730_296_6_jpg.jpg?v=1758939920|https://cdn.shopify.com/s/files/1/0912/9351/6071/files/20221228_i1672213730_2976_8_jpg.jpg?v=1758939920|https://cdn.shopify.com/s/files/1/0912/9351/6071/files/20221228_i1672213730_4067_5_jpg.jpg?v=1758939920|https://cdn.shopify.com/s/files/1/0912/9351/6071/files/20221228_i1672213730_4958_2_jpg.jpg?v=1758939920|https://cdn.shopify.com/s/files/1/0912/9351/6071/files/20221228_i1672213730_5544_1_jpg.jpg?v=1758939920|https://cdn.shopify.com/s/files/1/0912/9351/6071/files/20221228_i1672213730_6587_7_jpg.jpg?v=1758939920,Hi I want Baguette 27cm Violet Lambskin Gold Hardware,
Baguette 27cm Green Lambskin Gold Hardware,https://cdn.shopify.com/s/files/1/0912/9351/6071/files/20230508_i1683530198_9673_0_jpg.jpg?v=1758939930,handbags,fendi,https://cdn.shopify.com/s/files/1/0912/9351/6071/files/20230508_i1683530198_9673_0_jpg.jpg?v=1758939930|https://cdn.shopify.com/s/files/1/0912/9351/6071/files/20230508_i1683530198_2493_6_jpg.jpg?v=1758939930|https://cdn.shopify.com/s/files/1/0912/9351/6071/files/20230508_i1683530198_4387_2_jpg.jpg?v=1758939930|https://cdn.shopify.com/s/files/1/0912/9351/6071/files/20230508_i1683530198_7092_3_jpg.jpg?v=1758939930|https://cdn.shopify.com/s/files/1/0912/9351/6071/files/20230508_i1683530198_5901_8_jpg.jpg?v=1758939930|https://cdn.shopify.com/s/files/1/0912/9351/6071/files/20230508_i1683530198_8959_4_jpg.jpg?v=1758939930|https://cdn.shopify.com/s/files/1/0912/9351/6071/files/20230508_i1683530198_9647_7_jpg.jpg?v=1758939930|https://cdn.shopify.com/s/files/1/0912/9351/6071/files/20230508_i1683530198_9736_5_jpg.jpg?v=1758939930|https://cdn.shopify.com/s/files/1/0912/9351/6071/files/20230508_i1683530198_9840_1_jpg.jpg?v=1758939930,Hi I want Baguette 27cm Green Lambskin Gold Hardware,
Baguette 27cm Red Lambskin Gold Hardware,https://cdn.shopify.com/s/files/1/0912/9351/6071/files/20220819_i1660894614_91_0_jpg.jpg?v=1758939940,handbags,fendi,https://cdn.shopify.com/s/files/1/0912/9351/6071/files/20220819_i1660894614_91_0_jpg.jpg?v=1758939940|https://cdn.shopify.com/s/files/1/0912/9351/6071/files/20220819_i1660894614_2414_7_jpg.jpg?v=1758939940|https://cdn.shopify.com/s/files/1/0912/9351/6071/files/20220819_i1660894614_3478_1_jpg.jpg?v=1758939940|https://cdn.shopify.com/s/files/1/0912/9351/6071/files/20220819_i1660894614_5404_4_jpg.jpg?v=1758939940|https://cdn.shopify.com/s/files/1/0912/9351/6071/files/20220819_i1660894614_7095_2_jpg.jpg?v=1758939940|https://cdn.shopify.com/s/files/1/0912/9351/6071/files/20220819_i1660894614_8832_6_jpg.jpg?v=1758939940|https://cdn.shopify.com/s/files/1/0912/9351/6071/files/20220819_i1660894614_886_3_jpg.jpg?v=1758939940|https://cdn.shopify.com/s/files/1/0912/9351/6071/files/20220819_i1660894614_9107_5_jpg.jpg?v=1758939940,Hi I want Baguette 27cm Red Lambskin Gold Hardware,
Baguette 27cm Powder Blue Lambskin Gold Hardware,https://cdn.shopify.com/s/files/1/0912/9351/6071/files/20220724_i1658642874_99_0_jpg.jpg?v=1758939950,handbags,fendi,https://cdn.shopify.com/s/files/1/0912/9351/6071/files/20220724_i1658642874_99_0_jpg.jpg?v=1758939950|https://cdn.shopify.com/s/files/1/0912/9351/6071/files/20220724_i1658642874_2617_6_jpg.jpg?v=1758939950|https://cdn.shopify.com/s/files/1/0912/9351/6071/files/20220724_i1658642874_2816_5_jpg.jpg?v=1758939950|https://cdn.shopify.com/s/files/1/0912/9351/6071/files/20220724_i1658642874_4943_1_jpg.jpg?v=1758939950|https://cdn.shopify.com/s/files/1/0912/9351/6071/files/20220724_i1658642874_5589_8_jpg.jpg?v=1758939950|https://cdn.shopify.com/s/files/1/0912/9351/6071/files/20220724_i1658642874_8134_2_jpg.jpg?v=1758939950|https://cdn.shopify.com/s/files/1/0912/9351/6071/files/20220724_i1658642874_8628_4_jpg.jpg?v=1758939950|https://cdn.shopify.com/s/files/1/0912/9351/6071/files/20220724_i1658642874_9400_3_jpg.jpg?v=1758939950|https://cdn.shopify.com/s/files/1/0912/9351/6071/files/20220724_i1658642874_9858_7_jpg.jpg?v=1758939950,Hi I want Baguette 27cm Powder Blue Lambskin Gold Hardware,
Baguette 27cm Blue Lambskin Gold Hardware,https://cdn.shopify.com/s/files/1/0912/9351/6071/files/20230318_i1679133526_9962_0_jpg.jpg?v=1758939959,handbags,fendi,https://cdn.shopify.com/s/files/1/0912/9351/6071/files/20230318_i1679133526_9962_0_jpg.jpg?v=1758939959|https://cdn.shopify.com/s/files/1/0912/9351/6071/files/20230318_i1679133526_1241_2_jpg.jpg?v=1758939959|https://cdn.shopify.com/s/files/1/0912/9351/6071/files/20230318_i1679133526_1254_3_jpg.jpg?v=1758939959|https://cdn.shopify.com/s/files/1/0912/9351/6071/files/20230318_i1679133526_1617_4_jpg.jpg?v=1758939959|https://cdn.shopify.com/s/files/1/0912/9351/6071/files/20230318_i1679133526_1630_6_jpg.jpg?v=1758939959|https://cdn.shopify.com/s/files/1/0912/9351/6071/files/20230318_i1679133526_2052_1_jpg.jpg?v=1758939959|https://cdn.shopify.com/s/files/1/0912/9351/6071/files/20230318_i1679133526_3124_5_jpg.jpg?v=1758939959|https://cdn.shopify.com/s/files/1/0912/9351/6071/files/20230318_i1679133526_4127_7_jpg.jpg?v=1758939959|https://cdn.shopify.com/s/files/1/0912/9351/6071/files/20230318_i1679133526_8532_8_jpg.jpg?v=1758939959,Hi I want Baguette 27cm Blue Lambskin Gold Hardware,
Baguette 27cm Brown Lambskin Gold Hardware,https://cdn.shopify.com/s/files/1/0912/9351/6071/files/20230704_i1688467615_2269_0_jpg.jpg?v=1758939970,handbags,fendi,https://cdn.shopify.com/s/files/1/0912/9351/6071/files/20230704_i1688467615_2269_0_jpg.jpg?v=1758939970|https://cdn.shopify.com/s/files/1/0912/9351/6071/files/20230704_i1688467615_2106_3_jpg.jpg?v=1758939970|https://cdn.shopify.com/s/files/1/0912/9351/6071/files/20230704_i1688467615_2437_8_jpg.jpg?v=1758939970|https://cdn.shopify.com/s/files/1/0912/9351/6071/files/20230704_i1688467615_3244_1_jpg.jpg?v=1758939970|https://cdn.shopify.com/s/files/1/0912/9351/6071/files/20230704_i1688467615_3998_6_jpg.jpg?v=1758939970|https://cdn.shopify.com/s/files/1/0912/9351/6071/files/20230704_i1688467615_424_4_jpg.jpg?v=1758939970|https://cdn.shopify.com/s/files/1/0912/9351/6071/files/20230704_i1688467615_5875_2_jpg.jpg?v=1758939970|https://cdn.shopify.com/s/files/1/0912/9351/6071/files/20230704_i1688467615_7083_7_jpg.jpg?v=1758939970|https://cdn.shopify.com/s/files/1/0912/9351/6071/files/20230704_i1688467615_7478_5_jpg.jpg?v=1758939970,Hi I want Baguette 27cm Brown Lambskin Gold Hardware,
Baguette 27cm Grey Lambskin Gold Hardware,https://cdn.shopify.com/s/files/1/0912/9351/6071/files/20230602_i1685703007_8027_0_jpg.jpg?v=1758939980,handbags,fendi,https://cdn.shopify.com/s/files/1/0912/9351/6071/files/20230602_i1685703007_8027_0_jpg.jpg?v=1758939980|https://cdn.shopify.com/s/files/1/0912/9351/6071/files/20230602_i1685703007_2383_6_jpg.jpg?v=1758939980|https://cdn.shopify.com/s/files/1/0912/9351/6071/files/20230602_i1685703007_2888_7_jpg.jpg?v=1758939980|https://cdn.shopify.com/s/files/1/0912/9351/6071/files/20230602_i1685703007_4280_5_jpg.jpg?v=1758939981|https://cdn.shopify.com/s/files/1/0912/9351/6071/files/20230602_i1685703007_4631_8_jpg.jpg?v=1758939981|https://cdn.shopify.com/s/files/1/0912/9351/6071/files/20230602_i1685703007_6271_4_jpg.jpg?v=1758939981|https://cdn.shopify.com/s/files/1/0912/9351/6071/files/20230602_i1685703007_7449_1_jpg.jpg?v=1758939981|https://cdn.shopify.com/s/files/1/0912/9351/6071/files/20230602_i1685703007_7572_3_jpg.jpg?v=1758939981|https://cdn.shopify.com/s/files/1/0912/9351/6071/files/20230602_i1685703007_9794_2_jpg.jpg?v=1758939981,Hi I want Baguette 27cm Grey Lambskin Gold Hardware,
Baguette 27cm Burgundy Lambskin Gold Hardware,https://cdn.shopify.com/s/files/1/0912/9351/6071/files/20231215_i1702634198_6933_0_jpg.jpg?v=1758939994,handbags,fendi,https://cdn.shopify.com/s/files/1/0912/9351/6071/files/20231215_i1702634198_6933_0_jpg.jpg?v=1758939994|https://cdn.shopify.com/s/files/1/0912/9351/6071/files/20231215_i1702634198_1282_1_jpg.jpg?v=1758939994|https://cdn.shopify.com/s/files/1/0912/9351/6071/files/20231215_i1702634198_1545_2_jpg.jpg?v=1758939994|https://cdn.shopify.com/s/files/1/0912/9351/6071/files/20231215_i1702634198_2192_6_jpg.jpg?v=1758939994|https://cdn.shopify.com/s/files/1/0912/9351/6071/files/20231215_i1702634198_3789_7_jpg.jpg?v=1758939994|https://cdn.shopify.com/s/files/1/0912/9351/6071/files/20231215_i1702634198_4761_8_jpg.jpg?v=1758939994|https://cdn.shopify.com/s/files/1/0912/9351/6071/files/20231215_i1702634198_6521_3_jpg.jpg?v=1758939994|https://cdn.shopify.com/s/files/1/0912/9351/6071/files/20231215_i1702634198_7151_5_jpg.jpg?v=1758939994|https://cdn.shopify.com/s/files/1/0912/9351/6071/files/20231215_i1702634198_7808_4_jpg.jpg?v=1758939994,Hi I want Baguette 27cm Burgundy Lambskin Gold Hardware,
BY THE WAY MINI 18 IN AEGEAN BLUE LAMBSKIN GOLD HARDWARE,https://cdn.shopify.com/s/files/1/0912/9351/6071/files/img_77125233_20240406_i1712377311_5254_0_jpg_fc99a67a-ca63-48ba-971c-55959b206363.jpg?v=1758940025,handbags,fendi,https://cdn.shopify.com/s/files/1/0912/9351/6071/files/img_77125233_20240406_i1712377311_5254_0_jpg_fc99a67a-ca63-48ba-971c-55959b206363.jpg?v=1758940025|https://cdn.shopify.com/s/files/1/0912/9351/6071/files/img_77125233_20240406_i1712377312_9240_0_jpg_6ca619ff-eb79-413c-861b-bcc31f531dd2.jpg?v=1758940025|https://cdn.shopify.com/s/files/1/0912/9351/6071/files/img_77125233_20240406_i1712377312_9781_0_jpg_f2873570-fbf5-47eb-a7bb-815be75e6cef.jpg?v=1758940025|https://cdn.shopify.com/s/files/1/0912/9351/6071/files/img_77125233_20240406_i1712377313_1449_0_jpg_fdcd428d-227f-4057-acc6-41753aba4b03.jpg?v=1758940025|https://cdn.shopify.com/s/files/1/0912/9351/6071/files/img_77125233_20240406_i1712377313_3687_0_jpg_1cff5d1e-0e73-427d-8ebd-d9e612aff30c.jpg?v=1758940025|https://cdn.shopify.com/s/files/1/0912/9351/6071/files/img_77125233_20240406_i1712377313_4995_0_jpg_5ab3f520-5c2a-4684-bd2e-440c05569e00.jpg?v=1758940025|https://cdn.shopify.com/s/files/1/0912/9351/6071/files/img_77125233_20240406_i1712377314_1392_0_jpg_15810488-776f-472c-83b6-1e5d30f65e6d.jpg?v=1758940025|https://cdn.shopify.com/s/files/1/0912/9351/6071/files/img_77125233_20240406_i1712377314_4294_0_jpg_6a6f9797-aa72-417c-a41c-59a70120d403.jpg?v=1758940025|https://cdn.shopify.com/s/files/1/0912/9351/6071/files/img_77125233_20240406_i1712377315_6524_0_jpg_ed77851b-e7c0-4b8a-9a2d-b50f3d737936.jpg?v=1758940025,Hi I want BY THE WAY MINI 18 IN AEGEAN BLUE LAMBSKIN GOLD HARDWARE,
BY THE WAY MINI 18 IN WHITE LAMBSKIN GOLD HARDWARE,https://cdn.shopify.com/s/files/1/0912/9351/6071/files/img_77125233_20240406_i1712377486_2103_0_jpg_fc45d700-26a9-4e68-9380-e869c769f78f.jpg?v=1758940036,handbags,fendi,https://cdn.shopify.com/s/files/1/0912/9351/6071/files/img_77125233_20240406_i1712377486_2103_0_jpg_fc45d700-26a9-4e68-9380-e869c769f78f.jpg?v=1758940036|https://cdn.shopify.com/s/files/1/0912/9351/6071/files/img_77125233_20240406_i1712377486_104_1_jpg_b6bcb79e-d2a6-4c46-9ac0-ab0d1bcb45f3.jpg?v=1758940036|https://cdn.shopify.com/s/files/1/0912/9351/6071/files/img_77125233_20240406_i1712377486_440_4_jpg_203dc5fc-d997-4cbc-b00c-cf8f87b84a6b.jpg?v=1758940036|https://cdn.shopify.com/s/files/1/0912/9351/6071/files/img_77125233_20240406_i1712377486_1637_2_jpg_02699a97-7d0e-441d-830c-923c3fd4d0d0.jpg?v=1758940036|https://cdn.shopify.com/s/files/1/0912/9351/6071/files/img_77125233_20240406_i1712377486_4420_8_jpg_2bfc00d2-98ce-4ca7-bbdb-30c234cb6ee2.jpg?v=1758940036|https://cdn.shopify.com/s/files/1/0912/9351/6071/files/img_77125233_20240406_i1712377486_4779_5_jpg_ec9ea25b-9bc6-416c-974b-f9b42ae5d695.jpg?v=1758940036|https://cdn.shopify.com/s/files/1/0912/9351/6071/files/img_77125233_20240406_i1712377486_5284_7_jpg_6c1bae98-2fc5-455c-9ba8-c1b8f59f2ab7.jpg?v=1758940036|https://cdn.shopify.com/s/files/1/0912/9351/6071/files/img_77125233_20240406_i1712377486_8942_6_jpg_11388ce9-eac8-46a5-a9d1-f993541a4a08.jpg?v=1758940036|https://cdn.shopify.com/s/files/1/0912/9351/6071/files/img_77125233_20240406_i1712377486_9558_3_jpg_77b70237-1a57-4edf-8d48-94d3d05c5c92.jpg?v=1758940036,Hi I want BY THE WAY MINI 18 IN WHITE LAMBSKIN GOLD HARDWARE,
BY THE WAY MINI 18 IN ROSE FOG EMBOSSED CALFSKIN GOLD HARDWARE,https://cdn.shopify.com/s/files/1/0912/9351/6071/files/img_77125233_20240406_i1712382856_8537_5_jpg_cbd5c211-4ccc-414a-a5a7-65794e0968e2.jpg?v=1758940056,handbags,fendi,https://cdn.shopify.com/s/files/1/0912/9351/6071/files/img_77125233_20240406_i1712382856_8537_5_jpg_cbd5c211-4ccc-414a-a5a7-65794e0968e2.jpg?v=1758940056|https://cdn.shopify.com/s/files/1/0912/9351/6071/files/img_77125233_20240406_i1712382856_67_6_jpg_4bf71cc2-4512-41d2-9883-b9c978cdfe87.jpg?v=1758940056|https://cdn.shopify.com/s/files/1/0912/9351/6071/files/img_77125233_20240406_i1712382856_1728_2_jpg_33939e2a-8576-4b5a-97fc-fb756f0c4563.jpg?v=1758940056|https://cdn.shopify.com/s/files/1/0912/9351/6071/files/img_77125233_20240406_i1712382856_2128_8_jpg_829be6a2-2cec-4e04-8c01-8ffdc4dda748.jpg?v=1758940056|https://cdn.shopify.com/s/files/1/0912/9351/6071/files/img_77125233_20240406_i1712382856_4414_1_jpg_8e82d2b7-1110-44e0-adbd-52775a758db4.jpg?v=1758940057|https://cdn.shopify.com/s/files/1/0912/9351/6071/files/img_77125233_20240406_i1712382856_4936_4_jpg_203fdc6f-0f60-4afd-b33b-c87059663d5c.jpg?v=1758940057|https://cdn.shopify.com/s/files/1/0912/9351/6071/files/img_77125233_20240406_i1712382856_5418_7_jpg_a998ccdf-f32d-4f77-92bd-f0eaa38449fe.jpg?v=1758940057|https://cdn.shopify.com/s/files/1/0912/9351/6071/files/img_77125233_20240406_i1712382856_6710_3_jpg_8b0353e9-57ca-4624-8522-ba62ef0fc7d0.jpg?v=1758940057|https://cdn.shopify.com/s/files/1/0912/9351/6071/files/img_77125233_20240406_i1712382856_9269_0_jpg_da874722-f5e3-4118-bc34-7b15545c0836.jpg?v=1758940057,Hi I want BY THE WAY MINI 18 IN ROSE FOG EMBOSSED CALFSKIN GOLD HARDWARE,
BY THE WAY MINI 18 IN BLACK EMBOSSED CALFSKIN GOLD HARDWARE,https://cdn.shopify.com/s/files/1/0912/9351/6071/files/img_77125233_20240406_i1712383543_3173_5_jpg_c5944fce-8502-492b-b7ea-9f115a5de416.jpg?v=1758940067,handbags,fendi,https://cdn.shopify.com/s/files/1/0912/9351/6071/files/img_77125233_20240406_i1712383543_3173_5_jpg_c5944fce-8502-492b-b7ea-9f115a5de416.jpg?v=1758940067|https://cdn.shopify.com/s/files/1/0912/9351/6071/files/img_77125233_20240406_i1712383543_2091_0_jpg_23393aef-00b8-409e-9d3d-492c8aa1168c.jpg?v=1758940067|https://cdn.shopify.com/s/files/1/0912/9351/6071/files/img_77125233_20240406_i1712383543_3485_7_jpg_fe7a9094-9583-4c44-b308-c9df8128f3e4.jpg?v=1758940067|https://cdn.shopify.com/s/files/1/0912/9351/6071/files/img_77125233_20240406_i1712383543_3950_8_jpg_5d5f30c8-5c24-4dd0-9016-695febfc085b.jpg?v=1758940067|https://cdn.shopify.com/s/files/1/0912/9351/6071/files/img_77125233_20240406_i1712383543_5234_1_jpg_6d7cb08c-6666-4db9-9dfd-4ff258c709bb.jpg?v=1758940067|https://cdn.shopify.com/s/files/1/0912/9351/6071/files/img_77125233_20240406_i1712383543_8018_4_jpg_70e14a03-278f-4d1f-a902-0ab77a5bd2c8.jpg?v=1758940067|https://cdn.shopify.com/s/files/1/0912/9351/6071/files/img_77125233_20240406_i1712383543_8935_3_jpg_3d2237a2-198d-4cd9-af2e-63c13ae23440.jpg?v=1758940067|https://cdn.shopify.com/s/files/1/0912/9351/6071/files/img_77125233_20240406_i1712383543_9578_6_jpg_ded11478-8d0a-47e8-9e6a-aaea6ebc7a34.jpg?v=1758940067|https://cdn.shopify.com/s/files/1/0912/9351/6071/files/img_77125233_20240406_i1712383543_9991_2_jpg_2f962dee-f003-485a-a7fc-da7b3686ad55.jpg?v=1758940067,Hi I want BY THE WAY MINI 18 IN BLACK EMBOSSED CALFSKIN GOLD HARDWARE,
BY THE WAY MINI 18 IN SOYA BEAN JACQUARD FABRIC AND BROWN CALFSKIN TRIM,https://cdn.shopify.com/s/files/1/0912/9351/6071/files/img_77125233_20240406_i1712383940_3508_1_jpg_0edaf7ed-c64e-4879-bc1e-d47620e4c8d3.jpg?v=1758940076,handbags,fendi,https://cdn.shopify.com/s/files/1/0912/9351/6071/files/img_77125233_20240406_i1712383940_3508_1_jpg_0edaf7ed-c64e-4879-bc1e-d47620e4c8d3.jpg?v=1758940076|https://cdn.shopify.com/s/files/1/0912/9351/6071/files/img_77125233_20240406_i1712383940_863_7_jpg_80e142ef-7402-498d-8377-27fc98a760e4.jpg?v=1758940077|https://cdn.shopify.com/s/files/1/0912/9351/6071/files/img_77125233_20240406_i1712383940_2001_2_jpg_c63b99b9-0108-4abb-a787-9680c96ad969.jpg?v=1758940077|https://cdn.shopify.com/s/files/1/0912/9351/6071/files/img_77125233_20240406_i1712383940_2063_0_jpg_36fa7ac5-a3a6-407b-a79b-67d3bca3957c.jpg?v=1758940077|https://cdn.shopify.com/s/files/1/0912/9351/6071/files/img_77125233_20240406_i1712383940_2600_8_jpg_6fbfdb92-9c8e-4040-9ffa-f613a77d925f.jpg?v=1758940077|https://cdn.shopify.com/s/files/1/0912/9351/6071/files/img_77125233_20240406_i1712383940_3951_3_jpg_ac8880ce-4e2d-4b34-b647-eb66b67d4218.jpg?v=1758940077|https://cdn.shopify.com/s/files/1/0912/9351/6071/files/img_77125233_20240406_i1712383940_4851_5_jpg_037cd65e-15b0-4697-b1f9-9de3f93dc8b3.jpg?v=1758940077|https://cdn.shopify.com/s/files/1/0912/9351/6071/files/img_77125233_20240406_i1712383940_5965_6_jpg_08b1a33b-0d07-466f-9660-ab1844bfcba3.jpg?v=1758940077|https://cdn.shopify.com/s/files/1/0912/9351/6071/files/img_77125233_20240406_i1712383940_7343_4_jpg_577dd1a0-7ab7-4a7b-8f2e-8f2370f1d72a.jpg?v=1758940077,Hi I want BY THE WAY MINI 18 IN SOYA BEAN JACQUARD FABRIC AND BROWN CALFSKIN TRIM,
BAGUETTE 24 IN WHITE WOOL AND CAMEL BROWN RAFFIA CALFSKIN TRIM,https://cdn.shopify.com/s/files/1/0912/9351/6071/files/img_f6bf40bb_20231105_i1699162903_1400_0_jpg_20a84354-ab7a-481f-983e-d0d4d1989929.jpg?v=1758940108,handbags,fendi,https://cdn.shopify.com/s/files/1/0912/9351/6071/files/img_f6bf40bb_20231105_i1699162903_1400_0_jpg_20a84354-ab7a-481f-983e-d0d4d1989929.jpg?v=1758940108|https://cdn.shopify.com/s/files/1/0912/9351/6071/files/img_f6bf40bb_20231105_i1699162903_149_3_jpg_0e06b3ed-8138-4733-884a-d42ece019e17.jpg?v=1758940108|https://cdn.shopify.com/s/files/1/0912/9351/6071/files/img_f6bf40bb_20231105_i1699162903_4975_5_jpg_bcc3bc4d-8d0c-4e3e-997e-e7db2665eba9.jpg?v=1758940108|https://cdn.shopify.com/s/files/1/0912/9351/6071/files/img_f6bf40bb_20231105_i1699162903_6535_4_jpg_eb011fd0-5cc8-4321-abbe-2f0b99e1a7ee.jpg?v=1758940108|https://cdn.shopify.com/s/files/1/0912/9351/6071/files/img_f6bf40bb_20231105_i1699162903_6831_2_jpg_5777c412-cc2a-4e16-ab76-02aa7e09d213.jpg?v=1758940108|https://cdn.shopify.com/s/files/1/0912/9351/6071/files/img_f6bf40bb_20231105_i1699162903_7075_6_jpg_3c787aa3-8e53-42a4-ac2d-d51915f5ef35.jpg?v=1758940108|https://cdn.shopify.com/s/files/1/0912/9351/6071/files/img_f6bf40bb_20231105_i1699162903_7405_7_jpg_dcddd9be-e7b8-4782-ba89-02ebbb8ca30e.jpg?v=1758940108|https://cdn.shopify.com/s/files/1/0912/9351/6071/files/img_f6bf40bb_20231105_i1699162903_8838_8_jpg_a69749e8-a6fc-4827-98fd-f44597212f7c.jpg?v=1758940108|https://cdn.shopify.com/s/files/1/0912/9351/6071/files/img_f6bf40bb_20231105_i1699162903_9827_1_jpg_379da519-4e90-4d0d-b22a-affc9f4d77d7.jpg?v=1758940108,Hi I want BAGUETTE 24 IN WHITE WOOL AND CAMEL BROWN RAFFIA CALFSKIN TRIM,
BY THE WAY MINI 18 IN WHITE WOOL AND CAMEL BROWN RAFFIA CALFSKIN TRIM,https://cdn.shopify.com/s/files/1/0912/9351/6071/files/img_f6bf40bb_20231107_i1699338938_7627_0_jpg_3f3dfe2f-0d7d-4f88-baad-559e77ec5c16.jpg?v=1758940118,handbags,fendi,https://cdn.shopify.com/s/files/1/0912/9351/6071/files/img_f6bf40bb_20231107_i1699338938_7627_0_jpg_3f3dfe2f-0d7d-4f88-baad-559e77ec5c16.jpg?v=1758940118|https://cdn.shopify.com/s/files/1/0912/9351/6071/files/img_f6bf40bb_20231107_i1699338938_161_3_jpg_17ea654b-c337-4379-89e0-750961d26cef.jpg?v=1758940118|https://cdn.shopify.com/s/files/1/0912/9351/6071/files/img_f6bf40bb_20231107_i1699338938_291_1_jpg_4262abac-e618-4f2b-a5e3-2d1016fb6726.jpg?v=1758940118|https://cdn.shopify.com/s/files/1/0912/9351/6071/files/img_f6bf40bb_20231107_i1699338938_1055_8_jpg_66f5bb43-7ab2-4adf-ba9d-1ba74bc4c567.jpg?v=1758940118|https://cdn.shopify.com/s/files/1/0912/9351/6071/files/img_f6bf40bb_20231107_i1699338938_1686_4_jpg_71304ff7-6f7c-4215-a868-f8c763b0920b.jpg?v=1758940118|https://cdn.shopify.com/s/files/1/0912/9351/6071/files/img_f6bf40bb_20231107_i1699338938_1753_2_jpg_26fb1a7c-466f-4d40-a3f0-b146e5325b6a.jpg?v=1758940118|https://cdn.shopify.com/s/files/1/0912/9351/6071/files/img_f6bf40bb_20231107_i1699338938_3291_6_jpg_8001677b-d1ad-49d0-928c-37552e1c22d8.jpg?v=1758940118|https://cdn.shopify.com/s/files/1/0912/9351/6071/files/img_f6bf40bb_20231107_i1699338938_5408_5_jpg_52339ace-ccc9-4f9c-8527-32e65656bd2a.jpg?v=1758940118|https://cdn.shopify.com/s/files/1/0912/9351/6071/files/img_f6bf40bb_20231107_i1699338938_8273_7_jpg_84ed6fe0-4f5e-426f-a86b-351374c412f8.jpg?v=1758940118,Hi I want BY THE WAY MINI 18 IN WHITE WOOL AND CAMEL BROWN RAFFIA CALFSKIN TRIM,
MINI SUNSHINE 18 IN WHITE WOOL AND CAMEL BROWN RAFFIA CALFSKIN TRIM,https://cdn.shopify.com/s/files/1/0912/9351/6071/files/img_f6bf40bb_20231118_i1700290885_5416_3_jpg_272cbb6c-396f-49ec-a878-6bab00b25e58.jpg?v=1758940128,handbags,fendi,https://cdn.shopify.com/s/files/1/0912/9351/6071/files/img_f6bf40bb_20231118_i1700290885_5416_3_jpg_272cbb6c-396f-49ec-a878-6bab00b25e58.jpg?v=1758940128|https://cdn.shopify.com/s/files/1/0912/9351/6071/files/img_f6bf40bb_20231118_i1700290885_2096_0_jpg_2447a38e-2816-432b-afdb-1317d98ce281.jpg?v=1758940128|https://cdn.shopify.com/s/files/1/0912/9351/6071/files/img_f6bf40bb_20231118_i1700290885_3355_8_jpg_2fb84434-fcba-4c75-afa6-f721fe84e719.jpg?v=1758940128|https://cdn.shopify.com/s/files/1/0912/9351/6071/files/img_f6bf40bb_20231118_i1700290885_3583_2_jpg_dd87ebb7-c0d8-41c9-8dd8-e924acce6b0e.jpg?v=1758940128|https://cdn.shopify.com/s/files/1/0912/9351/6071/files/img_f6bf40bb_20231118_i1700290885_7100_5_jpg_d40fb3f1-8490-46c5-8ebb-cf6e6d61c935.jpg?v=1758940128|https://cdn.shopify.com/s/files/1/0912/9351/6071/files/img_f6bf40bb_20231118_i1700290885_7867_7_jpg_c7b3abce-0bda-4941-b0cc-81e0ebc369be.jpg?v=1758940128|https://cdn.shopify.com/s/files/1/0912/9351/6071/files/img_f6bf40bb_20231118_i1700290885_8225_4_jpg_75504565-a3a0-49a0-94f6-9e1d64357865.jpg?v=1758940128|https://cdn.shopify.com/s/files/1/0912/9351/6071/files/img_f6bf40bb_20231118_i1700290885_8478_1_jpg_a21bdc36-1576-4e5f-994c-088460ce048a.jpg?v=1758940128|https://cdn.shopify.com/s/files/1/0912/9351/6071/files/img_f6bf40bb_20231118_i1700290885_9947_6_jpg_cff8ffee-60b1-4376-90b3-981c84e326c3.jpg?v=1758940128,Hi I want MINI SUNSHINE 18 IN WHITE WOOL AND CAMEL BROWN RAFFIA CALFSKIN TRIM,
MON TRESOR 18 IN BLACK CALFSKIN AND MESH,https://cdn.shopify.com/s/files/1/0912/9351/6071/files/20210402_a1617346889737_2080_jpg.jpg?v=1758940138,handbags,fendi,https://cdn.shopify.com/s/files/1/0912/9351/6071/files/20210402_a1617346889737_2080_jpg.jpg?v=1758940138|https://cdn.shopify.com/s/files/1/0912/9351/6071/files/20210402_a1617346890276_8541_jpg.jpg?v=1758940138|https://cdn.shopify.com/s/files/1/0912/9351/6071/files/20210402_a1617346890514_3533_jpg.jpg?v=1758940138|https://cdn.shopify.com/s/files/1/0912/9351/6071/files/20210402_a1617346890759_1227_jpg.jpg?v=1758940138|https://cdn.shopify.com/s/files/1/0912/9351/6071/files/20210402_a1617346891131_8711_jpg.jpg?v=1758940138|https://cdn.shopify.com/s/files/1/0912/9351/6071/files/20210402_a1617346891525_2861_jpg.jpg?v=1758940138|https://cdn.shopify.com/s/files/1/0912/9351/6071/files/20210402_a1617346892139_4018_jpg.jpg?v=1758940138|https://cdn.shopify.com/s/files/1/0912/9351/6071/files/20210402_a1617346892142_8453_jpg.jpg?v=1758940138|https://cdn.shopify.com/s/files/1/0912/9351/6071/files/20210402_a1617346892144_7823_jpg.jpg?v=1758940138,Hi I want MON TRESOR 18 IN BLACK CALFSKIN AND MESH,
FENDIGRAPHY MINI 16 IN BEIGE STRAW AND BROWN CALFSKIN TRIM GOLD HARDWARE,https://cdn.shopify.com/s/files/1/0912/9351/6071/files/20230625_i1687671246_3264_4_jpg.jpg?v=1758940147,handbags,fendi,https://cdn.shopify.com/s/files/1/0912/9351/6071/files/20230625_i1687671246_3264_4_jpg.jpg?v=1758940147|https://cdn.shopify.com/s/files/1/0912/9351/6071/files/20230625_i1687671246_2470_2_jpg.jpg?v=1758940148|https://cdn.shopify.com/s/files/1/0912/9351/6071/files/20230625_i1687671246_3058_3_jpg.jpg?v=1758940148|https://cdn.shopify.com/s/files/1/0912/9351/6071/files/20230625_i1687671246_3586_0_jpg.jpg?v=1758940148|https://cdn.shopify.com/s/files/1/0912/9351/6071/files/20230625_i1687671246_4083_1_jpg.jpg?v=1758940148|https://cdn.shopify.com/s/files/1/0912/9351/6071/files/20230625_i1687671275_7371_0_jpg.jpg?v=1758940148|https://cdn.shopify.com/s/files/1/0912/9351/6071/files/20230625_i1687671336_3385_0_jpg.jpg?v=1758940148|https://cdn.shopify.com/s/files/1/0912/9351/6071/files/20230625_i1687671387_4002_0_jpg.jpg?v=1758940148,Hi I want FENDIGRAPHY MINI 16 IN BEIGE STRAW AND BROWN CALFSKIN TRIM GOLD HARDWARE,
FENDIGRAPHY MEDIUM 29 IN QUEEN SMOOTH LAMBSKIN GOLD HARDWARE,https://cdn.shopify.com/s/files/1/0912/9351/6071/files/img_77125233_20240325_i1711342869_6953_0_jpg.jpg?v=1758940168,handbags,fendi,https://cdn.shopify.com/s/files/1/0912/9351/6071/files/img_77125233_20240325_i1711342869_6953_0_jpg.jpg?v=1758940168|https://cdn.shopify.com/s/files/1/0912/9351/6071/files/img_77125233_20240325_i1711342869_325_0_jpg.jpg?v=1758940168|https://cdn.shopify.com/s/files/1/0912/9351/6071/files/img_77125233_20240325_i1711342869_591_0_jpg.jpg?v=1758940168|https://cdn.shopify.com/s/files/1/0912/9351/6071/files/img_77125233_20240325_i1711342869_2200_0_jpg.jpg?v=1758940168|https://cdn.shopify.com/s/files/1/0912/9351/6071/files/img_77125233_20240325_i1711342869_3195_0_jpg.jpg?v=1758940168|https://cdn.shopify.com/s/files/1/0912/9351/6071/files/img_77125233_20240325_i1711342869_3609_0_jpg.jpg?v=1758940168|https://cdn.shopify.com/s/files/1/0912/9351/6071/files/img_77125233_20240325_i1711342869_4423_0_jpg.jpg?v=1758940168|https://cdn.shopify.com/s/files/1/0912/9351/6071/files/img_77125233_20240325_i1711342869_7931_0_jpg.jpg?v=1758940168|https://cdn.shopify.com/s/files/1/0912/9351/6071/files/img_77125233_20240325_i1711342870_7569_0_jpg.jpg?v=1758940168,Hi I want FENDIGRAPHY MEDIUM 29 IN QUEEN SMOOTH LAMBSKIN GOLD HARDWARE,
FENDIGRAPHY MEDIUM 29 IN BRIGHT PINK SMOOTH LAMBSKIN GOLD HARDWARE,https://cdn.shopify.com/s/files/1/0912/9351/6071/files/img_77125233_20240325_i1711343199_4139_4_jpg.jpg?v=1758940178,handbags,fendi,https://cdn.shopify.com/s/files/1/0912/9351/6071/files/img_77125233_20240325_i1711343199_4139_4_jpg.jpg?v=1758940178|https://cdn.shopify.com/s/files/1/0912/9351/6071/files/img_77125233_20240325_i1711343199_98_1_jpg.jpg?v=1758940178|https://cdn.shopify.com/s/files/1/0912/9351/6071/files/img_77125233_20240325_i1711343199_3338_3_jpg.jpg?v=1758940178|https://cdn.shopify.com/s/files/1/0912/9351/6071/files/img_77125233_20240325_i1711343199_3611_2_jpg.jpg?v=1758940178|https://cdn.shopify.com/s/files/1/0912/9351/6071/files/img_77125233_20240325_i1711343199_5910_6_jpg.jpg?v=1758940178|https://cdn.shopify.com/s/files/1/0912/9351/6071/files/img_77125233_20240325_i1711343199_9644_0_jpg.jpg?v=1758940178|https://cdn.shopify.com/s/files/1/0912/9351/6071/files/img_77125233_20240325_i1711343199_9931_5_jpg.jpg?v=1758940178|https://cdn.shopify.com/s/files/1/0912/9351/6071/files/img_77125233_20240325_i1711343200_3746_8_jpg.jpg?v=1758940178|https://cdn.shopify.com/s/files/1/0912/9351/6071/files/img_77125233_20240325_i1711343200_5632_7_jpg.jpg?v=1758940178,Hi I want FENDIGRAPHY MEDIUM 29 IN BRIGHT PINK SMOOTH LAMBSKIN GOLD HARDWARE,
FENDIGRAPHY MEDIUM 29 IN GOLD METALLIC SMOOTH LAMBSKIN GOLD HARDWARE,https://cdn.shopify.com/s/files/1/0912/9351/6071/files/img_77125233_20240325_i1711343051_7030_8_jpg.jpg?v=1758940190,handbags,fendi,https://cdn.shopify.com/s/files/1/0912/9351/6071/files/img_77125233_20240325_i1711343051_7030_8_jpg.jpg?v=1758940190|https://cdn.shopify.com/s/files/1/0912/9351/6071/files/img_77125233_20240325_i1711343051_3045_3_jpg.jpg?v=1758940190|https://cdn.shopify.com/s/files/1/0912/9351/6071/files/img_77125233_20240325_i1711343051_7230_1_jpg.jpg?v=1758940190|https://cdn.shopify.com/s/files/1/0912/9351/6071/files/img_77125233_20240325_i1711343051_8683_4_jpg.jpg?v=1758940190|https://cdn.shopify.com/s/files/1/0912/9351/6071/files/img_77125233_20240325_i1711343051_1176_5_jpg.jpg?v=1758940190|https://cdn.shopify.com/s/files/1/0912/9351/6071/files/img_77125233_20240325_i1711343051_1249_6_jpg.jpg?v=1758940190|https://cdn.shopify.com/s/files/1/0912/9351/6071/files/img_77125233_20240325_i1711343051_3245_2_jpg.jpg?v=1758940190|https://cdn.shopify.com/s/files/1/0912/9351/6071/files/img_77125233_20240325_i1711343051_5001_7_jpg.jpg?v=1758940190|https://cdn.shopify.com/s/files/1/0912/9351/6071/files/img_77125233_20240325_i1711343051_8248_0_jpg.jpg?v=1758940190,Hi I want FENDIGRAPHY MEDIUM 29 IN GOLD METALLIC SMOOTH LAMBSKIN GOLD HARDWARE,
FENDIGRAPHY MEDIUM 29 IN SILVER METALLIC SMOOTH LAMBSKIN GOLD HARDWARE,https://cdn.shopify.com/s/files/1/0912/9351/6071/files/img_77125233_20240325_i1711352245_5814_3_jpg.jpg?v=1758940200,handbags,fendi,https://cdn.shopify.com/s/files/1/0912/9351/6071/files/img_77125233_20240325_i1711352245_5814_3_jpg.jpg?v=1758940200|https://cdn.shopify.com/s/files/1/0912/9351/6071/files/img_77125233_20240325_i1711352245_327_5_jpg.jpg?v=1758940200|https://cdn.shopify.com/s/files/1/0912/9351/6071/files/img_77125233_20240325_i1711352245_1732_0_jpg.jpg?v=1758940200|https://cdn.shopify.com/s/files/1/0912/9351/6071/files/img_77125233_20240325_i1711352245_2578_1_jpg.jpg?v=1758940200|https://cdn.shopify.com/s/files/1/0912/9351/6071/files/img_77125233_20240325_i1711352245_2623_4_jpg.jpg?v=1758940200|https://cdn.shopify.com/s/files/1/0912/9351/6071/files/img_77125233_20240325_i1711352245_7170_6_jpg.jpg?v=1758940200|https://cdn.shopify.com/s/files/1/0912/9351/6071/files/img_77125233_20240325_i1711352263_5806_2_jpg.jpg?v=1758940200|https://cdn.shopify.com/s/files/1/0912/9351/6071/files/img_77125233_20240325_i1711352263_8315_1_jpg.jpg?v=1758940200|https://cdn.shopify.com/s/files/1/0912/9351/6071/files/img_77125233_20240325_i1711352263_9347_0_jpg.jpg?v=1758940200,Hi I want FENDIGRAPHY MEDIUM 29 IN SILVER METALLIC SMOOTH LAMBSKIN GOLD HARDWARE,
FENDIGRAPHY MEDIUM 29 IN BLACK SMOOTH LAMBSKIN GOLD HARDWARE,https://cdn.shopify.com/s/files/1/0912/9351/6071/files/img_77125233_20240325_i1711343288_1801_3_jpg.jpg?v=1758940211,handbags,fendi,https://cdn.shopify.com/s/files/1/0912/9351/6071/files/img_77125233_20240325_i1711343288_1801_3_jpg.jpg?v=1758940211|https://cdn.shopify.com/s/files/1/0912/9351/6071/files/img_77125233_20240325_i1711343288_1851_1_jpg.jpg?v=1758940211|https://cdn.shopify.com/s/files/1/0912/9351/6071/files/img_77125233_20240325_i1711343288_3858_2_jpg.jpg?v=1758940212|https://cdn.shopify.com/s/files/1/0912/9351/6071/files/img_77125233_20240325_i1711343288_5268_0_jpg.jpg?v=1758940212|https://cdn.shopify.com/s/files/1/0912/9351/6071/files/img_77125233_20240325_i1711343288_690_8_jpg.jpg?v=1758940212|https://cdn.shopify.com/s/files/1/0912/9351/6071/files/img_77125233_20240325_i1711343288_876_4_jpg.jpg?v=1758940212|https://cdn.shopify.com/s/files/1/0912/9351/6071/files/img_77125233_20240325_i1711343288_912_5_jpg.jpg?v=1758940212|https://cdn.shopify.com/s/files/1/0912/9351/6071/files/img_77125233_20240325_i1711343288_2389_6_jpg.jpg?v=1758940212|https://cdn.shopify.com/s/files/1/0912/9351/6071/files/img_77125233_20240325_i1711343288_2843_7_jpg.jpg?v=1758940212,Hi I want FENDIGRAPHY MEDIUM 29 IN BLACK SMOOTH LAMBSKIN GOLD HARDWARE,
FENDIGRAPHY MEDIUM 29 IN WHITE AND ORANGE TRIM SMOOTH LAMBSKIN GOLD HARDWARE,https://cdn.shopify.com/s/files/1/0912/9351/6071/files/img_77125233_20240325_i1711351189_2684_3_jpg.jpg?v=1758940222,handbags,fendi,https://cdn.shopify.com/s/files/1/0912/9351/6071/files/img_77125233_20240325_i1711351189_2684_3_jpg.jpg?v=1758940222|https://cdn.shopify.com/s/files/1/0912/9351/6071/files/img_77125233_20240325_i1711351189_1666_2_jpg.jpg?v=1758940222|https://cdn.shopify.com/s/files/1/0912/9351/6071/files/img_77125233_20240325_i1711351189_2571_1_jpg.jpg?v=1758940222|https://cdn.shopify.com/s/files/1/0912/9351/6071/files/img_77125233_20240325_i1711351189_5872_6_jpg.jpg?v=1758940222|https://cdn.shopify.com/s/files/1/0912/9351/6071/files/img_77125233_20240325_i1711351189_7129_4_jpg.jpg?v=1758940222|https://cdn.shopify.com/s/files/1/0912/9351/6071/files/img_77125233_20240325_i1711351189_7791_7_jpg.jpg?v=1758940222|https://cdn.shopify.com/s/files/1/0912/9351/6071/files/img_77125233_20240325_i1711351189_8766_5_jpg.jpg?v=1758940222|https://cdn.shopify.com/s/files/1/0912/9351/6071/files/img_77125233_20240325_i1711351189_9974_8_jpg.jpg?v=1758940222|https://cdn.shopify.com/s/files/1/0912/9351/6071/files/img_77125233_20240325_i1711351189_2859_0_jpg.jpg?v=1758940222,Hi I want FENDIGRAPHY MEDIUM 29 IN WHITE AND ORANGE TRIM SMOOTH LAMBSKIN GOLD HARDWARE,
FENDIGRAPHY MEDIUM 29 IN BISQUE SMOOTH LAMBSKIN GOLD HARDWARE,https://cdn.shopify.com/s/files/1/0912/9351/6071/files/img_77125233_20240325_i1711351269_3047_6_jpg.jpg?v=1758940233,handbags,fendi,https://cdn.shopify.com/s/files/1/0912/9351/6071/files/img_77125233_20240325_i1711351269_3047_6_jpg.jpg?v=1758940233|https://cdn.shopify.com/s/files/1/0912/9351/6071/files/img_77125233_20240325_i1711351268_60_2_jpg.jpg?v=1758940233|https://cdn.shopify.com/s/files/1/0912/9351/6071/files/img_77125233_20240325_i1711351268_4197_0_jpg.jpg?v=1758940234|https://cdn.shopify.com/s/files/1/0912/9351/6071/files/img_77125233_20240325_i1711351268_7928_1_jpg.jpg?v=1758940234|https://cdn.shopify.com/s/files/1/0912/9351/6071/files/img_77125233_20240325_i1711351268_9190_4_jpg.jpg?v=1758940234|https://cdn.shopify.com/s/files/1/0912/9351/6071/files/img_77125233_20240325_i1711351269_3108_5_jpg.jpg?v=1758940234|https://cdn.shopify.com/s/files/1/0912/9351/6071/files/img_77125233_20240325_i1711351269_8869_8_jpg.jpg?v=1758940234|https://cdn.shopify.com/s/files/1/0912/9351/6071/files/img_77125233_20240325_i1711351268_4232_3_jpg.jpg?v=1758940234|https://cdn.shopify.com/s/files/1/0912/9351/6071/files/img_77125233_20240325_i1711351269_6172_7_jpg.jpg?v=1758940234,Hi I want FENDIGRAPHY MEDIUM 29 IN BISQUE SMOOTH LAMBSKIN GOLD HARDWARE,
FENDIGRAPHY MEDIUM 29 IN WHITE SMOOTH LAMBSKIN GOLD HARDWARE,https://cdn.shopify.com/s/files/1/0912/9351/6071/files/img_77125233_20240325_i1711351538_2079_0_jpg.jpg?v=1758940244,handbags,fendi,https://cdn.shopify.com/s/files/1/0912/9351/6071/files/img_77125233_20240325_i1711351538_2079_0_jpg.jpg?v=1758940244|https://cdn.shopify.com/s/files/1/0912/9351/6071/files/img_77125233_20240325_i1711351538_3046_1_jpg.jpg?v=1758940244|https://cdn.shopify.com/s/files/1/0912/9351/6071/files/img_77125233_20240325_i1711351538_5576_2_jpg.jpg?v=1758940244|https://cdn.shopify.com/s/files/1/0912/9351/6071/files/img_77125233_20240325_i1711351539_3324_6_jpg.jpg?v=1758940244|https://cdn.shopify.com/s/files/1/0912/9351/6071/files/img_77125233_20240325_i1711351539_3626_4_jpg.jpg?v=1758940244|https://cdn.shopify.com/s/files/1/0912/9351/6071/files/img_77125233_20240325_i1711351539_3711_7_jpg.jpg?v=1758940244|https://cdn.shopify.com/s/files/1/0912/9351/6071/files/img_77125233_20240325_i1711351539_7283_5_jpg.jpg?v=1758940244|https://cdn.shopify.com/s/files/1/0912/9351/6071/files/img_77125233_20240325_i1711351539_9351_3_jpg.jpg?v=1758940244,Hi I want FENDIGRAPHY MEDIUM 29 IN WHITE SMOOTH LAMBSKIN GOLD HARDWARE,
FENDIGRAPHY SMALL 29 IN WHITE MIX BLACK SMOOTH CALFSKIN SILVER HARDWARE,https://cdn.shopify.com/s/files/1/0912/9351/6071/files/20230130_i1675066974_719_0_jpg.jpg?v=1758940280,handbags,fendi,https://cdn.shopify.com/s/files/1/0912/9351/6071/files/20230130_i1675066974_719_0_jpg.jpg?v=1758940280|https://cdn.shopify.com/s/files/1/0912/9351/6071/files/20230130_i1675066974_50_5_jpg.jpg?v=1758940280|https://cdn.shopify.com/s/files/1/0912/9351/6071/files/20230130_i1675066974_541_7_jpg.jpg?v=1758940280|https://cdn.shopify.com/s/files/1/0912/9351/6071/files/20230130_i1675066974_1108_3_jpg.jpg?v=1758940280|https://cdn.shopify.com/s/files/1/0912/9351/6071/files/20230130_i1675066974_3015_8_jpg.jpg?v=1758940280|https://cdn.shopify.com/s/files/1/0912/9351/6071/files/20230130_i1675066974_6348_1_jpg.jpg?v=1758940280|https://cdn.shopify.com/s/files/1/0912/9351/6071/files/20230130_i1675066974_6656_4_jpg.jpg?v=1758940280|https://cdn.shopify.com/s/files/1/0912/9351/6071/files/20230130_i1675066974_7643_6_jpg.jpg?v=1758940280|https://cdn.shopify.com/s/files/1/0912/9351/6071/files/20230130_i1675066974_8125_2_jpg.jpg?v=1758940280,Hi I want FENDIGRAPHY SMALL 29 IN WHITE MIX BLACK SMOOTH CALFSKIN SILVER HARDWARE,
FENDIGRAPHY MINI 16 IN WHITE MIX BLACK SMOOTH CALFSKIN SILVER HARDWARE,https://cdn.shopify.com/s/files/1/0912/9351/6071/files/20230130_i1675067039_9615_0_jpg.jpg?v=1758940290,handbags,fendi,https://cdn.shopify.com/s/files/1/0912/9351/6071/files/20230130_i1675067039_9615_0_jpg.jpg?v=1758940290|https://cdn.shopify.com/s/files/1/0912/9351/6071/files/20230130_i1675067039_183_8_jpg.jpg?v=1758940290|https://cdn.shopify.com/s/files/1/0912/9351/6071/files/20230130_i1675067039_1944_7_jpg.jpg?v=1758940290|https://cdn.shopify.com/s/files/1/0912/9351/6071/files/20230130_i1675067039_3183_2_jpg.jpg?v=1758940290|https://cdn.shopify.com/s/files/1/0912/9351/6071/files/20230130_i1675067039_5400_4_jpg.jpg?v=1758940290|https://cdn.shopify.com/s/files/1/0912/9351/6071/files/20230130_i1675067039_5500_6_jpg.jpg?v=1758940290|https://cdn.shopify.com/s/files/1/0912/9351/6071/files/20230130_i1675067039_5783_1_jpg.jpg?v=1758940290|https://cdn.shopify.com/s/files/1/0912/9351/6071/files/20230130_i1675067039_8219_5_jpg.jpg?v=1758940290|https://cdn.shopify.com/s/files/1/0912/9351/6071/files/20230130_i1675067039_9111_3_jpg.jpg?v=1758940290,Hi I want FENDIGRAPHY MINI 16 IN WHITE MIX BLACK SMOOTH CALFSKIN SILVER HARDWARE,
SIMPLY MINI 22 IN BLACK GRAINED CALFSKIN,https://cdn.shopify.com/s/files/1/0912/9351/6071/files/img_ae76a800_20240903_i1725293697_8223_2_jpg.jpg?v=1779530561,handbags,fendi,https://cdn.shopify.com/s/files/1/0912/9351/6071/files/img_ae76a800_20240903_i1725293697_8223_2_jpg.jpg?v=1779530561|https://cdn.shopify.com/s/files/1/0912/9351/6071/files/img_ae76a800_20240903_i1725293697_3226_0_jpg.jpg?v=1779530561|https://cdn.shopify.com/s/files/1/0912/9351/6071/files/img_ae76a800_20240903_i1725293697_5020_4_jpg.jpg?v=1779530561|https://cdn.shopify.com/s/files/1/0912/9351/6071/files/img_ae76a800_20240903_i1725293697_5429_8_jpg.jpg?v=1779530561|https://cdn.shopify.com/s/files/1/0912/9351/6071/files/img_ae76a800_20240903_i1725293697_5687_6_jpg.jpg?v=1779530561|https://cdn.shopify.com/s/files/1/0912/9351/6071/files/img_ae76a800_20240903_i1725293697_6495_7_jpg.jpg?v=1779530562|https://cdn.shopify.com/s/files/1/0912/9351/6071/files/img_ae76a800_20240903_i1725293697_7878_1_jpg.jpg?v=1779530560|https://cdn.shopify.com/s/files/1/0912/9351/6071/files/img_ae76a800_20240903_i1725293697_8052_3_jpg.jpg?v=1779530561|https://cdn.shopify.com/s/files/1/0912/9351/6071/files/img_ae76a800_20240903_i1725293697_8475_5_jpg.jpg?v=1779530561,Hi I want SIMPLY MINI 22 IN BLACK GRAINED CALFSKIN,
SIMPLY MINI 22 IN BRONZE BROWN GRAINED CALFSKIN,https://cdn.shopify.com/s/files/1/0912/9351/6071/files/img_ae76a800_20240903_i1725293762_3499_7_jpg.jpg?v=1758940309,handbags,fendi,https://cdn.shopify.com/s/files/1/0912/9351/6071/files/img_ae76a800_20240903_i1725293762_3499_7_jpg.jpg?v=1758940309|https://cdn.shopify.com/s/files/1/0912/9351/6071/files/img_ae76a800_20240903_i1725293762_865_0_jpg.jpg?v=1758940309|https://cdn.shopify.com/s/files/1/0912/9351/6071/files/img_ae76a800_20240903_i1725293762_1514_2_jpg.jpg?v=1758940309|https://cdn.shopify.com/s/files/1/0912/9351/6071/files/img_ae76a800_20240903_i1725293762_3864_8_jpg.jpg?v=1758940309|https://cdn.shopify.com/s/files/1/0912/9351/6071/files/img_ae76a800_20240903_i1725293762_4986_6_jpg.jpg?v=1758940309|https://cdn.shopify.com/s/files/1/0912/9351/6071/files/img_ae76a800_20240903_i1725293762_6399_3_jpg.jpg?v=1758940309|https://cdn.shopify.com/s/files/1/0912/9351/6071/files/img_ae76a800_20240903_i1725293762_7762_1_jpg.jpg?v=1758940309|https://cdn.shopify.com/s/files/1/0912/9351/6071/files/img_ae76a800_20240903_i1725293762_4928_4_jpg.jpg?v=1758940309|https://cdn.shopify.com/s/files/1/0912/9351/6071/files/img_ae76a800_20240903_i1725293762_8606_5_jpg.jpg?v=1758940309,Hi I want SIMPLY MINI 22 IN BRONZE BROWN GRAINED CALFSKIN,
CLUTCH 22 WITH FF MOTIF IN DARK GRAY TEXTURED FABRIC AND BLACK LAMBSKIN TRIM,https://cdn.shopify.com/s/files/1/0912/9351/6071/files/img_9e3257fd_20231201_i1701405940_1358_0_jpg.jpg?v=1758940329,handbags,fendi,https://cdn.shopify.com/s/files/1/0912/9351/6071/files/img_9e3257fd_20231201_i1701405940_1358_0_jpg.jpg?v=1758940329|https://cdn.shopify.com/s/files/1/0912/9351/6071/files/img_9e3257fd_20231201_i1701405940_2684_2_jpg.jpg?v=1758940329|https://cdn.shopify.com/s/files/1/0912/9351/6071/files/img_9e3257fd_20231201_i1701405940_2778_5_jpg.jpg?v=1758940329|https://cdn.shopify.com/s/files/1/0912/9351/6071/files/img_9e3257fd_20231201_i1701405940_3582_8_jpg.jpg?v=1758940329|https://cdn.shopify.com/s/files/1/0912/9351/6071/files/img_9e3257fd_20231201_i1701405940_6378_7_jpg.jpg?v=1758940329|https://cdn.shopify.com/s/files/1/0912/9351/6071/files/img_9e3257fd_20231201_i1701405940_6623_6_jpg.jpg?v=1758940329|https://cdn.shopify.com/s/files/1/0912/9351/6071/files/img_9e3257fd_20231201_i1701405940_8690_1_jpg.jpg?v=1758940329|https://cdn.shopify.com/s/files/1/0912/9351/6071/files/img_9e3257fd_20231201_i1701405940_8900_3_jpg.jpg?v=1758940329|https://cdn.shopify.com/s/files/1/0912/9351/6071/files/img_9e3257fd_20231201_i1701405940_9226_4_jpg.jpg?v=1758940329,Hi I want CLUTCH 22 WITH FF MOTIF IN DARK GRAY TEXTURED FABRIC AND BLACK LAMBSKIN TRIM,
PEEKABOO ISEEU 27 IN WHITE SMOOTH CALFSKIN WITH WOVEN TRIM GOLD HARDWARE,https://cdn.shopify.com/s/files/1/0912/9351/6071/files/20230217_i1676620325_7380_0_jpg.jpg?v=1758940359,handbags,fendi,https://cdn.shopify.com/s/files/1/0912/9351/6071/files/20230217_i1676620325_7380_0_jpg.jpg?v=1758940359|https://cdn.shopify.com/s/files/1/0912/9351/6071/files/20230217_i1676620325_280_6_jpg.jpg?v=1758940359|https://cdn.shopify.com/s/files/1/0912/9351/6071/files/20230217_i1676620325_1727_4_jpg.jpg?v=1758940359|https://cdn.shopify.com/s/files/1/0912/9351/6071/files/20230217_i1676620325_5479_1_jpg.jpg?v=1758940359|https://cdn.shopify.com/s/files/1/0912/9351/6071/files/20230217_i1676620325_5772_3_jpg.jpg?v=1758940359|https://cdn.shopify.com/s/files/1/0912/9351/6071/files/20230217_i1676620325_7798_5_jpg.jpg?v=1758940359|https://cdn.shopify.com/s/files/1/0912/9351/6071/files/20230217_i1676620325_8617_2_jpg.jpg?v=1758940359|https://cdn.shopify.com/s/files/1/0912/9351/6071/files/20230217_i1676620325_9051_7_jpg.jpg?v=1758940359|https://cdn.shopify.com/s/files/1/0912/9351/6071/files/20230217_i1676620325_9817_8_jpg.jpg?v=1758940359,Hi I want PEEKABOO ISEEU 27 IN WHITE SMOOTH CALFSKIN WITH WOVEN TRIM GOLD HARDWARE,
MON TRESOR 18 IN GOLD METALLIC CALFSKIN,https://cdn.shopify.com/s/files/1/0912/9351/6071/files/20220315_i1647326946_589_0_jpg.jpg?v=1758940381,handbags,fendi,https://cdn.shopify.com/s/files/1/0912/9351/6071/files/20220315_i1647326946_589_0_jpg.jpg?v=1758940381|https://cdn.shopify.com/s/files/1/0912/9351/6071/files/20220315_i1647326946_432_7_jpg.jpg?v=1758940381|https://cdn.shopify.com/s/files/1/0912/9351/6071/files/20220315_i1647326946_1549_4_jpg.jpg?v=1758940382|https://cdn.shopify.com/s/files/1/0912/9351/6071/files/20220315_i1647326946_2169_2_jpg.jpg?v=1758940382|https://cdn.shopify.com/s/files/1/0912/9351/6071/files/20220315_i1647326946_2231_5_jpg.jpg?v=1758940382|https://cdn.shopify.com/s/files/1/0912/9351/6071/files/20220315_i1647326946_3834_8_jpg.jpg?v=1758940382|https://cdn.shopify.com/s/files/1/0912/9351/6071/files/20220315_i1647326946_6302_1_jpg.jpg?v=1758940382|https://cdn.shopify.com/s/files/1/0912/9351/6071/files/20220315_i1647326946_7289_3_jpg.jpg?v=1758940382|https://cdn.shopify.com/s/files/1/0912/9351/6071/files/20220315_i1647326946_9031_6_jpg.jpg?v=1758940382,Hi I want MON TRESOR 18 IN GOLD METALLIC CALFSKIN,
PEEKABOO ISEEU 33 IN GOLD METALLIC CALFSKIN GOLD HARDWARE,https://cdn.shopify.com/s/files/1/0912/9351/6071/files/20220424_i1650785545_7909_1_jpg.jpg?v=1758940392,handbags,fendi,https://cdn.shopify.com/s/files/1/0912/9351/6071/files/20220424_i1650785545_7909_1_jpg.jpg?v=1758940392|https://cdn.shopify.com/s/files/1/0912/9351/6071/files/20220424_i1650785545_1568_6_jpg.jpg?v=1758940392|https://cdn.shopify.com/s/files/1/0912/9351/6071/files/20220424_i1650785545_2485_8_jpg.jpg?v=1758940392|https://cdn.shopify.com/s/files/1/0912/9351/6071/files/20220424_i1650785545_3222_3_jpg.jpg?v=1758940392|https://cdn.shopify.com/s/files/1/0912/9351/6071/files/20220424_i1650785545_5207_7_jpg.jpg?v=1758940392|https://cdn.shopify.com/s/files/1/0912/9351/6071/files/20220424_i1650785545_6162_5_jpg.jpg?v=1758940392|https://cdn.shopify.com/s/files/1/0912/9351/6071/files/20220424_i1650785545_7010_4_jpg.jpg?v=1758940392|https://cdn.shopify.com/s/files/1/0912/9351/6071/files/20220424_i1650785545_9947_2_jpg.jpg?v=1758940392,Hi I want PEEKABOO ISEEU 33 IN GOLD METALLIC CALFSKIN GOLD HARDWARE,
PEEKABOO ISEEU 27 IN BLUE BAYOUX INTERLACED CALFSKIN SILVER HARDWARE,https://cdn.shopify.com/s/files/1/0912/9351/6071/files/20230726_i1690366883_3513_0_jpg.jpg?v=1758940427,handbags,fendi,https://cdn.shopify.com/s/files/1/0912/9351/6071/files/20230726_i1690366883_3513_0_jpg.jpg?v=1758940427|https://cdn.shopify.com/s/files/1/0912/9351/6071/files/20230726_i1690366883_4163_7_jpg.jpg?v=1758940427|https://cdn.shopify.com/s/files/1/0912/9351/6071/files/20230726_i1690366883_6285_8_jpg.jpg?v=1758940427|https://cdn.shopify.com/s/files/1/0912/9351/6071/files/20230726_i1690366883_6430_4_jpg.jpg?v=1758940427|https://cdn.shopify.com/s/files/1/0912/9351/6071/files/20230726_i1690366883_7153_3_jpg.jpg?v=1758940427|https://cdn.shopify.com/s/files/1/0912/9351/6071/files/20230726_i1690366883_7271_1_jpg.jpg?v=1758940427|https://cdn.shopify.com/s/files/1/0912/9351/6071/files/20230726_i1690366883_7803_6_jpg.jpg?v=1758940427|https://cdn.shopify.com/s/files/1/0912/9351/6071/files/20230726_i1690366883_7930_2_jpg.jpg?v=1758940427|https://cdn.shopify.com/s/files/1/0912/9351/6071/files/20230726_i1690366883_8860_5_jpg.jpg?v=1758940427,Hi I want PEEKABOO ISEEU 27 IN BLUE BAYOUX INTERLACED CALFSKIN SILVER HARDWARE,
PEEKABOO ISEEU 27 IN MEDIUM BROWN INTERLACED CALFSKIN GOLD HARDWARE,https://cdn.shopify.com/s/files/1/0912/9351/6071/files/20230819_i1692427821_7983_0_jpg.jpg?v=1758940439,handbags,fendi,https://cdn.shopify.com/s/files/1/0912/9351/6071/files/20230819_i1692427821_7983_0_jpg.jpg?v=1758940439|https://cdn.shopify.com/s/files/1/0912/9351/6071/files/20230819_i1692427821_541_6_jpg.jpg?v=1758940439|https://cdn.shopify.com/s/files/1/0912/9351/6071/files/20230819_i1692427821_2045_7_jpg.jpg?v=1758940439|https://cdn.shopify.com/s/files/1/0912/9351/6071/files/20230819_i1692427821_4785_1_jpg.jpg?v=1758940439|https://cdn.shopify.com/s/files/1/0912/9351/6071/files/20230819_i1692427821_7260_8_jpg.jpg?v=1758940439|https://cdn.shopify.com/s/files/1/0912/9351/6071/files/20230819_i1692427821_7671_5_jpg.jpg?v=1758940439|https://cdn.shopify.com/s/files/1/0912/9351/6071/files/20230819_i1692427821_9082_2_jpg.jpg?v=1758940439|https://cdn.shopify.com/s/files/1/0912/9351/6071/files/20230819_i1692427821_9211_3_jpg.jpg?v=1758940439|https://cdn.shopify.com/s/files/1/0912/9351/6071/files/20230819_i1692427821_9495_4_jpg.jpg?v=1758940439,Hi I want PEEKABOO ISEEU 27 IN MEDIUM BROWN INTERLACED CALFSKIN GOLD HARDWARE,
PEEKABOO ISEEU 33 IN NAVY BLUE GRAINED CALFSKIN SILVER HARDWARE,https://cdn.shopify.com/s/files/1/0912/9351/6071/files/20220116_i1642317483_4095_0_jpg.jpg?v=1758940483,handbags,fendi,https://cdn.shopify.com/s/files/1/0912/9351/6071/files/20220116_i1642317483_4095_0_jpg.jpg?v=1758940483|https://cdn.shopify.com/s/files/1/0912/9351/6071/files/20220116_i1642317483_4747_6_jpg.jpg?v=1758940483|https://cdn.shopify.com/s/files/1/0912/9351/6071/files/20220116_i1642317483_5811_4_jpg.jpg?v=1758940483|https://cdn.shopify.com/s/files/1/0912/9351/6071/files/20220116_i1642317483_7091_3_jpg.jpg?v=1758940483|https://cdn.shopify.com/s/files/1/0912/9351/6071/files/20220116_i1642317483_9123_5_jpg.jpg?v=1758940483|https://cdn.shopify.com/s/files/1/0912/9351/6071/files/20220116_i1642317483_9452_8_jpg.jpg?v=1758940483|https://cdn.shopify.com/s/files/1/0912/9351/6071/files/20220116_i1642317483_9917_2_jpg.jpg?v=1758940483|https://cdn.shopify.com/s/files/1/0912/9351/6071/files/20220116_i1642317483_1789_7_jpg.jpg?v=1758940483|https://cdn.shopify.com/s/files/1/0912/9351/6071/files/20220116_i1642317483_5094_1_jpg.jpg?v=1758940483,Hi I want PEEKABOO ISEEU 33 IN NAVY BLUE GRAINED CALFSKIN SILVER HARDWARE,
PEEKABOO ISEEU 33 IN YELLOW GRAINED CALFSKIN SILVER HARDWARE,https://cdn.shopify.com/s/files/1/0912/9351/6071/files/20220116_i1642318150_7579_0_jpg.jpg?v=1758940492,handbags,fendi,https://cdn.shopify.com/s/files/1/0912/9351/6071/files/20220116_i1642318150_7579_0_jpg.jpg?v=1758940492|https://cdn.shopify.com/s/files/1/0912/9351/6071/files/20220116_i1642318150_2571_1_jpg.jpg?v=1758940492|https://cdn.shopify.com/s/files/1/0912/9351/6071/files/20220116_i1642318150_1777_7_jpg.jpg?v=1758940492|https://cdn.shopify.com/s/files/1/0912/9351/6071/files/20220116_i1642318150_3211_5_jpg.jpg?v=1758940492|https://cdn.shopify.com/s/files/1/0912/9351/6071/files/20220116_i1642318150_4523_6_jpg.jpg?v=1758940492|https://cdn.shopify.com/s/files/1/0912/9351/6071/files/20220116_i1642318150_6787_2_jpg.jpg?v=1758940492|https://cdn.shopify.com/s/files/1/0912/9351/6071/files/20220116_i1642318150_6975_4_jpg.jpg?v=1758940492|https://cdn.shopify.com/s/files/1/0912/9351/6071/files/20220116_i1642318150_9191_3_jpg.jpg?v=1758940492,Hi I want PEEKABOO ISEEU 33 IN YELLOW GRAINED CALFSKIN SILVER HARDWARE,
PEEKABOO ISEEU 33 IN TOBACCO BROWN GRAINED CALFSKIN SILVER HARDWARE,https://cdn.shopify.com/s/files/1/0912/9351/6071/files/20220116_i1642318046_4445_0_jpg.jpg?v=1758940500,handbags,fendi,https://cdn.shopify.com/s/files/1/0912/9351/6071/files/20220116_i1642318046_4445_0_jpg.jpg?v=1758940500|https://cdn.shopify.com/s/files/1/0912/9351/6071/files/20220116_i1642318046_1884_7_jpg.jpg?v=1758940500|https://cdn.shopify.com/s/files/1/0912/9351/6071/files/20220116_i1642318046_2326_4_jpg.jpg?v=1758940500|https://cdn.shopify.com/s/files/1/0912/9351/6071/files/20220116_i1642318046_3138_5_jpg.jpg?v=1758940501|https://cdn.shopify.com/s/files/1/0912/9351/6071/files/20220116_i1642318046_3677_1_jpg.jpg?v=1758940501|https://cdn.shopify.com/s/files/1/0912/9351/6071/files/20220116_i1642318046_3766_6_jpg.jpg?v=1758940501|https://cdn.shopify.com/s/files/1/0912/9351/6071/files/20220116_i1642318046_4947_3_jpg.jpg?v=1758940501|https://cdn.shopify.com/s/files/1/0912/9351/6071/files/20220116_i1642318046_5987_2_jpg.jpg?v=1758940501,Hi I want PEEKABOO ISEEU 33 IN TOBACCO BROWN GRAINED CALFSKIN SILVER HARDWARE,
PEEKABOO ISEEU 33 IN SANGRIA RED GRAINED CALFSKIN GOLD HARDWARE,https://cdn.shopify.com/s/files/1/0912/9351/6071/files/20220116_i1642318239_1103_0_jpg.jpg?v=1758940511,handbags,fendi,https://cdn.shopify.com/s/files/1/0912/9351/6071/files/20220116_i1642318239_1103_0_jpg.jpg?v=1758940511|https://cdn.shopify.com/s/files/1/0912/9351/6071/files/20220116_i1642318239_254_1_jpg.jpg?v=1758940511|https://cdn.shopify.com/s/files/1/0912/9351/6071/files/20220116_i1642318239_1763_7_jpg.jpg?v=1758940511|https://cdn.shopify.com/s/files/1/0912/9351/6071/files/20220116_i1642318239_1914_4_jpg.jpg?v=1758940511|https://cdn.shopify.com/s/files/1/0912/9351/6071/files/20220116_i1642318239_2416_2_jpg.jpg?v=1758940511|https://cdn.shopify.com/s/files/1/0912/9351/6071/files/20220116_i1642318239_2664_3_jpg.jpg?v=1758940511|https://cdn.shopify.com/s/files/1/0912/9351/6071/files/20220116_i1642318239_5683_8_jpg.jpg?v=1758940511|https://cdn.shopify.com/s/files/1/0912/9351/6071/files/20220116_i1642318239_6963_5_jpg.jpg?v=1758940511|https://cdn.shopify.com/s/files/1/0912/9351/6071/files/20220116_i1642318239_8672_6_jpg.jpg?v=1758940511,Hi I want PEEKABOO ISEEU 33 IN SANGRIA RED GRAINED CALFSKIN GOLD HARDWARE,
PEEKABOO ISEEU 34 IN WHITE PERFORATED CALFSKIN GOLD HARDWARE,https://cdn.shopify.com/s/files/1/0912/9351/6071/files/20220724_i1658644452_3125_5_jpg.jpg?v=1758940552,handbags,fendi,https://cdn.shopify.com/s/files/1/0912/9351/6071/files/20220724_i1658644452_3125_5_jpg.jpg?v=1758940552|https://cdn.shopify.com/s/files/1/0912/9351/6071/files/20220724_i1658644452_14_7_jpg.jpg?v=1758940552|https://cdn.shopify.com/s/files/1/0912/9351/6071/files/20220724_i1658644452_539_2_jpg.jpg?v=1758940552|https://cdn.shopify.com/s/files/1/0912/9351/6071/files/20220724_i1658644452_610_3_jpg.jpg?v=1758940552|https://cdn.shopify.com/s/files/1/0912/9351/6071/files/20220724_i1658644452_620_4_jpg.jpg?v=1758940552|https://cdn.shopify.com/s/files/1/0912/9351/6071/files/20220724_i1658644452_1110_8_jpg.jpg?v=1758940552|https://cdn.shopify.com/s/files/1/0912/9351/6071/files/20220724_i1658644452_1512_0_jpg.jpg?v=1758940552|https://cdn.shopify.com/s/files/1/0912/9351/6071/files/20220724_i1658644452_5737_6_jpg.jpg?v=1758940552|https://cdn.shopify.com/s/files/1/0912/9351/6071/files/20220724_i1658644452_8625_1_jpg.jpg?v=1758940552,Hi I want PEEKABOO ISEEU 34 IN WHITE PERFORATED CALFSKIN GOLD HARDWARE,
MON TRESOR 18 IN MULTICOLOR CANVAS WITH FF MOTIF EMBROIDERED,https://cdn.shopify.com/s/files/1/0912/9351/6071/files/img_b04fa415_20240427_i1714200012_3724_0_jpg.jpg?v=1758940574,handbags,fendi,https://cdn.shopify.com/s/files/1/0912/9351/6071/files/img_b04fa415_20240427_i1714200012_3724_0_jpg.jpg?v=1758940574|https://cdn.shopify.com/s/files/1/0912/9351/6071/files/img_b04fa415_20240427_i1714200012_1489_7_jpg.jpg?v=1758940574|https://cdn.shopify.com/s/files/1/0912/9351/6071/files/img_b04fa415_20240427_i1714200012_2353_4_jpg.jpg?v=1758940574|https://cdn.shopify.com/s/files/1/0912/9351/6071/files/img_b04fa415_20240427_i1714200012_2905_1_jpg.jpg?v=1758940574|https://cdn.shopify.com/s/files/1/0912/9351/6071/files/img_b04fa415_20240427_i1714200012_4735_8_jpg.jpg?v=1758940574|https://cdn.shopify.com/s/files/1/0912/9351/6071/files/img_b04fa415_20240427_i1714200012_7909_3_jpg.jpg?v=1758940574|https://cdn.shopify.com/s/files/1/0912/9351/6071/files/img_b04fa415_20240427_i1714200012_7956_6_jpg.jpg?v=1758940574|https://cdn.shopify.com/s/files/1/0912/9351/6071/files/img_b04fa415_20240427_i1714200012_8543_2_jpg.jpg?v=1758940574|https://cdn.shopify.com/s/files/1/0912/9351/6071/files/img_b04fa415_20240427_i1714200012_9211_5_jpg.jpg?v=1758940574,Hi I want MON TRESOR 18 IN MULTICOLOR CANVAS WITH FF MOTIF EMBROIDERED,
MON TRESOR 18 IN COLORFUL CANVAS WITH FF MOTIF EMBROIDERED,https://cdn.shopify.com/s/files/1/0912/9351/6071/files/img_b04fa415_20240427_i1714200124_8404_0_jpg.jpg?v=1758940585,handbags,fendi,https://cdn.shopify.com/s/files/1/0912/9351/6071/files/img_b04fa415_20240427_i1714200124_8404_0_jpg.jpg?v=1758940585|https://cdn.shopify.com/s/files/1/0912/9351/6071/files/img_b04fa415_20240427_i1714200124_2434_4_jpg.jpg?v=1758940585|https://cdn.shopify.com/s/files/1/0912/9351/6071/files/img_b04fa415_20240427_i1714200124_5241_6_jpg.jpg?v=1758940585|https://cdn.shopify.com/s/files/1/0912/9351/6071/files/img_b04fa415_20240427_i1714200124_6114_5_jpg.jpg?v=1758940585|https://cdn.shopify.com/s/files/1/0912/9351/6071/files/img_b04fa415_20240427_i1714200124_6137_3_jpg.jpg?v=1758940585|https://cdn.shopify.com/s/files/1/0912/9351/6071/files/img_b04fa415_20240427_i1714200124_7183_7_jpg.jpg?v=1758940585|https://cdn.shopify.com/s/files/1/0912/9351/6071/files/img_b04fa415_20240427_i1714200124_7795_8_jpg.jpg?v=1758940585|https://cdn.shopify.com/s/files/1/0912/9351/6071/files/img_b04fa415_20240427_i1714200124_8361_1_jpg.jpg?v=1758940585|https://cdn.shopify.com/s/files/1/0912/9351/6071/files/img_b04fa415_20240427_i1714200124_9522_2_jpg.jpg?v=1758940585,Hi I want MON TRESOR 18 IN COLORFUL CANVAS WITH FF MOTIF EMBROIDERED,
SHOULDER BAG 19 WITH FF MOTIF IN BROWN JACQUARD FABRIC,https://cdn.shopify.com/s/files/1/0912/9351/6071/files/20240318_i1710752169_3766_2_jpg.jpg?v=1758940595,handbags,fendi,https://cdn.shopify.com/s/files/1/0912/9351/6071/files/20240318_i1710752169_3766_2_jpg.jpg?v=1758940595|https://cdn.shopify.com/s/files/1/0912/9351/6071/files/20240318_i1710752169_5414_3_jpg.jpg?v=1758940595|https://cdn.shopify.com/s/files/1/0912/9351/6071/files/20240318_i1710752169_6714_8_jpg.jpg?v=1758940595|https://cdn.shopify.com/s/files/1/0912/9351/6071/files/20240318_i1710752169_8194_5_jpg.jpg?v=1758940595|https://cdn.shopify.com/s/files/1/0912/9351/6071/files/20240318_i1710752169_2805_1_jpg.jpg?v=1758940595|https://cdn.shopify.com/s/files/1/0912/9351/6071/files/20240318_i1710752169_5806_4_jpg.jpg?v=1758940595|https://cdn.shopify.com/s/files/1/0912/9351/6071/files/20240318_i1710752169_6409_7_jpg.jpg?v=1758940595|https://cdn.shopify.com/s/files/1/0912/9351/6071/files/20240318_i1710752169_7296_6_jpg.jpg?v=1758940595|https://cdn.shopify.com/s/files/1/0912/9351/6071/files/20240318_i1710752404_9627_0_jpg.jpg?v=1758940595,Hi I want SHOULDER BAG 19 WITH FF MOTIF IN BROWN JACQUARD FABRIC,
BAGUETTE MINI 19 IN RED SEQUINS GOLD HARDWARE,https://cdn.shopify.com/s/files/1/0912/9351/6071/files/20230328_i1679998137_1211_0_jpg.jpg?v=1758940606,handbags,fendi,https://cdn.shopify.com/s/files/1/0912/9351/6071/files/20230328_i1679998137_1211_0_jpg.jpg?v=1758940606|https://cdn.shopify.com/s/files/1/0912/9351/6071/files/20230328_i1679998137_281_5_jpg.jpg?v=1758940606|https://cdn.shopify.com/s/files/1/0912/9351/6071/files/20230328_i1679998137_831_6_jpg.jpg?v=1758940606|https://cdn.shopify.com/s/files/1/0912/9351/6071/files/20230328_i1679998137_2838_3_jpg.jpg?v=1758940606|https://cdn.shopify.com/s/files/1/0912/9351/6071/files/20230328_i1679998137_2960_8_jpg.jpg?v=1758940606|https://cdn.shopify.com/s/files/1/0912/9351/6071/files/20230328_i1679998137_5105_1_jpg.jpg?v=1758940606|https://cdn.shopify.com/s/files/1/0912/9351/6071/files/20230328_i1679998137_6834_2_jpg.jpg?v=1758940606|https://cdn.shopify.com/s/files/1/0912/9351/6071/files/20230328_i1679998137_6957_4_jpg.jpg?v=1758940606|https://cdn.shopify.com/s/files/1/0912/9351/6071/files/20230328_i1679998137_8315_7_jpg.jpg?v=1758940606,Hi I want BAGUETTE MINI 19 IN RED SEQUINS GOLD HARDWARE,
BAGUETTE MINI 19 IN BLACK SEQUINS GOLD HARDWARE,https://cdn.shopify.com/s/files/1/0912/9351/6071/files/20230221_i1676973822_9199_0_jpg.jpg?v=1758940618,handbags,fendi,https://cdn.shopify.com/s/files/1/0912/9351/6071/files/20230221_i1676973822_9199_0_jpg.jpg?v=1758940618|https://cdn.shopify.com/s/files/1/0912/9351/6071/files/20230221_i1676973822_1614_7_jpg.jpg?v=1758940618|https://cdn.shopify.com/s/files/1/0912/9351/6071/files/20230221_i1676973822_2672_3_jpg.jpg?v=1758940618|https://cdn.shopify.com/s/files/1/0912/9351/6071/files/20230221_i1676973822_7747_4_jpg.jpg?v=1758940618|https://cdn.shopify.com/s/files/1/0912/9351/6071/files/20230221_i1676973822_707_5_jpg.jpg?v=1758940618|https://cdn.shopify.com/s/files/1/0912/9351/6071/files/20230221_i1676973822_2705_6_jpg.jpg?v=1758940618|https://cdn.shopify.com/s/files/1/0912/9351/6071/files/20230221_i1676973822_5487_1_jpg.jpg?v=1758940618|https://cdn.shopify.com/s/files/1/0912/9351/6071/files/20230221_i1676973822_6105_2_jpg.jpg?v=1758940618,Hi I want BAGUETTE MINI 19 IN BLACK SEQUINS GOLD HARDWARE,
BAGUETTE MINI 19 IN BRIGHT TURQUOISE SEQUINS GOLD HARDWARE,https://cdn.shopify.com/s/files/1/0912/9351/6071/files/20230219_i1676802242_2559_0_jpg.jpg?v=1758940628,handbags,fendi,https://cdn.shopify.com/s/files/1/0912/9351/6071/files/20230219_i1676802242_2559_0_jpg.jpg?v=1758940628|https://cdn.shopify.com/s/files/1/0912/9351/6071/files/20230219_i1676802242_1463_6_jpg.jpg?v=1758940628|https://cdn.shopify.com/s/files/1/0912/9351/6071/files/20230219_i1676802242_4129_1_jpg.jpg?v=1758940628|https://cdn.shopify.com/s/files/1/0912/9351/6071/files/20230219_i1676802242_5876_5_jpg.jpg?v=1758940628|https://cdn.shopify.com/s/files/1/0912/9351/6071/files/20230219_i1676802242_7356_7_jpg.jpg?v=1758940628|https://cdn.shopify.com/s/files/1/0912/9351/6071/files/20230219_i1676802242_7711_3_jpg.jpg?v=1758940628|https://cdn.shopify.com/s/files/1/0912/9351/6071/files/20230219_i1676802242_8268_4_jpg.jpg?v=1758940628|https://cdn.shopify.com/s/files/1/0912/9351/6071/files/20230219_i1676802242_9411_8_jpg.jpg?v=1758940628|https://cdn.shopify.com/s/files/1/0912/9351/6071/files/20230219_i1676802242_9847_2_jpg.jpg?v=1758940628,Hi I want BAGUETTE MINI 19 IN BRIGHT TURQUOISE SEQUINS GOLD HARDWARE,
BAGUETTE MINI 19 IN GRAPE JELLY SEQUINS GOLD HARDWARE,https://cdn.shopify.com/s/files/1/0912/9351/6071/files/20230328_i1679998998_3596_0_jpg.jpg?v=1758940661,handbags,fendi,https://cdn.shopify.com/s/files/1/0912/9351/6071/files/20230328_i1679998998_3596_0_jpg.jpg?v=1758940661|https://cdn.shopify.com/s/files/1/0912/9351/6071/files/20230328_i1679998998_262_1_jpg.jpg?v=1758940661|https://cdn.shopify.com/s/files/1/0912/9351/6071/files/20230328_i1679998998_2287_6_jpg.jpg?v=1758940661|https://cdn.shopify.com/s/files/1/0912/9351/6071/files/20230328_i1679998998_4020_7_jpg.jpg?v=1758940661|https://cdn.shopify.com/s/files/1/0912/9351/6071/files/20230328_i1679998998_4172_3_jpg.jpg?v=1758940661|https://cdn.shopify.com/s/files/1/0912/9351/6071/files/20230328_i1679998998_4383_2_jpg.jpg?v=1758940661|https://cdn.shopify.com/s/files/1/0912/9351/6071/files/20230328_i1679998998_5057_4_jpg.jpg?v=1758940661|https://cdn.shopify.com/s/files/1/0912/9351/6071/files/20230328_i1679998998_6742_8_jpg.jpg?v=1758940661|https://cdn.shopify.com/s/files/1/0912/9351/6071/files/20230328_i1679999051_7239_0_jpg.jpg?v=1758940661,Hi I want BAGUETTE MINI 19 IN GRAPE JELLY SEQUINS GOLD HARDWARE,
BAGUETTE 27 IN BLACK CROCODILE PATTERN GLOSSY CALFSKIN GOLD HARDWARE,https://cdn.shopify.com/s/files/1/0912/9351/6071/files/20231130_i1701334695_3591_0_jpg.jpg?v=1758940682,handbags,fendi,https://cdn.shopify.com/s/files/1/0912/9351/6071/files/20231130_i1701334695_3591_0_jpg.jpg?v=1758940682|https://cdn.shopify.com/s/files/1/0912/9351/6071/files/20231130_i1701334695_484_2_jpg.jpg?v=1758940682|https://cdn.shopify.com/s/files/1/0912/9351/6071/files/20231130_i1701334695_2296_8_jpg.jpg?v=1758940682|https://cdn.shopify.com/s/files/1/0912/9351/6071/files/20231130_i1701334695_5391_3_jpg.jpg?v=1758940683|https://cdn.shopify.com/s/files/1/0912/9351/6071/files/20231130_i1701334695_5663_6_jpg.jpg?v=1758940683|https://cdn.shopify.com/s/files/1/0912/9351/6071/files/20231130_i1701334695_6929_5_jpg.jpg?v=1758940683|https://cdn.shopify.com/s/files/1/0912/9351/6071/files/20231130_i1701334695_8506_1_jpg.jpg?v=1758940683|https://cdn.shopify.com/s/files/1/0912/9351/6071/files/20231130_i1701334695_9858_7_jpg.jpg?v=1758940683|https://cdn.shopify.com/s/files/1/0912/9351/6071/files/20231130_i1701337917_6182_0_jpg.jpg?v=1758940683,Hi I want BAGUETTE 27 IN BLACK CROCODILE PATTERN GLOSSY CALFSKIN GOLD HARDWARE,
BY THE WAY SELLERIA MINI 20 IN MEDIUM BROWN GRAINED CALFSKIN,https://cdn.shopify.com/s/files/1/0912/9351/6071/files/img_fe2b4e3c_20240902_i1725268967_5933_0_jpg.jpg?v=1758940694,handbags,fendi,https://cdn.shopify.com/s/files/1/0912/9351/6071/files/img_fe2b4e3c_20240902_i1725268967_5933_0_jpg.jpg?v=1758940694|https://cdn.shopify.com/s/files/1/0912/9351/6071/files/img_fe2b4e3c_20240902_i1725268967_775_2_jpg.jpg?v=1758940695|https://cdn.shopify.com/s/files/1/0912/9351/6071/files/img_fe2b4e3c_20240902_i1725268967_1832_4_jpg.jpg?v=1758940695|https://cdn.shopify.com/s/files/1/0912/9351/6071/files/img_fe2b4e3c_20240902_i1725268967_2010_6_jpg.jpg?v=1758940695|https://cdn.shopify.com/s/files/1/0912/9351/6071/files/img_fe2b4e3c_20240902_i1725268967_7995_7_jpg.jpg?v=1758940695|https://cdn.shopify.com/s/files/1/0912/9351/6071/files/img_fe2b4e3c_20240902_i1725268967_8509_3_jpg.jpg?v=1758940695|https://cdn.shopify.com/s/files/1/0912/9351/6071/files/img_fe2b4e3c_20240902_i1725268967_9508_1_jpg.jpg?v=1758940695|https://cdn.shopify.com/s/files/1/0912/9351/6071/files/img_fe2b4e3c_20240902_i1725268968_5626_8_jpg.jpg?v=1758940695|https://cdn.shopify.com/s/files/1/0912/9351/6071/files/img_fe2b4e3c_20240902_i1725268967_1454_5_jpg.jpg?v=1758940695,Hi I want BY THE WAY SELLERIA MINI 20 IN MEDIUM BROWN GRAINED CALFSKIN,
ORIGAMI MEDIUM 27 IN WINE RED LAMBSKIN AND SUEDE,https://cdn.shopify.com/s/files/1/0912/9351/6071/files/img_14a522e7_20240918_i1726652842_3676_2_jpg.jpg?v=1758940709,handbags,fendi,https://cdn.shopify.com/s/files/1/0912/9351/6071/files/img_14a522e7_20240918_i1726652842_3676_2_jpg.jpg?v=1758940709|https://cdn.shopify.com/s/files/1/0912/9351/6071/files/img_14a522e7_20240918_i1726652843_4342_5_jpg.jpg?v=1758940709|https://cdn.shopify.com/s/files/1/0912/9351/6071/files/img_14a522e7_20240918_i1726652843_1874_6_jpg.jpg?v=1758940709|https://cdn.shopify.com/s/files/1/0912/9351/6071/files/img_14a522e7_20240918_i1726652842_1650_3_jpg.jpg?v=1758940709|https://cdn.shopify.com/s/files/1/0912/9351/6071/files/img_14a522e7_20240918_i1726652842_3617_1_jpg.jpg?v=1758940709|https://cdn.shopify.com/s/files/1/0912/9351/6071/files/img_14a522e7_20240918_i1726652842_5427_4_jpg.jpg?v=1758940709|https://cdn.shopify.com/s/files/1/0912/9351/6071/files/img_14a522e7_20240918_i1726652842_6710_0_jpg.jpg?v=1758940709|https://cdn.shopify.com/s/files/1/0912/9351/6071/files/img_14a522e7_20240918_i1726652843_7460_7_jpg.jpg?v=1758940709|https://cdn.shopify.com/s/files/1/0912/9351/6071/files/img_14a522e7_20240918_i1726652927_6092_0_jpg.jpg?v=1758940709,Hi I want ORIGAMI MEDIUM 27 IN WINE RED LAMBSKIN AND SUEDE,
ORIGAMI MEDIUM 27 IN ARMY GREEN LAMBSKIN AND SUEDE,https://cdn.shopify.com/s/files/1/0912/9351/6071/files/20240928_i1727513353_9202_0_jpg.jpg?v=1758940720,handbags,fendi,https://cdn.shopify.com/s/files/1/0912/9351/6071/files/20240928_i1727513353_9202_0_jpg.jpg?v=1758940720|https://cdn.shopify.com/s/files/1/0912/9351/6071/files/20240928_i1727513353_7686_7_jpg.jpg?v=1758940720|https://cdn.shopify.com/s/files/1/0912/9351/6071/files/20240928_i1727513353_344_8_jpg.jpg?v=1758940720|https://cdn.shopify.com/s/files/1/0912/9351/6071/files/20240928_i1727513353_4499_5_jpg.jpg?v=1758940720|https://cdn.shopify.com/s/files/1/0912/9351/6071/files/20240928_i1727513353_4736_6_jpg.jpg?v=1758940720|https://cdn.shopify.com/s/files/1/0912/9351/6071/files/20240928_i1727513353_5344_2_jpg.jpg?v=1758940720|https://cdn.shopify.com/s/files/1/0912/9351/6071/files/20240928_i1727513353_6758_4_jpg.jpg?v=1758940720|https://cdn.shopify.com/s/files/1/0912/9351/6071/files/20240928_i1727513353_8480_3_jpg.jpg?v=1758940720|https://cdn.shopify.com/s/files/1/0912/9351/6071/files/20240928_i1727513353_9952_1_jpg.jpg?v=1758940720,Hi I want ORIGAMI MEDIUM 27 IN ARMY GREEN LAMBSKIN AND SUEDE,
ORIGAMI MINI 19 IN WINE RED LAMBSKIN AND SUEDE,https://cdn.shopify.com/s/files/1/0912/9351/6071/files/img_fe2b4e3c_20240918_i1726653995_9310_7_jpg.jpg?v=1758940731,handbags,fendi,https://cdn.shopify.com/s/files/1/0912/9351/6071/files/img_fe2b4e3c_20240918_i1726653995_9310_7_jpg.jpg?v=1758940731|https://cdn.shopify.com/s/files/1/0912/9351/6071/files/img_fe2b4e3c_20240918_i1726653995_164_6_jpg.jpg?v=1758940731|https://cdn.shopify.com/s/files/1/0912/9351/6071/files/img_fe2b4e3c_20240918_i1726653995_1069_5_jpg.jpg?v=1758940731|https://cdn.shopify.com/s/files/1/0912/9351/6071/files/img_fe2b4e3c_20240918_i1726653995_2478_3_jpg.jpg?v=1758940731|https://cdn.shopify.com/s/files/1/0912/9351/6071/files/img_fe2b4e3c_20240918_i1726653995_4324_4_jpg.jpg?v=1758940731|https://cdn.shopify.com/s/files/1/0912/9351/6071/files/img_fe2b4e3c_20240918_i1726653995_4400_1_jpg.jpg?v=1758940731|https://cdn.shopify.com/s/files/1/0912/9351/6071/files/img_fe2b4e3c_20240918_i1726653995_6248_0_jpg.jpg?v=1758940731|https://cdn.shopify.com/s/files/1/0912/9351/6071/files/img_fe2b4e3c_20240918_i1726653995_8552_2_jpg.jpg?v=1758940731|https://cdn.shopify.com/s/files/1/0912/9351/6071/files/img_fe2b4e3c_20240918_i1726653995_9297_8_jpg.jpg?v=1758940731,Hi I want ORIGAMI MINI 19 IN WINE RED LAMBSKIN AND SUEDE,
ORIGAMI MINI 19 IN ARMY GREEN LAMBSKIN AND SUEDE,https://cdn.shopify.com/s/files/1/0912/9351/6071/files/20240928_i1727512802_7701_1_jpg.jpg?v=1758940742,handbags,fendi,https://cdn.shopify.com/s/files/1/0912/9351/6071/files/20240928_i1727512802_7701_1_jpg.jpg?v=1758940742|https://cdn.shopify.com/s/files/1/0912/9351/6071/files/20240928_i1727512802_2350_6_jpg.jpg?v=1758940742|https://cdn.shopify.com/s/files/1/0912/9351/6071/files/20240928_i1727512802_3082_5_jpg.jpg?v=1758940742|https://cdn.shopify.com/s/files/1/0912/9351/6071/files/20240928_i1727512802_4111_4_jpg.jpg?v=1758940742|https://cdn.shopify.com/s/files/1/0912/9351/6071/files/20240928_i1727512802_4206_7_jpg.jpg?v=1758940742|https://cdn.shopify.com/s/files/1/0912/9351/6071/files/20240928_i1727512802_4728_8_jpg.jpg?v=1758940742|https://cdn.shopify.com/s/files/1/0912/9351/6071/files/20240928_i1727512802_8346_2_jpg.jpg?v=1758940742|https://cdn.shopify.com/s/files/1/0912/9351/6071/files/20240928_i1727512802_8634_3_jpg.jpg?v=1758940742|https://cdn.shopify.com/s/files/1/0912/9351/6071/files/20240928_i1727512802_8740_0_jpg.jpg?v=1758940742,Hi I want ORIGAMI MINI 19 IN ARMY GREEN LAMBSKIN AND SUEDE,
BAGUETTE WITH FF MOTIF 27 IN EMERALD GREEN SOFT LAMBSKIN GOLD HARDWARE,https://cdn.shopify.com/s/files/1/0912/9351/6071/files/20220113_i1642051535_6237_0_jpg.jpg?v=1758940772,handbags,fendi,https://cdn.shopify.com/s/files/1/0912/9351/6071/files/20220113_i1642051535_6237_0_jpg.jpg?v=1758940772|https://cdn.shopify.com/s/files/1/0912/9351/6071/files/20220113_i1642051535_2778_3_jpg.jpg?v=1758940772|https://cdn.shopify.com/s/files/1/0912/9351/6071/files/20220113_i1642051535_6168_5_jpg.jpg?v=1758940772|https://cdn.shopify.com/s/files/1/0912/9351/6071/files/20220113_i1642051535_6780_6_jpg.jpg?v=1758940772|https://cdn.shopify.com/s/files/1/0912/9351/6071/files/20220113_i1642051535_6978_7_jpg.jpg?v=1758940772|https://cdn.shopify.com/s/files/1/0912/9351/6071/files/20220113_i1642051535_8491_2_jpg.jpg?v=1758940772|https://cdn.shopify.com/s/files/1/0912/9351/6071/files/20220113_i1642051535_9925_4_jpg.jpg?v=1758940772|https://cdn.shopify.com/s/files/1/0912/9351/6071/files/20220113_i1642051535_29_1_jpg.jpg?v=1758940772|https://cdn.shopify.com/s/files/1/0912/9351/6071/files/1586167030_138636967_0.jpg?v=1758940772,Hi I want BAGUETTE WITH FF MOTIF 27 IN EMERALD GREEN SOFT LAMBSKIN GOLD HARDWARE,
BAGUETTE WITH FF MOTIF 27 IN LIGHT PINK SOFT LAMBSKIN GOLD HARDWARE,https://cdn.shopify.com/s/files/1/0912/9351/6071/files/20220113_i1642050926_7128_0_jpg_a98e5274-5add-42e9-970f-bb2f1d02c48c.jpg?v=1758940782,handbags,fendi,https://cdn.shopify.com/s/files/1/0912/9351/6071/files/20220113_i1642050926_7128_0_jpg_a98e5274-5add-42e9-970f-bb2f1d02c48c.jpg?v=1758940782|https://cdn.shopify.com/s/files/1/0912/9351/6071/files/20220113_i1642050926_1914_6_jpg_9e6a6dd6-e16e-4e5f-9b8e-2b1ce55d9e20.jpg?v=1758940782|https://cdn.shopify.com/s/files/1/0912/9351/6071/files/20220113_i1642050926_2559_2_jpg_9bfd30a4-743c-4e39-842a-fa7c533f3bb3.jpg?v=1758940782|https://cdn.shopify.com/s/files/1/0912/9351/6071/files/20220113_i1642050926_4371_3_jpg_a0d4e440-d527-4c92-8b73-9ad0e30207f4.jpg?v=1758940782|https://cdn.shopify.com/s/files/1/0912/9351/6071/files/20220113_i1642050926_4742_8_jpg_3ccbdb75-f2d7-4165-8aa9-73d1eae9454d.jpg?v=1758940782|https://cdn.shopify.com/s/files/1/0912/9351/6071/files/20220113_i1642050926_5144_4_jpg_1a44da90-48c6-4666-b9f4-6748630480af.jpg?v=1758940782|https://cdn.shopify.com/s/files/1/0912/9351/6071/files/20220113_i1642050926_7137_7_jpg_b19f7921-74d2-44da-96c9-d20815de562e.jpg?v=1758940782|https://cdn.shopify.com/s/files/1/0912/9351/6071/files/20220113_i1642050926_8626_1_jpg_87d0c7b6-18db-41d4-9a7b-4b1bacf9951c.jpg?v=1758940782|https://cdn.shopify.com/s/files/1/0912/9351/6071/files/20220113_i1642050926_8986_5_jpg_5de5aab9-d6cc-4432-bb71-a534de25bab4.jpg?v=1758940782,Hi I want BAGUETTE WITH FF MOTIF 27 IN LIGHT PINK SOFT LAMBSKIN GOLD HARDWARE,
BAGUETTE WITH FF MOTIF 27 IN PINE CONE SOFT LAMBSKIN GOLD HARDWARE,https://cdn.shopify.com/s/files/1/0912/9351/6071/files/20220824_i1661331428_236_0_jpg_a6671e72-f9d2-4e73-86a3-b27133522869.jpg?v=1758940791,handbags,fendi,https://cdn.shopify.com/s/files/1/0912/9351/6071/files/20220824_i1661331428_236_0_jpg_a6671e72-f9d2-4e73-86a3-b27133522869.jpg?v=1758940791|https://cdn.shopify.com/s/files/1/0912/9351/6071/files/20220824_i1661331428_3152_5_jpg_f9fca8c1-6748-43cb-9252-961bd96d8f9d.jpg?v=1758940791|https://cdn.shopify.com/s/files/1/0912/9351/6071/files/20220824_i1661331428_3735_4_jpg_fe106bca-29f4-4d5f-80cc-6f71b28b48f1.jpg?v=1758940791|https://cdn.shopify.com/s/files/1/0912/9351/6071/files/20220824_i1661331428_3851_3_jpg_f2354ad3-2491-4fcb-b5cc-42f2236490b0.jpg?v=1758940791|https://cdn.shopify.com/s/files/1/0912/9351/6071/files/20220824_i1661331428_4257_7_jpg_5e4a5edb-9246-4a9c-ab67-81ff766384b6.jpg?v=1758940791|https://cdn.shopify.com/s/files/1/0912/9351/6071/files/20220824_i1661331428_5456_6_jpg_520d4e99-155d-4f9e-ab46-d9ec2ad7d7a7.jpg?v=1758940791|https://cdn.shopify.com/s/files/1/0912/9351/6071/files/20220824_i1661331428_6934_8_jpg_3dc2d44f-00da-4dfb-8c8f-ff4da0a18e80.jpg?v=1758940791|https://cdn.shopify.com/s/files/1/0912/9351/6071/files/20220824_i1661331428_8138_1_jpg_d0199985-d040-4824-8411-31bc9d8b7a88.jpg?v=1758940791|https://cdn.shopify.com/s/files/1/0912/9351/6071/files/20220824_i1661331428_8598_2_jpg_ff393619-6793-4583-9080-b9094443788c.jpg?v=1758940791,Hi I want BAGUETTE WITH FF MOTIF 27 IN PINE CONE SOFT LAMBSKIN GOLD HARDWARE,
BAGUETTE WITH FF MOTIF 27 IN TURQUOISE SOFT LAMBSKIN GOLD HARDWARE,https://cdn.shopify.com/s/files/1/0912/9351/6071/files/20230110_i1673326665_3019_0_jpg_e95b9ebd-8252-4a08-a7cd-a65dc1042029.jpg?v=1758940800,handbags,fendi,https://cdn.shopify.com/s/files/1/0912/9351/6071/files/20230110_i1673326665_3019_0_jpg_e95b9ebd-8252-4a08-a7cd-a65dc1042029.jpg?v=1758940800|https://cdn.shopify.com/s/files/1/0912/9351/6071/files/20230110_i1673326665_591_2_jpg_dc06df81-baa8-4e23-b4ca-4b8cfbd2963a.jpg?v=1758940800|https://cdn.shopify.com/s/files/1/0912/9351/6071/files/20230110_i1673326665_1324_1_jpg_da78ce22-d551-4933-a2af-79da41b17e62.jpg?v=1758940801|https://cdn.shopify.com/s/files/1/0912/9351/6071/files/20230110_i1673326665_2901_3_jpg_af386635-ed52-4f43-bb28-862a60ae0c76.jpg?v=1758940801|https://cdn.shopify.com/s/files/1/0912/9351/6071/files/20230110_i1673326665_4161_5_jpg_75a428f4-b42d-4246-8eee-088eaf1b3ae9.jpg?v=1758940801|https://cdn.shopify.com/s/files/1/0912/9351/6071/files/20230110_i1673326665_4328_8_jpg_55e4fdf7-1228-4762-8a9c-deb828201984.jpg?v=1758940801|https://cdn.shopify.com/s/files/1/0912/9351/6071/files/20230110_i1673326665_7705_6_jpg_99571aa0-5239-48f7-8620-398bf9b14a8b.jpg?v=1758940801|https://cdn.shopify.com/s/files/1/0912/9351/6071/files/20230110_i1673326665_8020_4_jpg_0d8ea161-5aa4-4e83-9c47-0358cbc29e28.jpg?v=1758940801,Hi I want BAGUETTE WITH FF MOTIF 27 IN TURQUOISE SOFT LAMBSKIN GOLD HARDWARE,
